t,x_ref,y_ref,psi_ref,u_ref,v_ref,r_ref,tau_u_ref,tau_r_ref,T1_ref,T2_ref,cmd_left_ref,cmd_right_ref
0.000000,0.000215,0.000000,0.000000,0.100000,-0.000000,-0.019897,3.683546,-0.252445,0.703261,1.138511,0.008679,0.069286
0.033333,0.003549,-0.000000,-0.000670,0.100021,0.000065,-0.020307,3.713088,-0.251607,0.711370,1.145174,0.010066,0.070052
0.066667,0.006884,-0.000000,-0.001354,0.100085,0.000129,-0.020695,3.743957,-0.248488,0.721775,1.150203,0.011827,0.070627
0.100000,0.010221,-0.000001,-0.002050,0.100191,0.000190,-0.021041,3.776140,-0.243021,0.734534,1.153536,0.013957,0.071007
0.133333,0.013563,-0.000001,-0.002756,0.100338,0.000250,-0.021345,3.809626,-0.237434,0.747722,1.157091,0.016126,0.071412
0.166667,0.016911,-0.000002,-0.003473,0.100527,0.000307,-0.021609,3.844403,-0.231755,0.761312,1.160889,0.018327,0.071843
0.200000,0.020266,-0.000004,-0.004197,0.100757,0.000363,-0.021834,3.880459,-0.226010,0.775278,1.164951,0.020556,0.072303
0.233333,0.023629,-0.000006,-0.004928,0.101027,0.000417,-0.022022,3.917781,-0.220224,0.789597,1.169293,0.022806,0.072793
0.266667,0.027001,-0.000009,-0.005665,0.101338,0.000469,-0.022173,3.956357,-0.214419,0.804246,1.173933,0.025073,0.073315
0.300000,0.030385,-0.000013,-0.006407,0.101689,0.000518,-0.022290,3.996176,-0.208615,0.819204,1.178884,0.027352,0.073870
0.333333,0.033781,-0.000018,-0.007151,0.102080,0.000566,-0.022374,4.037226,-0.202831,0.834452,1.184161,0.029640,0.074460
0.366667,0.037191,-0.000024,-0.007898,0.102509,0.000612,-0.022426,4.079495,-0.197083,0.849974,1.189773,0.031934,0.075085
0.400000,0.040616,-0.000032,-0.008646,0.102978,0.000657,-0.022448,4.122971,-0.191387,0.865754,1.195731,0.034230,0.075745
0.433333,0.044057,-0.000040,-0.009395,0.103485,0.000699,-0.022441,4.167641,-0.185755,0.881777,1.202044,0.036526,0.076442
0.466667,0.047515,-0.000050,-0.010142,0.104031,0.000740,-0.022408,4.213496,-0.180198,0.898030,1.208717,0.038820,0.077176
0.500000,0.050993,-0.000061,-0.010889,0.104615,0.000779,-0.022348,4.260521,-0.174728,0.914503,1.215758,0.041110,0.077947
0.533333,0.054490,-0.000074,-0.011632,0.105236,0.000816,-0.022265,4.308707,-0.169352,0.931184,1.223169,0.043394,0.078754
0.566667,0.058009,-0.000088,-0.012373,0.105895,0.000851,-0.022159,4.358041,-0.164077,0.948065,1.230956,0.045671,0.079597
0.600000,0.061550,-0.000105,-0.013110,0.106590,0.000885,-0.022032,4.408511,-0.158909,0.965137,1.239119,0.047940,0.080477
0.633333,0.065116,-0.000123,-0.013842,0.107322,0.000917,-0.021885,4.460106,-0.153854,0.982394,1.247659,0.050200,0.081393
0.666667,0.068706,-0.000142,-0.014569,0.108091,0.000947,-0.021720,4.512815,-0.148915,0.999829,1.256579,0.052451,0.082344
0.700000,0.072322,-0.000164,-0.015290,0.108895,0.000976,-0.021538,4.566625,-0.144095,1.017437,1.265876,0.054691,0.083329
0.733333,0.075966,-0.000188,-0.016004,0.109736,0.001003,-0.021340,4.621525,-0.139395,1.035213,1.275550,0.056920,0.084348
0.766667,0.079638,-0.000215,-0.016712,0.110611,0.001029,-0.021127,4.677504,-0.134818,1.053153,1.285598,0.059138,0.085400
0.800000,0.083341,-0.000243,-0.017413,0.111522,0.001053,-0.020901,4.734549,-0.130364,1.071255,1.296020,0.061345,0.086483
0.833333,0.087074,-0.000274,-0.018106,0.112467,0.001076,-0.020664,4.792651,-0.126032,1.089515,1.306810,0.063541,0.087598
0.866667,0.090839,-0.000307,-0.018790,0.113446,0.001097,-0.020415,4.851796,-0.121821,1.107931,1.317968,0.065725,0.088743
0.900000,0.094637,-0.000343,-0.019467,0.114460,0.001118,-0.020156,4.911975,-0.117732,1.126500,1.329487,0.067897,0.089917
0.933333,0.098470,-0.000381,-0.020134,0.115507,0.001136,-0.019888,4.973174,-0.113763,1.145222,1.341365,0.070057,0.091119
0.966667,0.102338,-0.000422,-0.020793,0.116587,0.001154,-0.019612,5.035384,-0.109910,1.164096,1.353596,0.072206,0.092347
1.000000,0.106243,-0.000466,-0.021442,0.117701,0.001170,-0.019329,5.098593,-0.106174,1.183119,1.366177,0.074344,0.093602
1.033333,0.110185,-0.000513,-0.022081,0.118847,0.001185,-0.019040,5.162789,-0.102550,1.202292,1.379103,0.076470,0.094881
1.066667,0.114166,-0.000562,-0.022711,0.120026,0.001199,-0.018745,5.227962,-0.099037,1.221614,1.392367,0.078585,0.096184
1.100000,0.118187,-0.000614,-0.023331,0.121237,0.001212,-0.018445,5.294100,-0.095632,1.241083,1.405966,0.080688,0.097509
1.133333,0.122248,-0.000670,-0.023941,0.122479,0.001224,-0.018142,5.361191,-0.092332,1.260701,1.419894,0.082781,0.098856
1.166667,0.126352,-0.000728,-0.024540,0.123753,0.001234,-0.017835,5.429226,-0.089134,1.280467,1.434146,0.084863,0.100223
1.200000,0.130498,-0.000790,-0.025130,0.125058,0.001244,-0.017525,5.498192,-0.086034,1.300381,1.448716,0.086935,0.101609
1.233333,0.134689,-0.000855,-0.025709,0.126394,0.001253,-0.017214,5.568080,-0.083031,1.320442,1.463598,0.088996,0.103014
1.266667,0.138924,-0.000923,-0.026277,0.127761,0.001260,-0.016901,5.638876,-0.080120,1.340650,1.478788,0.091047,0.104436
1.300000,0.143206,-0.000995,-0.026835,0.129157,0.001267,-0.016586,5.710572,-0.077299,1.361006,1.494280,0.093087,0.105874
1.333333,0.147534,-0.001070,-0.027383,0.130584,0.001273,-0.016271,5.783155,-0.074565,1.381509,1.510069,0.095118,0.107327
1.366667,0.151911,-0.001148,-0.027920,0.132040,0.001278,-0.015956,5.856615,-0.071914,1.402159,1.526148,0.097139,0.108795
1.400000,0.156336,-0.001230,-0.028447,0.133525,0.001282,-0.015642,5.930941,-0.069343,1.422956,1.542514,0.099150,0.110277
1.433333,0.160812,-0.001316,-0.028963,0.135039,0.001285,-0.015328,6.006122,-0.066851,1.443901,1.559160,0.101152,0.111771
1.466667,0.165338,-0.001405,-0.029469,0.136582,0.001288,-0.015015,6.082148,-0.064433,1.464991,1.576082,0.103145,0.113277
1.500000,0.169916,-0.001499,-0.029964,0.138153,0.001290,-0.014703,6.159007,-0.062086,1.486229,1.593274,0.105128,0.114793
1.533333,0.174547,-0.001595,-0.030449,0.139752,0.001291,-0.014393,6.236688,-0.059809,1.507612,1.610732,0.107102,0.116320
1.566667,0.179231,-0.001696,-0.030923,0.141379,0.001291,-0.014084,6.315182,-0.057599,1.529142,1.628450,0.109067,0.117857
1.600000,0.183971,-0.001801,-0.031388,0.143033,0.001291,-0.013778,6.394477,-0.055452,1.550816,1.646423,0.111024,0.119402
1.633333,0.188765,-0.001909,-0.031842,0.144714,0.001290,-0.013474,6.474563,-0.053366,1.572636,1.664646,0.112971,0.120955
1.666667,0.193616,-0.002022,-0.032286,0.146422,0.001288,-0.013173,6.555430,-0.051339,1.594599,1.683115,0.114910,0.122515
1.700000,0.198525,-0.002139,-0.032720,0.148157,0.001286,-0.012874,6.637066,-0.049369,1.616707,1.701826,0.116840,0.124082
1.733333,0.203491,-0.002260,-0.033144,0.149917,0.001283,-0.012578,6.719461,-0.047453,1.638958,1.720773,0.118762,0.125655
1.766667,0.208517,-0.002384,-0.033559,0.151704,0.001280,-0.012286,6.802605,-0.045589,1.661351,1.739952,0.120675,0.127233
1.800000,0.213602,-0.002514,-0.033963,0.153516,0.001276,-0.011996,6.886487,-0.043774,1.683885,1.759358,0.122580,0.128816
1.833333,0.218748,-0.002647,-0.034358,0.155353,0.001271,-0.011709,6.971096,-0.042008,1.706560,1.778988,0.124476,0.130404
1.866667,0.223956,-0.002785,-0.034744,0.157215,0.001266,-0.011426,7.056424,-0.040288,1.729375,1.798837,0.126364,0.131995
1.900000,0.229226,-0.002927,-0.035120,0.159102,0.001261,-0.011147,7.142458,-0.038612,1.752329,1.818900,0.128244,0.133589
1.933333,0.234560,-0.003073,-0.035487,0.161013,0.001255,-0.010870,7.229189,-0.036978,1.775420,1.839175,0.130116,0.135187
1.966667,0.239957,-0.003224,-0.035845,0.162949,0.001248,-0.010598,7.316607,-0.035385,1.798648,1.859656,0.131980,0.136787
2.000000,0.245419,-0.003379,-0.036194,0.164908,0.001242,-0.010329,7.404701,-0.033830,1.822011,1.880339,0.133835,0.138388
2.033333,0.250947,-0.003539,-0.036533,0.166890,0.001234,-0.010063,7.493462,-0.032314,1.845509,1.901222,0.135683,0.139991
2.066667,0.256541,-0.003703,-0.036864,0.168896,0.001227,-0.009801,7.582878,-0.030833,1.869140,1.922299,0.137523,0.141595
2.100000,0.262202,-0.003872,-0.037187,0.170925,0.001219,-0.009543,7.672941,-0.029386,1.892902,1.943568,0.139354,0.143200
2.133333,0.267931,-0.004046,-0.037501,0.172976,0.001210,-0.009289,7.763639,-0.027973,1.916795,1.965024,0.141178,0.144806
2.166667,0.273729,-0.004224,-0.037806,0.175049,0.001201,-0.009038,7.854963,-0.026592,1.940817,1.986665,0.142993,0.146411
2.200000,0.279596,-0.004407,-0.038103,0.177145,0.001192,-0.008791,7.946903,-0.025241,1.964966,2.008485,0.144801,0.148016
2.233333,0.285534,-0.004595,-0.038392,0.179262,0.001183,-0.008547,8.039449,-0.023920,1.989242,2.030483,0.146601,0.149620
2.266667,0.291542,-0.004787,-0.038673,0.181401,0.001173,-0.008308,8.132591,-0.022626,2.013642,2.052653,0.148393,0.151224
2.300000,0.297621,-0.004984,-0.038946,0.183561,0.001162,-0.008071,8.226319,-0.021360,2.038165,2.074994,0.150177,0.152826
2.333333,0.303773,-0.005186,-0.039211,0.185742,0.001152,-0.007839,8.320623,-0.020121,2.062810,2.097501,0.151954,0.154427
2.366667,0.309998,-0.005393,-0.039469,0.187943,0.001141,-0.007610,8.415494,-0.018906,2.087575,2.120172,0.153722,0.156026
2.400000,0.316296,-0.005604,-0.039718,0.190165,0.001130,-0.007385,8.510921,-0.017716,2.112458,2.143002,0.155483,0.157623
2.433333,0.322669,-0.005821,-0.039961,0.192406,0.001119,-0.007163,8.606896,-0.016548,2.137458,2.165990,0.157236,0.159218
2.466667,0.329116,-0.006042,-0.040196,0.194667,0.001107,-0.006945,8.703408,-0.015404,2.162573,2.189131,0.158982,0.160810
2.500000,0.335639,-0.006269,-0.040424,0.196948,0.001095,-0.006730,8.800447,-0.014280,2.187801,2.212423,0.160719,0.162400
2.533333,0.342238,-0.006500,-0.040645,0.199248,0.001083,-0.006519,8.898005,-0.013178,2.213141,2.235862,0.162449,0.163987
2.566667,0.348914,-0.006736,-0.040858,0.201567,0.001070,-0.006311,8.996071,-0.012096,2.238590,2.259445,0.164171,0.165571
2.600000,0.355668,-0.006978,-0.041065,0.203905,0.001057,-0.006107,9.094636,-0.011033,2.264148,2.283170,0.165885,0.167152
2.633333,0.362500,-0.007224,-0.041266,0.206260,0.001044,-0.005906,9.193690,-0.009989,2.289812,2.307033,0.167592,0.168729
2.666667,0.369410,-0.007475,-0.041459,0.208634,0.001031,-0.005708,9.293224,-0.008962,2.315580,2.331032,0.169291,0.170303
2.700000,0.376400,-0.007732,-0.041646,0.211026,0.001018,-0.005513,9.393229,-0.007953,2.341451,2.355164,0.170982,0.171873
2.733333,0.383469,-0.007993,-0.041827,0.213435,0.001004,-0.005321,9.493695,-0.006961,2.367423,2.379425,0.172666,0.173439
2.766667,0.390619,-0.008260,-0.042001,0.215862,0.000990,-0.005133,9.594613,-0.005985,2.393494,2.403813,0.174342,0.175002
2.800000,0.397850,-0.008532,-0.042169,0.218305,0.000976,-0.004948,9.695974,-0.005025,2.419662,2.428325,0.176010,0.176560
2.833333,0.405163,-0.008808,-0.042331,0.220765,0.000962,-0.004765,9.797768,-0.004079,2.445925,2.452959,0.177671,0.178114
2.866667,0.412558,-0.009090,-0.042487,0.223242,0.000947,-0.004586,9.899986,-0.003149,2.472282,2.477711,0.179324,0.179663
2.900000,0.420035,-0.009377,-0.042636,0.225735,0.000933,-0.004409,10.002618,-0.002232,2.498730,2.502579,0.180970,0.181208
2.933333,0.427596,-0.009670,-0.042780,0.228243,0.000918,-0.004236,10.105657,-0.001329,2.525269,2.527560,0.182608,0.182749
2.966667,0.435240,-0.009967,-0.042919,0.230767,0.000903,-0.004065,10.209092,-0.000439,2.551895,2.552651,0.184238,0.184284
3.000000,0.442969,-0.010270,-0.043051,0.233307,0.000888,-0.003897,10.312914,0.000438,2.578606,2.577851,0.185861,0.185815
3.033333,0.450782,-0.010577,-0.043179,0.235862,0.000872,-0.003731,10.417115,0.001303,2.605402,2.603156,0.187476,0.187341
3.066667,0.458681,-0.010890,-0.043300,0.238431,0.000857,-0.003568,10.521686,0.002156,2.632280,2.628563,0.189084,0.188863
3.100000,0.466666,-0.011208,-0.043416,0.241015,0.000841,-0.003408,10.626617,0.002998,2.659238,2.654070,0.190684,0.190379
3.133333,0.474736,-0.011532,-0.043527,0.243614,0.000825,-0.003251,10.731900,0.003828,2.686275,2.679675,0.192277,0.191889
3.166667,0.482894,-0.011860,-0.043633,0.246226,0.000809,-0.003095,10.837525,0.004647,2.713388,2.705375,0.193862,0.193395
3.200000,0.491138,-0.012194,-0.043734,0.248853,0.000793,-0.002943,10.943484,0.005456,2.740575,2.731167,0.195440,0.194895
3.233333,0.499470,-0.012533,-0.043829,0.251492,0.000776,-0.002792,11.049768,0.006255,2.767835,2.757049,0.197010,0.196391
3.266667,0.507891,-0.012877,-0.043920,0.254146,0.000760,-0.002644,11.156369,0.007045,2.795165,2.783019,0.198573,0.197880
3.300000,0.516399,-0.013226,-0.044006,0.256812,0.000743,-0.002499,11.263277,0.007824,2.822564,2.809074,0.200129,0.199364
3.333333,0.524997,-0.013580,-0.044086,0.259491,0.000726,-0.002355,11.370484,0.008595,2.850030,2.835212,0.201677,0.200843
3.366667,0.533684,-0.013940,-0.044163,0.262182,0.000709,-0.002214,11.477981,0.009356,2.877561,2.861429,0.203217,0.202316
3.400000,0.542461,-0.014305,-0.044234,0.264886,0.000692,-0.002075,11.585760,0.010109,2.905155,2.887725,0.204750,0.203783
3.433333,0.551328,-0.014675,-0.044301,0.267601,0.000674,-0.001937,11.693811,0.010854,2.932810,2.914096,0.206276,0.205245
3.466667,0.560286,-0.015050,-0.044363,0.270329,0.000657,-0.001802,11.802128,0.011590,2.960524,2.940540,0.207795,0.206701
3.500000,0.569335,-0.015430,-0.044421,0.273068,0.000639,-0.001669,11.910700,0.012319,2.988295,2.967055,0.209306,0.208151
3.533333,0.578475,-0.015816,-0.044475,0.275818,0.000622,-0.001538,12.019519,0.013040,3.016121,2.993638,0.210810,0.209595
3.566667,0.587706,-0.016206,-0.044524,0.278579,0.000604,-0.001409,12.128578,0.013754,3.044001,3.020288,0.212306,0.211034
3.600000,0.597030,-0.016602,-0.044568,0.281351,0.000586,-0.001282,12.237867,0.014460,3.071933,3.047001,0.213795,0.212467
3.633333,0.606446,-0.017003,-0.044609,0.284134,0.000568,-0.001157,12.347379,0.015160,3.099914,3.073776,0.215277,0.213893
3.666667,0.615955,-0.017409,-0.044646,0.286927,0.000549,-0.001033,12.457105,0.015853,3.127943,3.100610,0.216752,0.215314
3.700000,0.625557,-0.017820,-0.044678,0.289729,0.000531,-0.000911,12.567036,0.016539,3.156017,3.127501,0.218220,0.216729
3.733333,0.635253,-0.018236,-0.044706,0.292542,0.000512,-0.000791,12.677165,0.017220,3.184136,3.154447,0.219680,0.218138
3.766667,0.645042,-0.018658,-0.044731,0.295364,0.000494,-0.000672,12.787483,0.017894,3.212296,3.181445,0.221133,0.219540
3.800000,0.654926,-0.019084,-0.044751,0.298196,0.000475,-0.000555,12.897983,0.018562,3.240497,3.208494,0.222579,0.220937
3.833333,0.664904,-0.019515,-0.044768,0.301036,0.000456,-0.000440,13.008655,0.019224,3.268736,3.235591,0.224017,0.222328
3.866667,0.674976,-0.019952,-0.044780,0.303886,0.000437,-0.000326,13.119492,0.019881,3.297012,3.262734,0.225449,0.223712
3.900000,0.685144,-0.020393,-0.044789,0.306744,0.000418,-0.000214,13.230487,0.020533,3.325322,3.289921,0.226873,0.225091
3.933333,0.695407,-0.020840,-0.044795,0.309610,0.000398,-0.000103,13.341630,0.021179,3.353665,3.317150,0.228290,0.226463
3.966667,0.705765,-0.021291,-0.044796,0.312485,0.000379,0.000007,13.452914,0.021820,3.382039,3.344418,0.229701,0.227829
4.000000,0.716219,-0.021747,-0.044794,0.315367,0.000359,0.000115,13.564331,0.022457,3.410442,3.371724,0.231104,0.229189
4.033333,0.726770,-0.022208,-0.044789,0.318257,0.000339,0.000221,13.675873,0.023088,3.438872,3.399064,0.232500,0.230543
4.066667,0.737416,-0.022675,-0.044780,0.321154,0.000320,0.000326,13.787532,0.023715,3.467327,3.426439,0.233889,0.231890
4.100000,0.748159,-0.023146,-0.044767,0.324059,0.000300,0.000430,13.899301,0.024338,3.495806,3.453844,0.235271,0.233232
4.133333,0.758999,-0.023621,-0.044751,0.326971,0.000279,0.000533,14.011171,0.024957,3.524307,3.481278,0.236646,0.234567
4.166667,0.769937,-0.024102,-0.044731,0.329889,0.000259,0.000635,14.123135,0.025571,3.552828,3.508740,0.238013,0.235896
4.200000,0.780971,-0.024588,-0.044708,0.332814,0.000239,0.000735,14.235186,0.026181,3.581366,3.536226,0.239374,0.237218
4.233333,0.792103,-0.025078,-0.044682,0.335745,0.000218,0.000834,14.347315,0.026788,3.609922,3.563736,0.240728,0.238535
4.266667,0.803332,-0.025573,-0.044653,0.338682,0.000198,0.000932,14.459514,0.027391,3.638491,3.591266,0.242076,0.239845
4.300000,0.814660,-0.026073,-0.044620,0.341625,0.000177,0.001029,14.571778,0.027990,3.667074,3.618815,0.243416,0.241149
4.333333,0.826085,-0.026577,-0.044584,0.344574,0.000156,0.001125,14.684096,0.028586,3.695667,3.646381,0.244749,0.242446
4.366667,0.837609,-0.027086,-0.044545,0.347528,0.000135,0.001219,14.796464,0.029178,3.724269,3.673962,0.246075,0.243738
4.400000,0.849231,-0.027600,-0.044503,0.350487,0.000114,0.001313,14.908871,0.029767,3.752879,3.701557,0.247395,0.245023
4.433333,0.860952,-0.028118,-0.044458,0.353451,0.000093,0.001406,15.021313,0.030353,3.781495,3.729162,0.248707,0.246301
4.466667,0.872772,-0.028641,-0.044409,0.356420,0.000071,0.001498,15.133780,0.030936,3.810114,3.756776,0.250013,0.247574
4.500000,0.884690,-0.029168,-0.044358,0.359393,0.000050,0.001588,15.246266,0.031517,3.838736,3.784397,0.251312,0.248840
4.533333,0.896708,-0.029700,-0.044303,0.362371,0.000028,0.001678,15.358763,0.032094,3.867358,3.812023,0.252605,0.250100
4.566667,0.908825,-0.030236,-0.044246,0.365352,0.000006,0.001767,15.471264,0.032669,3.895979,3.839653,0.253890,0.251354
4.600000,0.921041,-0.030777,-0.044186,0.368338,-0.000016,0.001855,15.583762,0.033241,3.924597,3.867284,0.255169,0.252601
4.633333,0.933356,-0.031322,-0.044122,0.371327,-0.000038,0.001942,15.696249,0.033811,3.953210,3.894915,0.256441,0.253842
4.666667,0.945772,-0.031871,-0.044056,0.374319,-0.000060,0.002029,15.808718,0.034379,3.981816,3.922543,0.257706,0.255077
4.700000,0.958287,-0.032425,-0.043987,0.377315,-0.000082,0.002114,15.921163,0.034944,4.010415,3.950167,0.258964,0.256306
4.733333,0.970902,-0.032983,-0.043915,0.380314,-0.000105,0.002199,16.033576,0.035507,4.039004,3.977784,0.260216,0.257528
4.766667,0.983616,-0.033545,-0.043840,0.383315,-0.000127,0.002283,16.145950,0.036068,4.067581,4.005394,0.261461,0.258744
4.800000,0.996431,-0.034111,-0.043763,0.386320,-0.000150,0.002367,16.258278,0.036628,4.096145,4.032994,0.262700,0.259954
4.833333,1.009346,-0.034682,-0.043683,0.389326,-0.000173,0.002449,16.370553,0.037185,4.124694,4.060582,0.263932,0.261157
4.866667,1.022361,-0.035256,-0.043600,0.392335,-0.000196,0.002531,16.482769,0.037741,4.153227,4.088157,0.265157,0.262354
4.900000,1.035476,-0.035835,-0.043514,0.395345,-0.000219,0.002612,16.594917,0.038295,4.181742,4.115717,0.266376,0.263545
4.933333,1.048692,-0.036417,-0.043425,0.398358,-0.000242,0.002693,16.706992,0.038847,4.210237,4.143259,0.267588,0.264730
4.966667,1.062008,-0.037004,-0.043334,0.401371,-0.000265,0.002773,16.818987,0.039398,4.238710,4.170783,0.268793,0.265908
5.000000,1.075424,-0.037594,-0.043241,0.404387,-0.000289,0.002852,16.930894,0.039947,4.267161,4.198286,0.269992,0.267080
5.033333,1.088941,-0.038188,-0.043144,0.407403,-0.000313,0.002931,17.042707,0.040495,4.295587,4.225767,0.271184,0.268246
5.066667,1.102558,-0.038786,-0.043045,0.410420,-0.000336,0.003009,17.154420,0.041042,4.323986,4.253224,0.272370,0.269405
5.100000,1.116276,-0.039388,-0.042944,0.413438,-0.000360,0.003087,17.266025,0.041588,4.352358,4.280654,0.273550,0.270559
5.133333,1.130094,-0.039993,-0.042839,0.416457,-0.000384,0.003164,17.377516,0.042133,4.380700,4.308058,0.274722,0.271706
5.166667,1.144013,-0.040603,-0.042733,0.419476,-0.000409,0.003240,17.488886,0.042676,4.409012,4.335432,0.275889,0.272847
5.200000,1.158032,-0.041215,-0.042623,0.422495,-0.000433,0.003316,17.600130,0.043219,4.437290,4.362774,0.277049,0.273981
5.233333,1.172152,-0.041832,-0.042512,0.425514,-0.000458,0.003392,17.711240,0.043761,4.465535,4.390085,0.278202,0.275110
5.266667,1.186373,-0.042451,-0.042397,0.428533,-0.000482,0.003467,17.822209,0.044302,4.493744,4.417361,0.279349,0.276232
5.300000,1.200694,-0.043075,-0.042280,0.431551,-0.000507,0.003541,17.933032,0.044843,4.521916,4.444600,0.280490,0.277348
5.333333,1.215116,-0.043701,-0.042161,0.434569,-0.000532,0.003616,18.043702,0.045383,4.550048,4.471802,0.281624,0.278458
5.366667,1.229638,-0.044331,-0.042039,0.437586,-0.000557,0.003689,18.154212,0.045922,4.578141,4.498965,0.282752,0.279561
5.400000,1.244261,-0.044964,-0.041915,0.440602,-0.000582,0.003763,18.264557,0.046461,4.606192,4.526087,0.283874,0.280658
5.433333,1.258984,-0.045601,-0.041789,0.443616,-0.000608,0.003835,18.374730,0.046999,4.634199,4.553166,0.284989,0.281750
5.466667,1.273808,-0.046240,-0.041660,0.446630,-0.000633,0.003908,18.484724,0.047538,4.662162,4.580200,0.286098,0.282835
5.500000,1.288732,-0.046883,-0.041528,0.449641,-0.000659,0.003980,18.594534,0.048075,4.690078,4.607189,0.287200,0.283913
5.533333,1.303756,-0.047529,-0.041394,0.452651,-0.000685,0.004052,18.704154,0.048613,4.717946,4.634131,0.288296,0.284986
5.566667,1.318881,-0.048177,-0.041258,0.455659,-0.000711,0.004123,18.813576,0.049151,4.745765,4.661023,0.289386,0.286052
5.600000,1.334106,-0.048829,-0.041119,0.458665,-0.000737,0.004195,18.922796,0.049688,4.773534,4.687864,0.290470,0.287113
5.633333,1.349431,-0.049483,-0.040978,0.461669,-0.000763,0.004265,19.031807,0.050226,4.801250,4.714654,0.291547,0.288167
5.666667,1.364856,-0.050141,-0.040835,0.464670,-0.000790,0.004336,19.140602,0.050763,4.828912,4.741389,0.292618,0.289215
5.700000,1.380381,-0.050801,-0.040689,0.467668,-0.000816,0.004406,19.249177,0.051301,4.856519,4.768069,0.293683,0.290257
5.733333,1.396006,-0.051463,-0.040541,0.470663,-0.000843,0.004476,19.357525,0.051839,4.884070,4.794693,0.294742,0.291293
5.766667,1.411730,-0.052128,-0.040391,0.473656,-0.000870,0.004546,19.465640,0.052377,4.911563,4.821257,0.295794,0.292322
5.800000,1.427555,-0.052796,-0.040238,0.476645,-0.000897,0.004615,19.573516,0.052916,4.938996,4.847762,0.296840,0.293346
5.833333,1.443478,-0.053466,-0.040083,0.479631,-0.000925,0.004684,19.681148,0.053454,4.966368,4.874206,0.297880,0.294363
5.866667,1.459502,-0.054139,-0.039926,0.482613,-0.000952,0.004753,19.788529,0.053994,4.993679,4.900586,0.298914,0.295374
5.900000,1.475624,-0.054814,-0.039766,0.485591,-0.000980,0.004822,19.895655,0.054534,5.020925,4.926902,0.299942,0.296380
5.933333,1.491846,-0.055491,-0.039604,0.488566,-0.001007,0.004891,20.002518,0.055074,5.048107,4.953152,0.300964,0.297379
5.966667,1.508167,-0.056171,-0.039440,0.491536,-0.001035,0.004959,20.109114,0.055615,5.075223,4.979334,0.301979,0.298372
6.000000,1.524587,-0.056852,-0.039274,0.494502,-0.001064,0.005027,20.215437,0.056157,5.102270,5.005448,0.302989,0.299359
6.033333,1.541106,-0.057536,-0.039105,0.497464,-0.001092,0.005095,20.321481,0.056699,5.129249,5.031491,0.303992,0.300340
6.066667,1.557723,-0.058222,-0.038934,0.500421,-0.001120,0.005163,20.427241,0.057243,5.156158,5.057463,0.304989,0.301315
6.100000,1.574439,-0.058909,-0.038761,0.503374,-0.001149,0.005231,20.532711,0.057787,5.182994,5.083361,0.305980,0.302283
6.133333,1.591253,-0.059599,-0.038585,0.506321,-0.001178,0.005298,20.637886,0.058332,5.209758,5.109185,0.306965,0.303246
6.166667,1.608165,-0.060290,-0.038408,0.509263,-0.001207,0.005366,20.742760,0.058878,5.236447,5.134933,0.307944,0.304203
6.200000,1.625176,-0.060983,-0.038228,0.512200,-0.001236,0.005433,20.847328,0.059425,5.263061,5.160603,0.308917,0.305153
6.233333,1.642284,-0.061677,-0.038045,0.515132,-0.001265,0.005500,20.951584,0.059973,5.289597,5.186195,0.309884,0.306098
6.266667,1.659490,-0.062373,-0.037861,0.518058,-0.001295,0.005568,21.055523,0.060523,5.316056,5.211706,0.310845,0.307037
6.300000,1.676793,-0.063071,-0.037674,0.520978,-0.001324,0.005635,21.159141,0.061073,5.342435,5.237136,0.311800,0.307969
6.333333,1.694194,-0.063769,-0.037485,0.523892,-0.001354,0.005702,21.262430,0.061625,5.368733,5.262482,0.312749,0.308896
6.366667,1.711691,-0.064470,-0.037294,0.526800,-0.001384,0.005769,21.365387,0.062178,5.394949,5.287745,0.313692,0.309817
6.400000,1.729286,-0.065171,-0.037101,0.529702,-0.001414,0.005835,21.468007,0.062733,5.421082,5.312922,0.314629,0.310731
6.433333,1.746977,-0.065874,-0.036905,0.532597,-0.001445,0.005902,21.570283,0.063289,5.447130,5.338012,0.315560,0.311640
6.466667,1.764764,-0.066577,-0.036707,0.535486,-0.001475,0.005969,21.672211,0.063846,5.473092,5.363013,0.316485,0.312543
6.500000,1.782648,-0.067282,-0.036507,0.538368,-0.001506,0.006036,21.773786,0.064405,5.498968,5.387925,0.317404,0.313439
6.533333,1.800628,-0.067988,-0.036305,0.541243,-0.001537,0.006102,21.875003,0.064965,5.524755,5.412746,0.318317,0.314330
6.566667,1.818703,-0.068694,-0.036100,0.544111,-0.001568,0.006169,21.975856,0.065528,5.550453,5.437475,0.319224,0.315215
6.600000,1.836875,-0.069401,-0.035894,0.546972,-0.001600,0.006236,22.076342,0.066091,5.576061,5.462110,0.320126,0.316094
6.633333,1.855141,-0.070109,-0.035685,0.549826,-0.001631,0.006302,22.176454,0.066657,5.601576,5.486651,0.321021,0.316967
6.666667,1.873502,-0.070818,-0.035473,0.552672,-0.001663,0.006369,22.276188,0.067224,5.626999,5.511095,0.321911,0.317833
6.700000,1.891959,-0.071527,-0.035260,0.555511,-0.001695,0.006436,22.375540,0.067793,5.652328,5.535442,0.322794,0.318695
6.733333,1.910509,-0.072236,-0.035044,0.558341,-0.001727,0.006503,22.474504,0.068364,5.677561,5.559691,0.323672,0.319550
6.766667,1.929154,-0.072946,-0.034827,0.561164,-0.001759,0.006569,22.573076,0.068937,5.702698,5.583840,0.324544,0.320399
6.800000,1.947893,-0.073656,-0.034606,0.563979,-0.001792,0.006636,22.671250,0.069512,5.727737,5.607888,0.325410,0.321242
6.833333,1.966726,-0.074366,-0.034384,0.566785,-0.001825,0.006703,22.769023,0.070089,5.752678,5.631834,0.326271,0.322080
6.866667,1.985652,-0.075077,-0.034160,0.569583,-0.001858,0.006770,22.866390,0.070669,5.777519,5.655676,0.327125,0.322911
6.900000,2.004672,-0.075787,-0.033933,0.572373,-0.001891,0.006837,22.963345,0.071250,5.802259,5.679414,0.327974,0.323737
6.933333,2.023784,-0.076497,-0.033704,0.575153,-0.001924,0.006904,23.059885,0.071833,5.826897,5.703046,0.328817,0.324556
6.966667,2.042989,-0.077207,-0.033473,0.577925,-0.001958,0.006971,23.156005,0.072419,5.851432,5.726571,0.329654,0.325370
7.000000,2.062287,-0.077917,-0.033239,0.580688,-0.001992,0.007038,23.251701,0.073007,5.875862,5.749988,0.330486,0.326178
7.033333,2.081676,-0.078626,-0.033003,0.583442,-0.002025,0.007106,23.346967,0.073598,5.900188,5.773296,0.331311,0.326980
7.066667,2.101157,-0.079335,-0.032765,0.586187,-0.002060,0.007173,23.441800,0.074190,5.924407,5.796493,0.332131,0.327777
7.100000,2.120729,-0.080044,-0.032525,0.588922,-0.002094,0.007241,23.536194,0.074786,5.948519,5.819578,0.332945,0.328567
7.133333,2.140393,-0.080752,-0.032283,0.591648,-0.002129,0.007309,23.630147,0.075383,5.972523,5.842551,0.333754,0.329351
7.166667,2.160147,-0.081459,-0.032038,0.594364,-0.002163,0.007376,23.723654,0.075984,5.996417,5.865410,0.334556,0.330130
7.200000,2.179992,-0.082165,-0.031791,0.597071,-0.002199,0.007444,23.816709,0.076587,6.020200,5.888154,0.335353,0.330903
7.233333,2.199927,-0.082870,-0.031542,0.599767,-0.002234,0.007512,23.909310,0.077192,6.043872,5.910782,0.336144,0.331670
7.266667,2.219952,-0.083575,-0.031290,0.602454,-0.002269,0.007581,24.001451,0.077801,6.067432,5.933293,0.336930,0.332431
7.300000,2.240066,-0.084278,-0.031036,0.605130,-0.002305,0.007649,24.093129,0.078412,6.090879,5.955686,0.337710,0.333187
7.333333,2.260270,-0.084980,-0.030780,0.607796,-0.002341,0.007718,24.184340,0.079025,6.114210,5.977960,0.338484,0.333936
7.366667,2.280562,-0.085681,-0.030522,0.610451,-0.002377,0.007787,24.275079,0.079642,6.137427,6.000113,0.339252,0.334680
7.400000,2.300943,-0.086381,-0.030261,0.613096,-0.002413,0.007855,24.365343,0.080262,6.160527,6.022145,0.340015,0.335418
7.433333,2.321411,-0.087079,-0.029998,0.615731,-0.002450,0.007925,24.455127,0.080884,6.183510,6.044054,0.340772,0.336150
7.466667,2.341968,-0.087775,-0.029733,0.618354,-0.002487,0.007994,24.544428,0.081510,6.206374,6.065840,0.341524,0.336877
7.500000,2.362612,-0.088470,-0.029465,0.620967,-0.002524,0.008063,24.633242,0.082139,6.229120,6.087501,0.342270,0.337598
7.533333,2.383343,-0.089163,-0.029195,0.623568,-0.002561,0.008133,24.721564,0.082770,6.251745,6.109037,0.343010,0.338312
7.566667,2.404160,-0.089854,-0.028923,0.626158,-0.002599,0.008203,24.809391,0.083405,6.274249,6.130447,0.343745,0.339021
7.600000,2.425064,-0.090543,-0.028648,0.628737,-0.002636,0.008273,24.896719,0.084044,6.296631,6.151729,0.344474,0.339725
7.633333,2.446054,-0.091230,-0.028371,0.631305,-0.002674,0.008344,24.983545,0.084685,6.318891,6.172882,0.345197,0.340422
7.666667,2.467129,-0.091915,-0.028092,0.633860,-0.002713,0.008414,25.069864,0.085330,6.341026,6.193906,0.345915,0.341114
7.700000,2.488289,-0.092598,-0.027810,0.636405,-0.002751,0.008485,25.155674,0.085978,6.363037,6.214800,0.346627,0.341800
7.733333,2.509534,-0.093278,-0.027526,0.638937,-0.002790,0.008556,25.240969,0.086629,6.384923,6.235562,0.347334,0.342481
7.766667,2.530863,-0.093956,-0.027240,0.641458,-0.002829,0.008628,25.325747,0.087284,6.406682,6.256192,0.348035,0.343155
7.800000,2.552277,-0.094631,-0.026951,0.643966,-0.002868,0.008699,25.410005,0.087943,6.428314,6.276688,0.348730,0.343824
7.833333,2.573774,-0.095304,-0.026660,0.646462,-0.002907,0.008771,25.493738,0.088605,6.449818,6.297051,0.349420,0.344487
7.866667,2.595354,-0.095974,-0.026366,0.648947,-0.002947,0.008843,25.576943,0.089271,6.471193,6.317278,0.350105,0.345145
7.900000,2.617016,-0.096641,-0.026070,0.651418,-0.002987,0.008916,25.659617,0.089940,6.492439,6.337370,0.350783,0.345796
7.933333,2.638761,-0.097305,-0.025772,0.653878,-0.003027,0.008988,25.741756,0.090613,6.513554,6.357324,0.351457,0.346442
7.966667,2.660588,-0.097966,-0.025471,0.656324,-0.003068,0.009061,25.823357,0.091290,6.534537,6.377141,0.352125,0.347083
8.000000,2.682497,-0.098624,-0.025168,0.658758,-0.003108,0.009135,25.904416,0.091971,6.555389,6.396819,0.352787,0.347717
8.033333,2.704486,-0.099278,-0.024862,0.661179,-0.003149,0.009208,25.984931,0.092655,6.576108,6.416357,0.353444,0.348346
8.066667,2.726556,-0.099929,-0.024554,0.663587,-0.003190,0.009282,26.064898,0.093344,6.596693,6.435755,0.354095,0.348969
8.100000,2.748707,-0.100577,-0.024243,0.665983,-0.003232,0.009357,26.144313,0.094037,6.617144,6.455012,0.354741,0.349587
8.133333,2.770937,-0.101221,-0.023930,0.668365,-0.003273,0.009431,26.223174,0.094733,6.637460,6.474127,0.355381,0.350198
8.166667,2.793246,-0.101861,-0.023615,0.670733,-0.003315,0.009506,26.301478,0.095434,6.657640,6.493099,0.356016,0.350805
8.200000,2.815635,-0.102498,-0.023297,0.673089,-0.003358,0.009581,26.379220,0.096139,6.677683,6.511927,0.356646,0.351405
8.233333,2.838101,-0.103130,-0.022976,0.675431,-0.003400,0.009657,26.456400,0.096848,6.697589,6.530610,0.357270,0.352000
8.266667,2.860646,-0.103759,-0.022653,0.677759,-0.003443,0.009733,26.533012,0.097561,6.717357,6.549149,0.357888,0.352589
8.300000,2.883268,-0.104383,-0.022327,0.680074,-0.003486,0.009809,26.609054,0.098279,6.736987,6.567541,0.358501,0.353172
8.333333,2.905968,-0.105003,-0.021999,0.682375,-0.003529,0.009886,26.684524,0.099001,6.756476,6.585786,0.359109,0.353750
8.366667,2.928744,-0.105619,-0.021668,0.684663,-0.003573,0.009963,26.759419,0.099727,6.775826,6.603883,0.359711,0.354322
8.400000,2.951596,-0.106230,-0.021335,0.686936,-0.003617,0.010040,26.833735,0.100458,6.795035,6.621832,0.360308,0.354889
8.433333,2.974524,-0.106837,-0.020999,0.689195,-0.003661,0.010118,26.907469,0.101193,6.814103,6.639632,0.360900,0.355450
8.466667,2.997527,-0.107439,-0.020660,0.691440,-0.003705,0.010196,26.980620,0.101933,6.833029,6.657281,0.361486,0.356005
8.500000,3.020605,-0.108036,-0.020319,0.693671,-0.003750,0.010275,27.053183,0.102678,6.851811,6.674780,0.362066,0.356555
8.533333,3.043757,-0.108629,-0.019975,0.695888,-0.003795,0.010354,27.125157,0.103427,6.870451,6.692128,0.362641,0.357099
8.566667,3.066983,-0.109216,-0.019629,0.698090,-0.003840,0.010433,27.196539,0.104182,6.888947,6.709323,0.363211,0.357637
8.600000,3.090282,-0.109798,-0.019280,0.700278,-0.003886,0.010513,27.267326,0.104941,6.907298,6.726366,0.363776,0.358170
8.633333,3.113654,-0.110375,-0.018928,0.702451,-0.003931,0.010593,27.337516,0.105704,6.925503,6.743254,0.364335,0.358697
8.666667,3.137099,-0.110946,-0.018573,0.704609,-0.003978,0.010674,27.407105,0.106473,6.943564,6.759989,0.364889,0.359218
8.700000,3.160615,-0.111512,-0.018216,0.706753,-0.004024,0.010755,27.476092,0.107247,6.961477,6.776569,0.365437,0.359734
8.733333,3.184203,-0.112073,-0.017856,0.708882,-0.004071,0.010837,27.544474,0.108026,6.979244,6.792993,0.365980,0.360245
8.766667,3.207861,-0.112627,-0.017494,0.710996,-0.004118,0.010919,27.612249,0.108810,6.996863,6.809261,0.366518,0.360749
8.800000,3.231590,-0.113176,-0.017128,0.713094,-0.004165,0.011001,27.679413,0.109599,7.014335,6.825372,0.367051,0.361249
8.833333,3.255389,-0.113719,-0.016760,0.715178,-0.004212,0.011084,27.745965,0.110393,7.031658,6.841325,0.367578,0.361742
8.866667,3.279257,-0.114256,-0.016389,0.717247,-0.004260,0.011167,27.811903,0.111192,7.048831,6.857120,0.368100,0.362230
8.900000,3.303194,-0.114787,-0.016016,0.719300,-0.004308,0.011251,27.877224,0.111997,7.065855,6.872757,0.368616,0.362713
8.933333,3.327199,-0.115311,-0.015639,0.721338,-0.004357,0.011336,27.941926,0.112808,7.082729,6.888234,0.369127,0.363189
8.966667,3.351273,-0.115829,-0.015260,0.723360,-0.004406,0.011420,28.006007,0.113623,7.099453,6.903550,0.369633,0.363661
9.000000,3.375413,-0.116341,-0.014878,0.725367,-0.004455,0.011506,28.069464,0.114445,7.116025,6.918707,0.370134,0.364126
9.033333,3.399621,-0.116846,-0.014493,0.727359,-0.004504,0.011591,28.132295,0.115272,7.132446,6.933702,0.370629,0.364586
9.066667,3.423894,-0.117344,-0.014105,0.729335,-0.004554,0.011678,28.194499,0.116104,7.148714,6.948535,0.371120,0.365041
9.100000,3.448234,-0.117835,-0.013715,0.731295,-0.004604,0.011765,28.256073,0.116942,7.164830,6.963206,0.371605,0.365490
9.133333,3.472638,-0.118319,-0.013321,0.733239,-0.004654,0.011852,28.317015,0.117786,7.180794,6.977714,0.372084,0.365934
9.166667,3.497107,-0.118796,-0.012924,0.735167,-0.004704,0.011940,28.377324,0.118636,7.196603,6.992058,0.372559,0.366372
9.200000,3.521641,-0.119266,-0.012525,0.737079,-0.004755,0.012028,28.436997,0.119492,7.212259,7.006239,0.373028,0.366804
9.233333,3.546238,-0.119729,-0.012123,0.738976,-0.004807,0.012117,28.496032,0.120353,7.227761,7.020255,0.373492,0.367231
9.266667,3.570898,-0.120184,-0.011717,0.740856,-0.004858,0.012207,28.554428,0.121221,7.243108,7.034106,0.373951,0.367652
9.300000,3.595621,-0.120631,-0.011309,0.742720,-0.004910,0.012297,28.612182,0.122095,7.258300,7.047791,0.374404,0.368068
9.333333,3.620406,-0.121071,-0.010897,0.744568,-0.004962,0.012387,28.669294,0.122975,7.273336,7.061311,0.374853,0.368478
9.366667,3.645252,-0.121503,-0.010483,0.746399,-0.005015,0.012479,28.725761,0.123861,7.288217,7.074664,0.375296,0.368883
9.400000,3.670159,-0.121927,-0.010065,0.748214,-0.005068,0.012570,28.781582,0.124753,7.302941,7.087849,0.375734,0.369282
9.433333,3.695127,-0.122343,-0.009645,0.750013,-0.005121,0.012663,28.836754,0.125652,7.317509,7.100868,0.376167,0.369676
9.466667,3.720155,-0.122750,-0.009221,0.751795,-0.005174,0.012756,28.891277,0.126557,7.331920,7.113718,0.376594,0.370064
9.500000,3.745241,-0.123150,-0.008795,0.753561,-0.005228,0.012849,28.945148,0.127469,7.346174,7.126400,0.377017,0.370447
9.533333,3.770387,-0.123541,-0.008365,0.755310,-0.005282,0.012943,28.998367,0.128387,7.360270,7.138913,0.377434,0.370824
9.566667,3.795590,-0.123923,-0.007932,0.757042,-0.005337,0.013038,29.050931,0.129312,7.374208,7.151257,0.377846,0.371196
9.600000,3.820852,-0.124297,-0.007495,0.758758,-0.005392,0.013134,29.102839,0.130243,7.387989,7.163431,0.378254,0.371562
9.633333,3.846170,-0.124662,-0.007056,0.760457,-0.005447,0.013230,29.154091,0.131182,7.401610,7.175435,0.378656,0.371923
9.666667,3.871545,-0.125018,-0.006613,0.762139,-0.005502,0.013326,29.204683,0.132127,7.415073,7.187269,0.379052,0.372279
9.700000,3.896975,-0.125364,-0.006168,0.763804,-0.005558,0.013424,29.254616,0.133079,7.428377,7.198931,0.379444,0.372628
9.733333,3.922462,-0.125702,-0.005719,0.765452,-0.005614,0.013522,29.303887,0.134038,7.441521,7.210422,0.379831,0.372973
9.766667,3.948002,-0.126030,-0.005266,0.767083,-0.005671,0.013620,29.352496,0.135004,7.454506,7.221742,0.380213,0.373312
9.800000,3.973598,-0.126349,-0.004811,0.768697,-0.005728,0.013719,29.400442,0.135977,7.467332,7.232889,0.380589,0.373645
9.833333,3.999246,-0.126659,-0.004352,0.770294,-0.005785,0.013819,29.447722,0.136957,7.479997,7.243864,0.380960,0.373973
9.866667,4.024948,-0.126958,-0.003889,0.771874,-0.005843,0.013920,29.494336,0.137944,7.492502,7.254667,0.381327,0.374296
9.900000,4.050702,-0.127248,-0.003424,0.773436,-0.005901,0.014021,29.540283,0.138939,7.504846,7.265296,0.381688,0.374613
9.933333,4.076509,-0.127528,-0.002955,0.774981,-0.005959,0.014123,29.585562,0.139941,7.517030,7.275752,0.382044,0.374925
9.966667,4.102366,-0.127798,-0.002482,0.776509,-0.006018,0.014226,29.630172,0.140951,7.529052,7.286034,0.382396,0.375231
10.000000,4.128275,-0.128058,-0.002006,0.778020,-0.006077,0.014329,29.674111,0.141968,7.540914,7.296142,0.382742,0.375532
10.033333,4.154233,-0.128307,-0.001527,0.779513,-0.006136,0.014433,29.717379,0.142993,7.552614,7.306075,0.383083,0.375827
10.066667,4.180241,-0.128546,-0.001044,0.780988,-0.006196,0.014538,29.759975,0.144025,7.564154,7.315834,0.383419,0.376117
10.100000,4.206298,-0.128775,-0.000558,0.782447,-0.006256,0.014644,29.801898,0.145066,7.575531,7.325418,0.383751,0.376401
10.133333,4.232404,-0.128992,-0.000068,0.783887,-0.006317,0.014750,29.843148,0.146114,7.586747,7.334827,0.384077,0.376681
10.166667,4.258557,-0.129199,0.000426,0.785310,-0.006378,0.014857,29.883722,0.147170,7.597801,7.344060,0.384398,0.376954
10.200000,4.284758,-0.129395,0.000923,0.786716,-0.006439,0.014965,29.923622,0.148234,7.608693,7.353118,0.384714,0.377223
10.233333,4.311005,-0.129580,0.001423,0.788103,-0.006500,0.015074,29.962845,0.149306,7.619423,7.362000,0.385026,0.377485
10.266667,4.337298,-0.129754,0.001928,0.789473,-0.006563,0.015183,30.001392,0.150386,7.629991,7.370705,0.385332,0.377743
10.300000,4.363637,-0.129916,0.002436,0.790826,-0.006625,0.015293,30.039261,0.151474,7.640397,7.379234,0.385633,0.377995
10.333333,4.390021,-0.130067,0.002947,0.792160,-0.006688,0.015404,30.076453,0.152571,7.650640,7.387586,0.385930,0.378242
10.366667,4.416449,-0.130206,0.003463,0.793477,-0.006751,0.015516,30.112966,0.153676,7.660721,7.395762,0.386221,0.378483
10.400000,4.442920,-0.130334,0.003982,0.794776,-0.006814,0.015628,30.148800,0.154790,7.670639,7.403760,0.386508,0.378719
10.433333,4.469435,-0.130450,0.004504,0.796057,-0.006878,0.015741,30.183954,0.155912,7.680395,7.411582,0.386790,0.378950
10.466667,4.495992,-0.130553,0.005031,0.797320,-0.006943,0.015856,30.218429,0.157043,7.689989,7.419226,0.387066,0.379175
10.500000,4.522591,-0.130645,0.005562,0.798565,-0.007007,0.015971,30.252223,0.158182,7.699420,7.426692,0.387338,0.379395
10.533333,4.549231,-0.130724,0.006096,0.799792,-0.007072,0.016086,30.285337,0.159330,7.708688,7.433981,0.387605,0.379609
10.566667,4.575912,-0.130791,0.006634,0.801002,-0.007138,0.016203,30.317770,0.160488,7.717794,7.441091,0.387868,0.379818
10.600000,4.602633,-0.130846,0.007176,0.802193,-0.007204,0.016321,30.349522,0.161654,7.726737,7.448024,0.388125,0.380022
10.633333,4.629394,-0.130888,0.007722,0.803366,-0.007270,0.016439,30.380592,0.162829,7.735518,7.454779,0.388377,0.380221
10.666667,4.656193,-0.130917,0.008272,0.804521,-0.007337,0.016558,30.410981,0.164013,7.744136,7.461355,0.388625,0.380414
10.700000,4.683031,-0.130933,0.008826,0.805658,-0.007404,0.016678,30.440688,0.165206,7.752591,7.467753,0.388868,0.380601
10.733333,4.709906,-0.130936,0.009384,0.806777,-0.007471,0.016799,30.469714,0.166409,7.760885,7.473972,0.389106,0.380784
10.766667,4.736818,-0.130927,0.009946,0.807878,-0.007539,0.016921,30.498057,0.167621,7.769015,7.480013,0.389339,0.380961
10.800000,4.763766,-0.130903,0.010512,0.808960,-0.007608,0.017044,30.525719,0.168843,7.776984,7.485875,0.389568,0.381133
10.833333,4.790751,-0.130867,0.011082,0.810025,-0.007676,0.017168,30.552698,0.170074,7.784790,7.491559,0.389791,0.381299
10.866667,4.817770,-0.130817,0.011656,0.811071,-0.007746,0.017293,30.578996,0.171315,7.792434,7.497064,0.390010,0.381460
10.900000,4.844824,-0.130753,0.012235,0.812099,-0.007815,0.017418,30.604612,0.172566,7.799916,7.502390,0.390224,0.381616
10.933333,4.871912,-0.130675,0.012818,0.813108,-0.007885,0.017545,30.629546,0.173826,7.807236,7.507537,0.390434,0.381767
10.966667,4.899033,-0.130584,0.013405,0.814100,-0.007955,0.017672,30.653799,0.175096,7.814395,7.512505,0.390638,0.381912
11.000000,4.926187,-0.130478,0.013996,0.815073,-0.008026,0.017801,30.677371,0.176377,7.821391,7.517294,0.390838,0.382052
11.033333,4.953374,-0.130358,0.014591,0.816028,-0.008098,0.017930,30.700261,0.177667,7.828226,7.521904,0.391033,0.382187
11.066667,4.980591,-0.130224,0.015191,0.816965,-0.008169,0.018061,30.722472,0.178967,7.834900,7.526336,0.391224,0.382316
11.100000,5.007840,-0.130075,0.015795,0.817883,-0.008241,0.018192,30.744001,0.180278,7.841413,7.530588,0.391410,0.382441
11.133333,5.035118,-0.129912,0.016404,0.818783,-0.008314,0.018324,30.764851,0.181599,7.847764,7.534661,0.391591,0.382559
11.166667,5.062427,-0.129734,0.017017,0.819665,-0.008387,0.018458,30.785021,0.182931,7.853955,7.538556,0.391767,0.382673
11.200000,5.089764,-0.129541,0.017634,0.820528,-0.008460,0.018592,30.804513,0.184273,7.859984,7.542272,0.391939,0.382782
11.233333,5.117130,-0.129333,0.018256,0.821373,-0.008534,0.018728,30.823325,0.185626,7.865854,7.545809,0.392106,0.382885
11.266667,5.144523,-0.129110,0.018883,0.822200,-0.008608,0.018864,30.841460,0.186990,7.871563,7.549167,0.392269,0.382983
11.300000,5.171944,-0.128872,0.019514,0.823008,-0.008683,0.019002,30.858917,0.188364,7.877112,7.552346,0.392426,0.383075
11.333333,5.199391,-0.128618,0.020150,0.823798,-0.008758,0.019141,30.875698,0.189750,7.882502,7.555347,0.392580,0.383163
11.366667,5.226864,-0.128349,0.020790,0.824570,-0.008834,0.019280,30.891802,0.191146,7.887731,7.558170,0.392728,0.383245
11.400000,5.254363,-0.128064,0.021435,0.825323,-0.008910,0.019421,30.907231,0.192553,7.892802,7.560814,0.392873,0.383322
11.433333,5.281886,-0.127764,0.022085,0.826058,-0.008986,0.019563,30.921985,0.193972,7.897714,7.563279,0.393012,0.383394
11.466667,5.309433,-0.127447,0.022739,0.826775,-0.009063,0.019706,30.936066,0.195402,7.902466,7.565566,0.393147,0.383460
11.500000,5.337003,-0.127115,0.023399,0.827473,-0.009141,0.019850,30.949473,0.196843,7.907061,7.567676,0.393277,0.383522
11.533333,5.364597,-0.126766,0.024063,0.828153,-0.009219,0.019995,30.962208,0.198296,7.911497,7.569607,0.393403,0.383578
11.566667,5.392212,-0.126400,0.024732,0.828815,-0.009297,0.020141,30.974272,0.199761,7.915776,7.571360,0.393525,0.383629
11.600000,5.419849,-0.126019,0.025405,0.829458,-0.009376,0.020289,30.985666,0.201237,7.919897,7.572936,0.393642,0.383675
11.633333,5.447507,-0.125621,0.026084,0.830083,-0.009455,0.020437,30.996390,0.202725,7.923861,7.574335,0.393754,0.383716
11.666667,5.475186,-0.125206,0.026768,0.830690,-0.009535,0.020587,31.006446,0.204225,7.927668,7.575556,0.393862,0.383751
11.700000,5.502884,-0.124774,0.027457,0.831278,-0.009615,0.020738,31.015835,0.205737,7.931318,7.576599,0.393965,0.383782
11.733333,5.530601,-0.124325,0.028150,0.831848,-0.009695,0.020890,31.024558,0.207261,7.934813,7.577466,0.394064,0.383807
11.766667,5.558336,-0.123859,0.028849,0.832400,-0.009776,0.021044,31.032616,0.208797,7.938151,7.578156,0.394159,0.383827
11.800000,5.586089,-0.123376,0.029553,0.832933,-0.009858,0.021198,31.040010,0.210346,7.941335,7.578670,0.394249,0.383842
11.833333,5.613860,-0.122875,0.030263,0.833449,-0.009940,0.021354,31.046742,0.211907,7.944363,7.579007,0.394335,0.383852
11.866667,5.641647,-0.122357,0.030977,0.833946,-0.010023,0.021511,31.052812,0.213480,7.947238,7.579169,0.394416,0.383856
11.900000,5.669450,-0.121821,0.031697,0.834424,-0.010106,0.021669,31.058223,0.215066,7.949957,7.579154,0.394493,0.383856
11.933333,5.697269,-0.121267,0.032422,0.834885,-0.010189,0.021828,31.062975,0.216665,7.952524,7.578964,0.394566,0.383850
11.966667,5.725102,-0.120695,0.033152,0.835327,-0.010273,0.021989,31.067070,0.218276,7.954937,7.578598,0.394634,0.383840
12.000000,5.752949,-0.120106,0.033887,0.835751,-0.010357,0.022151,31.070510,0.219901,7.957197,7.578058,0.394698,0.383824
12.033333,5.780810,-0.119498,0.034629,0.836157,-0.010442,0.022314,31.073295,0.221538,7.959305,7.577343,0.394758,0.383803
12.066667,5.808683,-0.118871,0.035375,0.836545,-0.010528,0.022479,31.075428,0.223189,7.961261,7.576453,0.394813,0.383777
12.100000,5.836569,-0.118227,0.036127,0.836915,-0.010614,0.022644,31.076910,0.224852,7.963066,7.575389,0.394864,0.383746
12.133333,5.864467,-0.117563,0.036885,0.837266,-0.010700,0.022812,31.077743,0.226529,7.964720,7.574152,0.394911,0.383710
12.166667,5.892375,-0.116881,0.037648,0.837600,-0.010787,0.022980,31.077927,0.228220,7.966223,7.572741,0.394953,0.383669
12.200000,5.920294,-0.116180,0.038417,0.837915,-0.010874,0.023150,31.077466,0.229924,7.967577,7.571156,0.394992,0.383623
12.233333,5.948222,-0.115460,0.039191,0.838213,-0.010962,0.023321,31.076361,0.231642,7.968781,7.569399,0.395026,0.383572
12.266667,5.976160,-0.114721,0.039971,0.838492,-0.011050,0.023493,31.074613,0.233373,7.969837,7.567470,0.395055,0.383516
12.300000,6.004107,-0.113962,0.040757,0.838754,-0.011139,0.023667,31.072224,0.235118,7.970744,7.565368,0.395081,0.383455
12.333333,6.032061,-0.113184,0.041549,0.838997,-0.011228,0.023842,31.069197,0.236878,7.971504,7.563094,0.395103,0.383389
12.366667,6.060022,-0.112387,0.042347,0.839223,-0.011318,0.024019,31.065533,0.238651,7.972117,7.560650,0.395120,0.383317
12.400000,6.087991,-0.111570,0.043151,0.839431,-0.011409,0.024197,31.061234,0.240438,7.972583,7.558034,0.395133,0.383241
12.433333,6.115965,-0.110733,0.043960,0.839621,-0.011499,0.024376,31.056302,0.242240,7.972903,7.555248,0.395142,0.383160
12.466667,6.143945,-0.109876,0.044776,0.839793,-0.011591,0.024557,31.050739,0.244056,7.973078,7.552292,0.395147,0.383074
12.500000,6.171929,-0.108999,0.045597,0.839947,-0.011683,0.024740,31.044547,0.245886,7.973108,7.549166,0.395148,0.382983
12.533333,6.199918,-0.108101,0.046425,0.840084,-0.011775,0.024923,31.037729,0.247731,7.972994,7.545871,0.395145,0.382887
12.566667,6.227911,-0.107183,0.047259,0.840203,-0.011868,0.025109,31.030286,0.249591,7.972736,7.542407,0.395137,0.382786
12.600000,6.255906,-0.106245,0.048099,0.840304,-0.011961,0.025295,31.022221,0.251465,7.972336,7.538775,0.395126,0.382680
12.633333,6.283904,-0.105286,0.048945,0.840388,-0.012055,0.025483,31.013536,0.253354,7.971793,7.534975,0.395111,0.382569
12.666667,6.311904,-0.104307,0.049798,0.840454,-0.012150,0.025673,31.004234,0.255259,7.971109,7.531008,0.395091,0.382453
12.700000,6.339905,-0.103306,0.050657,0.840503,-0.012245,0.025864,30.994316,0.257178,7.970284,7.526874,0.395068,0.382332
12.733333,6.367907,-0.102285,0.051522,0.840534,-0.012340,0.026057,30.983785,0.259113,7.969319,7.522573,0.395041,0.382206
12.766667,6.395909,-0.101242,0.052394,0.840548,-0.012436,0.026251,30.972643,0.261062,7.968214,7.518107,0.395010,0.382076
12.800000,6.423910,-0.100178,0.053272,0.840544,-0.012532,0.026447,30.960893,0.263027,7.966971,7.513476,0.394974,0.381941
12.833333,6.451910,-0.099093,0.054157,0.840523,-0.012630,0.026644,30.948538,0.265008,7.965590,7.508679,0.394935,0.381800
12.866667,6.479908,-0.097986,0.055048,0.840484,-0.012727,0.026843,30.935580,0.267004,7.964071,7.503719,0.394892,0.381655
12.900000,6.507904,-0.096857,0.055946,0.840429,-0.012825,0.027043,30.922021,0.269016,7.962416,7.498595,0.394846,0.381505
12.933333,6.535897,-0.095706,0.056851,0.840356,-0.012924,0.027245,30.907865,0.271044,7.960625,7.493308,0.394795,0.381350
12.966667,6.563886,-0.094534,0.057763,0.840266,-0.013023,0.027449,30.893114,0.273087,7.958698,7.487858,0.394741,0.381191
13.000000,6.591871,-0.093339,0.058681,0.840159,-0.013122,0.027654,30.877770,0.275147,7.956638,7.482247,0.394682,0.381026
13.033333,6.619851,-0.092122,0.059606,0.840035,-0.013223,0.027861,30.861837,0.277222,7.954444,7.476475,0.394620,0.380857
13.066667,6.647826,-0.090883,0.060539,0.839893,-0.013323,0.028069,30.845316,0.279314,7.952117,7.470541,0.394554,0.380683
13.100000,6.675795,-0.089621,0.061478,0.839735,-0.013425,0.028280,30.828212,0.281422,7.949658,7.464448,0.394485,0.380504
13.133333,6.703757,-0.088337,0.062424,0.839560,-0.013526,0.028491,30.810527,0.283546,7.947068,7.458196,0.394411,0.380321
13.166667,6.731713,-0.087029,0.063377,0.839369,-0.013629,0.028705,30.792264,0.285687,7.944348,7.451785,0.394334,0.380133
13.200000,6.759660,-0.085699,0.064338,0.839160,-0.013731,0.028920,30.773426,0.287844,7.941498,7.445215,0.394254,0.379940
13.233333,6.787600,-0.084346,0.065305,0.838935,-0.013835,0.029137,30.754016,0.290018,7.938519,7.438489,0.394169,0.379742
13.266667,6.815530,-0.082970,0.066280,0.838693,-0.013939,0.029355,30.734037,0.292208,7.935413,7.431606,0.394081,0.379539
13.300000,6.843451,-0.081570,0.067262,0.838435,-0.014043,0.029576,30.713492,0.294415,7.932179,7.424567,0.393990,0.379332
13.333333,6.871362,-0.080147,0.068252,0.838160,-0.014148,0.029798,30.692384,0.296639,7.928820,7.417372,0.393895,0.379120
13.366667,6.899262,-0.078700,0.069249,0.837868,-0.014253,0.030021,30.670717,0.298880,7.925335,7.410024,0.393796,0.378904
13.400000,6.927152,-0.077230,0.070253,0.837561,-0.014359,0.030247,30.648493,0.301138,7.921726,7.402521,0.393694,0.378682
13.433333,6.955029,-0.075735,0.071265,0.837236,-0.014466,0.030474,30.625717,0.303414,7.917993,7.394866,0.393588,0.378457
13.466667,6.982894,-0.074217,0.072285,0.836896,-0.014573,0.030703,30.602391,0.305706,7.914138,7.387058,0.393478,0.378226
13.500000,7.010746,-0.072675,0.073312,0.836540,-0.014681,0.030934,30.578519,0.308016,7.910161,7.379099,0.393365,0.377991
13.533333,7.038585,-0.071108,0.074347,0.836167,-0.014789,0.031166,30.554104,0.310343,7.906063,7.370989,0.393249,0.377751
13.566667,7.066410,-0.069518,0.075390,0.835778,-0.014898,0.031401,30.529150,0.312687,7.901845,7.362730,0.393129,0.377507
13.600000,7.094220,-0.067902,0.076440,0.835374,-0.015007,0.031637,30.503660,0.315049,7.897509,7.354321,0.393006,0.377258
13.633333,7.122015,-0.066262,0.077499,0.834953,-0.015117,0.031875,30.477638,0.317428,7.893055,7.345764,0.392880,0.377005
13.666667,7.149794,-0.064597,0.078565,0.834517,-0.015227,0.032115,30.451087,0.319825,7.888483,7.337060,0.392750,0.376747
13.700000,7.177557,-0.062908,0.079640,0.834065,-0.015338,0.032356,30.424012,0.322240,7.883796,7.328210,0.392617,0.376484
13.733333,7.205304,-0.061193,0.080722,0.833597,-0.015449,0.032600,30.396414,0.324672,7.878994,7.319214,0.392480,0.376217
13.766667,7.233032,-0.059453,0.081813,0.833114,-0.015561,0.032845,30.368300,0.327123,7.874077,7.310073,0.392340,0.375946
13.800000,7.260743,-0.057688,0.082912,0.832615,-0.015674,0.033093,30.339672,0.329591,7.869048,7.300788,0.392197,0.375670
13.833333,7.288436,-0.055897,0.084019,0.832101,-0.015787,0.033342,30.310533,0.332077,7.863906,7.291360,0.392051,0.375389
13.866667,7.316109,-0.054081,0.085135,0.831572,-0.015900,0.033593,30.280889,0.334581,7.858654,7.281791,0.391901,0.375104
13.900000,7.343763,-0.052239,0.086259,0.831027,-0.016014,0.033846,30.250742,0.337102,7.853291,7.272080,0.391748,0.374815
13.933333,7.371397,-0.050372,0.087391,0.830467,-0.016129,0.034101,30.220098,0.339642,7.847820,7.262229,0.391592,0.374521
13.966667,7.399010,-0.048478,0.088532,0.829892,-0.016244,0.034357,30.188959,0.342200,7.842240,7.252239,0.391433,0.374223
14.000000,7.426602,-0.046559,0.089682,0.829302,-0.016360,0.034616,30.157330,0.344776,7.836554,7.242111,0.391271,0.373921
14.033333,7.454172,-0.044613,0.090840,0.828697,-0.016476,0.034877,30.125215,0.347371,7.830761,7.231846,0.391106,0.373614
14.066667,7.481720,-0.042641,0.092007,0.828078,-0.016593,0.035139,30.092618,0.349983,7.824864,7.221445,0.390937,0.373303
14.100000,7.509245,-0.040642,0.093183,0.827443,-0.016710,0.035404,30.059543,0.352614,7.818863,7.210908,0.390766,0.372987
14.133333,7.536747,-0.038617,0.094367,0.826794,-0.016828,0.035671,30.025995,0.355263,7.812760,7.200238,0.390591,0.372668
14.166667,7.564225,-0.036565,0.095561,0.826131,-0.016946,0.035939,29.991978,0.357930,7.806555,7.189434,0.390414,0.372344
14.200000,7.591679,-0.034487,0.096763,0.825453,-0.017065,0.036210,29.957496,0.360615,7.800249,7.178499,0.390234,0.372015
14.233333,7.619108,-0.032381,0.097975,0.824761,-0.017184,0.036482,29.922553,0.363318,7.793844,7.167433,0.390050,0.371683
14.266667,7.646511,-0.030248,0.099195,0.824054,-0.017304,0.036757,29.887154,0.366040,7.787341,7.156237,0.389864,0.371346
14.300000,7.673889,-0.028088,0.100425,0.823333,-0.017424,0.037033,29.851304,0.368780,7.780740,7.144912,0.389675,0.371005
14.333333,7.701240,-0.025901,0.101664,0.822599,-0.017545,0.037312,29.815006,0.371539,7.774043,7.133460,0.389483,0.370660
14.366667,7.728564,-0.023686,0.102912,0.821850,-0.017667,0.037592,29.778266,0.374315,7.767252,7.121881,0.389289,0.370311
14.400000,7.755861,-0.021444,0.104170,0.821087,-0.017789,0.037875,29.741087,0.377110,7.760367,7.110177,0.389091,0.369957
14.433333,7.783129,-0.019174,0.105437,0.820311,-0.017911,0.038159,29.703476,0.379923,7.753389,7.098349,0.388891,0.369600
14.466667,7.810370,-0.016876,0.106714,0.819521,-0.018034,0.038446,29.665435,0.382754,7.746319,7.086399,0.388688,0.369238
14.500000,7.837581,-0.014550,0.108000,0.818718,-0.018157,0.038734,29.626971,0.385603,7.739159,7.074326,0.388482,0.368873
14.533333,7.864763,-0.012196,0.109296,0.817901,-0.018281,0.039025,29.588087,0.388470,7.731910,7.062134,0.388274,0.368503
14.566667,7.891915,-0.009814,0.110602,0.817071,-0.018406,0.039318,29.548789,0.391355,7.724573,7.049822,0.388063,0.368130
14.600000,7.919037,-0.007403,0.111918,0.816227,-0.018531,0.039613,29.509082,0.394259,7.717149,7.037392,0.387849,0.367752
14.633333,7.946128,-0.004964,0.113243,0.815371,-0.018656,0.039909,29.468970,0.397180,7.709639,7.024846,0.387633,0.367370
14.666667,7.973187,-0.002496,0.114578,0.814502,-0.018782,0.040208,29.428458,0.400120,7.702046,7.012183,0.387414,0.366985
14.700000,8.000215,0.000000,0.115924,0.813619,-0.018909,0.040509,29.387551,0.403086,7.694376,6.999400,0.387193,0.366595
14.733333,8.027210,0.002525,0.117279,0.812724,-0.019035,0.040812,29.346255,0.406084,7.686636,6.986492,0.386970,0.366202
14.766667,8.054173,0.005080,0.118644,0.811816,-0.019163,0.041118,29.304573,0.409110,7.678824,6.973462,0.386744,0.365804
14.800000,8.081102,0.007663,0.120020,0.810896,-0.019291,0.041425,29.262510,0.412159,7.670937,6.960318,0.386516,0.365402
14.833333,8.107997,0.010275,0.121406,0.809963,-0.019419,0.041735,29.220070,0.415230,7.662975,6.947060,0.386286,0.364996
14.866667,8.134859,0.012917,0.122802,0.809018,-0.019548,0.042047,29.177258,0.418324,7.654938,6.933691,0.386054,0.364586
14.900000,8.161685,0.015589,0.124209,0.808061,-0.019677,0.042361,29.134077,0.421439,7.646829,6.920210,0.385819,0.364172
14.933333,8.188477,0.018290,0.125626,0.807092,-0.019807,0.042678,29.090532,0.424577,7.638647,6.906619,0.385583,0.363755
14.966667,8.215233,0.021021,0.127054,0.806111,-0.019937,0.042997,29.046628,0.427737,7.630395,6.892918,0.385344,0.363334
15.000000,8.241953,0.023781,0.128493,0.805118,-0.020068,0.043318,29.002367,0.430919,7.622074,6.879110,0.385102,0.362908
15.033333,8.268636,0.026572,0.129942,0.804113,-0.020199,0.043641,28.957756,0.434125,7.613684,6.865193,0.384859,0.362479
15.066667,8.295283,0.029392,0.131402,0.803097,-0.020330,0.043967,28.912797,0.437353,7.605227,6.851171,0.384614,0.362046
15.100000,8.321892,0.032243,0.132873,0.802069,-0.020463,0.044295,28.867495,0.440604,7.596705,6.837043,0.384366,0.361610
15.133333,8.348463,0.035124,0.134355,0.801030,-0.020595,0.044626,28.821855,0.443878,7.588117,6.822811,0.384117,0.361169
15.166667,8.374996,0.038036,0.135848,0.799979,-0.020728,0.044959,28.775881,0.447175,7.579466,6.808475,0.383865,0.360725
15.200000,8.401491,0.040978,0.137353,0.798917,-0.020862,0.045294,28.729577,0.450495,7.570752,6.794036,0.383611,0.360277
15.233333,8.427946,0.043951,0.138868,0.797845,-0.020996,0.045632,28.682947,0.453839,7.561977,6.779496,0.383356,0.359825
15.266667,8.454362,0.046954,0.140395,0.796761,-0.021130,0.045973,28.635995,0.457206,7.553142,6.764855,0.383099,0.359370
15.300000,8.480738,0.049989,0.141933,0.795667,-0.021265,0.046315,28.588727,0.460597,7.544248,6.750115,0.382839,0.358911
15.333333,8.507073,0.053054,0.143482,0.794561,-0.021401,0.046661,28.541145,0.464011,7.535296,6.735276,0.382578,0.358448
15.366667,8.533368,0.056151,0.145044,0.793446,-0.021537,0.047008,28.493255,0.467450,7.526288,6.720340,0.382315,0.357981
15.400000,8.559622,0.059279,0.146616,0.792319,-0.021673,0.047358,28.445061,0.470912,7.517224,6.705307,0.382050,0.357511
15.433333,8.585834,0.062438,0.148201,0.791183,-0.021810,0.047711,28.396567,0.474398,7.508106,6.690178,0.381784,0.357038
15.466667,8.612004,0.065629,0.149797,0.790036,-0.021947,0.048066,28.347777,0.477908,7.498934,6.674954,0.381515,0.356560
15.500000,8.638131,0.068852,0.151405,0.788879,-0.022085,0.048424,28.298696,0.481443,7.489711,6.659637,0.381245,0.356079
15.533333,8.664216,0.072106,0.153025,0.787712,-0.022224,0.048784,28.249328,0.485002,7.480437,6.644227,0.380973,0.355594
15.566667,8.690257,0.075392,0.154657,0.786535,-0.022362,0.049147,28.199677,0.488585,7.471113,6.628725,0.380700,0.355106
15.600000,8.716255,0.078710,0.156302,0.785349,-0.022502,0.049513,28.149747,0.492192,7.461741,6.613133,0.380425,0.354614
15.633333,8.742209,0.082061,0.157958,0.784153,-0.022641,0.049881,28.099544,0.495825,7.452321,6.597451,0.380148,0.354119
15.666667,8.768118,0.085443,0.159627,0.782947,-0.022781,0.050251,28.049070,0.499482,7.442855,6.581680,0.379870,0.353620
15.700000,8.793983,0.088858,0.161308,0.781732,-0.022922,0.050624,27.998332,0.503163,7.433344,6.565821,0.379590,0.353118
15.733333,8.819803,0.092305,0.163002,0.780507,-0.023063,0.051000,27.947332,0.506870,7.423790,6.549876,0.379309,0.352612
15.766667,8.845577,0.095785,0.164708,0.779273,-0.023205,0.051379,27.896075,0.510601,7.414192,6.533845,0.379027,0.352103
15.800000,8.871305,0.099297,0.166427,0.778030,-0.023347,0.051760,27.844566,0.514358,7.404553,6.517730,0.378742,0.351590
15.833333,8.896986,0.102843,0.168159,0.776779,-0.023489,0.052144,27.792808,0.518139,7.394874,6.501530,0.378457,0.351074
15.866667,8.922621,0.106421,0.169904,0.775518,-0.023632,0.052530,27.740807,0.521946,7.385155,6.485248,0.378170,0.350554
15.900000,8.948209,0.110032,0.171661,0.774248,-0.023775,0.052919,27.688567,0.525778,7.375398,6.468885,0.377882,0.350031
15.933333,8.973750,0.113676,0.173432,0.772970,-0.023919,0.053311,27.636091,0.529635,7.365605,6.452441,0.377592,0.349504
15.966667,8.999243,0.117354,0.175215,0.771684,-0.024063,0.053706,27.583385,0.533518,7.355775,6.435917,0.377301,0.348974
16.000000,9.024687,0.121064,0.177012,0.770389,-0.024208,0.054103,27.530452,0.537426,7.345911,6.419315,0.377009,0.348441
16.033333,9.050084,0.124809,0.178822,0.769086,-0.024353,0.054503,27.477298,0.541359,7.336013,6.402636,0.376716,0.347904
16.066667,9.075431,0.128587,0.180646,0.767774,-0.024499,0.054906,27.423925,0.545318,7.326083,6.385880,0.376421,0.347364
16.100000,9.100729,0.132398,0.182482,0.766455,-0.024645,0.055312,27.370340,0.549302,7.316122,6.369048,0.376125,0.346821
16.133333,9.125977,0.136244,0.184333,0.765128,-0.024791,0.055720,27.316546,0.553313,7.306130,6.352143,0.375829,0.346275
16.166667,9.151176,0.140123,0.186197,0.763792,-0.024938,0.056131,27.262547,0.557348,7.296109,6.335164,0.375531,0.345725
16.200000,9.176324,0.144036,0.188075,0.762450,-0.025086,0.056545,27.208348,0.561410,7.286061,6.318113,0.375232,0.345172
16.233333,9.201422,0.147984,0.189967,0.761099,-0.025233,0.056962,27.153953,0.565497,7.275986,6.300991,0.374932,0.344615
16.266667,9.226469,0.151965,0.191873,0.759741,-0.025382,0.057381,27.099368,0.569610,7.265885,6.283799,0.374630,0.344056
16.300000,9.251465,0.155981,0.193792,0.758376,-0.025530,0.057804,27.044595,0.573749,7.255760,6.266538,0.374328,0.343493
16.333333,9.276409,0.160032,0.195726,0.757003,-0.025679,0.058229,26.989640,0.577913,7.245611,6.249209,0.374025,0.342927
16.366667,9.301301,0.164117,0.197674,0.755624,-0.025829,0.058657,26.934507,0.582104,7.235440,6.231813,0.373721,0.342358
16.400000,9.326141,0.168237,0.199637,0.754237,-0.025979,0.059088,26.879200,0.586320,7.225248,6.214352,0.373417,0.341786
16.433333,9.350928,0.172391,0.201613,0.752844,-0.026129,0.059522,26.823724,0.590562,7.215036,6.196826,0.373111,0.341210
16.466667,9.375663,0.176580,0.203605,0.751444,-0.026280,0.059958,26.768084,0.594830,7.204805,6.179237,0.372805,0.340632
16.500000,9.400344,0.180805,0.205611,0.750037,-0.026431,0.060398,26.712283,0.599123,7.194556,6.161585,0.372497,0.340050
16.533333,9.424971,0.185064,0.207631,0.748623,-0.026582,0.060840,26.656326,0.603443,7.184291,6.143872,0.372189,0.339465
16.566667,9.449545,0.189359,0.209667,0.747204,-0.026734,0.061286,26.600218,0.607788,7.174009,6.126100,0.371880,0.338878
16.600000,9.474065,0.193689,0.211717,0.745778,-0.026887,0.061734,26.543963,0.612159,7.163714,6.108268,0.371571,0.338287
16.633333,9.498530,0.198054,0.213782,0.744345,-0.027039,0.062185,26.487565,0.616555,7.153405,6.090378,0.371261,0.337693
16.666667,9.522941,0.202455,0.215863,0.742907,-0.027193,0.062639,26.431030,0.620978,7.143083,6.072432,0.370950,0.337096
16.700000,9.547296,0.206892,0.217958,0.741463,-0.027346,0.063096,26.374361,0.625426,7.132750,6.054430,0.370639,0.336497
16.733333,9.571596,0.211364,0.220069,0.740013,-0.027500,0.063556,26.317563,0.629899,7.122407,6.036374,0.370327,0.335894
16.766667,9.595840,0.215872,0.222195,0.738557,-0.027654,0.064018,26.260640,0.634398,7.112055,6.018265,0.370014,0.335288
16.800000,9.620029,0.220416,0.224337,0.737095,-0.027809,0.064484,26.203598,0.638923,7.101695,6.000104,0.369701,0.334680
16.833333,9.644161,0.224996,0.226494,0.735629,-0.027964,0.064953,26.146440,0.643472,7.091328,5.981892,0.369388,0.334069
16.866667,9.668237,0.229613,0.228667,0.734156,-0.028119,0.065424,26.089170,0.648048,7.080954,5.963631,0.369074,0.333454
16.900000,9.692256,0.234265,0.230856,0.732679,-0.028275,0.065899,26.031795,0.652648,7.070576,5.945321,0.368759,0.332837
16.933333,9.716218,0.238954,0.233060,0.731197,-0.028431,0.066376,25.974317,0.657274,7.060194,5.926964,0.368444,0.332218
16.966667,9.740122,0.243679,0.235281,0.729709,-0.028588,0.066856,25.916742,0.661924,7.049810,5.908561,0.368129,0.331595
17.000000,9.763969,0.248441,0.237517,0.728217,-0.028744,0.067340,25.859074,0.666599,7.039423,5.890114,0.367814,0.330970
17.033333,9.787758,0.253240,0.239770,0.726720,-0.028902,0.067826,25.801317,0.671300,7.029036,5.871623,0.367498,0.330342
17.066667,9.811488,0.258075,0.242039,0.725218,-0.029059,0.068315,25.743477,0.676025,7.018649,5.853089,0.367182,0.329711
17.100000,9.835160,0.262947,0.244324,0.723712,-0.029217,0.068807,25.685557,0.680774,7.008263,5.834515,0.366866,0.329077
17.133333,9.858774,0.267856,0.246626,0.722201,-0.029375,0.069302,25.627563,0.685548,6.997880,5.815901,0.366549,0.328441
17.166667,9.882328,0.272802,0.248945,0.720686,-0.029533,0.069800,25.569498,0.690346,6.987500,5.797249,0.366232,0.327802
17.200000,9.905823,0.277786,0.251280,0.719167,-0.029692,0.070301,25.511368,0.695167,6.977124,5.778560,0.365916,0.327161
17.233333,9.929259,0.282806,0.253631,0.717644,-0.029851,0.070805,25.453177,0.700013,6.966754,5.759835,0.365599,0.326517
17.266667,9.952635,0.287864,0.256000,0.716117,-0.030011,0.071311,25.394930,0.704883,6.956390,5.741075,0.365282,0.325871
17.300000,9.975951,0.292959,0.258385,0.714586,-0.030170,0.071821,25.336630,0.709776,6.946033,5.722282,0.364964,0.325222
17.333333,9.999207,0.298092,0.260788,0.713052,-0.030330,0.072333,25.278284,0.714692,6.935685,5.703457,0.364647,0.324571
17.366667,10.022402,0.303263,0.263208,0.711514,-0.030491,0.072849,25.219895,0.719631,6.925345,5.684602,0.364330,0.323917
17.400000,10.045536,0.308471,0.265644,0.709972,-0.030651,0.073367,25.161467,0.724593,6.915016,5.665718,0.364013,0.323261
17.433333,10.068609,0.313717,0.268099,0.708428,-0.030812,0.073888,25.103007,0.729578,6.904698,5.646805,0.363696,0.322602
17.466667,10.091621,0.319001,0.270570,0.706880,-0.030973,0.074412,25.044517,0.734585,6.894392,5.627867,0.363379,0.321941
17.500000,10.114572,0.324323,0.273060,0.705329,-0.031134,0.074939,24.986004,0.739614,6.884099,5.608903,0.363062,0.321278
17.533333,10.137461,0.329683,0.275566,0.703775,-0.031296,0.075469,24.927471,0.744665,6.873820,5.589916,0.362745,0.320612
17.566667,10.160288,0.335081,0.278091,0.702218,-0.031458,0.076002,24.868923,0.749737,6.863556,5.570906,0.362429,0.319944
17.600000,10.183052,0.340518,0.280633,0.700659,-0.031620,0.076537,24.810365,0.754830,6.853307,5.551876,0.362112,0.319274
17.633333,10.205755,0.345993,0.283193,0.699097,-0.031782,0.077075,24.751802,0.759945,6.843075,5.532826,0.361796,0.318602
17.666667,10.228394,0.351507,0.285771,0.697533,-0.031944,0.077617,24.693237,0.765079,6.832861,5.513758,0.361480,0.317928
17.700000,10.250971,0.357059,0.288368,0.695966,-0.032107,0.078160,24.634677,0.770235,6.822665,5.494674,0.361165,0.317251
17.733333,10.273485,0.362649,0.290982,0.694397,-0.032270,0.078707,24.576125,0.775409,6.812488,5.475575,0.360849,0.316573
17.766667,10.295936,0.368279,0.293615,0.692826,-0.032433,0.079256,24.517586,0.780604,6.802331,5.456462,0.360535,0.315892
17.800000,10.318322,0.373947,0.296266,0.691253,-0.032596,0.079808,24.459065,0.785817,6.792195,5.437337,0.360220,0.315210
17.833333,10.340646,0.379655,0.298935,0.689678,-0.032760,0.080363,24.400567,0.791050,6.782081,5.418202,0.359906,0.314525
17.866667,10.362905,0.385401,0.301623,0.688102,-0.032923,0.080921,24.342095,0.796300,6.771989,5.399058,0.359592,0.313839
17.900000,10.385100,0.391187,0.304330,0.686524,-0.033087,0.081481,24.283656,0.801568,6.761921,5.379907,0.359279,0.313151
17.933333,10.407231,0.397011,0.307056,0.684944,-0.033251,0.082044,24.225254,0.806854,6.751877,5.360749,0.358966,0.312461
17.966667,10.429297,0.402875,0.309800,0.683363,-0.033415,0.082609,24.166893,0.812157,6.741859,5.341588,0.358653,0.311769
18.000000,10.451299,0.408779,0.312563,0.681781,-0.033579,0.083177,24.108578,0.817476,6.731865,5.322423,0.358342,0.311076
18.033333,10.473235,0.414722,0.315345,0.680198,-0.033743,0.083748,24.050313,0.822812,6.721899,5.303258,0.358030,0.310380
18.066667,10.495107,0.420704,0.318146,0.678614,-0.033907,0.084321,23.992105,0.828162,6.711959,5.284093,0.357719,0.309684
18.100000,10.516913,0.426726,0.320966,0.677029,-0.034072,0.084896,23.933957,0.833528,6.702048,5.264930,0.357409,0.308985
18.133333,10.538654,0.432788,0.323806,0.675443,-0.034236,0.085474,23.875874,0.838909,6.692166,5.245771,0.357100,0.308285
18.166667,10.560329,0.438890,0.326665,0.673857,-0.034401,0.086055,23.817861,0.844303,6.682312,5.226618,0.356791,0.307584
18.200000,10.581938,0.445032,0.329543,0.672270,-0.034565,0.086638,23.759922,0.849710,6.672490,5.207471,0.356483,0.306881
18.233333,10.603481,0.451213,0.332440,0.670683,-0.034730,0.087223,23.702063,0.855131,6.662697,5.188334,0.356175,0.306177
18.266667,10.624957,0.457435,0.335358,0.669096,-0.034895,0.087811,23.644288,0.860563,6.652937,5.169207,0.355868,0.305471
18.300000,10.646368,0.463697,0.338294,0.667509,-0.035059,0.088400,23.586601,0.866007,6.643208,5.150092,0.355562,0.304765
18.333333,10.667712,0.469999,0.341251,0.665922,-0.035224,0.088993,23.529009,0.871462,6.633513,5.130992,0.355257,0.304057
18.366667,10.688988,0.476341,0.344227,0.664335,-0.035389,0.089587,23.471515,0.876928,6.623851,5.111907,0.354953,0.303347
18.400000,10.710198,0.482724,0.347223,0.662748,-0.035554,0.090183,23.414124,0.882403,6.614223,5.092839,0.354649,0.302637
18.433333,10.731341,0.489148,0.350240,0.661162,-0.035718,0.090782,23.356841,0.887886,6.604629,5.073791,0.354346,0.301926
18.466667,10.752417,0.495612,0.353276,0.659576,-0.035883,0.091383,23.299671,0.893378,6.595071,5.054764,0.354044,0.301213
18.500000,10.773425,0.502116,0.356332,0.657991,-0.036047,0.091986,23.242619,0.898878,6.585549,5.035760,0.353743,0.300500
18.533333,10.794366,0.508662,0.359408,0.656406,-0.036212,0.092590,23.185689,0.904384,6.576063,5.016781,0.353442,0.299786
18.566667,10.815239,0.515248,0.362504,0.654823,-0.036376,0.093197,23.128886,0.909896,6.566614,4.997828,0.353143,0.299071
18.600000,10.836043,0.521875,0.365621,0.653241,-0.036540,0.093805,23.072215,0.915413,6.557203,4.978904,0.352845,0.298356
18.633333,10.856780,0.528543,0.368758,0.651660,-0.036705,0.094416,23.015681,0.920935,6.547830,4.960011,0.352547,0.297639
18.666667,10.877449,0.535252,0.371915,0.650080,-0.036869,0.095028,22.959288,0.926460,6.538495,4.941150,0.352250,0.296922
18.700000,10.898049,0.542003,0.375093,0.648502,-0.037033,0.095642,22.903042,0.931988,6.529198,4.922322,0.351955,0.296205
18.733333,10.918581,0.548794,0.378292,0.646925,-0.037196,0.096257,22.846947,0.937518,6.519942,4.903532,0.351660,0.295487
18.766667,10.939044,0.555627,0.381510,0.645350,-0.037360,0.096874,22.791008,0.943049,6.510725,4.884779,0.351367,0.294769
18.800000,10.959438,0.562501,0.384750,0.643777,-0.037523,0.097493,22.735230,0.948580,6.501548,4.866066,0.351074,0.294050
18.833333,10.979764,0.569417,0.388010,0.642206,-0.037686,0.098113,22.679617,0.954110,6.492413,4.847396,0.350783,0.293332
18.866667,11.000020,0.576374,0.391291,0.640637,-0.037849,0.098734,22.624175,0.959638,6.483318,4.828770,0.350492,0.292613
18.900000,11.020207,0.583373,0.394592,0.639070,-0.038012,0.099357,22.568908,0.965163,6.474264,4.810189,0.350203,0.291894
18.933333,11.040325,0.590413,0.397915,0.637506,-0.038174,0.099981,22.513821,0.970685,6.465253,4.791657,0.349915,0.291175
18.966667,11.060373,0.597495,0.401258,0.635944,-0.038336,0.100606,22.458919,0.976203,6.456284,4.773176,0.349627,0.290456
19.000000,11.080352,0.604619,0.404622,0.634385,-0.038498,0.101233,22.404206,0.981714,6.447357,4.754746,0.349341,0.289737
19.033333,11.100261,0.611785,0.408007,0.632828,-0.038660,0.101860,22.349688,0.987219,6.438473,4.736371,0.349056,0.289019
19.066667,11.120100,0.618993,0.411412,0.631274,-0.038821,0.102488,22.295369,0.992716,6.429632,4.718053,0.348773,0.288300
19.100000,11.139869,0.626243,0.414839,0.629724,-0.038982,0.103118,22.241254,0.998204,6.420834,4.699793,0.348490,0.287583
19.133333,11.159568,0.633535,0.418287,0.628176,-0.039142,0.103748,22.187347,1.003682,6.412080,4.681594,0.348208,0.286865
19.166667,11.179197,0.640870,0.421756,0.626632,-0.039302,0.104378,22.133654,1.009149,6.403370,4.663457,0.347928,0.286149
19.200000,11.198755,0.648246,0.425245,0.625091,-0.039462,0.105010,22.080180,1.014604,6.394704,4.645386,0.347649,0.285433
19.233333,11.218243,0.655665,0.428756,0.623554,-0.039621,0.105641,22.026929,1.020046,6.386082,4.627383,0.347371,0.284718
19.266667,11.237661,0.663126,0.432288,0.622020,-0.039780,0.106274,21.973905,1.025473,6.377504,4.609448,0.347094,0.284003
19.300000,11.257008,0.670630,0.435841,0.620491,-0.039938,0.106906,21.921114,1.030884,6.368971,4.591586,0.346819,0.283290
19.333333,11.276284,0.678176,0.439415,0.618965,-0.040096,0.107539,21.868560,1.036278,6.360483,4.573797,0.346544,0.282578
19.366667,11.295489,0.685765,0.443010,0.617443,-0.040254,0.108172,21.816249,1.041655,6.352040,4.556084,0.346271,0.281867
19.400000,11.314623,0.693397,0.446627,0.615926,-0.040411,0.108805,21.764184,1.047012,6.343642,4.538450,0.345999,0.281157
19.433333,11.333687,0.701071,0.450264,0.614412,-0.040567,0.109438,21.712371,1.052348,6.335289,4.520896,0.345729,0.280449
19.466667,11.352679,0.708788,0.453923,0.612904,-0.040723,0.110071,21.660814,1.057662,6.326981,4.503426,0.345459,0.279742
19.500000,11.371599,0.716548,0.457602,0.611399,-0.040878,0.110704,21.609518,1.062953,6.318719,4.486040,0.345191,0.279037
19.533333,11.390449,0.724351,0.461303,0.609900,-0.041032,0.111336,21.558488,1.068220,6.310501,4.468743,0.344924,0.278333
19.566667,11.409227,0.732197,0.465025,0.608405,-0.041186,0.111968,21.507728,1.073461,6.302329,4.451535,0.344659,0.277631
19.600000,11.427933,0.740086,0.468767,0.606916,-0.041339,0.112600,21.457243,1.078675,6.294203,4.434419,0.344395,0.276931
19.633333,11.446568,0.748018,0.472531,0.605431,-0.041492,0.113230,21.407038,1.083860,6.286121,4.417398,0.344131,0.276233
19.666667,11.465132,0.755993,0.476316,0.603952,-0.041644,0.113860,21.357117,1.089015,6.278085,4.400473,0.343870,0.275538
19.700000,11.483623,0.764012,0.480122,0.602478,-0.041795,0.114489,21.307485,1.094139,6.270095,4.383648,0.343609,0.274844
19.733333,11.502043,0.772074,0.483949,0.601010,-0.041945,0.115117,21.258147,1.099230,6.262149,4.366924,0.343350,0.274153
19.766667,11.520390,0.780179,0.487796,0.599547,-0.042095,0.115743,21.209107,1.104288,6.254249,4.350305,0.343092,0.273464
19.800000,11.538666,0.788328,0.491665,0.598090,-0.042244,0.116369,21.160369,1.109309,6.246394,4.333791,0.342835,0.272778
19.833333,11.556869,0.796520,0.495554,0.596639,-0.042392,0.116993,21.111939,1.114294,6.238583,4.317386,0.342579,0.272095
19.866667,11.575001,0.804756,0.499464,0.595194,-0.042539,0.117615,21.063821,1.119240,6.230818,4.301093,0.342325,0.271415
19.900000,11.593060,0.813035,0.503395,0.593756,-0.042685,0.118236,21.016019,1.124147,6.223097,4.284913,0.342072,0.270737
19.933333,11.611047,0.821359,0.507347,0.592323,-0.042831,0.118855,20.968538,1.129012,6.215421,4.268848,0.341821,0.270063
19.966667,11.628961,0.829725,0.511319,0.590897,-0.042975,0.119472,20.921383,1.133834,6.207789,4.252902,0.341570,0.269392
20.000000,11.646804,0.838136,0.515312,0.589478,-0.043119,0.120088,20.874557,1.138612,6.200202,4.237077,0.341321,0.268724
20.033333,11.664573,0.846591,0.519325,0.588065,-0.043262,0.120700,20.828066,1.143345,6.192658,4.221375,0.341073,0.268060
20.066667,11.682270,0.855089,0.523358,0.586659,-0.043403,0.121311,20.781914,1.148029,6.185159,4.205798,0.340827,0.267399
20.100000,11.699895,0.863632,0.527412,0.585260,-0.043544,0.121919,20.736104,1.152665,6.177703,4.190349,0.340581,0.266742
20.133333,11.717447,0.872218,0.531486,0.583868,-0.043683,0.122525,20.690642,1.157251,6.170291,4.175030,0.340337,0.266089
20.166667,11.734926,0.880849,0.535581,0.582484,-0.043822,0.123127,20.645532,1.161785,6.162922,4.159844,0.340094,0.265440
20.200000,11.752332,0.889523,0.539695,0.581106,-0.043959,0.123727,20.600779,1.166265,6.155596,4.144794,0.339852,0.264795
20.233333,11.769666,0.898242,0.543829,0.579737,-0.044096,0.124324,20.556385,1.170691,6.148313,4.129880,0.339612,0.264155
20.266667,11.786927,0.907006,0.547983,0.578374,-0.044231,0.124918,20.512357,1.175060,6.141072,4.115107,0.339373,0.263519
20.300000,11.804115,0.915813,0.552157,0.577020,-0.044365,0.125508,20.468697,1.179371,6.133873,4.100475,0.339135,0.262887
20.333333,11.821230,0.924665,0.556350,0.575673,-0.044498,0.126095,20.425411,1.183622,6.126717,4.085989,0.338898,0.262260
20.366667,11.838272,0.933561,0.560563,0.574335,-0.044630,0.126678,20.382502,1.187813,6.119602,4.071649,0.338662,0.261638
20.400000,11.855240,0.942502,0.564796,0.573004,-0.044760,0.127258,20.339975,1.191941,6.112529,4.057458,0.338428,0.261021
20.433333,11.872136,0.951487,0.569047,0.571682,-0.044889,0.127833,20.297833,1.196005,6.105497,4.043420,0.338195,0.260409
20.466667,11.888959,0.960517,0.573318,0.570368,-0.045017,0.128405,20.256081,1.200003,6.098505,4.029535,0.337963,0.259802
20.500000,11.905709,0.969591,0.577607,0.569063,-0.045143,0.128972,20.214722,1.203934,6.091555,4.015807,0.337732,0.259201
20.533333,11.922385,0.978710,0.581916,0.567766,-0.045269,0.129535,20.173762,1.207796,6.084644,4.002237,0.337503,0.258605
20.566667,11.938989,0.987874,0.586243,0.566478,-0.045392,0.130093,20.133203,1.211588,6.077774,3.988828,0.337274,0.258015
20.600000,11.955519,0.997082,0.590589,0.565199,-0.045515,0.130646,20.093050,1.215309,6.070943,3.975582,0.337047,0.257431
20.633333,11.971976,1.006336,0.594953,0.563929,-0.045636,0.131195,20.053306,1.218956,6.064151,3.962502,0.336821,0.256852
20.666667,11.988360,1.015634,0.599335,0.562668,-0.045755,0.131738,20.013976,1.222529,6.057399,3.949589,0.336596,0.256280
20.700000,12.004670,1.024977,0.603735,0.561417,-0.045873,0.132277,19.975063,1.226026,6.050685,3.936847,0.336372,0.255714
20.733333,12.020907,1.034365,0.608153,0.560174,-0.045990,0.132810,19.936571,1.229445,6.044009,3.924276,0.336149,0.255154
20.766667,12.037071,1.043798,0.612589,0.558942,-0.046105,0.133337,19.898503,1.232786,6.037372,3.911880,0.335927,0.254601
20.800000,12.053162,1.053276,0.617043,0.557719,-0.046219,0.133859,19.860864,1.236045,6.030772,3.899660,0.335707,0.254055
20.833333,12.069179,1.062799,0.621513,0.556505,-0.046330,0.134375,19.823657,1.239224,6.024210,3.887618,0.335487,0.253515
20.866667,12.085122,1.072367,0.626001,0.555302,-0.046441,0.134885,19.786885,1.242318,6.017685,3.875757,0.335269,0.252982
20.900000,12.100993,1.081980,0.630506,0.554108,-0.046549,0.135389,19.750552,1.245329,6.011198,3.864079,0.335052,0.252457
20.933333,12.116790,1.091639,0.635027,0.552925,-0.046656,0.135886,19.714662,1.248254,6.004746,3.852585,0.334836,0.251938
20.966667,12.132514,1.101342,0.639565,0.551751,-0.046762,0.136377,19.679218,1.251091,5.998331,3.841278,0.334620,0.251427
21.000000,12.148164,1.111091,0.644119,0.550588,-0.046865,0.136862,19.644224,1.253840,5.991952,3.830160,0.334406,0.250924
21.033333,12.163741,1.120886,0.648689,0.549436,-0.046967,0.137339,19.609682,1.256499,5.985609,3.819232,0.334193,0.250428
21.066667,12.179244,1.130725,0.653275,0.548294,-0.047067,0.137810,19.575596,1.259067,5.979302,3.808496,0.333982,0.249940
21.100000,12.194675,1.140610,0.657876,0.547163,-0.047166,0.138273,19.541969,1.261543,5.973029,3.797955,0.333771,0.249459
21.133333,12.210031,1.150541,0.662493,0.546042,-0.047262,0.138729,19.508805,1.263926,5.966792,3.787610,0.333561,0.248987
21.166667,12.225315,1.160517,0.667125,0.544933,-0.047357,0.139178,19.476106,1.266214,5.960590,3.777463,0.333352,0.248523
21.200000,12.240525,1.170538,0.671771,0.543834,-0.047450,0.139619,19.443875,1.268406,5.954422,3.767515,0.333144,0.248067
21.233333,12.255662,1.180606,0.676433,0.542747,-0.047540,0.140053,19.412116,1.270502,5.948289,3.757769,0.332937,0.247620
21.266667,12.270725,1.190718,0.681108,0.541671,-0.047630,0.140478,19.380832,1.272499,5.942190,3.748226,0.332732,0.247181
21.300000,12.285715,1.200876,0.685798,0.540606,-0.047717,0.140895,19.350024,1.274398,5.936125,3.738887,0.332527,0.246750
21.333333,12.300632,1.211080,0.690501,0.539553,-0.047802,0.141304,19.319697,1.276197,5.930094,3.729754,0.332323,0.246329
21.366667,12.315475,1.221330,0.695218,0.538511,-0.047885,0.141705,19.289853,1.277895,5.924097,3.720829,0.332121,0.245916
21.400000,12.330245,1.231625,0.699948,0.537481,-0.047966,0.142097,19.260494,1.279491,5.918133,3.712114,0.331919,0.245513
21.433333,12.344942,1.241966,0.704691,0.536462,-0.048045,0.142481,19.231623,1.280985,5.912203,3.703608,0.331718,0.245118
21.466667,12.359566,1.252353,0.709447,0.535456,-0.048122,0.142856,19.203243,1.282375,5.906307,3.695315,0.331519,0.244733
21.500000,12.374116,1.262786,0.714215,0.534461,-0.048197,0.143222,19.175357,1.283661,5.900444,3.687235,0.331320,0.244357
21.533333,12.388593,1.273264,0.718995,0.533479,-0.048270,0.143578,19.147965,1.284842,5.894614,3.679369,0.331122,0.243990
21.566667,12.402997,1.283789,0.723787,0.532509,-0.048341,0.143926,19.121072,1.285917,5.888817,3.671719,0.330926,0.243633
21.600000,12.417328,1.294359,0.728590,0.531551,-0.048410,0.144264,19.094679,1.286886,5.883054,3.664285,0.330730,0.243285
21.633333,12.431586,1.304975,0.733405,0.530605,-0.048476,0.144592,19.068788,1.287747,5.877324,3.657070,0.330535,0.242947
21.666667,12.445771,1.315637,0.738230,0.529672,-0.048541,0.144911,19.043402,1.288501,5.871627,3.650074,0.330342,0.242620
21.700000,12.459882,1.326345,0.743065,0.528751,-0.048603,0.145220,19.018523,1.289147,5.865964,3.643297,0.330149,0.242301
21.733333,12.473921,1.337100,0.747911,0.527843,-0.048663,0.145520,18.994152,1.289684,5.860334,3.636741,0.329957,0.241993
21.766667,12.487887,1.347900,0.752767,0.526948,-0.048721,0.145809,18.970291,1.290112,5.854738,3.630408,0.329767,0.241695
21.800000,12.501779,1.358746,0.757632,0.526065,-0.048776,0.146088,18.946943,1.290430,5.849175,3.624296,0.329577,0.241407
21.833333,12.515599,1.369638,0.762506,0.525196,-0.048830,0.146357,18.924109,1.290638,5.843647,3.618408,0.329389,0.241129
21.866667,12.529346,1.380577,0.767389,0.524339,-0.048881,0.146615,18.901791,1.290737,5.838152,3.612744,0.329201,0.240862
21.900000,12.543020,1.391561,0.772280,0.523495,-0.048929,0.146863,18.879990,1.290724,5.832691,3.607304,0.329015,0.240605
21.933333,12.556622,1.402592,0.777180,0.522665,-0.048976,0.147101,18.858708,1.290601,5.827264,3.602090,0.328830,0.240358
21.966667,12.570150,1.413669,0.782087,0.521848,-0.049020,0.147327,18.837946,1.290368,5.821872,3.597101,0.328645,0.240121
22.000000,12.583606,1.424792,0.787001,0.521044,-0.049062,0.147543,18.817706,1.290023,5.816515,3.592338,0.328462,0.239896
22.033333,12.596990,1.435962,0.791923,0.520253,-0.049101,0.147748,18.797989,1.289567,5.811193,3.587801,0.328280,0.239680
22.066667,12.610300,1.447177,0.796851,0.519476,-0.049138,0.147942,18.778796,1.289000,5.805906,3.583492,0.328099,0.239475
22.100000,12.623539,1.458439,0.801786,0.518712,-0.049173,0.148125,18.760129,1.288323,5.800655,3.579409,0.327919,0.239281
22.133333,12.636704,1.469747,0.806726,0.517962,-0.049205,0.148297,18.741988,1.287534,5.795440,3.575554,0.327740,0.239098
22.166667,12.649798,1.481102,0.811672,0.517226,-0.049235,0.148458,18.724374,1.286635,5.790262,3.571925,0.327563,0.238925
22.200000,12.662819,1.492503,0.816624,0.516503,-0.049262,0.148607,18.707289,1.285626,5.785120,3.568524,0.327386,0.238763
22.233333,12.675768,1.503950,0.821579,0.515794,-0.049287,0.148745,18.690733,1.284506,5.780016,3.565351,0.327211,0.238612
22.266667,12.688644,1.515443,0.826540,0.515099,-0.049310,0.148871,18.674706,1.283276,5.774949,3.562404,0.327037,0.238471
22.300000,12.701449,1.526983,0.831504,0.514418,-0.049330,0.148986,18.659210,1.281936,5.769920,3.559685,0.326864,0.238341
22.333333,12.714181,1.538569,0.836472,0.513751,-0.049348,0.149090,18.644245,1.280488,5.764930,3.557192,0.326693,0.238222
22.366667,12.726841,1.550202,0.841444,0.513098,-0.049363,0.149181,18.629811,1.278930,5.759979,3.554927,0.326522,0.238114
22.400000,12.739429,1.561881,0.846418,0.512459,-0.049376,0.149261,18.615909,1.277265,5.755068,3.552887,0.326353,0.238016
22.433333,12.751946,1.573606,0.851394,0.511834,-0.049386,0.149330,18.602539,1.275491,5.750196,3.551073,0.326185,0.237930
22.466667,12.764390,1.585378,0.856373,0.511223,-0.049394,0.149386,18.589702,1.273611,5.745366,3.549485,0.326019,0.237854
22.500000,12.776763,1.597196,0.861353,0.510626,-0.049399,0.149431,18.577397,1.271624,5.740577,3.548122,0.325854,0.237788
22.533333,12.789064,1.609061,0.866335,0.510044,-0.049402,0.149464,18.565624,1.269531,5.735829,3.546983,0.325690,0.237734
22.566667,12.801294,1.620972,0.871318,0.509476,-0.049403,0.149485,18.554384,1.267333,5.731125,3.546067,0.325527,0.237690
22.600000,12.813452,1.632930,0.876301,0.508922,-0.049400,0.149494,18.543676,1.265031,5.726463,3.545375,0.325366,0.237657
22.633333,12.825538,1.644934,0.881284,0.508383,-0.049396,0.149491,18.533501,1.262626,5.721846,3.544905,0.325207,0.237634
22.666667,12.837553,1.656985,0.886267,0.507858,-0.049389,0.149477,18.523857,1.260118,5.717272,3.544656,0.325049,0.237622
22.700000,12.849497,1.669082,0.891249,0.507347,-0.049379,0.149450,18.514744,1.257508,5.712745,3.544628,0.324892,0.237621
22.733333,12.861370,1.681226,0.896230,0.506851,-0.049367,0.149412,18.506163,1.254797,5.708262,3.544819,0.324737,0.237630
22.766667,12.873171,1.693416,0.901210,0.506370,-0.049352,0.149362,18.498112,1.251987,5.703827,3.545229,0.324583,0.237650
22.800000,12.884902,1.705652,0.906188,0.505903,-0.049335,0.149299,18.490590,1.249078,5.699439,3.545856,0.324431,0.237680
22.833333,12.896561,1.717936,0.911163,0.505450,-0.049316,0.149225,18.483598,1.246071,5.695099,3.546700,0.324281,0.237720
22.866667,12.908150,1.730265,0.916136,0.505012,-0.049294,0.149139,18.477134,1.242968,5.690808,3.547759,0.324132,0.237771
22.900000,12.919668,1.742641,0.921106,0.504589,-0.049269,0.149041,18.471197,1.239770,5.686566,3.549032,0.323985,0.237832
22.933333,12.931115,1.755064,0.926072,0.504180,-0.049242,0.148932,18.465787,1.236477,5.682375,3.550518,0.323839,0.237903
22.966667,12.942492,1.767533,0.931034,0.503786,-0.049213,0.148810,18.460902,1.233092,5.678236,3.552215,0.323696,0.237984
23.000000,12.953798,1.780049,0.935993,0.503407,-0.049181,0.148677,18.456541,1.229614,5.674148,3.554123,0.323554,0.238075
23.033333,12.965034,1.792612,0.940946,0.503042,-0.049146,0.148532,18.452703,1.226047,5.670113,3.556239,0.323413,0.238177
23.066667,12.976200,1.805220,0.945895,0.502691,-0.049109,0.148375,18.449387,1.222390,5.666131,3.558563,0.323275,0.238288
23.100000,12.987295,1.817876,0.950838,0.502356,-0.049070,0.148207,18.446591,1.218645,5.662204,3.561092,0.323138,0.238408
23.133333,12.998320,1.830578,0.955775,0.502035,-0.049028,0.148027,18.444314,1.214814,5.658332,3.563825,0.323003,0.238539
23.166667,13.009275,1.843326,0.960706,0.501729,-0.048984,0.147836,18.442554,1.210898,5.654516,3.566761,0.322871,0.238679
23.200000,13.020161,1.856121,0.965631,0.501437,-0.048937,0.147633,18.441310,1.206898,5.650757,3.569898,0.322740,0.238828
23.233333,13.030976,1.868963,0.970549,0.501160,-0.048888,0.147419,18.440580,1.202816,5.647056,3.573234,0.322611,0.238987
23.266667,13.041722,1.881851,0.975459,0.500898,-0.048836,0.147193,18.440362,1.198654,5.643413,3.576768,0.322484,0.239156
23.300000,13.052398,1.894785,0.980362,0.500650,-0.048782,0.146957,18.440654,1.194412,5.639829,3.580498,0.322359,0.239333
23.333333,13.063005,1.907766,0.985256,0.500417,-0.048726,0.146709,18.441455,1.190093,5.636306,3.584422,0.322236,0.239520
23.366667,13.073543,1.920793,0.990142,0.500198,-0.048667,0.146450,18.442762,1.185697,5.632843,3.588538,0.322115,0.239715
23.400000,13.084011,1.933867,0.995019,0.499994,-0.048606,0.146180,18.444573,1.181227,5.629443,3.592844,0.321996,0.239920
23.433333,13.094410,1.946988,0.999887,0.499805,-0.048543,0.145899,18.446887,1.176684,5.626105,3.597339,0.321879,0.240133
23.466667,13.104740,1.960155,1.004746,0.499630,-0.048477,0.145608,18.449700,1.172070,5.622830,3.602020,0.321765,0.240355
23.500000,13.115001,1.973368,1.009595,0.499469,-0.048409,0.145306,18.453011,1.167385,5.619619,3.606886,0.321653,0.240585
23.533333,13.125194,1.986628,1.014433,0.499323,-0.048338,0.144993,18.456818,1.162632,5.616474,3.611935,0.321543,0.240824
23.566667,13.135317,1.999934,1.019261,0.499192,-0.048266,0.144670,18.461117,1.157813,5.613394,3.617165,0.321435,0.241071
23.600000,13.145373,2.013286,1.024078,0.499075,-0.048191,0.144336,18.465906,1.152928,5.610380,3.622573,0.321329,0.241326
23.633333,13.155359,2.026685,1.028883,0.498972,-0.048114,0.143992,18.471183,1.147981,5.607434,3.628157,0.321226,0.241589
23.666667,13.165278,2.040131,1.033677,0.498883,-0.048034,0.143638,18.476945,1.142971,5.604556,3.633917,0.321125,0.241860
23.700000,13.175128,2.053622,1.038459,0.498809,-0.047953,0.143274,18.483189,1.137901,5.601747,3.639848,0.321027,0.242139
23.733333,13.184910,2.067160,1.043229,0.498749,-0.047869,0.142900,18.489913,1.132773,5.599007,3.645950,0.320931,0.242426
23.766667,13.194625,2.080745,1.047986,0.498704,-0.047783,0.142517,18.497114,1.127587,5.596337,3.652220,0.320837,0.242720
23.800000,13.204271,2.094376,1.052730,0.498672,-0.047695,0.142124,18.504789,1.122347,5.593738,3.658657,0.320746,0.243022
23.833333,13.213850,2.108053,1.057461,0.498655,-0.047604,0.141721,18.512934,1.117053,5.591210,3.665257,0.320658,0.243331
23.866667,13.223361,2.121776,1.062178,0.498651,-0.047512,0.141309,18.521547,1.111707,5.588755,3.672019,0.320571,0.243647
23.900000,13.232805,2.135546,1.066881,0.498662,-0.047417,0.140887,18.530625,1.106311,5.586372,3.678940,0.320488,0.243970
23.933333,13.242182,2.149361,1.071571,0.498687,-0.047321,0.140457,18.540164,1.100866,5.584063,3.686019,0.320407,0.244300
23.966667,13.251491,2.163224,1.076245,0.498725,-0.047222,0.140018,18.550162,1.095374,5.581828,3.693252,0.320328,0.244637
24.000000,13.260733,2.177132,1.080905,0.498778,-0.047121,0.139569,18.560615,1.089837,5.579668,3.700639,0.320252,0.244980
24.033333,13.269909,2.191086,1.085550,0.498844,-0.047018,0.139113,18.571519,1.084256,5.577583,3.708177,0.320179,0.245330
24.066667,13.279018,2.205087,1.090179,0.498923,-0.046914,0.138647,18.582872,1.078632,5.575574,3.715863,0.320108,0.245686
24.100000,13.288060,2.219134,1.094793,0.499017,-0.046807,0.138174,18.594671,1.072969,5.573641,3.723695,0.320040,0.246049
24.133333,13.297036,2.233227,1.099391,0.499124,-0.046698,0.137692,18.606910,1.067266,5.571784,3.731671,0.319975,0.246417
24.166667,13.305945,2.247365,1.103972,0.499245,-0.046588,0.137202,18.619588,1.061526,5.570005,3.739789,0.319913,0.246792
24.200000,13.314788,2.261551,1.108538,0.499379,-0.046475,0.136704,18.632700,1.055750,5.568304,3.748046,0.319853,0.247172
24.233333,13.323566,2.275782,1.113086,0.499526,-0.046361,0.136198,18.646243,1.049939,5.566681,3.756440,0.319796,0.247559
24.266667,13.332277,2.290059,1.117617,0.499687,-0.046244,0.135685,18.660212,1.044097,5.565136,3.764970,0.319741,0.247950
24.300000,13.340922,2.304382,1.122132,0.499861,-0.046126,0.135165,18.674606,1.038222,5.563671,3.773632,0.319690,0.248348
24.333333,13.349502,2.318751,1.126628,0.500048,-0.046006,0.134637,18.689419,1.032319,5.562285,3.782425,0.319641,0.248750
24.366667,13.358017,2.333165,1.131107,0.500248,-0.045885,0.134102,18.704648,1.026387,5.560978,3.791346,0.319595,0.249158
24.400000,13.366466,2.347626,1.135569,0.500461,-0.045761,0.133560,18.720289,1.020428,5.559752,3.800393,0.319552,0.249571
24.433333,13.374850,2.362133,1.140011,0.500687,-0.045636,0.133011,18.736338,1.014444,5.558605,3.809564,0.319511,0.249988
24.466667,13.383169,2.376685,1.144436,0.500925,-0.045509,0.132456,18.752791,1.008437,5.557540,3.818856,0.319474,0.250411
24.500000,13.391423,2.391284,1.148842,0.501177,-0.045381,0.131894,18.769645,1.002407,5.556555,3.828268,0.319439,0.250838
24.533333,13.399613,2.405928,1.153229,0.501441,-0.045251,0.131326,18.786895,0.996356,5.555651,3.837796,0.319407,0.251270
24.566667,13.407738,2.420617,1.157597,0.501717,-0.045119,0.130752,18.804538,0.990285,5.554829,3.847440,0.319378,0.251706
24.600000,13.415798,2.435353,1.161946,0.502006,-0.044985,0.130172,18.822568,0.984197,5.554088,3.857196,0.319352,0.252147
24.633333,13.423795,2.450134,1.166275,0.502308,-0.044850,0.129586,18.840983,0.978092,5.553428,3.867063,0.319329,0.252591
24.666667,13.431727,2.464960,1.170585,0.502621,-0.044714,0.128994,18.859778,0.971971,5.552850,3.877038,0.319309,0.253040
24.700000,13.439595,2.479832,1.174875,0.502947,-0.044576,0.128397,18.878948,0.965836,5.552354,3.887120,0.319291,0.253493
24.733333,13.447400,2.494750,1.179145,0.503285,-0.044436,0.127794,18.898491,0.959688,5.551940,3.897305,0.319277,0.253949
24.766667,13.455141,2.509713,1.183394,0.503635,-0.044295,0.127187,18.918400,0.953529,5.551608,3.907592,0.319265,0.254410
24.800000,13.462819,2.524722,1.187624,0.503996,-0.044153,0.126574,18.938673,0.947359,5.551357,3.917979,0.319256,0.254874
24.833333,13.470433,2.539776,1.191833,0.504370,-0.044009,0.125956,18.959305,0.941180,5.551189,3.928464,0.319250,0.255341
24.866667,13.477984,2.554875,1.196021,0.504755,-0.043863,0.125334,18.980292,0.934994,5.551102,3.939044,0.319247,0.255812
24.900000,13.485472,2.570020,1.200188,0.505152,-0.043717,0.124707,19.001629,0.928800,5.551097,3.949717,0.319247,0.256286
24.933333,13.492898,2.585210,1.204335,0.505560,-0.043569,0.124076,19.023313,0.922601,5.551174,3.960482,0.319250,0.256763
24.966667,13.500261,2.600446,1.208460,0.505979,-0.043419,0.123441,19.045338,0.916398,5.551333,3.971336,0.319255,0.257243
25.000000,13.507561,2.615726,1.212564,0.506410,-0.043269,0.122801,19.067700,0.910191,5.551573,3.982277,0.319264,0.257726
25.033333,13.514799,2.631052,1.216647,0.506851,-0.043117,0.122158,19.090396,0.903982,5.551894,3.993304,0.319275,0.258212
25.066667,13.521975,2.646422,1.220708,0.507304,-0.042964,0.121511,19.113420,0.897772,5.552297,4.004413,0.319289,0.258701
25.100000,13.529090,2.661838,1.224747,0.507768,-0.042809,0.120860,19.136768,0.891562,5.552780,4.015604,0.319306,0.259192
25.133333,13.536142,2.677299,1.228765,0.508242,-0.042654,0.120206,19.160436,0.885353,5.553344,4.026874,0.319326,0.259686
25.166667,13.543133,2.692804,1.232761,0.508727,-0.042497,0.119549,19.184419,0.879146,5.553989,4.038221,0.319349,0.260182
25.200000,13.550062,2.708355,1.236735,0.509223,-0.042339,0.118888,19.208713,0.872941,5.554714,4.049643,0.319374,0.260680
25.233333,13.556931,2.723950,1.240687,0.509729,-0.042180,0.118224,19.233314,0.866741,5.555519,4.061138,0.319403,0.261181
25.266667,13.563738,2.739591,1.244617,0.510246,-0.042020,0.117558,19.258216,0.860545,5.556403,4.072705,0.319434,0.261684
25.300000,13.570484,2.755276,1.248524,0.510772,-0.041859,0.116889,19.283416,0.854355,5.557367,4.084341,0.319468,0.262189
25.333333,13.577170,2.771005,1.252409,0.511309,-0.041697,0.116217,19.308909,0.848171,5.558409,4.096045,0.319504,0.262696
25.366667,13.583795,2.786779,1.256272,0.511856,-0.041534,0.115543,19.334690,0.841995,5.559530,4.107815,0.319544,0.263204
25.400000,13.590359,2.802598,1.260112,0.512412,-0.041370,0.114866,19.360755,0.835827,5.560730,4.119648,0.319586,0.263714
25.433333,13.596864,2.818462,1.263930,0.512979,-0.041204,0.114188,19.387100,0.829669,5.562007,4.131543,0.319631,0.264226
25.466667,13.603309,2.834370,1.267725,0.513555,-0.041038,0.113507,19.413720,0.823520,5.563361,4.143499,0.319679,0.264740
25.500000,13.609693,2.850322,1.271497,0.514140,-0.040871,0.112824,19.440610,0.817382,5.564792,4.155513,0.319729,0.265255
25.533333,13.616019,2.866318,1.275246,0.514735,-0.040704,0.112140,19.467765,0.811255,5.566299,4.167584,0.319782,0.265771
25.566667,13.622284,2.882359,1.278973,0.515339,-0.040535,0.111454,19.495182,0.805140,5.567882,4.179709,0.319838,0.266289
25.600000,13.628491,2.898444,1.282677,0.515953,-0.040365,0.110766,19.522856,0.799039,5.569540,4.191888,0.319896,0.266808
25.633333,13.634638,2.914574,1.286357,0.516575,-0.040195,0.110078,19.550782,0.792950,5.571274,4.204118,0.319957,0.267328
25.666667,13.640727,2.930747,1.290015,0.517206,-0.040024,0.109387,19.578956,0.786876,5.573081,4.216397,0.320021,0.267849
25.700000,13.646757,2.946964,1.293650,0.517846,-0.039852,0.108696,19.607374,0.780817,5.574962,4.228725,0.320087,0.268371
25.733333,13.652728,2.963226,1.297262,0.518495,-0.039679,0.108004,19.636029,0.774774,5.576916,4.241099,0.320156,0.268894
25.766667,13.658642,2.979531,1.300850,0.519152,-0.039506,0.107311,19.664919,0.768746,5.578942,4.253518,0.320227,0.269418
25.800000,13.664497,2.995880,1.304416,0.519818,-0.039332,0.106617,19.694039,0.762735,5.581040,4.265979,0.320301,0.269942
25.833333,13.670294,3.012273,1.307958,0.520492,-0.039157,0.105923,19.723384,0.756742,5.583210,4.278482,0.320377,0.270468
25.866667,13.676033,3.028709,1.311477,0.521174,-0.038981,0.105228,19.752949,0.750766,5.585450,4.291025,0.320455,0.270993
25.900000,13.681715,3.045190,1.314973,0.521864,-0.038805,0.104532,19.782731,0.744809,5.587759,4.303606,0.320536,0.271520
25.933333,13.687340,3.061713,1.318446,0.522562,-0.038629,0.103836,19.812724,0.738870,5.590138,4.316224,0.320620,0.272047
25.966667,13.692907,3.078281,1.321895,0.523268,-0.038451,0.103140,19.842924,0.732951,5.592585,4.328877,0.320706,0.272574
26.000000,13.698418,3.094891,1.325322,0.523981,-0.038274,0.102444,19.873328,0.727052,5.595101,4.341563,0.320794,0.273101
26.033333,13.703871,3.111546,1.328725,0.524702,-0.038095,0.101748,19.903929,0.721173,5.597683,4.354282,0.320885,0.273629
26.066667,13.709268,3.128243,1.332105,0.525431,-0.037916,0.101052,19.934724,0.715314,5.600331,4.367031,0.320977,0.274157
26.100000,13.714609,3.144984,1.335462,0.526167,-0.037737,0.100356,19.965708,0.709477,5.603045,4.379809,0.321072,0.274686
26.133333,13.719894,3.161767,1.338795,0.526910,-0.037557,0.099660,19.996877,0.703661,5.605824,4.392615,0.321170,0.275214
26.166667,13.725123,3.178594,1.342106,0.527660,-0.037376,0.098965,20.028227,0.697867,5.608667,4.405447,0.321269,0.275742
26.200000,13.730296,3.195464,1.345393,0.528417,-0.037195,0.098271,20.059753,0.692096,5.611573,4.418304,0.321371,0.276271
26.233333,13.735413,3.212376,1.348657,0.529180,-0.037014,0.097576,20.091450,0.686347,5.614541,4.431184,0.321475,0.276799
26.266667,13.740475,3.229332,1.351898,0.529951,-0.036832,0.096883,20.123314,0.680621,5.617571,4.444086,0.321581,0.277327
26.300000,13.745482,3.246330,1.355116,0.530728,-0.036650,0.096190,20.155342,0.674919,5.620662,4.457009,0.321689,0.277855
26.333333,13.750434,3.263371,1.358311,0.531511,-0.036468,0.095498,20.187528,0.669240,5.623813,4.469951,0.321799,0.278382
26.366667,13.755331,3.280455,1.361483,0.532301,-0.036285,0.094807,20.219867,0.663586,5.627023,4.482910,0.321911,0.278909
26.400000,13.760174,3.297581,1.364631,0.533096,-0.036102,0.094117,20.252357,0.657955,5.630292,4.495887,0.322026,0.279436
26.433333,13.764963,3.314749,1.367757,0.533898,-0.035918,0.093428,20.284992,0.652349,5.633618,4.508878,0.322142,0.279963
26.466667,13.769697,3.331960,1.370860,0.534706,-0.035734,0.092740,20.317768,0.646768,5.637001,4.521884,0.322260,0.280489
26.500000,13.774377,3.349213,1.373940,0.535520,-0.035550,0.092054,20.350681,0.641212,5.640439,4.534902,0.322380,0.281014
26.533333,13.779004,3.366508,1.376997,0.536339,-0.035366,0.091368,20.383727,0.635681,5.643932,4.547931,0.322502,0.281539
26.566667,13.783577,3.383845,1.380031,0.537164,-0.035181,0.090684,20.416901,0.630175,5.647480,4.560971,0.322625,0.282063
26.600000,13.788097,3.401224,1.383042,0.537994,-0.034996,0.090002,20.450199,0.624695,5.651080,4.574019,0.322751,0.282587
26.633333,13.792564,3.418646,1.386031,0.538830,-0.034811,0.089321,20.483617,0.619241,5.654733,4.587075,0.322878,0.283110
26.666667,13.796978,3.436109,1.388997,0.539670,-0.034626,0.088641,20.517150,0.613814,5.658437,4.600138,0.323007,0.283632
26.700000,13.801339,3.453613,1.391941,0.540516,-0.034441,0.087964,20.550795,0.608412,5.662192,4.613206,0.323138,0.284153
26.733333,13.805648,3.471160,1.394861,0.541367,-0.034255,0.087287,20.584547,0.603037,5.665996,4.626278,0.323270,0.284674
26.766667,13.809904,3.488748,1.397760,0.542223,-0.034069,0.086613,20.618403,0.597688,5.669849,4.639352,0.323404,0.285193
26.800000,13.814109,3.506377,1.400636,0.543083,-0.033883,0.085940,20.652357,0.592366,5.673750,4.652429,0.323540,0.285712
26.833333,13.818262,3.524048,1.403489,0.543948,-0.033697,0.085270,20.686406,0.587071,5.677697,4.665506,0.323677,0.286230
26.866667,13.822363,3.541760,1.406320,0.544818,-0.033511,0.084601,20.720546,0.581803,5.681690,4.678582,0.323816,0.286747
26.900000,13.826413,3.559513,1.409129,0.545691,-0.033325,0.083934,20.754772,0.576561,5.685729,4.691657,0.323956,0.287262
26.933333,13.830412,3.577307,1.411916,0.546569,-0.033138,0.083269,20.789081,0.571347,5.689811,4.704730,0.324098,0.287777
26.966667,13.834359,3.595142,1.414680,0.547451,-0.032952,0.082606,20.823469,0.566160,5.693937,4.717798,0.324241,0.288290
27.000000,13.838256,3.613018,1.417423,0.548338,-0.032765,0.081946,20.857931,0.561001,5.698104,4.730861,0.324385,0.288803
27.033333,13.842103,3.630935,1.420144,0.549228,-0.032579,0.081287,20.892464,0.555869,5.702313,4.743919,0.324531,0.289314
27.066667,13.845899,3.648893,1.422842,0.550121,-0.032392,0.080631,20.927063,0.550764,5.706562,4.756969,0.324678,0.289824
27.100000,13.849645,3.666891,1.425519,0.551019,-0.032206,0.079977,20.961725,0.545687,5.710851,4.770012,0.324827,0.290333
27.133333,13.853342,3.684930,1.428174,0.551920,-0.032019,0.079325,20.996446,0.540637,5.715178,4.783045,0.324976,0.290840
27.166667,13.856988,3.703009,1.430807,0.552824,-0.031833,0.078676,21.031221,0.535615,5.719543,4.796068,0.325127,0.291346
27.200000,13.860585,3.721128,1.433419,0.553732,-0.031646,0.078029,21.066047,0.530621,5.723944,4.809080,0.325279,0.291851
27.233333,13.864134,3.739287,1.436009,0.554642,-0.031460,0.077384,21.100920,0.525654,5.728380,4.822080,0.325433,0.292354
27.266667,13.867633,3.757487,1.438578,0.555556,-0.031273,0.076742,21.135836,0.520715,5.732851,4.835067,0.325587,0.292856
27.300000,13.871083,3.775726,1.441125,0.556473,-0.031087,0.076102,21.170792,0.515804,5.737356,4.848040,0.325743,0.293356
27.333333,13.874485,3.794006,1.443651,0.557393,-0.030900,0.075465,21.205783,0.510920,5.741894,4.860997,0.325899,0.293855
27.366667,13.877838,3.812325,1.446156,0.558315,-0.030714,0.074830,21.240806,0.506064,5.746464,4.873939,0.326057,0.294353
27.400000,13.881144,3.830683,1.448640,0.559240,-0.030528,0.074198,21.275856,0.501236,5.751064,4.886864,0.326215,0.294849
27.433333,13.884402,3.849081,1.451103,0.560168,-0.030342,0.073568,21.310931,0.496436,5.755694,4.899771,0.326375,0.295343
27.466667,13.887612,3.867519,1.453545,0.561097,-0.030156,0.072942,21.346026,0.491663,5.760354,4.912659,0.326535,0.295836
27.500000,13.890774,3.885996,1.455966,0.562030,-0.029970,0.072317,21.381138,0.486917,5.765041,4.925528,0.326696,0.296327
27.533333,13.893890,3.904512,1.458366,0.562964,-0.029784,0.071696,21.416263,0.482200,5.769755,4.938376,0.326859,0.296817
27.566667,13.896958,3.923067,1.460745,0.563900,-0.029599,0.071077,21.451397,0.477510,5.774496,4.951203,0.327022,0.297305
27.600000,13.899980,3.941661,1.463104,0.564839,-0.029413,0.070461,21.486537,0.472847,5.779261,4.964007,0.327185,0.297791
27.633333,13.902955,3.960294,1.465443,0.565779,-0.029228,0.069847,21.521679,0.468212,5.784051,4.976788,0.327350,0.298275
27.666667,13.905884,3.978966,1.467761,0.566721,-0.029043,0.069237,21.556820,0.463605,5.788864,4.989546,0.327515,0.298758
27.700000,13.908767,3.997676,1.470058,0.567664,-0.028858,0.068629,21.591955,0.459025,5.793700,5.002278,0.327681,0.299239
27.733333,13.911604,4.016424,1.472336,0.568609,-0.028673,0.068024,21.627082,0.454472,5.798557,5.014985,0.327847,0.299718
27.766667,13.914396,4.035211,1.474593,0.569556,-0.028489,0.067422,21.662197,0.449946,5.803434,5.027665,0.328014,0.300196
27.800000,13.917142,4.054037,1.476831,0.570504,-0.028304,0.066823,21.697297,0.445448,5.808331,5.040317,0.328182,0.300671
27.833333,13.919843,4.072900,1.479048,0.571453,-0.028120,0.066226,21.732377,0.440977,5.813247,5.052942,0.328350,0.301145
27.866667,13.922499,4.091802,1.481246,0.572403,-0.027936,0.065633,21.767434,0.436533,5.818180,5.065537,0.328519,0.301617
27.900000,13.925111,4.110741,1.483424,0.573354,-0.027753,0.065042,21.802465,0.432116,5.823130,5.078103,0.328688,0.302087
27.933333,13.927678,4.129718,1.485582,0.574306,-0.027569,0.064454,21.837467,0.427726,5.828096,5.090638,0.328858,0.302555
27.966667,13.930201,4.148733,1.487721,0.575259,-0.027386,0.063869,21.872436,0.423362,5.833077,5.103142,0.329028,0.303021
28.000000,13.932680,4.167785,1.489840,0.576212,-0.027203,0.063287,21.907369,0.419026,5.838071,5.115613,0.329199,0.303485
28.033333,13.935115,4.186874,1.491940,0.577166,-0.027020,0.062708,21.942262,0.414716,5.843079,5.128052,0.329370,0.303947
28.066667,13.937507,4.206001,1.494020,0.578121,-0.026838,0.062132,21.977113,0.410432,5.848099,5.140457,0.329541,0.304408
28.100000,13.939855,4.225165,1.496082,0.579076,-0.026656,0.061559,22.011917,0.406175,5.853130,5.152828,0.329712,0.304866
28.133333,13.942160,4.244366,1.498124,0.580031,-0.026474,0.060989,22.046671,0.401945,5.858172,5.165164,0.329884,0.305322
28.166667,13.944423,4.263603,1.500148,0.580986,-0.026292,0.060421,22.081373,0.397741,5.863223,5.177463,0.330056,0.305776
28.200000,13.946643,4.282878,1.502152,0.581942,-0.026111,0.059857,22.116018,0.393563,5.868283,5.189727,0.330228,0.306228
28.233333,13.948821,4.302188,1.504138,0.582897,-0.025930,0.059296,22.150605,0.389410,5.873350,5.201952,0.330400,0.306678
28.266667,13.950956,4.321536,1.506106,0.583852,-0.025749,0.058737,22.185128,0.385284,5.878424,5.214140,0.330573,0.307126
28.300000,13.953050,4.340920,1.508054,0.584808,-0.025569,0.058182,22.219586,0.381184,5.883504,5.226290,0.330745,0.307572
28.333333,13.955102,4.360339,1.509984,0.585763,-0.025389,0.057630,22.253976,0.377110,5.888588,5.238399,0.330918,0.308016
28.366667,13.957113,4.379795,1.511896,0.586717,-0.025209,0.057080,22.288293,0.373061,5.893677,5.250469,0.331090,0.308457
28.400000,13.959082,4.399287,1.513790,0.587671,-0.025030,0.056534,22.322535,0.369037,5.898769,5.262498,0.331263,0.308897
28.433333,13.961011,4.418815,1.515665,0.588624,-0.024851,0.055990,22.356699,0.365040,5.903864,5.274485,0.331436,0.309334
28.466667,13.962899,4.438378,1.517522,0.589577,-0.024672,0.055450,22.390781,0.361067,5.908960,5.286431,0.331608,0.309769
28.500000,13.964747,4.457976,1.519362,0.590529,-0.024494,0.054913,22.424779,0.357119,5.914056,5.298333,0.331781,0.310202
28.533333,13.966554,4.477610,1.521183,0.591480,-0.024316,0.054378,22.458690,0.353197,5.919152,5.310192,0.331953,0.310632
28.566667,13.968321,4.497279,1.522987,0.592430,-0.024138,0.053847,22.492510,0.349299,5.924247,5.322007,0.332126,0.311061
28.600000,13.970049,4.516984,1.524773,0.593380,-0.023961,0.053318,22.526237,0.345426,5.929341,5.333778,0.332298,0.311487
28.633333,13.971737,4.536723,1.526542,0.594327,-0.023784,0.052793,22.559867,0.341578,5.934431,5.345503,0.332470,0.311911
28.666667,13.973386,4.556496,1.528293,0.595274,-0.023607,0.052270,22.593398,0.337755,5.939517,5.357182,0.332642,0.312332
28.700000,13.974996,4.576305,1.530026,0.596220,-0.023431,0.051751,22.626826,0.333955,5.944599,5.368814,0.332813,0.312752
28.733333,13.976567,4.596148,1.531743,0.597164,-0.023255,0.051234,22.660150,0.330181,5.949676,5.380399,0.332984,0.313169
28.766667,13.978099,4.616025,1.533442,0.598106,-0.023080,0.050720,22.693365,0.326430,5.954746,5.391936,0.333155,0.313583
28.800000,13.979594,4.635936,1.535124,0.599047,-0.022905,0.050210,22.726469,0.322703,5.959809,5.403425,0.333326,0.313996
28.833333,13.981050,4.655881,1.536789,0.599987,-0.022730,0.049702,22.759459,0.319000,5.964865,5.414865,0.333496,0.314406
28.866667,13.982468,4.675860,1.538437,0.600924,-0.022556,0.049197,22.792332,0.315321,5.969912,5.426255,0.333666,0.314814
28.900000,13.983849,4.695873,1.540069,0.601860,-0.022382,0.048695,22.825086,0.311666,5.974949,5.437594,0.333835,0.315219
28.933333,13.985192,4.715920,1.541684,0.602794,-0.022209,0.048197,22.857718,0.308034,5.979976,5.448883,0.334004,0.315622
28.966667,13.986499,4.735999,1.543282,0.603725,-0.022036,0.047701,22.890224,0.304425,5.984991,5.460121,0.334173,0.316023
29.000000,13.987768,4.756112,1.544864,0.604655,-0.021863,0.047208,22.922602,0.300839,5.989995,5.471306,0.334341,0.316421
29.033333,13.989001,4.776258,1.546429,0.605583,-0.021691,0.046717,22.954850,0.297277,5.994986,5.482439,0.334508,0.316817
29.066667,13.990198,4.796437,1.547978,0.606508,-0.021519,0.046230,22.986964,0.293738,5.999963,5.493519,0.334675,0.317210
29.100000,13.991358,4.816649,1.549511,0.607431,-0.021348,0.045746,23.018942,0.290221,6.004926,5.504545,0.334842,0.317601
29.133333,13.992482,4.836893,1.551028,0.608351,-0.021177,0.045265,23.050781,0.286727,6.009874,5.515516,0.335007,0.317990
29.166667,13.993571,4.857170,1.552529,0.609269,-0.021006,0.044786,23.082479,0.283256,6.014806,5.526433,0.335173,0.318376
29.200000,13.994625,4.877479,1.554014,0.610185,-0.020836,0.044310,23.114032,0.279807,6.019721,5.537295,0.335337,0.318760
29.233333,13.995643,4.897820,1.555483,0.611097,-0.020667,0.043838,23.145438,0.276381,6.024619,5.548101,0.335501,0.319141
29.266667,13.996626,4.918192,1.556936,0.612007,-0.020497,0.043368,23.176696,0.272976,6.029498,5.558850,0.335664,0.319520
29.300000,13.997575,4.938597,1.558374,0.612915,-0.020329,0.042900,23.207801,0.269594,6.034358,5.569542,0.335827,0.319896
29.333333,13.998489,4.959033,1.559796,0.613819,-0.020160,0.042436,23.238751,0.266233,6.039199,5.580177,0.335988,0.320270
29.366667,13.999369,4.979501,1.561203,0.614720,-0.019993,0.041975,23.269544,0.262893,6.044018,5.590754,0.336149,0.320642
29.400000,14.000215,5.000000,1.562595,0.615618,-0.019825,0.041516,23.300178,0.259568,6.048810,5.601279,0.336309,0.321011
29.433333,14.001027,5.020530,1.563971,0.616513,-0.019658,0.041060,23.330649,0.256254,6.053571,5.611754,0.336468,0.321377
29.466667,14.001806,5.041091,1.565332,0.617405,-0.019492,0.040607,23.360955,0.252953,6.058302,5.622176,0.336626,0.321742
29.500000,14.002552,5.061683,1.566678,0.618294,-0.019326,0.040156,23.391095,0.249669,6.063006,5.632542,0.336782,0.322104
29.533333,14.003264,5.082305,1.568009,0.619179,-0.019160,0.039708,23.421065,0.246404,6.067683,5.642849,0.336938,0.322464
29.566667,14.003944,5.102957,1.569325,0.620061,-0.018995,0.039263,23.450864,0.243157,6.072334,5.653098,0.337093,0.322821
29.600000,14.004592,5.123640,1.570627,0.620939,-0.018830,0.038820,23.480489,0.239928,6.076957,5.663287,0.337247,0.323176
29.633333,14.005207,5.144353,1.571913,0.621814,-0.018666,0.038380,23.509938,0.236717,6.081551,5.673418,0.337400,0.323528
29.666667,14.005790,5.165096,1.573185,0.622685,-0.018502,0.037942,23.539209,0.233524,6.086116,5.683488,0.337551,0.323878
29.700000,14.006341,5.185868,1.574443,0.623552,-0.018339,0.037507,23.568299,0.230348,6.090651,5.693499,0.337702,0.324225
29.733333,14.006861,5.206670,1.575686,0.624416,-0.018176,0.037075,23.597208,0.227190,6.095155,5.703449,0.337852,0.324570
29.766667,14.007349,5.227501,1.576914,0.625275,-0.018013,0.036645,23.625932,0.224048,6.099628,5.713338,0.338000,0.324913
29.800000,14.007807,5.248362,1.578129,0.626131,-0.017851,0.036217,23.654469,0.220924,6.104069,5.723165,0.338148,0.325253
29.833333,14.008233,5.269251,1.579329,0.626983,-0.017690,0.035792,23.682818,0.217816,6.108477,5.732932,0.338294,0.325590
29.866667,14.008629,5.290169,1.580515,0.627831,-0.017529,0.035369,23.710976,0.214725,6.112852,5.742636,0.338439,0.325925
29.900000,14.008995,5.311116,1.581687,0.628674,-0.017368,0.034948,23.738941,0.211650,6.117192,5.752278,0.338583,0.326257
29.933333,14.009331,5.332091,1.582845,0.629513,-0.017208,0.034530,23.766712,0.208591,6.121498,5.761858,0.338725,0.326587
29.966667,14.009637,5.353094,1.583989,0.630348,-0.017048,0.034115,23.794286,0.205549,6.125768,5.771374,0.338867,0.326914
30.000000,14.009913,5.374125,1.585119,0.631179,-0.016889,0.033702,23.821661,0.202521,6.130003,5.780828,0.339007,0.327239
30.033333,14.010160,5.395184,1.586236,0.632005,-0.016730,0.033291,23.848836,0.199510,6.134200,5.790218,0.339146,0.327561
30.066667,14.010378,5.416271,1.587338,0.632827,-0.016571,0.032882,23.875809,0.196514,6.138361,5.799544,0.339283,0.327881
30.100000,14.010567,5.437385,1.588428,0.633645,-0.016413,0.032476,23.902578,0.193533,6.142483,5.808806,0.339419,0.328198
30.133333,14.010727,5.458527,1.589503,0.634457,-0.016256,0.032072,23.929140,0.190567,6.146567,5.818003,0.339554,0.328513
30.166667,14.010859,5.479695,1.590566,0.635265,-0.016099,0.031670,23.955495,0.187616,6.150612,5.827136,0.339688,0.328825
30.200000,14.010963,5.500890,1.591615,0.636069,-0.015942,0.031270,23.981640,0.184680,6.154617,5.836203,0.339820,0.329135
30.233333,14.011039,5.522113,1.592650,0.636867,-0.015786,0.030873,24.007574,0.181758,6.158581,5.845206,0.339951,0.329442
30.266667,14.011088,5.543361,1.593673,0.637661,-0.015630,0.030478,24.033294,0.178850,6.162505,5.854142,0.340080,0.329747
30.300000,14.011109,5.564636,1.594682,0.638450,-0.015474,0.030084,24.058800,0.175957,6.166387,5.863013,0.340208,0.330049
30.333333,14.011102,5.585937,1.595679,0.639234,-0.015319,0.029694,24.084089,0.173077,6.170226,5.871818,0.340335,0.330348
30.366667,14.011069,5.607264,1.596662,0.640013,-0.015165,0.029305,24.109159,0.170211,6.174023,5.880556,0.340460,0.330645
30.400000,14.011010,5.628616,1.597632,0.640787,-0.015011,0.028918,24.134010,0.167359,6.177777,5.889228,0.340584,0.330940
30.433333,14.010924,5.649994,1.598590,0.641556,-0.014857,0.028533,24.158639,0.164520,6.181487,5.897833,0.340706,0.331231
30.466667,14.010811,5.671398,1.599534,0.642320,-0.014704,0.028151,24.183045,0.161694,6.185153,5.906370,0.340826,0.331521
30.500000,14.010673,5.692826,1.600466,0.643078,-0.014551,0.027770,24.207227,0.158881,6.188773,5.914840,0.340945,0.331808
30.533333,14.010509,5.714279,1.601386,0.643831,-0.014398,0.027392,24.231181,0.156081,6.192348,5.923243,0.341063,0.332092
30.566667,14.010320,5.735757,1.602293,0.644579,-0.014246,0.027015,24.254908,0.153294,6.195877,5.931577,0.341179,0.332373
30.600000,14.010105,5.757260,1.603187,0.645322,-0.014094,0.026641,24.278406,0.150519,6.199359,5.939844,0.341293,0.332653
30.633333,14.009866,5.778787,1.604069,0.646059,-0.013943,0.026268,24.301673,0.147756,6.202794,5.948042,0.341406,0.332929
30.666667,14.009602,5.800337,1.604938,0.646791,-0.013792,0.025898,24.324707,0.145006,6.206182,5.956171,0.341517,0.333203
30.700000,14.009313,5.821912,1.605795,0.647517,-0.013642,0.025529,24.347507,0.142268,6.209521,5.964232,0.341627,0.333475
30.733333,14.009000,5.843511,1.606640,0.648237,-0.013492,0.025162,24.370072,0.139541,6.212812,5.972224,0.341735,0.333744
30.766667,14.008663,5.865132,1.607473,0.648952,-0.013342,0.024797,24.392400,0.136826,6.216054,5.980147,0.341841,0.334010
30.800000,14.008303,5.886777,1.608293,0.649661,-0.013193,0.024434,24.414490,0.134122,6.219245,5.988000,0.341946,0.334274
30.833333,14.007918,5.908446,1.609102,0.650365,-0.013044,0.024072,24.436341,0.131430,6.222387,5.995783,0.342049,0.334535
30.866667,14.007511,5.930137,1.609898,0.651063,-0.012896,0.023713,24.457950,0.128749,6.225478,6.003497,0.342150,0.334794
30.900000,14.007081,5.951850,1.610682,0.651755,-0.012747,0.023355,24.479318,0.126079,6.228518,6.011141,0.342250,0.335050
30.933333,14.006628,5.973586,1.611455,0.652441,-0.012600,0.022999,24.500441,0.123419,6.231506,6.018714,0.342348,0.335303
30.966667,14.006152,5.995344,1.612216,0.653121,-0.012452,0.022645,24.521320,0.120770,6.234442,6.026218,0.342444,0.335554
31.000000,14.005654,6.017124,1.612965,0.653795,-0.012306,0.022293,24.541953,0.118132,6.237326,6.033650,0.342538,0.335803
31.033333,14.005135,6.038926,1.613702,0.654463,-0.012159,0.021942,24.562338,0.115504,6.240157,6.041012,0.342631,0.336049
31.066667,14.004593,6.060750,1.614427,0.655125,-0.012013,0.021593,24.582474,0.112885,6.242934,6.048304,0.342722,0.336292
31.100000,14.004030,6.082595,1.615141,0.655781,-0.011867,0.021245,24.602361,0.110277,6.245657,6.055524,0.342811,0.336533
31.133333,14.003445,6.104461,1.615844,0.656431,-0.011722,0.020899,24.621997,0.107679,6.248326,6.062673,0.342898,0.336771
31.166667,14.002840,6.126347,1.616535,0.657075,-0.011576,0.020555,24.641380,0.105090,6.250940,6.069750,0.342984,0.337007
31.200000,14.002213,6.148255,1.617214,0.657713,-0.011432,0.020213,24.660509,0.102511,6.253499,6.076756,0.343067,0.337240
31.233333,14.001567,6.170183,1.617882,0.658344,-0.011287,0.019872,24.679385,0.099940,6.256002,6.083691,0.343149,0.337471
31.266667,14.000899,6.192131,1.618539,0.658969,-0.011143,0.019532,24.698004,0.097379,6.258449,6.090553,0.343229,0.337699
31.300000,14.000212,6.214100,1.619184,0.659588,-0.011000,0.019194,24.716367,0.094827,6.260839,6.097344,0.343307,0.337924
31.333333,13.999505,6.236088,1.619818,0.660200,-0.010857,0.018858,24.734471,0.092284,6.263173,6.104062,0.343383,0.338147
31.366667,13.998778,6.258096,1.620441,0.660806,-0.010714,0.018523,24.752317,0.089750,6.265449,6.110709,0.343457,0.338368
31.400000,13.998032,6.280123,1.621053,0.661406,-0.010571,0.018189,24.769902,0.087223,6.267668,6.117283,0.343530,0.338586
31.433333,13.997267,6.302169,1.621654,0.661999,-0.010429,0.017857,24.787227,0.084706,6.269829,6.123785,0.343600,0.338801
31.466667,13.996483,6.324234,1.622244,0.662586,-0.010287,0.017527,24.804289,0.082196,6.271931,6.130214,0.343669,0.339014
31.500000,13.995681,6.346318,1.622823,0.663166,-0.010145,0.017198,24.821088,0.079694,6.273974,6.136570,0.343736,0.339224
31.533333,13.994860,6.368420,1.623390,0.663739,-0.010004,0.016870,24.837623,0.077200,6.275958,6.142854,0.343800,0.339432
31.566667,13.994021,6.390541,1.623947,0.664306,-0.009863,0.016544,24.853893,0.074714,6.277882,6.149064,0.343863,0.339637
31.600000,13.993164,6.412680,1.624493,0.664866,-0.009723,0.016219,24.869897,0.072236,6.279746,6.155202,0.343924,0.339839
31.633333,13.992289,6.434836,1.625029,0.665419,-0.009583,0.015895,24.885634,0.069764,6.281550,6.161267,0.343982,0.340040
31.666667,13.991397,6.457010,1.625553,0.665966,-0.009443,0.015573,24.901103,0.067301,6.283293,6.167258,0.344039,0.340237
31.700000,13.990488,6.479202,1.626067,0.666506,-0.009303,0.015252,24.916304,0.064844,6.284976,6.173176,0.344094,0.340432
31.733333,13.989562,6.501411,1.626570,0.667039,-0.009164,0.014932,24.931234,0.062394,6.286596,6.179021,0.344147,0.340625
31.766667,13.988619,6.523636,1.627062,0.667565,-0.009025,0.014614,24.945895,0.059950,6.288155,6.184792,0.344198,0.340814
31.800000,13.987660,6.545878,1.627544,0.668085,-0.008887,0.014296,24.960284,0.057514,6.289652,6.190490,0.344246,0.341002
31.833333,13.986684,6.568137,1.628015,0.668597,-0.008748,0.013980,24.974401,0.055084,6.291086,6.196114,0.344293,0.341187
31.866667,13.985693,6.590412,1.628476,0.669103,-0.008610,0.013665,24.988245,0.052660,6.292458,6.201665,0.344338,0.341369
31.900000,13.984686,6.612703,1.628926,0.669602,-0.008473,0.013352,25.001815,0.050242,6.293766,6.207142,0.344380,0.341549
31.933333,13.983663,6.635009,1.629366,0.670093,-0.008335,0.013039,25.015111,0.047831,6.295011,6.212545,0.344421,0.341726
31.966667,13.982626,6.657331,1.629796,0.670578,-0.008198,0.012728,25.028132,0.045425,6.296192,6.217874,0.344459,0.341901
32.000000,13.981573,6.679669,1.630215,0.671056,-0.008061,0.012418,25.040876,0.043025,6.297309,6.223129,0.344496,0.342073
32.033333,13.980506,6.702021,1.630623,0.671527,-0.007925,0.012109,25.053344,0.040630,6.298362,6.228310,0.344530,0.342243
32.066667,13.979424,6.724389,1.631022,0.671990,-0.007789,0.011801,25.065535,0.038241,6.299350,6.233417,0.344562,0.342410
32.100000,13.978328,6.746771,1.631410,0.672447,-0.007653,0.011494,25.077447,0.035857,6.300273,6.238450,0.344592,0.342575
32.133333,13.977217,6.769167,1.631788,0.672896,-0.007517,0.011188,25.089081,0.033479,6.301131,6.243409,0.344620,0.342737
32.166667,13.976094,6.791577,1.632156,0.673338,-0.007382,0.010883,25.100435,0.031105,6.301924,6.248294,0.344646,0.342897
32.200000,13.974956,6.814002,1.632514,0.673773,-0.007247,0.010579,25.111510,0.028736,6.302650,6.253105,0.344669,0.343054
32.233333,13.973805,6.836440,1.632861,0.674201,-0.007112,0.010276,25.122303,0.026372,6.303310,6.257841,0.344691,0.343209
32.266667,13.972642,6.858891,1.633199,0.674621,-0.006977,0.009975,25.132816,0.024013,6.303904,6.262503,0.344710,0.343361
32.300000,13.971465,6.881356,1.633526,0.675034,-0.006843,0.009674,25.143046,0.021657,6.304432,6.267091,0.344727,0.343511
32.333333,13.970276,6.903833,1.633844,0.675440,-0.006709,0.009374,25.152995,0.019307,6.304892,6.271605,0.344742,0.343658
32.366667,13.969074,6.926324,1.634151,0.675839,-0.006576,0.009075,25.162660,0.016960,6.305286,6.276044,0.344755,0.343803
32.400000,13.967861,6.948827,1.634449,0.676230,-0.006442,0.008776,25.172042,0.014617,6.305611,6.280410,0.344766,0.343945
32.433333,13.966635,6.971342,1.634736,0.676614,-0.006309,0.008479,25.181140,0.012278,6.305869,6.284700,0.344774,0.344085
32.466667,13.965398,6.993869,1.635014,0.676990,-0.006176,0.008183,25.189953,0.009943,6.306060,6.288917,0.344780,0.344222
32.500000,13.964150,7.016408,1.635282,0.677359,-0.006043,0.007887,25.198481,0.007611,6.306182,6.293059,0.344784,0.344357
32.533333,13.962891,7.038958,1.635540,0.677721,-0.005911,0.007593,25.206724,0.005283,6.306235,6.297127,0.344786,0.344490
32.566667,13.961620,7.061520,1.635788,0.678075,-0.005779,0.007299,25.214681,0.002958,6.306220,6.301121,0.344785,0.344620
32.600000,13.960339,7.084093,1.636026,0.678422,-0.005647,0.007005,25.222352,0.000636,6.306136,6.305040,0.344783,0.344747
32.633333,13.959048,7.106676,1.636255,0.678761,-0.005515,0.006713,25.229736,-0.001683,6.305983,6.308885,0.344778,0.344872
32.666667,13.957746,7.129270,1.636474,0.679093,-0.005383,0.006422,25.236833,-0.003999,6.305761,6.312656,0.344770,0.344994
32.700000,13.956435,7.151875,1.636683,0.679417,-0.005252,0.006131,25.243642,-0.006312,6.305469,6.316352,0.344761,0.345115
32.733333,13.955114,7.174490,1.636883,0.679734,-0.005121,0.005841,25.250163,-0.008623,6.305107,6.319974,0.344749,0.345232
32.766667,13.953783,7.197114,1.637072,0.680043,-0.004990,0.005551,25.256396,-0.010931,6.304675,6.323523,0.344735,0.345347
32.800000,13.952443,7.219748,1.637253,0.680345,-0.004860,0.005262,25.262340,-0.013237,6.304173,6.326997,0.344719,0.345460
32.833333,13.951094,7.242392,1.637423,0.680639,-0.004729,0.004974,25.267995,-0.015541,6.303601,6.330397,0.344700,0.345570
32.866667,13.949737,7.265044,1.637584,0.680925,-0.004599,0.004687,25.273361,-0.017843,6.302958,6.333722,0.344679,0.345678
32.900000,13.948371,7.287706,1.637736,0.681204,-0.004469,0.004400,25.278438,-0.020143,6.302245,6.336974,0.344656,0.345783
32.933333,13.946996,7.310376,1.637878,0.681475,-0.004340,0.004114,25.283224,-0.022441,6.301460,6.340152,0.344631,0.345886
32.966667,13.945614,7.333055,1.638010,0.681739,-0.004210,0.003829,25.287721,-0.024738,6.300604,6.343256,0.344603,0.345987
33.000000,13.944224,7.355742,1.638133,0.681994,-0.004081,0.003544,25.291926,-0.027033,6.299677,6.346286,0.344573,0.346085
33.033333,13.942826,7.378436,1.638246,0.682242,-0.003952,0.003259,25.295842,-0.029327,6.298679,6.349242,0.344540,0.346181
33.066667,13.941421,7.401139,1.638350,0.682483,-0.003823,0.002975,25.299466,-0.031619,6.297608,6.352125,0.344505,0.346274
33.100000,13.940009,7.423848,1.638445,0.682716,-0.003694,0.002692,25.302800,-0.033911,6.296466,6.354934,0.344468,0.346365
33.133333,13.938591,7.446565,1.638530,0.682941,-0.003565,0.002409,25.305842,-0.036202,6.295252,6.357669,0.344429,0.346453
33.166667,13.937165,7.469289,1.638605,0.683158,-0.003437,0.002127,25.308593,-0.038491,6.293966,6.360330,0.344387,0.346539
33.200000,13.935733,7.492020,1.638671,0.683367,-0.003309,0.001845,25.311052,-0.040780,6.292608,6.362919,0.344343,0.346623
33.233333,13.934295,7.514757,1.638728,0.683569,-0.003181,0.001564,25.313220,-0.043069,6.291176,6.365433,0.344296,0.346704
33.266667,13.932852,7.537501,1.638776,0.683763,-0.003053,0.001283,25.315095,-0.045357,6.289673,6.367875,0.344247,0.346783
33.300000,13.931402,7.560250,1.638814,0.683949,-0.002926,0.001002,25.316679,-0.047645,6.288096,6.370243,0.344196,0.346860
33.333333,13.929947,7.583005,1.638843,0.684128,-0.002798,0.000722,25.317970,-0.049933,6.286447,6.372538,0.344142,0.346934
33.366667,13.928487,7.605765,1.638862,0.684298,-0.002671,0.000443,25.318970,-0.052221,6.284725,6.374760,0.344086,0.347006
33.400000,13.927022,7.628531,1.638872,0.684461,-0.002544,0.000163,25.319677,-0.054509,6.282929,6.376909,0.344027,0.347075
33.433333,13.925553,7.651302,1.638873,0.684616,-0.002417,-0.000116,25.320092,-0.056797,6.281060,6.378986,0.343967,0.347142
33.466667,13.924078,7.674077,1.638864,0.684763,-0.002290,-0.000394,25.320215,-0.059085,6.279118,6.380989,0.343903,0.347207
33.500000,13.922600,7.696857,1.638847,0.684903,-0.002163,-0.000673,25.320045,-0.061375,6.277102,6.382920,0.343838,0.347269
33.533333,13.921118,7.719642,1.638819,0.685034,-0.002037,-0.000951,25.319583,-0.063665,6.275012,6.384779,0.343769,0.347329
33.566667,13.919631,7.742430,1.638783,0.685158,-0.001910,-0.001228,25.318828,-0.065955,6.272849,6.386565,0.343699,0.347387
33.600000,13.918142,7.765222,1.638738,0.685274,-0.001784,-0.001506,25.317782,-0.068247,6.270612,6.388279,0.343626,0.347442
33.633333,13.916649,7.788017,1.638683,0.685381,-0.001658,-0.001783,25.316442,-0.070539,6.268301,6.389920,0.343550,0.347495
33.666667,13.915153,7.810816,1.638619,0.685482,-0.001532,-0.002059,25.314811,-0.072833,6.265915,6.391490,0.343473,0.347545
33.700000,13.913654,7.833618,1.638545,0.685574,-0.001407,-0.002336,25.312888,-0.075128,6.263456,6.392988,0.343392,0.347594
33.733333,13.912152,7.856423,1.638463,0.685658,-0.001281,-0.002613,25.310672,-0.077425,6.260922,6.394414,0.343310,0.347640
33.766667,13.910648,7.879230,1.638371,0.685734,-0.001155,-0.002889,25.308164,-0.079723,6.258314,6.395768,0.343225,0.347683
33.800000,13.909142,7.902039,1.638270,0.685803,-0.001030,-0.003165,25.305365,-0.082023,6.255631,6.397051,0.343137,0.347725
33.833333,13.907634,7.924850,1.638160,0.685864,-0.000905,-0.003441,25.302273,-0.084325,6.252874,6.398263,0.343047,0.347764
33.866667,13.906125,7.947663,1.638041,0.685916,-0.000780,-0.003716,25.298890,-0.086629,6.250042,6.399403,0.342954,0.347800
33.900000,13.904614,7.970478,1.637913,0.685961,-0.000655,-0.003992,25.295216,-0.088935,6.247136,6.400472,0.342859,0.347835
33.933333,13.903101,7.993294,1.637775,0.685998,-0.000530,-0.004267,25.291250,-0.091243,6.244154,6.401471,0.342762,0.347867
33.966667,13.901588,8.016111,1.637628,0.686027,-0.000405,-0.004543,25.286993,-0.093554,6.241098,6.402398,0.342662,0.347897
34.000000,13.900074,8.038929,1.637472,0.686048,-0.000280,-0.004818,25.282445,-0.095867,6.237967,6.403255,0.342559,0.347924
34.033333,13.898559,8.061747,1.637307,0.686061,-0.000156,-0.005093,25.277606,-0.098183,6.234761,6.404042,0.342454,0.347950
34.066667,13.897045,8.084566,1.637132,0.686067,-0.000031,-0.005369,25.272476,-0.100502,6.231480,6.404758,0.342347,0.347973
34.100000,13.895530,8.107384,1.636949,0.686064,0.000093,-0.005644,25.267057,-0.102823,6.228124,6.405405,0.342237,0.347994
34.133333,13.894015,8.130203,1.636756,0.686053,0.000217,-0.005919,25.261347,-0.105148,6.224692,6.405981,0.342125,0.348012
34.166667,13.892501,8.153021,1.636554,0.686035,0.000341,-0.006194,25.255348,-0.107475,6.221186,6.406488,0.342010,0.348028
34.200000,13.890987,8.175838,1.636343,0.686009,0.000465,-0.006469,25.249059,-0.109807,6.217604,6.406925,0.341892,0.348043
34.233333,13.889474,8.198654,1.636123,0.685974,0.000589,-0.006744,25.242480,-0.112141,6.213947,6.407293,0.341772,0.348054
34.266667,13.887963,8.221469,1.635894,0.685932,0.000713,-0.007019,25.235613,-0.114479,6.210214,6.407592,0.341650,0.348064
34.300000,13.886452,8.244283,1.635655,0.685882,0.000837,-0.007295,25.228457,-0.116821,6.206407,6.407822,0.341525,0.348071
34.333333,13.884943,8.267095,1.635407,0.685824,0.000961,-0.007570,25.221014,-0.119166,6.202524,6.407983,0.341397,0.348077
34.366667,13.883436,8.289905,1.635150,0.685758,0.001084,-0.007845,25.213282,-0.121516,6.198565,6.408076,0.341267,0.348080
34.400000,13.881931,8.312713,1.634884,0.685684,0.001208,-0.008121,25.205262,-0.123870,6.194531,6.408100,0.341135,0.348080
34.433333,13.880428,8.335518,1.634609,0.685603,0.001331,-0.008397,25.196956,-0.126228,6.190422,6.408056,0.341000,0.348079
34.466667,13.878928,8.358321,1.634325,0.685513,0.001455,-0.008672,25.188363,-0.128590,6.186237,6.407944,0.340862,0.348075
34.500000,13.877430,8.381121,1.634031,0.685416,0.001578,-0.008948,25.179483,-0.130957,6.181977,6.407764,0.340722,0.348070
34.533333,13.875936,8.403917,1.633728,0.685310,0.001701,-0.009225,25.170317,-0.133328,6.177641,6.407517,0.340579,0.348062
34.566667,13.874444,8.426710,1.633416,0.685197,0.001825,-0.009501,25.160866,-0.135704,6.173230,6.407203,0.340434,0.348051
34.600000,13.872956,8.449500,1.633095,0.685076,0.001948,-0.009777,25.151130,-0.138085,6.168744,6.406821,0.340286,0.348039
34.633333,13.871471,8.472285,1.632764,0.684947,0.002071,-0.010054,25.141110,-0.140471,6.164182,6.406373,0.340136,0.348025
34.666667,13.869990,8.495067,1.632424,0.684810,0.002194,-0.010331,25.130805,-0.142862,6.159544,6.405858,0.339983,0.348008
34.700000,13.868513,8.517844,1.632075,0.684665,0.002317,-0.010608,25.120217,-0.145259,6.154831,6.405277,0.339827,0.347989
34.733333,13.867041,8.540616,1.631717,0.684513,0.002440,-0.010886,25.109346,-0.147660,6.150043,6.404630,0.339669,0.347969
34.766667,13.865573,8.563383,1.631350,0.684352,0.002563,-0.011164,25.098192,-0.150068,6.145179,6.403917,0.339509,0.347946
34.800000,13.864109,8.586145,1.630973,0.684184,0.002686,-0.011442,25.086756,-0.152481,6.140240,6.403138,0.339345,0.347921
34.833333,13.862651,8.608902,1.630587,0.684008,0.002809,-0.011720,25.075039,-0.154900,6.135225,6.402294,0.339180,0.347893
34.866667,13.861198,8.631653,1.630192,0.683824,0.002932,-0.011999,25.063041,-0.157324,6.130136,6.401385,0.339011,0.347864
34.900000,13.859750,8.654398,1.629787,0.683633,0.003054,-0.012278,25.050762,-0.159755,6.124970,6.400411,0.338840,0.347833
34.933333,13.858307,8.677137,1.629373,0.683433,0.003177,-0.012557,25.038204,-0.162192,6.119730,6.399372,0.338667,0.347799
34.966667,13.856871,8.699870,1.628950,0.683226,0.003300,-0.012837,25.025367,-0.164636,6.114414,6.398269,0.338491,0.347764
35.000000,13.855441,8.722596,1.628517,0.683011,0.003423,-0.013117,25.012251,-0.167085,6.109024,6.397102,0.338312,0.347726
35.033333,13.854017,8.745315,1.628075,0.682788,0.003545,-0.013398,24.998857,-0.169542,6.103558,6.395871,0.338131,0.347687
35.066667,13.852599,8.768027,1.627624,0.682557,0.003668,-0.013679,24.985187,-0.172005,6.098017,6.394577,0.337947,0.347645
35.100000,13.851188,8.790731,1.627163,0.682319,0.003791,-0.013960,24.971239,-0.174475,6.092401,6.393219,0.337760,0.347601
35.133333,13.849784,8.813428,1.626693,0.682073,0.003913,-0.014242,24.957016,-0.176952,6.086710,6.391799,0.337571,0.347555
35.166667,13.848387,8.836117,1.626214,0.681819,0.004036,-0.014525,24.942518,-0.179436,6.080944,6.390315,0.337380,0.347507
35.200000,13.846998,8.858798,1.625725,0.681557,0.004158,-0.014807,24.927745,-0.181927,6.075103,6.388770,0.337185,0.347458
35.233333,13.845616,8.881470,1.625227,0.681288,0.004281,-0.015091,24.912699,-0.184426,6.069187,6.387162,0.336988,0.347406
35.266667,13.844242,8.904134,1.624719,0.681011,0.004404,-0.015375,24.897380,-0.186932,6.063197,6.385493,0.336789,0.347352
35.300000,13.842876,8.926789,1.624202,0.680726,0.004526,-0.015659,24.881788,-0.189445,6.057132,6.383762,0.336587,0.347296
35.333333,13.841518,8.949435,1.623675,0.680434,0.004649,-0.015944,24.865925,-0.191967,6.050993,6.381970,0.336382,0.347238
35.366667,13.840169,8.972072,1.623139,0.680134,0.004772,-0.016230,24.849792,-0.194496,6.044779,6.380117,0.336175,0.347179
35.400000,13.838828,8.994699,1.622593,0.679826,0.004894,-0.016516,24.833388,-0.197034,6.038490,6.378204,0.335965,0.347117
35.433333,13.837497,9.017316,1.622038,0.679511,0.005017,-0.016802,24.816716,-0.199579,6.032128,6.376230,0.335752,0.347053
35.466667,13.836174,9.039923,1.621473,0.679188,0.005140,-0.017090,24.799775,-0.202133,6.025691,6.374197,0.335537,0.346987
35.500000,13.834861,9.062519,1.620899,0.678858,0.005262,-0.017378,24.782567,-0.204696,6.019180,6.372103,0.335319,0.346920
35.533333,13.833557,9.085105,1.620314,0.678520,0.005385,-0.017666,24.765092,-0.207266,6.012595,6.369951,0.335099,0.346850
35.566667,13.832263,9.107681,1.619721,0.678174,0.005508,-0.017955,24.747352,-0.209846,6.005936,6.367740,0.334875,0.346779
35.600000,13.830979,9.130245,1.619117,0.677821,0.005631,-0.018245,24.729347,-0.212434,5.999204,6.365470,0.334650,0.346706
35.633333,13.829706,9.152798,1.618504,0.677461,0.005753,-0.018536,24.711078,-0.215031,5.992397,6.363141,0.334421,0.346630
35.666667,13.828443,9.175339,1.617882,0.677092,0.005876,-0.018827,24.692546,-0.217638,5.985518,6.360755,0.334190,0.346553
35.700000,13.827190,9.197869,1.617249,0.676717,0.005999,-0.019119,24.673752,-0.220253,5.978564,6.358312,0.333957,0.346474
35.733333,13.825948,9.220386,1.616607,0.676334,0.006122,-0.019412,24.654697,-0.222878,5.971538,6.355811,0.333720,0.346393
35.766667,13.824717,9.242892,1.615955,0.675943,0.006245,-0.019706,24.635382,-0.225513,5.964438,6.353253,0.333482,0.346311
35.800000,13.823498,9.265384,1.615293,0.675545,0.006368,-0.020000,24.615808,-0.228156,5.957265,6.350638,0.333240,0.346226
35.833333,13.822290,9.287864,1.614622,0.675140,0.006491,-0.020295,24.595975,-0.230810,5.950020,6.347968,0.332996,0.346140
35.866667,13.821094,9.310331,1.613940,0.674727,0.006614,-0.020591,24.575886,-0.233474,5.942701,6.345242,0.332749,0.346051
35.900000,13.819910,9.332785,1.613249,0.674307,0.006737,-0.020887,24.555540,-0.236147,5.935310,6.342460,0.332499,0.345961
35.933333,13.818737,9.355226,1.612548,0.673879,0.006860,-0.021185,24.534939,-0.238831,5.927846,6.339623,0.332247,0.345869
35.966667,13.817577,9.377652,1.611837,0.673444,0.006984,-0.021483,24.514084,-0.241524,5.920310,6.336732,0.331993,0.345776
36.000000,13.816430,9.400065,1.611116,0.673002,0.007107,-0.021782,24.492976,-0.244228,5.912702,6.333786,0.331735,0.345680
36.033333,13.815296,9.422463,1.610385,0.672553,0.007230,-0.022083,24.471616,-0.246943,5.905022,6.330786,0.331475,0.345583
36.066667,13.814174,9.444847,1.609643,0.672096,0.007354,-0.022384,24.450006,-0.249668,5.897270,6.327733,0.331212,0.345484
36.100000,13.813066,9.467217,1.608892,0.671632,0.007477,-0.022685,24.428145,-0.252404,5.889446,6.324626,0.330947,0.345383
36.133333,13.811971,9.489571,1.608131,0.671161,0.007601,-0.022988,24.406036,-0.255151,5.881551,6.321467,0.330679,0.345281
36.166667,13.810889,9.511911,1.607360,0.670682,0.007724,-0.023292,24.383680,-0.257909,5.873584,6.318255,0.330408,0.345176
36.200000,13.809822,9.534235,1.606578,0.670197,0.007848,-0.023597,24.361077,-0.260678,5.865547,6.314992,0.330135,0.345070
36.233333,13.808768,9.556543,1.605787,0.669704,0.007972,-0.023902,24.338229,-0.263459,5.857438,6.311677,0.329859,0.344963
36.266667,13.807729,9.578836,1.604985,0.669204,0.008096,-0.024209,24.315137,-0.266250,5.849258,6.308310,0.329580,0.344853
36.300000,13.806704,9.601112,1.604173,0.668697,0.008220,-0.024517,24.291802,-0.269053,5.841008,6.304893,0.329299,0.344742
36.333333,13.805693,9.623372,1.603350,0.668183,0.008343,-0.024825,24.268226,-0.271868,5.832687,6.301426,0.329015,0.344629
36.366667,13.804698,9.645616,1.602518,0.667662,0.008468,-0.025135,24.244409,-0.274695,5.824296,6.297908,0.328728,0.344515
36.400000,13.803718,9.667843,1.601675,0.667134,0.008592,-0.025446,24.220353,-0.277533,5.815835,6.294341,0.328439,0.344399
36.433333,13.802752,9.690053,1.600821,0.666599,0.008716,-0.025757,24.196059,-0.280384,5.807305,6.290725,0.328147,0.344281
36.466667,13.801803,9.712245,1.599958,0.666057,0.008840,-0.026070,24.171529,-0.283246,5.798704,6.287060,0.327852,0.344162
36.500000,13.800869,9.734420,1.599083,0.665508,0.008965,-0.026384,24.146764,-0.286121,5.790035,6.283347,0.327555,0.344041
36.533333,13.799951,9.756578,1.598199,0.664952,0.009089,-0.026699,24.121764,-0.289009,5.781296,6.279586,0.327255,0.343919
36.566667,13.799048,9.778717,1.597303,0.664389,0.009214,-0.027015,24.096532,-0.291908,5.772488,6.275778,0.326953,0.343794
36.600000,13.798163,9.800838,1.596398,0.663819,0.009339,-0.027333,24.071068,-0.294821,5.763611,6.271923,0.326647,0.343669
36.633333,13.797293,9.822941,1.595481,0.663243,0.009463,-0.027651,24.045375,-0.297746,5.754666,6.268021,0.326339,0.343541
36.666667,13.796441,9.845025,1.594554,0.662659,0.009588,-0.027971,24.019452,-0.300684,5.745653,6.264073,0.326029,0.343413
36.700000,13.795605,9.867091,1.593617,0.662069,0.009713,-0.028291,23.993303,-0.303635,5.736571,6.260080,0.325716,0.343282
36.733333,13.794786,9.889137,1.592668,0.661472,0.009838,-0.028613,23.966928,-0.306599,5.727422,6.256041,0.325400,0.343150
36.766667,13.793985,9.911164,1.591709,0.660869,0.009964,-0.028937,23.940328,-0.309576,5.718206,6.251958,0.325081,0.343017
36.800000,13.793201,9.933171,1.590739,0.660258,0.010089,-0.029261,23.913505,-0.312567,5.708922,6.247831,0.324760,0.342882
36.833333,13.792435,9.955159,1.589758,0.659641,0.010214,-0.029587,23.886460,-0.315571,5.699571,6.243659,0.324436,0.342746
36.866667,13.791686,9.977126,1.588767,0.659018,0.010340,-0.029914,23.859196,-0.318589,5.690153,6.239445,0.324109,0.342608
36.900000,13.790956,9.999074,1.587764,0.658388,0.010465,-0.030242,23.831713,-0.321620,5.680669,6.235187,0.323780,0.342468
36.933333,13.790244,10.021001,1.586750,0.657751,0.010591,-0.030571,23.804012,-0.324666,5.671119,6.230887,0.323448,0.342328
36.966667,13.789551,10.042907,1.585726,0.657108,0.010717,-0.030902,23.776096,-0.327725,5.661503,6.226545,0.323114,0.342185
37.000000,13.788876,10.064792,1.584690,0.656458,0.010843,-0.031234,23.747966,-0.330798,5.651821,6.222162,0.322777,0.342042
37.033333,13.788220,10.086656,1.583644,0.655802,0.010969,-0.031568,23.719623,-0.333885,5.642074,6.217738,0.322437,0.341897
37.066667,13.787583,10.108499,1.582586,0.655140,0.011096,-0.031902,23.691069,-0.336987,5.632262,6.213273,0.322094,0.341750
37.100000,13.786965,10.130321,1.581517,0.654471,0.011222,-0.032238,23.662306,-0.340102,5.622385,6.208768,0.321749,0.341602
37.133333,13.786367,10.152120,1.580437,0.653795,0.011348,-0.032576,23.633334,-0.343233,5.612443,6.204224,0.321402,0.341453
37.166667,13.785789,10.173898,1.579345,0.653114,0.011475,-0.032915,23.604157,-0.346378,5.602438,6.199641,0.321051,0.341303
37.200000,13.785230,10.195653,1.578242,0.652426,0.011602,-0.033255,23.574774,-0.349537,5.592368,6.195019,0.320698,0.341151
37.233333,13.784691,10.217386,1.577128,0.651732,0.011729,-0.033597,23.545189,-0.352712,5.582235,6.190359,0.320342,0.340998
37.266667,13.784173,10.239096,1.576002,0.651031,0.011856,-0.033940,23.515402,-0.355901,5.572039,6.185662,0.319984,0.340843
37.300000,13.783675,10.260783,1.574865,0.650325,0.011983,-0.034284,23.485415,-0.359105,5.561780,6.180927,0.319623,0.340687
37.333333,13.783198,10.282447,1.573717,0.649612,0.012110,-0.034630,23.455231,-0.362325,5.551459,6.176156,0.319260,0.340530
37.366667,13.782741,10.304088,1.572557,0.648893,0.012238,-0.034978,23.424850,-0.365559,5.541075,6.171350,0.318893,0.340372
37.400000,13.782306,10.325705,1.571385,0.648169,0.012365,-0.035327,23.394274,-0.368809,5.530630,6.166507,0.318525,0.340212
37.433333,13.781892,10.347298,1.570202,0.647438,0.012493,-0.035677,23.363505,-0.372074,5.520123,6.161630,0.318153,0.340052
37.466667,13.781499,10.368868,1.569007,0.646701,0.012621,-0.036029,23.332545,-0.375355,5.509555,6.156718,0.317779,0.339889
37.500000,13.781128,10.390413,1.567800,0.645958,0.012749,-0.036383,23.301396,-0.378651,5.498926,6.151772,0.317402,0.339726
37.533333,13.780778,10.411934,1.566581,0.645210,0.012877,-0.036738,23.270058,-0.381963,5.488237,6.146793,0.317023,0.339562
37.566667,13.780450,10.433430,1.565350,0.644455,0.013005,-0.037094,23.238535,-0.385290,5.477487,6.141781,0.316641,0.339396
37.600000,13.780145,10.454902,1.564108,0.643695,0.013133,-0.037453,23.206828,-0.388633,5.466678,6.136736,0.316256,0.339229
37.633333,13.779862,10.476348,1.562854,0.642929,0.013262,-0.037812,23.174939,-0.391993,5.455810,6.131660,0.315869,0.339062
37.666667,13.779601,10.497769,1.561587,0.642157,0.013391,-0.038174,23.142869,-0.395368,5.444883,6.126552,0.315479,0.338893
37.700000,13.779364,10.519165,1.560309,0.641379,0.013519,-0.038536,23.110621,-0.398759,5.433897,6.121413,0.315087,0.338722
37.733333,13.779149,10.540535,1.559018,0.640596,0.013648,-0.038901,23.078196,-0.402167,5.422854,6.116244,0.314692,0.338551
37.766667,13.778957,10.561879,1.557715,0.639807,0.013778,-0.039267,23.045596,-0.405590,5.411752,6.111046,0.314294,0.338379
37.800000,13.778788,10.583197,1.556400,0.639013,0.013907,-0.039635,23.012824,-0.409030,5.400594,6.105818,0.313894,0.338206
37.833333,13.778643,10.604489,1.555073,0.638213,0.014036,-0.040004,22.979880,-0.412486,5.389378,6.100562,0.313491,0.338031
37.866667,13.778522,10.625754,1.553733,0.637408,0.014166,-0.040375,22.946768,-0.415959,5.378107,6.095277,0.313086,0.337856
37.900000,13.778424,10.646992,1.552381,0.636597,0.014296,-0.040748,22.913488,-0.419448,5.366779,6.089965,0.312678,0.337679
37.933333,13.778350,10.668204,1.551017,0.635781,0.014425,-0.041123,22.880043,-0.422954,5.355396,6.084626,0.312268,0.337502
37.966667,13.778301,10.689388,1.549640,0.634959,0.014556,-0.041499,22.846436,-0.426476,5.343957,6.079261,0.311855,0.337324
38.000000,13.778276,10.710546,1.548250,0.634132,0.014686,-0.041877,22.812667,-0.430015,5.332464,6.073869,0.311439,0.337144
38.033333,13.778275,10.731675,1.546848,0.633300,0.014816,-0.042256,22.778739,-0.433571,5.320917,6.068453,0.311021,0.336964
38.066667,13.778299,10.752777,1.545433,0.632463,0.014947,-0.042638,22.744654,-0.437143,5.309316,6.063011,0.310600,0.336783
38.100000,13.778348,10.773851,1.544006,0.631621,0.015077,-0.043021,22.710414,-0.440732,5.297662,6.057545,0.310177,0.336600
38.133333,13.778423,10.794897,1.542565,0.630773,0.015208,-0.043405,22.676022,-0.444338,5.285955,6.052056,0.309751,0.336417
38.166667,13.778522,10.815914,1.541112,0.629920,0.015339,-0.043792,22.641478,-0.447961,5.274196,6.046543,0.309323,0.336234
38.200000,13.778647,10.836903,1.539646,0.629063,0.015470,-0.044180,22.606786,-0.451601,5.262386,6.041008,0.308892,0.336049
38.233333,13.778797,10.857864,1.538166,0.628200,0.015601,-0.044570,22.571948,-0.455258,5.250524,6.035450,0.308459,0.335863
38.266667,13.778974,10.878795,1.536674,0.627333,0.015733,-0.044962,22.536965,-0.458931,5.238611,6.029872,0.308023,0.335677
38.300000,13.779176,10.899697,1.535169,0.626460,0.015864,-0.045356,22.501840,-0.462622,5.226648,6.024272,0.307585,0.335489
38.333333,13.779404,10.920570,1.533651,0.625583,0.015996,-0.045752,22.466574,-0.466330,5.214635,6.018652,0.307144,0.335301
38.366667,13.779659,10.941413,1.532119,0.624701,0.016128,-0.046149,22.431171,-0.470055,5.202573,6.013012,0.306701,0.335113
38.400000,13.779941,10.962227,1.530574,0.623815,0.016260,-0.046548,22.395633,-0.473796,5.190463,6.007353,0.306255,0.334923
38.433333,13.780249,10.983011,1.529016,0.622923,0.016392,-0.046949,22.359961,-0.477555,5.178305,6.001676,0.305807,0.334733
38.466667,13.780583,11.003765,1.527444,0.622027,0.016524,-0.047352,22.324158,-0.481331,5.166099,5.995980,0.305357,0.334542
38.500000,13.780945,11.024488,1.525859,0.621127,0.016657,-0.047756,22.288226,-0.485124,5.153846,5.990267,0.304903,0.334350
38.533333,13.781334,11.045181,1.524260,0.620222,0.016789,-0.048163,22.252167,-0.488934,5.141547,5.984537,0.304448,0.334157
38.566667,13.781751,11.065844,1.522648,0.619313,0.016922,-0.048571,22.215984,-0.492761,5.129202,5.978790,0.303990,0.333964
38.600000,13.782195,11.086475,1.521022,0.618399,0.017055,-0.048982,22.179679,-0.496605,5.116812,5.973028,0.303530,0.333771
38.633333,13.782666,11.107076,1.519383,0.617481,0.017188,-0.049394,22.143255,-0.500467,5.104377,5.967250,0.303067,0.333576
38.666667,13.783166,11.127645,1.517729,0.616558,0.017321,-0.049808,22.106713,-0.504345,5.091898,5.961458,0.302602,0.333381
38.700000,13.783694,11.148183,1.516062,0.615632,0.017454,-0.050224,22.070056,-0.508240,5.079376,5.955652,0.302134,0.333186
38.733333,13.784249,11.168689,1.514381,0.614701,0.017588,-0.050641,22.033287,-0.512152,5.066812,5.949832,0.301665,0.332989
38.766667,13.784834,11.189164,1.512686,0.613766,0.017721,-0.051061,21.996408,-0.516081,5.054205,5.943999,0.301192,0.332793
38.800000,13.785446,11.209606,1.510977,0.612827,0.017855,-0.051483,21.959421,-0.520026,5.041557,5.938154,0.300718,0.332596
38.833333,13.786088,11.230017,1.509254,0.611884,0.017989,-0.051906,21.922329,-0.523989,5.028868,5.932297,0.300241,0.332398
38.866667,13.786758,11.250395,1.507517,0.610937,0.018123,-0.052331,21.885134,-0.527968,5.016139,5.926428,0.299762,0.332199
38.900000,13.787458,11.270741,1.505765,0.609986,0.018257,-0.052759,21.847839,-0.531964,5.003370,5.920549,0.299280,0.332001
38.933333,13.788186,11.291054,1.503999,0.609031,0.018392,-0.053188,21.810446,-0.535976,4.990563,5.914660,0.298797,0.331801
38.966667,13.788945,11.311334,1.502219,0.608073,0.018526,-0.053619,21.772958,-0.540005,4.977718,5.908761,0.298311,0.331602
39.000000,13.789732,11.331581,1.500425,0.607111,0.018660,-0.054052,21.735377,-0.544050,4.964835,5.902853,0.297822,0.331402
39.033333,13.790550,11.351795,1.498616,0.606145,0.018795,-0.054487,21.697706,-0.548112,4.951916,5.896937,0.297332,0.331201
39.066667,13.791397,11.371976,1.496792,0.605175,0.018930,-0.054924,21.659947,-0.552190,4.938961,5.891012,0.296839,0.331000
39.100000,13.792274,11.392123,1.494954,0.604202,0.019065,-0.055362,21.622103,-0.556284,4.925971,5.885081,0.296344,0.330799
39.133333,13.793181,11.412237,1.493101,0.603226,0.019200,-0.055803,21.584177,-0.560394,4.912946,5.879142,0.295847,0.330597
39.166667,13.794119,11.432316,1.491234,0.602246,0.019335,-0.056246,21.546171,-0.564520,4.899888,5.873198,0.295348,0.330395
39.200000,13.795088,11.452362,1.489352,0.601263,0.019470,-0.056690,21.508087,-0.568661,4.886797,5.867247,0.294846,0.330193
39.233333,13.796087,11.472373,1.487455,0.600277,0.019606,-0.057137,21.469930,-0.572818,4.873673,5.861291,0.294343,0.329990
39.266667,13.797117,11.492350,1.485543,0.599287,0.019741,-0.057585,21.431700,-0.576991,4.860519,5.855331,0.293837,0.329787
39.300000,13.798177,11.512293,1.483616,0.598294,0.019877,-0.058035,21.393401,-0.581179,4.847334,5.849367,0.293329,0.329584
39.333333,13.799269,11.532200,1.481674,0.597298,0.020012,-0.058487,21.355036,-0.585382,4.834119,5.843399,0.292819,0.329380
39.366667,13.800393,11.552073,1.479716,0.596299,0.020148,-0.058941,21.316607,-0.589601,4.820875,5.837428,0.292307,0.329177
39.400000,13.801548,11.571911,1.477744,0.595298,0.020284,-0.059397,21.278117,-0.593834,4.807604,5.831455,0.291794,0.328973
39.433333,13.802734,11.591714,1.475757,0.594293,0.020420,-0.059855,21.239569,-0.598081,4.794305,5.825480,0.291278,0.328769
39.466667,13.803952,11.611481,1.473754,0.593285,0.020556,-0.060314,21.200965,-0.602344,4.780980,5.819503,0.290760,0.328564
39.500000,13.805202,11.631212,1.471736,0.592275,0.020692,-0.060776,21.162309,-0.606620,4.767629,5.813525,0.290240,0.328360
39.533333,13.806484,11.650909,1.469702,0.591262,0.020828,-0.061239,21.123602,-0.610910,4.754254,5.807548,0.289718,0.328155
39.566667,13.807799,11.670569,1.467653,0.590246,0.020965,-0.061704,21.084849,-0.615215,4.740855,5.801570,0.289194,0.327951
39.600000,13.809146,11.690193,1.465589,0.589228,0.021101,-0.062171,21.046052,-0.619532,4.727433,5.795593,0.288668,0.327746
39.633333,13.810525,11.709781,1.463508,0.588207,0.021238,-0.062640,21.007213,-0.623864,4.713990,5.789617,0.288141,0.327541
39.666667,13.811937,11.729333,1.461413,0.587184,0.021374,-0.063111,20.968336,-0.628208,4.700526,5.783643,0.287612,0.327336
39.700000,13.813382,11.748848,1.459301,0.586159,0.021511,-0.063584,20.929424,-0.632565,4.687041,5.777670,0.287080,0.327131
39.733333,13.814860,11.768327,1.457174,0.585131,0.021647,-0.064058,20.890479,-0.636934,4.673538,5.771701,0.286547,0.326925
39.766667,13.816371,11.787769,1.455030,0.584101,0.021784,-0.064534,20.851504,-0.641316,4.660017,5.765735,0.286013,0.326720
39.800000,13.817915,11.807174,1.452871,0.583069,0.021921,-0.065012,20.812502,-0.645710,4.646479,5.759772,0.285476,0.326515
39.833333,13.819493,11.826542,1.450696,0.582035,0.022057,-0.065491,20.773477,-0.650116,4.632925,5.753814,0.284938,0.326310
39.866667,13.821105,11.845873,1.448505,0.580999,0.022194,-0.065973,20.734431,-0.654532,4.619356,5.747860,0.284398,0.326105
39.900000,13.822750,11.865167,1.446298,0.579961,0.022331,-0.066456,20.695367,-0.658960,4.605773,5.741911,0.283857,0.325900
39.933333,13.824429,11.884423,1.444075,0.578921,0.022468,-0.066941,20.656289,-0.663399,4.592177,5.735968,0.283314,0.325695
39.966667,13.826142,11.903641,1.441835,0.577879,0.022605,-0.067427,20.617198,-0.667848,4.578569,5.730031,0.282769,0.325490
40.000000,13.827889,11.922822,1.439580,0.576836,0.022741,-0.067915,20.578100,-0.672307,4.564950,5.724100,0.282223,0.325285
40.033333,13.829670,11.941965,1.437308,0.575791,0.022878,-0.068405,20.538995,-0.676775,4.551322,5.718176,0.281675,0.325080
40.066667,13.831486,11.961069,1.435019,0.574744,0.023015,-0.068896,20.499888,-0.681253,4.537685,5.712259,0.281126,0.324875
40.100000,13.833336,11.980136,1.432715,0.573696,0.023152,-0.069389,20.460782,-0.685739,4.524041,5.706350,0.280576,0.324671
40.133333,13.835222,11.999164,1.430393,0.572647,0.023289,-0.069884,20.421679,-0.690234,4.510390,5.700449,0.280024,0.324466
40.166667,13.837142,12.018154,1.428056,0.571596,0.023425,-0.070380,20.382583,-0.694737,4.496734,5.694557,0.279471,0.324262
40.200000,13.839097,12.037105,1.425701,0.570544,0.023562,-0.070877,20.343498,-0.699248,4.483075,5.688674,0.278916,0.324058
40.233333,13.841087,12.056018,1.423331,0.569491,0.023699,-0.071376,20.304425,-0.703765,4.469412,5.682800,0.278360,0.323854
40.266667,13.843112,12.074891,1.420943,0.568436,0.023836,-0.071877,20.265369,-0.708289,4.455748,5.676936,0.277803,0.323651
40.300000,13.845173,12.093726,1.418539,0.567381,0.023972,-0.072379,20.226332,-0.712820,4.442083,5.671083,0.277245,0.323447
40.333333,13.847270,12.112521,1.416118,0.566325,0.024109,-0.072882,20.187318,-0.717356,4.428419,5.665240,0.276685,0.323244
40.366667,13.849402,12.131278,1.413680,0.565268,0.024245,-0.073387,20.148330,-0.721897,4.414758,5.659407,0.276125,0.323041
40.400000,13.851570,12.149994,1.411225,0.564210,0.024382,-0.073893,20.109371,-0.726443,4.401099,5.653586,0.275563,0.322838
40.433333,13.853774,12.168672,1.408754,0.563151,0.024518,-0.074401,20.070445,-0.730992,4.387445,5.647777,0.275001,0.322636
40.466667,13.856014,12.187310,1.406265,0.562092,0.024654,-0.074909,20.031554,-0.735546,4.373797,5.641980,0.274437,0.322434
40.500000,13.858290,12.205908,1.403760,0.561032,0.024790,-0.075419,19.992703,-0.740102,4.360157,5.636195,0.273873,0.322232
40.533333,13.860603,12.224466,1.401237,0.559972,0.024926,-0.075930,19.953894,-0.744661,4.346524,5.630422,0.273308,0.322030
40.566667,13.862952,12.242984,1.398698,0.558912,0.025062,-0.076443,19.915130,-0.749222,4.332902,5.624663,0.272741,0.321829
40.600000,13.865338,12.261463,1.396141,0.557851,0.025198,-0.076956,19.876415,-0.753783,4.319291,5.618917,0.272175,0.321628
40.633333,13.867760,12.279900,1.393567,0.556790,0.025334,-0.077471,19.837753,-0.758346,4.305692,5.613185,0.271607,0.321428
40.666667,13.870219,12.298298,1.390976,0.555729,0.025469,-0.077986,19.799146,-0.762908,4.292107,5.607466,0.271039,0.321227
40.700000,13.872716,12.316655,1.388368,0.554668,0.025604,-0.078503,19.760599,-0.767470,4.278538,5.601762,0.270470,0.321028
40.733333,13.875249,12.334972,1.385743,0.553607,0.025740,-0.079020,19.722114,-0.772030,4.264985,5.596072,0.269901,0.320828
40.766667,13.877820,12.353248,1.383100,0.552546,0.025875,-0.079538,19.683694,-0.776588,4.251451,5.590396,0.269331,0.320629
40.800000,13.880428,12.371483,1.380440,0.551485,0.026009,-0.080058,19.645344,-0.781144,4.237936,5.584736,0.268760,0.320430
40.833333,13.883074,12.389678,1.377763,0.550425,0.026144,-0.080578,19.607066,-0.785696,4.224442,5.579091,0.268190,0.320232
40.866667,13.885757,12.407831,1.375068,0.549365,0.026278,-0.081098,19.568865,-0.790244,4.210971,5.573461,0.267619,0.320034
40.900000,13.888478,12.425943,1.372357,0.548305,0.026412,-0.081620,19.530743,-0.794787,4.197525,5.567847,0.267048,0.319837
40.933333,13.891237,12.444014,1.369627,0.547246,0.026546,-0.082142,19.492703,-0.799324,4.184103,5.562248,0.266476,0.319640
40.966667,13.894034,12.462044,1.366880,0.546188,0.026680,-0.082664,19.454751,-0.803855,4.170709,5.556666,0.265905,0.319443
41.000000,13.896869,12.480033,1.364116,0.545130,0.026813,-0.083188,19.416888,-0.808378,4.157344,5.551100,0.265333,0.319247
41.033333,13.899742,12.497980,1.361335,0.544073,0.026947,-0.083711,19.379118,-0.812894,4.144009,5.545550,0.264762,0.319051
41.066667,13.902654,12.515885,1.358535,0.543017,0.027079,-0.084235,19.341446,-0.817400,4.130706,5.540017,0.264190,0.318856
41.100000,13.905604,12.533749,1.355719,0.541963,0.027212,-0.084760,19.303873,-0.821897,4.117437,5.534500,0.263619,0.318661
41.133333,13.908593,12.551570,1.352885,0.540909,0.027344,-0.085284,19.266405,-0.826383,4.104202,5.529000,0.263048,0.318467
41.166667,13.911620,12.569350,1.350033,0.539856,0.027476,-0.085809,19.229044,-0.830857,4.091005,5.523517,0.262477,0.318273
41.200000,13.914687,12.587089,1.347164,0.538805,0.027608,-0.086334,19.191794,-0.835320,4.077845,5.518052,0.261907,0.318080
41.233333,13.917792,12.604784,1.344278,0.537755,0.027739,-0.086859,19.154658,-0.839769,4.064726,5.512603,0.261337,0.317887
41.266667,13.920936,12.622438,1.341374,0.536707,0.027870,-0.087384,19.117640,-0.844203,4.051649,5.507172,0.260768,0.317694
41.300000,13.924120,12.640050,1.338452,0.535660,0.028000,-0.087909,19.080744,-0.848623,4.038615,5.501758,0.260199,0.317503
41.333333,13.927342,12.657619,1.335513,0.534615,0.028130,-0.088434,19.043973,-0.853026,4.025626,5.496361,0.259631,0.317311
41.366667,13.930604,12.675146,1.332556,0.533571,0.028260,-0.088959,19.007331,-0.857413,4.012684,5.490982,0.259064,0.317120
41.400000,13.933906,12.692630,1.329582,0.532529,0.028389,-0.089483,18.970821,-0.861781,3.999790,5.485620,0.258498,0.316930
41.433333,13.937247,12.710072,1.326591,0.531490,0.028518,-0.090007,18.934447,-0.866130,3.986948,5.480276,0.257932,0.316740
41.466667,13.940628,12.727471,1.323582,0.530452,0.028647,-0.090531,18.898212,-0.870460,3.974157,5.474949,0.257368,0.316551
41.500000,13.944049,12.744828,1.320556,0.529416,0.028774,-0.091054,18.862120,-0.874768,3.961420,5.469640,0.256804,0.316362
41.533333,13.947510,12.762142,1.317512,0.528383,0.028902,-0.091576,18.826175,-0.879054,3.948739,5.464349,0.256242,0.316173
41.566667,13.951011,12.779412,1.314450,0.527352,0.029029,-0.092098,18.790381,-0.883316,3.936116,5.459075,0.255682,0.315985
41.600000,13.954552,12.796640,1.311372,0.526323,0.029155,-0.092619,18.754740,-0.887555,3.923552,5.453818,0.255122,0.315798
41.633333,13.958133,12.813825,1.308276,0.525297,0.029281,-0.093139,18.719256,-0.891768,3.911049,5.448579,0.254564,0.315611
41.666667,13.961755,12.830967,1.305163,0.524273,0.029407,-0.093658,18.683934,-0.895954,3.898609,5.443358,0.254008,0.315425
41.700000,13.965417,12.848065,1.302032,0.523252,0.029531,-0.094176,18.648776,-0.900113,3.886235,5.438153,0.253453,0.315239
41.733333,13.969120,12.865121,1.298884,0.522234,0.029656,-0.094692,18.613786,-0.904243,3.873927,5.432966,0.252900,0.315054
41.766667,13.972863,12.882133,1.295719,0.521219,0.029779,-0.095208,18.578968,-0.908343,3.861688,5.427796,0.252349,0.314869
41.800000,13.976648,12.899101,1.292537,0.520206,0.029902,-0.095722,18.544326,-0.912412,3.849519,5.422644,0.251800,0.314684
41.833333,13.980473,12.916027,1.289338,0.519197,0.030025,-0.096235,18.509863,-0.916449,3.837424,5.417508,0.251253,0.314501
41.866667,13.984339,12.932909,1.286121,0.518191,0.030147,-0.096746,18.475583,-0.920452,3.825402,5.412389,0.250708,0.314317
41.900000,13.988246,12.949747,1.282888,0.517188,0.030268,-0.097256,18.441489,-0.924421,3.813458,5.407287,0.250165,0.314134
41.933333,13.992194,12.966542,1.279638,0.516189,0.030388,-0.097764,18.407585,-0.928354,3.801591,5.402201,0.249625,0.313952
41.966667,13.996184,12.983293,1.276370,0.515193,0.030508,-0.098270,18.373874,-0.932252,3.789803,5.397134,0.249087,0.313770
42.000000,14.000215,13.000000,1.273086,0.514200,0.030627,-0.098774,18.340361,-0.936127,3.778084,5.392096,0.248551,0.313589
42.033333,14.004287,13.016664,1.269786,0.513212,0.030745,-0.099276,18.307048,-0.939990,3.766425,5.387099,0.248017,0.313410
42.066667,14.008402,13.033283,1.266468,0.512226,0.030862,-0.099776,18.273939,-0.943834,3.754835,5.382135,0.247485,0.313231
42.100000,14.012557,13.049859,1.263134,0.511245,0.030979,-0.100274,18.241038,-0.947645,3.743324,5.377195,0.246955,0.313053
42.133333,14.016755,13.066391,1.259783,0.510268,0.031095,-0.100770,18.208348,-0.951420,3.731897,5.372277,0.246428,0.312876
42.166667,14.020994,13.082880,1.256416,0.509295,0.031210,-0.101264,18.175871,-0.955160,3.720554,5.367381,0.245903,0.312700
42.200000,14.025275,13.099324,1.253032,0.508326,0.031325,-0.101756,18.143612,-0.958862,3.709298,5.362508,0.245382,0.312524
42.233333,14.029598,13.115724,1.249632,0.507361,0.031438,-0.102245,18.111573,-0.962526,3.698129,5.357657,0.244863,0.312349
42.266667,14.033964,13.132080,1.246216,0.506401,0.031551,-0.102732,18.079757,-0.966151,3.687051,5.352828,0.244348,0.312175
42.300000,14.038371,13.148392,1.242783,0.505444,0.031663,-0.103217,18.048169,-0.969735,3.676063,5.348021,0.243836,0.312002
42.333333,14.042821,13.164660,1.239335,0.504493,0.031774,-0.103699,18.016810,-0.973279,3.665169,5.343236,0.243327,0.311829
42.366667,14.047313,13.180883,1.235870,0.503546,0.031884,-0.104178,17.985685,-0.976780,3.654369,5.338473,0.242821,0.311657
42.400000,14.051848,13.197063,1.232389,0.502604,0.031993,-0.104654,17.954796,-0.980239,3.643665,5.333733,0.242319,0.311485
42.433333,14.056425,13.213198,1.228893,0.501667,0.032101,-0.105128,17.924146,-0.983653,3.633059,5.329014,0.241820,0.311314
42.466667,14.061045,13.229289,1.225381,0.500734,0.032209,-0.105598,17.893739,-0.987023,3.622553,5.324317,0.241325,0.311144
42.500000,14.065708,13.245336,1.221853,0.499807,0.032315,-0.106066,17.863578,-0.990347,3.612147,5.319642,0.240834,0.310975
42.533333,14.070413,13.261338,1.218310,0.498884,0.032421,-0.106530,17.833665,-0.993624,3.601844,5.314988,0.240346,0.310806
42.566667,14.075161,13.277296,1.214751,0.497967,0.032525,-0.106991,17.804003,-0.996853,3.591645,5.310357,0.239863,0.310638
42.600000,14.079953,13.293209,1.211177,0.497055,0.032629,-0.107449,17.774597,-1.000034,3.581551,5.305747,0.239383,0.310471
42.633333,14.084787,13.309079,1.207588,0.496149,0.032731,-0.107903,17.745447,-1.003164,3.571565,5.301159,0.238908,0.310304
42.666667,14.089664,13.324903,1.203984,0.495248,0.032833,-0.108353,17.716559,-1.006245,3.561687,5.296592,0.238437,0.310138
42.700000,14.094585,13.340684,1.200364,0.494352,0.032933,-0.108800,17.687933,-1.009274,3.551920,5.292047,0.237970,0.309973
42.733333,14.099549,13.356420,1.196730,0.493463,0.033032,-0.109243,17.659574,-1.012250,3.542264,5.287523,0.237508,0.309808
42.766667,14.104556,13.372111,1.193081,0.492579,0.033131,-0.109682,17.631484,-1.015173,3.532722,5.283020,0.237050,0.309645
42.800000,14.109606,13.387758,1.189418,0.491700,0.033228,-0.110117,17.603667,-1.018042,3.523294,5.278539,0.236597,0.309481
42.833333,14.114700,13.403360,1.185740,0.490828,0.033324,-0.110548,17.576123,-1.020855,3.513983,5.274079,0.236148,0.309319
42.866667,14.119838,13.418918,1.182048,0.489962,0.033419,-0.110975,17.548858,-1.023613,3.504790,5.269639,0.235705,0.309157
42.900000,14.125019,13.434432,1.178342,0.489102,0.033513,-0.111397,17.521873,-1.026314,3.495715,5.265221,0.235266,0.308996
42.933333,14.130245,13.449901,1.174622,0.488248,0.033606,-0.111815,17.495171,-1.028956,3.486761,5.260824,0.234833,0.308835
42.966667,14.135513,13.465325,1.170888,0.487400,0.033698,-0.112229,17.468754,-1.031541,3.477929,5.256448,0.234404,0.308676
43.000000,14.140826,13.480705,1.167140,0.486558,0.033788,-0.112637,17.442626,-1.034065,3.469221,5.252092,0.233981,0.308516
43.033333,14.146183,13.496040,1.163379,0.485724,0.033878,-0.113042,17.416789,-1.036529,3.460637,5.247757,0.233563,0.308358
43.066667,14.151583,13.511331,1.159604,0.484895,0.033966,-0.113441,17.391245,-1.038933,3.452180,5.243443,0.233150,0.308200
43.100000,14.157028,13.526577,1.155816,0.484073,0.034053,-0.113836,17.365998,-1.041274,3.443850,5.239149,0.232743,0.308043
43.133333,14.162517,13.541778,1.152015,0.483258,0.034139,-0.114225,17.341049,-1.043552,3.435649,5.234876,0.232342,0.307887
43.166667,14.168050,13.556935,1.148201,0.482450,0.034223,-0.114609,17.316401,-1.045766,3.427578,5.230623,0.231946,0.307731
43.200000,14.173627,13.572048,1.144374,0.481649,0.034306,-0.114988,17.292057,-1.047917,3.419638,5.226391,0.231556,0.307576
43.233333,14.179249,13.587116,1.140535,0.480854,0.034388,-0.115362,17.268019,-1.050002,3.411831,5.222179,0.231172,0.307421
43.266667,14.184915,13.602139,1.136683,0.480067,0.034469,-0.115731,17.244289,-1.052021,3.404158,5.217987,0.230794,0.307267
43.300000,14.190625,13.617118,1.132820,0.479287,0.034549,-0.116093,17.220871,-1.053973,3.396620,5.213815,0.230422,0.307114
43.333333,14.196380,13.632053,1.128944,0.478514,0.034627,-0.116451,17.197765,-1.055858,3.389218,5.209664,0.230056,0.306962
43.366667,14.202180,13.646943,1.125056,0.477748,0.034704,-0.116802,17.174974,-1.057676,3.381954,5.205533,0.229696,0.306810
43.400000,14.208024,13.661788,1.121157,0.476990,0.034779,-0.117148,17.152501,-1.059424,3.374829,5.201422,0.229343,0.306659
43.433333,14.213913,13.676589,1.117246,0.476239,0.034853,-0.117487,17.130348,-1.061103,3.367843,5.197331,0.228996,0.306508
43.466667,14.219847,13.691345,1.113324,0.475495,0.034926,-0.117821,17.108517,-1.062712,3.360998,5.193260,0.228656,0.306358
43.500000,14.225825,13.706057,1.109392,0.474759,0.034997,-0.118149,17.087009,-1.064250,3.354295,5.189210,0.228322,0.306209
43.533333,14.231849,13.720725,1.105448,0.474031,0.035067,-0.118470,17.065828,-1.065718,3.347735,5.185179,0.227995,0.306061
43.566667,14.237917,13.735348,1.101494,0.473311,0.035136,-0.118785,17.044975,-1.067113,3.341319,5.181169,0.227674,0.305913
43.600000,14.244030,13.749927,1.097529,0.472598,0.035203,-0.119094,17.024453,-1.068436,3.335048,5.177179,0.227360,0.305766
43.633333,14.250189,13.764461,1.093554,0.471893,0.035269,-0.119396,17.004262,-1.069686,3.328922,5.173209,0.227054,0.305619
43.666667,14.256392,13.778951,1.089569,0.471197,0.035333,-0.119692,16.984405,-1.070863,3.322944,5.169259,0.226754,0.305473
43.700000,14.262641,13.793397,1.085574,0.470508,0.035396,-0.119981,16.964885,-1.071966,3.317113,5.165330,0.226461,0.305328
43.733333,14.268934,13.807799,1.081570,0.469827,0.035458,-0.120263,16.945702,-1.072994,3.311430,5.161421,0.226175,0.305184
43.766667,14.275274,13.822156,1.077557,0.469155,0.035518,-0.120539,16.926859,-1.073948,3.305897,5.157532,0.225897,0.305040
43.800000,14.281658,13.836469,1.073534,0.468491,0.035576,-0.120807,16.908356,-1.074827,3.300515,5.153664,0.225625,0.304897
43.833333,14.288088,13.850737,1.069503,0.467835,0.035633,-0.121069,16.890197,-1.075629,3.295283,5.149816,0.225361,0.304754
43.866667,14.294563,13.864962,1.065463,0.467187,0.035689,-0.121323,16.872383,-1.076356,3.290202,5.145989,0.225105,0.304613
43.900000,14.301083,13.879142,1.061415,0.466548,0.035743,-0.121571,16.854915,-1.077007,3.285274,5.142183,0.224856,0.304472
43.933333,14.307650,13.893278,1.057358,0.465918,0.035796,-0.121811,16.837795,-1.077581,3.280500,5.138398,0.224614,0.304331
43.966667,14.314261,13.907370,1.053294,0.465296,0.035847,-0.122044,16.821024,-1.078078,3.275878,5.134634,0.224380,0.304192
44.000000,14.320919,13.921418,1.049222,0.464683,0.035896,-0.122269,16.804604,-1.078498,3.271411,5.130891,0.224153,0.304053
44.033333,14.327622,13.935423,1.045143,0.464078,0.035944,-0.122487,16.788537,-1.078841,3.267099,5.127169,0.223934,0.303915
44.066667,14.334370,13.949383,1.041056,0.463482,0.035990,-0.122697,16.772823,-1.079106,3.262942,5.123469,0.223723,0.303777
44.100000,14.341164,13.963299,1.036963,0.462895,0.036035,-0.122900,16.757464,-1.079293,3.258941,5.119791,0.223519,0.303641
44.133333,14.348005,13.977171,1.032863,0.462317,0.036078,-0.123095,16.742461,-1.079402,3.255096,5.116134,0.223324,0.303505
44.166667,14.354891,13.990999,1.028757,0.461748,0.036120,-0.123283,16.727816,-1.079433,3.251408,5.112500,0.223136,0.303369
44.200000,14.361822,14.004784,1.024644,0.461188,0.036160,-0.123462,16.713530,-1.079386,3.247877,5.108887,0.222955,0.303235
44.233333,14.368800,14.018525,1.020526,0.460637,0.036198,-0.123634,16.699603,-1.079260,3.244504,5.105298,0.222783,0.303101
44.266667,14.375824,14.032222,1.016402,0.460095,0.036235,-0.123798,16.686038,-1.079057,3.241288,5.101731,0.222619,0.302968
44.300000,14.382893,14.045875,1.012273,0.459562,0.036270,-0.123954,16.672835,-1.078775,3.238230,5.098187,0.222463,0.302836
44.333333,14.390009,14.059485,1.008138,0.459038,0.036304,-0.124101,16.659995,-1.078415,3.235331,5.094667,0.222314,0.302705
44.366667,14.397171,14.073051,1.003999,0.458524,0.036336,-0.124241,16.647519,-1.077976,3.232590,5.091170,0.222174,0.302575
44.400000,14.404379,14.086574,0.999856,0.458019,0.036366,-0.124373,16.635408,-1.077460,3.230007,5.087696,0.222042,0.302445
44.433333,14.411633,14.100053,0.995708,0.457523,0.036395,-0.124496,16.623662,-1.076865,3.227584,5.084247,0.221918,0.302316
44.466667,14.418933,14.113489,0.991556,0.457037,0.036422,-0.124612,16.612283,-1.076192,3.225319,5.080823,0.221802,0.302188
44.500000,14.426279,14.126881,0.987400,0.456560,0.036447,-0.124719,16.601272,-1.075442,3.223213,5.077423,0.221694,0.302061
44.533333,14.433672,14.140230,0.983241,0.456093,0.036471,-0.124818,16.590629,-1.074614,3.221266,5.074049,0.221594,0.301935
44.566667,14.441110,14.153536,0.979079,0.455635,0.036493,-0.124908,16.580354,-1.073708,3.219478,5.070699,0.221502,0.301810
44.600000,14.448595,14.166798,0.974914,0.455187,0.036513,-0.124990,16.570449,-1.072726,3.217849,5.067376,0.221418,0.301686
44.633333,14.456127,14.180018,0.970747,0.454748,0.036532,-0.125064,16.560914,-1.071666,3.216378,5.064079,0.221343,0.301562
44.666667,14.463705,14.193194,0.966577,0.454319,0.036549,-0.125129,16.551749,-1.070530,3.215066,5.060808,0.221275,0.301440
44.700000,14.471329,14.206327,0.962405,0.453900,0.036564,-0.125186,16.542955,-1.069318,3.213913,5.057565,0.221216,0.301318
44.733333,14.479000,14.219418,0.958231,0.453490,0.036578,-0.125234,16.534533,-1.068030,3.212918,5.054349,0.221165,0.301198
44.766667,14.486717,14.232465,0.954056,0.453091,0.036590,-0.125274,16.526482,-1.066666,3.212081,5.051160,0.221122,0.301078
44.800000,14.494480,14.245470,0.949879,0.452701,0.036600,-0.125305,16.518802,-1.065227,3.211401,5.048000,0.221087,0.300960
44.833333,14.502290,14.258432,0.945702,0.452321,0.036609,-0.125328,16.511496,-1.063714,3.210879,5.044868,0.221060,0.300842
44.866667,14.510147,14.271351,0.941524,0.451950,0.036616,-0.125343,16.504561,-1.062126,3.210515,5.041766,0.221041,0.300726
44.900000,14.518050,14.284227,0.937346,0.451590,0.036621,-0.125348,16.497999,-1.060464,3.210307,5.038693,0.221030,0.300610
44.933333,14.526000,14.297061,0.933167,0.451240,0.036624,-0.125346,16.491810,-1.058729,3.210255,5.035650,0.221028,0.300496
44.966667,14.533996,14.309852,0.928989,0.450899,0.036626,-0.125334,16.485994,-1.056922,3.210359,5.032638,0.221033,0.300383
45.000000,14.542039,14.322601,0.924812,0.450569,0.036626,-0.125314,16.480550,-1.055042,3.210619,5.029656,0.221046,0.300271
45.033333,14.550129,14.335308,0.920635,0.450249,0.036625,-0.125286,16.475479,-1.053091,3.211033,5.026706,0.221068,0.300160
45.066667,14.558265,14.347972,0.916459,0.449938,0.036622,-0.125249,16.470780,-1.051068,3.211602,5.023788,0.221097,0.300050
45.100000,14.566448,14.360594,0.912285,0.449638,0.036617,-0.125204,16.466454,-1.048976,3.212324,5.020903,0.221134,0.299941
45.133333,14.574678,14.373174,0.908113,0.449347,0.036610,-0.125150,16.462501,-1.046813,3.213200,5.018050,0.221179,0.299834
45.166667,14.582954,14.385712,0.903942,0.449067,0.036602,-0.125087,16.458919,-1.044582,3.214228,5.015231,0.221232,0.299728
45.200000,14.591277,14.398207,0.899773,0.448797,0.036592,-0.125016,16.455709,-1.042282,3.215408,5.012446,0.221293,0.299623
45.233333,14.599647,14.410661,0.895607,0.448537,0.036581,-0.124937,16.452870,-1.039915,3.216740,5.009696,0.221361,0.299519
45.266667,14.608064,14.423073,0.891444,0.448287,0.036567,-0.124849,16.450402,-1.037480,3.218221,5.006980,0.221437,0.299417
45.300000,14.616528,14.435443,0.887284,0.448048,0.036552,-0.124752,16.448305,-1.034980,3.219852,5.004300,0.221521,0.299315
45.333333,14.625038,14.447772,0.883127,0.447818,0.036536,-0.124647,16.446578,-1.032414,3.221633,5.001656,0.221612,0.299216
45.366667,14.633595,14.460059,0.878974,0.447599,0.036517,-0.124534,16.445220,-1.029783,3.223561,4.999049,0.221711,0.299117
45.400000,14.642200,14.472304,0.874825,0.447390,0.036498,-0.124413,16.444232,-1.027089,3.225636,4.996480,0.221818,0.299020
45.433333,14.650851,14.484508,0.870680,0.447191,0.036476,-0.124283,16.443611,-1.024332,3.227858,4.993948,0.221932,0.298925
45.466667,14.659548,14.496671,0.866540,0.447002,0.036453,-0.124145,16.443359,-1.021513,3.230225,4.991454,0.222053,0.298830
45.500000,14.668293,14.508792,0.862404,0.446823,0.036428,-0.123999,16.443473,-1.018632,3.232737,4.988999,0.222182,0.298738
45.533333,14.677085,14.520872,0.858273,0.446655,0.036401,-0.123844,16.443953,-1.015691,3.235392,4.986584,0.222318,0.298646
45.566667,14.685923,14.532912,0.854148,0.446497,0.036373,-0.123681,16.444798,-1.012691,3.238190,4.984209,0.222461,0.298556
45.600000,14.694809,14.544910,0.850028,0.446349,0.036343,-0.123511,16.446008,-1.009632,3.241130,4.981874,0.222611,0.298468
45.633333,14.703741,14.556867,0.845914,0.446211,0.036312,-0.123332,16.447581,-1.006515,3.244210,4.979581,0.222768,0.298381
45.666667,14.712721,14.568783,0.841806,0.446083,0.036279,-0.123145,16.449517,-1.003342,3.247430,4.977329,0.222933,0.298296
45.700000,14.721747,14.580658,0.837704,0.445966,0.036244,-0.122951,16.451815,-1.000113,3.250788,4.975120,0.223104,0.298212
45.733333,14.730820,14.592493,0.833609,0.445859,0.036208,-0.122748,16.454473,-0.996829,3.254283,4.972953,0.223282,0.298130
45.766667,14.739940,14.604288,0.829521,0.445762,0.036170,-0.122538,16.457490,-0.993491,3.257915,4.970830,0.223467,0.298050
45.800000,14.749108,14.616041,0.825440,0.445675,0.036131,-0.122320,16.460866,-0.990100,3.261682,4.968751,0.223659,0.297971
45.833333,14.758322,14.627755,0.821366,0.445598,0.036090,-0.122094,16.464599,-0.986657,3.265583,4.966716,0.223857,0.297894
45.866667,14.767583,14.639428,0.817300,0.445532,0.036048,-0.121860,16.468687,-0.983163,3.269617,4.964727,0.224062,0.297818
45.900000,14.776891,14.651061,0.813242,0.445475,0.036004,-0.121619,16.473131,-0.979620,3.273783,4.962783,0.224273,0.297744
45.933333,14.786246,14.662654,0.809192,0.445429,0.035958,-0.121371,16.477927,-0.976027,3.278079,4.960885,0.224491,0.297672
45.966667,14.795648,14.674206,0.805151,0.445393,0.035911,-0.121115,16.483076,-0.972387,3.282504,4.959034,0.224715,0.297602
46.000000,14.805098,14.685719,0.801118,0.445367,0.035862,-0.120852,16.488575,-0.968700,3.287058,4.957230,0.224946,0.297534
46.033333,14.814594,14.697193,0.797094,0.445351,0.035812,-0.120581,16.494424,-0.964966,3.291738,4.955474,0.225182,0.297467
46.066667,14.824137,14.708626,0.793079,0.445345,0.035761,-0.120304,16.500620,-0.961188,3.296544,4.953766,0.225425,0.297402
46.100000,14.833727,14.720020,0.789074,0.445349,0.035708,-0.120019,16.507162,-0.957367,3.301475,4.952107,0.225674,0.297339
46.133333,14.843364,14.731374,0.785078,0.445363,0.035653,-0.119727,16.514050,-0.953502,3.306528,4.950497,0.225929,0.297278
46.166667,14.853048,14.742689,0.781092,0.445387,0.035597,-0.119428,16.521280,-0.949596,3.311703,4.948937,0.226189,0.297219
46.200000,14.862779,14.753964,0.777116,0.445421,0.035539,-0.119123,16.528852,-0.945649,3.316999,4.947427,0.226455,0.297161
46.233333,14.872557,14.765201,0.773150,0.445465,0.035480,-0.118811,16.536763,-0.941662,3.322413,4.945968,0.226727,0.297106
46.266667,14.882382,14.776398,0.769195,0.445519,0.035420,-0.118492,16.545013,-0.937637,3.327946,4.944561,0.227005,0.297052
46.300000,14.892254,14.787556,0.765251,0.445583,0.035358,-0.118166,16.553600,-0.933574,3.333595,4.943205,0.227288,0.297001
46.333333,14.902173,14.798676,0.761317,0.445656,0.035295,-0.117834,16.562521,-0.929475,3.339359,4.941901,0.227576,0.296951
46.366667,14.912139,14.809756,0.757395,0.445740,0.035231,-0.117495,16.571775,-0.925340,3.345237,4.940650,0.227870,0.296903
46.400000,14.922152,14.820798,0.753484,0.445833,0.035165,-0.117151,16.581360,-0.921170,3.351228,4.939452,0.228169,0.296858
46.433333,14.932212,14.831801,0.749585,0.445936,0.035097,-0.116800,16.591275,-0.916968,3.357329,4.938308,0.228473,0.296814
46.466667,14.942319,14.842766,0.745698,0.446049,0.035029,-0.116443,16.601516,-0.912733,3.363540,4.937218,0.228782,0.296773
46.500000,14.952472,14.853693,0.741822,0.446171,0.034959,-0.116079,16.612084,-0.908467,3.369860,4.936182,0.229096,0.296733
46.533333,14.962673,14.864581,0.737959,0.446303,0.034887,-0.115710,16.622975,-0.904170,3.376287,4.935201,0.229415,0.296696
46.566667,14.972921,14.875431,0.734108,0.446445,0.034815,-0.115336,16.634187,-0.899844,3.382819,4.934274,0.229739,0.296661
46.600000,14.983215,14.886243,0.730270,0.446596,0.034741,-0.114955,16.645719,-0.895490,3.389456,4.933404,0.230068,0.296627
46.633333,14.993556,14.897017,0.726445,0.446757,0.034666,-0.114569,16.657569,-0.891109,3.396195,4.932589,0.230401,0.296596
46.666667,15.003945,14.907754,0.722632,0.446927,0.034589,-0.114177,16.669734,-0.886701,3.403036,4.931831,0.230739,0.296568
46.700000,15.014380,14.918452,0.718833,0.447107,0.034512,-0.113780,16.682213,-0.882268,3.409977,4.931129,0.231081,0.296541
46.733333,15.024862,14.929114,0.715047,0.447296,0.034433,-0.113378,16.695002,-0.877811,3.417017,4.930485,0.231427,0.296516
46.766667,15.035390,14.939737,0.711274,0.447495,0.034352,-0.112970,16.708101,-0.873331,3.424154,4.929897,0.231778,0.296494
46.800000,15.045966,14.950323,0.707516,0.447703,0.034271,-0.112557,16.721507,-0.868829,3.431387,4.929367,0.232133,0.296474
46.833333,15.056589,14.960872,0.703771,0.447920,0.034189,-0.112139,16.735218,-0.864305,3.438714,4.928895,0.232492,0.296456
46.866667,15.067258,14.971384,0.700040,0.448146,0.034105,-0.111717,16.749232,-0.859761,3.446135,4.928481,0.232855,0.296440
46.900000,15.077974,14.981859,0.696323,0.448382,0.034020,-0.111289,16.763545,-0.855198,3.453647,4.928126,0.233222,0.296426
46.933333,15.088736,14.992297,0.692620,0.448627,0.033934,-0.110857,16.778157,-0.850616,3.461250,4.927829,0.233593,0.296415
46.966667,15.099546,15.002698,0.688932,0.448880,0.033847,-0.110420,16.793065,-0.846017,3.468941,4.927591,0.233967,0.296406
47.000000,15.110402,15.013063,0.685259,0.449143,0.033759,-0.109979,16.808266,-0.841401,3.476721,4.927412,0.234345,0.296399
47.033333,15.121305,15.023391,0.681600,0.449415,0.033669,-0.109534,16.823759,-0.836770,3.484586,4.927293,0.234727,0.296395
47.066667,15.132255,15.033683,0.677957,0.449696,0.033579,-0.109084,16.839540,-0.832124,3.492537,4.927233,0.235112,0.296392
47.100000,15.143251,15.043938,0.674328,0.449985,0.033487,-0.108630,16.855608,-0.827464,3.500571,4.927233,0.235501,0.296392
47.133333,15.154294,15.054157,0.670715,0.450283,0.033395,-0.108172,16.871960,-0.822792,3.508687,4.927293,0.235893,0.296395
47.166667,15.165383,15.064340,0.667117,0.450591,0.033301,-0.107710,16.888594,-0.818107,3.516884,4.927413,0.236288,0.296399
47.200000,15.176519,15.074487,0.663534,0.450906,0.033207,-0.107244,16.905507,-0.813412,3.525160,4.927594,0.236687,0.296406
47.233333,15.187702,15.084599,0.659967,0.451231,0.033111,-0.106775,16.922698,-0.808706,3.533514,4.927834,0.237088,0.296415
47.266667,15.198931,15.094674,0.656416,0.451564,0.033015,-0.106302,16.940162,-0.803990,3.541945,4.928136,0.237492,0.296427
47.300000,15.210207,15.104714,0.652880,0.451906,0.032917,-0.105825,16.957899,-0.799267,3.550452,4.928498,0.237900,0.296441
47.333333,15.221529,15.114719,0.649361,0.452256,0.032819,-0.105345,16.975905,-0.794535,3.559032,4.928920,0.238310,0.296457
47.366667,15.232898,15.124688,0.645857,0.452614,0.032719,-0.104862,16.994179,-0.789796,3.567686,4.929404,0.238723,0.296475
47.400000,15.244313,15.134622,0.642370,0.452981,0.032619,-0.104375,17.012717,-0.785052,3.576410,4.929948,0.239139,0.296496
47.433333,15.255774,15.144521,0.638899,0.453356,0.032518,-0.103886,17.031517,-0.780302,3.585205,4.930553,0.239557,0.296519
47.466667,15.267282,15.154385,0.635444,0.453740,0.032416,-0.103393,17.050577,-0.775547,3.594069,4.931219,0.239978,0.296544
47.500000,15.278837,15.164215,0.632006,0.454131,0.032313,-0.102898,17.069893,-0.770789,3.603000,4.931947,0.240401,0.296572
47.533333,15.290437,15.174009,0.628584,0.454531,0.032209,-0.102399,17.089464,-0.766028,3.611997,4.932735,0.240827,0.296602
47.566667,15.302084,15.183769,0.625179,0.454939,0.032104,-0.101899,17.109287,-0.761264,3.621060,4.933584,0.241255,0.296634
47.600000,15.313777,15.193495,0.621791,0.455354,0.031999,-0.101395,17.129360,-0.756499,3.630186,4.934494,0.241685,0.296669
47.633333,15.325517,15.203186,0.618420,0.455778,0.031892,-0.100889,17.149679,-0.751733,3.639374,4.935466,0.242117,0.296706
47.666667,15.337302,15.212843,0.615065,0.456209,0.031785,-0.100381,17.170242,-0.746967,3.648624,4.936498,0.242551,0.296745
47.700000,15.349134,15.222466,0.611728,0.456649,0.031678,-0.099870,17.191048,-0.742202,3.657933,4.937591,0.242988,0.296787
47.733333,15.361012,15.232055,0.608407,0.457096,0.031569,-0.099357,17.212092,-0.737437,3.667301,4.938745,0.243426,0.296831
47.766667,15.372936,15.241610,0.605104,0.457550,0.031460,-0.098842,17.233372,-0.732675,3.676727,4.939959,0.243867,0.296877
47.800000,15.384906,15.251132,0.601818,0.458012,0.031350,-0.098325,17.254886,-0.727915,3.686208,4.941235,0.244309,0.296926
47.833333,15.396923,15.260619,0.598549,0.458482,0.031239,-0.097806,17.276632,-0.723159,3.695745,4.942571,0.244753,0.296976
47.866667,15.408985,15.270074,0.595297,0.458959,0.031128,-0.097286,17.298606,-0.718406,3.705336,4.943967,0.245198,0.297030
47.900000,15.421093,15.279495,0.592063,0.459444,0.031015,-0.096764,17.320806,-0.713658,3.714979,4.945424,0.245645,0.297085
47.933333,15.433247,15.288883,0.588846,0.459936,0.030903,-0.096240,17.343229,-0.708915,3.724674,4.946941,0.246094,0.297143
47.966667,15.445447,15.298239,0.585647,0.460435,0.030789,-0.095714,17.365874,-0.704177,3.734419,4.948518,0.246544,0.297203
48.000000,15.457693,15.307561,0.582465,0.460941,0.030675,-0.095187,17.388736,-0.699446,3.744213,4.950155,0.246996,0.297265
48.033333,15.469984,15.316850,0.579301,0.461455,0.030561,-0.094659,17.411813,-0.694722,3.754055,4.951851,0.247449,0.297329
48.066667,15.482322,15.326107,0.576155,0.461975,0.030445,-0.094130,17.435104,-0.690005,3.763944,4.953608,0.247903,0.297396
48.100000,15.494705,15.335331,0.573026,0.462503,0.030330,-0.093599,17.458604,-0.685296,3.773879,4.955423,0.248359,0.297465
48.133333,15.507134,15.344523,0.569915,0.463037,0.030213,-0.093068,17.482312,-0.680595,3.783858,4.957298,0.248816,0.297536
48.166667,15.519608,15.353683,0.566821,0.463578,0.030096,-0.092535,17.506225,-0.675904,3.793881,4.959232,0.249273,0.297610
48.200000,15.532129,15.362811,0.563746,0.464126,0.029979,-0.092002,17.530340,-0.671222,3.803946,4.961224,0.249732,0.297685
48.233333,15.544694,15.371906,0.560688,0.464681,0.029861,-0.091467,17.554655,-0.666550,3.814052,4.963275,0.250192,0.297763
48.266667,15.557305,15.380970,0.557648,0.465242,0.029742,-0.090932,17.579166,-0.661888,3.824199,4.965385,0.250653,0.297843
48.300000,15.569962,15.390002,0.554626,0.465810,0.029624,-0.090397,17.603872,-0.657237,3.834384,4.967552,0.251115,0.297925
48.333333,15.582664,15.399003,0.551621,0.466384,0.029504,-0.089860,17.628770,-0.652598,3.844608,4.969777,0.251578,0.298010
48.366667,15.595412,15.407972,0.548635,0.466965,0.029384,-0.089324,17.653857,-0.647971,3.854869,4.972059,0.252042,0.298096
48.400000,15.608205,15.416910,0.545667,0.467552,0.029264,-0.088787,17.679130,-0.643355,3.865166,4.974399,0.252506,0.298185
48.433333,15.621043,15.425816,0.542716,0.468145,0.029143,-0.088249,17.704586,-0.638753,3.875497,4.976796,0.252971,0.298276
48.466667,15.633926,15.434692,0.539783,0.468744,0.029022,-0.087712,17.730224,-0.634164,3.885863,4.979249,0.253436,0.298369
48.500000,15.646855,15.443537,0.536869,0.469350,0.028900,-0.087174,17.756041,-0.629588,3.896262,4.981759,0.253903,0.298464
48.533333,15.659829,15.452351,0.533972,0.469961,0.028778,-0.086636,17.782033,-0.625027,3.906692,4.984324,0.254369,0.298561
48.566667,15.672848,15.461134,0.531093,0.470579,0.028656,-0.086098,17.808199,-0.620479,3.917154,4.986946,0.254837,0.298660
48.600000,15.685912,15.469887,0.528232,0.471202,0.028533,-0.085560,17.834535,-0.615947,3.927645,4.989622,0.255305,0.298761
48.633333,15.699021,15.478610,0.525389,0.471832,0.028410,-0.085022,17.861039,-0.611429,3.938166,4.992354,0.255773,0.298864
48.666667,15.712175,15.487303,0.522564,0.472467,0.028287,-0.084485,17.887709,-0.606927,3.948714,4.995140,0.256241,0.298970
48.700000,15.725374,15.495965,0.519757,0.473107,0.028163,-0.083947,17.914542,-0.602441,3.959290,4.997981,0.256710,0.299077
48.733333,15.738618,15.504597,0.516967,0.473754,0.028039,-0.083410,17.941535,-0.597971,3.969892,5.000876,0.257179,0.299186
48.766667,15.751906,15.513200,0.514196,0.474405,0.027915,-0.082874,17.968685,-0.593517,3.980519,5.003824,0.257649,0.299297
48.800000,15.765240,15.521773,0.511442,0.475063,0.027790,-0.082337,17.995991,-0.589080,3.991170,5.006825,0.258118,0.299411
48.833333,15.778618,15.530316,0.508707,0.475725,0.027665,-0.081802,18.023449,-0.584660,4.001845,5.009880,0.258588,0.299526
48.866667,15.792040,15.538831,0.505989,0.476393,0.027540,-0.081267,18.051057,-0.580257,4.012542,5.012986,0.259058,0.299643
48.900000,15.805508,15.547315,0.503289,0.477067,0.027415,-0.080732,18.078813,-0.575873,4.023261,5.016145,0.259528,0.299762
48.933333,15.819020,15.555771,0.500607,0.477745,0.027289,-0.080199,18.106714,-0.571506,4.034001,5.019356,0.259998,0.299883
48.966667,15.832576,15.564198,0.497942,0.478428,0.027164,-0.079666,18.134757,-0.567157,4.044761,5.022618,0.260468,0.300006
49.000000,15.846177,15.572596,0.495296,0.479117,0.027038,-0.079134,18.162939,-0.562827,4.055539,5.025930,0.260937,0.300131
49.033333,15.859822,15.580965,0.492667,0.479811,0.026912,-0.078602,18.191259,-0.558515,4.066336,5.029293,0.261407,0.300257
49.066667,15.873511,15.589306,0.490056,0.480509,0.026785,-0.078072,18.219714,-0.554223,4.077150,5.032707,0.261877,0.300385
49.100000,15.887245,15.597619,0.487462,0.481212,0.026659,-0.077543,18.248301,-0.549949,4.087981,5.036170,0.262346,0.300516
49.133333,15.901023,15.605903,0.484886,0.481920,0.026532,-0.077014,18.277018,-0.545695,4.098827,5.039682,0.262816,0.300647
49.166667,15.914845,15.614159,0.482328,0.482633,0.026405,-0.076487,18.305862,-0.541461,4.109689,5.043242,0.263285,0.300781
49.200000,15.928712,15.622387,0.479787,0.483350,0.026278,-0.075961,18.334831,-0.537247,4.120564,5.046851,0.263754,0.300917
49.233333,15.942622,15.630587,0.477264,0.484072,0.026151,-0.075436,18.363922,-0.533052,4.131453,5.050508,0.264222,0.301054
49.266667,15.956576,15.638759,0.474758,0.484798,0.026024,-0.074913,18.393133,-0.528878,4.142354,5.054213,0.264691,0.301193
49.300000,15.970574,15.646904,0.472269,0.485528,0.025897,-0.074390,18.422462,-0.524725,4.153267,5.057964,0.265159,0.301333
49.333333,15.984616,15.655021,0.469798,0.486263,0.025770,-0.073869,18.451906,-0.520592,4.164190,5.061762,0.265626,0.301476
49.366667,15.998702,15.663111,0.467345,0.487002,0.025642,-0.073350,18.481462,-0.516480,4.175124,5.065607,0.266093,0.301620
49.400000,16.012831,15.671174,0.464908,0.487746,0.025515,-0.072832,18.511128,-0.512389,4.186068,5.069496,0.266560,0.301765
49.433333,16.027004,15.679210,0.462489,0.488493,0.025387,-0.072315,18.540902,-0.508319,4.197020,5.073431,0.267026,0.301912
49.466667,16.041221,15.687219,0.460087,0.489245,0.025260,-0.071800,18.570781,-0.504270,4.207980,5.077411,0.267492,0.302061
49.500000,16.055481,15.695202,0.457703,0.490000,0.025132,-0.071286,18.600764,-0.500243,4.218947,5.081435,0.267957,0.302211
49.533333,16.069785,15.703158,0.455335,0.490759,0.025005,-0.070774,18.630847,-0.496237,4.229921,5.085502,0.268422,0.302363
49.566667,16.084132,15.711087,0.452984,0.491523,0.024877,-0.070264,18.661028,-0.492253,4.240901,5.089613,0.268886,0.302517
49.600000,16.098522,15.718990,0.450651,0.492289,0.024749,-0.069755,18.691305,-0.488291,4.251885,5.093767,0.269349,0.302672
49.633333,16.112956,15.726867,0.448334,0.493060,0.024622,-0.069248,18.721676,-0.484351,4.262875,5.097963,0.269812,0.302828
49.666667,16.127433,15.734717,0.446034,0.493834,0.024494,-0.068743,18.752138,-0.480434,4.273868,5.102201,0.270274,0.302986
49.700000,16.141953,15.742542,0.443751,0.494612,0.024367,-0.068240,18.782689,-0.476538,4.284864,5.106481,0.270735,0.303145
49.733333,16.156516,15.750341,0.441485,0.495393,0.024239,-0.067738,18.813326,-0.472665,4.295862,5.110801,0.271196,0.303306
49.766667,16.171122,15.758115,0.439235,0.496178,0.024112,-0.067239,18.844048,-0.468814,4.306862,5.115162,0.271656,0.303468
49.800000,16.185771,15.765863,0.437002,0.496966,0.023985,-0.066741,18.874852,-0.464986,4.317863,5.119563,0.272115,0.303632
49.833333,16.200463,15.773586,0.434786,0.497757,0.023857,-0.066245,18.905735,-0.461180,4.328865,5.124003,0.272573,0.303797
49.866667,16.215197,15.781283,0.432586,0.498552,0.023730,-0.065751,18.936696,-0.457397,4.339866,5.128482,0.273031,0.303963
49.900000,16.229975,15.788955,0.430402,0.499349,0.023603,-0.065259,18.967733,-0.453637,4.350867,5.133000,0.273488,0.304131
49.933333,16.244795,15.796603,0.428235,0.500150,0.023476,-0.064769,18.998842,-0.449900,4.361866,5.137555,0.273944,0.304300
49.966667,16.259657,15.804226,0.426085,0.500954,0.023349,-0.064281,19.030023,-0.446186,4.372863,5.142149,0.274399,0.304470
50.000000,16.274562,15.811824,0.423950,0.501761,0.023222,-0.063795,19.061271,-0.442495,4.383857,5.146779,0.274853,0.304642
50.033333,16.289510,15.819397,0.421832,0.502570,0.023095,-0.063312,19.092587,-0.438827,4.394848,5.151446,0.275306,0.304815
50.066667,16.304500,15.826946,0.419729,0.503383,0.022969,-0.062830,19.123966,-0.435182,4.405835,5.156148,0.275758,0.304989
50.100000,16.319532,15.834471,0.417643,0.504198,0.022843,-0.062351,19.155408,-0.431560,4.416817,5.160887,0.276210,0.305164
50.133333,16.334606,15.841972,0.415572,0.505016,0.022716,-0.061873,19.186910,-0.427962,4.427795,5.165660,0.276660,0.305340
50.166667,16.349722,15.849449,0.413518,0.505836,0.022590,-0.061398,19.218469,-0.424387,4.438767,5.170468,0.277109,0.305518
50.200000,16.364881,15.856902,0.411479,0.506659,0.022464,-0.060925,19.250085,-0.420835,4.449732,5.175310,0.277557,0.305697
50.233333,16.380081,15.864331,0.409456,0.507485,0.022339,-0.060455,19.281753,-0.417307,4.460691,5.180186,0.278005,0.305877
50.266667,16.395324,15.871737,0.407449,0.508313,0.022213,-0.059986,19.313473,-0.413802,4.471642,5.185095,0.278451,0.306058
50.300000,16.410608,15.879119,0.405457,0.509143,0.022088,-0.059520,19.345243,-0.410321,4.482586,5.190036,0.278896,0.306240
50.333333,16.425934,15.886479,0.403481,0.509976,0.021962,-0.059057,19.377060,-0.406863,4.493521,5.195009,0.279340,0.306423
50.366667,16.441301,15.893815,0.401520,0.510811,0.021837,-0.058595,19.408922,-0.403429,4.504447,5.200014,0.279783,0.306607
50.400000,16.456710,15.901128,0.399575,0.511648,0.021713,-0.058136,19.440827,-0.400019,4.515363,5.205050,0.280225,0.306792
50.433333,16.472161,15.908418,0.397644,0.512488,0.021588,-0.057680,19.472774,-0.396632,4.526270,5.210117,0.280666,0.306978
50.466667,16.487653,15.915685,0.395729,0.513329,0.021464,-0.057225,19.504759,-0.393268,4.537165,5.215214,0.281105,0.307166
50.500000,16.503186,15.922930,0.393829,0.514172,0.021340,-0.056773,19.536782,-0.389929,4.548050,5.220341,0.281544,0.307354
50.533333,16.518761,15.930153,0.391944,0.515018,0.021216,-0.056324,19.568840,-0.386613,4.558923,5.225497,0.281981,0.307543
50.566667,16.534377,15.937353,0.390074,0.515865,0.021092,-0.055877,19.600931,-0.383320,4.569784,5.230681,0.282417,0.307733
50.600000,16.550034,15.944531,0.388219,0.516714,0.020969,-0.055432,19.633053,-0.380051,4.580633,5.235894,0.282852,0.307924
50.633333,16.565732,15.951686,0.386379,0.517564,0.020846,-0.054990,19.665204,-0.376806,4.591468,5.241134,0.283285,0.308116
50.666667,16.581471,15.958820,0.384553,0.518417,0.020723,-0.054550,19.697382,-0.373585,4.602290,5.246402,0.283718,0.308308
50.700000,16.597251,15.965933,0.382742,0.519271,0.020601,-0.054113,19.729586,-0.370387,4.613097,5.251696,0.284149,0.308502
50.733333,16.613071,15.973023,0.380946,0.520127,0.020479,-0.053679,19.761813,-0.367213,4.623890,5.257017,0.284579,0.308696
50.766667,16.628932,15.980092,0.379164,0.520984,0.020357,-0.053246,19.794062,-0.364063,4.634668,5.262363,0.285007,0.308892
50.800000,16.644834,15.987140,0.377396,0.521843,0.020235,-0.052817,19.826330,-0.360937,4.645430,5.267735,0.285435,0.309088
50.833333,16.660776,15.994166,0.375643,0.522703,0.020114,-0.052390,19.858616,-0.357834,4.656177,5.273131,0.285861,0.309284
50.866667,16.676759,16.001172,0.373903,0.523565,0.019993,-0.051965,19.890918,-0.354754,4.666907,5.278552,0.286285,0.309482
50.900000,16.692782,16.008156,0.372178,0.524427,0.019872,-0.051543,19.923234,-0.351699,4.677620,5.283997,0.286709,0.309680
50.933333,16.708846,16.015119,0.370467,0.525291,0.019752,-0.051124,19.955562,-0.348667,4.688316,5.289465,0.287131,0.309879
50.966667,16.724949,16.022062,0.368770,0.526157,0.019632,-0.050707,19.987900,-0.345659,4.698993,5.294957,0.287551,0.310079
51.000000,16.741093,16.028984,0.367087,0.527023,0.019512,-0.050293,20.020247,-0.342674,4.709653,5.300470,0.287970,0.310279
51.033333,16.757276,16.035886,0.365417,0.527891,0.019393,-0.049881,20.052600,-0.339713,4.720294,5.306006,0.288388,0.310480
51.066667,16.773500,16.042768,0.363761,0.528759,0.019274,-0.049472,20.084958,-0.336775,4.730916,5.311563,0.288805,0.310682
51.100000,16.789763,16.049629,0.362119,0.529629,0.019155,-0.049065,20.117320,-0.333861,4.741518,5.317141,0.289220,0.310884
51.133333,16.806066,16.056470,0.360490,0.530499,0.019037,-0.048662,20.149683,-0.330971,4.752101,5.322740,0.289634,0.311087
51.166667,16.822409,16.063292,0.358875,0.531370,0.018919,-0.048260,20.182045,-0.328104,4.762663,5.328359,0.290046,0.311291
51.200000,16.838791,16.070093,0.357273,0.532243,0.018801,-0.047862,20.214405,-0.325261,4.773204,5.333998,0.290457,0.311495
51.233333,16.855213,16.076875,0.355684,0.533115,0.018684,-0.047466,20.246761,-0.322441,4.783724,5.339656,0.290866,0.311699
51.266667,16.871674,16.083637,0.354108,0.533989,0.018567,-0.047073,20.279112,-0.319644,4.794223,5.345333,0.291274,0.311904
51.300000,16.888174,16.090380,0.352546,0.534863,0.018451,-0.046682,20.311455,-0.316871,4.804699,5.351028,0.291681,0.312110
51.333333,16.904713,16.097104,0.350996,0.535738,0.018335,-0.046294,20.343789,-0.314121,4.815153,5.356741,0.292086,0.312316
51.366667,16.921292,16.103808,0.349460,0.536613,0.018219,-0.045909,20.376112,-0.311395,4.825584,5.362472,0.292490,0.312523
51.400000,16.937910,16.110494,0.347936,0.537489,0.018104,-0.045526,20.408423,-0.308692,4.835992,5.368220,0.292892,0.312730
51.433333,16.954566,16.117160,0.346425,0.538366,0.017990,-0.045146,20.440720,-0.306012,4.846377,5.373984,0.293292,0.312938
51.466667,16.971261,16.123808,0.344926,0.539242,0.017875,-0.044769,20.473002,-0.303356,4.856737,5.379764,0.293691,0.313146
51.500000,16.987995,16.130438,0.343440,0.540120,0.017761,-0.044394,20.505266,-0.300722,4.867073,5.385560,0.294089,0.313354
51.533333,17.004768,16.137048,0.341966,0.540997,0.017648,-0.044022,20.537511,-0.298112,4.877384,5.391371,0.294485,0.313563
51.566667,17.021579,16.143640,0.340505,0.541875,0.017535,-0.043653,20.569735,-0.295525,4.887671,5.397197,0.294880,0.313772
51.600000,17.038428,16.150215,0.339056,0.542752,0.017422,-0.043286,20.601937,-0.292962,4.897931,5.403037,0.295273,0.313982
51.633333,17.055316,16.156770,0.337619,0.543630,0.017310,-0.042922,20.634116,-0.290421,4.908166,5.408892,0.295664,0.314192
51.666667,17.072242,16.163308,0.336195,0.544509,0.017198,-0.042561,20.666269,-0.287903,4.918375,5.414760,0.296054,0.314402
51.700000,17.089206,16.169828,0.334782,0.545387,0.017087,-0.042202,20.698395,-0.285408,4.928557,5.420641,0.296443,0.314613
51.733333,17.106208,16.176330,0.333381,0.546265,0.016976,-0.041847,20.730493,-0.282937,4.938712,5.426534,0.296830,0.314824
51.766667,17.123248,16.182815,0.331992,0.547143,0.016865,-0.041493,20.762561,-0.280488,4.948840,5.432440,0.297215,0.315035
51.800000,17.140326,16.189282,0.330615,0.548021,0.016755,-0.041143,20.794597,-0.278062,4.958940,5.438358,0.297599,0.315246
51.833333,17.157442,16.195732,0.329249,0.548899,0.016646,-0.040795,20.826600,-0.275659,4.969013,5.444287,0.297981,0.315458
51.866667,17.174595,16.202164,0.327895,0.549777,0.016537,-0.040450,20.858568,-0.273279,4.979057,5.450227,0.298361,0.315670
51.900000,17.191786,16.208579,0.326553,0.550654,0.016428,-0.040108,20.890501,-0.270922,4.989072,5.456178,0.298740,0.315882
51.933333,17.209014,16.214977,0.325221,0.551532,0.016320,-0.039768,20.922395,-0.268587,4.999058,5.462139,0.299118,0.316095
51.966667,17.226279,16.221358,0.323902,0.552409,0.016212,-0.039431,20.954251,-0.266275,5.009015,5.468110,0.299493,0.316307
52.000000,17.243582,16.227723,0.322593,0.553285,0.016105,-0.039096,20.986066,-0.263986,5.018943,5.474090,0.299867,0.316520
52.033333,17.260922,16.234071,0.321295,0.554161,0.015999,-0.038765,21.017840,-0.261719,5.028840,5.480080,0.300240,0.316733
52.066667,17.278299,16.240402,0.320008,0.555037,0.015893,-0.038436,21.049569,-0.259475,5.038707,5.486078,0.300611,0.316946
52.100000,17.295712,16.246716,0.318733,0.555912,0.015787,-0.038109,21.081254,-0.257253,5.048543,5.492084,0.300980,0.317159
52.133333,17.313163,16.253015,0.317468,0.556787,0.015682,-0.037786,21.112893,-0.255054,5.058349,5.498098,0.301348,0.317373
52.166667,17.330650,16.259297,0.316214,0.557661,0.015577,-0.037465,21.144484,-0.252878,5.068123,5.504119,0.301714,0.317586
52.200000,17.348174,16.265563,0.314970,0.558535,0.015473,-0.037147,21.176025,-0.250723,5.077865,5.510147,0.302078,0.317800
52.233333,17.365735,16.271813,0.313737,0.559407,0.015370,-0.036831,21.207517,-0.248592,5.087576,5.516182,0.302441,0.318014
52.266667,17.383331,16.278047,0.312515,0.560280,0.015267,-0.036518,21.238956,-0.246482,5.097254,5.522224,0.302802,0.318227
52.300000,17.400964,16.284265,0.311303,0.561151,0.015164,-0.036208,21.270342,-0.244395,5.106900,5.528271,0.303161,0.318441
52.333333,17.418634,16.290468,0.310101,0.562021,0.015062,-0.035901,21.301673,-0.242330,5.116513,5.534324,0.303519,0.318655
52.366667,17.436339,16.296655,0.308909,0.562891,0.014961,-0.035596,21.332948,-0.240287,5.126093,5.540381,0.303875,0.318869
52.400000,17.454080,16.302827,0.307728,0.563760,0.014860,-0.035294,21.364166,-0.238267,5.135639,5.546444,0.304229,0.319083
52.433333,17.471857,16.308983,0.306556,0.564628,0.014759,-0.034994,21.395326,-0.236269,5.145152,5.552511,0.304582,0.319297
52.466667,17.489670,16.315124,0.305395,0.565495,0.014660,-0.034697,21.426425,-0.234292,5.154630,5.558582,0.304933,0.319511
52.500000,17.507519,16.321250,0.304243,0.566361,0.014560,-0.034403,21.457463,-0.232338,5.164074,5.564657,0.305282,0.319724
52.533333,17.525403,16.327362,0.303101,0.567226,0.014462,-0.034112,21.488438,-0.230406,5.173484,5.570735,0.305629,0.319938
52.566667,17.543322,16.333458,0.301969,0.568090,0.014363,-0.033823,21.519349,-0.228496,5.182858,5.576816,0.305975,0.320152
52.600000,17.561277,16.339539,0.300847,0.568953,0.014266,-0.033537,21.550195,-0.226607,5.192197,5.582900,0.306319,0.320366
52.633333,17.579267,16.345606,0.299733,0.569814,0.014169,-0.033253,21.580974,-0.224741,5.201501,5.588986,0.306662,0.320579
52.666667,17.597292,16.351658,0.298630,0.570675,0.014072,-0.032972,21.611686,-0.222897,5.210769,5.595074,0.307002,0.320793
52.700000,17.615352,16.357696,0.297535,0.571534,0.013976,-0.032694,21.642328,-0.221074,5.220001,5.601163,0.307341,0.321007
52.733333,17.633447,16.363719,0.296450,0.572392,0.013881,-0.032418,21.672900,-0.219273,5.229197,5.607254,0.307678,0.321220
52.766667,17.651576,16.369728,0.295374,0.573248,0.013786,-0.032146,21.703401,-0.217494,5.238355,5.613345,0.308014,0.321433
52.800000,17.669741,16.375723,0.294307,0.574103,0.013692,-0.031875,21.733829,-0.215737,5.247477,5.619437,0.308348,0.321646
52.833333,17.687939,16.381704,0.293249,0.574957,0.013599,-0.031608,21.764182,-0.214001,5.256562,5.625529,0.308680,0.321859
52.866667,17.706173,16.387671,0.292200,0.575810,0.013506,-0.031343,21.794461,-0.212287,5.265609,5.631621,0.309010,0.322072
52.900000,17.724440,16.393624,0.291159,0.576661,0.013413,-0.031080,21.824663,-0.210595,5.274619,5.637713,0.309339,0.322285
52.933333,17.742742,16.399564,0.290128,0.577510,0.013322,-0.030820,21.854787,-0.208924,5.283590,5.643803,0.309665,0.322497
52.966667,17.761078,16.405489,0.289105,0.578358,0.013230,-0.030563,21.884832,-0.207274,5.292523,5.649893,0.309990,0.322710
53.000000,17.779448,16.411402,0.288090,0.579204,0.013140,-0.030309,21.914798,-0.205647,5.301418,5.655981,0.310314,0.322922
53.033333,17.797851,16.417300,0.287084,0.580049,0.013050,-0.030057,21.944682,-0.204040,5.310274,5.662067,0.310635,0.323134
53.066667,17.816288,16.423186,0.286086,0.580892,0.012960,-0.029808,21.974483,-0.202455,5.319090,5.668151,0.310955,0.323345
53.100000,17.834759,16.429058,0.285097,0.581734,0.012872,-0.029561,22.004202,-0.200892,5.327868,5.674233,0.311273,0.323557
53.133333,17.853264,16.434917,0.284116,0.582573,0.012783,-0.029317,22.033835,-0.199350,5.336605,5.680312,0.311589,0.323768
53.166667,17.871802,16.440763,0.283143,0.583411,0.012696,-0.029076,22.063382,-0.197829,5.345303,5.686388,0.311903,0.323979
53.200000,17.890373,16.446595,0.282177,0.584247,0.012609,-0.028837,22.092843,-0.196330,5.353961,5.692461,0.312216,0.324189
53.233333,17.908977,16.452415,0.281220,0.585082,0.012523,-0.028601,22.122215,-0.194852,5.362578,5.698530,0.312527,0.324400
53.266667,17.927614,16.458223,0.280271,0.585914,0.012437,-0.028367,22.151498,-0.193395,5.371154,5.704594,0.312836,0.324610
53.300000,17.946284,16.464017,0.279329,0.586745,0.012352,-0.028136,22.180690,-0.191960,5.379690,5.710655,0.313143,0.324820
53.333333,17.964987,16.469799,0.278395,0.587574,0.012268,-0.027907,22.209791,-0.190545,5.388185,5.716711,0.313449,0.325029
53.366667,17.983723,16.475568,0.277468,0.588400,0.012184,-0.027681,22.238800,-0.189152,5.396638,5.722762,0.313752,0.325239
53.400000,18.002491,16.481325,0.276549,0.589225,0.012101,-0.027458,22.267714,-0.187780,5.405049,5.728808,0.314054,0.325447
53.433333,18.021292,16.487070,0.275638,0.590048,0.012019,-0.027237,22.296534,-0.186429,5.413419,5.734849,0.314354,0.325656
53.466667,18.040125,16.492802,0.274734,0.590868,0.011937,-0.027019,22.325258,-0.185100,5.421746,5.740883,0.314652,0.325864
53.500000,18.058990,16.498522,0.273837,0.591687,0.011856,-0.026804,22.353885,-0.183791,5.430031,5.746912,0.314949,0.326072
53.533333,18.077887,16.504230,0.272947,0.592504,0.011775,-0.026591,22.382414,-0.182504,5.438273,5.752934,0.315243,0.326280
53.566667,18.096816,16.509926,0.272064,0.593318,0.011695,-0.026380,22.410844,-0.181237,5.446472,5.758950,0.315536,0.326487
53.600000,18.115777,16.515610,0.271188,0.594130,0.011616,-0.026172,22.439174,-0.179992,5.454628,5.764959,0.315827,0.326694
53.633333,18.134770,16.521283,0.270319,0.594940,0.011538,-0.025967,22.467402,-0.178767,5.462741,5.770960,0.316116,0.326900
53.666667,18.153794,16.526943,0.269457,0.595748,0.011460,-0.025764,22.495529,-0.177564,5.470810,5.776954,0.316403,0.327106
53.700000,18.172850,16.532592,0.268601,0.596553,0.011383,-0.025564,22.523552,-0.176381,5.478835,5.782941,0.316689,0.327312
53.733333,18.191937,16.538229,0.267753,0.597356,0.011306,-0.025366,22.551471,-0.175220,5.486816,5.788919,0.316972,0.327517
53.766667,18.211055,16.543855,0.266910,0.598157,0.011231,-0.025171,22.579284,-0.174079,5.494753,5.794889,0.317254,0.327722
53.800000,18.230204,16.549469,0.266075,0.598955,0.011155,-0.024979,22.606992,-0.172959,5.502645,5.800851,0.317534,0.327926
53.833333,18.249385,16.555072,0.265245,0.599751,0.011081,-0.024789,22.634591,-0.171860,5.510492,5.806803,0.317812,0.328130
53.866667,18.268596,16.560664,0.264422,0.600545,0.011007,-0.024601,22.662083,-0.170782,5.518295,5.812747,0.318088,0.328333
53.900000,18.287838,16.566244,0.263605,0.601336,0.010934,-0.024416,22.689465,-0.169725,5.526051,5.818681,0.318363,0.328536
53.933333,18.307110,16.571813,0.262794,0.602124,0.010862,-0.024234,22.716737,-0.168689,5.533763,5.824606,0.318635,0.328739
53.966667,18.326413,16.577371,0.261989,0.602910,0.010790,-0.024054,22.743898,-0.167674,5.541428,5.830521,0.318906,0.328941
54.000000,18.345746,16.582918,0.261191,0.603694,0.010719,-0.023877,22.770946,-0.166679,5.549048,5.836425,0.319175,0.329142
54.033333,18.365110,16.588454,0.260398,0.604475,0.010649,-0.023702,22.797881,-0.165705,5.556621,5.842320,0.319442,0.329344
54.066667,18.384503,16.593980,0.259610,0.605253,0.010580,-0.023529,22.824702,-0.164753,5.564148,5.848204,0.319707,0.329544
54.100000,18.403926,16.599494,0.258829,0.606029,0.010511,-0.023360,22.851408,-0.163820,5.571627,5.854077,0.319970,0.329744
54.133333,18.423380,16.604998,0.258053,0.606802,0.010443,-0.023192,22.877998,-0.162909,5.579061,5.859938,0.320231,0.329944
54.166667,18.442863,16.610491,0.257283,0.607572,0.010376,-0.023028,22.904470,-0.162019,5.586446,5.865789,0.320490,0.330143
54.200000,18.462375,16.615973,0.256518,0.608340,0.010309,-0.022865,22.930825,-0.161149,5.593785,5.871628,0.320748,0.330342
54.233333,18.481917,16.621445,0.255758,0.609105,0.010243,-0.022706,22.957061,-0.160300,5.601076,5.877455,0.321003,0.330540
54.266667,18.501489,16.626907,0.255004,0.609867,0.010178,-0.022548,22.983177,-0.159472,5.608318,5.883270,0.321257,0.330737
54.300000,18.521089,16.632358,0.254255,0.610626,0.010113,-0.022394,23.009172,-0.158664,5.615513,5.889073,0.321509,0.330934
54.333333,18.540719,16.637799,0.253511,0.611382,0.010050,-0.022241,23.035045,-0.157878,5.622660,5.894863,0.321759,0.331131
54.366667,18.560377,16.643229,0.252773,0.612136,0.009987,-0.022092,23.060796,-0.157112,5.629758,5.900640,0.322007,0.331327
54.400000,18.580064,16.648649,0.252039,0.612887,0.009924,-0.021944,23.086423,-0.156367,5.636807,5.906405,0.322253,0.331522
54.433333,18.599780,16.654059,0.251310,0.613634,0.009863,-0.021800,23.111926,-0.155643,5.643807,5.912156,0.322497,0.331717
54.466667,18.619525,16.659459,0.250585,0.614379,0.009802,-0.021657,23.137303,-0.154939,5.650758,5.917894,0.322740,0.331911
54.500000,18.639298,16.664849,0.249866,0.615121,0.009742,-0.021518,23.162554,-0.154256,5.657659,5.923618,0.322980,0.332104
54.533333,18.659099,16.670229,0.249151,0.615860,0.009683,-0.021380,23.187678,-0.153594,5.664511,5.929329,0.323219,0.332297
54.566667,18.678928,16.675598,0.248440,0.616596,0.009625,-0.021246,23.212675,-0.152953,5.671312,5.935025,0.323455,0.332490
54.600000,18.698785,16.680958,0.247734,0.617328,0.009567,-0.021113,23.237542,-0.152333,5.678064,5.940707,0.323690,0.332682
54.633333,18.718670,16.686308,0.247033,0.618058,0.009510,-0.020984,23.262279,-0.151733,5.684765,5.946374,0.323922,0.332873
54.666667,18.738583,16.691649,0.246336,0.618785,0.009454,-0.020856,23.286886,-0.151154,5.691416,5.952027,0.324153,0.333063
54.700000,18.758523,16.696979,0.245642,0.619508,0.009398,-0.020731,23.311362,-0.150596,5.698016,5.957665,0.324382,0.333253
54.733333,18.778491,16.702300,0.244953,0.620228,0.009344,-0.020609,23.335705,-0.150059,5.704565,5.963288,0.324609,0.333443
54.766667,18.798487,16.707611,0.244268,0.620945,0.009290,-0.020489,23.359915,-0.149543,5.711062,5.968895,0.324834,0.333632
54.800000,18.818509,16.712912,0.243587,0.621659,0.009237,-0.020372,23.383991,-0.149048,5.717508,5.974487,0.325057,0.333820
54.833333,18.838559,16.718204,0.242910,0.622370,0.009184,-0.020257,23.407932,-0.148573,5.723903,5.980063,0.325278,0.334007
54.866667,18.858635,16.723486,0.242237,0.623077,0.009133,-0.020145,23.431737,-0.148119,5.730245,5.985623,0.325497,0.334194
54.900000,18.878738,16.728759,0.241567,0.623781,0.009082,-0.020035,23.455406,-0.147687,5.736535,5.991168,0.325714,0.334380
54.933333,18.898868,16.734023,0.240901,0.624482,0.009032,-0.019927,23.478937,-0.147275,5.742773,5.996695,0.325929,0.334566
54.966667,18.919024,16.739277,0.240239,0.625180,0.008983,-0.019822,23.502331,-0.146884,5.748959,6.002207,0.326143,0.334750
55.000000,18.939207,16.744521,0.239580,0.625874,0.008935,-0.019720,23.525585,-0.146514,5.755091,6.007701,0.326354,0.334935
55.033333,18.959416,16.749756,0.238924,0.626565,0.008887,-0.019620,23.548699,-0.146165,5.761171,6.013179,0.326563,0.335118
55.066667,18.979651,16.754982,0.238272,0.627252,0.008841,-0.019522,23.571673,-0.145837,5.767197,6.018640,0.326771,0.335301
55.100000,18.999912,16.760199,0.237623,0.627936,0.008795,-0.019427,23.594505,-0.145530,5.773170,6.024083,0.326976,0.335483
55.133333,19.020199,16.765406,0.236977,0.628616,0.008750,-0.019335,23.617196,-0.145244,5.779089,6.029509,0.327179,0.335665
55.166667,19.040512,16.770604,0.236334,0.629293,0.008706,-0.019245,23.639743,-0.144979,5.784954,6.034918,0.327381,0.335845
55.200000,19.060850,16.775793,0.235694,0.629967,0.008662,-0.019157,23.662146,-0.144735,5.790765,6.040308,0.327580,0.336025
55.233333,19.081214,16.780973,0.235057,0.630637,0.008620,-0.019072,23.684405,-0.144513,5.796521,6.045681,0.327778,0.336205
55.266667,19.101603,16.786144,0.234422,0.631303,0.008578,-0.018989,23.706518,-0.144311,5.802223,6.051036,0.327973,0.336383
55.300000,19.122017,16.791305,0.233791,0.631966,0.008537,-0.018909,23.728485,-0.144131,5.807871,6.056372,0.328166,0.336561
55.333333,19.142456,16.796458,0.233162,0.632625,0.008497,-0.018832,23.750305,-0.143972,5.813463,6.061690,0.328358,0.336739
55.366667,19.162919,16.801601,0.232535,0.633281,0.008458,-0.018756,23.771977,-0.143834,5.819000,6.066989,0.328547,0.336915
55.400000,19.183408,16.806735,0.231911,0.633933,0.008419,-0.018684,23.793501,-0.143717,5.824481,6.072269,0.328735,0.337091
55.433333,19.203921,16.811861,0.231290,0.634581,0.008382,-0.018613,23.814876,-0.143622,5.829907,6.077531,0.328920,0.337266
55.466667,19.224459,16.816977,0.230670,0.635226,0.008345,-0.018546,23.836100,-0.143548,5.835277,6.082773,0.329103,0.337440
55.500000,19.245021,16.822085,0.230053,0.635867,0.008309,-0.018481,23.857174,-0.143495,5.840591,6.087996,0.329285,0.337614
55.533333,19.265607,16.827183,0.229438,0.636504,0.008274,-0.018418,23.878096,-0.143464,5.845848,6.093200,0.329464,0.337787
55.566667,19.286217,16.832272,0.228825,0.637138,0.008240,-0.018358,23.898866,-0.143455,5.851049,6.098384,0.329641,0.337959
55.600000,19.306851,16.837353,0.228214,0.637767,0.008207,-0.018300,23.919483,-0.143467,5.856193,6.103549,0.329816,0.338130
55.633333,19.327508,16.842425,0.227605,0.638393,0.008174,-0.018245,23.939946,-0.143500,5.861280,6.108693,0.329990,0.338301
55.666667,19.348190,16.847487,0.226998,0.639015,0.008143,-0.018192,23.960255,-0.143555,5.866310,6.113818,0.330161,0.338471
55.700000,19.368894,16.852541,0.226393,0.639634,0.008112,-0.018142,23.980409,-0.143632,5.871282,6.118923,0.330330,0.338640
55.733333,19.389622,16.857586,0.225789,0.640248,0.008082,-0.018094,24.000406,-0.143730,5.876196,6.124007,0.330497,0.338808
55.766667,19.410373,16.862622,0.225186,0.640859,0.008053,-0.018049,24.020247,-0.143850,5.881053,6.129071,0.330662,0.338976
55.800000,19.431148,16.867649,0.224585,0.641465,0.008025,-0.018006,24.039931,-0.143992,5.885852,6.134114,0.330825,0.339143
55.833333,19.451945,16.872667,0.223986,0.642068,0.007998,-0.017966,24.059457,-0.144156,5.890592,6.139136,0.330986,0.339309
55.866667,19.472764,16.877676,0.223388,0.642667,0.007972,-0.017928,24.078823,-0.144341,5.895274,6.144138,0.331145,0.339474
55.900000,19.493607,16.882677,0.222791,0.643261,0.007947,-0.017893,24.098031,-0.144549,5.899897,6.149119,0.331301,0.339639
55.933333,19.514471,16.887668,0.222195,0.643852,0.007922,-0.017860,24.117078,-0.144778,5.904461,6.154078,0.331456,0.339802
55.966667,19.535359,16.892651,0.221600,0.644439,0.007899,-0.017830,24.135964,-0.145030,5.908965,6.159017,0.331609,0.339965
56.000000,19.556268,16.897625,0.221006,0.645022,0.007876,-0.017803,24.154688,-0.145304,5.913410,6.163934,0.331759,0.340127
56.033333,19.577199,16.902590,0.220413,0.645600,0.007855,-0.017778,24.173251,-0.145599,5.917796,6.168829,0.331908,0.340289
56.066667,19.598152,16.907546,0.219821,0.646175,0.007834,-0.017755,24.191650,-0.145918,5.922121,6.173704,0.332054,0.340449
56.100000,19.619127,16.912493,0.219230,0.646745,0.007814,-0.017735,24.209886,-0.146258,5.926387,6.178556,0.332198,0.340609
56.133333,19.640123,16.917431,0.218639,0.647312,0.007795,-0.017718,24.227957,-0.146621,5.930592,6.183386,0.332340,0.340768
56.166667,19.661141,16.922360,0.218048,0.647874,0.007777,-0.017703,24.245864,-0.147006,5.934737,6.188195,0.332480,0.340926
56.200000,19.682180,16.927281,0.217458,0.648432,0.007760,-0.017691,24.263604,-0.147414,5.938820,6.192982,0.332618,0.341084
56.233333,19.703240,16.932192,0.216869,0.648986,0.007744,-0.017681,24.281179,-0.147844,5.942843,6.197746,0.332754,0.341240
56.266667,19.724321,16.937095,0.216280,0.649536,0.007729,-0.017674,24.298586,-0.148297,5.946805,6.202489,0.332887,0.341396
56.300000,19.745423,16.941988,0.215691,0.650082,0.007715,-0.017669,24.315826,-0.148772,5.950705,6.207208,0.333019,0.341551
56.333333,19.766545,16.946872,0.215102,0.650623,0.007702,-0.017667,24.332898,-0.149271,5.954543,6.211906,0.333148,0.341705
56.366667,19.787688,16.951748,0.214513,0.651160,0.007689,-0.017668,24.349800,-0.149792,5.958319,6.216581,0.333276,0.341859
56.400000,19.808852,16.956614,0.213924,0.651693,0.007678,-0.017671,24.366533,-0.150336,5.962034,6.221233,0.333401,0.342011
56.433333,19.830035,16.961472,0.213335,0.652221,0.007668,-0.017676,24.383096,-0.150903,5.965685,6.225863,0.333524,0.342163
56.466667,19.851239,16.966320,0.212746,0.652745,0.007658,-0.017685,24.399488,-0.151493,5.969275,6.230470,0.333644,0.342314
56.500000,19.872463,16.971159,0.212156,0.653265,0.007650,-0.017696,24.415709,-0.152106,5.972801,6.235053,0.333763,0.342464
56.533333,19.893706,16.975989,0.211566,0.653781,0.007642,-0.017709,24.431758,-0.152743,5.976264,6.239614,0.333879,0.342613
56.566667,19.914969,16.980809,0.210975,0.654292,0.007636,-0.017725,24.447633,-0.153403,5.979664,6.244152,0.333994,0.342762
56.600000,19.936252,16.985621,0.210384,0.654799,0.007631,-0.017744,24.463336,-0.154086,5.983001,6.248667,0.334106,0.342909
56.633333,19.957554,16.990423,0.209792,0.655301,0.007626,-0.017765,24.478864,-0.154793,5.986274,6.253158,0.334216,0.343056
56.666667,19.978875,16.995216,0.209200,0.655799,0.007623,-0.017789,24.494218,-0.155520,5.989486,6.257623,0.334324,0.343202
56.700000,20.000215,17.000000,0.208606,0.656292,0.007620,-0.017816,24.509397,-0.156248,5.992653,6.262045,0.334430,0.343346
56.733333,20.021574,17.004774,0.208012,0.656781,0.007619,-0.017845,24.524400,-0.156959,5.995791,6.266410,0.334535,0.343489
56.766667,20.042952,17.009539,0.207417,0.657266,0.007618,-0.017876,24.539227,-0.157666,5.998888,6.270725,0.334639,0.343630
56.800000,20.064348,17.014295,0.206820,0.657746,0.007619,-0.017910,24.553877,-0.158384,6.001931,6.275008,0.334741,0.343769
56.833333,20.085763,17.019041,0.206223,0.658222,0.007620,-0.017945,24.568350,-0.159119,6.004916,6.279259,0.334841,0.343908
56.866667,20.107195,17.023777,0.205624,0.658693,0.007623,-0.017983,24.582646,-0.159868,6.007844,6.283479,0.334939,0.344045
56.900000,20.128646,17.028504,0.205024,0.659159,0.007626,-0.018023,24.596763,-0.160633,6.010714,6.287668,0.335036,0.344182
56.933333,20.150115,17.033222,0.204422,0.659621,0.007631,-0.018065,24.610701,-0.161414,6.013525,6.291825,0.335130,0.344317
56.966667,20.171602,17.037929,0.203820,0.660078,0.007636,-0.018109,24.624461,-0.162210,6.016279,6.295951,0.335222,0.344451
57.000000,20.193107,17.042627,0.203215,0.660531,0.007642,-0.018155,24.638041,-0.163021,6.018975,6.300045,0.335312,0.344585
57.033333,20.214629,17.047316,0.202609,0.660979,0.007650,-0.018204,24.651441,-0.163847,6.021613,6.304107,0.335400,0.344717
57.066667,20.236168,17.051994,0.202002,0.661423,0.007658,-0.018254,24.664661,-0.164688,6.024193,6.308137,0.335487,0.344848
57.100000,20.257724,17.056663,0.201392,0.661862,0.007667,-0.018306,24.677700,-0.165544,6.026715,6.312135,0.335571,0.344978
57.133333,20.279298,17.061321,0.200781,0.662296,0.007678,-0.018361,24.690558,-0.166414,6.029179,6.316100,0.335653,0.345106
57.166667,20.300888,17.065970,0.200168,0.662725,0.007689,-0.018417,24.703234,-0.167300,6.031584,6.320033,0.335734,0.345234
57.200000,20.322496,17.070608,0.199553,0.663150,0.007701,-0.018476,24.715728,-0.168201,6.033932,6.323933,0.335812,0.345361
57.233333,20.344119,17.075237,0.198937,0.663570,0.007714,-0.018537,24.728040,-0.169116,6.036221,6.327799,0.335889,0.345486
57.266667,20.365759,17.079855,0.198318,0.663986,0.007728,-0.018599,24.740170,-0.170045,6.038452,6.331633,0.335963,0.345610
57.300000,20.387416,17.084463,0.197697,0.664396,0.007743,-0.018664,24.752116,-0.170990,6.040624,6.335434,0.336036,0.345734
57.333333,20.409088,17.089061,0.197073,0.664802,0.007758,-0.018731,24.763879,-0.171948,6.042739,6.339201,0.336107,0.345856
57.366667,20.430777,17.093648,0.196448,0.665203,0.007775,-0.018799,24.775459,-0.172921,6.044794,6.342935,0.336175,0.345977
57.400000,20.452481,17.098225,0.195820,0.665600,0.007793,-0.018870,24.786854,-0.173909,6.046792,6.346635,0.336242,0.346096
57.433333,20.474201,17.102791,0.195190,0.665991,0.007811,-0.018942,24.798065,-0.174911,6.048731,6.350301,0.336307,0.346215
57.466667,20.495936,17.107347,0.194557,0.666378,0.007831,-0.019016,24.809091,-0.175927,6.050612,6.353934,0.336369,0.346333
57.500000,20.517687,17.111892,0.193922,0.666760,0.007851,-0.019093,24.819932,-0.176957,6.052434,6.357532,0.336430,0.346449
57.533333,20.539453,17.116427,0.193284,0.667137,0.007872,-0.019171,24.830588,-0.178001,6.054198,6.361096,0.336489,0.346564
57.566667,20.561234,17.120951,0.192644,0.667510,0.007894,-0.019251,24.841059,-0.179060,6.055903,6.364626,0.336546,0.346678
57.600000,20.583029,17.125463,0.192001,0.667877,0.007917,-0.019333,24.851343,-0.180132,6.057550,6.368122,0.336601,0.346791
57.633333,20.604840,17.129965,0.191355,0.668240,0.007941,-0.019417,24.861442,-0.181218,6.059138,6.371583,0.336654,0.346903
57.666667,20.626665,17.134456,0.190707,0.668598,0.007966,-0.019503,24.871354,-0.182318,6.060668,6.375009,0.336705,0.347014
57.700000,20.648504,17.138935,0.190055,0.668950,0.007991,-0.019591,24.881079,-0.183432,6.062139,6.378401,0.336754,0.347123
57.733333,20.670358,17.143404,0.189400,0.669298,0.008018,-0.019680,24.890618,-0.184560,6.063551,6.381758,0.336801,0.347232
57.766667,20.692226,17.147861,0.188743,0.669641,0.008045,-0.019772,24.899969,-0.185701,6.064905,6.385080,0.336846,0.347339
57.800000,20.714107,17.152307,0.188082,0.669980,0.008073,-0.019865,24.909134,-0.186857,6.066200,6.388367,0.336889,0.347445
57.833333,20.736002,17.156741,0.187419,0.670313,0.008102,-0.019960,24.918110,-0.188025,6.067437,6.391618,0.336930,0.347549
57.866667,20.757911,17.161164,0.186752,0.670641,0.008132,-0.020057,24.926899,-0.189208,6.068615,6.394835,0.336969,0.347653
57.900000,20.779834,17.165575,0.186082,0.670964,0.008163,-0.020155,24.935500,-0.190403,6.069734,6.398016,0.337007,0.347756
57.933333,20.801769,17.169974,0.185408,0.671283,0.008195,-0.020256,24.943913,-0.191613,6.070795,6.401162,0.337042,0.347857
57.966667,20.823718,17.174362,0.184731,0.671596,0.008227,-0.020358,24.952137,-0.192835,6.071797,6.404272,0.337075,0.347957
58.000000,20.845680,17.178737,0.184051,0.671905,0.008260,-0.020462,24.960173,-0.194072,6.072740,6.407346,0.337107,0.348056
58.033333,20.867654,17.183101,0.183367,0.672208,0.008294,-0.020568,24.968021,-0.195321,6.073625,6.410385,0.337136,0.348154
58.066667,20.889642,17.187452,0.182680,0.672507,0.008329,-0.020675,24.975679,-0.196584,6.074451,6.413389,0.337164,0.348250
58.100000,20.911641,17.191792,0.181989,0.672800,0.008365,-0.020785,24.983149,-0.197860,6.075218,6.416356,0.337189,0.348346
58.133333,20.933653,17.196119,0.181294,0.673088,0.008402,-0.020896,24.990429,-0.199149,6.075927,6.419287,0.337213,0.348440
58.166667,20.955677,17.200433,0.180596,0.673372,0.008439,-0.021009,24.997521,-0.200451,6.076577,6.422183,0.337234,0.348533
58.200000,20.977714,17.204735,0.179893,0.673650,0.008477,-0.021123,25.004423,-0.201767,6.077169,6.425042,0.337254,0.348625
58.233333,20.999762,17.209025,0.179187,0.673924,0.008516,-0.021240,25.011135,-0.203095,6.077702,6.427866,0.337272,0.348716
58.266667,21.021821,17.213301,0.178477,0.674192,0.008556,-0.021358,25.017658,-0.204437,6.078176,6.430653,0.337287,0.348805
58.300000,21.043892,17.217565,0.177764,0.674455,0.008596,-0.021477,25.023992,-0.205791,6.078592,6.433404,0.337301,0.348894
58.333333,21.065975,17.221816,0.177046,0.674714,0.008638,-0.021599,25.030136,-0.207159,6.078949,6.436119,0.337313,0.348981
58.366667,21.088069,17.226054,0.176324,0.674967,0.008680,-0.021722,25.036090,-0.208539,6.079247,6.438798,0.337323,0.349067
58.400000,21.110173,17.230279,0.175598,0.675215,0.008723,-0.021847,25.041854,-0.209933,6.079487,6.441440,0.337331,0.349152
58.433333,21.132289,17.234491,0.174867,0.675458,0.008766,-0.021973,25.047428,-0.211339,6.079668,6.444046,0.337337,0.349235
58.466667,21.154416,17.238689,0.174133,0.675696,0.008811,-0.022101,25.052813,-0.212758,6.079791,6.446615,0.337341,0.349317
58.500000,21.176553,17.242873,0.173394,0.675929,0.008856,-0.022231,25.058007,-0.214190,6.079856,6.449148,0.337343,0.349399
58.533333,21.198700,17.247045,0.172651,0.676157,0.008902,-0.022363,25.063012,-0.215634,6.079862,6.451644,0.337344,0.349479
58.566667,21.220857,17.251202,0.171903,0.676379,0.008949,-0.022496,25.067826,-0.217091,6.079809,6.454104,0.337342,0.349558
58.600000,21.243025,17.255346,0.171151,0.676597,0.008996,-0.022631,25.072451,-0.218561,6.079698,6.456527,0.337338,0.349635
58.633333,21.265203,17.259475,0.170394,0.676809,0.009045,-0.022767,25.076886,-0.220043,6.079529,6.458914,0.337332,0.349712
58.666667,21.287390,17.263591,0.169633,0.677017,0.009094,-0.022905,25.081131,-0.221539,6.079301,6.461264,0.337325,0.349787
58.700000,21.309587,17.267693,0.168867,0.677219,0.009144,-0.023045,25.085186,-0.223046,6.079015,6.463578,0.337315,0.349861
58.733333,21.331793,17.271780,0.168097,0.677416,0.009194,-0.023186,25.089050,-0.224566,6.078671,6.465854,0.337304,0.349934
58.766667,21.354009,17.275853,0.167321,0.677608,0.009245,-0.023329,25.092726,-0.226099,6.078268,6.468094,0.337291,0.350005
58.800000,21.376234,17.279911,0.166541,0.677795,0.009298,-0.023474,25.096211,-0.227644,6.077808,6.470298,0.337275,0.350076
58.833333,21.398467,17.283954,0.165757,0.677977,0.009350,-0.023620,25.099507,-0.229202,6.077289,6.472464,0.337258,0.350145
58.866667,21.420710,17.287983,0.164967,0.678154,0.009404,-0.023768,25.102613,-0.230772,6.076712,6.474594,0.337239,0.350213
58.900000,21.442961,17.291997,0.164172,0.678325,0.009458,-0.023917,25.105529,-0.232354,6.076077,6.476688,0.337218,0.350280
58.933333,21.465220,17.295996,0.163372,0.678492,0.009513,-0.024068,25.108256,-0.233949,6.075384,6.478744,0.337195,0.350346
58.966667,21.487488,17.299980,0.162568,0.678653,0.009569,-0.024221,25.110794,-0.235556,6.074633,6.480764,0.337170,0.350411
59.000000,21.509764,17.303948,0.161758,0.678809,0.009625,-0.024375,25.113142,-0.237175,6.073824,6.482747,0.337143,0.350474
59.033333,21.532048,17.307901,0.160943,0.678960,0.009682,-0.024530,25.115301,-0.238807,6.072957,6.484694,0.337114,0.350536
59.066667,21.554339,17.311839,0.160122,0.679106,0.009740,-0.024688,25.117272,-0.240451,6.072033,6.486603,0.337083,0.350597
59.100000,21.576639,17.315761,0.159297,0.679247,0.009798,-0.024847,25.119053,-0.242107,6.071050,6.488476,0.337050,0.350657
59.133333,21.598945,17.319667,0.158466,0.679382,0.009858,-0.025007,25.120646,-0.243775,6.070010,6.490313,0.337016,0.350716
59.166667,21.621260,17.323557,0.157630,0.679513,0.009918,-0.025169,25.122050,-0.245456,6.068913,6.492112,0.336979,0.350773
59.200000,21.643581,17.327431,0.156788,0.679638,0.009978,-0.025332,25.123266,-0.247149,6.067757,6.493876,0.336941,0.350829
59.233333,21.665909,17.331289,0.155941,0.679758,0.010040,-0.025497,25.124294,-0.248853,6.066545,6.495602,0.336900,0.350884
59.266667,21.688244,17.335130,0.155088,0.679873,0.010102,-0.025664,25.125133,-0.250570,6.065275,6.497292,0.336858,0.350938
59.300000,21.710586,17.338955,0.154230,0.679983,0.010164,-0.025832,25.125785,-0.252299,6.063947,6.498945,0.336814,0.350991
59.333333,21.732934,17.342764,0.153366,0.680088,0.010228,-0.026002,25.126250,-0.254040,6.062563,6.500562,0.336768,0.351043
59.366667,21.755289,17.346555,0.152496,0.680187,0.010292,-0.026173,25.126527,-0.255793,6.061121,6.502143,0.336720,0.351093
59.400000,21.777649,17.350330,0.151621,0.680282,0.010356,-0.026346,25.126617,-0.257558,6.059622,6.503687,0.336670,0.351142
59.433333,21.800016,17.354088,0.150740,0.680371,0.010422,-0.026520,25.126520,-0.259335,6.058066,6.505194,0.336618,0.351190
59.466667,21.822389,17.357828,0.149853,0.680455,0.010488,-0.026696,25.126236,-0.261123,6.056453,6.506665,0.336564,0.351237
59.500000,21.844767,17.361552,0.148960,0.680534,0.010554,-0.026873,25.125766,-0.262924,6.054783,6.508100,0.336508,0.351283
59.533333,21.867151,17.365257,0.148062,0.680608,0.010622,-0.027052,25.125110,-0.264737,6.053056,6.509499,0.336451,0.351328
59.566667,21.889540,17.368946,0.147157,0.680677,0.010690,-0.027232,25.124269,-0.266561,6.051273,6.510861,0.336391,0.351371
59.600000,21.911934,17.372616,0.146246,0.680740,0.010759,-0.027414,25.123242,-0.268398,6.049433,6.512188,0.336330,0.351413
59.633333,21.934333,17.376268,0.145329,0.680799,0.010828,-0.027597,25.122029,-0.270246,6.047537,6.513478,0.336267,0.351454
59.666667,21.956738,17.379903,0.144406,0.680852,0.010898,-0.027782,25.120632,-0.272106,6.045584,6.514732,0.336202,0.351494
59.700000,21.979147,17.383519,0.143477,0.680901,0.010968,-0.027968,25.119050,-0.273978,6.043575,6.515950,0.336134,0.351533
59.733333,22.001560,17.387117,0.142542,0.680944,0.011040,-0.028155,25.117284,-0.275861,6.041510,6.517132,0.336065,0.351571
59.766667,22.023978,17.390697,0.141600,0.680982,0.011112,-0.028345,25.115335,-0.277756,6.039388,6.518279,0.335995,0.351607
59.800000,22.046400,17.394258,0.140652,0.681015,0.011184,-0.028535,25.113201,-0.279663,6.037211,6.519389,0.335922,0.351643
59.833333,22.068826,17.397800,0.139698,0.681043,0.011257,-0.028727,25.110885,-0.281582,6.034978,6.520464,0.335847,0.351677
59.866667,22.091256,17.401323,0.138737,0.681066,0.011331,-0.028921,25.108386,-0.283512,6.032689,6.521504,0.335771,0.351710
59.900000,22.113689,17.404827,0.137770,0.681083,0.011405,-0.029116,25.105705,-0.285454,6.030345,6.522508,0.335692,0.351742
59.933333,22.136127,17.408312,0.136796,0.681096,0.011480,-0.029313,25.102841,-0.287408,6.027945,6.523476,0.335612,0.351773
59.966667,22.158567,17.411777,0.135816,0.681103,0.011556,-0.029510,25.099796,-0.289373,6.025489,6.524409,0.335530,0.351802
60.000000,22.181011,17.415223,0.134829,0.681106,0.011632,-0.029710,25.096570,-0.291350,6.022979,6.525306,0.335446,0.351831
60.033333,22.203458,17.418649,0.133835,0.681103,0.011709,-0.029911,25.093164,-0.293338,6.020413,6.526169,0.335360,0.351858
60.066667,22.225908,17.422055,0.132834,0.681096,0.011787,-0.030113,25.089577,-0.295338,6.017792,6.526996,0.335273,0.351885
60.100000,22.248360,17.425442,0.131827,0.681083,0.011865,-0.030317,25.085810,-0.297350,6.015117,6.527788,0.335183,0.351910
60.133333,22.270815,17.428808,0.130813,0.681065,0.011943,-0.030522,25.081864,-0.299373,6.012386,6.528546,0.335092,0.351934
60.166667,22.293273,17.432154,0.129793,0.681042,0.012023,-0.030729,25.077739,-0.301407,6.009601,6.529268,0.334998,0.351957
60.200000,22.315732,17.435479,0.128765,0.681014,0.012103,-0.030937,25.073436,-0.303453,6.006762,6.529956,0.334903,0.351979
60.233333,22.338194,17.438784,0.127730,0.680982,0.012183,-0.031146,25.068955,-0.305510,6.003868,6.530609,0.334806,0.352000
60.266667,22.360658,17.442067,0.126688,0.680944,0.012264,-0.031357,25.064297,-0.307578,6.000920,6.531228,0.334707,0.352019
60.300000,22.383123,17.445330,0.125640,0.680901,0.012346,-0.031569,25.059462,-0.309658,5.997919,6.531812,0.334607,0.352038
60.333333,22.405590,17.448572,0.124584,0.680853,0.012428,-0.031783,25.054450,-0.311750,5.994863,6.532362,0.334504,0.352056
60.366667,22.428059,17.451793,0.123521,0.680800,0.012511,-0.031998,25.049263,-0.313852,5.991753,6.532878,0.334400,0.352072
60.400000,22.450528,17.454992,0.122451,0.680742,0.012594,-0.032215,25.043901,-0.315966,5.988590,6.533360,0.334294,0.352087
60.433333,22.472999,17.458169,0.121373,0.680680,0.012678,-0.032433,25.038364,-0.318091,5.985374,6.533808,0.334186,0.352101
60.466667,22.495471,17.461325,0.120288,0.680612,0.012762,-0.032652,25.032653,-0.320228,5.982105,6.534222,0.334076,0.352115
60.500000,22.517943,17.464459,0.119196,0.680539,0.012847,-0.032873,25.026768,-0.322376,5.978782,6.534602,0.333964,0.352127
60.533333,22.540416,17.467570,0.118097,0.680462,0.012933,-0.033095,25.020711,-0.324534,5.975407,6.534949,0.333851,0.352138
60.566667,22.562890,17.470660,0.116990,0.680379,0.013019,-0.033319,25.014481,-0.326704,5.971979,6.535262,0.333735,0.352148
60.600000,22.585363,17.473727,0.115876,0.680292,0.013106,-0.033543,25.008080,-0.328886,5.968498,6.535542,0.333618,0.352157
60.633333,22.607837,17.476771,0.114754,0.680199,0.013193,-0.033770,25.001508,-0.331078,5.964965,6.535789,0.333499,0.352164
60.666667,22.630311,17.479793,0.113624,0.680102,0.013281,-0.033998,24.994765,-0.333281,5.961380,6.536003,0.333379,0.352171
60.700000,22.652784,17.482791,0.112487,0.680000,0.013369,-0.034227,24.987853,-0.335496,5.957743,6.536184,0.333256,0.352177
60.733333,22.675258,17.485767,0.111343,0.679893,0.013458,-0.034457,24.980772,-0.337721,5.954054,6.536332,0.333132,0.352182
60.766667,22.697730,17.488719,0.110190,0.679781,0.013547,-0.034689,24.973522,-0.339958,5.950314,6.536448,0.333006,0.352185
60.800000,22.720202,17.491648,0.109030,0.679665,0.013637,-0.034922,24.966105,-0.342205,5.946522,6.536531,0.332878,0.352188
60.833333,22.742673,17.494553,0.107862,0.679543,0.013727,-0.035157,24.958521,-0.344463,5.942679,6.536581,0.332748,0.352190
60.866667,22.765143,17.497435,0.106686,0.679417,0.013818,-0.035393,24.950770,-0.346733,5.938785,6.536600,0.332617,0.352190
60.900000,22.787612,17.500292,0.105502,0.679286,0.013910,-0.035630,24.942854,-0.349013,5.934840,6.536587,0.332484,0.352190
60.933333,22.810079,17.503126,0.104311,0.679150,0.014002,-0.035869,24.934773,-0.351304,5.930845,6.536541,0.332349,0.352188
60.966667,22.832545,17.505935,0.103111,0.679009,0.014094,-0.036109,24.926528,-0.353606,5.926800,6.536465,0.332212,0.352186
61.000000,22.855009,17.508720,0.101904,0.678864,0.014187,-0.036350,24.918120,-0.355918,5.922704,6.536356,0.332074,0.352183
61.033333,22.877472,17.511480,0.100688,0.678713,0.014281,-0.036593,24.909549,-0.358242,5.918558,6.536216,0.331933,0.352178
61.066667,22.899932,17.514215,0.099464,0.678559,0.014375,-0.036837,24.900817,-0.360576,5.914363,6.536045,0.331791,0.352173
61.100000,22.922390,17.516925,0.098232,0.678399,0.014469,-0.037083,24.891923,-0.362920,5.910118,6.535843,0.331648,0.352166
61.133333,22.944846,17.519610,0.096992,0.678235,0.014564,-0.037330,24.882870,-0.365276,5.905825,6.535610,0.331502,0.352159
61.166667,22.967299,17.522270,0.095743,0.678066,0.014660,-0.037578,24.873657,-0.367642,5.901482,6.535347,0.331355,0.352150
61.200000,22.989750,17.524905,0.094487,0.677892,0.014756,-0.037827,24.864285,-0.370018,5.897090,6.535053,0.331206,0.352141
61.233333,23.012198,17.527513,0.093222,0.677714,0.014852,-0.038078,24.854756,-0.372405,5.892650,6.534728,0.331056,0.352131
61.266667,23.034642,17.530096,0.091948,0.677531,0.014949,-0.038330,24.845070,-0.374803,5.888162,6.534373,0.330903,0.352119
61.300000,23.057084,17.532653,0.090666,0.677343,0.015047,-0.038584,24.835228,-0.377211,5.883625,6.533989,0.330749,0.352107
61.333333,23.079522,17.535184,0.089376,0.677151,0.015145,-0.038838,24.825231,-0.379629,5.879041,6.533574,0.330594,0.352094
61.366667,23.101957,17.537688,0.088077,0.676955,0.015243,-0.039094,24.815080,-0.382058,5.874410,6.533130,0.330436,0.352080
61.400000,23.124388,17.540166,0.086770,0.676753,0.015342,-0.039352,24.804775,-0.384497,5.869731,6.532657,0.330277,0.352065
61.433333,23.146816,17.542617,0.085453,0.676548,0.015441,-0.039611,24.794318,-0.386946,5.865005,6.532154,0.330116,0.352049
61.466667,23.169239,17.545041,0.084129,0.676337,0.015541,-0.039871,24.783710,-0.389406,5.860233,6.531622,0.329954,0.352032
61.500000,23.191658,17.547438,0.082795,0.676123,0.015641,-0.040132,24.772951,-0.391875,5.855414,6.531061,0.329790,0.352014
61.533333,23.214073,17.549808,0.081453,0.675903,0.015742,-0.040394,24.762042,-0.394355,5.850549,6.530472,0.329624,0.351995
61.566667,23.236483,17.552150,0.080102,0.675680,0.015843,-0.040658,24.750985,-0.396845,5.845639,6.529854,0.329457,0.351976
61.600000,23.258889,17.554465,0.078743,0.675451,0.015944,-0.040923,24.739780,-0.399345,5.840682,6.529208,0.329288,0.351955
61.633333,23.281290,17.556752,0.077374,0.675219,0.016046,-0.041190,24.728428,-0.401855,5.835681,6.528533,0.329117,0.351934
61.666667,23.303686,17.559011,0.075997,0.674982,0.016149,-0.041458,24.716931,-0.404374,5.830634,6.527831,0.328945,0.351911
61.700000,23.326077,17.561242,0.074610,0.674740,0.016252,-0.041727,24.705288,-0.406904,5.825543,6.527101,0.328771,0.351888
61.733333,23.348463,17.563444,0.073215,0.674495,0.016355,-0.041997,24.693502,-0.409444,5.820407,6.526344,0.328595,0.351864
61.766667,23.370844,17.565618,0.071811,0.674245,0.016459,-0.042268,24.681574,-0.411993,5.815227,6.525560,0.328418,0.351839
61.800000,23.393218,17.567764,0.070397,0.673990,0.016563,-0.042541,24.669503,-0.414552,5.810004,6.524748,0.328239,0.351813
61.833333,23.415587,17.569880,0.068975,0.673732,0.016667,-0.042815,24.657293,-0.417120,5.804737,6.523910,0.328059,0.351787
61.866667,23.437950,17.571968,0.067543,0.673469,0.016772,-0.043091,24.644942,-0.419698,5.799427,6.523044,0.327877,0.351759
61.900000,23.460307,17.574026,0.066102,0.673202,0.016878,-0.043367,24.632453,-0.422286,5.794074,6.522153,0.327694,0.351731
61.933333,23.482658,17.576055,0.064652,0.672930,0.016983,-0.043645,24.619827,-0.424883,5.788678,6.521235,0.327509,0.351701
61.966667,23.505002,17.578054,0.063192,0.672655,0.017090,-0.043924,24.607064,-0.427490,5.783241,6.520291,0.327322,0.351671
62.000000,23.527340,17.580024,0.061723,0.672375,0.017196,-0.044204,24.594166,-0.430105,5.777761,6.519322,0.327134,0.351641
62.033333,23.549671,17.581963,0.060245,0.672091,0.017303,-0.044486,24.581134,-0.432730,5.772240,6.518327,0.326944,0.351609
62.066667,23.571995,17.583873,0.058758,0.671803,0.017410,-0.044768,24.567969,-0.435365,5.766678,6.517307,0.326753,0.351576
62.100000,23.594313,17.585752,0.057261,0.671511,0.017518,-0.045052,24.554672,-0.438008,5.761075,6.516261,0.326560,0.351543
62.133333,23.616623,17.587601,0.055754,0.671215,0.017626,-0.045337,24.541245,-0.440660,5.755432,6.515191,0.326366,0.351509
62.166667,23.638925,17.589419,0.054238,0.670915,0.017735,-0.045624,24.527688,-0.443322,5.749748,6.514096,0.326170,0.351474
62.200000,23.661220,17.591206,0.052713,0.670610,0.017844,-0.045911,24.514003,-0.445992,5.744025,6.512976,0.325973,0.351438
62.233333,23.683508,17.592962,0.051177,0.670302,0.017953,-0.046200,24.500190,-0.448671,5.738262,6.511833,0.325774,0.351402
62.266667,23.705787,17.594687,0.049633,0.669990,0.018062,-0.046490,24.486252,-0.451358,5.732461,6.510665,0.325574,0.351365
62.300000,23.728059,17.596381,0.048078,0.669674,0.018172,-0.046781,24.472189,-0.454055,5.726621,6.509474,0.325372,0.351327
62.333333,23.750322,17.598043,0.046514,0.669354,0.018283,-0.047073,24.458002,-0.456760,5.720742,6.508259,0.325169,0.351288
62.366667,23.772577,17.599673,0.044940,0.669030,0.018393,-0.047366,24.443693,-0.459473,5.714826,6.507021,0.324964,0.351249
62.400000,23.794824,17.601271,0.043356,0.668702,0.018504,-0.047661,24.429263,-0.462195,5.708872,6.505760,0.324758,0.351208
62.433333,23.817062,17.602838,0.041762,0.668370,0.018616,-0.047957,24.414714,-0.464925,5.702881,6.504476,0.324551,0.351168
62.466667,23.839291,17.604372,0.040159,0.668035,0.018727,-0.048253,24.400045,-0.467663,5.696853,6.503169,0.324342,0.351126
62.500000,23.861512,17.605873,0.038546,0.667695,0.018839,-0.048551,24.385260,-0.470410,5.690789,6.501841,0.324131,0.351083
62.533333,23.883723,17.607342,0.036922,0.667352,0.018952,-0.048851,24.370359,-0.473164,5.684690,6.500490,0.323920,0.351040
62.566667,23.905925,17.608778,0.035289,0.667006,0.019064,-0.049151,24.355343,-0.475926,5.678554,6.499117,0.323707,0.350997
62.600000,23.928117,17.610181,0.033646,0.666655,0.019177,-0.049452,24.340213,-0.478696,5.672384,6.497723,0.323492,0.350952
62.633333,23.950300,17.611551,0.031992,0.666301,0.019290,-0.049754,24.324972,-0.481474,5.666179,6.496307,0.323277,0.350907
62.666667,23.972474,17.612887,0.030329,0.665944,0.019404,-0.050058,24.309620,-0.484260,5.659940,6.494870,0.323059,0.350861
62.700000,23.994637,17.614190,0.028655,0.665582,0.019518,-0.050363,24.294158,-0.487053,5.653667,6.493413,0.322841,0.350815
62.733333,24.016790,17.615459,0.026971,0.665218,0.019632,-0.050668,24.278589,-0.489853,5.647360,6.491934,0.322621,0.350767
62.766667,24.038933,17.616694,0.025277,0.664849,0.019747,-0.050975,24.262913,-0.492661,5.641021,6.490436,0.322400,0.350720
62.800000,24.061066,17.617895,0.023573,0.664477,0.019861,-0.051283,24.247132,-0.495476,5.634649,6.488917,0.322178,0.350671
62.833333,24.083188,17.619062,0.021858,0.664102,0.019976,-0.051592,24.231247,-0.498297,5.628245,6.487378,0.321954,0.350622
62.866667,24.105300,17.620194,0.020133,0.663723,0.020092,-0.051902,24.215260,-0.501126,5.621810,6.485820,0.321729,0.350572
62.900000,24.127400,17.621292,0.018398,0.663341,0.020207,-0.052213,24.199171,-0.503962,5.615343,6.484243,0.321503,0.350522
62.933333,24.149490,17.622355,0.016652,0.662956,0.020323,-0.052524,24.182983,-0.506804,5.608846,6.482646,0.321276,0.350471
62.966667,24.171569,17.623382,0.014896,0.662567,0.020439,-0.052837,24.166697,-0.509653,5.602318,6.481030,0.321047,0.350419
63.000000,24.193636,17.624375,0.013130,0.662175,0.020556,-0.053151,24.150314,-0.512508,5.595761,6.479396,0.320817,0.350367
63.033333,24.215692,17.625332,0.011353,0.661779,0.020672,-0.053466,24.133836,-0.515370,5.589174,6.477744,0.320586,0.350314
63.066667,24.237736,17.626254,0.009566,0.661380,0.020789,-0.053782,24.117264,-0.518238,5.582559,6.476073,0.320354,0.350261
63.100000,24.259769,17.627140,0.007767,0.660978,0.020906,-0.054099,24.100600,-0.521112,5.575916,6.474384,0.320120,0.350207
63.133333,24.281789,17.627990,0.005959,0.660573,0.021024,-0.054417,24.083845,-0.523992,5.569244,6.472678,0.319886,0.350152
63.166667,24.303798,17.628804,0.004140,0.660165,0.021141,-0.054736,24.067001,-0.526877,5.562546,6.470955,0.319650,0.350097
63.200000,24.325794,17.629581,0.002310,0.659754,0.021259,-0.055056,24.050069,-0.529768,5.555820,6.469214,0.319413,0.350041
63.233333,24.347778,17.630323,0.000469,0.659339,0.021377,-0.055376,24.033051,-0.532665,5.549069,6.467457,0.319175,0.349985
63.266667,24.369749,17.631027,-0.001382,0.658922,0.021495,-0.055698,24.015948,-0.535567,5.542291,6.465683,0.318936,0.349928
63.300000,24.391708,17.631695,-0.003244,0.658502,0.021614,-0.056021,23.998761,-0.538474,5.535488,6.463892,0.318696,0.349871
63.333333,24.413654,17.632326,-0.005117,0.658078,0.021733,-0.056344,23.981494,-0.541387,5.528661,6.462086,0.318455,0.349813
63.366667,24.435586,17.632919,-0.007000,0.657652,0.021852,-0.056668,23.964146,-0.544304,5.521809,6.460264,0.318213,0.349755
63.400000,24.457506,17.633475,-0.008895,0.657223,0.021971,-0.056993,23.946719,-0.547225,5.514934,6.458426,0.317969,0.349696
63.433333,24.479413,17.633994,-0.010800,0.656791,0.022090,-0.057319,23.929216,-0.550152,5.508035,6.456573,0.317725,0.349637
63.466667,24.501305,17.634475,-0.012716,0.656356,0.022209,-0.057646,23.911637,-0.553083,5.501114,6.454705,0.317480,0.349577
63.500000,24.523185,17.634918,-0.014643,0.655919,0.022329,-0.057974,23.893984,-0.556018,5.494171,6.452822,0.317233,0.349516
63.533333,24.545050,17.635323,-0.016581,0.655478,0.022449,-0.058302,23.876260,-0.558957,5.487206,6.450924,0.316986,0.349456
63.566667,24.566902,17.635690,-0.018530,0.655035,0.022569,-0.058632,23.858464,-0.561899,5.480220,6.449012,0.316738,0.349394
63.600000,24.588740,17.636018,-0.020490,0.654590,0.022689,-0.058962,23.840600,-0.564846,5.473214,6.447086,0.316489,0.349333
63.633333,24.610563,17.636308,-0.022460,0.654141,0.022809,-0.059293,23.822669,-0.567796,5.466188,6.445147,0.316239,0.349270
63.666667,24.632372,17.636559,-0.024442,0.653691,0.022930,-0.059624,23.804672,-0.570749,5.459143,6.443193,0.315988,0.349208
63.700000,24.654167,17.636771,-0.026435,0.653237,0.023050,-0.059956,23.786612,-0.573706,5.452079,6.441227,0.315736,0.349145
63.733333,24.675947,17.636944,-0.028439,0.652781,0.023171,-0.060289,23.768489,-0.576665,5.444997,6.439247,0.315483,0.349081
63.766667,24.697712,17.637078,-0.030455,0.652323,0.023292,-0.060623,23.750305,-0.579628,5.437897,6.437255,0.315230,0.349017
63.800000,24.719462,17.637172,-0.032481,0.651862,0.023413,-0.060958,23.732062,-0.582592,5.430781,6.435251,0.314976,0.348953
63.833333,24.741197,17.637226,-0.034518,0.651399,0.023534,-0.061293,23.713763,-0.585560,5.423648,6.433234,0.314720,0.348888
63.866667,24.762917,17.637241,-0.036567,0.650934,0.023655,-0.061628,23.695408,-0.588529,5.416499,6.431204,0.314464,0.348823
63.900000,24.784621,17.637216,-0.038627,0.650466,0.023776,-0.061965,23.676999,-0.591500,5.409336,6.429164,0.314208,0.348757
63.933333,24.806310,17.637150,-0.040698,0.649996,0.023898,-0.062302,23.658538,-0.594473,5.402157,6.427111,0.313950,0.348692
63.966667,24.827983,17.637044,-0.042781,0.649524,0.024019,-0.062639,23.640026,-0.597448,5.394965,6.425048,0.313692,0.348625
64.000000,24.849641,17.636898,-0.044874,0.649050,0.024141,-0.062978,23.621466,-0.600424,5.387760,6.422973,0.313433,0.348559
64.033333,24.871282,17.636711,-0.046979,0.648573,0.024262,-0.063316,23.602860,-0.603401,5.380542,6.420888,0.313174,0.348492
64.066667,24.892907,17.636483,-0.049095,0.648095,0.024384,-0.063656,23.584208,-0.606379,5.373312,6.418792,0.312914,0.348424
64.100000,24.914516,17.636214,-0.051223,0.647614,0.024506,-0.063996,23.565513,-0.609357,5.366070,6.416686,0.312653,0.348357
64.133333,24.936108,17.635904,-0.053362,0.647132,0.024627,-0.064336,23.546776,-0.612336,5.358818,6.414570,0.312391,0.348288
64.166667,24.957684,17.635553,-0.055512,0.646647,0.024749,-0.064677,23.528000,-0.615316,5.351556,6.412444,0.312129,0.348220
64.200000,24.979243,17.635160,-0.057673,0.646161,0.024871,-0.065018,23.509185,-0.618295,5.344284,6.410309,0.311867,0.348151
64.233333,25.000785,17.634725,-0.059846,0.645673,0.024993,-0.065360,23.490335,-0.621274,5.337003,6.408164,0.311603,0.348082
64.266667,25.022311,17.634248,-0.062031,0.645183,0.025115,-0.065702,23.471450,-0.624252,5.329714,6.406011,0.311340,0.348013
64.300000,25.043819,17.633729,-0.064226,0.644691,0.025237,-0.066045,23.452532,-0.627229,5.322418,6.403848,0.311075,0.347943
64.333333,25.065309,17.633169,-0.066434,0.644198,0.025359,-0.066388,23.433584,-0.630206,5.315115,6.401677,0.310811,0.347874
64.366667,25.086783,17.632565,-0.068652,0.643702,0.025481,-0.066731,23.414607,-0.633181,5.307806,6.399498,0.310546,0.347803
64.400000,25.108238,17.631919,-0.070882,0.643206,0.025603,-0.067075,23.395603,-0.636155,5.300491,6.397310,0.310280,0.347733
64.433333,25.129676,17.631231,-0.073124,0.642707,0.025725,-0.067419,23.376573,-0.639127,5.293171,6.395115,0.310014,0.347662
64.466667,25.151096,17.630499,-0.075377,0.642207,0.025847,-0.067763,23.357520,-0.642097,5.285848,6.392912,0.309748,0.347591
64.500000,25.172498,17.629725,-0.077642,0.641706,0.025969,-0.068108,23.338445,-0.645065,5.278521,6.390702,0.309481,0.347520
64.533333,25.193882,17.628907,-0.079918,0.641203,0.026091,-0.068453,23.319351,-0.648030,5.271191,6.388484,0.309214,0.347448
64.566667,25.215247,17.628046,-0.082205,0.640699,0.026213,-0.068798,23.300239,-0.650992,5.263859,6.386260,0.308946,0.347377
64.600000,25.236594,17.627141,-0.084504,0.640193,0.026334,-0.069143,23.281111,-0.653952,5.256526,6.384029,0.308678,0.347305
64.633333,25.257923,17.626193,-0.086815,0.639686,0.026456,-0.069488,23.261969,-0.656907,5.249193,6.381792,0.308410,0.347233
64.666667,25.279232,17.625201,-0.089137,0.639178,0.026578,-0.069834,23.242814,-0.659860,5.241859,6.379548,0.308142,0.347160
64.700000,25.300523,17.624165,-0.091470,0.638668,0.026699,-0.070180,23.223649,-0.662808,5.234526,6.377298,0.307874,0.347088
64.733333,25.321795,17.623084,-0.093815,0.638158,0.026821,-0.070526,23.204476,-0.665752,5.227195,6.375043,0.307605,0.347015
64.766667,25.343047,17.621959,-0.096172,0.637646,0.026942,-0.070872,23.185296,-0.668691,5.219866,6.372782,0.307336,0.346942
64.800000,25.364280,17.620790,-0.098540,0.637133,0.027064,-0.071218,23.166111,-0.671626,5.212540,6.370515,0.307067,0.346869
64.833333,25.385494,17.619576,-0.100920,0.636620,0.027185,-0.071564,23.146924,-0.674555,5.205218,6.368244,0.306798,0.346795
64.866667,25.406688,17.618317,-0.103311,0.636105,0.027306,-0.071910,23.127736,-0.677479,5.197900,6.365967,0.306529,0.346722
64.900000,25.427863,17.617013,-0.105714,0.635589,0.027427,-0.072256,23.108548,-0.680397,5.190588,6.363686,0.306260,0.346648
64.933333,25.449017,17.615664,-0.108128,0.635073,0.027548,-0.072602,23.089364,-0.683309,5.183281,6.361401,0.305991,0.346574
64.966667,25.470152,17.614270,-0.110554,0.634556,0.027669,-0.072948,23.070185,-0.686215,5.175981,6.359111,0.305721,0.346500
65.000000,25.491266,17.612830,-0.112991,0.634037,0.027789,-0.073293,23.051012,-0.689114,5.168689,6.356817,0.305452,0.346426
65.033333,25.512360,17.611345,-0.115440,0.633519,0.027910,-0.073639,23.031848,-0.692007,5.161405,6.354519,0.305183,0.346352
65.066667,25.533434,17.609814,-0.117900,0.632999,0.028030,-0.073984,23.012695,-0.694892,5.154129,6.352218,0.304914,0.346277
65.100000,25.554487,17.608237,-0.120372,0.632479,0.028150,-0.074330,22.993554,-0.697769,5.146864,6.349913,0.304645,0.346202
65.133333,25.575519,17.606614,-0.122856,0.631958,0.028270,-0.074675,22.974428,-0.700638,5.139609,6.347605,0.304376,0.346128
65.166667,25.596531,17.604944,-0.125351,0.631437,0.028390,-0.075019,22.955318,-0.703499,5.132365,6.345294,0.304107,0.346053
65.200000,25.617522,17.603228,-0.127857,0.630915,0.028509,-0.075364,22.936226,-0.706352,5.125133,6.342980,0.303839,0.345978
65.233333,25.638491,17.601466,-0.130375,0.630393,0.028629,-0.075708,22.917155,-0.709195,5.117914,6.340664,0.303571,0.345903
65.266667,25.659439,17.599657,-0.132904,0.629871,0.028748,-0.076052,22.898106,-0.712029,5.110708,6.338345,0.303303,0.345828
65.300000,25.680366,17.597801,-0.135445,0.629348,0.028867,-0.076395,22.879081,-0.714854,5.103517,6.336024,0.303035,0.345753
65.333333,25.701271,17.595898,-0.137997,0.628825,0.028985,-0.076738,22.860083,-0.717668,5.096341,6.333700,0.302768,0.345677
65.366667,25.722155,17.593948,-0.140561,0.628302,0.029104,-0.077081,22.841112,-0.720473,5.089181,6.331375,0.302501,0.345602
65.400000,25.743017,17.591951,-0.143136,0.627779,0.029222,-0.077423,22.822171,-0.723266,5.082038,6.329048,0.302234,0.345527
65.433333,25.763857,17.589907,-0.145722,0.627255,0.029340,-0.077765,22.803263,-0.726049,5.074912,6.326720,0.301968,0.345451
65.466667,25.784675,17.587814,-0.148320,0.626732,0.029457,-0.078106,22.784388,-0.728820,5.067804,6.324390,0.301702,0.345375
65.500000,25.805470,17.585674,-0.150929,0.626208,0.029575,-0.078446,22.765549,-0.731579,5.060715,6.322059,0.301436,0.345300
65.533333,25.826244,17.583486,-0.153550,0.625684,0.029692,-0.078786,22.746748,-0.734327,5.053647,6.319727,0.301171,0.345224
65.566667,25.846994,17.581251,-0.156182,0.625161,0.029808,-0.079125,22.727986,-0.737062,5.046599,6.317395,0.300907,0.345148
65.600000,25.867723,17.578967,-0.158825,0.624638,0.029925,-0.079463,22.709267,-0.739784,5.039572,6.315061,0.300643,0.345073
65.633333,25.888428,17.576634,-0.161479,0.624115,0.030041,-0.079801,22.690590,-0.742493,5.032568,6.312728,0.300380,0.344997
65.666667,25.909111,17.574254,-0.164145,0.623592,0.030157,-0.080138,22.671960,-0.745188,5.025586,6.310394,0.300118,0.344921
65.700000,25.929771,17.571824,-0.166822,0.623069,0.030272,-0.080474,22.653377,-0.747870,5.018629,6.308059,0.299856,0.344845
65.733333,25.950407,17.569346,-0.169510,0.622547,0.030387,-0.080810,22.634843,-0.750537,5.011696,6.305725,0.299594,0.344769
65.766667,25.971021,17.566819,-0.172209,0.622026,0.030502,-0.081144,22.616360,-0.753190,5.004789,6.303391,0.299334,0.344693
65.800000,25.991611,17.564244,-0.174920,0.621504,0.030616,-0.081478,22.597931,-0.755827,4.997908,6.301058,0.299074,0.344618
65.833333,26.012177,17.561619,-0.177641,0.620984,0.030730,-0.081811,22.579557,-0.758449,4.991054,6.298725,0.298815,0.344542
65.866667,26.032720,17.558945,-0.180374,0.620463,0.030844,-0.082142,22.561240,-0.761056,4.984227,6.296393,0.298557,0.344466
65.900000,26.053239,17.556221,-0.183117,0.619944,0.030957,-0.082473,22.542982,-0.763646,4.977430,6.294061,0.298300,0.344390
65.933333,26.073735,17.553448,-0.185872,0.619425,0.031070,-0.082803,22.524785,-0.766220,4.970662,6.291730,0.298043,0.344314
65.966667,26.094206,17.550625,-0.188638,0.618907,0.031182,-0.083131,22.506651,-0.768776,4.963924,6.289401,0.297788,0.344238
66.000000,26.114653,17.547753,-0.191414,0.618390,0.031294,-0.083459,22.488581,-0.771316,4.957218,6.287073,0.297533,0.344162
66.033333,26.135076,17.544830,-0.194201,0.617873,0.031405,-0.083785,22.470579,-0.773837,4.950543,6.284746,0.297280,0.344087
66.066667,26.155474,17.541858,-0.197000,0.617357,0.031516,-0.084110,22.452644,-0.776341,4.943901,6.282421,0.297027,0.344011
66.100000,26.175848,17.538835,-0.199809,0.616843,0.031627,-0.084434,22.434780,-0.778826,4.937293,6.280097,0.296776,0.343935
66.133333,26.196197,17.535762,-0.202629,0.616329,0.031737,-0.084756,22.416989,-0.781293,4.930719,6.277775,0.296525,0.343859
66.166667,26.216522,17.532638,-0.205459,0.615816,0.031847,-0.085078,22.399271,-0.783740,4.924180,6.275455,0.296276,0.343784
66.200000,26.236821,17.529464,-0.208300,0.615305,0.031956,-0.085397,22.381630,-0.786167,4.917677,6.273138,0.296028,0.343708
66.233333,26.257096,17.526240,-0.211152,0.614795,0.032064,-0.085716,22.364066,-0.788575,4.911211,6.270822,0.295781,0.343633
66.266667,26.277345,17.522964,-0.214015,0.614285,0.032172,-0.086033,22.346583,-0.790962,4.904782,6.268509,0.295535,0.343557
66.300000,26.297569,17.519638,-0.216888,0.613778,0.032280,-0.086348,22.329181,-0.793328,4.898392,6.266198,0.295290,0.343482
66.333333,26.317768,17.516261,-0.219771,0.613271,0.032387,-0.086662,22.311862,-0.795673,4.892041,6.263890,0.295047,0.343407
66.366667,26.337941,17.512832,-0.222665,0.612766,0.032493,-0.086975,22.294628,-0.797996,4.885729,6.261585,0.294805,0.343331
66.400000,26.358089,17.509352,-0.225570,0.612262,0.032599,-0.087285,22.277482,-0.800298,4.879459,6.259282,0.294565,0.343256
66.433333,26.378211,17.505821,-0.228484,0.611760,0.032705,-0.087594,22.260424,-0.802577,4.873230,6.256982,0.294326,0.343181
66.466667,26.398307,17.502238,-0.231409,0.611259,0.032809,-0.087902,22.243458,-0.804833,4.867043,6.254686,0.294088,0.343106
66.500000,26.418377,17.498604,-0.234344,0.610760,0.032914,-0.088208,22.226583,-0.807066,4.860899,6.252392,0.293852,0.343031
66.533333,26.438421,17.494918,-0.237290,0.610262,0.033017,-0.088511,22.209803,-0.809276,4.854799,6.250102,0.293617,0.342956
66.566667,26.458438,17.491180,-0.240245,0.609766,0.033120,-0.088814,22.193119,-0.811461,4.848744,6.247815,0.293384,0.342881
66.600000,26.478430,17.487390,-0.243211,0.609272,0.033222,-0.089114,22.176533,-0.813623,4.842734,6.245532,0.293152,0.342807
66.633333,26.498394,17.483548,-0.246186,0.608780,0.033324,-0.089412,22.160046,-0.815759,4.836771,6.243252,0.292922,0.342732
66.666667,26.518333,17.479653,-0.249172,0.608289,0.033425,-0.089708,22.143661,-0.817871,4.830854,6.240976,0.292693,0.342658
66.700000,26.538244,17.475707,-0.252167,0.607800,0.033526,-0.090003,22.127378,-0.819957,4.824985,6.238704,0.292466,0.342583
66.733333,26.558129,17.471708,-0.255172,0.607314,0.033625,-0.090295,22.111201,-0.822017,4.819165,6.236436,0.292241,0.342509
66.766667,26.577986,17.467656,-0.258186,0.606829,0.033724,-0.090585,22.095129,-0.824051,4.813393,6.234171,0.292018,0.342435
66.800000,26.597817,17.463552,-0.261211,0.606346,0.033823,-0.090873,22.079166,-0.826058,4.807672,6.231911,0.291796,0.342361
66.833333,26.617621,17.459395,-0.264245,0.605866,0.033921,-0.091159,22.063313,-0.828039,4.802002,6.229655,0.291576,0.342287
66.866667,26.637397,17.455186,-0.267288,0.605387,0.034018,-0.091443,22.047570,-0.829992,4.796382,6.227403,0.291358,0.342213
66.900000,26.657146,17.450923,-0.270341,0.604911,0.034114,-0.091725,22.031941,-0.831917,4.790816,6.225155,0.291142,0.342140
66.933333,26.676867,17.446607,-0.273403,0.604437,0.034209,-0.092004,22.016427,-0.833814,4.785302,6.222912,0.290928,0.342066
66.966667,26.696560,17.442239,-0.276474,0.603965,0.034304,-0.092281,22.001029,-0.835683,4.779841,6.220673,0.290715,0.341993
67.000000,26.716226,17.437817,-0.279555,0.603496,0.034398,-0.092555,21.985749,-0.837522,4.774435,6.218439,0.290505,0.341920
67.033333,26.735864,17.433341,-0.282645,0.603029,0.034491,-0.092827,21.970588,-0.839333,4.769084,6.216210,0.290296,0.341847
67.066667,26.755474,17.428813,-0.285744,0.602564,0.034584,-0.093097,21.955549,-0.841114,4.763789,6.213985,0.290090,0.341774
67.100000,26.775056,17.424230,-0.288851,0.602102,0.034676,-0.093364,21.940631,-0.842865,4.758550,6.211766,0.289886,0.341701
67.133333,26.794610,17.419595,-0.291968,0.601643,0.034767,-0.093628,21.925839,-0.844586,4.753369,6.209551,0.289683,0.341628
67.166667,26.814135,17.414905,-0.295093,0.601186,0.034857,-0.093890,21.911171,-0.846276,4.748245,6.207341,0.289483,0.341556
67.200000,26.833632,17.410162,-0.298227,0.600732,0.034946,-0.094150,21.896631,-0.847935,4.743180,6.205136,0.289285,0.341483
67.233333,26.853101,17.405365,-0.301370,0.600280,0.035035,-0.094406,21.882219,-0.849562,4.738173,6.202936,0.289089,0.341411
67.266667,26.872541,17.400513,-0.304521,0.599832,0.035122,-0.094660,21.867938,-0.851158,4.733227,6.200742,0.288895,0.341339
67.300000,26.891952,17.395608,-0.307680,0.599386,0.035209,-0.094911,21.853788,-0.852722,4.728341,6.198552,0.288704,0.341267
67.333333,26.911334,17.390649,-0.310848,0.598942,0.035295,-0.095159,21.839770,-0.854254,4.723517,6.196368,0.288515,0.341195
67.366667,26.930687,17.385635,-0.314024,0.598502,0.035380,-0.095405,21.825887,-0.855753,4.718754,6.194190,0.288328,0.341124
67.400000,26.950012,17.380567,-0.317209,0.598065,0.035464,-0.095647,21.812140,-0.857219,4.714054,6.192017,0.288143,0.341052
67.433333,26.969307,17.375445,-0.320401,0.597630,0.035548,-0.095887,21.798530,-0.858651,4.709416,6.189849,0.287961,0.340981
67.466667,26.988572,17.370269,-0.323601,0.597199,0.035630,-0.096123,21.785058,-0.860050,4.704842,6.187687,0.287781,0.340910
67.500000,27.007809,17.365037,-0.326809,0.596771,0.035711,-0.096357,21.771726,-0.861415,4.700333,6.185530,0.287604,0.340839
67.533333,27.027016,17.359751,-0.330025,0.596345,0.035792,-0.096587,21.758535,-0.862745,4.695888,6.183380,0.287429,0.340768
67.566667,27.046193,17.354411,-0.333248,0.595923,0.035872,-0.096815,21.745486,-0.864041,4.691508,6.181235,0.287256,0.340697
67.600000,27.065340,17.349016,-0.336479,0.595504,0.035950,-0.097039,21.732580,-0.865302,4.687195,6.179095,0.287086,0.340627
67.633333,27.084458,17.343566,-0.339717,0.595089,0.036028,-0.097260,21.719819,-0.866528,4.682948,6.176962,0.286919,0.340557
67.666667,27.103546,17.338060,-0.342963,0.594676,0.036105,-0.097478,21.707204,-0.867719,4.678768,6.174835,0.286754,0.340487
67.700000,27.122604,17.332500,-0.346216,0.594267,0.036181,-0.097692,21.694737,-0.868873,4.674655,6.172713,0.286592,0.340417
67.733333,27.141631,17.326885,-0.349476,0.593862,0.036256,-0.097903,21.682417,-0.869992,4.670611,6.170597,0.286432,0.340347
67.766667,27.160629,17.321215,-0.352743,0.593460,0.036329,-0.098111,21.670247,-0.871075,4.666635,6.168488,0.286275,0.340278
67.800000,27.179596,17.315490,-0.356017,0.593061,0.036402,-0.098316,21.658227,-0.872120,4.662729,6.166385,0.286120,0.340208
67.833333,27.198533,17.309709,-0.359297,0.592665,0.036474,-0.098517,21.646359,-0.873129,4.658892,6.164287,0.285968,0.340139
67.866667,27.217439,17.303874,-0.362584,0.592274,0.036545,-0.098714,21.634643,-0.874101,4.655125,6.162196,0.285819,0.340070
67.900000,27.236315,17.297982,-0.365878,0.591885,0.036615,-0.098908,21.623081,-0.875036,4.651429,6.160111,0.285672,0.340001
67.933333,27.255160,17.292036,-0.369178,0.591501,0.036683,-0.099099,21.611673,-0.875933,4.647804,6.158033,0.285529,0.339933
67.966667,27.273974,17.286034,-0.372485,0.591120,0.036751,-0.099286,21.600421,-0.876792,4.644250,6.155961,0.285388,0.339864
68.000000,27.292757,17.279976,-0.375797,0.590743,0.036818,-0.099469,21.589326,-0.877613,4.640768,6.153895,0.285250,0.339796
68.033333,27.311509,17.273863,-0.379116,0.590369,0.036883,-0.099649,21.578388,-0.878396,4.637359,6.151835,0.285114,0.339728
68.066667,27.330230,17.267694,-0.382441,0.589999,0.036948,-0.099824,21.567608,-0.879141,4.634022,6.149782,0.284982,0.339661
68.100000,27.348920,17.261469,-0.385771,0.589633,0.037011,-0.099997,21.556987,-0.879847,4.630758,6.147735,0.284852,0.339593
68.133333,27.367578,17.255189,-0.389107,0.589271,0.037073,-0.100165,21.546527,-0.880514,4.627568,6.145695,0.284725,0.339526
68.166667,27.386206,17.248853,-0.392449,0.588913,0.037135,-0.100330,21.536227,-0.881142,4.624452,6.143662,0.284601,0.339458
68.200000,27.404801,17.242461,-0.395796,0.588559,0.037195,-0.100491,21.526088,-0.881730,4.621410,6.141634,0.284480,0.339391
68.233333,27.423365,17.236013,-0.399148,0.588208,0.037254,-0.100647,21.516112,-0.882280,4.618442,6.139614,0.284362,0.339325
68.266667,27.441898,17.229510,-0.402506,0.587862,0.037311,-0.100800,21.506299,-0.882789,4.615549,6.137600,0.284247,0.339258
68.300000,27.460399,17.222950,-0.405868,0.587519,0.037368,-0.100950,21.496650,-0.883259,4.612732,6.135593,0.284134,0.339192
68.333333,27.478867,17.216334,-0.409236,0.587181,0.037424,-0.101095,21.487165,-0.883689,4.609990,6.133592,0.284025,0.339126
68.366667,27.497304,17.209662,-0.412608,0.586846,0.037478,-0.101236,21.477845,-0.884079,4.607324,6.131598,0.283919,0.339060
68.400000,27.515709,17.202935,-0.415985,0.586516,0.037531,-0.101373,21.468690,-0.884429,4.604734,6.129611,0.283815,0.338994
68.433333,27.534082,17.196151,-0.419366,0.586190,0.037583,-0.101506,21.459701,-0.884738,4.602220,6.127631,0.283715,0.338928
68.466667,27.552422,17.189311,-0.422752,0.585868,0.037634,-0.101635,21.450879,-0.885007,4.599782,6.125657,0.283618,0.338863
68.500000,27.570730,17.182415,-0.426142,0.585550,0.037684,-0.101760,21.442224,-0.885236,4.597422,6.123690,0.283523,0.338798
68.533333,27.589006,17.175462,-0.429536,0.585237,0.037732,-0.101880,21.433737,-0.885424,4.595138,6.121730,0.283432,0.338733
68.566667,27.607249,17.168453,-0.432934,0.584927,0.037779,-0.101997,21.425418,-0.885570,4.592932,6.119777,0.283344,0.338668
68.600000,27.625460,17.161388,-0.436335,0.584622,0.037826,-0.102109,21.417266,-0.885676,4.590802,6.117831,0.283259,0.338604
68.633333,27.643638,17.154267,-0.439741,0.584321,0.037870,-0.102217,21.409284,-0.885742,4.588751,6.115891,0.283177,0.338540
68.666667,27.661784,17.147090,-0.443150,0.584025,0.037914,-0.102321,21.401470,-0.885766,4.586777,6.113959,0.283098,0.338476
68.700000,27.679896,17.139856,-0.446562,0.583733,0.037956,-0.102421,21.393826,-0.885748,4.584880,6.112033,0.283022,0.338412
68.733333,27.697976,17.132566,-0.449978,0.583445,0.037997,-0.102516,21.386352,-0.885690,4.583062,6.110114,0.282949,0.338348
68.766667,27.716022,17.125219,-0.453397,0.583161,0.038037,-0.102607,21.379047,-0.885591,4.581321,6.108202,0.282879,0.338285
68.800000,27.734036,17.117816,-0.456818,0.582882,0.038076,-0.102693,21.371912,-0.885450,4.579659,6.106297,0.282813,0.338221
68.833333,27.752016,17.110357,-0.460243,0.582608,0.038113,-0.102776,21.364947,-0.885268,4.578075,6.104399,0.282749,0.338159
68.866667,27.769963,17.102841,-0.463670,0.582338,0.038149,-0.102853,21.358152,-0.885044,4.576569,6.102507,0.282689,0.338096
68.900000,27.787877,17.095269,-0.467100,0.582072,0.038184,-0.102927,21.351528,-0.884779,4.575141,6.100623,0.282632,0.338033
68.933333,27.805758,17.087640,-0.470532,0.581811,0.038218,-0.102996,21.345073,-0.884473,4.573792,6.098745,0.282578,0.337971
68.966667,27.823605,17.079955,-0.473966,0.581554,0.038250,-0.103060,21.338790,-0.884126,4.572520,6.096875,0.282527,0.337909
69.000000,27.841418,17.072214,-0.477403,0.581302,0.038281,-0.103120,21.332676,-0.883737,4.571327,6.095011,0.282479,0.337847
69.033333,27.859198,17.064416,-0.480841,0.581054,0.038311,-0.103176,21.326732,-0.883306,4.570212,6.093154,0.282434,0.337785
69.066667,27.876944,17.056561,-0.484281,0.580811,0.038339,-0.103227,21.320959,-0.882834,4.569176,6.091304,0.282393,0.337724
69.100000,27.894656,17.048650,-0.487723,0.580573,0.038366,-0.103273,21.315355,-0.882321,4.568217,6.089461,0.282354,0.337663
69.133333,27.912334,17.040683,-0.491166,0.580339,0.038392,-0.103315,21.309922,-0.881767,4.567336,6.087624,0.282319,0.337602
69.166667,27.929979,17.032659,-0.494610,0.580109,0.038416,-0.103353,21.304657,-0.881171,4.566534,6.085795,0.282287,0.337541
69.200000,27.947589,17.024579,-0.498056,0.579885,0.038439,-0.103386,21.299562,-0.880535,4.565809,6.083972,0.282258,0.337480
69.233333,27.965165,17.016442,-0.501503,0.579664,0.038461,-0.103414,21.294636,-0.879857,4.565162,6.082156,0.282232,0.337420
69.266667,27.982707,17.008249,-0.504950,0.579449,0.038482,-0.103438,21.289879,-0.879142,4.564588,6.080351,0.282209,0.337360
69.300000,28.000215,17.000000,-0.508399,0.579238,0.038501,-0.103457,21.285289,-0.878415,4.564068,6.078576,0.282188,0.337301
69.333333,28.017688,16.991694,-0.511847,0.579031,0.038518,-0.103472,21.280868,-0.877696,4.563583,6.076851,0.282168,0.337243
69.366667,28.035128,16.983332,-0.515297,0.578830,0.038535,-0.103483,21.276614,-0.876972,4.563143,6.075164,0.282151,0.337187
69.400000,28.052532,16.974913,-0.518746,0.578633,0.038550,-0.103489,21.272527,-0.876221,4.562768,6.073495,0.282135,0.337132
69.433333,28.069902,16.966438,-0.522196,0.578440,0.038564,-0.103492,21.268606,-0.875441,4.562461,6.071842,0.282123,0.337077
69.466667,28.087238,16.957907,-0.525646,0.578253,0.038576,-0.103491,21.264852,-0.874630,4.562221,6.070205,0.282113,0.337022
69.500000,28.104539,16.949320,-0.529095,0.578069,0.038587,-0.103485,21.261263,-0.873790,4.562048,6.068583,0.282107,0.336968
69.533333,28.121805,16.940676,-0.532545,0.577891,0.038597,-0.103476,21.257840,-0.872921,4.561942,6.066978,0.282102,0.336915
69.566667,28.139036,16.931976,-0.535994,0.577717,0.038606,-0.103463,21.254581,-0.872022,4.561902,6.065388,0.282101,0.336862
69.600000,28.156232,16.923219,-0.539442,0.577548,0.038613,-0.103446,21.251486,-0.871094,4.561928,6.063815,0.282102,0.336809
69.633333,28.173394,16.914407,-0.542890,0.577383,0.038619,-0.103425,21.248554,-0.870138,4.562020,6.062258,0.282105,0.336758
69.666667,28.190520,16.905538,-0.546337,0.577223,0.038624,-0.103400,21.245786,-0.869154,4.562176,6.060717,0.282112,0.336706
69.700000,28.207611,16.896613,-0.549783,0.577068,0.038627,-0.103371,21.243179,-0.868142,4.562397,6.059193,0.282121,0.336655
69.733333,28.224668,16.887633,-0.553229,0.576918,0.038629,-0.103338,21.240734,-0.867102,4.562682,6.057685,0.282132,0.336605
69.766667,28.241689,16.878596,-0.556673,0.576772,0.038630,-0.103302,21.238450,-0.866035,4.563031,6.056194,0.282146,0.336555
69.800000,28.258674,16.869503,-0.560115,0.576630,0.038630,-0.103262,21.236325,-0.864941,4.563443,6.054720,0.282163,0.336506
69.833333,28.275625,16.860354,-0.563557,0.576493,0.038628,-0.103218,21.234360,-0.863820,4.563918,6.053262,0.282182,0.336458
69.866667,28.292540,16.851149,-0.566997,0.576361,0.038625,-0.103170,21.232553,-0.862673,4.564455,6.051822,0.282203,0.336410
69.900000,28.309419,16.841888,-0.570435,0.576234,0.038621,-0.103119,21.230904,-0.861500,4.565053,6.050399,0.282227,0.336362
69.933333,28.326263,16.832572,-0.573871,0.576111,0.038616,-0.103064,21.229412,-0.860302,4.565714,6.048992,0.282254,0.336315
69.966667,28.343071,16.823200,-0.577306,0.575992,0.038610,-0.103005,21.228076,-0.859078,4.566434,6.047603,0.282283,0.336269
70.000000,28.359844,16.813771,-0.580738,0.575879,0.038602,-0.102943,21.226894,-0.857829,4.567216,6.046232,0.282314,0.336223
70.033333,28.376581,16.804288,-0.584169,0.575769,0.038593,-0.102877,21.225867,-0.856556,4.568056,6.044877,0.282348,0.336178
70.066667,28.393282,16.794748,-0.587597,0.575665,0.038583,-0.102808,21.224993,-0.855258,4.568957,6.043540,0.282384,0.336133
70.100000,28.409948,16.785153,-0.591022,0.575565,0.038572,-0.102735,21.224271,-0.853937,4.569915,6.042220,0.282422,0.336089
70.133333,28.426577,16.775503,-0.594446,0.575469,0.038560,-0.102658,21.223700,-0.852592,4.570932,6.040918,0.282463,0.336046
70.166667,28.443171,16.765797,-0.597866,0.575378,0.038546,-0.102578,21.223280,-0.851223,4.572007,6.039633,0.282506,0.336003
70.200000,28.459729,16.756036,-0.601284,0.575291,0.038532,-0.102495,21.223008,-0.849832,4.573138,6.038366,0.282552,0.335961
70.233333,28.476250,16.746219,-0.604699,0.575209,0.038516,-0.102408,21.222885,-0.848418,4.574326,6.037116,0.282599,0.335919
70.266667,28.492736,16.736347,-0.608111,0.575131,0.038499,-0.102318,21.222909,-0.846982,4.575570,6.035884,0.282649,0.335878
70.300000,28.509185,16.726420,-0.611521,0.575058,0.038481,-0.102224,21.223078,-0.845524,4.576869,6.034670,0.282701,0.335837
70.333333,28.525598,16.716438,-0.614926,0.574989,0.038462,-0.102127,21.223393,-0.844045,4.578223,6.033473,0.282755,0.335797
70.366667,28.541975,16.706400,-0.618329,0.574925,0.038441,-0.102027,21.223851,-0.842545,4.579631,6.032294,0.282812,0.335758
70.400000,28.558315,16.696308,-0.621728,0.574865,0.038420,-0.101924,21.224451,-0.841024,4.581093,6.031133,0.282870,0.335719
70.433333,28.574620,16.686161,-0.625124,0.574809,0.038398,-0.101817,21.225193,-0.839482,4.582607,6.029989,0.282931,0.335681
70.466667,28.590887,16.675959,-0.628516,0.574758,0.038374,-0.101708,21.226074,-0.837920,4.584174,6.028864,0.282994,0.335643
70.500000,28.607118,16.665702,-0.631904,0.574711,0.038350,-0.101595,21.227095,-0.836339,4.585792,6.027756,0.283058,0.335606
70.533333,28.623313,16.655390,-0.635289,0.574668,0.038324,-0.101479,21.228253,-0.834738,4.587461,6.026665,0.283125,0.335569
70.566667,28.639471,16.645024,-0.638670,0.574630,0.038297,-0.101359,21.229547,-0.833118,4.589181,6.025592,0.283194,0.335534
70.600000,28.655593,16.634603,-0.642046,0.574595,0.038270,-0.101237,21.230977,-0.831480,4.590951,6.024537,0.283265,0.335498
70.633333,28.671678,16.624128,-0.645419,0.574565,0.038241,-0.101112,21.232539,-0.829824,4.592770,6.023500,0.283338,0.335464
70.666667,28.687726,16.613599,-0.648787,0.574540,0.038211,-0.100984,21.234235,-0.828149,4.594637,6.022480,0.283412,0.335429
70.700000,28.703737,16.603015,-0.652151,0.574518,0.038180,-0.100853,21.236061,-0.826457,4.596552,6.021478,0.283489,0.335396
70.733333,28.719711,16.592377,-0.655511,0.574501,0.038149,-0.100719,21.238017,-0.824748,4.598515,6.020494,0.283567,0.335363
70.766667,28.735649,16.581685,-0.658866,0.574487,0.038116,-0.100582,21.240100,-0.823022,4.600524,6.019527,0.283647,0.335331
70.800000,28.751550,16.570938,-0.662216,0.574478,0.038082,-0.100443,21.242311,-0.821279,4.602579,6.018577,0.283729,0.335299
70.833333,28.767413,16.560138,-0.665562,0.574473,0.038048,-0.100300,21.244647,-0.819520,4.604679,6.017645,0.283813,0.335268
70.866667,28.783240,16.549284,-0.668903,0.574472,0.038012,-0.100155,21.247107,-0.817746,4.606823,6.016730,0.283899,0.335237
70.900000,28.799030,16.538377,-0.672239,0.574474,0.037975,-0.100007,21.249690,-0.815956,4.609012,6.015833,0.283986,0.335207
70.933333,28.814782,16.527415,-0.675570,0.574481,0.037938,-0.099857,21.252393,-0.814151,4.611244,6.014953,0.284075,0.335178
70.966667,28.830498,16.516401,-0.678896,0.574492,0.037899,-0.099703,21.255216,-0.812332,4.613518,6.014090,0.284166,0.335149
71.000000,28.846176,16.505332,-0.682217,0.574506,0.037860,-0.099548,21.258157,-0.810498,4.615834,6.013244,0.284258,0.335120
71.033333,28.861817,16.494211,-0.685533,0.574525,0.037820,-0.099389,21.261214,-0.808650,4.618192,6.012415,0.284352,0.335093
71.066667,28.877421,16.483036,-0.688843,0.574547,0.037779,-0.099228,21.264386,-0.806788,4.620590,6.011603,0.284447,0.335065
71.100000,28.892988,16.471808,-0.692148,0.574573,0.037737,-0.099065,21.267671,-0.804913,4.623027,6.010809,0.284544,0.335039
71.133333,28.908517,16.460527,-0.695447,0.574603,0.037694,-0.098899,21.271069,-0.803025,4.625504,6.010030,0.284643,0.335013
71.166667,28.924008,16.449193,-0.698741,0.574637,0.037650,-0.098731,21.274576,-0.801125,4.628019,6.009269,0.284743,0.334987
71.200000,28.939463,16.437806,-0.702029,0.574674,0.037605,-0.098561,21.278192,-0.799212,4.630572,6.008524,0.284845,0.334962
71.233333,28.954879,16.426367,-0.705312,0.574715,0.037560,-0.098388,21.281915,-0.797288,4.633162,6.007796,0.284948,0.334938
71.266667,28.970259,16.414875,-0.708588,0.574760,0.037513,-0.098213,21.285743,-0.795352,4.635788,6.007084,0.285052,0.334914
71.300000,28.985601,16.403330,-0.711859,0.574808,0.037466,-0.098035,21.289676,-0.793404,4.638450,6.006388,0.285158,0.334891
71.333333,29.000905,16.391733,-0.715124,0.574860,0.037418,-0.097855,21.293710,-0.791446,4.641146,6.005708,0.285265,0.334868
71.366667,29.016171,16.380084,-0.718383,0.574915,0.037369,-0.097674,21.297844,-0.789477,4.643877,6.005045,0.285373,0.334846
71.400000,29.031400,16.368383,-0.721636,0.574974,0.037320,-0.097490,21.302077,-0.787498,4.646642,6.004397,0.285483,0.334824
71.433333,29.046591,16.356630,-0.724882,0.575036,0.037270,-0.097304,21.306408,-0.785509,4.649439,6.003765,0.285594,0.334803
71.466667,29.061745,16.344824,-0.728123,0.575102,0.037218,-0.097116,21.310833,-0.783511,4.652268,6.003149,0.285706,0.334782
71.500000,29.076861,16.332968,-0.731357,0.575171,0.037167,-0.096925,21.315353,-0.781503,4.655128,6.002548,0.285819,0.334762
71.533333,29.091939,16.321059,-0.734584,0.575243,0.037114,-0.096733,21.319964,-0.779487,4.658020,6.001962,0.285934,0.334742
71.566667,29.106979,16.309099,-0.737806,0.575318,0.037061,-0.096539,21.324665,-0.777462,4.660941,6.001392,0.286049,0.334723
71.600000,29.121981,16.297087,-0.741020,0.575397,0.037007,-0.096343,21.329455,-0.775428,4.663891,6.000837,0.286166,0.334704
71.633333,29.136945,16.285025,-0.744228,0.575479,0.036952,-0.096146,21.334332,-0.773387,4.666870,6.000296,0.286284,0.334686
71.666667,29.151871,16.272911,-0.747430,0.575564,0.036896,-0.095946,21.339293,-0.771338,4.669876,5.999770,0.286403,0.334669
71.700000,29.166760,16.260746,-0.750625,0.575652,0.036840,-0.095745,21.344338,-0.769282,4.672910,5.999259,0.286523,0.334652
71.733333,29.181610,16.248530,-0.753813,0.575744,0.036783,-0.095541,21.349464,-0.767219,4.675970,5.998762,0.286643,0.334635
71.766667,29.196423,16.236264,-0.756994,0.575838,0.036725,-0.095337,21.354670,-0.765149,4.679056,5.998279,0.286765,0.334619
71.800000,29.211197,16.223947,-0.760169,0.575935,0.036667,-0.095130,21.359953,-0.763073,4.682166,5.997810,0.286888,0.334603
71.833333,29.225933,16.211579,-0.763336,0.576036,0.036608,-0.094922,21.365313,-0.760991,4.685301,5.997355,0.287012,0.334588
71.866667,29.240631,16.199161,-0.766497,0.576139,0.036549,-0.094712,21.370746,-0.758903,4.688460,5.996914,0.287136,0.334573
71.900000,29.255291,16.186693,-0.769650,0.576245,0.036489,-0.094501,21.376253,-0.756810,4.691641,5.996486,0.287262,0.334559
71.933333,29.269913,16.174175,-0.772797,0.576353,0.036428,-0.094288,21.381829,-0.754712,4.694844,5.996071,0.287388,0.334545
71.966667,29.284496,16.161607,-0.775936,0.576465,0.036366,-0.094074,21.387475,-0.752608,4.698068,5.995669,0.287515,0.334531
72.000000,29.299041,16.148989,-0.779069,0.576579,0.036304,-0.093858,21.393187,-0.750501,4.701313,5.995280,0.287643,0.334518
72.033333,29.313548,16.136321,-0.782194,0.576696,0.036242,-0.093641,21.398965,-0.748389,4.704579,5.994904,0.287771,0.334505
72.066667,29.328017,16.123604,-0.785311,0.576816,0.036179,-0.093423,21.404806,-0.746273,4.707863,5.994540,0.287900,0.334493
72.100000,29.342447,16.110838,-0.788422,0.576938,0.036115,-0.093203,21.410708,-0.744153,4.711166,5.994188,0.288030,0.334481
72.133333,29.356839,16.098022,-0.791525,0.577062,0.036050,-0.092982,21.416670,-0.742030,4.714486,5.993848,0.288160,0.334470
72.166667,29.371193,16.085158,-0.794621,0.577189,0.035986,-0.092760,21.422689,-0.739904,4.717824,5.993520,0.288291,0.334459
72.200000,29.385508,16.072244,-0.797709,0.577319,0.035920,-0.092536,21.428764,-0.737775,4.721178,5.993204,0.288423,0.334448
72.233333,29.399785,16.059282,-0.800790,0.577451,0.035854,-0.092312,21.434894,-0.735643,4.724548,5.992899,0.288555,0.334438
72.266667,29.414023,16.046271,-0.803863,0.577585,0.035788,-0.092086,21.441075,-0.733509,4.727933,5.992605,0.288688,0.334428
72.300000,29.428223,16.033212,-0.806929,0.577721,0.035721,-0.091859,21.447307,-0.731374,4.731332,5.992321,0.288821,0.334419
72.333333,29.442385,16.020105,-0.809987,0.577860,0.035653,-0.091631,21.453587,-0.729236,4.734745,5.992048,0.288955,0.334410
72.366667,29.456507,16.006949,-0.813037,0.578001,0.035585,-0.091402,21.459913,-0.727097,4.738171,5.991786,0.289089,0.334401
72.400000,29.470592,15.993745,-0.816080,0.578144,0.035517,-0.091172,21.466284,-0.724957,4.741608,5.991534,0.289224,0.334392
72.433333,29.484637,15.980494,-0.819115,0.578289,0.035448,-0.090941,21.472698,-0.722815,4.745058,5.991291,0.289358,0.334384
72.466667,29.498644,15.967195,-0.822143,0.578436,0.035378,-0.090709,21.479152,-0.720673,4.748518,5.991058,0.289494,0.334376
72.500000,29.512613,15.953848,-0.825163,0.578586,0.035308,-0.090476,21.485645,-0.718531,4.751988,5.990834,0.289629,0.334369
72.533333,29.526543,15.940454,-0.828175,0.578737,0.035238,-0.090243,21.492176,-0.716388,4.755468,5.990620,0.289765,0.334362
72.566667,29.540434,15.927013,-0.831179,0.578890,0.035167,-0.090008,21.498741,-0.714246,4.758956,5.990414,0.289901,0.334355
72.600000,29.554286,15.913525,-0.834175,0.579045,0.035096,-0.089773,21.505340,-0.712103,4.762453,5.990217,0.290038,0.334348
72.633333,29.568100,15.899990,-0.837164,0.579201,0.035025,-0.089537,21.511970,-0.709961,4.765957,5.990028,0.290175,0.334342
72.666667,29.581875,15.886409,-0.840144,0.579360,0.034953,-0.089300,21.518630,-0.707820,4.769468,5.989847,0.290311,0.334336
72.700000,29.595611,15.872781,-0.843117,0.579520,0.034880,-0.089063,21.525317,-0.705680,4.772984,5.989674,0.290448,0.334330
72.733333,29.609309,15.859106,-0.846082,0.579681,0.034808,-0.088825,21.532030,-0.703541,4.776507,5.989509,0.290586,0.334324
72.766667,29.622967,15.845386,-0.849039,0.579845,0.034735,-0.088586,21.538767,-0.701404,4.780033,5.989350,0.290723,0.334319
72.800000,29.636587,15.831619,-0.851988,0.580009,0.034661,-0.088347,21.545526,-0.699268,4.783564,5.989199,0.290860,0.334314
72.833333,29.650168,15.817807,-0.854929,0.580176,0.034587,-0.088107,21.552305,-0.697134,4.787098,5.989054,0.290998,0.334309
72.866667,29.663711,15.803949,-0.857862,0.580343,0.034513,-0.087867,21.559101,-0.695002,4.790635,5.988915,0.291135,0.334304
72.900000,29.677214,15.790045,-0.860786,0.580513,0.034438,-0.087627,21.565914,-0.692873,4.794174,5.988783,0.291272,0.334300
72.933333,29.690679,15.776096,-0.863703,0.580683,0.034364,-0.087385,21.572742,-0.690746,4.797715,5.988656,0.291410,0.334296
72.966667,29.704104,15.762102,-0.866612,0.580855,0.034288,-0.087144,21.579582,-0.688622,4.801256,5.988535,0.291547,0.334292
73.000000,29.717491,15.748063,-0.869513,0.581028,0.034213,-0.086902,21.586432,-0.686501,4.804797,5.988419,0.291685,0.334288
73.033333,29.730839,15.733980,-0.872406,0.581202,0.034137,-0.086659,21.593291,-0.684383,4.808338,5.988308,0.291822,0.334284
73.066667,29.744148,15.719851,-0.875290,0.581377,0.034061,-0.086417,21.600157,-0.682268,4.811877,5.988202,0.291959,0.334281
73.100000,29.757417,15.705679,-0.878167,0.581554,0.033985,-0.086174,21.607028,-0.680157,4.815415,5.988100,0.292096,0.334277
73.133333,29.770648,15.691462,-0.881035,0.581731,0.033908,-0.085931,21.613903,-0.678050,4.818950,5.988001,0.292233,0.334274
73.166667,29.783840,15.677201,-0.883895,0.581909,0.033831,-0.085687,21.620778,-0.675947,4.822482,5.987907,0.292370,0.334271
73.200000,29.796993,15.662896,-0.886748,0.582089,0.033754,-0.085443,21.627653,-0.673848,4.826010,5.987816,0.292506,0.334268
73.233333,29.810107,15.648548,-0.889592,0.582269,0.033677,-0.085200,21.634525,-0.671753,4.829534,5.987728,0.292642,0.334265
73.266667,29.823182,15.634156,-0.892428,0.582450,0.033599,-0.084956,21.641393,-0.669663,4.833053,5.987643,0.292778,0.334262
73.300000,29.836218,15.619720,-0.895255,0.582631,0.033521,-0.084711,21.648254,-0.667577,4.836566,5.987561,0.292914,0.334259
73.333333,29.849215,15.605242,-0.898075,0.582814,0.033443,-0.084467,21.655108,-0.665497,4.840073,5.987481,0.293049,0.334256
73.366667,29.862172,15.590721,-0.900886,0.582997,0.033365,-0.084223,21.661951,-0.663421,4.843573,5.987403,0.293184,0.334254
73.400000,29.875091,15.576157,-0.903690,0.583181,0.033286,-0.083979,21.668783,-0.661351,4.847066,5.987326,0.293319,0.334251
73.433333,29.887971,15.561550,-0.906485,0.583365,0.033208,-0.083734,21.675602,-0.659286,4.850550,5.987250,0.293453,0.334249
73.466667,29.900811,15.546901,-0.909272,0.583550,0.033129,-0.083490,21.682405,-0.657227,4.854026,5.987176,0.293587,0.334246
73.500000,29.913612,15.532210,-0.912051,0.583735,0.033050,-0.083246,21.689190,-0.655173,4.857493,5.987102,0.293721,0.334244
73.533333,29.926375,15.517477,-0.914822,0.583921,0.032971,-0.083002,21.695957,-0.653126,4.860950,5.987029,0.293854,0.334241
73.566667,29.939098,15.502702,-0.917584,0.584107,0.032891,-0.082758,21.702703,-0.651085,4.864396,5.986955,0.293986,0.334239
73.600000,29.951782,15.487885,-0.920339,0.584293,0.032812,-0.082514,21.709426,-0.649049,4.867831,5.986882,0.294118,0.334236
73.633333,29.964426,15.473028,-0.923085,0.584480,0.032732,-0.082270,21.716125,-0.647021,4.871255,5.986808,0.294250,0.334234
73.666667,29.977032,15.458129,-0.925824,0.584666,0.032652,-0.082026,21.722797,-0.644999,4.874666,5.986733,0.294381,0.334231
73.700000,29.989598,15.443189,-0.928554,0.584853,0.032572,-0.081783,21.729442,-0.642983,4.878065,5.986656,0.294511,0.334229
73.733333,30.002126,15.428208,-0.931276,0.585040,0.032492,-0.081540,21.736056,-0.640975,4.881450,5.986578,0.294641,0.334226
73.766667,30.014614,15.413186,-0.933990,0.585228,0.032412,-0.081297,21.742639,-0.638973,4.884821,5.986499,0.294771,0.334223
73.800000,30.027063,15.398124,-0.936696,0.585415,0.032332,-0.081054,21.749189,-0.636979,4.888177,5.986417,0.294899,0.334221
73.833333,30.039472,15.383023,-0.939393,0.585602,0.032251,-0.080812,21.755703,-0.634992,4.891519,5.986333,0.295027,0.334218
73.866667,30.051843,15.367881,-0.942083,0.585789,0.032171,-0.080570,21.762181,-0.633013,4.894845,5.986246,0.295155,0.334215
73.900000,30.064174,15.352699,-0.944765,0.585975,0.032090,-0.080328,21.768620,-0.631041,4.898154,5.986155,0.295281,0.334212
73.933333,30.076466,15.337477,-0.947438,0.586162,0.032010,-0.080087,21.775018,-0.629077,4.901447,5.986062,0.295407,0.334209
73.966667,30.088719,15.322217,-0.950104,0.586348,0.031929,-0.079846,21.781374,-0.627120,4.904723,5.985965,0.295533,0.334205
74.000000,30.100932,15.306917,-0.952761,0.586534,0.031848,-0.079605,21.787687,-0.625172,4.907980,5.985863,0.295657,0.334202
74.033333,30.113106,15.291578,-0.955411,0.586720,0.031767,-0.079365,21.793954,-0.623232,4.911220,5.985757,0.295781,0.334198
74.066667,30.125241,15.276200,-0.958052,0.586905,0.031687,-0.079126,21.800174,-0.621300,4.914440,5.985647,0.295904,0.334195
74.100000,30.137337,15.260784,-0.960686,0.587090,0.031606,-0.078887,21.806345,-0.619377,4.917641,5.985532,0.296026,0.334191
74.133333,30.149393,15.245330,-0.963312,0.587274,0.031525,-0.078648,21.812465,-0.617462,4.920822,5.985411,0.296148,0.334187
74.166667,30.161410,15.229837,-0.965929,0.587458,0.031444,-0.078410,21.818533,-0.615556,4.923982,5.985285,0.296268,0.334183
74.200000,30.173388,15.214306,-0.968539,0.587641,0.031363,-0.078173,21.824547,-0.613658,4.927121,5.985152,0.296388,0.334178
74.233333,30.185327,15.198738,-0.971141,0.587824,0.031282,-0.077936,21.830505,-0.611770,4.930239,5.985014,0.296507,0.334173
74.266667,30.197226,15.183132,-0.973735,0.588005,0.031201,-0.077699,21.836406,-0.609890,4.933334,5.984869,0.296625,0.334169
74.300000,30.209086,15.167489,-0.976321,0.588186,0.031120,-0.077463,21.842248,-0.608019,4.936407,5.984717,0.296742,0.334163
74.333333,30.220907,15.151809,-0.978899,0.588367,0.031039,-0.077228,21.848029,-0.606158,4.939457,5.984558,0.296858,0.334158
74.366667,30.232688,15.136092,-0.981469,0.588546,0.030958,-0.076994,21.853748,-0.604306,4.942483,5.984391,0.296973,0.334153
74.400000,30.244430,15.120339,-0.984032,0.588725,0.030877,-0.076760,21.859403,-0.602464,4.945485,5.984216,0.297087,0.334147
74.433333,30.256133,15.104549,-0.986587,0.588902,0.030796,-0.076527,21.864993,-0.600631,4.948463,5.984034,0.297201,0.334141
74.466667,30.267796,15.088722,-0.989134,0.589079,0.030716,-0.076294,21.870516,-0.598808,4.951415,5.983843,0.297313,0.334134
74.500000,30.279420,15.072860,-0.991673,0.589254,0.030635,-0.076063,21.875970,-0.596995,4.954342,5.983643,0.297424,0.334127
74.533333,30.291005,15.056962,-0.994204,0.589429,0.030554,-0.075832,21.881353,-0.595191,4.957243,5.983434,0.297534,0.334120
74.566667,30.302550,15.041028,-0.996728,0.589602,0.030473,-0.075602,21.886665,-0.593398,4.960117,5.983216,0.297643,0.334113
74.600000,30.314057,15.025059,-0.999244,0.589774,0.030393,-0.075372,21.891904,-0.591614,4.962964,5.982988,0.297751,0.334105
74.633333,30.325523,15.009055,-1.001753,0.589945,0.030312,-0.075143,21.897068,-0.589841,4.965783,5.982750,0.297858,0.334097
74.666667,30.336951,14.993016,-1.004254,0.590115,0.030232,-0.074916,21.902155,-0.588078,4.968575,5.982502,0.297964,0.334089
74.700000,30.348339,14.976943,-1.006747,0.590283,0.030151,-0.074689,21.907164,-0.586325,4.971338,5.982244,0.298069,0.334080
74.733333,30.359688,14.960835,-1.009233,0.590450,0.030071,-0.074462,21.912094,-0.584583,4.974072,5.981974,0.298173,0.334071
74.766667,30.370997,14.944692,-1.011712,0.590616,0.029991,-0.074237,21.916942,-0.582852,4.976777,5.981694,0.298275,0.334062
74.800000,30.382267,14.928516,-1.014182,0.590780,0.029911,-0.074013,21.921708,-0.581131,4.979452,5.981402,0.298376,0.334052
74.833333,30.393498,14.912306,-1.016646,0.590943,0.029831,-0.073789,21.926391,-0.579421,4.982097,5.981098,0.298476,0.334042
74.866667,30.404689,14.896062,-1.019102,0.591104,0.029751,-0.073567,21.930987,-0.577721,4.984711,5.980782,0.298575,0.334031
74.900000,30.415842,14.879785,-1.021550,0.591263,0.029671,-0.073345,21.935497,-0.576033,4.987294,5.980454,0.298673,0.334020
74.933333,30.426954,14.863475,-1.023991,0.591421,0.029591,-0.073124,21.939918,-0.574355,4.989846,5.980113,0.298770,0.334009
74.966667,30.438028,14.847132,-1.026425,0.591577,0.029512,-0.072904,21.944250,-0.572689,4.992365,5.979760,0.298865,0.333997
75.000000,30.449062,14.830756,-1.028852,0.591732,0.029433,-0.072685,21.948490,-0.571034,4.994852,5.979393,0.298959,0.333985
75.033333,30.460057,14.814348,-1.031271,0.591885,0.029353,-0.072468,21.952637,-0.569390,4.997306,5.979012,0.299051,0.333972
75.066667,30.471012,14.797907,-1.033683,0.592035,0.029274,-0.072251,21.956690,-0.567757,4.999727,5.978618,0.299143,0.333959
75.100000,30.481928,14.781435,-1.036088,0.592184,0.029195,-0.072035,21.960648,-0.566136,5.002114,5.978210,0.299233,0.333945
75.133333,30.492805,14.764931,-1.038485,0.592332,0.029117,-0.071820,21.964509,-0.564526,5.004467,5.977788,0.299322,0.333931
75.166667,30.503642,14.748395,-1.040876,0.592477,0.029038,-0.071606,21.968272,-0.562928,5.006785,5.977351,0.299409,0.333916
75.200000,30.514440,14.731828,-1.043259,0.592620,0.028959,-0.071394,21.971935,-0.561341,5.009069,5.976899,0.299495,0.333901
75.233333,30.525199,14.715230,-1.045635,0.592761,0.028881,-0.071182,21.975497,-0.559767,5.011317,5.976432,0.299580,0.333885
75.266667,30.535918,14.698602,-1.048004,0.592901,0.028803,-0.070971,21.978956,-0.558203,5.013529,5.975949,0.299664,0.333869
75.300000,30.546598,14.681942,-1.050367,0.593038,0.028725,-0.070762,21.982312,-0.556652,5.015705,5.975451,0.299746,0.333852
75.333333,30.557239,14.665252,-1.052722,0.593173,0.028648,-0.070554,21.985563,-0.555113,5.017845,5.974937,0.299826,0.333835
75.366667,30.567840,14.648532,-1.055070,0.593305,0.028570,-0.070346,21.988708,-0.553586,5.019948,5.974406,0.299905,0.333817
75.400000,30.578403,14.631783,-1.057412,0.593436,0.028493,-0.070140,21.991745,-0.552070,5.022013,5.973859,0.299983,0.333799
75.433333,30.588925,14.615003,-1.059746,0.593564,0.028416,-0.069935,21.994674,-0.550567,5.024041,5.973295,0.300059,0.333780
75.466667,30.599409,14.598194,-1.062074,0.593690,0.028339,-0.069731,21.997492,-0.549077,5.026031,5.972715,0.300134,0.333760
75.500000,30.609853,14.581356,-1.064395,0.593814,0.028262,-0.069529,22.000198,-0.547598,5.027982,5.972117,0.300208,0.333740
75.533333,30.620258,14.564489,-1.066709,0.593935,0.028186,-0.069327,22.002793,-0.546132,5.029895,5.971501,0.300280,0.333719
75.566667,30.630623,14.547593,-1.069017,0.594054,0.028109,-0.069127,22.005273,-0.544678,5.031768,5.970868,0.300350,0.333698
75.600000,30.640949,14.530669,-1.071318,0.594170,0.028033,-0.068928,22.007638,-0.543236,5.033602,5.970217,0.300419,0.333676
75.633333,30.651236,14.513716,-1.073612,0.594284,0.027958,-0.068730,22.009887,-0.541807,5.035396,5.969547,0.300486,0.333654
75.666667,30.661484,14.496736,-1.075900,0.594395,0.027882,-0.068534,22.012018,-0.540391,5.037150,5.968859,0.300552,0.333630
75.700000,30.671692,14.479727,-1.078181,0.594504,0.027807,-0.068338,22.014031,-0.538987,5.038863,5.968152,0.300617,0.333607
75.733333,30.681861,14.462691,-1.080456,0.594610,0.027732,-0.068144,22.015924,-0.537597,5.040536,5.967426,0.300680,0.333582
75.766667,30.691991,14.445628,-1.082724,0.594713,0.027657,-0.067951,22.017696,-0.536218,5.042167,5.966681,0.300741,0.333557
75.800000,30.702082,14.428538,-1.084986,0.594814,0.027582,-0.067760,22.019346,-0.534853,5.043756,5.965917,0.300800,0.333531
75.833333,30.712133,14.411421,-1.087241,0.594912,0.027508,-0.067569,22.020873,-0.533501,5.045304,5.965133,0.300859,0.333505
75.866667,30.722145,14.394277,-1.089490,0.595007,0.027434,-0.067380,22.022275,-0.532161,5.046809,5.964328,0.300915,0.333478
75.900000,30.732117,14.377107,-1.091733,0.595100,0.027360,-0.067192,22.023552,-0.530835,5.048272,5.963504,0.300970,0.333450
75.933333,30.742051,14.359911,-1.093970,0.595189,0.027287,-0.067006,22.024702,-0.529521,5.049692,5.962659,0.301023,0.333422
75.966667,30.751945,14.342689,-1.096200,0.595276,0.027214,-0.066821,22.025724,-0.528221,5.051068,5.961794,0.301075,0.333393
76.000000,30.761800,14.325441,-1.098424,0.595360,0.027141,-0.066637,22.026618,-0.526934,5.052401,5.960908,0.301125,0.333363
76.033333,30.771615,14.308168,-1.100643,0.595441,0.027068,-0.066455,22.027382,-0.525660,5.053690,5.960001,0.301173,0.333332
76.066667,30.781392,14.290869,-1.102855,0.595519,0.026996,-0.066274,22.028015,-0.524400,5.054935,5.959072,0.301220,0.333301
76.100000,30.791129,14.273546,-1.105061,0.595594,0.026924,-0.066094,22.028516,-0.523152,5.056136,5.958122,0.301265,0.333269
76.133333,30.800827,14.256198,-1.107261,0.595665,0.026852,-0.065916,22.028885,-0.521919,5.057291,5.957151,0.301308,0.333236
76.166667,30.810485,14.238826,-1.109455,0.595734,0.026781,-0.065739,22.029119,-0.520698,5.058402,5.956158,0.301350,0.333203
76.200000,30.820105,14.221430,-1.111644,0.595800,0.026710,-0.065563,22.029219,-0.519491,5.059467,5.955142,0.301390,0.333168
76.233333,30.829685,14.204009,-1.113826,0.595862,0.026639,-0.065389,22.029183,-0.518298,5.060487,5.954104,0.301428,0.333134
76.266667,30.839226,14.186565,-1.116003,0.595922,0.026569,-0.065216,22.029010,-0.517118,5.061461,5.953044,0.301464,0.333098
76.300000,30.848728,14.169098,-1.118174,0.595978,0.026498,-0.065045,22.028699,-0.515952,5.062388,5.951961,0.301499,0.333061
76.333333,30.858191,14.151607,-1.120339,0.596031,0.026429,-0.064875,22.028250,-0.514800,5.063269,5.950856,0.301532,0.333024
76.366667,30.867614,14.134093,-1.122499,0.596081,0.026359,-0.064706,22.027661,-0.513662,5.064104,5.949727,0.301563,0.332986
76.400000,30.876998,14.116557,-1.124653,0.596127,0.026290,-0.064539,22.026932,-0.512537,5.064891,5.948575,0.301593,0.332947
76.433333,30.886343,14.098998,-1.126801,0.596170,0.026221,-0.064373,22.026061,-0.511426,5.065631,5.947400,0.301620,0.332907
76.466667,30.895649,14.081416,-1.128944,0.596210,0.026153,-0.064209,22.025048,-0.510329,5.066323,5.946201,0.301646,0.332867
76.500000,30.904916,14.063813,-1.131082,0.596246,0.026085,-0.064046,22.023892,-0.509246,5.066967,5.944978,0.301670,0.332826
76.533333,30.914143,14.046188,-1.133214,0.596279,0.026017,-0.063885,22.022591,-0.508178,5.067564,5.943732,0.301693,0.332784
76.566667,30.923332,14.028542,-1.135341,0.596308,0.025949,-0.063725,22.021146,-0.507123,5.068112,5.942461,0.301713,0.332741
76.600000,30.932481,14.010874,-1.137463,0.596334,0.025882,-0.063567,22.019555,-0.506082,5.068611,5.941167,0.301732,0.332697
76.633333,30.941591,13.993185,-1.139579,0.596356,0.025815,-0.063410,22.017818,-0.505056,5.069062,5.939847,0.301749,0.332653
76.666667,30.950662,13.975476,-1.141690,0.596375,0.025749,-0.063255,22.015934,-0.504044,5.069463,5.938504,0.301764,0.332607
76.700000,30.959694,13.957746,-1.143796,0.596391,0.025683,-0.063101,22.013901,-0.503046,5.069815,5.937135,0.301777,0.332561
76.733333,30.968687,13.939996,-1.145897,0.596402,0.025617,-0.062949,22.011719,-0.502062,5.070118,5.935742,0.301788,0.332514
76.766667,30.977640,13.922225,-1.147992,0.596410,0.025552,-0.062798,22.009388,-0.501093,5.070370,5.934324,0.301798,0.332466
76.800000,30.986555,13.904435,-1.150083,0.596415,0.025487,-0.062649,22.006907,-0.500138,5.070573,5.932880,0.301805,0.332417
76.833333,30.995430,13.886626,-1.152169,0.596416,0.025423,-0.062501,22.004274,-0.499198,5.070726,5.931411,0.301811,0.332368
76.866667,31.004266,13.868797,-1.154250,0.596413,0.025359,-0.062355,22.001490,-0.498272,5.070828,5.929917,0.301815,0.332317
76.900000,31.013063,13.850949,-1.156326,0.596406,0.025295,-0.062210,21.998553,-0.497361,5.070879,5.928398,0.301817,0.332266
76.933333,31.021821,13.833082,-1.158397,0.596396,0.025232,-0.062067,21.995463,-0.496464,5.070879,5.926852,0.301817,0.332214
76.966667,31.030541,13.815197,-1.160464,0.596382,0.025169,-0.061926,21.992219,-0.495583,5.070828,5.925281,0.301815,0.332161
77.000000,31.039220,13.797293,-1.162526,0.596364,0.025106,-0.061786,21.988820,-0.494715,5.070726,5.923684,0.301811,0.332107
77.033333,31.047861,13.779371,-1.164583,0.596342,0.025044,-0.061648,21.985267,-0.493863,5.070573,5.922061,0.301805,0.332052
77.066667,31.056463,13.761432,-1.166635,0.596316,0.024982,-0.061511,21.981557,-0.493026,5.070367,5.920411,0.301798,0.331996
77.100000,31.065026,13.743475,-1.168684,0.596287,0.024921,-0.061376,21.977691,-0.492203,5.070110,5.918736,0.301788,0.331939
77.133333,31.073550,13.725501,-1.170727,0.596253,0.024860,-0.061242,21.973668,-0.491395,5.069800,5.917034,0.301776,0.331882
77.166667,31.082034,13.707509,-1.172766,0.596216,0.024799,-0.061110,21.969487,-0.490603,5.069438,5.915305,0.301763,0.331823
77.200000,31.090480,13.689501,-1.174801,0.596175,0.024739,-0.060980,21.965148,-0.489825,5.069024,5.913550,0.301747,0.331764
77.233333,31.098887,13.671476,-1.176832,0.596130,0.024680,-0.060851,21.960650,-0.489063,5.068557,5.911768,0.301730,0.331704
77.266667,31.107254,13.653435,-1.178858,0.596080,0.024620,-0.060724,21.955993,-0.488315,5.068037,5.909960,0.301710,0.331642
77.300000,31.115583,13.635378,-1.180880,0.596027,0.024562,-0.060599,21.951176,-0.487583,5.067464,5.908124,0.301689,0.331580
77.333333,31.123873,13.617305,-1.182898,0.595970,0.024503,-0.060475,21.946198,-0.486866,5.066837,5.906262,0.301666,0.331517
77.366667,31.132123,13.599216,-1.184912,0.595909,0.024445,-0.060353,21.941060,-0.486165,5.066158,5.904372,0.301640,0.331453
77.400000,31.140335,13.581112,-1.186921,0.595844,0.024388,-0.060233,21.935760,-0.485478,5.065424,5.902456,0.301613,0.331388
77.433333,31.148508,13.562993,-1.188927,0.595774,0.024330,-0.060114,21.930298,-0.484807,5.064637,5.900512,0.301583,0.331322
77.466667,31.156642,13.544860,-1.190929,0.595701,0.024274,-0.059997,21.924674,-0.484152,5.063796,5.898541,0.301552,0.331255
77.500000,31.164736,13.526711,-1.192927,0.595623,0.024218,-0.059881,21.918887,-0.483512,5.062901,5.896542,0.301518,0.331188
77.533333,31.172792,13.508548,-1.194921,0.595541,0.024162,-0.059767,21.912936,-0.482888,5.061952,5.894516,0.301483,0.331119
77.566667,31.180809,13.490372,-1.196911,0.595455,0.024106,-0.059655,21.906822,-0.482279,5.060948,5.892463,0.301445,0.331049
77.600000,31.188787,13.472181,-1.198898,0.595365,0.024051,-0.059545,21.900544,-0.481686,5.059890,5.890382,0.301405,0.330979
77.633333,31.196726,13.453977,-1.200881,0.595271,0.023997,-0.059436,21.894101,-0.481108,5.058777,5.888274,0.301364,0.330907
77.666667,31.204626,13.435759,-1.202861,0.595172,0.023943,-0.059329,21.887494,-0.480547,5.057609,5.886138,0.301320,0.330835
77.700000,31.212487,13.417528,-1.204836,0.595070,0.023890,-0.059224,21.880721,-0.480001,5.056386,5.883974,0.301274,0.330761
77.733333,31.220309,13.399285,-1.206809,0.594963,0.023836,-0.059121,21.873782,-0.479471,5.055108,5.881783,0.301226,0.330687
77.766667,31.228093,13.381029,-1.208778,0.594851,0.023784,-0.059019,21.866677,-0.478957,5.053775,5.879563,0.301176,0.330611
77.800000,31.235837,13.362760,-1.210743,0.594736,0.023732,-0.058919,21.859406,-0.478459,5.052387,5.877316,0.301124,0.330535
77.833333,31.243543,13.344479,-1.212706,0.594616,0.023680,-0.058820,21.851969,-0.477977,5.050943,5.875041,0.301070,0.330458
77.866667,31.251209,13.326187,-1.214665,0.594492,0.023629,-0.058724,21.844364,-0.477511,5.049443,5.872739,0.301014,0.330379
77.900000,31.258837,13.307883,-1.216621,0.594363,0.023578,-0.058629,21.836593,-0.477062,5.047888,5.870408,0.300956,0.330300
77.933333,31.266426,13.289567,-1.218573,0.594231,0.023528,-0.058536,21.828653,-0.476628,5.046277,5.868050,0.300895,0.330220
77.966667,31.273976,13.271241,-1.220523,0.594093,0.023478,-0.058445,21.820547,-0.476211,5.044610,5.865663,0.300833,0.330139
78.000000,31.281487,13.252903,-1.222470,0.593952,0.023429,-0.058355,21.812272,-0.475810,5.042887,5.863249,0.300768,0.330057
78.033333,31.288960,13.234555,-1.224413,0.593806,0.023380,-0.058268,21.803828,-0.475426,5.041107,5.860807,0.300701,0.329974
78.066667,31.296393,13.216197,-1.226354,0.593656,0.023332,-0.058182,21.795217,-0.475058,5.039272,5.858337,0.300632,0.329889
78.100000,31.303788,13.197828,-1.228292,0.593501,0.023284,-0.058098,21.786437,-0.474706,5.037380,5.855838,0.300561,0.329804
78.133333,31.311144,13.179449,-1.230227,0.593342,0.023237,-0.058015,21.777488,-0.474371,5.035431,5.853312,0.300488,0.329718
78.166667,31.318461,13.161061,-1.232160,0.593178,0.023190,-0.057935,21.768369,-0.474053,5.033426,5.850759,0.300412,0.329631
78.200000,31.325739,13.142664,-1.234090,0.593010,0.023144,-0.057856,21.759082,-0.473751,5.031364,5.848177,0.300335,0.329543
78.233333,31.332978,13.124257,-1.236017,0.592838,0.023098,-0.057779,21.749626,-0.473466,5.029246,5.845567,0.300255,0.329454
78.266667,31.340179,13.105841,-1.237942,0.592661,0.023053,-0.057704,21.740000,-0.473198,5.027071,5.842929,0.300173,0.329364
78.300000,31.347340,13.087417,-1.239864,0.592480,0.023008,-0.057631,21.730204,-0.472947,5.024838,5.840264,0.300089,0.329273
78.333333,31.354463,13.068984,-1.241784,0.592294,0.022963,-0.057559,21.720239,-0.472713,5.022549,5.837571,0.300003,0.329182
78.366667,31.361548,13.050543,-1.243701,0.592104,0.022920,-0.057490,21.710104,-0.472495,5.020203,5.834850,0.299915,0.329089
78.400000,31.368593,13.032095,-1.245616,0.591909,0.022876,-0.057422,21.699800,-0.472295,5.017799,5.832101,0.299824,0.328995
78.433333,31.375600,13.013638,-1.247529,0.591710,0.022834,-0.057356,21.689325,-0.472112,5.015338,5.829324,0.299732,0.328900
78.466667,31.382567,12.995174,-1.249440,0.591506,0.022791,-0.057292,21.678681,-0.471946,5.012820,5.826520,0.299637,0.328804
78.500000,31.389496,12.976703,-1.251349,0.591297,0.022750,-0.057230,21.667866,-0.471797,5.010245,5.823688,0.299540,0.328707
78.533333,31.396387,12.958225,-1.253255,0.591084,0.022709,-0.057170,21.656882,-0.471666,5.007612,5.820829,0.299440,0.328610
78.566667,31.403238,12.939740,-1.255160,0.590867,0.022668,-0.057112,21.645728,-0.471552,5.004922,5.817942,0.299339,0.328511
78.600000,31.410051,12.921249,-1.257063,0.590645,0.022628,-0.057055,21.634404,-0.471455,5.002174,5.815028,0.299235,0.328411
78.633333,31.416825,12.902752,-1.258964,0.590419,0.022588,-0.057001,21.622910,-0.471376,4.999369,5.812086,0.299129,0.328311
78.666667,31.423561,12.884248,-1.260863,0.590187,0.022549,-0.056948,21.611246,-0.471315,4.996506,5.809117,0.299021,0.328209
78.700000,31.430257,12.865739,-1.262760,0.589952,0.022511,-0.056898,21.599412,-0.471271,4.993585,5.806121,0.298911,0.328106
78.733333,31.436915,12.847224,-1.264656,0.589712,0.022473,-0.056849,21.587408,-0.471245,4.990607,5.803098,0.298798,0.328003
78.766667,31.443534,12.828705,-1.266550,0.589467,0.022435,-0.056802,21.575235,-0.471236,4.987571,5.800047,0.298683,0.327898
78.800000,31.450115,12.810180,-1.268443,0.589218,0.022398,-0.056757,21.562893,-0.471246,4.984477,5.796970,0.298566,0.327793
78.833333,31.456656,12.791650,-1.270334,0.588964,0.022362,-0.056714,21.550381,-0.471273,4.981325,5.793865,0.298447,0.327686
78.866667,31.463159,12.773116,-1.272224,0.588705,0.022326,-0.056673,21.537699,-0.471319,4.978116,5.790734,0.298326,0.327579
78.900000,31.469624,12.754577,-1.274112,0.588442,0.022291,-0.056634,21.524849,-0.471382,4.974848,5.787576,0.298202,0.327471
78.933333,31.476049,12.736035,-1.276000,0.588174,0.022256,-0.056597,21.511829,-0.471464,4.971523,5.784392,0.298076,0.327361
78.966667,31.482436,12.717488,-1.277885,0.587902,0.022222,-0.056562,21.498641,-0.471564,4.968140,5.781181,0.297948,0.327251
79.000000,31.488784,12.698938,-1.279770,0.587625,0.022188,-0.056529,21.485284,-0.471682,4.964699,5.777943,0.297817,0.327140
79.033333,31.495094,12.680385,-1.281654,0.587344,0.022155,-0.056498,21.471759,-0.471818,4.961200,5.774680,0.297684,0.327028
79.066667,31.501365,12.661829,-1.283537,0.587058,0.022123,-0.056469,21.458066,-0.471973,4.957643,5.771390,0.297549,0.326915
79.100000,31.507597,12.643270,-1.285419,0.586767,0.022091,-0.056442,21.444204,-0.472146,4.954028,5.768074,0.297412,0.326801
79.133333,31.513790,12.624708,-1.287300,0.586472,0.022059,-0.056417,21.430175,-0.472338,4.950356,5.764732,0.297273,0.326686
79.166667,31.519945,12.606144,-1.289180,0.586172,0.022029,-0.056394,21.415979,-0.472549,4.946625,5.761364,0.297131,0.326570
79.200000,31.526061,12.587577,-1.291059,0.585868,0.021998,-0.056373,21.401615,-0.472778,4.942836,5.757971,0.296987,0.326453
79.233333,31.532139,12.569009,-1.292938,0.585559,0.021969,-0.056354,21.387084,-0.473026,4.938990,5.754552,0.296840,0.326335
79.266667,31.538177,12.550439,-1.294816,0.585245,0.021940,-0.056337,21.372387,-0.473293,4.935086,5.751108,0.296692,0.326217
79.300000,31.544177,12.531868,-1.296694,0.584927,0.021911,-0.056322,21.357524,-0.473579,4.931123,5.747639,0.296541,0.326097
79.333333,31.550139,12.513295,-1.298571,0.584604,0.021883,-0.056309,21.342495,-0.473884,4.927103,5.744144,0.296387,0.325977
79.366667,31.556062,12.494722,-1.300448,0.584277,0.021856,-0.056298,21.327300,-0.474208,4.923025,5.740625,0.296232,0.325855
79.400000,31.561946,12.476147,-1.302324,0.583945,0.021829,-0.056290,21.311940,-0.474551,4.918889,5.737081,0.296074,0.325733
79.433333,31.567791,12.457573,-1.304200,0.583608,0.021803,-0.056283,21.296415,-0.474913,4.914696,5.733512,0.295914,0.325610
79.466667,31.573598,12.438998,-1.306076,0.583267,0.021777,-0.056278,21.280726,-0.475295,4.910444,5.729919,0.295751,0.325486
79.500000,31.579366,12.420423,-1.307952,0.582921,0.021752,-0.056276,21.264873,-0.475696,4.906135,5.726301,0.295587,0.325361
79.533333,31.585096,12.401848,-1.309828,0.582571,0.021728,-0.056276,21.248856,-0.476117,4.901768,5.722660,0.295420,0.325235
79.566667,31.590787,12.383273,-1.311704,0.582216,0.021704,-0.056278,21.232676,-0.476557,4.897344,5.718994,0.295250,0.325108
79.600000,31.596439,12.364700,-1.313580,0.581857,0.021681,-0.056281,21.216334,-0.477017,4.892862,5.715305,0.295079,0.324981
79.633333,31.602052,12.346127,-1.315456,0.581493,0.021658,-0.056288,21.199829,-0.477497,4.888322,5.711593,0.294905,0.324852
79.666667,31.607627,12.327555,-1.317332,0.581124,0.021636,-0.056296,21.183163,-0.477997,4.883725,5.707857,0.294728,0.324723
79.700000,31.613163,12.308985,-1.319209,0.580751,0.021615,-0.056306,21.166336,-0.478516,4.879070,5.704098,0.294550,0.324593
79.733333,31.618661,12.290416,-1.321086,0.580374,0.021594,-0.056319,21.149348,-0.479055,4.874358,5.700316,0.294369,0.324462
79.766667,31.624120,12.271849,-1.322964,0.579991,0.021574,-0.056333,21.132199,-0.479615,4.869589,5.696511,0.294186,0.324330
79.800000,31.629540,12.253284,-1.324842,0.579605,0.021554,-0.056350,21.114892,-0.480194,4.864762,5.692684,0.294000,0.324197
79.833333,31.634922,12.234722,-1.326720,0.579214,0.021535,-0.056369,21.097425,-0.480794,4.859878,5.688834,0.293812,0.324064
79.866667,31.640265,12.216162,-1.328600,0.578818,0.021517,-0.056391,21.079800,-0.481414,4.854938,5.684962,0.293622,0.323929
79.900000,31.645569,12.197604,-1.330480,0.578418,0.021499,-0.056414,21.062017,-0.482055,4.849940,5.681069,0.293430,0.323794
79.933333,31.650835,12.179050,-1.332361,0.578013,0.021482,-0.056440,21.044076,-0.482716,4.844885,5.677154,0.293235,0.323658
79.966667,31.656062,12.160498,-1.334242,0.577604,0.021465,-0.056468,21.025980,-0.483398,4.839773,5.673217,0.293038,0.323521
80.000000,31.661250,12.141951,-1.336125,0.577190,0.021449,-0.056498,21.007727,-0.484100,4.834604,5.669259,0.292838,0.323384
80.033333,31.666400,12.123406,-1.338009,0.576772,0.021434,-0.056530,20.989319,-0.484823,4.829379,5.665280,0.292636,0.323245
80.066667,31.671511,12.104866,-1.339894,0.576350,0.021419,-0.056565,20.970756,-0.485567,4.824097,5.661281,0.292432,0.323106
80.100000,31.676584,12.086330,-1.341780,0.575923,0.021405,-0.056602,20.952040,-0.486332,4.818759,5.657261,0.292226,0.322966
80.133333,31.681617,12.067798,-1.343667,0.575492,0.021392,-0.056641,20.933170,-0.487117,4.813364,5.653221,0.292017,0.322826
80.166667,31.686612,12.049270,-1.345556,0.575056,0.021379,-0.056682,20.914148,-0.487924,4.807913,5.649161,0.291805,0.322684
80.200000,31.691569,12.030747,-1.347446,0.574616,0.021367,-0.056726,20.894974,-0.488752,4.802405,5.645082,0.291592,0.322542
80.233333,31.696487,12.012230,-1.349338,0.574171,0.021355,-0.056772,20.875649,-0.489601,4.796842,5.640982,0.291376,0.322399
80.266667,31.701366,11.993717,-1.351231,0.573722,0.021345,-0.056820,20.856174,-0.490472,4.791223,5.636864,0.291158,0.322255
80.300000,31.706206,11.975210,-1.353126,0.573269,0.021334,-0.056871,20.836549,-0.491364,4.785547,5.632727,0.290937,0.322111
80.333333,31.711008,11.956708,-1.355022,0.572811,0.021325,-0.056924,20.816776,-0.492278,4.779817,5.628571,0.290714,0.321966
80.366667,31.715771,11.938212,-1.356921,0.572349,0.021316,-0.056979,20.796855,-0.493213,4.774030,5.624397,0.290489,0.321820
80.400000,31.720495,11.919723,-1.358821,0.571883,0.021307,-0.057037,20.776786,-0.494170,4.768188,5.620205,0.290261,0.321673
80.433333,31.725181,11.901239,-1.360723,0.571412,0.021300,-0.057097,20.756572,-0.495149,4.762291,5.615995,0.290032,0.321526
80.466667,31.729828,11.882762,-1.362627,0.570937,0.021293,-0.057159,20.736213,-0.496149,4.756339,5.611768,0.289799,0.321378
80.500000,31.734436,11.864292,-1.364534,0.570458,0.021286,-0.057224,20.715709,-0.497172,4.750331,5.607523,0.289565,0.321229
80.533333,31.739005,11.845828,-1.366442,0.569975,0.021280,-0.057291,20.695062,-0.498216,4.744269,5.603262,0.289328,0.321080
80.566667,31.743536,11.827372,-1.368353,0.569487,0.021275,-0.057360,20.674272,-0.499283,4.738152,5.598984,0.289088,0.320930
80.600000,31.748028,11.808923,-1.370266,0.568995,0.021271,-0.057432,20.653340,-0.500371,4.731980,5.594690,0.288847,0.320780
80.633333,31.752482,11.790482,-1.372182,0.568499,0.021267,-0.057506,20.632268,-0.501483,4.725754,5.590380,0.288603,0.320628
80.666667,31.756896,11.772048,-1.374100,0.567999,0.021264,-0.057583,20.611056,-0.502616,4.719474,5.586054,0.288356,0.320477
80.700000,31.761272,11.753622,-1.376021,0.567494,0.021261,-0.057662,20.589705,-0.503772,4.713140,5.581713,0.288107,0.320324
80.733333,31.765609,11.735205,-1.377944,0.566986,0.021259,-0.057744,20.568216,-0.504951,4.706752,5.577356,0.287856,0.320171
80.766667,31.769908,11.716796,-1.379870,0.566473,0.021258,-0.057827,20.546591,-0.506152,4.700310,5.572986,0.287603,0.320017
80.800000,31.774167,11.698395,-1.381799,0.565956,0.021258,-0.057914,20.524830,-0.507376,4.693815,5.568600,0.287347,0.319863
80.833333,31.778388,11.680004,-1.383731,0.565435,0.021258,-0.058003,20.502935,-0.508622,4.687266,5.564201,0.287089,0.319708
80.866667,31.782570,11.661621,-1.385666,0.564911,0.021259,-0.058094,20.480905,-0.509892,4.680664,5.559788,0.286829,0.319553
80.900000,31.786714,11.643247,-1.387604,0.564382,0.021260,-0.058188,20.458744,-0.511184,4.674010,5.555362,0.286566,0.319397
80.933333,31.790818,11.624883,-1.389545,0.563848,0.021262,-0.058284,20.436450,-0.512500,4.667302,5.550923,0.286301,0.319241
80.966667,31.794884,11.606529,-1.391490,0.563311,0.021265,-0.058383,20.414027,-0.513839,4.660542,5.546471,0.286033,0.319084
81.000000,31.798911,11.588184,-1.393438,0.562770,0.021269,-0.058485,20.391474,-0.515201,4.653730,5.542007,0.285764,0.318926
81.033333,31.802899,11.569849,-1.395389,0.562225,0.021273,-0.058589,20.368793,-0.516586,4.646866,5.537531,0.285492,0.318768
81.066667,31.806848,11.551525,-1.397343,0.561677,0.021277,-0.058695,20.345986,-0.517994,4.639950,5.533043,0.285217,0.318610
81.100000,31.810759,11.533211,-1.399302,0.561124,0.021283,-0.058804,20.323052,-0.519426,4.632982,5.528544,0.284940,0.318451
81.133333,31.814630,11.514908,-1.401264,0.560567,0.021289,-0.058916,20.299995,-0.520882,4.625963,5.524035,0.284661,0.318291
81.166667,31.818463,11.496615,-1.403229,0.560007,0.021296,-0.059030,20.276814,-0.522361,4.618892,5.519514,0.284380,0.318132
81.200000,31.822257,11.478334,-1.405199,0.559442,0.021303,-0.059146,20.253510,-0.523863,4.611771,5.514984,0.284096,0.317971
81.233333,31.826012,11.460064,-1.407173,0.558874,0.021312,-0.059266,20.230086,-0.525390,4.604599,5.510444,0.283810,0.317810
81.266667,31.829728,11.441805,-1.409150,0.558302,0.021321,-0.059387,20.206543,-0.526940,4.597377,5.505895,0.283522,0.317649
81.300000,31.833405,11.423557,-1.411132,0.557726,0.021330,-0.059512,20.182881,-0.528514,4.590104,5.501336,0.283231,0.317488
81.333333,31.837043,11.405322,-1.413118,0.557147,0.021340,-0.059639,20.159103,-0.530113,4.582782,5.496769,0.282938,0.317326
81.366667,31.840642,11.387099,-1.415108,0.556564,0.021351,-0.059769,20.135209,-0.531735,4.575410,5.492194,0.282643,0.317163
81.400000,31.844203,11.368887,-1.417102,0.555977,0.021363,-0.059901,20.111200,-0.533381,4.567989,5.487611,0.282345,0.317001
81.433333,31.847724,11.350688,-1.419101,0.555386,0.021375,-0.060036,20.087079,-0.535051,4.560519,5.483021,0.282045,0.316838
81.466667,31.851206,11.332502,-1.421104,0.554792,0.021388,-0.060173,20.062846,-0.536746,4.552999,5.478423,0.281743,0.316674
81.500000,31.854650,11.314329,-1.423113,0.554194,0.021402,-0.060314,20.038503,-0.538465,4.545432,5.473819,0.281438,0.316510
81.533333,31.858054,11.296168,-1.425125,0.553593,0.021416,-0.060457,20.014051,-0.540208,4.537816,5.469209,0.281132,0.316346
81.566667,31.861420,11.278021,-1.427143,0.552988,0.021431,-0.060602,19.989492,-0.541976,4.530153,5.464593,0.280823,0.316182
81.600000,31.864746,11.259886,-1.429166,0.552380,0.021447,-0.060750,19.964826,-0.543768,4.522441,5.459972,0.280511,0.316017
81.633333,31.868033,11.241766,-1.431193,0.551768,0.021463,-0.060901,19.940057,-0.545584,4.514683,5.455345,0.280198,0.315853
81.666667,31.871281,11.223659,-1.433226,0.551153,0.021481,-0.061055,19.915185,-0.547425,4.506878,5.450714,0.279882,0.315687
81.700000,31.874491,11.205566,-1.435263,0.550535,0.021498,-0.061211,19.890211,-0.549291,4.499026,5.446079,0.279564,0.315522
81.733333,31.877661,11.187487,-1.437306,0.549913,0.021517,-0.061370,19.865137,-0.551181,4.491128,5.441441,0.279243,0.315356
81.766667,31.880792,11.169422,-1.439355,0.549287,0.021536,-0.061532,19.839965,-0.553096,4.483184,5.436799,0.278920,0.315191
81.800000,31.883883,11.151372,-1.441409,0.548659,0.021556,-0.061697,19.814696,-0.555036,4.475195,5.432154,0.278596,0.315025
81.833333,31.886936,11.133336,-1.443468,0.548027,0.021577,-0.061864,19.789332,-0.557001,4.467160,5.427506,0.278268,0.314858
81.866667,31.889950,11.115315,-1.445533,0.547392,0.021598,-0.062034,19.763875,-0.558990,4.459081,5.422857,0.277939,0.314692
81.900000,31.892924,11.097309,-1.447603,0.546753,0.021620,-0.062207,19.738325,-0.561004,4.450957,5.418206,0.277608,0.314526
81.933333,31.895859,11.079319,-1.449680,0.546112,0.021643,-0.062382,19.712685,-0.563044,4.442789,5.413554,0.277274,0.314359
81.966667,31.898755,11.061343,-1.451762,0.545467,0.021666,-0.062561,19.686956,-0.565108,4.434577,5.408901,0.276938,0.314192
82.000000,31.901612,11.043383,-1.453851,0.544819,0.021690,-0.062742,19.661140,-0.567197,4.426322,5.404248,0.276599,0.314025
82.033333,31.904429,11.025439,-1.455945,0.544168,0.021715,-0.062926,19.635239,-0.569311,4.418025,5.399595,0.276259,0.313858
82.066667,31.907207,11.007510,-1.458046,0.543515,0.021740,-0.063113,19.609254,-0.571450,4.409684,5.394942,0.275916,0.313691
82.100000,31.909946,10.989597,-1.460153,0.542858,0.021767,-0.063302,19.583187,-0.573613,4.401302,5.390291,0.275572,0.313524
82.133333,31.912645,10.971701,-1.462266,0.542198,0.021794,-0.063494,19.557040,-0.575802,4.392878,5.385641,0.275225,0.313357
82.166667,31.915306,10.953821,-1.464386,0.541535,0.021821,-0.063689,19.530814,-0.578016,4.384414,5.380993,0.274876,0.313190
82.200000,31.917926,10.935957,-1.466512,0.540870,0.021849,-0.063887,19.504512,-0.580255,4.375908,5.376348,0.274524,0.313023
82.233333,31.920508,10.918111,-1.468645,0.540201,0.021878,-0.064088,19.478135,-0.582519,4.367362,5.371706,0.274171,0.312856
82.266667,31.923050,10.900281,-1.470784,0.539530,0.021908,-0.064292,19.451684,-0.584808,4.358776,5.367066,0.273816,0.312689
82.300000,31.925552,10.882468,-1.472931,0.538856,0.021939,-0.064498,19.425163,-0.587122,4.350151,5.362431,0.273458,0.312522
82.333333,31.928015,10.864672,-1.475084,0.538180,0.021970,-0.064707,19.398573,-0.589461,4.341487,5.357800,0.273098,0.312355
82.366667,31.930439,10.846893,-1.477245,0.537500,0.022001,-0.064919,19.371914,-0.591825,4.332784,5.353173,0.272737,0.312188
82.400000,31.932823,10.829132,-1.479412,0.536819,0.022034,-0.065134,19.345191,-0.594214,4.324044,5.348552,0.272373,0.312021
82.433333,31.935168,10.811389,-1.481587,0.536134,0.022067,-0.065352,19.318404,-0.596628,4.315266,5.343936,0.272007,0.311854
82.466667,31.937473,10.793663,-1.483769,0.535447,0.022101,-0.065573,19.291555,-0.599067,4.306451,5.339326,0.271639,0.311687
82.500000,31.939738,10.775955,-1.485958,0.534757,0.022136,-0.065796,19.264646,-0.601531,4.297600,5.334723,0.271269,0.311521
82.533333,31.941964,10.758266,-1.488155,0.534065,0.022171,-0.066023,19.237680,-0.604019,4.288714,5.330126,0.270897,0.311355
82.566667,31.944150,10.740595,-1.490360,0.533371,0.022207,-0.066252,19.210658,-0.606533,4.279791,5.325538,0.270522,0.311188
82.600000,31.946297,10.722942,-1.492572,0.532674,0.022244,-0.066484,19.183582,-0.609071,4.270835,5.320957,0.270146,0.311023
82.633333,31.948404,10.705308,-1.494792,0.531975,0.022281,-0.066719,19.156455,-0.611634,4.261843,5.316384,0.269768,0.310857
82.666667,31.950471,10.687692,-1.497020,0.531274,0.022319,-0.066957,19.129278,-0.614221,4.252819,5.311820,0.269388,0.310691
82.700000,31.952498,10.670095,-1.499256,0.530570,0.022358,-0.067198,19.102054,-0.616833,4.243761,5.307266,0.269006,0.310526
82.733333,31.954486,10.652518,-1.501500,0.529864,0.022397,-0.067441,19.074784,-0.619469,4.234671,5.302721,0.268622,0.310361
82.766667,31.956434,10.634959,-1.503752,0.529156,0.022438,-0.067688,19.047471,-0.622130,4.225549,5.298187,0.268237,0.310196
82.800000,31.958342,10.617420,-1.506013,0.528446,0.022478,-0.067937,19.020117,-0.624815,4.216396,5.293663,0.267849,0.310032
82.833333,31.960210,10.599900,-1.508281,0.527734,0.022520,-0.068189,18.992723,-0.627524,4.207212,5.289150,0.267459,0.309868
82.866667,31.962038,10.582400,-1.510558,0.527020,0.022562,-0.068445,18.965294,-0.630258,4.197998,5.284649,0.267068,0.309704
82.900000,31.963826,10.564920,-1.512844,0.526304,0.022605,-0.068703,18.937829,-0.633015,4.188755,5.280160,0.266674,0.309540
82.933333,31.965575,10.547460,-1.515139,0.525587,0.022649,-0.068963,18.910332,-0.635796,4.179483,5.275683,0.266279,0.309377
82.966667,31.967283,10.530019,-1.517442,0.524867,0.022693,-0.069227,18.882806,-0.638601,4.170183,5.271220,0.265882,0.309215
83.000000,31.968951,10.512599,-1.519754,0.524145,0.022738,-0.069494,18.855251,-0.641430,4.160856,5.266769,0.265484,0.309052
83.033333,31.970580,10.495199,-1.522075,0.523422,0.022784,-0.069763,18.827671,-0.644282,4.151502,5.262333,0.265083,0.308891
83.066667,31.972168,10.477820,-1.524405,0.522697,0.022830,-0.070036,18.800068,-0.647157,4.142123,5.257911,0.264681,0.308729
83.100000,31.973716,10.460461,-1.526744,0.521971,0.022877,-0.070311,18.772444,-0.650056,4.132718,5.253504,0.264277,0.308568
83.133333,31.975224,10.443123,-1.529092,0.521243,0.022925,-0.070589,18.744801,-0.652978,4.123289,5.249112,0.263871,0.308408
83.166667,31.976692,10.425805,-1.531450,0.520513,0.022973,-0.070870,18.717143,-0.655922,4.113836,5.244736,0.263464,0.308247
83.200000,31.978119,10.408509,-1.533817,0.519782,0.023022,-0.071153,18.689471,-0.658889,4.104360,5.240376,0.263055,0.308088
83.233333,31.979507,10.391234,-1.536193,0.519050,0.023072,-0.071440,18.661787,-0.661879,4.094861,5.236032,0.262644,0.307929
83.266667,31.980854,10.373980,-1.538579,0.518316,0.023122,-0.071729,18.634095,-0.664891,4.085342,5.231706,0.262232,0.307770
83.300000,31.982160,10.356747,-1.540975,0.517581,0.023173,-0.072021,18.606396,-0.667925,4.075802,5.227397,0.261818,0.307613
83.333333,31.983427,10.339536,-1.543381,0.516845,0.023225,-0.072316,18.578694,-0.670981,4.066242,5.223105,0.261403,0.307455
83.366667,31.984653,10.322346,-1.545796,0.516107,0.023277,-0.072614,18.550990,-0.674059,4.056663,5.218833,0.260986,0.307298
83.400000,31.985838,10.305178,-1.548222,0.515368,0.023330,-0.072915,18.523288,-0.677158,4.047065,5.214579,0.260568,0.307142
83.433333,31.986983,10.288032,-1.550657,0.514629,0.023384,-0.073218,18.495589,-0.680278,4.037451,5.210344,0.260148,0.306987
83.466667,31.988088,10.270908,-1.553103,0.513888,0.023438,-0.073524,18.467897,-0.683419,4.027820,5.206128,0.259727,0.306832
83.500000,31.989152,10.253806,-1.555559,0.513146,0.023493,-0.073833,18.440213,-0.686581,4.018174,5.201933,0.259305,0.306678
83.533333,31.990175,10.236726,-1.558025,0.512404,0.023548,-0.074145,18.412542,-0.689763,4.008512,5.197758,0.258881,0.306524
83.566667,31.991158,10.219668,-1.560502,0.511660,0.023605,-0.074459,18.384884,-0.692965,3.998838,5.193604,0.258456,0.306371
83.600000,31.992100,10.202633,-1.562989,0.510916,0.023662,-0.074776,18.357244,-0.696187,3.989150,5.189472,0.258029,0.306219
83.633333,31.993001,10.185621,-1.565487,0.510171,0.023719,-0.075096,18.329623,-0.699428,3.979450,5.185361,0.257601,0.306067
83.666667,31.993861,10.168631,-1.567996,0.509426,0.023777,-0.075418,18.302024,-0.702689,3.969740,5.181272,0.257173,0.305917
83.700000,31.994681,10.151664,-1.570515,0.508680,0.023836,-0.075743,18.274450,-0.705968,3.960020,5.177206,0.256742,0.305767
83.733333,31.995460,10.134719,-1.573045,0.507933,0.023895,-0.076071,18.246905,-0.709266,3.950290,5.173162,0.256311,0.305617
83.766667,31.996198,10.117798,-1.575586,0.507186,0.023955,-0.076401,18.219389,-0.712581,3.940553,5.169142,0.255879,0.305469
83.800000,31.996895,10.100900,-1.578138,0.506439,0.024016,-0.076734,18.191908,-0.715915,3.930809,5.165145,0.255445,0.305321
83.833333,31.997551,10.084025,-1.580702,0.505691,0.024077,-0.077070,18.164462,-0.719266,3.921059,5.161172,0.255011,0.305174
83.866667,31.998166,10.067173,-1.583276,0.504943,0.024139,-0.077408,18.137056,-0.722634,3.911304,5.157224,0.254576,0.305028
83.900000,31.998740,10.050344,-1.585862,0.504195,0.024201,-0.077748,18.109691,-0.726018,3.901545,5.153301,0.254139,0.304883
83.933333,31.999273,10.033539,-1.588460,0.503447,0.024264,-0.078091,18.082372,-0.729419,3.891784,5.149402,0.253702,0.304739
83.966667,31.999765,10.016758,-1.591068,0.502699,0.024327,-0.078437,18.055100,-0.732832,3.882023,5.145527,0.253264,0.304595
84.000000,32.000215,10.000000,-1.593689,0.501950,0.024391,-0.078785,18.027879,-0.736246,3.872275,5.141665,0.252826,0.304452
84.033333,32.000624,9.983266,-1.596321,0.501202,0.024456,-0.079135,18.000712,-0.739648,3.862550,5.137806,0.252388,0.304309
84.066667,32.000992,9.966556,-1.598965,0.500454,0.024521,-0.079488,17.973601,-0.743045,3.852844,5.133957,0.251950,0.304167
84.100000,32.001319,9.949870,-1.601620,0.499706,0.024587,-0.079842,17.946549,-0.746449,3.843146,5.130128,0.251512,0.304024
84.133333,32.001604,9.933207,-1.604287,0.498959,0.024653,-0.080198,17.919559,-0.749862,3.833457,5.126322,0.251073,0.303883
84.166667,32.001847,9.916569,-1.606967,0.498212,0.024720,-0.080557,17.892634,-0.753282,3.823777,5.122540,0.250634,0.303743
84.200000,32.002050,9.899955,-1.609658,0.497465,0.024787,-0.080917,17.865776,-0.756710,3.814108,5.118780,0.250195,0.303603
84.233333,32.002210,9.883366,-1.612361,0.496719,0.024855,-0.081279,17.838988,-0.760145,3.804450,5.115044,0.249755,0.303464
84.266667,32.002329,9.866801,-1.615076,0.495973,0.024924,-0.081643,17.812272,-0.763586,3.794804,5.111332,0.249316,0.303326
84.300000,32.002406,9.850260,-1.617804,0.495228,0.024992,-0.082009,17.785632,-0.767032,3.785173,5.107643,0.248876,0.303189
84.333333,32.002442,9.833744,-1.620544,0.494484,0.025062,-0.082377,17.759070,-0.770484,3.775557,5.103978,0.248436,0.303052
84.366667,32.002436,9.817252,-1.623296,0.493741,0.025131,-0.082746,17.732589,-0.773941,3.765957,5.100338,0.247996,0.302917
84.400000,32.002388,9.800785,-1.626060,0.492998,0.025202,-0.083117,17.706191,-0.777401,3.756374,5.096721,0.247556,0.302782
84.433333,32.002298,9.784343,-1.628837,0.492257,0.025272,-0.083489,17.679880,-0.780865,3.746810,5.093130,0.247116,0.302648
84.466667,32.002166,9.767925,-1.631626,0.491516,0.025343,-0.083863,17.653658,-0.784332,3.737267,5.089563,0.246676,0.302515
84.500000,32.001992,9.751533,-1.634428,0.490777,0.025415,-0.084239,17.627528,-0.787800,3.727744,5.086020,0.246236,0.302383
84.533333,32.001776,9.735165,-1.637242,0.490038,0.025486,-0.084616,17.601493,-0.791271,3.718243,5.082503,0.245796,0.302251
84.566667,32.001519,9.718823,-1.640069,0.489301,0.025559,-0.084994,17.575555,-0.794742,3.708766,5.079011,0.245357,0.302121
84.600000,32.001218,9.702506,-1.642908,0.488566,0.025631,-0.085374,17.549717,-0.798213,3.699314,5.075544,0.244918,0.301991
84.633333,32.000876,9.686214,-1.645760,0.487831,0.025704,-0.085755,17.523982,-0.801684,3.689888,5.072103,0.244480,0.301863
84.666667,32.000492,9.669947,-1.648625,0.487098,0.025778,-0.086137,17.498353,-0.805154,3.680490,5.068687,0.244042,0.301735
84.700000,32.000065,9.653705,-1.651503,0.486367,0.025851,-0.086520,17.472832,-0.808622,3.671120,5.065296,0.243605,0.301608
84.733333,31.999595,9.637489,-1.654393,0.485637,0.025925,-0.086904,17.447423,-0.812088,3.661780,5.061931,0.243168,0.301482
84.766667,31.999084,9.621298,-1.657296,0.484909,0.025999,-0.087290,17.422127,-0.815550,3.652471,5.058593,0.242732,0.301357
84.800000,31.998529,9.605133,-1.660212,0.484183,0.026074,-0.087676,17.396949,-0.819009,3.643195,5.055279,0.242297,0.301233
84.833333,31.997932,9.588993,-1.663141,0.483458,0.026149,-0.088064,17.371890,-0.822463,3.633952,5.051992,0.241862,0.301109
84.866667,31.997293,9.572879,-1.666083,0.482735,0.026224,-0.088452,17.346953,-0.825912,3.624745,5.048731,0.241428,0.300987
84.900000,31.996611,9.556790,-1.669038,0.482015,0.026299,-0.088841,17.322142,-0.829355,3.615574,5.045496,0.240996,0.300866
84.933333,31.995886,9.540727,-1.672006,0.481296,0.026375,-0.089231,17.297458,-0.832791,3.606441,5.042288,0.240564,0.300745
84.966667,31.995118,9.524690,-1.674987,0.480579,0.026451,-0.089621,17.272905,-0.836220,3.597347,5.039105,0.240133,0.300626
85.000000,31.994308,9.508679,-1.677981,0.479865,0.026527,-0.090012,17.248486,-0.839640,3.588294,5.035949,0.239704,0.300507
85.033333,31.993454,9.492694,-1.680988,0.479153,0.026603,-0.090403,17.224203,-0.843052,3.579282,5.032819,0.239275,0.300390
85.066667,31.992558,9.476734,-1.684008,0.478443,0.026680,-0.090795,17.200059,-0.846453,3.570314,5.029716,0.238848,0.300273
85.100000,31.991618,9.460801,-1.687041,0.477736,0.026756,-0.091188,17.176057,-0.849844,3.561390,5.026639,0.238423,0.300157
85.133333,31.990635,9.444893,-1.690087,0.477031,0.026833,-0.091581,17.152200,-0.853224,3.552512,5.023588,0.237998,0.300042
85.166667,31.989609,9.429012,-1.693146,0.476329,0.026910,-0.091974,17.128490,-0.856592,3.543681,5.020564,0.237576,0.299929
85.200000,31.988540,9.413157,-1.696218,0.475629,0.026987,-0.092367,17.104930,-0.859947,3.534899,5.017566,0.237154,0.299816
85.233333,31.987428,9.397327,-1.699304,0.474933,0.027064,-0.092760,17.081524,-0.863288,3.526167,5.014595,0.236735,0.299704
85.266667,31.986272,9.381524,-1.702402,0.474239,0.027142,-0.093153,17.058273,-0.866615,3.517486,5.011650,0.236317,0.299593
85.300000,31.985073,9.365747,-1.705514,0.473547,0.027219,-0.093547,17.035181,-0.869926,3.508859,5.008732,0.235901,0.299483
85.333333,31.983830,9.349997,-1.708639,0.472859,0.027296,-0.093940,17.012250,-0.873222,3.500285,5.005840,0.235487,0.299374
85.366667,31.982544,9.334272,-1.711777,0.472174,0.027374,-0.094333,16.989483,-0.876500,3.491767,5.002974,0.235075,0.299265
85.400000,31.981214,9.318574,-1.714928,0.471492,0.027452,-0.094725,16.966883,-0.879761,3.483306,5.000135,0.234665,0.299158
85.433333,31.979840,9.302903,-1.718092,0.470813,0.027529,-0.095118,16.944453,-0.883003,3.474904,4.997322,0.234257,0.299052
85.466667,31.978423,9.287257,-1.721269,0.470137,0.027607,-0.095510,16.922195,-0.886225,3.466562,4.994536,0.233851,0.298947
85.500000,31.976961,9.271638,-1.724459,0.469465,0.027684,-0.095901,16.900113,-0.889427,3.458281,4.991776,0.233448,0.298842
85.533333,31.975456,9.256046,-1.727662,0.468796,0.027762,-0.096292,16.878209,-0.892608,3.450062,4.989042,0.233047,0.298739
85.566667,31.973907,9.240480,-1.730879,0.468130,0.027840,-0.096682,16.856485,-0.895767,3.441908,4.986334,0.232648,0.298637
85.600000,31.972314,9.224941,-1.734108,0.467469,0.027917,-0.097072,16.834945,-0.898903,3.433819,4.983653,0.232252,0.298535
85.633333,31.970676,9.209428,-1.737350,0.466810,0.027995,-0.097460,16.813590,-0.902016,3.425798,4.980997,0.231859,0.298435
85.666667,31.968995,9.193941,-1.740605,0.466156,0.028072,-0.097848,16.792425,-0.905103,3.417845,4.978368,0.231468,0.298335
85.700000,31.967269,9.178481,-1.743873,0.465505,0.028149,-0.098235,16.771452,-0.908166,3.409962,4.975764,0.231080,0.298237
85.733333,31.965499,9.163048,-1.747154,0.464858,0.028227,-0.098620,16.750673,-0.911202,3.402150,4.973187,0.230695,0.298139
85.766667,31.963684,9.147641,-1.750448,0.464215,0.028304,-0.099005,16.730091,-0.914210,3.394410,4.970635,0.230313,0.298042
85.800000,31.961825,9.132261,-1.753754,0.463576,0.028381,-0.099388,16.709709,-0.917191,3.386746,4.968109,0.229934,0.297947
85.833333,31.959922,9.116908,-1.757074,0.462941,0.028458,-0.099770,16.689530,-0.920143,3.379156,4.965609,0.229558,0.297852
85.866667,31.957974,9.101581,-1.760406,0.462311,0.028534,-0.100150,16.669556,-0.923064,3.371644,4.963134,0.229185,0.297758
85.900000,31.955981,9.086281,-1.763750,0.461684,0.028611,-0.100529,16.649790,-0.925955,3.364210,4.960685,0.228816,0.297665
85.933333,31.953944,9.071007,-1.767108,0.461062,0.028687,-0.100906,16.630234,-0.928815,3.356856,4.958261,0.228449,0.297573
85.966667,31.951862,9.055761,-1.770478,0.460445,0.028763,-0.101282,16.610892,-0.931642,3.349584,4.955862,0.228087,0.297482
86.000000,31.949734,9.040541,-1.773860,0.459831,0.028839,-0.101656,16.591766,-0.934435,3.342394,4.953489,0.227728,0.297392
86.033333,31.947562,9.025347,-1.777255,0.459223,0.028914,-0.102028,16.572858,-0.937194,3.335288,4.951141,0.227373,0.297302
86.066667,31.945345,9.010181,-1.780662,0.458619,0.028990,-0.102398,16.554172,-0.939919,3.328268,4.948818,0.227021,0.297214
86.100000,31.943083,8.995041,-1.784081,0.458019,0.029065,-0.102765,16.535709,-0.942607,3.321335,4.946519,0.226673,0.297127
86.133333,31.940776,8.979928,-1.787513,0.457425,0.029139,-0.103131,16.517473,-0.945258,3.314491,4.944246,0.226329,0.297040
86.166667,31.938423,8.964842,-1.790957,0.456835,0.029214,-0.103495,16.499467,-0.947871,3.307736,4.941997,0.225989,0.296955
86.200000,31.936025,8.949782,-1.794412,0.456250,0.029288,-0.103856,16.481692,-0.950446,3.301073,4.939773,0.225654,0.296870
86.233333,31.933582,8.934749,-1.797880,0.455671,0.029362,-0.104214,16.464151,-0.952982,3.294502,4.937574,0.225322,0.296786
86.266667,31.931093,8.919743,-1.801360,0.455096,0.029435,-0.104571,16.446847,-0.955477,3.288025,4.935399,0.224995,0.296703
86.300000,31.928559,8.904764,-1.804852,0.454526,0.029508,-0.104924,16.429783,-0.957931,3.281643,4.933248,0.224672,0.296622
86.333333,31.925979,8.889811,-1.808355,0.453962,0.029581,-0.105275,16.412960,-0.960343,3.275359,4.931122,0.224353,0.296541
86.366667,31.923353,8.874886,-1.811870,0.453403,0.029653,-0.105623,16.396382,-0.962712,3.269172,4.929019,0.224039,0.296460
86.400000,31.920682,8.859987,-1.815396,0.452850,0.029725,-0.105968,16.380052,-0.965037,3.263085,4.926941,0.223730,0.296381
86.433333,31.917965,8.845115,-1.818934,0.452301,0.029796,-0.106310,16.363970,-0.967318,3.257098,4.924887,0.223425,0.296303
86.466667,31.915202,8.830269,-1.822484,0.451759,0.029867,-0.106649,16.348141,-0.969553,3.251214,4.922857,0.223126,0.296225
86.500000,31.912393,8.815450,-1.826044,0.451222,0.029938,-0.106985,16.332566,-0.971742,3.245433,4.920850,0.222831,0.296149
86.533333,31.909538,8.800658,-1.829616,0.450691,0.030008,-0.107317,16.317249,-0.973884,3.239757,4.918867,0.222541,0.296073
86.566667,31.906637,8.785893,-1.833199,0.450165,0.030077,-0.107646,16.302190,-0.975978,3.234187,4.916908,0.222256,0.295998
86.600000,31.903689,8.771154,-1.836793,0.449645,0.030146,-0.107972,16.287394,-0.978024,3.228724,4.914973,0.221976,0.295924
86.633333,31.900696,8.756443,-1.840397,0.449132,0.030214,-0.108294,16.272861,-0.980021,3.223370,4.913061,0.221702,0.295851
86.666667,31.897656,8.741757,-1.844012,0.448624,0.030282,-0.108612,16.258595,-0.981967,3.218126,4.911172,0.221432,0.295779
86.700000,31.894570,8.727099,-1.847638,0.448122,0.030349,-0.108926,16.244599,-0.983862,3.212992,4.909307,0.221169,0.295708
86.733333,31.891437,8.712467,-1.851274,0.447626,0.030416,-0.109237,16.230873,-0.985706,3.207972,4.907465,0.220910,0.295638
86.766667,31.888258,8.697862,-1.854920,0.447137,0.030482,-0.109544,16.217421,-0.987498,3.203064,4.905646,0.220657,0.295568
86.800000,31.885032,8.683283,-1.858577,0.446654,0.030548,-0.109846,16.204245,-0.989236,3.198272,4.903851,0.220410,0.295499
86.833333,31.881759,8.668732,-1.862243,0.446177,0.030612,-0.110145,16.191348,-0.990920,3.193595,4.902079,0.220169,0.295432
86.866667,31.878439,8.654206,-1.865920,0.445706,0.030677,-0.110439,16.178730,-0.992550,3.189036,4.900329,0.219933,0.295365
86.900000,31.875073,8.639708,-1.869606,0.445242,0.030740,-0.110729,16.166396,-0.994125,3.184595,4.898603,0.219704,0.295299
86.933333,31.871660,8.625235,-1.873302,0.444785,0.030803,-0.111015,16.154346,-0.995644,3.180273,4.896900,0.219480,0.295233
86.966667,31.868199,8.610790,-1.877007,0.444334,0.030865,-0.111296,16.142584,-0.997107,3.176071,4.895220,0.219262,0.295169
87.000000,31.864692,8.596371,-1.880721,0.443890,0.030927,-0.111572,16.131110,-0.998512,3.171991,4.893564,0.219050,0.295106
87.033333,31.861138,8.581978,-1.884445,0.443453,0.030987,-0.111844,16.119928,-0.999859,3.168034,4.891930,0.218845,0.295043
87.066667,31.857536,8.567612,-1.888178,0.443022,0.031047,-0.112110,16.109040,-1.001149,3.164201,4.890319,0.218646,0.294981
87.100000,31.853887,8.553273,-1.891919,0.442599,0.031107,-0.112372,16.098447,-1.002379,3.160492,4.888731,0.218453,0.294920
87.133333,31.850190,8.538959,-1.895669,0.442182,0.031165,-0.112630,16.088153,-1.003549,3.156909,4.887167,0.218266,0.294860
87.166667,31.846446,8.524673,-1.899428,0.441772,0.031223,-0.112881,16.078157,-1.004660,3.153453,4.885626,0.218086,0.294801
87.200000,31.842655,8.510412,-1.903195,0.441370,0.031280,-0.113128,16.068464,-1.005710,3.150125,4.884107,0.217912,0.294743
87.233333,31.838816,8.496178,-1.906970,0.440975,0.031336,-0.113370,16.059074,-1.006699,3.146925,4.882612,0.217745,0.294686
87.266667,31.834929,8.481970,-1.910753,0.440587,0.031391,-0.113606,16.049990,-1.007626,3.143855,4.881141,0.217585,0.294629
87.300000,31.830995,8.467789,-1.914543,0.440206,0.031445,-0.113837,16.041214,-1.008491,3.140915,4.879692,0.217431,0.294574
87.333333,31.827013,8.453634,-1.918342,0.439832,0.031499,-0.114063,16.032747,-1.009293,3.138106,4.878267,0.217284,0.294519
87.366667,31.822982,8.439505,-1.922148,0.439466,0.031552,-0.114282,16.024592,-1.010033,3.135430,4.876866,0.217144,0.294465
87.400000,31.818904,8.425402,-1.925961,0.439108,0.031603,-0.114497,16.016750,-1.010709,3.132887,4.875488,0.217011,0.294412
87.433333,31.814778,8.411325,-1.929781,0.438757,0.031654,-0.114705,16.009223,-1.011321,3.130478,4.874134,0.216885,0.294360
87.466667,31.810603,8.397275,-1.933608,0.438414,0.031704,-0.114908,16.002014,-1.011869,3.128203,4.872804,0.216766,0.294309
87.500000,31.806381,8.383250,-1.937441,0.438078,0.031753,-0.115105,15.995122,-1.012352,3.126063,4.871498,0.216654,0.294259
87.533333,31.802110,8.369252,-1.941281,0.437750,0.031801,-0.115296,15.988551,-1.012770,3.124060,4.870216,0.216548,0.294210
87.566667,31.797791,8.355279,-1.945128,0.437430,0.031848,-0.115481,15.982303,-1.013124,3.122193,4.868958,0.216450,0.294162
87.600000,31.793423,8.341333,-1.948980,0.437118,0.031895,-0.115660,15.976378,-1.013411,3.120464,4.867725,0.216360,0.294114
87.633333,31.789007,8.327412,-1.952838,0.436813,0.031940,-0.115832,15.970778,-1.013633,3.118873,4.866516,0.216276,0.294068
87.666667,31.784542,8.313517,-1.956702,0.436517,0.031984,-0.115999,15.965505,-1.013789,3.117420,4.865332,0.216200,0.294022
87.700000,31.780029,8.299648,-1.960571,0.436229,0.032027,-0.116159,15.960561,-1.013879,3.116107,4.864173,0.216131,0.293978
87.733333,31.775467,8.285805,-1.964446,0.435949,0.032070,-0.116313,15.955947,-1.013902,3.114934,4.863040,0.216069,0.293934
87.766667,31.770856,8.271988,-1.968326,0.435677,0.032111,-0.116460,15.951665,-1.013858,3.113901,4.861932,0.216015,0.293891
87.800000,31.766196,8.258196,-1.972210,0.435413,0.032151,-0.116601,15.947715,-1.013748,3.113008,4.860849,0.215968,0.293850
87.833333,31.761487,8.244430,-1.976099,0.435157,0.032190,-0.116735,15.944100,-1.013571,3.112257,4.859793,0.215928,0.293809
87.866667,31.756729,8.230690,-1.979992,0.434910,0.032228,-0.116863,15.940821,-1.013326,3.111648,4.858763,0.215896,0.293769
87.900000,31.751922,8.216975,-1.983890,0.434671,0.032265,-0.116984,15.937879,-1.013015,3.111181,4.857759,0.215871,0.293731
87.933333,31.747066,8.203286,-1.987791,0.434441,0.032301,-0.117099,15.935276,-1.012637,3.110856,4.856782,0.215854,0.293693
87.966667,31.742161,8.189622,-1.991697,0.434219,0.032336,-0.117207,15.933012,-1.012191,3.110675,4.855832,0.215845,0.293657
88.000000,31.737206,8.175984,-1.995605,0.434005,0.032369,-0.117308,15.931090,-1.011678,3.110636,4.854909,0.215843,0.293621
88.033333,31.732202,8.162371,-1.999517,0.433801,0.032402,-0.117402,15.929510,-1.011098,3.110741,4.854014,0.215848,0.293587
88.066667,31.727148,8.148783,-2.003432,0.433604,0.032433,-0.117489,15.928273,-1.010451,3.110990,4.853147,0.215861,0.293553
88.100000,31.722045,8.135221,-2.007350,0.433417,0.032464,-0.117569,15.927381,-1.009737,3.111382,4.852308,0.215882,0.293521
88.133333,31.716892,8.121683,-2.011270,0.433238,0.032493,-0.117642,15.926835,-1.008956,3.111919,4.851498,0.215910,0.293490
88.166667,31.711690,8.108171,-2.015192,0.433068,0.032521,-0.117709,15.926635,-1.008108,3.112600,4.850717,0.215946,0.293460
88.200000,31.706438,8.094684,-2.019117,0.432907,0.032548,-0.117768,15.926784,-1.007193,3.113426,4.849966,0.215990,0.293431
88.233333,31.701136,8.081222,-2.023044,0.432755,0.032574,-0.117820,15.927281,-1.006212,3.114396,4.849244,0.216041,0.293403
88.266667,31.695784,8.067785,-2.026972,0.432611,0.032598,-0.117865,15.928127,-1.005164,3.115511,4.848553,0.216099,0.293376
88.300000,31.690382,8.054373,-2.030901,0.432477,0.032622,-0.117903,15.929325,-1.004050,3.116771,4.847892,0.216165,0.293351
88.333333,31.684930,8.040986,-2.034832,0.432351,0.032644,-0.117933,15.930874,-1.002870,3.118175,4.847262,0.216239,0.293326
88.366667,31.679428,8.027624,-2.038764,0.432235,0.032665,-0.117957,15.932775,-1.001625,3.119724,4.846664,0.216321,0.293303
88.400000,31.673875,8.014286,-2.042696,0.432128,0.032685,-0.117973,15.935029,-1.000314,3.121418,4.846097,0.216410,0.293282
88.433333,31.668273,8.000974,-2.046628,0.432030,0.032703,-0.117982,15.937637,-0.998938,3.123256,4.845563,0.216506,0.293261
88.466667,31.662620,7.987685,-2.050561,0.431941,0.032721,-0.117984,15.940600,-0.997497,3.125239,4.845062,0.216610,0.293242
88.500000,31.656916,7.974422,-2.054494,0.431861,0.032737,-0.117978,15.943918,-0.995992,3.127366,4.844593,0.216722,0.293224
88.533333,31.651163,7.961182,-2.058426,0.431790,0.032752,-0.117966,15.947592,-0.994423,3.129637,4.844159,0.216841,0.293207
88.566667,31.645358,7.947968,-2.062358,0.431729,0.032765,-0.117946,15.951623,-0.992790,3.132052,4.843759,0.216968,0.293191
88.600000,31.639503,7.934777,-2.066289,0.431677,0.032778,-0.117918,15.956010,-0.991094,3.134611,4.843394,0.217102,0.293177
88.633333,31.633597,7.921611,-2.070220,0.431634,0.032789,-0.117883,15.960755,-0.989335,3.137314,4.843063,0.217243,0.293165
88.666667,31.627641,7.908469,-2.074148,0.431601,0.032799,-0.117841,15.965858,-0.987513,3.140160,4.842769,0.217392,0.293153
88.700000,31.621633,7.895352,-2.078076,0.431577,0.032808,-0.117792,15.971320,-0.985630,3.143149,4.842511,0.217548,0.293143
88.733333,31.615575,7.882258,-2.082001,0.431563,0.032815,-0.117735,15.977140,-0.983685,3.146280,4.842289,0.217712,0.293135
88.766667,31.609466,7.869189,-2.085925,0.431558,0.032821,-0.117671,15.983319,-0.981680,3.149554,4.842105,0.217883,0.293128
88.800000,31.603306,7.856143,-2.089846,0.431562,0.032826,-0.117600,15.989858,-0.979614,3.152970,4.841959,0.218061,0.293122
88.833333,31.597094,7.843122,-2.093765,0.431576,0.032830,-0.117521,15.996757,-0.977488,3.156527,4.841851,0.218246,0.293118
88.866667,31.590832,7.830124,-2.097681,0.431600,0.032832,-0.117435,16.004015,-0.975303,3.160226,4.841782,0.218439,0.293115
88.900000,31.584518,7.817150,-2.101594,0.431633,0.032833,-0.117342,16.011634,-0.973059,3.164064,4.841752,0.218638,0.293114
88.933333,31.578152,7.804200,-2.105503,0.431675,0.032833,-0.117242,16.019613,-0.970757,3.168043,4.841763,0.218845,0.293114
88.966667,31.571736,7.791273,-2.109410,0.431728,0.032832,-0.117134,16.027952,-0.968398,3.172162,4.841814,0.219059,0.293116
89.000000,31.565268,7.778370,-2.113312,0.431790,0.032829,-0.117019,16.036652,-0.965982,3.176420,4.841906,0.219280,0.293120
89.033333,31.558748,7.765491,-2.117211,0.431861,0.032825,-0.116897,16.045712,-0.963510,3.180816,4.842040,0.219508,0.293125
89.066667,31.552177,7.752634,-2.121106,0.431943,0.032820,-0.116768,16.055132,-0.960983,3.185350,4.842216,0.219743,0.293132
89.100000,31.545554,7.739802,-2.124996,0.432034,0.032814,-0.116631,16.064913,-0.958400,3.190021,4.842436,0.219984,0.293140
89.133333,31.538880,7.726992,-2.128881,0.432134,0.032806,-0.116488,16.075054,-0.955764,3.194829,4.842698,0.220233,0.293150
89.166667,31.532153,7.714206,-2.132761,0.432245,0.032797,-0.116337,16.085556,-0.953075,3.199773,4.843005,0.220488,0.293162
89.200000,31.525375,7.701442,-2.136637,0.432365,0.032786,-0.116179,16.096417,-0.950332,3.204852,4.843356,0.220750,0.293176
89.233333,31.518545,7.688702,-2.140507,0.432495,0.032775,-0.116015,16.107638,-0.947538,3.210066,4.843753,0.221018,0.293191
89.266667,31.511663,7.675985,-2.144371,0.432635,0.032762,-0.115843,16.119218,-0.944693,3.215414,4.844195,0.221293,0.293208
89.300000,31.504729,7.663290,-2.148230,0.432784,0.032748,-0.115664,16.131157,-0.941797,3.220895,4.844683,0.221575,0.293227
89.333333,31.497742,7.650619,-2.152082,0.432943,0.032732,-0.115479,16.143455,-0.938852,3.226509,4.845219,0.221863,0.293248
89.366667,31.490704,7.637970,-2.155928,0.433112,0.032716,-0.115286,16.156112,-0.935858,3.232254,4.845802,0.222157,0.293270
89.400000,31.483613,7.625343,-2.159768,0.433291,0.032698,-0.115087,16.169126,-0.932816,3.238130,4.846433,0.222458,0.293295
89.433333,31.476470,7.612740,-2.163601,0.433480,0.032678,-0.114881,16.182498,-0.929727,3.244136,4.847113,0.222765,0.293321
89.466667,31.469274,7.600158,-2.167426,0.433678,0.032658,-0.114669,16.196227,-0.926591,3.250271,4.847842,0.223078,0.293349
89.500000,31.462026,7.587599,-2.171245,0.433887,0.032636,-0.114449,16.210312,-0.923410,3.256535,4.848621,0.223397,0.293379
89.533333,31.454726,7.575063,-2.175056,0.434105,0.032613,-0.114223,16.224753,-0.920184,3.262926,4.849451,0.223722,0.293411
89.566667,31.447373,7.562548,-2.178860,0.434333,0.032589,-0.113991,16.239549,-0.916915,3.269444,4.850331,0.224053,0.293445
89.600000,31.439968,7.550056,-2.182656,0.434570,0.032563,-0.113752,16.254700,-0.913602,3.276087,4.851263,0.224390,0.293481
89.633333,31.432509,7.537586,-2.186444,0.434818,0.032537,-0.113507,16.270205,-0.910247,3.282855,4.852247,0.224733,0.293519
89.666667,31.424998,7.525138,-2.190223,0.435076,0.032509,-0.113255,16.286063,-0.906851,3.289748,4.853284,0.225082,0.293558
89.700000,31.417434,7.512712,-2.193994,0.435343,0.032480,-0.112997,16.302273,-0.903414,3.296763,4.854374,0.225436,0.293600
89.733333,31.409818,7.500307,-2.197756,0.435620,0.032449,-0.112733,16.318835,-0.899938,3.303900,4.855517,0.225796,0.293645
89.766667,31.402148,7.487924,-2.201509,0.435907,0.032417,-0.112462,16.335747,-0.896423,3.311158,4.856715,0.226162,0.293691
89.800000,31.394426,7.475563,-2.205254,0.436204,0.032384,-0.112186,16.353009,-0.892871,3.318536,4.857968,0.226533,0.293739
89.833333,31.386650,7.463223,-2.208988,0.436510,0.032350,-0.111903,16.370620,-0.889281,3.326033,4.859277,0.226909,0.293789
89.866667,31.378821,7.450905,-2.212714,0.436826,0.032315,-0.111615,16.388579,-0.885655,3.333649,4.860641,0.227290,0.293842
89.900000,31.370939,7.438609,-2.216429,0.437152,0.032279,-0.111321,16.406885,-0.881994,3.341381,4.862061,0.227677,0.293896
89.933333,31.363004,7.426333,-2.220135,0.437488,0.032241,-0.111020,16.425537,-0.878299,3.349230,4.863539,0.228069,0.293953
89.966667,31.355016,7.414079,-2.223831,0.437834,0.032202,-0.110714,16.444534,-0.874571,3.357193,4.865074,0.228466,0.294012
90.000000,31.346974,7.401845,-2.227516,0.438189,0.032162,-0.110403,16.463874,-0.870810,3.365270,4.866667,0.228868,0.294073
90.033333,31.338879,7.389633,-2.231191,0.438554,0.032121,-0.110086,16.483557,-0.867017,3.373461,4.868318,0.229275,0.294137
90.066667,31.330730,7.377442,-2.234855,0.438929,0.032078,-0.109763,16.503582,-0.863194,3.381763,4.870028,0.229687,0.294203
90.100000,31.322528,7.365271,-2.238509,0.439314,0.032035,-0.109435,16.523946,-0.859341,3.390176,4.871797,0.230103,0.294271
90.133333,31.314273,7.353122,-2.242151,0.439708,0.031990,-0.109102,16.544650,-0.855458,3.398698,4.873627,0.230525,0.294341
90.166667,31.305964,7.340993,-2.245782,0.440112,0.031944,-0.108763,16.565692,-0.851548,3.407330,4.875516,0.230950,0.294413
90.200000,31.297601,7.328884,-2.249402,0.440526,0.031897,-0.108419,16.587070,-0.847611,3.416069,4.877466,0.231381,0.294488
90.233333,31.289184,7.316796,-2.253010,0.440949,0.031849,-0.108070,16.608783,-0.843647,3.424914,4.879477,0.231815,0.294566
90.266667,31.280714,7.304728,-2.256606,0.441381,0.031799,-0.107716,16.630830,-0.839657,3.433865,4.881550,0.232254,0.294645
90.300000,31.272190,7.292681,-2.260191,0.441824,0.031749,-0.107357,16.653209,-0.835644,3.442920,4.883685,0.232698,0.294727
90.333333,31.263612,7.280654,-2.263763,0.442276,0.031698,-0.106993,16.675919,-0.831606,3.452078,4.885882,0.233145,0.294811
90.366667,31.254980,7.268647,-2.267324,0.442737,0.031645,-0.106625,16.698959,-0.827546,3.461338,4.888141,0.233597,0.294898
90.400000,31.246294,7.256659,-2.270872,0.443208,0.031591,-0.106252,16.722327,-0.823463,3.470700,4.890464,0.234053,0.294987
90.433333,31.237554,7.244692,-2.274407,0.443689,0.031537,-0.105874,16.746021,-0.819360,3.480161,4.892850,0.234512,0.295078
90.466667,31.228760,7.232745,-2.277930,0.444179,0.031481,-0.105492,16.770041,-0.815236,3.489721,4.895300,0.234976,0.295172
90.500000,31.219912,7.220817,-2.281440,0.444678,0.031424,-0.105105,16.794383,-0.811093,3.499378,4.897814,0.235443,0.295268
90.533333,31.211009,7.208909,-2.284937,0.445187,0.031366,-0.104714,16.819048,-0.806931,3.509132,4.900392,0.235914,0.295367
90.566667,31.202053,7.197020,-2.288421,0.445705,0.031307,-0.104319,16.844033,-0.802751,3.518981,4.903035,0.236389,0.295468
90.600000,31.193042,7.185151,-2.291892,0.446233,0.031247,-0.103919,16.869336,-0.798554,3.528925,4.905743,0.236868,0.295572
90.633333,31.183977,7.173301,-2.295349,0.446769,0.031186,-0.103516,16.894956,-0.794342,3.538962,4.908516,0.237349,0.295678
90.666667,31.174858,7.161470,-2.298793,0.447316,0.031124,-0.103109,16.920891,-0.790113,3.549091,4.911355,0.237835,0.295786
90.700000,31.165684,7.149658,-2.302223,0.447871,0.031061,-0.102697,16.947140,-0.785871,3.559310,4.914260,0.238323,0.295897
90.733333,31.156456,7.137866,-2.305639,0.448435,0.030997,-0.102282,16.973701,-0.781614,3.569620,4.917231,0.238815,0.296011
90.766667,31.147173,7.126092,-2.309042,0.449009,0.030932,-0.101864,17.000571,-0.777345,3.580018,4.920268,0.239310,0.296127
90.800000,31.137836,7.114337,-2.312430,0.449592,0.030866,-0.101442,17.027750,-0.773063,3.590503,4.923371,0.239809,0.296245
90.833333,31.128444,7.102601,-2.315804,0.450184,0.030799,-0.101016,17.055234,-0.768770,3.601075,4.926542,0.240310,0.296366
90.866667,31.118997,7.090884,-2.319165,0.450785,0.030731,-0.100587,17.083024,-0.764467,3.611733,4.929779,0.240814,0.296489
90.900000,31.109496,7.079185,-2.322510,0.451395,0.030663,-0.100154,17.111115,-0.760153,3.622474,4.933083,0.241321,0.296615
90.933333,31.099940,7.067504,-2.325841,0.452014,0.030593,-0.099718,17.139508,-0.755831,3.633299,4.936455,0.241831,0.296744
90.966667,31.090330,7.055842,-2.329158,0.452642,0.030522,-0.099280,17.168199,-0.751499,3.644205,4.939894,0.242344,0.296875
91.000000,31.080664,7.044198,-2.332460,0.453279,0.030451,-0.098838,17.197187,-0.747161,3.655193,4.943401,0.242860,0.297008
91.033333,31.070944,7.032572,-2.335747,0.453925,0.030378,-0.098393,17.226469,-0.742815,3.666260,4.946975,0.243378,0.297144
91.066667,31.061169,7.020964,-2.339020,0.454579,0.030305,-0.097945,17.256045,-0.738462,3.677406,4.950617,0.243898,0.297282
91.100000,31.051339,7.009374,-2.342277,0.455242,0.030231,-0.097495,17.285911,-0.734105,3.688629,4.954327,0.244421,0.297423
91.133333,31.041454,6.997802,-2.345519,0.455914,0.030156,-0.097041,17.316066,-0.729742,3.699929,4.958104,0.244947,0.297567
91.166667,31.031514,6.986248,-2.348746,0.456595,0.030080,-0.096586,17.346508,-0.725375,3.711304,4.961950,0.245475,0.297713
91.200000,31.021520,6.974711,-2.351958,0.457285,0.030004,-0.096127,17.377235,-0.721004,3.722753,4.965864,0.246005,0.297861
91.233333,31.011470,6.963192,-2.355155,0.457982,0.029926,-0.095666,17.408244,-0.716631,3.734276,4.969846,0.246538,0.298012
91.266667,31.001365,6.951690,-2.358336,0.458689,0.029848,-0.095203,17.439534,-0.712255,3.745870,4.973897,0.247072,0.298166
91.300000,30.991205,6.940205,-2.361502,0.459404,0.029769,-0.094738,17.471102,-0.707878,3.757536,4.978015,0.247609,0.298322
91.333333,30.980989,6.928738,-2.364652,0.460127,0.029689,-0.094271,17.502947,-0.703499,3.769272,4.982201,0.248148,0.298480
91.366667,30.970719,6.917287,-2.367786,0.460859,0.029608,-0.093801,17.535065,-0.699120,3.781076,4.986456,0.248688,0.298641
91.400000,30.960393,6.905854,-2.370905,0.461599,0.029527,-0.093329,17.567456,-0.694742,3.792949,4.990779,0.249231,0.298805
91.433333,30.950013,6.894438,-2.374008,0.462348,0.029445,-0.092856,17.600116,-0.690364,3.804888,4.995170,0.249775,0.298971
91.466667,30.939576,6.883038,-2.377096,0.463104,0.029362,-0.092381,17.633044,-0.685987,3.816893,4.999629,0.250322,0.299139
91.500000,30.929085,6.871655,-2.380167,0.463869,0.029278,-0.091904,17.666237,-0.681612,3.828962,5.004156,0.250870,0.299310
91.533333,30.918538,6.860288,-2.383223,0.464642,0.029194,-0.091425,17.699693,-0.677240,3.841096,5.008751,0.251419,0.299483
91.566667,30.907936,6.848938,-2.386262,0.465423,0.029109,-0.090945,17.733410,-0.672871,3.853292,5.013413,0.251970,0.299659
91.600000,30.897279,6.837605,-2.389286,0.466212,0.029023,-0.090463,17.767385,-0.668505,3.865549,5.018144,0.252523,0.299837
91.633333,30.886566,6.826287,-2.392293,0.467009,0.028937,-0.089980,17.801617,-0.664143,3.877867,5.022942,0.253077,0.300018
91.666667,30.875797,6.814986,-2.395284,0.467814,0.028849,-0.089495,17.836103,-0.659786,3.890245,5.027807,0.253633,0.300201
91.700000,30.864973,6.803701,-2.398259,0.468627,0.028762,-0.089010,17.870841,-0.655434,3.902681,5.032740,0.254190,0.300387
91.733333,30.854094,6.792432,-2.401218,0.469448,0.028673,-0.088523,17.905828,-0.651088,3.915174,5.037740,0.254748,0.300575
91.766667,30.843159,6.781178,-2.404161,0.470276,0.028584,-0.088035,17.941062,-0.646747,3.927725,5.042806,0.255308,0.300765
91.800000,30.832169,6.769941,-2.407087,0.471112,0.028495,-0.087546,17.976541,-0.642414,3.940330,5.047940,0.255869,0.300957
91.833333,30.821123,6.758719,-2.409997,0.471956,0.028404,-0.087056,18.012262,-0.638087,3.952991,5.053140,0.256431,0.301153
91.866667,30.810022,6.747512,-2.412891,0.472807,0.028313,-0.086565,18.048224,-0.633768,3.965705,5.058407,0.256994,0.301350
91.900000,30.798864,6.736321,-2.415768,0.473666,0.028222,-0.086073,18.084422,-0.629456,3.978471,5.063740,0.257558,0.301550
91.933333,30.787652,6.725145,-2.418629,0.474533,0.028130,-0.085581,18.120857,-0.625153,3.991289,5.069139,0.258123,0.301752
91.966667,30.776383,6.713984,-2.421474,0.475406,0.028037,-0.085087,18.157524,-0.620859,4.004158,5.074604,0.258690,0.301956
92.000000,30.765059,6.702838,-2.424302,0.476287,0.027944,-0.084594,18.194421,-0.616574,4.017076,5.080134,0.259257,0.302163
92.033333,30.753680,6.691708,-2.427113,0.477176,0.027850,-0.084100,18.231547,-0.612298,4.030044,5.085730,0.259825,0.302372
92.066667,30.742244,6.680592,-2.429908,0.478071,0.027756,-0.083605,18.268898,-0.608032,4.043059,5.091390,0.260393,0.302583
92.100000,30.730753,6.669491,-2.432687,0.478974,0.027662,-0.083110,18.306472,-0.603777,4.056121,5.097115,0.260963,0.302796
92.133333,30.719206,6.658405,-2.435449,0.479884,0.027566,-0.082615,18.344267,-0.599532,4.069229,5.102905,0.261533,0.303012
92.166667,30.707604,6.647333,-2.438194,0.480800,0.027470,-0.082119,18.382280,-0.595299,4.082381,5.108759,0.262104,0.303230
92.200000,30.695945,6.636275,-2.440924,0.481724,0.027374,-0.081623,18.420509,-0.591077,4.095578,5.114676,0.262675,0.303450
92.233333,30.684231,6.625232,-2.443636,0.482655,0.027277,-0.081128,18.458952,-0.586866,4.108819,5.120657,0.263247,0.303673
92.266667,30.672461,6.614203,-2.446332,0.483592,0.027180,-0.080632,18.497605,-0.582668,4.122101,5.126701,0.263820,0.303897
92.300000,30.660636,6.603189,-2.449012,0.484537,0.027083,-0.080136,18.536467,-0.578482,4.135425,5.132808,0.264393,0.304124
92.333333,30.648754,6.592188,-2.451674,0.485488,0.026985,-0.079640,18.575535,-0.574309,4.148789,5.138978,0.264967,0.304353
92.366667,30.636817,6.581201,-2.454321,0.486446,0.026886,-0.079144,18.614806,-0.570149,4.162193,5.145210,0.265541,0.304584
92.400000,30.624824,6.570228,-2.456951,0.487410,0.026787,-0.078649,18.654278,-0.566003,4.175636,5.151503,0.266115,0.304817
92.433333,30.612775,6.559269,-2.459564,0.488381,0.026688,-0.078154,18.693948,-0.561870,4.189117,5.157857,0.266690,0.305052
92.466667,30.600670,6.548323,-2.462161,0.489358,0.026588,-0.077659,18.733815,-0.557750,4.202634,5.164273,0.267265,0.305289
92.500000,30.588510,6.537390,-2.464741,0.490342,0.026488,-0.077164,18.773875,-0.553646,4.216188,5.170749,0.267840,0.305528
92.533333,30.576293,6.526471,-2.467305,0.491332,0.026387,-0.076670,18.814125,-0.549555,4.229777,5.177286,0.268415,0.305770
92.566667,30.564021,6.515566,-2.469853,0.492328,0.026286,-0.076176,18.854564,-0.545479,4.243400,5.183882,0.268991,0.306013
92.600000,30.551693,6.504673,-2.472384,0.493330,0.026185,-0.075683,18.895189,-0.541418,4.257057,5.190537,0.269567,0.306258
92.633333,30.539309,6.493793,-2.474898,0.494339,0.026083,-0.075191,18.935996,-0.537373,4.270747,5.197252,0.270143,0.306505
92.666667,30.526869,6.482927,-2.477396,0.495354,0.025981,-0.074699,18.976985,-0.533343,4.284468,5.204024,0.270719,0.306754
92.700000,30.514373,6.472073,-2.479878,0.496374,0.025879,-0.074207,19.018152,-0.529328,4.298221,5.210855,0.271295,0.307005
92.733333,30.501822,6.461232,-2.482344,0.497401,0.025776,-0.073717,19.059494,-0.525329,4.312003,5.217744,0.271871,0.307258
92.766667,30.489215,6.450403,-2.484793,0.498434,0.025673,-0.073227,19.101009,-0.521347,4.325816,5.224689,0.272446,0.307513
92.800000,30.476551,6.439587,-2.487225,0.499472,0.025570,-0.072738,19.142695,-0.517380,4.339656,5.231691,0.273022,0.307770
92.833333,30.463832,6.428784,-2.489642,0.500516,0.025467,-0.072250,19.184549,-0.513430,4.353525,5.238750,0.273598,0.308028
92.866667,30.451057,6.417992,-2.492042,0.501566,0.025363,-0.071763,19.226568,-0.509497,4.367420,5.245864,0.274174,0.308289
92.900000,30.438227,6.407213,-2.494426,0.502621,0.025259,-0.071277,19.268750,-0.505581,4.381342,5.253033,0.274749,0.308551
92.933333,30.425340,6.396446,-2.496794,0.503682,0.025154,-0.070791,19.311092,-0.501681,4.395289,5.260257,0.275324,0.308815
92.966667,30.412398,6.385691,-2.499145,0.504748,0.025050,-0.070307,19.353591,-0.497799,4.409261,5.267535,0.275899,0.309080
93.000000,30.399400,6.374947,-2.501481,0.505820,0.024945,-0.069824,19.396246,-0.493934,4.423257,5.274866,0.276474,0.309348
93.033333,30.386346,6.364215,-2.503800,0.506897,0.024840,-0.069342,19.439053,-0.490086,4.437275,5.282251,0.277048,0.309617
93.066667,30.373236,6.353495,-2.506104,0.507979,0.024734,-0.068861,19.482010,-0.486256,4.451316,5.289689,0.277622,0.309887
93.100000,30.360070,6.342787,-2.508391,0.509066,0.024629,-0.068382,19.525114,-0.482444,4.465378,5.297179,0.278196,0.310160
93.133333,30.346849,6.332090,-2.510663,0.510159,0.024523,-0.067903,19.568363,-0.478650,4.479462,5.304720,0.278769,0.310434
93.166667,30.333572,6.321404,-2.512918,0.511256,0.024417,-0.067426,19.611754,-0.474873,4.493565,5.312312,0.279342,0.310709
93.200000,30.320239,6.310730,-2.515158,0.512359,0.024311,-0.066951,19.655284,-0.471115,4.507687,5.319955,0.279914,0.310986
93.233333,30.306850,6.300066,-2.517381,0.513467,0.024204,-0.066476,19.698952,-0.467375,4.521828,5.327648,0.280486,0.311265
93.266667,30.293406,6.289414,-2.519589,0.514579,0.024098,-0.066003,19.742753,-0.463654,4.535987,5.335390,0.281058,0.311545
93.300000,30.279906,6.278772,-2.521782,0.515696,0.023991,-0.065531,19.786687,-0.459950,4.550163,5.343181,0.281629,0.311827
93.333333,30.266350,6.268141,-2.523958,0.516818,0.023884,-0.065061,19.830749,-0.456266,4.564355,5.351020,0.282199,0.312110
93.366667,30.252739,6.257521,-2.526119,0.517944,0.023777,-0.064592,19.874938,-0.452600,4.578562,5.358907,0.282769,0.312394
93.400000,30.239072,6.246911,-2.528264,0.519075,0.023670,-0.064125,19.919251,-0.448953,4.592785,5.366841,0.283338,0.312680
93.433333,30.225350,6.236312,-2.530394,0.520211,0.023563,-0.063660,19.963685,-0.445324,4.607021,5.374821,0.283907,0.312968
93.466667,30.211571,6.225723,-2.532508,0.521351,0.023455,-0.063195,20.008238,-0.441715,4.621271,5.382848,0.284475,0.313257
93.500000,30.197738,6.215145,-2.534607,0.522495,0.023348,-0.062733,20.052907,-0.438124,4.635534,5.390920,0.285042,0.313547
93.533333,30.183848,6.204576,-2.536690,0.523644,0.023240,-0.062272,20.097689,-0.434552,4.649808,5.399036,0.285608,0.313838
93.566667,30.169904,6.194018,-2.538759,0.524796,0.023132,-0.061813,20.142583,-0.431000,4.664094,5.407197,0.286174,0.314131
93.600000,30.155903,6.183469,-2.540811,0.525953,0.023025,-0.061355,20.187584,-0.427466,4.678391,5.415402,0.286739,0.314425
93.633333,30.141848,6.172931,-2.542849,0.527114,0.022917,-0.060899,20.232692,-0.423952,4.692697,5.423649,0.287303,0.314720
93.666667,30.127736,6.162402,-2.544871,0.528279,0.022809,-0.060445,20.277902,-0.420457,4.707012,5.431939,0.287867,0.315017
93.700000,30.113570,6.151882,-2.546879,0.529448,0.022700,-0.059993,20.323213,-0.416982,4.721336,5.440270,0.288429,0.315315
93.733333,30.099348,6.141372,-2.548871,0.530621,0.022592,-0.059542,20.368621,-0.413525,4.735668,5.448643,0.288991,0.315613
93.766667,30.085071,6.130872,-2.550848,0.531798,0.022484,-0.059093,20.414125,-0.410088,4.750007,5.457056,0.289552,0.315914
93.800000,30.070738,6.120381,-2.552810,0.532978,0.022376,-0.058646,20.459722,-0.406671,4.764352,5.465508,0.290112,0.316215
93.833333,30.056350,6.109899,-2.554758,0.534162,0.022267,-0.058201,20.505408,-0.403272,4.778704,5.474001,0.290671,0.316517
93.866667,30.041907,6.099426,-2.556690,0.535349,0.022159,-0.057757,20.551182,-0.399893,4.793060,5.482531,0.291229,0.316820
93.900000,30.027409,6.088962,-2.558608,0.536540,0.022051,-0.057316,20.597041,-0.396534,4.807420,5.491100,0.291786,0.317125
93.933333,30.012855,6.078507,-2.560511,0.537735,0.021942,-0.056876,20.642982,-0.393194,4.821785,5.499706,0.292343,0.317430
93.966667,29.998247,6.068061,-2.562400,0.538933,0.021834,-0.056438,20.689002,-0.389874,4.836152,5.508349,0.292898,0.317736
94.000000,29.983583,6.057623,-2.564274,0.540134,0.021725,-0.056002,20.735100,-0.386573,4.850522,5.517028,0.293452,0.318044
94.033333,29.968864,6.047194,-2.566133,0.541338,0.021617,-0.055568,20.781272,-0.383292,4.864894,5.525742,0.294005,0.318352
94.066667,29.954090,6.036774,-2.567979,0.542546,0.021508,-0.055136,20.827516,-0.380030,4.879267,5.534491,0.294557,0.318661
94.100000,29.939262,6.026361,-2.569809,0.543757,0.021400,-0.054706,20.873829,-0.376787,4.893640,5.543274,0.295109,0.318971
94.133333,29.924378,6.015958,-2.571626,0.544970,0.021291,-0.054278,20.920208,-0.373564,4.908014,5.552090,0.295659,0.319282
94.166667,29.909440,6.005562,-2.573428,0.546187,0.021183,-0.053852,20.966651,-0.370361,4.922386,5.560940,0.296207,0.319594
94.200000,29.894446,5.995174,-2.575216,0.547406,0.021074,-0.053428,21.013156,-0.367177,4.936757,5.569821,0.296755,0.319906
94.233333,29.879398,5.984794,-2.576990,0.548629,0.020966,-0.053006,21.059720,-0.364013,4.951126,5.578734,0.297302,0.320219
94.266667,29.864295,5.974423,-2.578750,0.549854,0.020857,-0.052586,21.106339,-0.360868,4.965492,5.587678,0.297847,0.320534
94.300000,29.849138,5.964059,-2.580495,0.551081,0.020749,-0.052168,21.153013,-0.357742,4.979855,5.596652,0.298392,0.320848
94.333333,29.833926,5.953702,-2.582227,0.552312,0.020641,-0.051752,21.199737,-0.354636,4.994213,5.605655,0.298935,0.321164
94.366667,29.818659,5.943353,-2.583946,0.553544,0.020533,-0.051339,21.246509,-0.351549,5.008568,5.614687,0.299476,0.321480
94.400000,29.803338,5.933012,-2.585650,0.554780,0.020424,-0.050927,21.293327,-0.348482,5.022916,5.623747,0.300017,0.321797
94.433333,29.787962,5.922678,-2.587341,0.556017,0.020316,-0.050517,21.340189,-0.345434,5.037259,5.632835,0.300556,0.322114
94.466667,29.772532,5.912351,-2.589018,0.557257,0.020208,-0.050110,21.387091,-0.342405,5.051596,5.641950,0.301095,0.322433
94.500000,29.757048,5.902032,-2.590681,0.558499,0.020100,-0.049704,21.434031,-0.339396,5.065925,5.651090,0.301631,0.322751
94.533333,29.741509,5.891719,-2.592331,0.559744,0.019992,-0.049301,21.481006,-0.336406,5.080247,5.660256,0.302167,0.323070
94.566667,29.725916,5.881414,-2.593968,0.560990,0.019885,-0.048899,21.528014,-0.333435,5.094560,5.669447,0.302701,0.323390
94.600000,29.710269,5.871115,-2.595591,0.562239,0.019777,-0.048500,21.575052,-0.330483,5.108864,5.678662,0.303234,0.323710
94.633333,29.694568,5.860823,-2.597201,0.563489,0.019669,-0.048103,21.622118,-0.327550,5.123159,5.687900,0.303766,0.324031
94.666667,29.678813,5.850538,-2.598798,0.564742,0.019562,-0.047708,21.669208,-0.324636,5.137443,5.697161,0.304296,0.324352
94.700000,29.663004,5.840259,-2.600382,0.565996,0.019454,-0.047315,21.716321,-0.321742,5.151717,5.706444,0.304825,0.324674
94.733333,29.647141,5.829987,-2.601953,0.567252,0.019347,-0.046925,21.763454,-0.318866,5.165979,5.715748,0.305352,0.324996
94.766667,29.631224,5.819721,-2.603510,0.568509,0.019240,-0.046536,21.810604,-0.316010,5.180229,5.725073,0.305878,0.325318
94.800000,29.615253,5.809462,-2.605055,0.569768,0.019133,-0.046150,21.857768,-0.313172,5.194466,5.734418,0.306403,0.325641
94.833333,29.599229,5.799209,-2.606587,0.571029,0.019026,-0.045766,21.904945,-0.310353,5.208690,5.743782,0.306926,0.325964
94.866667,29.583151,5.788962,-2.608106,0.572291,0.018919,-0.045384,21.952130,-0.307553,5.222901,5.753164,0.307448,0.326288
94.900000,29.567019,5.778721,-2.609612,0.573555,0.018812,-0.045004,21.999323,-0.304772,5.237097,5.762565,0.307968,0.326611
94.933333,29.550834,5.768485,-2.611106,0.574820,0.018706,-0.044626,22.046520,-0.302009,5.251277,5.771982,0.308487,0.326935
94.966667,29.534595,5.758256,-2.612588,0.576086,0.018599,-0.044250,22.093718,-0.299265,5.265443,5.781416,0.309004,0.327259
95.000000,29.518304,5.748033,-2.614056,0.577353,0.018493,-0.043877,22.140915,-0.296539,5.279591,5.790866,0.309520,0.327584
95.033333,29.501959,5.737815,-2.615513,0.578622,0.018387,-0.043506,22.188109,-0.293832,5.293724,5.800331,0.310034,0.327908
95.066667,29.485560,5.727602,-2.616957,0.579891,0.018281,-0.043136,22.235297,-0.291144,5.307838,5.809810,0.310547,0.328233
95.100000,29.469109,5.717395,-2.618388,0.581162,0.018175,-0.042769,22.282476,-0.288474,5.321935,5.819303,0.311058,0.328558
95.133333,29.452605,5.707194,-2.619808,0.582433,0.018069,-0.042405,22.329643,-0.285822,5.336013,5.828809,0.311568,0.328882
95.166667,29.436048,5.696998,-2.621215,0.583705,0.017964,-0.042042,22.376797,-0.283188,5.350071,5.838327,0.312076,0.329207
95.200000,29.419438,5.686807,-2.622611,0.584978,0.017858,-0.041682,22.423934,-0.280573,5.364110,5.847857,0.312582,0.329532
95.233333,29.402775,5.676621,-2.623994,0.586252,0.017753,-0.041323,22.471052,-0.277976,5.378129,5.857397,0.313087,0.329857
95.266667,29.386059,5.666440,-2.625366,0.587526,0.017648,-0.040967,22.518148,-0.275397,5.392126,5.866948,0.313590,0.330183
95.300000,29.369291,5.656264,-2.626725,0.588801,0.017543,-0.040613,22.565220,-0.272835,5.406102,5.876508,0.314092,0.330508
95.333333,29.352471,5.646093,-2.628073,0.590076,0.017439,-0.040261,22.612265,-0.270292,5.420056,5.886077,0.314592,0.330833
95.366667,29.335598,5.635926,-2.629409,0.591352,0.017334,-0.039912,22.659280,-0.267767,5.433987,5.895653,0.315090,0.331158
95.400000,29.318673,5.625765,-2.630734,0.592628,0.017230,-0.039564,22.706264,-0.265259,5.447894,5.905238,0.315587,0.331482
95.433333,29.301695,5.615608,-2.632047,0.593904,0.017126,-0.039219,22.753213,-0.262769,5.461778,5.914828,0.316082,0.331807
95.466667,29.284666,5.605455,-2.633349,0.595181,0.017022,-0.038876,22.800124,-0.260297,5.475637,5.924425,0.316575,0.332132
95.500000,29.267584,5.595307,-2.634639,0.596458,0.016919,-0.038535,22.846996,-0.257842,5.489471,5.934027,0.317067,0.332456
95.533333,29.250451,5.585163,-2.635918,0.597734,0.016815,-0.038196,22.893825,-0.255405,5.503280,5.943633,0.317557,0.332780
95.566667,29.233265,5.575023,-2.637185,0.599011,0.016712,-0.037859,22.940609,-0.252985,5.517062,5.953243,0.318045,0.333104
95.600000,29.216028,5.564888,-2.638442,0.600288,0.016609,-0.037524,22.987346,-0.250582,5.530817,5.962856,0.318531,0.333428
95.633333,29.198740,5.554756,-2.639687,0.601564,0.016506,-0.037192,23.034032,-0.248197,5.544545,5.972471,0.319016,0.333752
95.666667,29.181400,5.544629,-2.640921,0.602841,0.016403,-0.036862,23.080666,-0.245829,5.558245,5.982088,0.319499,0.334075
95.700000,29.164008,5.534505,-2.642144,0.604117,0.016301,-0.036533,23.127244,-0.243478,5.571916,5.991706,0.319980,0.334398
95.733333,29.146565,5.524386,-2.643357,0.605392,0.016199,-0.036207,23.173765,-0.241144,5.585558,6.001324,0.320459,0.334721
95.766667,29.129072,5.514270,-2.644558,0.606667,0.016097,-0.035883,23.220224,-0.238827,5.599171,6.010942,0.320937,0.335043
95.800000,29.111526,5.504158,-2.645749,0.607942,0.015995,-0.035561,23.266621,-0.236527,5.612753,6.020558,0.321412,0.335365
95.833333,29.093930,5.494049,-2.646929,0.609216,0.015894,-0.035242,23.312952,-0.234244,5.626304,6.030172,0.321886,0.335687
95.866667,29.076284,5.483944,-2.648098,0.610490,0.015792,-0.034924,23.359214,-0.231977,5.639823,6.039784,0.322358,0.336008
95.900000,29.058586,5.473842,-2.649257,0.611763,0.015691,-0.034608,23.405405,-0.229727,5.653311,6.049392,0.322829,0.336329
95.933333,29.040838,5.463744,-2.650405,0.613035,0.015591,-0.034295,23.451523,-0.227494,5.666765,6.058996,0.323297,0.336649
95.966667,29.023039,5.453649,-2.651543,0.614306,0.015490,-0.033983,23.497565,-0.225277,5.680187,6.068596,0.323763,0.336969
96.000000,29.005190,5.443557,-2.652671,0.615576,0.015390,-0.033674,23.543528,-0.223077,5.693575,6.078189,0.324228,0.337288
96.033333,28.987291,5.433469,-2.653788,0.616845,0.015290,-0.033367,23.589410,-0.220892,5.706928,6.087777,0.324691,0.337607
96.066667,28.969341,5.423383,-2.654895,0.618114,0.015190,-0.033062,23.635208,-0.218724,5.720246,6.097357,0.325152,0.337925
96.100000,28.951342,5.413300,-2.655992,0.619381,0.015091,-0.032759,23.680919,-0.216573,5.733529,6.106930,0.325611,0.338243
96.133333,28.933292,5.403221,-2.657079,0.620646,0.014991,-0.032458,23.726541,-0.214437,5.746776,6.116495,0.326067,0.338560
96.166667,28.915193,5.393144,-2.658156,0.621911,0.014892,-0.032158,23.772072,-0.212317,5.759986,6.126050,0.326522,0.338876
96.200000,28.897044,5.383070,-2.659223,0.623174,0.014794,-0.031862,23.817508,-0.210214,5.773158,6.135595,0.326976,0.339192
96.233333,28.878846,5.372998,-2.660280,0.624436,0.014695,-0.031567,23.862847,-0.208126,5.786293,6.145130,0.327427,0.339507
96.266667,28.860599,5.362929,-2.661328,0.625697,0.014597,-0.031274,23.908086,-0.206053,5.799389,6.154654,0.327876,0.339821
96.300000,28.842302,5.352863,-2.662365,0.626955,0.014499,-0.030983,23.953224,-0.203997,5.812447,6.164165,0.328323,0.340135
96.333333,28.823956,5.342799,-2.663393,0.628213,0.014401,-0.030694,23.998257,-0.201956,5.825464,6.173664,0.328768,0.340448
96.366667,28.805561,5.332738,-2.664412,0.629468,0.014304,-0.030407,24.043182,-0.199931,5.838441,6.183149,0.329211,0.340760
96.400000,28.787117,5.322679,-2.665420,0.630722,0.014207,-0.030122,24.087997,-0.197921,5.851378,6.192621,0.329652,0.341072
96.433333,28.768624,5.312622,-2.666420,0.631974,0.014110,-0.029839,24.132700,-0.195926,5.864273,6.202077,0.330092,0.341383
96.466667,28.750083,5.302567,-2.667410,0.633224,0.014013,-0.029558,24.177288,-0.193947,5.877126,6.211517,0.330529,0.341693
96.500000,28.731494,5.292515,-2.668390,0.634472,0.013917,-0.029279,24.221757,-0.191983,5.889937,6.220942,0.330964,0.342002
96.533333,28.712856,5.282465,-2.669362,0.635718,0.013821,-0.029002,24.266107,-0.190034,5.902705,6.230349,0.331397,0.342310
96.566667,28.694170,5.272416,-2.670324,0.636962,0.013725,-0.028727,24.310333,-0.188100,5.915428,6.239738,0.331827,0.342617
96.600000,28.675436,5.262370,-2.671277,0.638204,0.013630,-0.028454,24.354434,-0.186180,5.928108,6.249109,0.332256,0.342924
96.633333,28.656654,5.252325,-2.672221,0.639443,0.013534,-0.028183,24.398406,-0.184276,5.940743,6.258460,0.332683,0.343229
96.666667,28.637825,5.242283,-2.673156,0.640680,0.013440,-0.027914,24.442247,-0.182387,5.953332,6.267792,0.333107,0.343534
96.700000,28.618948,5.232242,-2.674082,0.641915,0.013345,-0.027647,24.485955,-0.180512,5.965875,6.277103,0.333530,0.343838
96.733333,28.600024,5.222203,-2.674999,0.643147,0.013251,-0.027382,24.529527,-0.178652,5.978371,6.286392,0.333950,0.344140
96.766667,28.581052,5.212165,-2.675907,0.644377,0.013157,-0.027118,24.572960,-0.176807,5.990821,6.295659,0.334368,0.344442
96.800000,28.562034,5.202129,-2.676807,0.645604,0.013063,-0.026857,24.616251,-0.174975,6.003222,6.304904,0.334784,0.344743
96.833333,28.542968,5.192094,-2.677697,0.646829,0.012970,-0.026597,24.659399,-0.173159,6.015575,6.314124,0.335198,0.345042
96.866667,28.523856,5.182061,-2.678580,0.648051,0.012876,-0.026339,24.702399,-0.171356,6.027879,6.323321,0.335610,0.345341
96.900000,28.504697,5.172030,-2.679453,0.649270,0.012784,-0.026084,24.745251,-0.169568,6.040133,6.332492,0.336020,0.345638
96.933333,28.485492,5.161999,-2.680319,0.650486,0.012691,-0.025830,24.787950,-0.167794,6.052337,6.341638,0.336427,0.345935
96.966667,28.466240,5.151970,-2.681175,0.651699,0.012599,-0.025577,24.830495,-0.166034,6.064491,6.350757,0.336832,0.346230
97.000000,28.446943,5.141943,-2.682024,0.652909,0.012507,-0.025327,24.872882,-0.164288,6.076593,6.359848,0.337235,0.346524
97.033333,28.427599,5.131916,-2.682864,0.654116,0.012416,-0.025079,24.915110,-0.162556,6.088643,6.368912,0.337635,0.346817
97.066667,28.408210,5.121891,-2.683696,0.655320,0.012324,-0.024832,24.957175,-0.160838,6.100640,6.377947,0.338034,0.347109
97.100000,28.388775,5.111866,-2.684519,0.656521,0.012233,-0.024588,24.999075,-0.159134,6.112585,6.386953,0.338430,0.347399
97.133333,28.369295,5.101843,-2.685335,0.657718,0.012143,-0.024345,25.040807,-0.157443,6.124475,6.395928,0.338824,0.347688
97.166667,28.349769,5.091821,-2.686142,0.658912,0.012052,-0.024104,25.082368,-0.155766,6.136311,6.404873,0.339215,0.347976
97.200000,28.330199,5.081799,-2.686942,0.660102,0.011962,-0.023864,25.123756,-0.154102,6.148092,6.413786,0.339605,0.348263
97.233333,28.310583,5.071779,-2.687733,0.661289,0.011873,-0.023627,25.164969,-0.152452,6.159818,6.422666,0.339992,0.348549
97.266667,28.290923,5.061759,-2.688517,0.662473,0.011783,-0.023391,25.206002,-0.150815,6.171488,6.431514,0.340376,0.348833
97.300000,28.271218,5.051740,-2.689293,0.663652,0.011694,-0.023157,25.246855,-0.149192,6.183100,6.440327,0.340759,0.349116
97.333333,28.251469,5.041722,-2.690061,0.664828,0.011606,-0.022925,25.287524,-0.147581,6.194656,6.449106,0.341139,0.349397
97.366667,28.231676,5.031704,-2.690821,0.666000,0.011517,-0.022695,25.328006,-0.145984,6.206153,6.457850,0.341517,0.349678
97.400000,28.211839,5.021687,-2.691574,0.667169,0.011429,-0.022466,25.368299,-0.144400,6.217592,6.466558,0.341892,0.349956
97.433333,28.191958,5.011671,-2.692319,0.668333,0.011341,-0.022239,25.408400,-0.142829,6.228972,6.475228,0.342265,0.350234
97.466667,28.172033,5.001655,-2.693056,0.669493,0.011254,-0.022014,25.448307,-0.141271,6.240292,6.483862,0.342635,0.350510
97.500000,28.152065,4.991640,-2.693786,0.670650,0.011167,-0.021790,25.488016,-0.139725,6.251551,6.492457,0.343004,0.350784
97.533333,28.132054,4.981625,-2.694509,0.671802,0.011080,-0.021569,25.527526,-0.138193,6.262750,6.501013,0.343369,0.351057
97.566667,28.112000,4.971611,-2.695224,0.672950,0.010994,-0.021349,25.566833,-0.136673,6.273887,6.509530,0.343733,0.351329
97.600000,28.091903,4.961597,-2.695932,0.674093,0.010908,-0.021130,25.605934,-0.135166,6.284961,6.518006,0.344094,0.351599
97.633333,28.071763,4.951583,-2.696633,0.675232,0.010822,-0.020914,25.644827,-0.133671,6.295973,6.526441,0.344452,0.351867
97.666667,28.051581,4.941570,-2.697326,0.676367,0.010737,-0.020699,25.683510,-0.132189,6.306921,6.534834,0.344808,0.352134
97.700000,28.031357,4.931557,-2.698013,0.677497,0.010651,-0.020485,25.721979,-0.130719,6.317806,6.543184,0.345162,0.352399
97.733333,28.011091,4.921544,-2.698692,0.678623,0.010567,-0.020274,25.760232,-0.129262,6.328625,6.551491,0.345513,0.352663
97.766667,27.990783,4.911532,-2.699364,0.679744,0.010482,-0.020064,25.798266,-0.127817,6.339380,6.559754,0.345861,0.352925
97.800000,27.970433,4.901519,-2.700030,0.680860,0.010398,-0.019855,25.836079,-0.126384,6.350068,6.567971,0.346207,0.353186
97.833333,27.950042,4.891507,-2.700688,0.681972,0.010314,-0.019649,25.873667,-0.124963,6.360690,6.576144,0.346551,0.353445
97.866667,27.929610,4.881495,-2.701340,0.683078,0.010231,-0.019444,25.911028,-0.123555,6.371244,6.584270,0.346892,0.353702
97.900000,27.909137,4.871483,-2.701984,0.684180,0.010148,-0.019240,25.948160,-0.122158,6.381731,6.592348,0.347231,0.353958
97.933333,27.888623,4.861471,-2.702622,0.685277,0.010065,-0.019039,25.985058,-0.120773,6.392150,6.600379,0.347567,0.354212
97.966667,27.868068,4.851459,-2.703254,0.686368,0.009983,-0.018838,26.021722,-0.119400,6.402499,6.608362,0.347900,0.354464
98.000000,27.847473,4.841447,-2.703878,0.687454,0.009901,-0.018640,26.058148,-0.118039,6.412779,6.616295,0.348231,0.354714
98.033333,27.826839,4.831435,-2.704496,0.688535,0.009819,-0.018443,26.094333,-0.116690,6.422988,6.624178,0.348559,0.354963
98.066667,27.806164,4.821423,-2.705108,0.689611,0.009738,-0.018247,26.130274,-0.115352,6.433127,6.632010,0.348885,0.355210
98.100000,27.785449,4.811411,-2.705713,0.690682,0.009657,-0.018053,26.165969,-0.114026,6.443194,6.639791,0.349208,0.355455
98.133333,27.764696,4.801399,-2.706311,0.691747,0.009576,-0.017861,26.201416,-0.112712,6.453189,6.647519,0.349528,0.355698
98.166667,27.743903,4.791386,-2.706903,0.692806,0.009496,-0.017670,26.236610,-0.111409,6.463111,6.655195,0.349846,0.355939
98.200000,27.723071,4.781374,-2.707489,0.693860,0.009416,-0.017481,26.271550,-0.110117,6.472959,6.662816,0.350161,0.356179
98.233333,27.702200,4.771361,-2.708069,0.694908,0.009337,-0.017293,26.306233,-0.108837,6.482733,6.670383,0.350474,0.356417
98.266667,27.681291,4.761348,-2.708642,0.695950,0.009258,-0.017107,26.340655,-0.107568,6.492433,6.677895,0.350783,0.356652
98.300000,27.660343,4.751335,-2.709209,0.696987,0.009179,-0.016923,26.374815,-0.106310,6.502057,6.685350,0.351090,0.356886
98.333333,27.639358,4.741322,-2.709770,0.698017,0.009100,-0.016740,26.408709,-0.105063,6.511605,6.692749,0.351395,0.357118
98.366667,27.618334,4.731308,-2.710325,0.699042,0.009022,-0.016558,26.442335,-0.103828,6.521077,6.700091,0.351696,0.357348
98.400000,27.597273,4.721294,-2.710874,0.700061,0.008944,-0.016378,26.475690,-0.102603,6.530471,6.707374,0.351995,0.357576
98.433333,27.576175,4.711280,-2.711417,0.701073,0.008867,-0.016199,26.508771,-0.101390,6.539788,6.714598,0.352292,0.357802
98.466667,27.555040,4.701266,-2.711954,0.702080,0.008790,-0.016022,26.541574,-0.100187,6.549025,6.721762,0.352585,0.358026
98.500000,27.533868,4.691251,-2.712485,0.703080,0.008713,-0.015846,26.574099,-0.098996,6.558184,6.728866,0.352876,0.358248
98.533333,27.512659,4.681236,-2.713011,0.704074,0.008637,-0.015672,26.606340,-0.097815,6.567262,6.735908,0.353164,0.358468
98.566667,27.491414,4.671221,-2.713530,0.705061,0.008561,-0.015499,26.638297,-0.096645,6.576260,6.742889,0.353449,0.358685
98.600000,27.470133,4.661205,-2.714044,0.706042,0.008485,-0.015328,26.669966,-0.095485,6.585177,6.749806,0.353731,0.358901
98.633333,27.448816,4.651189,-2.714552,0.707016,0.008410,-0.015158,26.701343,-0.094336,6.594012,6.756660,0.354010,0.359115
98.666667,27.427464,4.641173,-2.715054,0.707984,0.008335,-0.014990,26.732427,-0.093198,6.602764,6.763450,0.354287,0.359326
98.700000,27.406076,4.631156,-2.715551,0.708945,0.008260,-0.014823,26.763215,-0.092070,6.611433,6.770175,0.354561,0.359535
98.733333,27.384654,4.621139,-2.716043,0.709899,0.008186,-0.014657,26.793703,-0.090953,6.620018,6.776833,0.354832,0.359743
98.766667,27.363196,4.611121,-2.716528,0.710846,0.008112,-0.014493,26.823889,-0.089846,6.628519,6.783426,0.355100,0.359948
98.800000,27.341704,4.601104,-2.717009,0.711786,0.008039,-0.014330,26.853770,-0.088749,6.636934,6.789951,0.355365,0.360150
98.833333,27.320178,4.591085,-2.717484,0.712720,0.007966,-0.014169,26.883343,-0.087663,6.645264,6.796407,0.355627,0.360351
98.866667,27.298618,4.581067,-2.717953,0.713646,0.007893,-0.014009,26.912605,-0.086587,6.653507,6.802795,0.355886,0.360549
98.900000,27.277024,4.571048,-2.718418,0.714565,0.007821,-0.013850,26.941554,-0.085521,6.661663,6.809114,0.356143,0.360745
98.933333,27.255396,4.561029,-2.718877,0.715477,0.007749,-0.013693,26.970186,-0.084466,6.669731,6.815362,0.356396,0.360939
98.966667,27.233736,4.551009,-2.719331,0.716381,0.007677,-0.013537,26.998499,-0.083420,6.677711,6.821539,0.356647,0.361130
99.000000,27.212042,4.540989,-2.719779,0.717279,0.007606,-0.013383,27.026489,-0.082385,6.685601,6.827643,0.356894,0.361319
99.033333,27.190316,4.530969,-2.720223,0.718168,0.007535,-0.013230,27.054155,-0.081359,6.693402,6.833676,0.357139,0.361506
99.066667,27.168558,4.520948,-2.720661,0.719051,0.007465,-0.013078,27.081492,-0.080343,6.701111,6.839635,0.357380,0.361690
99.100000,27.146767,4.510927,-2.721095,0.719925,0.007395,-0.012927,27.108498,-0.079338,6.708730,6.845519,0.357618,0.361872
99.133333,27.124945,4.500906,-2.721523,0.720792,0.007325,-0.012778,27.135171,-0.078342,6.716257,6.851329,0.357854,0.362051
99.166667,27.103092,4.490884,-2.721947,0.721651,0.007256,-0.012630,27.161507,-0.077356,6.723691,6.857063,0.358086,0.362228
99.200000,27.081207,4.480862,-2.722365,0.722502,0.007187,-0.012484,27.187503,-0.076380,6.731031,6.862720,0.358315,0.362403
99.233333,27.059291,4.470840,-2.722779,0.723346,0.007118,-0.012339,27.213157,-0.075413,6.738278,6.868300,0.358542,0.362575
99.266667,27.037345,4.460817,-2.723188,0.724181,0.007050,-0.012195,27.238465,-0.074456,6.745430,6.873803,0.358765,0.362745
99.300000,27.015368,4.450795,-2.723592,0.725008,0.006982,-0.012052,27.263425,-0.073509,6.752487,6.879226,0.358985,0.362912
99.333333,26.993361,4.440772,-2.723991,0.725828,0.006915,-0.011911,27.288034,-0.072571,6.759447,6.884570,0.359202,0.363077
99.366667,26.971325,4.430748,-2.724386,0.726638,0.006848,-0.011771,27.312288,-0.071643,6.766311,6.889833,0.359415,0.363239
99.400000,26.949259,4.420725,-2.724776,0.727441,0.006781,-0.011632,27.336185,-0.070724,6.773077,6.895015,0.359626,0.363398
99.433333,26.927164,4.410701,-2.725161,0.728235,0.006714,-0.011495,27.359722,-0.069815,6.779745,6.900116,0.359833,0.363555
99.466667,26.905040,4.400678,-2.725542,0.729021,0.006649,-0.011358,27.382896,-0.068915,6.786314,6.905133,0.360037,0.363709
99.500000,26.882888,4.390654,-2.725919,0.729798,0.006583,-0.011223,27.405703,-0.068024,6.792784,6.910068,0.360238,0.363861
99.533333,26.860707,4.380630,-2.726290,0.730567,0.006518,-0.011090,27.428142,-0.067143,6.799153,6.914918,0.360436,0.364010
99.566667,26.838499,4.370605,-2.726658,0.731327,0.006453,-0.010957,27.450208,-0.066271,6.805422,6.919683,0.360630,0.364156
99.600000,26.816263,4.360581,-2.727021,0.732078,0.006389,-0.010826,27.471900,-0.065409,6.811588,6.924362,0.360822,0.364300
99.633333,26.794000,4.350557,-2.727380,0.732820,0.006325,-0.010696,27.493214,-0.064555,6.817652,6.928954,0.361010,0.364441
99.666667,26.771710,4.340533,-2.727734,0.733554,0.006261,-0.010567,27.514146,-0.063711,6.823613,6.933460,0.361194,0.364579
99.700000,26.749393,4.330509,-2.728084,0.734278,0.006198,-0.010440,27.534695,-0.062876,6.829470,6.937877,0.361375,0.364714
99.733333,26.727050,4.320484,-2.728430,0.734993,0.006135,-0.010313,27.554857,-0.062050,6.835223,6.942205,0.361553,0.364847
99.766667,26.704681,4.310460,-2.728772,0.735700,0.006072,-0.010188,27.574628,-0.061233,6.840870,6.946444,0.361728,0.364977
99.800000,26.682286,4.300436,-2.729109,0.736396,0.006010,-0.010064,27.594007,-0.060425,6.846411,6.950592,0.361899,0.365104
99.833333,26.659866,4.290412,-2.729443,0.737084,0.005948,-0.009941,27.612990,-0.059626,6.851846,6.954649,0.362067,0.365228
99.866667,26.637421,4.280389,-2.729772,0.737762,0.005887,-0.009820,27.631573,-0.058836,6.857173,6.958614,0.362232,0.365350
99.900000,26.614951,4.270365,-2.730097,0.738431,0.005826,-0.009700,27.649755,-0.058055,6.862391,6.962486,0.362393,0.365468
99.933333,26.592457,4.260342,-2.730419,0.739090,0.005766,-0.009580,27.667531,-0.057283,6.867501,6.966264,0.362550,0.365584
99.966667,26.569939,4.250320,-2.730736,0.739740,0.005705,-0.009462,27.684899,-0.056519,6.872501,6.969948,0.362705,0.365696
100.000000,26.547397,4.240297,-2.731049,0.740380,0.005646,-0.009346,27.701856,-0.055765,6.877391,6.973537,0.362855,0.365806
100.033333,26.524832,4.230275,-2.731359,0.741010,0.005586,-0.009230,27.718399,-0.055019,6.882169,6.977030,0.363003,0.365913
100.066667,26.502244,4.220253,-2.731665,0.741630,0.005527,-0.009115,27.734524,-0.054282,6.886836,6.980426,0.363146,0.366016
100.100000,26.479633,4.210232,-2.731967,0.742240,0.005469,-0.009002,27.750229,-0.053554,6.891390,6.983725,0.363287,0.366117
100.133333,26.457000,4.200212,-2.732265,0.742840,0.005410,-0.008890,27.765511,-0.052835,6.895830,6.986925,0.363423,0.366215
100.166667,26.434345,4.190192,-2.732559,0.743430,0.005353,-0.008779,27.780366,-0.052124,6.900157,6.990026,0.363556,0.366309
100.200000,26.411669,4.180172,-2.732850,0.744010,0.005295,-0.008669,27.794791,-0.051422,6.904368,6.993027,0.363686,0.366401
100.233333,26.388971,4.170154,-2.733137,0.744579,0.005238,-0.008560,27.808783,-0.050729,6.908464,6.995927,0.363812,0.366490
100.266667,26.366253,4.160136,-2.733421,0.745139,0.005182,-0.008452,27.822340,-0.050044,6.912444,6.998726,0.363934,0.366575
100.300000,26.343513,4.150119,-2.733701,0.745687,0.005125,-0.008346,27.835458,-0.049368,6.916306,7.001423,0.364053,0.366657
100.333333,26.320754,4.140103,-2.733977,0.746226,0.005070,-0.008240,27.848133,-0.048700,6.920050,7.004016,0.364168,0.366736
100.366667,26.297975,4.130087,-2.734250,0.746753,0.005014,-0.008136,27.860363,-0.048041,6.923676,7.006506,0.364279,0.366812
100.400000,26.275177,4.120073,-2.734520,0.747270,0.004959,-0.008033,27.872145,-0.047391,6.927182,7.008890,0.364386,0.366885
100.433333,26.252359,4.110060,-2.734786,0.747776,0.004904,-0.007931,27.883476,-0.046749,6.930568,7.011170,0.364490,0.366954
100.466667,26.229523,4.100047,-2.735048,0.748272,0.004850,-0.007830,27.894351,-0.046115,6.933833,7.013342,0.364590,0.367020
100.500000,26.206668,4.090036,-2.735308,0.748756,0.004796,-0.007730,27.904770,-0.045490,6.936977,7.015408,0.364687,0.367083
100.533333,26.183796,4.080026,-2.735564,0.749229,0.004743,-0.007631,27.914727,-0.044874,6.939997,7.017366,0.364779,0.367143
100.566667,26.160906,4.070018,-2.735816,0.749692,0.004690,-0.007534,27.924220,-0.044266,6.942895,7.019215,0.364868,0.367199
100.600000,26.137998,4.060011,-2.736066,0.750143,0.004637,-0.007437,27.933245,-0.043666,6.945668,7.020955,0.364953,0.367252
100.633333,26.115074,4.050005,-2.736312,0.750583,0.004585,-0.007341,27.941801,-0.043075,6.948317,7.022584,0.365034,0.367302
100.666667,26.092134,4.040001,-2.736555,0.751011,0.004533,-0.007247,27.949882,-0.042492,6.950839,7.024102,0.365112,0.367348
100.700000,26.069177,4.029998,-2.736795,0.751428,0.004482,-0.007154,27.957487,-0.041918,6.953236,7.025508,0.365185,0.367391
100.733333,26.046205,4.019997,-2.737032,0.751834,0.004431,-0.007061,27.964612,-0.041352,6.955505,7.026801,0.365254,0.367430
100.766667,26.023217,4.009998,-2.737266,0.752228,0.004380,-0.006970,27.971254,-0.040793,6.957647,7.027980,0.365320,0.367466
100.800000,26.000215,4.000000,-2.737497,0.752610,0.004330,-0.006880,27.977409,-0.040238,6.959665,7.029040,0.365382,0.367498
100.833333,25.977198,3.990004,-2.737725,0.752981,0.004280,-0.006791,27.983075,-0.039680,6.961562,7.029976,0.365440,0.367527
100.866667,25.954167,3.980011,-2.737950,0.753339,0.004231,-0.006703,27.988248,-0.039124,6.963334,7.030790,0.365494,0.367551
100.900000,25.931123,3.970019,-2.738172,0.753686,0.004182,-0.006615,27.992927,-0.038573,6.964979,7.031484,0.365544,0.367572
100.933333,25.908065,3.960029,-2.738391,0.754021,0.004133,-0.006529,27.997110,-0.038028,6.966495,7.032060,0.365591,0.367590
100.966667,25.884994,3.950042,-2.738607,0.754343,0.004085,-0.006444,28.000793,-0.037489,6.967880,7.032516,0.365633,0.367604
101.000000,25.861910,3.940057,-2.738820,0.754654,0.004037,-0.006359,28.003974,-0.036956,6.969135,7.032852,0.365671,0.367614
101.033333,25.838815,3.930074,-2.739031,0.754952,0.003990,-0.006276,28.006652,-0.036429,6.970259,7.033067,0.365706,0.367621
101.066667,25.815708,3.920094,-2.739239,0.755238,0.003943,-0.006193,28.008823,-0.035907,6.971251,7.033160,0.365736,0.367623
101.100000,25.792590,3.910117,-2.739444,0.755511,0.003896,-0.006111,28.010487,-0.035391,6.972112,7.033131,0.365762,0.367623
101.133333,25.769461,3.900142,-2.739646,0.755772,0.003850,-0.006030,28.011640,-0.034881,6.972840,7.032980,0.365785,0.367618
101.166667,25.746321,3.890169,-2.739846,0.756021,0.003804,-0.005950,28.012280,-0.034377,6.973435,7.032705,0.365803,0.367610
101.200000,25.723172,3.880200,-2.740043,0.756257,0.003759,-0.005871,28.012406,-0.033878,6.973897,7.032306,0.365817,0.367597
101.233333,25.700012,3.870233,-2.740237,0.756480,0.003714,-0.005792,28.012015,-0.033384,6.974224,7.031783,0.365827,0.367582
101.266667,25.676844,3.860270,-2.740429,0.756690,0.003669,-0.005715,28.011105,-0.032896,6.974418,7.031135,0.365833,0.367562
101.300000,25.653667,3.850309,-2.740618,0.756888,0.003625,-0.005638,28.009675,-0.032413,6.974476,7.030361,0.365835,0.367538
101.333333,25.630482,3.840352,-2.740805,0.757072,0.003581,-0.005562,28.007721,-0.031936,6.974400,7.029461,0.365832,0.367511
101.366667,25.607289,3.830399,-2.740989,0.757244,0.003538,-0.005487,28.005244,-0.031463,6.974187,7.028434,0.365826,0.367480
101.400000,25.584088,3.820448,-2.741171,0.757402,0.003494,-0.005413,28.002239,-0.030996,6.973839,7.027281,0.365815,0.367445
101.433333,25.560880,3.810501,-2.741350,0.757548,0.003452,-0.005340,27.998706,-0.030534,6.973354,7.025999,0.365800,0.367406
101.466667,25.537666,3.800558,-2.741526,0.757680,0.003409,-0.005267,27.994643,-0.030077,6.972732,7.024589,0.365781,0.367363
101.500000,25.514446,3.790619,-2.741701,0.757799,0.003367,-0.005195,27.990048,-0.029625,6.971973,7.023051,0.365758,0.367316
101.533333,25.491220,3.780683,-2.741873,0.757904,0.003325,-0.005124,27.984919,-0.029178,6.971076,7.021383,0.365731,0.367265
101.566667,25.467988,3.770751,-2.742042,0.757997,0.003284,-0.005054,27.979254,-0.028736,6.970041,7.019586,0.365699,0.367210
101.600000,25.444752,3.760824,-2.742210,0.758076,0.003243,-0.004984,27.973052,-0.028299,6.968867,7.017659,0.365663,0.367152
101.633333,25.421511,3.750900,-2.742375,0.758141,0.003203,-0.004915,27.966311,-0.027867,6.967555,7.015601,0.365623,0.367089
101.666667,25.398267,3.740981,-2.742537,0.758193,0.003162,-0.004847,27.959030,-0.027439,6.966103,7.013412,0.365579,0.367022
101.700000,25.375019,3.731067,-2.742698,0.758231,0.003122,-0.004780,27.951206,-0.027016,6.964512,7.011091,0.365530,0.366952
101.733333,25.351768,3.721156,-2.742856,0.758255,0.003083,-0.004713,27.942839,-0.026598,6.962781,7.008639,0.365477,0.366877
101.766667,25.328514,3.711251,-2.743012,0.758266,0.003044,-0.004647,27.933927,-0.026184,6.960909,7.006054,0.365420,0.366798
101.800000,25.305258,3.701350,-2.743166,0.758263,0.003005,-0.004582,27.924467,-0.025775,6.958897,7.003337,0.365358,0.366715
101.833333,25.282000,3.691454,-2.743318,0.758246,0.002966,-0.004518,27.914460,-0.025370,6.956744,7.000486,0.365292,0.366629
101.866667,25.258742,3.681563,-2.743467,0.758215,0.002928,-0.004454,27.903903,-0.024970,6.954450,6.997502,0.365222,0.366538
101.900000,25.235482,3.671677,-2.743615,0.758170,0.002891,-0.004391,27.892795,-0.024574,6.952014,6.994384,0.365148,0.366442
101.933333,25.212222,3.661797,-2.743760,0.758111,0.002853,-0.004329,27.881135,-0.024183,6.949436,6.991131,0.365069,0.366343
101.966667,25.188962,3.651921,-2.743903,0.758038,0.002816,-0.004267,27.868921,-0.023796,6.946717,6.987744,0.364985,0.366240
102.000000,25.165703,3.642052,-2.744044,0.757951,0.002779,-0.004206,27.856152,-0.023413,6.943855,6.984221,0.364898,0.366132
102.033333,25.142445,3.632187,-2.744183,0.757849,0.002743,-0.004145,27.842826,-0.023034,6.940850,6.980563,0.364806,0.366021
102.066667,25.119188,3.622329,-2.744321,0.757734,0.002707,-0.004086,27.828944,-0.022659,6.937702,6.976770,0.364709,0.365905
102.100000,25.095933,3.612476,-2.744456,0.757604,0.002671,-0.004027,27.814502,-0.022289,6.934411,6.972840,0.364608,0.365785
102.133333,25.072681,3.602630,-2.744589,0.757460,0.002635,-0.003968,27.799501,-0.021923,6.930977,6.968774,0.364503,0.365660
102.166667,25.049432,3.592789,-2.744720,0.757301,0.002600,-0.003910,27.783939,-0.021560,6.927398,6.964571,0.364393,0.365532
102.200000,25.026185,3.582955,-2.744850,0.757128,0.002565,-0.003853,27.767815,-0.021202,6.923676,6.960231,0.364279,0.365399
102.233333,25.002943,3.573127,-2.744977,0.756941,0.002531,-0.003797,27.751128,-0.020847,6.919810,6.955754,0.364160,0.365262
102.266667,24.979705,3.563306,-2.745103,0.756739,0.002497,-0.003741,27.733877,-0.020497,6.915800,6.951139,0.364037,0.365121
102.300000,24.956472,3.553491,-2.745227,0.756523,0.002463,-0.003685,27.716060,-0.020150,6.911644,6.946386,0.363909,0.364975
102.333333,24.933244,3.543683,-2.745349,0.756292,0.002429,-0.003631,27.697678,-0.019807,6.907344,6.941495,0.363777,0.364825
102.366667,24.910022,3.533882,-2.745469,0.756046,0.002396,-0.003576,27.678728,-0.019468,6.902899,6.936465,0.363641,0.364671
102.400000,24.886806,3.524088,-2.745587,0.755785,0.002363,-0.003523,27.659211,-0.019133,6.898309,6.931296,0.363499,0.364513
102.433333,24.863597,3.514301,-2.745704,0.755510,0.002331,-0.003470,27.639125,-0.018801,6.893574,6.925989,0.363354,0.364350
102.466667,24.840394,3.504521,-2.745818,0.755220,0.002299,-0.003418,27.618470,-0.018473,6.888692,6.920542,0.363203,0.364183
102.500000,24.817200,3.494749,-2.745931,0.754916,0.002267,-0.003366,27.597244,-0.018148,6.883666,6.914956,0.363049,0.364011
102.533333,24.794013,3.484985,-2.746043,0.754596,0.002235,-0.003314,27.575447,-0.017828,6.878493,6.909230,0.362889,0.363835
102.566667,24.770835,3.475228,-2.746152,0.754262,0.002204,-0.003264,27.553078,-0.017510,6.873175,6.903365,0.362725,0.363655
102.600000,24.747667,3.465479,-2.746260,0.753913,0.002172,-0.003214,27.530137,-0.017196,6.867710,6.897359,0.362557,0.363470
102.633333,24.724507,3.455738,-2.746367,0.753548,0.002142,-0.003164,27.506623,-0.016886,6.862099,6.891213,0.362384,0.363281
102.666667,24.701358,3.446006,-2.746471,0.753169,0.002111,-0.003115,27.482535,-0.016579,6.856342,6.884926,0.362206,0.363088
102.700000,24.678219,3.436281,-2.746574,0.752775,0.002081,-0.003067,27.457872,-0.016275,6.850438,6.878499,0.362024,0.362890
102.733333,24.655091,3.426565,-2.746676,0.752366,0.002051,-0.003019,27.432635,-0.015975,6.844387,6.871930,0.361837,0.362687
102.766667,24.631975,3.416858,-2.746775,0.751941,0.002022,-0.002971,27.406822,-0.015678,6.838190,6.865221,0.361645,0.362480
102.800000,24.608870,3.407159,-2.746874,0.751502,0.001992,-0.002924,27.380434,-0.015384,6.831846,6.858371,0.361449,0.362269
102.833333,24.585778,3.397469,-2.746970,0.751047,0.001963,-0.002878,27.353469,-0.015094,6.825355,6.851379,0.361248,0.362053
102.866667,24.562699,3.387788,-2.747066,0.750578,0.001934,-0.002832,27.325927,-0.014807,6.818717,6.844246,0.361043,0.361832
102.900000,24.539634,3.378117,-2.747159,0.750093,0.001906,-0.002786,27.297808,-0.014522,6.811933,6.836971,0.360832,0.361608
102.933333,24.516582,3.368454,-2.747251,0.749593,0.001878,-0.002741,27.269111,-0.014241,6.805001,6.829555,0.360617,0.361378
102.966667,24.493544,3.358802,-2.747342,0.749077,0.001850,-0.002697,27.239837,-0.013963,6.797922,6.821997,0.360398,0.361144
103.000000,24.470522,3.349158,-2.747431,0.748547,0.001822,-0.002653,27.209985,-0.013689,6.790696,6.814297,0.360173,0.360906
103.033333,24.447515,3.339525,-2.747519,0.748001,0.001795,-0.002610,27.179554,-0.013417,6.783322,6.806455,0.359944,0.360662
103.066667,24.424524,3.329901,-2.747605,0.747440,0.001768,-0.002567,27.148544,-0.013148,6.775802,6.798470,0.359711,0.360415
103.100000,24.401549,3.320288,-2.747690,0.746863,0.001741,-0.002524,27.116956,-0.012882,6.768134,6.790344,0.359472,0.360162
103.133333,24.378590,3.310685,-2.747773,0.746272,0.001715,-0.002482,27.084789,-0.012619,6.760319,6.782076,0.359229,0.359906
103.166667,24.355650,3.301092,-2.747855,0.745664,0.001688,-0.002440,27.052042,-0.012359,6.752356,6.773665,0.358981,0.359644
103.200000,24.332727,3.291510,-2.747936,0.745042,0.001662,-0.002399,27.018717,-0.012102,6.744247,6.765112,0.358728,0.359378
103.233333,24.309822,3.281938,-2.748015,0.744404,0.001637,-0.002359,26.984812,-0.011847,6.735990,6.756416,0.358470,0.359107
103.266667,24.286936,3.272377,-2.748093,0.743750,0.001611,-0.002318,26.950328,-0.011596,6.727586,6.747578,0.358208,0.358832
103.300000,24.264069,3.262828,-2.748170,0.743081,0.001586,-0.002279,26.915265,-0.011347,6.719034,6.738598,0.357941,0.358552
103.333333,24.241223,3.253289,-2.748245,0.742397,0.001561,-0.002239,26.879622,-0.011101,6.710336,6.729475,0.357669,0.358267
103.366667,24.218396,3.243762,-2.748319,0.741697,0.001536,-0.002200,26.843401,-0.010858,6.701490,6.720210,0.357392,0.357977
103.400000,24.195590,3.234246,-2.748392,0.740982,0.001512,-0.002162,26.806600,-0.010617,6.692498,6.710803,0.357110,0.357683
103.433333,24.172806,3.224742,-2.748463,0.740251,0.001488,-0.002124,26.769221,-0.010379,6.683358,6.701253,0.356824,0.357384
103.466667,24.150043,3.215249,-2.748533,0.739505,0.001464,-0.002086,26.731263,-0.010144,6.674071,6.691560,0.356532,0.357081
103.500000,24.127303,3.205769,-2.748602,0.738743,0.001440,-0.002049,26.692727,-0.009911,6.664638,6.681725,0.356236,0.356773
103.533333,24.104585,3.196300,-2.748670,0.737966,0.001417,-0.002012,26.653612,-0.009681,6.655058,6.671748,0.355935,0.356459
103.566667,24.081890,3.186844,-2.748737,0.737173,0.001393,-0.001976,26.613919,-0.009453,6.645331,6.661629,0.355629,0.356142
103.600000,24.059220,3.177401,-2.748802,0.736365,0.001370,-0.001940,26.573649,-0.009228,6.635457,6.651367,0.355318,0.355819
103.633333,24.036573,3.167969,-2.748866,0.735541,0.001348,-0.001904,26.532801,-0.009005,6.625437,6.640963,0.355003,0.355492
103.666667,24.013951,3.158551,-2.748929,0.734701,0.001325,-0.001869,26.491377,-0.008785,6.615271,6.630417,0.354682,0.355160
103.700000,23.991355,3.149146,-2.748990,0.733846,0.001303,-0.001834,26.449376,-0.008567,6.604959,6.619729,0.354356,0.354823
103.733333,23.968784,3.139753,-2.749051,0.732976,0.001281,-0.001799,26.406799,-0.008351,6.594500,6.608899,0.354026,0.354481
103.766667,23.946239,3.130374,-2.749110,0.732090,0.001259,-0.001765,26.363646,-0.008138,6.583896,6.597927,0.353690,0.354134
103.800000,23.923721,3.121008,-2.749169,0.731188,0.001238,-0.001731,26.319919,-0.007928,6.573145,6.586814,0.353350,0.353783
103.833333,23.901230,3.111656,-2.749226,0.730270,0.001216,-0.001698,26.275616,-0.007719,6.562250,6.575559,0.353005,0.353426
103.866667,23.878767,3.102317,-2.749282,0.729338,0.001195,-0.001665,26.230740,-0.007513,6.551208,6.564162,0.352654,0.353065
103.900000,23.856332,3.092993,-2.749337,0.728389,0.001174,-0.001632,26.185291,-0.007309,6.540021,6.552624,0.352299,0.352699
103.933333,23.833926,3.083682,-2.749391,0.727425,0.001154,-0.001600,26.139268,-0.007108,6.528690,6.540945,0.351939,0.352328
103.966667,23.811549,3.074386,-2.749443,0.726445,0.001133,-0.001568,26.092674,-0.006908,6.517213,6.529124,0.351573,0.351953
104.000000,23.789202,3.065104,-2.749495,0.725450,0.001113,-0.001537,26.045509,-0.006711,6.505592,6.517163,0.351203,0.351572
104.033333,23.766885,3.055836,-2.749546,0.724439,0.001093,-0.001506,25.997772,-0.006516,6.493826,6.505061,0.350828,0.351186
104.066667,23.744598,3.046584,-2.749596,0.723413,0.001074,-0.001475,25.949466,-0.006324,6.481915,6.492818,0.350447,0.350796
104.100000,23.722343,3.037346,-2.749644,0.722371,0.001054,-0.001444,25.900592,-0.006133,6.469861,6.480435,0.350062,0.350400
104.133333,23.700119,3.028123,-2.749692,0.721314,0.001035,-0.001414,25.851148,-0.005944,6.457663,6.467912,0.349672,0.350000
104.166667,23.677928,3.018915,-2.749739,0.720241,0.001016,-0.001384,25.801138,-0.005758,6.445321,6.455248,0.349276,0.349594
104.200000,23.655769,3.009723,-2.749784,0.719152,0.000997,-0.001354,25.750561,-0.005573,6.432836,6.442445,0.348875,0.349184
104.233333,23.633643,3.000546,-2.749829,0.718048,0.000978,-0.001325,25.699419,-0.005391,6.420207,6.429502,0.348470,0.348768
104.266667,23.611551,2.991385,-2.749872,0.716929,0.000960,-0.001296,25.647712,-0.005211,6.407436,6.416420,0.348059,0.348348
104.300000,23.589492,2.982240,-2.749915,0.715794,0.000941,-0.001268,25.595442,-0.005032,6.394522,6.403199,0.347643,0.347923
104.333333,23.567469,2.973111,-2.749957,0.714643,0.000923,-0.001240,25.542610,-0.004856,6.381466,6.389838,0.347222,0.347492
104.366667,23.545480,2.963998,-2.749998,0.713477,0.000905,-0.001212,25.489216,-0.004681,6.368268,6.376340,0.346796,0.347057
104.400000,23.523528,2.954901,-2.750038,0.712296,0.000888,-0.001184,25.435262,-0.004509,6.354928,6.362702,0.346365,0.346616
104.433333,23.501611,2.945821,-2.750077,0.711099,0.000870,-0.001157,25.380748,-0.004338,6.341447,6.348927,0.345928,0.346171
104.466667,23.479730,2.936758,-2.750115,0.709886,0.000853,-0.001130,25.325677,-0.004170,6.327825,6.335014,0.345487,0.345720
104.500000,23.457887,2.927711,-2.750152,0.708658,0.000836,-0.001103,25.270049,-0.004003,6.314062,6.320963,0.345040,0.345264
104.533333,23.436082,2.918682,-2.750188,0.707415,0.000819,-0.001076,25.213866,-0.003838,6.300158,6.306775,0.344588,0.344803
104.566667,23.414314,2.909669,-2.750224,0.706157,0.000803,-0.001050,25.157128,-0.003674,6.286114,6.292450,0.344131,0.344337
104.600000,23.392585,2.900674,-2.750258,0.704883,0.000786,-0.001024,25.099838,-0.003513,6.271931,6.277988,0.343669,0.343866
104.633333,23.370894,2.891697,-2.750292,0.703593,0.000770,-0.000999,25.041995,-0.003353,6.257608,6.263390,0.343201,0.343390
104.666667,23.349244,2.882737,-2.750325,0.702289,0.000754,-0.000973,24.983603,-0.003196,6.243146,6.248656,0.342729,0.342909
104.700000,23.327633,2.873796,-2.750357,0.700969,0.000738,-0.000948,24.924662,-0.003040,6.228545,6.233786,0.342251,0.342422
104.733333,23.306062,2.864872,-2.750388,0.699634,0.000722,-0.000924,24.865173,-0.002885,6.213806,6.218781,0.341768,0.341931
104.766667,23.284533,2.855966,-2.750419,0.698283,0.000707,-0.000899,24.805139,-0.002733,6.198929,6.203640,0.341279,0.341434
104.800000,23.263045,2.847079,-2.750448,0.696917,0.000692,-0.000875,24.744560,-0.002582,6.183914,6.188366,0.340786,0.340932
104.833333,23.241598,2.838211,-2.750477,0.695536,0.000676,-0.000851,24.683438,-0.002432,6.168763,6.172956,0.340287,0.340425
104.866667,23.220195,2.829361,-2.750505,0.694140,0.000661,-0.000827,24.621775,-0.002285,6.153474,6.157413,0.339782,0.339912
104.900000,23.198833,2.820530,-2.750532,0.692729,0.000647,-0.000804,24.559573,-0.002139,6.138049,6.141737,0.339273,0.339395
104.933333,23.177516,2.811718,-2.750559,0.691303,0.000632,-0.000781,24.496832,-0.001994,6.122489,6.125927,0.338758,0.338872
104.966667,23.156242,2.802925,-2.750584,0.689861,0.000618,-0.000758,24.433555,-0.001852,6.106792,6.109985,0.338238,0.338344
105.000000,23.135012,2.794152,-2.750609,0.688405,0.000603,-0.000735,24.369743,-0.001711,6.090961,6.093910,0.337712,0.337810
105.033333,23.113827,2.785398,-2.750633,0.686933,0.000589,-0.000713,24.305398,-0.001571,6.074995,6.077704,0.337182,0.337272
105.066667,23.092687,2.776664,-2.750657,0.685446,0.000576,-0.000691,24.240522,-0.001433,6.058895,6.061366,0.336645,0.336728
105.100000,23.071593,2.767950,-2.750679,0.683945,0.000562,-0.000669,24.175116,-0.001296,6.042661,6.044897,0.336104,0.336179
105.133333,23.050545,2.759256,-2.750701,0.682428,0.000548,-0.000647,24.109183,-0.001161,6.026295,6.028297,0.335557,0.335624
105.166667,23.029544,2.750582,-2.750722,0.680897,0.000535,-0.000626,24.042724,-0.001028,6.009795,6.011567,0.335005,0.335064
105.200000,23.008589,2.741928,-2.750743,0.679351,0.000522,-0.000605,23.975742,-0.000896,5.993163,5.994708,0.334447,0.334499
105.233333,22.987682,2.733295,-2.750763,0.677790,0.000509,-0.000584,23.908237,-0.000765,5.976399,5.977719,0.333884,0.333928
105.266667,22.966824,2.724683,-2.750782,0.676214,0.000496,-0.000563,23.840213,-0.000636,5.959505,5.960602,0.333315,0.333352
105.300000,22.946013,2.716092,-2.750800,0.674623,0.000483,-0.000542,23.771671,-0.000509,5.942479,5.943356,0.332741,0.332771
105.333333,22.925252,2.707522,-2.750818,0.673017,0.000470,-0.000522,23.702613,-0.000382,5.925323,5.925983,0.332162,0.332184
105.366667,22.904540,2.698972,-2.750835,0.671397,0.000458,-0.000502,23.633040,-0.000258,5.908038,5.908482,0.331577,0.331592
105.400000,22.883878,2.690445,-2.750851,0.669763,0.000446,-0.000482,23.562957,-0.000134,5.890623,5.890855,0.330987,0.330995
105.433333,22.863266,2.681939,-2.750867,0.668113,0.000434,-0.000463,23.492363,-0.000012,5.873080,5.873101,0.330391,0.330392
105.466667,22.842705,2.673454,-2.750882,0.666449,0.000422,-0.000443,23.421263,0.000108,5.855409,5.855222,0.329790,0.329783
105.500000,22.822195,2.664992,-2.750897,0.664771,0.000410,-0.000424,23.349657,0.000228,5.837610,5.837218,0.329183,0.329170
105.533333,22.801737,2.656551,-2.750911,0.663078,0.000399,-0.000405,23.277547,0.000346,5.819685,5.819089,0.328571,0.328550
105.566667,22.781331,2.648133,-2.750924,0.661371,0.000387,-0.000387,23.204938,0.000462,5.801633,5.800836,0.327953,0.327925
105.600000,22.760978,2.639737,-2.750936,0.659649,0.000376,-0.000368,23.131829,0.000578,5.783455,5.782459,0.327329,0.327295
105.633333,22.740678,2.631364,-2.750948,0.657913,0.000365,-0.000350,23.058225,0.000692,5.765153,5.763960,0.326700,0.326659
105.666667,22.720431,2.623013,-2.750960,0.656163,0.000354,-0.000332,22.984127,0.000805,5.746725,5.745338,0.326066,0.326018
105.700000,22.700238,2.614686,-2.750970,0.654398,0.000343,-0.000314,22.909537,0.000916,5.728174,5.726594,0.325426,0.325371
105.733333,22.680099,2.606381,-2.750981,0.652619,0.000332,-0.000296,22.834458,0.001027,5.709500,5.707730,0.324780,0.324719
105.766667,22.660016,2.598099,-2.750990,0.650827,0.000321,-0.000278,22.758893,0.001136,5.690702,5.688744,0.324128,0.324061
105.800000,22.639987,2.589841,-2.750999,0.649020,0.000311,-0.000261,22.682844,0.001243,5.671783,5.669639,0.323471,0.323397
105.833333,22.620014,2.581606,-2.751008,0.647199,0.000301,-0.000244,22.606314,0.001350,5.652742,5.650415,0.322809,0.322728
105.866667,22.600098,2.573395,-2.751015,0.645364,0.000291,-0.000227,22.529304,0.001456,5.633581,5.631071,0.322141,0.322053
105.900000,22.580238,2.565208,-2.751023,0.643515,0.000281,-0.000210,22.451818,0.001560,5.614299,5.611610,0.321467,0.321372
105.933333,22.560435,2.557045,-2.751029,0.641652,0.000271,-0.000194,22.373859,0.001663,5.594898,5.592031,0.320787,0.320686
105.966667,22.540689,2.548906,-2.751036,0.639775,0.000261,-0.000177,22.295428,0.001765,5.575378,5.572336,0.320102,0.319995
106.000000,22.521002,2.540791,-2.751041,0.637885,0.000252,-0.000161,22.216529,0.001866,5.555740,5.552524,0.319410,0.319297
106.033333,22.501373,2.532701,-2.751046,0.635981,0.000242,-0.000145,22.137164,0.001965,5.535985,5.532597,0.318714,0.318594
106.066667,22.481802,2.524636,-2.751051,0.634063,0.000233,-0.000129,22.057337,0.002064,5.516113,5.512555,0.318011,0.317885
106.100000,22.462291,2.516595,-2.751055,0.632132,0.000224,-0.000113,21.977049,0.002161,5.496125,5.492399,0.317303,0.317171
106.133333,22.442839,2.508579,-2.751059,0.630187,0.000215,-0.000098,21.896304,0.002257,5.476022,5.472130,0.316589,0.316450
106.166667,22.423447,2.500588,-2.751062,0.628229,0.000206,-0.000083,21.815104,0.002353,5.455804,5.451748,0.315869,0.315724
106.200000,22.404116,2.492623,-2.751064,0.626257,0.000197,-0.000068,21.733453,0.002447,5.435473,5.431254,0.315143,0.314992
106.233333,22.384845,2.484683,-2.751066,0.624272,0.000188,-0.000053,21.651354,0.002540,5.415028,5.410649,0.314412,0.314255
106.266667,22.365636,2.476768,-2.751068,0.622274,0.000180,-0.000038,21.568808,0.002632,5.394471,5.389933,0.313674,0.313511
106.300000,22.346488,2.468879,-2.751069,0.620262,0.000171,-0.000023,21.485820,0.002723,5.373803,5.369108,0.312931,0.312762
106.333333,22.327403,2.461017,-2.751069,0.618238,0.000163,-0.000009,21.402393,0.002813,5.353023,5.348173,0.312182,0.312007
106.366667,22.308380,2.453180,-2.751069,0.616200,0.000155,0.000006,21.318528,0.002902,5.332134,5.327130,0.311427,0.311246
106.400000,22.289420,2.445369,-2.751069,0.614149,0.000147,0.000020,21.234231,0.002990,5.311135,5.305980,0.310666,0.310479
106.433333,22.270523,2.437585,-2.751068,0.612085,0.000139,0.000034,21.149502,0.003077,5.290028,5.284723,0.309900,0.309707
106.466667,22.251690,2.429827,-2.751066,0.610009,0.000131,0.000048,21.064347,0.003163,5.268813,5.263360,0.309127,0.308928
106.500000,22.232921,2.422096,-2.751065,0.607919,0.000124,0.000062,20.978767,0.003248,5.247492,5.241892,0.308348,0.308143
106.533333,22.214217,2.414391,-2.751062,0.605817,0.000116,0.000075,20.892767,0.003332,5.226064,5.220319,0.307564,0.307353
106.566667,22.195577,2.406714,-2.751060,0.603703,0.000109,0.000088,20.806348,0.003415,5.204531,5.198643,0.306773,0.306556
106.600000,22.177003,2.399063,-2.751056,0.601575,0.000101,0.000102,20.719516,0.003497,5.182894,5.176864,0.305976,0.305754
106.633333,22.158495,2.391440,-2.751053,0.599435,0.000094,0.000115,20.632272,0.003579,5.161153,5.154983,0.305174,0.304946
106.666667,22.140052,2.383844,-2.751049,0.597283,0.000087,0.000128,20.544621,0.003659,5.139309,5.133001,0.304365,0.304131
106.700000,22.121677,2.376276,-2.751044,0.595118,0.000080,0.000141,20.456566,0.003738,5.117364,5.110919,0.303550,0.303311
106.733333,22.103368,2.368736,-2.751039,0.592941,0.000073,0.000153,20.368109,0.003817,5.095318,5.088737,0.302729,0.302484
106.766667,22.085126,2.361223,-2.751034,0.590752,0.000066,0.000166,20.279255,0.003894,5.073171,5.066457,0.301903,0.301651
106.800000,22.066952,2.353738,-2.751028,0.588551,0.000060,0.000178,20.190008,0.003971,5.050925,5.044079,0.301069,0.300813
106.833333,22.048845,2.346281,-2.751022,0.586338,0.000053,0.000190,20.100369,0.004047,5.028581,5.021604,0.300230,0.299968
106.866667,22.030808,2.338853,-2.751016,0.584112,0.000047,0.000202,20.010344,0.004122,5.006139,4.999033,0.299385,0.299117
106.900000,22.012839,2.331453,-2.751009,0.581875,0.000041,0.000214,19.919936,0.004196,4.983601,4.976367,0.298533,0.298259
106.933333,21.994939,2.324081,-2.751001,0.579626,0.000034,0.000226,19.829147,0.004269,4.960967,4.953606,0.297676,0.297396
106.966667,21.977108,2.316739,-2.750994,0.577365,0.000028,0.000238,19.737983,0.004342,4.938239,4.930753,0.296812,0.296526
107.000000,21.959348,2.309425,-2.750985,0.575093,0.000022,0.000250,19.646447,0.004413,4.915416,4.907807,0.295941,0.295651
107.033333,21.941657,2.302139,-2.750977,0.572809,0.000016,0.000261,19.554541,0.004484,4.892501,4.884770,0.295065,0.294769
107.066667,21.924037,2.294883,-2.750968,0.570513,0.000011,0.000272,19.462271,0.004554,4.869494,4.861642,0.294182,0.293880
107.100000,21.906488,2.287657,-2.750959,0.568206,0.000005,0.000283,19.369639,0.004624,4.846396,4.838424,0.293293,0.292986
107.133333,21.889011,2.280459,-2.750949,0.565888,-0.000001,0.000294,19.276651,0.004692,4.823207,4.815118,0.292398,0.292085
107.166667,21.871605,2.273291,-2.750939,0.563559,-0.000006,0.000305,19.183308,0.004760,4.799930,4.791724,0.291496,0.291177
107.200000,21.854271,2.266153,-2.750929,0.561218,-0.000011,0.000316,19.089616,0.004826,4.776565,4.768243,0.290588,0.290264
107.233333,21.837009,2.259045,-2.750918,0.558867,-0.000017,0.000327,18.995579,0.004893,4.753112,4.744677,0.289673,0.289344
107.266667,21.819820,2.251966,-2.750907,0.556504,-0.000022,0.000337,18.901199,0.004958,4.729574,4.721026,0.288752,0.288417
107.300000,21.802704,2.244917,-2.750896,0.554131,-0.000027,0.000348,18.806482,0.005023,4.705950,4.697291,0.287825,0.287484
107.333333,21.785661,2.237899,-2.750884,0.551747,-0.000032,0.000358,18.711431,0.005086,4.682242,4.673473,0.286891,0.286545
107.366667,21.768692,2.230911,-2.750872,0.549352,-0.000037,0.000368,18.616050,0.005150,4.658452,4.649573,0.285951,0.285599
107.400000,21.751797,2.223953,-2.750859,0.546947,-0.000042,0.000379,18.520343,0.005212,4.634579,4.625593,0.285004,0.284647
107.433333,21.734976,2.217026,-2.750846,0.544531,-0.000046,0.000389,18.424315,0.005274,4.610625,4.601532,0.284050,0.283688
107.466667,21.718230,2.210129,-2.750833,0.542105,-0.000051,0.000398,18.327969,0.005335,4.586591,4.577393,0.283090,0.282722
107.500000,21.701559,2.203263,-2.750820,0.539668,-0.000056,0.000408,18.231310,0.005395,4.562478,4.553177,0.282124,0.281750
107.533333,21.684963,2.196429,-2.750806,0.537221,-0.000060,0.000418,18.134342,0.005455,4.538288,4.528883,0.281151,0.280771
107.566667,21.668443,2.189625,-2.750792,0.534765,-0.000064,0.000427,18.037069,0.005513,4.514020,4.504514,0.280171,0.279786
107.600000,21.651998,2.182852,-2.750778,0.532298,-0.000069,0.000437,17.939496,0.005572,4.489677,4.480071,0.279184,0.278794
107.633333,21.635630,2.176111,-2.750763,0.529821,-0.000073,0.000446,17.841626,0.005629,4.465259,4.455554,0.278191,0.277795
107.666667,21.619339,2.169401,-2.750748,0.527335,-0.000077,0.000455,17.743464,0.005686,4.440768,4.430964,0.277191,0.276790
107.700000,21.603124,2.162722,-2.750733,0.524839,-0.000081,0.000464,17.645015,0.005742,4.416204,4.406303,0.276184,0.275777
107.733333,21.586986,2.156075,-2.750717,0.522333,-0.000085,0.000473,17.546283,0.005798,4.391569,4.381572,0.275171,0.274758
107.766667,21.570926,2.149460,-2.750701,0.519818,-0.000089,0.000482,17.447271,0.005853,4.366864,4.356772,0.274151,0.273733
107.800000,21.554944,2.142877,-2.750685,0.517293,-0.000092,0.000491,17.347986,0.005907,4.342089,4.331904,0.273123,0.272700
107.833333,21.539039,2.136326,-2.750668,0.514759,-0.000096,0.000500,17.248431,0.005961,4.317247,4.306969,0.272089,0.271660
107.866667,21.523213,2.129807,-2.750651,0.512216,-0.000100,0.000508,17.148610,0.006014,4.292337,4.281968,0.271048,0.270614
107.900000,21.507465,2.123320,-2.750634,0.509664,-0.000103,0.000517,17.048529,0.006067,4.267362,4.256902,0.270000,0.269560
107.933333,21.491797,2.116865,-2.750617,0.507103,-0.000107,0.000525,16.948192,0.006119,4.242323,4.231773,0.268946,0.268500
107.966667,21.476207,2.110443,-2.750599,0.504533,-0.000110,0.000534,16.847603,0.006170,4.217220,4.206582,0.267884,0.267432
108.000000,21.460697,2.104053,-2.750581,0.501955,-0.000113,0.000542,16.746768,0.006221,4.192055,4.181329,0.266815,0.266358
108.033333,21.445266,2.097696,-2.750563,0.499367,-0.000116,0.000550,16.645690,0.006271,4.166828,4.156017,0.265739,0.265276
108.066667,21.429916,2.091372,-2.750545,0.496772,-0.000120,0.000558,16.544375,0.006320,4.141542,4.130645,0.264656,0.264188
108.100000,21.414645,2.085080,-2.750526,0.494168,-0.000123,0.000566,16.442828,0.006369,4.116198,4.105216,0.263566,0.263092
108.133333,21.399455,2.078822,-2.750507,0.491555,-0.000126,0.000574,16.341053,0.006418,4.090796,4.079731,0.262468,0.261989
108.166667,21.384346,2.072596,-2.750488,0.488935,-0.000129,0.000582,16.239055,0.006466,4.065337,4.054190,0.261364,0.260879
108.200000,21.369318,2.066404,-2.750468,0.486306,-0.000131,0.000589,16.136838,0.006513,4.039824,4.028595,0.260252,0.259761
108.233333,21.354371,2.060245,-2.750448,0.483670,-0.000134,0.000597,16.034409,0.006560,4.014257,4.002947,0.259133,0.258636
108.266667,21.339505,2.054119,-2.750428,0.481025,-0.000137,0.000604,15.931771,0.006606,3.988637,3.977248,0.258007,0.257504
108.300000,21.324721,2.048027,-2.750408,0.478373,-0.000139,0.000612,15.828930,0.006652,3.962967,3.951498,0.256873,0.256365
108.333333,21.310019,2.041968,-2.750388,0.475714,-0.000142,0.000619,15.725890,0.006697,3.937246,3.925700,0.255732,0.255218
108.366667,21.295400,2.035943,-2.750367,0.473047,-0.000145,0.000626,15.622658,0.006741,3.911476,3.899853,0.254583,0.254063
108.400000,21.280862,2.029951,-2.750346,0.470372,-0.000147,0.000634,15.519237,0.006785,3.885659,3.873960,0.253427,0.252902
108.433333,21.266407,2.023994,-2.750325,0.467691,-0.000149,0.000641,15.415633,0.006829,3.859795,3.848021,0.252264,0.251732
108.466667,21.252035,2.018070,-2.750303,0.465002,-0.000152,0.000648,15.311851,0.006872,3.833887,3.822038,0.251093,0.250555
108.500000,21.237747,2.012180,-2.750281,0.462306,-0.000154,0.000655,15.207896,0.006915,3.807935,3.796013,0.249914,0.249371
108.533333,21.223541,2.006325,-2.750260,0.459604,-0.000156,0.000661,15.103773,0.006957,3.781941,3.769946,0.248728,0.248179
108.566667,21.209419,2.000503,-2.750237,0.456895,-0.000158,0.000668,14.999488,0.006999,3.755905,3.743839,0.247534,0.246979
108.600000,21.195380,1.994716,-2.750215,0.454179,-0.000160,0.000675,14.895046,0.007040,3.729830,3.717693,0.246332,0.245771
108.633333,21.181426,1.988963,-2.750192,0.451456,-0.000162,0.000682,14.790452,0.007081,3.703717,3.691509,0.245123,0.244556
108.666667,21.167555,1.983244,-2.750170,0.448728,-0.000164,0.000688,14.685711,0.007121,3.677566,3.665289,0.243906,0.243332
108.700000,21.153769,1.977560,-2.750147,0.445993,-0.000166,0.000695,14.580829,0.007161,3.651380,3.639034,0.242681,0.242101
108.733333,21.140067,1.971911,-2.750123,0.443252,-0.000168,0.000701,14.475811,0.007200,3.625160,3.612746,0.241448,0.240862
108.766667,21.126450,1.966296,-2.750100,0.440505,-0.000169,0.000707,14.370663,0.007239,3.598906,3.586425,0.240207,0.239615
108.800000,21.112918,1.960716,-2.750076,0.437753,-0.000171,0.000713,14.265390,0.007277,3.572621,3.560074,0.238958,0.238360
108.833333,21.099471,1.955170,-2.750052,0.434994,-0.000172,0.000720,14.159998,0.007315,3.546306,3.533693,0.237701,0.237097
108.866667,21.086109,1.949660,-2.750028,0.432230,-0.000174,0.000726,14.054491,0.007353,3.519962,3.507284,0.236436,0.235825
108.900000,21.072832,1.944184,-2.750004,0.429461,-0.000175,0.000732,13.948876,0.007390,3.493590,3.480848,0.235163,0.234546
108.933333,21.059641,1.938743,-2.749979,0.426687,-0.000177,0.000738,13.843158,0.007427,3.467192,3.454387,0.233882,0.233258
108.966667,21.046535,1.933338,-2.749955,0.423907,-0.000178,0.000744,13.737344,0.007463,3.440770,3.427902,0.232593,0.231962
109.000000,21.033515,1.927967,-2.749930,0.421122,-0.000180,0.000749,13.631437,0.007499,3.414324,3.401395,0.231295,0.230658
109.033333,21.020582,1.922632,-2.749905,0.418333,-0.000181,0.000755,13.525445,0.007535,3.387857,3.374866,0.229989,0.229345
109.066667,21.007734,1.917332,-2.749879,0.415538,-0.000182,0.000761,13.419372,0.007570,3.361369,3.348317,0.228674,0.228024
109.100000,20.994973,1.912067,-2.749854,0.412739,-0.000183,0.000767,13.313226,0.007604,3.334862,3.321751,0.227351,0.226694
109.133333,20.982298,1.906838,-2.749828,0.409936,-0.000184,0.000772,13.207010,0.007639,3.308338,3.295167,0.226020,0.225356
109.166667,20.969710,1.901644,-2.749803,0.407128,-0.000185,0.000778,13.100732,0.007673,3.281797,3.268569,0.224680,0.224009
109.200000,20.957208,1.896485,-2.749776,0.404317,-0.000186,0.000783,12.994397,0.007706,3.255243,3.241956,0.223331,0.222653
109.233333,20.944793,1.891362,-2.749750,0.401501,-0.000187,0.000788,12.888011,0.007740,3.228675,3.215331,0.221974,0.221289
109.266667,20.932465,1.886275,-2.749724,0.398681,-0.000188,0.000794,12.781580,0.007772,3.202095,3.188695,0.220608,0.219916
109.300000,20.920225,1.881223,-2.749697,0.395858,-0.000189,0.000799,12.675109,0.007805,3.175506,3.162049,0.219233,0.218534
109.333333,20.908071,1.876207,-2.749671,0.393031,-0.000190,0.000804,12.568606,0.007837,3.148907,3.135395,0.217849,0.217143
109.366667,20.896004,1.871226,-2.749644,0.390200,-0.000191,0.000809,12.462075,0.007869,3.122302,3.108735,0.216456,0.215743
109.400000,20.884025,1.866282,-2.749617,0.387366,-0.000191,0.000814,12.355523,0.007900,3.095691,3.082070,0.215054,0.214334
109.433333,20.872134,1.861373,-2.749589,0.384530,-0.000192,0.000819,12.248956,0.007931,3.069076,3.055402,0.213644,0.212915
109.466667,20.860330,1.856500,-2.749562,0.381690,-0.000193,0.000824,12.142380,0.007962,3.042459,3.028731,0.212224,0.211488
109.500000,20.848613,1.851663,-2.749535,0.378847,-0.000193,0.000829,12.035801,0.007992,3.015840,3.002060,0.210795,0.210051
109.533333,20.836985,1.846861,-2.749507,0.376002,-0.000194,0.000834,11.929226,0.008022,2.989222,2.975391,0.209356,0.208605
109.566667,20.825444,1.842096,-2.749479,0.373154,-0.000194,0.000839,11.822660,0.008052,2.962606,2.948724,0.207908,0.207150
109.600000,20.813991,1.837367,-2.749451,0.370303,-0.000195,0.000844,11.716110,0.008081,2.935994,2.922061,0.206451,0.205685
109.633333,20.802626,1.832674,-2.749423,0.367451,-0.000195,0.000848,11.609582,0.008111,2.909387,2.895404,0.204985,0.204210
109.666667,20.791349,1.828016,-2.749394,0.364596,-0.000195,0.000853,11.503083,0.008139,2.882787,2.868754,0.203508,0.202726
109.700000,20.780160,1.823395,-2.749366,0.361740,-0.000196,0.000858,11.396618,0.008168,2.856196,2.842113,0.202023,0.201232
109.733333,20.769059,1.818810,-2.749337,0.358881,-0.000196,0.000862,11.290195,0.008196,2.829614,2.815483,0.200527,0.199728
109.766667,20.758047,1.814261,-2.749308,0.356021,-0.000196,0.000867,11.183819,0.008224,2.803044,2.788865,0.199022,0.198214
109.800000,20.747123,1.809749,-2.749279,0.353160,-0.000196,0.000871,11.077497,0.008252,2.776488,2.762261,0.197506,0.196690
109.833333,20.736287,1.805272,-2.749250,0.350297,-0.000196,0.000876,10.971235,0.008279,2.749946,2.735672,0.195981,0.195156
109.866667,20.725539,1.800831,-2.749221,0.347434,-0.000197,0.000880,10.865041,0.008306,2.723420,2.709100,0.194446,0.193612
109.900000,20.714880,1.796427,-2.749192,0.344569,-0.000197,0.000884,10.758920,0.008333,2.696913,2.682547,0.192901,0.192058
109.933333,20.704309,1.792059,-2.749162,0.341703,-0.000197,0.000888,10.652879,0.008359,2.670426,2.656014,0.191345,0.190494
109.966667,20.693826,1.787727,-2.749132,0.338837,-0.000197,0.000893,10.546925,0.008385,2.643960,2.629502,0.189779,0.188919
110.000000,20.683432,1.783432,-2.749103,0.335970,-0.000197,0.000897,10.441064,0.008411,2.617517,2.603015,0.188203,0.187333
110.033333,20.673126,1.779172,-2.749073,0.333103,-0.000197,0.000901,10.335303,0.008437,2.591099,2.576552,0.186616,0.185737
110.066667,20.662909,1.774949,-2.749042,0.330236,-0.000196,0.000905,10.229649,0.008462,2.564707,2.550117,0.185018,0.184130
110.100000,20.652780,1.770763,-2.749012,0.327369,-0.000196,0.000909,10.124108,0.008488,2.538344,2.523710,0.183410,0.182512
110.133333,20.642740,1.766612,-2.748982,0.324502,-0.000196,0.000913,10.018688,0.008512,2.512010,2.497334,0.181791,0.180883
110.166667,20.632788,1.762498,-2.748951,0.321636,-0.000196,0.000917,9.913394,0.008537,2.485708,2.470989,0.180161,0.179244
110.200000,20.622924,1.758419,-2.748921,0.318770,-0.000196,0.000921,9.808235,0.008562,2.459439,2.444678,0.178520,0.177593
110.233333,20.613149,1.754378,-2.748890,0.315904,-0.000195,0.000925,9.703216,0.008586,2.433206,2.418402,0.176869,0.175930
110.266667,20.603462,1.750372,-2.748859,0.313040,-0.000195,0.000928,9.598345,0.008610,2.407008,2.392164,0.175205,0.174257
110.300000,20.593863,1.746403,-2.748828,0.310176,-0.000195,0.000932,9.493628,0.008634,2.380850,2.365964,0.173531,0.172572
110.333333,20.584353,1.742469,-2.748797,0.307314,-0.000194,0.000936,9.389073,0.008657,2.354731,2.339805,0.171845,0.170875
110.366667,20.574931,1.738572,-2.748766,0.304453,-0.000194,0.000940,9.284686,0.008680,2.328655,2.313688,0.170148,0.169167
110.400000,20.565597,1.734712,-2.748734,0.301594,-0.000193,0.000943,9.180476,0.008704,2.302622,2.287616,0.168438,0.167447
110.433333,20.556351,1.730887,-2.748703,0.298737,-0.000193,0.000947,9.076447,0.008726,2.276635,2.261589,0.166718,0.165714
110.466667,20.547194,1.727099,-2.748671,0.295881,-0.000192,0.000950,8.972609,0.008749,2.250694,2.235610,0.164985,0.163970
110.500000,20.538124,1.723346,-2.748639,0.293027,-0.000192,0.000954,8.868967,0.008772,2.224803,2.209680,0.163240,0.162214
110.533333,20.529143,1.719630,-2.748608,0.290176,-0.000191,0.000957,8.765529,0.008794,2.198963,2.183802,0.161483,0.160445
110.566667,20.520249,1.715950,-2.748576,0.287327,-0.000191,0.000961,8.662303,0.008816,2.173176,2.157976,0.159714,0.158663
110.600000,20.511443,1.712306,-2.748544,0.284481,-0.000190,0.000964,8.559295,0.008838,2.147443,2.132205,0.157932,0.156869
110.633333,20.502725,1.708698,-2.748511,0.281638,-0.000189,0.000968,8.456513,0.008859,2.121766,2.106491,0.156138,0.155062
110.666667,20.494094,1.705126,-2.748479,0.278797,-0.000189,0.000971,8.353964,0.008881,2.096147,2.080835,0.154331,0.153243
110.700000,20.485551,1.701589,-2.748447,0.275960,-0.000188,0.000974,8.251655,0.008902,2.070588,2.055240,0.152511,0.151410
110.733333,20.477096,1.698089,-2.748414,0.273126,-0.000187,0.000978,8.149595,0.008923,2.045091,2.029706,0.150678,0.149564
110.766667,20.468727,1.694625,-2.748381,0.270296,-0.000187,0.000981,8.047789,0.008944,2.019658,2.004237,0.148832,0.147704
110.800000,20.460446,1.691196,-2.748349,0.267469,-0.000186,0.000984,7.946245,0.008965,1.994290,1.978833,0.146973,0.145832
110.833333,20.452252,1.687804,-2.748316,0.264647,-0.000185,0.000987,7.844972,0.008986,1.968989,1.953497,0.145101,0.143945
110.866667,20.444145,1.684447,-2.748283,0.261828,-0.000184,0.000990,7.743977,0.009006,1.943758,1.928230,0.143215,0.142044
110.900000,20.436125,1.681125,-2.748250,0.259014,-0.000183,0.000994,7.643266,0.009026,1.918598,1.903035,0.141315,0.140130
110.933333,20.428192,1.677840,-2.748217,0.256204,-0.000183,0.000997,7.542848,0.009046,1.893511,1.877913,0.139401,0.138201
110.966667,20.420345,1.674589,-2.748183,0.253399,-0.000182,0.001000,7.442730,0.009066,1.868498,1.852867,0.137473,0.136258
111.000000,20.412584,1.671375,-2.748150,0.250598,-0.000181,0.001003,7.342920,0.009086,1.843563,1.827897,0.135531,0.134300
111.033333,20.404910,1.668196,-2.748116,0.247803,-0.000180,0.001006,7.243426,0.009106,1.818706,1.803007,0.133574,0.132327
111.066667,20.397322,1.665052,-2.748083,0.245013,-0.000179,0.001009,7.144254,0.009125,1.793930,1.778197,0.131603,0.130340
111.100000,20.389820,1.661944,-2.748049,0.242228,-0.000178,0.001012,7.045414,0.009144,1.769237,1.753470,0.129617,0.128337
111.133333,20.382403,1.658871,-2.748015,0.239449,-0.000177,0.001015,6.946912,0.009164,1.744628,1.728829,0.127616,0.126319
111.166667,20.375072,1.655833,-2.747982,0.236676,-0.000176,0.001018,6.848757,0.009182,1.720105,1.704273,0.125600,0.124286
111.200000,20.367827,1.652830,-2.747948,0.233909,-0.000175,0.001020,6.750956,0.009201,1.695671,1.679807,0.123568,0.122236
111.233333,20.360667,1.649862,-2.747914,0.231148,-0.000174,0.001023,6.653518,0.009220,1.671327,1.655431,0.121521,0.120171
111.266667,20.353591,1.646930,-2.747879,0.228394,-0.000173,0.001026,6.556449,0.009238,1.647076,1.631148,0.119458,0.118090
111.300000,20.346601,1.644032,-2.747845,0.225646,-0.000172,0.001029,6.459758,0.009256,1.622919,1.606960,0.117379,0.115992
111.333333,20.339695,1.641169,-2.747811,0.222905,-0.000171,0.001032,6.363453,0.009275,1.598859,1.582868,0.115283,0.113877
111.366667,20.332873,1.638341,-2.747776,0.220171,-0.000170,0.001034,6.267542,0.009292,1.574896,1.558875,0.113172,0.111745
111.400000,20.326136,1.635547,-2.747742,0.217444,-0.000168,0.001037,6.172033,0.009310,1.551034,1.534982,0.111043,0.109597
111.433333,20.319483,1.632788,-2.747707,0.214724,-0.000167,0.001040,6.076934,0.009328,1.527275,1.511192,0.108898,0.107430
111.466667,20.312913,1.630064,-2.747673,0.212013,-0.000166,0.001042,5.982253,0.009345,1.503619,1.487507,0.106735,0.105247
111.500000,20.306427,1.627373,-2.747638,0.209309,-0.000165,0.001045,5.887999,0.009362,1.480071,1.463929,0.104555,0.103045
111.533333,20.300024,1.624718,-2.747603,0.206613,-0.000164,0.001048,5.794178,0.009379,1.456630,1.440459,0.102358,0.100825
111.566667,20.293703,1.622096,-2.747568,0.203925,-0.000162,0.001050,5.700801,0.009396,1.433300,1.417100,0.100142,0.098586
111.600000,20.287466,1.619508,-2.747533,0.201246,-0.000161,0.001053,5.607874,0.009412,1.410082,1.393854,0.097908,0.096329
111.633333,20.281311,1.616955,-2.747498,0.198575,-0.000160,0.001055,5.515406,0.009429,1.386979,1.370723,0.095656,0.094053
111.666667,20.275238,1.614435,-2.747463,0.195913,-0.000159,0.001058,5.423405,0.009445,1.363993,1.347709,0.093385,0.091757
111.700000,20.269247,1.611949,-2.747427,0.193260,-0.000158,0.001060,5.331880,0.009460,1.341125,1.324814,0.091095,0.089442
111.733333,20.263338,1.609497,-2.747392,0.190617,-0.000156,0.001063,5.240839,0.009476,1.318378,1.302041,0.088785,0.087106
111.766667,20.257510,1.607078,-2.747356,0.187983,-0.000155,0.001065,5.150290,0.009491,1.295754,1.279391,0.086456,0.084751
111.800000,20.251763,1.604693,-2.747321,0.185359,-0.000154,0.001068,5.060242,0.009506,1.273255,1.256866,0.084107,0.082374
111.833333,20.246097,1.602340,-2.747285,0.182744,-0.000152,0.001070,4.970703,0.009520,1.250883,1.234469,0.081737,0.079977
111.866667,20.240511,1.600022,-2.747250,0.180140,-0.000151,0.001072,4.881682,0.009534,1.228640,1.212201,0.079347,0.077558
111.900000,20.235005,1.597736,-2.747214,0.177546,-0.000150,0.001075,4.793187,0.009548,1.206528,1.190066,0.076936,0.075117
111.933333,20.229579,1.595483,-2.747178,0.174963,-0.000148,0.001077,4.705227,0.009561,1.184549,1.168064,0.074503,0.072654
111.966667,20.224233,1.593263,-2.747142,0.172391,-0.000147,0.001079,4.617810,0.009574,1.162706,1.146199,0.072049,0.070169
112.000000,20.218965,1.591075,-2.747106,0.169829,-0.000146,0.001081,4.530945,0.009586,1.141000,1.124472,0.069572,0.067661
112.033333,20.213777,1.588920,-2.747070,0.167279,-0.000144,0.001083,4.444641,0.009598,1.119434,1.102886,0.067074,0.065129
112.066667,20.208666,1.586798,-2.747034,0.164740,-0.000143,0.001086,4.358906,0.009609,1.098010,1.081443,0.064552,0.062574
112.100000,20.203634,1.584707,-2.746997,0.162212,-0.000142,0.001088,4.273750,0.009619,1.076730,1.060145,0.062007,0.059995
112.133333,20.198679,1.582649,-2.746961,0.159697,-0.000140,0.001090,4.189179,0.009629,1.055596,1.038994,0.059438,0.057390
112.166667,20.193802,1.580622,-2.746925,0.157194,-0.000139,0.001092,4.105205,0.009638,1.034610,1.017993,0.056845,0.054761
112.200000,20.189002,1.578628,-2.746888,0.154703,-0.000137,0.001094,4.021835,0.009646,1.013774,0.997143,0.054228,0.052106
112.233333,20.184278,1.576665,-2.746852,0.152224,-0.000136,0.001096,3.939078,0.009653,0.993091,0.976448,0.051585,0.049425
112.266667,20.179630,1.574733,-2.746815,0.149759,-0.000134,0.001098,3.856943,0.009659,0.972562,0.955909,0.048917,0.046718
112.300000,20.175058,1.572833,-2.746779,0.147306,-0.000133,0.001100,3.775439,0.009664,0.952190,0.935529,0.046222,0.043983
112.333333,20.170562,1.570964,-2.746742,0.144867,-0.000132,0.001101,3.694575,0.009667,0.931978,0.915310,0.043502,0.041221
112.366667,20.166140,1.569126,-2.746705,0.142441,-0.000130,0.001103,3.614360,0.009669,0.911926,0.895254,0.040754,0.038431
112.400000,20.161793,1.567319,-2.746669,0.140028,-0.000129,0.001105,3.534803,0.009670,0.892037,0.875364,0.037978,0.035611
112.433333,20.157520,1.565543,-2.746632,0.137630,-0.000127,0.001106,3.455913,0.009669,0.872314,0.855643,0.035174,0.032763
112.466667,20.153321,1.563796,-2.746595,0.135245,-0.000126,0.001108,3.377698,0.009666,0.852758,0.836092,0.032341,0.029884
112.500000,20.149195,1.562081,-2.746558,0.132875,-0.000124,0.001109,3.300169,0.009661,0.833371,0.816714,0.029479,0.026975
112.533333,20.145141,1.560395,-2.746521,0.130520,-0.000123,0.001111,3.223335,0.009654,0.814156,0.797511,0.026587,0.024035
112.566667,20.141160,1.558739,-2.746484,0.128180,-0.000121,0.001112,3.147204,0.009645,0.795115,0.778487,0.023664,0.021063
112.600000,20.137251,1.557113,-2.746447,0.125854,-0.000120,0.001113,3.071785,0.009632,0.776250,0.759643,0.020710,0.018059
112.633333,20.133413,1.555517,-2.746410,0.123544,-0.000118,0.001114,2.997088,0.009617,0.757562,0.740982,0.017723,0.015021
112.666667,20.129647,1.553950,-2.746372,0.121249,-0.000117,0.001115,2.923123,0.009598,0.739055,0.722507,0.014704,0.011950
112.700000,20.125950,1.552412,-2.746335,0.118970,-0.000115,0.001116,2.849898,0.009575,0.720729,0.704220,0.011651,0.008843
112.733333,20.122324,1.550903,-2.746298,0.116707,-0.000114,0.001116,2.777423,0.009549,0.702587,0.686124,0.008563,0.005702
112.766667,20.118767,1.549423,-2.746261,0.114461,-0.000112,0.001117,2.705707,0.009517,0.684631,0.668222,0.005440,0.002525
112.800000,20.115278,1.547971,-2.746224,0.112231,-0.000111,0.001117,2.634760,0.009481,0.666863,0.650517,0.002280,0.000000
112.833333,20.111859,1.546548,-2.746186,0.110017,-0.000109,0.001117,2.564590,0.009439,0.649284,0.633011,0.000000,0.000000
112.866667,20.108507,1.545152,-2.746149,0.107821,-0.000108,0.001117,2.495209,0.009390,0.631897,0.615707,0.000000,0.000000
112.900000,20.105222,1.543785,-2.746112,0.105641,-0.000106,0.001117,2.426624,0.009335,0.614703,0.598609,0.000000,0.000000
112.933333,20.102005,1.542446,-2.746075,0.103480,-0.000105,0.001116,2.358846,0.009271,0.597704,0.581719,0.000000,0.000000
112.966667,20.098853,1.541134,-2.746037,0.101335,-0.000103,0.001115,2.291884,0.009199,0.580902,0.565040,0.000000,0.000000
113.000000,20.095768,1.539849,-2.746000,0.099209,-0.000102,0.001114,2.225748,0.009118,0.564297,0.548577,0.000000,0.000000
113.033333,20.092748,1.538591,-2.745963,0.097101,-0.000100,0.001112,2.160447,0.009025,0.547892,0.532332,0.000000,0.000000
113.066667,20.089792,1.537360,-2.745926,0.095012,-0.000099,0.001110,2.095991,0.008920,0.531687,0.516308,0.000000,0.000000
113.100000,20.086900,1.536156,-2.745889,0.092941,-0.000097,0.001107,2.032390,0.008801,0.515685,0.500510,0.000000,0.000000
113.133333,20.084072,1.534978,-2.745852,0.090889,-0.000095,0.001104,1.969653,0.008668,0.499885,0.484941,0.000000,0.000000
113.166667,20.081306,1.533826,-2.745816,0.088856,-0.000094,0.001101,1.907791,0.008516,0.484290,0.469606,0.000000,0.000000
113.200000,20.078603,1.532700,-2.745779,0.086842,-0.000092,0.001096,1.846813,0.008346,0.468898,0.454508,0.000000,0.000000
113.233333,20.075962,1.531599,-2.745743,0.084849,-0.000091,0.001091,1.786728,0.008154,0.453711,0.439653,0.000000,0.000000
113.266667,20.073382,1.530524,-2.745706,0.082875,-0.000089,0.001086,1.727548,0.007937,0.438730,0.425044,0.000000,0.000000
113.300000,20.070862,1.529474,-2.745670,0.080921,-0.000088,0.001079,1.669281,0.007693,0.423952,0.410688,0.000000,0.000000
113.333333,20.068402,1.528449,-2.745634,0.078988,-0.000086,0.001071,1.611937,0.007418,0.409379,0.396590,0.000000,0.000000
113.366667,20.066001,1.527448,-2.745599,0.077075,-0.000084,0.001062,1.555528,0.007107,0.395009,0.382755,0.000000,0.000000
113.400000,20.063659,1.526472,-2.745564,0.075184,-0.000083,0.001052,1.500061,0.006757,0.380840,0.369190,0.000000,0.000000
113.433333,20.061374,1.525520,-2.745529,0.073313,-0.000081,0.001041,1.445549,0.006361,0.366871,0.355903,0.000000,0.000000
113.466667,20.059147,1.524591,-2.745494,0.071464,-0.000079,0.001028,1.392000,0.005914,0.353098,0.342901,0.000000,0.000000
113.500000,20.056977,1.523686,-2.745460,0.069637,-0.000078,0.001013,1.339424,-1.689140,-1.121299,1.791011,-0.133738,0.131369
113.533333,20.054862,1.522805,-2.745427,0.067832,-0.000076,-0.015929,1.287833,-1.839873,-1.264139,1.908056,-0.143918,0.140513
113.566667,20.052803,1.521946,-2.746522,0.066049,-0.000000,-0.016018,1.237235,1.541633,1.638302,-1.019685,0.118705,-0.126295
113.600000,20.050798,1.521110,-2.746494,0.064288,0.000000,0.000822,1.187642,1.691957,1.755494,-1.161673,0.128502,-0.136648
113.633333,20.048847,1.520296,-2.746467,0.062550,-0.000000,0.000812,1.139063,0.004743,0.288855,0.280677,0.000000,0.000000
113.666667,20.046949,1.519505,-2.746440,0.060835,0.000000,0.000801,1.091509,0.004502,0.276758,0.268996,0.000000,0.000000
113.700000,20.045103,1.518735,-2.746414,0.059144,0.000000,0.000789,1.044990,0.004244,0.264906,0.257589,0.000000,0.000000
113.733333,20.043310,1.517987,-2.746388,0.057475,0.000000,0.000777,0.999516,0.003968,0.253300,0.246458,0.000000,0.000000
113.766667,20.041567,1.517260,-2.746362,0.055831,0.000000,0.000763,0.955098,0.003673,0.241941,0.235609,0.000000,0.000000
113.800000,20.039874,1.516553,-2.746337,0.054211,-0.000000,0.000749,0.911746,0.003356,0.230830,0.225043,0.000000,0.000000
113.833333,20.038231,1.515868,-2.746312,0.052615,0.000000,0.000734,0.869471,-0.032456,0.189389,0.245347,0.000000,0.000000
113.866667,20.036637,1.515203,-2.746288,0.051044,0.000000,0.000363,0.828283,-0.070377,0.146401,0.267741,0.000000,0.000000
113.900000,20.035090,1.514557,-2.746288,0.049497,0.000001,0.000000,0.788192,-0.036325,0.165733,0.228363,0.000000,0.000000
113.933333,20.033591,1.513932,-2.746288,0.047976,0.000002,0.000000,0.749209,0.000000,0.187302,0.187302,0.000000,0.000000
113.966667,20.032138,1.513325,-2.746288,0.046480,0.000003,0.000000,0.711345,0.000000,0.177836,0.177836,0.000000,0.000000
114.000000,20.030731,1.512738,-2.746288,0.045010,0.000004,0.000000,0.674610,0.000000,0.168652,0.168652,0.000000,0.000000
114.033333,20.029369,1.512170,-2.746288,0.043566,0.000005,0.000000,0.639014,0.000000,0.159754,0.159754,0.000000,0.000000
114.066667,20.028051,1.511619,-2.746288,0.042148,0.000006,0.000000,0.604570,0.000000,0.151142,0.151142,0.000000,0.000000
114.100000,20.026776,1.511087,-2.746288,0.040756,0.000006,0.000000,0.571286,0.000000,0.142821,0.142821,0.000000,0.000000
114.133333,20.025543,1.510572,-2.746288,0.039392,0.000007,0.000000,0.539174,0.000000,0.134793,0.134793,0.000000,0.000000
114.166667,20.024352,1.510075,-2.746288,0.038054,0.000007,0.000000,0.508245,0.000000,0.127061,0.127061,0.000000,0.000000
114.200000,20.023202,1.509595,-2.746288,0.036744,0.000007,0.000000,0.478509,0.000000,0.119627,0.119627,0.000000,0.000000
114.233333,20.022091,1.509131,-2.746288,0.035461,0.000008,0.000000,0.449977,0.000000,0.112494,0.112494,0.000000,0.000000
114.266667,20.021020,1.508684,-2.746288,0.034206,0.000008,0.000000,0.422660,0.000000,0.105665,0.105665,0.000000,0.000000
114.300000,20.019987,1.508253,-2.746288,0.032979,0.000008,0.000000,0.396570,0.000000,0.099142,0.099142,0.000000,0.000000
114.333333,20.018991,1.507837,-2.746288,0.031781,0.000008,0.000000,0.371716,0.000000,0.092929,0.092929,0.000000,0.000000
114.366667,20.018031,1.507436,-2.746288,0.030611,0.000008,0.000000,0.348110,0.000000,0.087027,0.087027,0.000000,0.000000
114.400000,20.017107,1.507050,-2.746288,0.029471,0.000008,0.000000,0.325763,0.000000,0.081441,0.081441,0.000000,0.000000
114.433333,20.016218,1.506679,-2.746288,0.028360,0.000008,0.000000,0.304686,0.000000,0.076171,0.076171,0.000000,0.000000
114.466667,20.015362,1.506322,-2.746288,0.027278,0.000008,0.000000,0.284889,0.000000,0.071222,0.071222,0.000000,0.000000
114.500000,20.014540,1.505978,-2.746288,0.026226,0.000008,0.000000,0.266385,0.000000,0.066596,0.066596,0.000000,0.000000
114.533333,20.013749,1.505648,-2.746288,0.025204,0.000007,0.000000,0.249183,0.000000,0.062296,0.062296,0.000000,0.000000
114.566667,20.012989,1.505330,-2.746288,0.024213,0.000007,0.000000,0.233296,0.000000,0.058324,0.058324,0.000000,0.000000
114.600000,20.012259,1.505025,-2.746288,0.023252,0.000007,0.000000,0.218735,0.000000,0.054684,0.054684,0.000000,0.000000
114.633333,20.011558,1.504733,-2.746288,0.022323,0.000006,0.000000,0.205510,0.000000,0.051377,0.051377,0.000000,0.000000
114.666667,20.010885,1.504452,-2.746288,0.021425,0.000006,0.000000,0.193633,0.000000,0.048408,0.048408,0.000000,0.000000
114.700000,20.010240,1.504182,-2.746288,0.020558,0.000005,0.000000,0.183115,0.000000,0.045779,0.045779,0.000000,0.000000
114.733333,20.009620,1.503924,-2.746288,0.019723,0.000005,0.000000,0.173967,0.000000,0.043492,0.043492,0.000000,0.000000
114.766667,20.009026,1.503676,-2.746288,0.018920,0.000004,0.000000,0.166202,0.000000,0.041550,0.041550,0.000000,0.000000
114.800000,20.008456,1.503437,-2.746288,0.018150,0.000004,0.000000,0.159830,0.000000,0.039957,0.039957,0.000000,0.000000
114.833333,20.007909,1.503209,-2.746288,0.017413,0.000003,0.000000,0.154862,0.000000,0.038715,0.038715,0.000000,0.000000
114.866667,20.007384,1.502990,-2.746288,0.016708,0.000003,0.000000,0.151310,0.000000,0.037828,0.037828,0.000000,0.000000
114.900000,20.006881,1.502780,-2.746288,0.016037,0.000002,0.000000,0.149186,0.000000,0.037297,0.037297,0.000000,0.000000
114.933333,20.006397,1.502578,-2.746288,0.015400,0.000002,0.000000,0.148502,0.000000,0.037125,0.037125,0.000000,0.000000
114.966667,20.005933,1.502384,-2.746288,0.014796,0.000001,0.000000,0.149267,0.000000,0.037317,0.037317,0.000000,0.000000
115.000000,20.005487,1.502198,-2.746288,0.014227,0.000000,0.000000,0.151495,0.000000,0.037874,0.037874,0.000000,0.000000
115.033333,20.005057,1.502019,-2.746288,0.013692,-0.000000,0.000000,0.155197,0.000000,0.038799,0.038799,0.000000,0.000000
115.066667,20.004644,1.501846,-2.746288,0.013192,-0.000001,0.000000,0.160384,0.000000,0.040096,0.040096,0.000000,0.000000
115.100000,20.004245,1.501680,-2.746288,0.012727,-0.000001,0.000000,0.167069,0.000000,0.041767,0.041767,0.000000,0.000000
115.133333,20.003861,1.501520,-2.746288,0.012298,-0.000002,0.000000,0.175262,0.000000,0.043815,0.043815,0.000000,0.000000
115.166667,20.003488,1.501364,-2.746288,0.011904,-0.000002,0.000000,0.184976,0.000000,0.046244,0.046244,0.000000,0.000000
115.200000,20.003128,1.501214,-2.746288,0.011547,-0.000003,0.000000,0.196222,0.000000,0.049055,0.049055,0.000000,0.000000
115.233333,20.002778,1.501068,-2.746288,0.011225,-0.000003,0.000000,0.209012,0.000000,0.052253,0.052253,0.000000,0.000000
115.266667,20.002437,1.500926,-2.746288,0.010941,-0.000004,0.000000,0.223359,0.000000,0.055840,0.055840,0.000000,0.000000
115.300000,20.002104,1.500787,-2.746288,0.010693,-0.000004,0.000000,0.239273,0.000000,0.059818,0.059818,0.000000,0.000000
115.333333,20.001778,1.500651,-2.746288,0.010482,-0.000004,0.000000,0.256767,0.000000,0.064192,0.064192,0.000000,0.000000
115.366667,20.001458,1.500518,-2.746288,0.010310,-0.000005,0.000000,0.275853,0.000000,0.068963,0.068963,0.000000,0.000000
115.400000,20.001143,1.500387,-2.746288,0.010175,-0.000005,0.000000,0.296543,0.000000,0.074136,0.074136,0.000000,0.000000
115.433333,20.000832,1.500257,-2.746288,0.010078,-0.000005,0.000000,0.318848,0.000000,0.079712,0.079712,0.000000,0.000000
115.466667,20.000523,1.500128,-2.746288,0.010020,-0.000005,0.000000,0.342781,0.000000,0.085695,0.085695,0.000000,0.000000
115.500000,20.000215,1.500000,-2.746288,0.010000,-0.000005,0.000000,0.368355,0.000000,0.092089,0.092089,0.000000,0.000000
