cmd_left,cmd_right
0.0,0.0
0.0,0.0
0.0,0.0
0.0,0.0
0.0,0.0
0.0,0.0
0.0,0.0
0.0,0.0
0.0,0.0
0.0,0.0
0.0,0.0
0.0,0.0
0.0,0.0
0.0,0.0
0.0,0.0
0.0,0.0
0.0,0.0
0.0,0.0
0.0,0.0
0.0,0.0
0.0,0.0
0.0,0.0
0.0,0.0
0.0,0.0
0.0,0.0
0.0,0.0
0.0,0.0
0.0,0.0
0.0,0.0
0.0,0.0
0.0,0.0
0.0,0.0
0.0,0.0
0.0,0.0
0.0,0.0
0.0,0.0
0.0,0.0
0.0,0.0
0.0,0.0
0.0,0.0
0.0,0.0
0.0,0.0
0.0,0.0
0.0,0.0
0.0,0.0
0.0,0.0
0.0,0.0
0.0,0.0
0.0,0.0
0.0,0.0
0.0,0.0
0.0,0.0
0.0,0.0
0.0,0.0
0.0,0.0
0.0,0.0
0.0,0.0
0.0,0.0
0.0,0.0
0.0,0.0
0.0,0.0
0.0,0.0
0.0,0.0
0.0,0.0
0.0,0.0
0.0,0.0
0.0,0.0
0.0,0.0
0.0,0.0
0.0,0.0
0.0,0.0
0.0,0.0
0.0,0.0
0.0,0.0
0.0,0.0
0.0,0.0
0.0,0.0
0.0,0.0
0.0,0.0
0.0,0.0
0.0,0.0
0.0,0.0
0.0,0.0
0.0,0.0
0.0,0.0
0.0,0.0
0.0,0.0
0.0,0.0
0.0,0.0
0.0,0.0
0.0,0.0
0.0,0.0
0.0,0.0
0.0,0.0
0.0,0.0
0.0,0.0
0.0,0.0
0.0,0.0
0.0,0.0
0.0,0.0
0.0,0.0
0.0,0.0
0.0,0.0
0.0,0.0
0.0,0.0
0.0,0.0
0.0,0.0
0.0,0.0
0.0,0.0
0.0,0.0
0.0,0.0
0.0,0.0
0.0,0.0
0.0,0.0
0.0,0.0
0.0,0.0
0.0,0.0
0.0,0.0
0.0,0.0
0.0,0.0
0.0,0.0
0.0,0.0
0.0,0.0
0.0,0.0
0.0,0.0
0.0,0.0
0.0,0.0
0.0,0.0
0.0,0.0
0.0,0.0
0.0,0.0
0.0,0.0
0.0,0.0
0.0,0.0
0.0,0.0
0.0,0.0
0.0,0.0
0.0,0.0
0.0,0.0
0.0,0.0
0.0,0.0
0.0,0.0
0.0,0.0
0.0,0.0
0.0,0.0
0.0,0.0
0.0,0.0
0.0,0.0
0.0,0.0
0.0,0.0
0.0,0.0
0.0,0.0
0.0,0.0
0.0,0.0
0.0,0.0
0.0,0.0
0.0,0.0
0.0,0.0
0.0,0.0
0.0,0.0
0.0,0.0
0.0,0.0
0.0,0.0
0.0,0.0
0.0,0.0
0.0,0.0
0.0,0.0
0.0,0.0
0.0,0.0
0.0,0.0
0.0,0.0
0.0,0.0
0.0,0.0
0.0,0.0
0.0,0.0
0.0,0.0
0.0,0.0
0.0,0.0
0.0,0.0
0.0,0.0
0.0,0.0
0.0,0.0
0.0,0.0
0.0,0.0
0.0,0.0
0.0,0.0
0.0,0.0
0.0,0.0
0.0,0.0
0.0,0.0
0.0,0.0
0.0,0.0
0.0,0.0
0.0,0.0
0.0,0.0
0.0,0.0
0.0,0.0
0.0,0.0
0.0,0.0
0.0,0.0
0.0,0.0
0.0,0.0
0.0,0.0
0.0,0.0
0.0,0.0
0.0,0.0
0.0,0.0
0.0,0.0
0.0,0.0
0.0,0.0
0.0,0.0
0.0,0.0
0.0,0.0
0.0,0.0
0.0,0.0
0.0,0.0
0.0,0.0
0.0,0.0
0.0,0.0
0.0,0.0
0.0,0.0
0.0,0.0
0.0,0.0
0.0,0.0
0.0,0.0
0.0,0.0
0.0,0.0
0.0,0.0
0.0,0.0
0.0,0.0
0.0,0.0
0.0,0.0
0.0,0.0
0.0,0.0
0.0,0.0
0.0,0.0
0.0,0.0
0.0,0.0
0.0,0.0
0.0,0.0
0.0,0.0
0.0,0.0
0.0,0.0
0.0,0.0
0.0,0.0
0.0,0.0
0.0,0.0
0.0,0.0
0.0,0.0
0.0,0.0
0.0,0.0
0.0,0.0
0.0,0.0
0.0,0.0
0.0,0.0
0.0,0.0
0.0,0.0
0.0,0.0
0.0,0.0
0.0,0.0
0.0,0.0
0.0,0.0
0.0,0.0
0.0,0.0
0.0,0.0
0.0,0.0
0.0,0.0
0.0,0.0
0.0,0.0
0.0,0.0
0.0,0.0
0.0,0.0
0.0,0.0
0.0,0.0
0.0,0.0
0.0,0.0
0.0,0.0
0.0,0.0
0.0,0.0
0.0,0.0
0.0,0.0
0.0,0.0
0.0,0.0
0.0,0.0
0.0,0.0
0.0,0.0
0.0,0.0
0.0,0.0
0.0,0.0
0.0,0.0
0.0,0.0
0.0,0.0
0.0,0.0
0.0,0.0
0.0,0.0
0.0,0.0
0.0,0.0
0.0,0.0
0.0,0.0
0.0,0.0
0.0,0.0
0.0,0.0
0.0,0.0
0.0,0.0
0.0,0.0
0.0,0.0
0.0,0.0
0.0,0.0
0.0,0.0
0.0,0.0
0.0,0.0
0.0,0.0
0.0,0.0
0.0,0.0
0.0,0.0
0.0,0.0
0.0,0.0
0.0,0.0
0.0,0.0
0.0,0.0
0.0,0.0
0.0,0.0
0.0,0.0
0.0,0.0
0.0,0.0
0.0,0.0
0.0,0.0
0.0,0.0
0.0,0.0
0.0,0.0
0.0,0.0
0.0,0.0
0.0,0.0
0.0,0.0
0.0,0.0
0.0,0.0
0.0,0.0
0.0,0.0
0.0,0.0
0.0,0.0
0.0,0.0
0.0,0.0
0.0,0.0
0.0,0.0
0.0,0.0
0.0,0.0
0.0,0.0
0.0,0.0
0.0,0.0
0.0,0.0
0.0,0.0
0.0,0.0
0.0,0.0
0.0,0.0
0.0,0.0
0.0,0.0
0.0,0.0
0.0,0.0
0.0,0.0
0.0,0.0
0.0,0.0
0.0,0.0
0.0,0.0
0.0,0.0
0.0,0.0
0.0,0.0
0.0,0.0
0.0,0.0
0.0,0.0
0.0,0.0
0.0,0.0
0.0,0.0
0.0,0.0
0.0,0.0
0.0,0.0
0.0,0.0
0.0,0.0
0.0,0.0
0.0,0.0
0.0,0.0
0.0,0.0
0.0,0.0
0.0,0.0
0.0,0.0
0.0,0.0
0.0,0.0
0.0,0.0
0.0,0.0
0.0,0.0
0.0,0.0
0.0,0.0
0.0,0.0
0.0,0.0
0.0,0.0
0.0,0.0
0.0,0.0
0.0,0.0
0.0,0.0
0.0,0.0
0.0,0.0
0.0,0.0
0.0,0.0
0.0,0.0
0.0,0.0
0.0,0.0
0.0,0.0
0.0,0.0
0.0,0.0
0.0,0.0
0.0,0.0
0.0,0.0
0.0,0.0
0.0,0.0
0.0,0.0
0.0,0.0
0.0,0.0
0.0,0.0
0.0,0.0
0.0,0.0
0.0,0.0
0.0,0.0
0.0,0.0
0.0,0.0
0.0,0.0
0.0,0.0
0.0,0.0
0.0,0.0
0.0,0.0
0.0,0.0
0.0,0.0
0.0,0.0
0.0,0.0
0.0,0.0
0.0,0.0
0.0,0.0
0.0,0.0
0.0,0.0
0.0,0.0
0.0,0.0
0.0,0.0
0.0,0.0
0.0,0.0
0.0,0.0
0.0,0.0
0.0,0.0
0.0,0.0
0.0,0.0
0.0,0.0
0.0,0.0
0.0,0.0
0.0,0.0
0.0,0.0
0.0,0.0
0.0,0.0
0.0,0.0
0.0,0.0
0.0,0.0
0.0,0.0
0.0,0.0
0.0,0.0
0.0,0.0
0.0,0.0
0.0,0.0
0.0,0.0
0.0,0.0
0.0,0.0
0.0,0.0
0.0,0.0
0.0,0.0
0.0,0.0
0.0,0.0
0.0,0.0
0.0,0.0
0.0,0.0
0.0,0.0
0.0,0.0
0.0,0.0
0.0,0.0
0.0,0.0
0.0,0.0
0.0,0.0
0.0,0.0
0.0,0.0
0.0,0.0
0.0,0.0
0.0,0.0
0.0,0.0
0.0,0.0
0.0,0.0
0.0,0.0
0.0,0.0
0.0,0.0
0.0,0.0
0.0,0.0
0.0,0.0
0.0,0.0
0.0,0.0
0.0,0.0
0.0,0.0
0.0,0.0
0.0,0.0
0.0,0.0
0.0,0.0
0.0,0.0
0.0,0.0
0.0,0.0
0.0105,0.0105
0.0123,0.0123
0.014,0.014
0.0157,0.0157
0.0175,0.0175
0.0193,0.0193
0.021,0.021
0.0227,0.0227
0.0245,0.0245
0.0263,0.0263
0.028,0.028
0.0297,0.0297
0.0315,0.0315
0.0333,0.0333
0.035,0.035
0.0367,0.0367
0.0385,0.0385
0.0403,0.0403
0.042,0.042
0.0438,0.0438
0.0455,0.0455
0.0473,0.0473
0.049,0.049
0.0508,0.0508
0.0525,0.0525
0.0543,0.0543
0.056,0.056
0.0578,0.0578
0.0595,0.0595
0.0613,0.0613
0.063,0.063
0.0648,0.0648
0.0665,0.0665
0.0682,0.0682
0.07,0.07
0.0718,0.0718
0.0735,0.0735
0.0752,0.0752
0.077,0.077
0.0788,0.0788
0.0805,0.0805
0.0822,0.0822
0.084,0.084
0.0858,0.0858
0.0875,0.0875
0.0892,0.0892
0.091,0.091
0.0928,0.0928
0.0945,0.0945
0.0962,0.0962
0.098,0.098
0.0998,0.0998
0.1015,0.1015
0.1032,0.1032
0.105,0.105
0.1068,0.1068
0.1085,0.1085
0.1102,0.1102
0.112,0.112
0.1138,0.1138
0.1155,0.1155
0.1172,0.1172
0.119,0.119
0.1208,0.1208
0.1225,0.1225
0.1242,0.1242
0.126,0.126
0.1278,0.1278
0.1295,0.1295
0.1312,0.1312
0.133,0.133
0.1348,0.1348
0.1365,0.1365
0.1382,0.1382
0.14,0.14
0.1418,0.1418
0.1435,0.1435
0.1452,0.1452
0.147,0.147
0.1488,0.1488
0.1505,0.1505
0.1522,0.1522
0.154,0.154
0.1557,0.1557
0.1575,0.1575
0.1592,0.1592
0.161,0.161
0.1627,0.1627
0.1645,0.1645
0.1662,0.1662
0.168,0.168
0.1697,0.1697
0.1715,0.1715
0.1733,0.1733
0.175,0.175
0.1767,0.1767
0.1785,0.1785
0.1803,0.1803
0.182,0.182
0.1837,0.1837
0.1855,0.1855
0.1873,0.1873
0.189,0.189
0.1907,0.1907
0.1925,0.1925
0.1943,0.1943
0.196,0.196
0.1977,0.1977
0.1995,0.1995
0.2013,0.2013
0.203,0.203
0.2047,0.2047
0.2065,0.2065
0.2083,0.2083
0.21,0.21
0.2118,0.2118
0.2135,0.2135
0.2153,0.2153
0.217,0.217
0.2188,0.2188
0.2205,0.2205
0.2223,0.2223
0.224,0.224
0.2258,0.2258
0.2275,0.2275
0.2293,0.2293
0.231,0.231
0.2328,0.2328
0.2345,0.2345
0.2363,0.2363
0.238,0.238
0.2398,0.2398
0.2415,0.2415
0.2433,0.2433
0.245,0.245
0.2468,0.2468
0.2485,0.2485
0.2502,0.2502
0.252,0.252
0.2538,0.2538
0.2555,0.2555
0.2572,0.2572
0.259,0.259
0.2608,0.2608
0.2625,0.2625
0.2642,0.2642
0.266,0.266
0.2678,0.2678
0.2695,0.2695
0.2712,0.2712
0.273,0.273
0.2748,0.2748
0.2765,0.2765
0.2782,0.2782
0.28,0.28
0.2818,0.2818
0.2835,0.2835
0.2852,0.2852
0.287,0.287
0.2888,0.2888
0.2905,0.2905
0.2922,0.2922
0.294,0.294
0.2958,0.2958
0.2975,0.2975
0.2992,0.2992
0.301,0.301
0.3028,0.3028
0.3045,0.3045
0.3062,0.3062
0.308,0.308
0.3098,0.3098
0.3115,0.3115
0.3132,0.3132
0.315,0.315
0.3168,0.3168
0.3185,0.3185
0.3202,0.3202
0.322,0.322
0.3238,0.3238
0.3255,0.3255
0.3272,0.3272
0.329,0.329
0.3308,0.3308
0.3325,0.3325
0.3342,0.3342
0.336,0.336
0.3377,0.3377
0.3395,0.3395
0.3412,0.3412
0.343,0.343
0.3447,0.3447
0.3465,0.3465
0.3482,0.3482
0.35,0.35
0.35,0.35
0.35,0.35
0.35,0.35
0.35,0.35
0.35,0.35
0.35,0.35
0.35,0.35
0.35,0.35
0.35,0.35
0.35,0.35
0.35,0.35
0.35,0.35
0.35,0.35
0.35,0.35
0.35,0.35
0.35,0.35
0.35,0.35
0.35,0.35
0.35,0.35
0.35,0.35
0.35,0.35
0.35,0.35
0.35,0.35
0.35,0.35
0.35,0.35
0.35,0.35
0.35,0.35
0.35,0.35
0.35,0.35
0.35,0.35
0.35,0.35
0.35,0.35
0.35,0.35
0.35,0.35
0.35,0.35
0.35,0.35
0.35,0.35
0.35,0.35
0.35,0.35
0.35,0.35
0.35,0.35
0.35,0.35
0.35,0.35
0.35,0.35
0.35,0.35
0.35,0.35
0.35,0.35
0.35,0.35
0.35,0.35
0.35,0.35
0.35,0.35
0.35,0.35
0.35,0.35
0.35,0.35
0.35,0.35
0.35,0.35
0.35,0.35
0.35,0.35
0.35,0.35
0.35,0.35
0.35,0.35
0.35,0.35
0.35,0.35
0.35,0.35
0.35,0.35
0.35,0.35
0.35,0.35
0.35,0.35
0.35,0.35
0.35,0.35
0.35,0.35
0.35,0.35
0.35,0.35
0.35,0.35
0.35,0.35
0.35,0.35
0.35,0.35
0.35,0.35
0.35,0.35
0.35,0.35
0.35,0.35
0.35,0.35
0.35,0.35
0.35,0.35
0.35,0.35
0.35,0.35
0.35,0.35
0.35,0.35
0.35,0.35
0.35,0.35
0.35,0.35
0.35,0.35
0.35,0.35
0.35,0.35
0.35,0.35
0.35,0.35
0.35,0.35
0.35,0.35
0.35,0.35
0.35,0.35
0.35,0.35
0.35,0.35
0.35,0.35
0.35,0.35
0.35,0.35
0.35,0.35
0.35,0.35
0.35,0.35
0.35,0.35
0.35,0.35
0.35,0.35
0.35,0.35
0.35,0.35
0.35,0.35
0.35,0.35
0.35,0.35
0.35,0.35
0.35,0.35
0.35,0.35
0.35,0.35
0.35,0.35
0.35,0.35
0.35,0.35
0.35,0.35
0.35,0.35
0.35,0.35
0.35,0.35
0.35,0.35
0.35,0.35
0.35,0.35
0.35,0.35
0.35,0.35
0.35,0.35
0.35,0.35
0.35,0.35
0.35,0.35
0.35,0.35
0.35,0.35
0.35,0.35
0.35,0.35
0.35,0.35
0.35,0.35
0.35,0.35
0.35,0.35
0.35,0.35
0.35,0.35
0.35,0.35
0.35,0.35
0.35,0.35
0.35,0.35
0.35,0.35
0.35,0.35
0.35,0.35
0.35,0.35
0.35,0.35
0.35,0.35
0.35,0.35
0.35,0.35
0.35,0.35
0.35,0.35
0.35,0.35
0.35,0.35
0.35,0.35
0.35,0.35
0.35,0.35
0.35,0.35
0.35,0.35
0.35,0.35
0.35,0.35
0.35,0.35
0.35,0.35
0.35,0.35
0.35,0.35
0.35,0.35
0.35,0.35
0.35,0.35
0.35,0.35
0.35,0.35
0.35,0.35
0.35,0.35
0.35,0.35
0.35,0.35
0.35,0.35
0.35,0.35
0.35,0.35
0.35,0.35
0.35,0.35
0.35,0.35
0.35,0.35
0.35,0.35
0.35,0.35
0.35,0.35
0.35,0.35
0.35,0.35
0.35,0.35
0.35,0.35
0.35,0.35
0.35,0.35
0.35,0.35
0.35,0.35
0.35,0.35
0.35,0.35
0.35,0.35
0.35,0.35
0.35,0.35
0.35,0.35
0.35,0.35
0.35,0.35
0.35,0.35
0.35,0.35
0.35,0.35
0.35,0.35
0.35,0.35
0.35,0.35
0.35,0.35
0.35,0.35
0.35,0.35
0.35,0.35
0.35,0.35
0.35,0.35
0.35,0.35
0.35,0.35
0.35,0.35
0.35,0.35
0.35,0.35
0.35,0.35
0.35,0.35
0.35,0.35
0.35,0.35
0.35,0.35
0.35,0.35
0.35,0.35
0.35,0.35
0.35,0.35
0.35,0.35
0.35,0.35
0.35,0.35
0.35,0.35
0.35,0.35
0.35,0.35
0.35,0.35
0.35,0.35
0.35,0.35
0.35,0.35
0.35,0.35
0.35,0.35
0.35,0.35
0.35,0.35
0.35,0.35
0.35,0.35
0.35,0.35
0.35,0.35
0.35,0.35
0.35,0.35
0.35,0.35
0.35,0.35
0.35,0.35
0.35,0.35
0.35,0.35
0.35,0.35
0.35,0.35
0.35,0.35
0.35,0.35
0.35,0.35
0.35,0.35
0.35,0.35
0.35,0.35
0.35,0.35
0.35,0.35
0.35,0.35
0.35,0.35
0.35,0.35
0.35,0.35
0.35,0.35
0.35,0.35
0.35,0.35
0.35,0.35
0.35,0.35
0.35,0.35
0.35,0.35
0.35,0.35
0.35,0.35
0.35,0.35
0.35,0.35
0.35,0.35
0.35,0.35
0.35,0.35
0.35,0.35
0.35,0.35
0.35,0.35
0.35,0.35
0.35,0.35
0.35,0.35
0.35,0.35
0.35,0.35
0.35,0.35
0.35,0.35
0.35,0.35
0.35,0.35
0.35,0.35
0.35,0.35
0.35,0.35
0.35,0.35
0.35,0.35
0.35,0.35
0.35,0.35
0.35,0.35
0.35,0.35
0.35,0.35
0.35,0.35
0.35,0.35
0.35,0.35
0.35,0.35
0.35,0.35
0.35,0.35
0.35,0.35
0.35,0.35
0.35,0.35
0.35,0.35
0.35,0.35
0.35,0.35
0.35,0.35
0.35,0.35
0.35,0.35
0.35,0.35
0.35,0.35
0.35,0.35
0.35,0.35
0.35,0.35
0.35,0.35
0.35,0.35
0.35,0.35
0.35,0.35
0.35,0.35
0.35,0.35
0.35,0.35
0.35,0.35
0.35,0.35
0.35,0.35
0.35,0.35
0.35,0.35
0.35,0.35
0.35,0.35
0.35,0.35
0.35,0.35
0.35,0.35
0.35,0.35
0.35,0.35
0.35,0.35
0.35,0.35
0.35,0.35
0.35,0.35
0.35,0.35
0.35,0.35
0.35,0.35
0.35,0.35
0.35,0.35
0.35,0.35
0.35,0.35
0.35,0.35
0.35,0.35
0.35,0.35
0.35,0.35
0.35,0.35
0.35,0.35
0.35,0.35
0.35,0.35
0.35,0.35
0.35,0.35
0.35,0.35
0.35,0.35
0.35,0.35
0.35,0.35
0.35,0.35
0.35,0.35
0.35,0.35
0.35,0.35
0.35,0.35
0.35,0.35
0.35,0.35
0.35,0.35
0.35,0.35
0.35,0.35
0.35,0.35
0.35,0.35
0.35,0.35
0.35,0.35
0.35,0.35
0.35,0.35
0.35,0.35
0.35,0.35
0.35,0.35
0.35,0.35
0.35,0.35
0.35,0.35
0.35,0.35
0.35,0.35
0.35,0.35
0.35,0.35
0.35,0.35
0.35,0.35
0.35,0.35
0.35,0.35
0.35,0.35
0.35,0.35
0.35,0.35
0.35,0.35
0.35,0.35
0.35,0.35
0.35,0.35
0.35,0.35
0.35,0.35
0.35,0.35
0.35,0.35
0.35,0.35
0.35,0.35
0.35,0.35
0.35,0.35
0.35,0.35
0.35,0.35
0.35,0.35
0.35,0.35
0.35,0.35
0.35,0.35
0.35,0.35
0.35,0.35
0.35,0.35
0.35,0.35
0.35,0.35
0.35,0.35
0.35,0.35
0.35,0.35
0.35,0.35
0.35,0.35
0.35,0.35
0.35,0.35
0.35,0.35
0.35,0.35
0.35,0.35
0.35,0.35
0.35,0.35
0.35,0.35
0.35,0.35
0.35,0.35
0.35,0.35
0.35,0.35
0.35,0.35
0.35,0.35
0.35,0.35
0.35,0.35
0.35,0.35
0.35,0.35
0.35,0.35
0.35,0.35
0.35,0.35
0.35,0.35
0.35,0.35
0.35,0.35
0.35,0.35
0.35,0.35
0.35,0.35
0.35,0.35
0.35,0.35
0.35,0.35
0.35,0.35
0.35,0.35
0.35,0.35
0.35,0.35
0.35,0.35
0.35,0.35
0.35,0.35
0.35,0.35
0.35,0.35
0.35,0.35
0.35,0.35
0.35,0.35
0.35,0.35
0.35,0.35
0.35,0.35
0.35,0.35
0.35,0.35
0.35,0.35
0.35,0.35
0.35,0.35
0.35,0.35
0.35,0.35
0.35,0.35
0.35,0.35
0.35,0.35
0.35,0.35
0.35,0.35
0.35,0.35
0.35,0.35
0.35,0.35
0.35,0.35
0.35,0.35
0.35,0.35
0.35,0.35
0.35,0.35
0.35,0.35
0.35,0.35
0.35,0.35
0.35,0.35
0.35,0.35
0.35,0.35
0.35,0.35
0.35,0.35
0.35,0.35
0.35,0.35
0.35,0.35
0.35,0.35
0.35,0.35
0.35,0.35
0.35,0.35
0.35,0.35
0.35,0.35
0.35,0.35
0.35,0.35
0.35,0.35
0.35,0.35
0.35,0.35
0.35,0.35
0.35,0.35
0.35,0.35
0.35,0.35
0.35,0.35
0.35,0.35
0.35,0.35
0.35,0.35
0.35,0.35
0.35,0.35
0.35,0.35
0.35,0.35
0.35,0.35
0.35,0.35
0.35,0.35
0.35,0.35
0.35,0.35
0.35,0.35
0.35,0.35
0.35,0.35
0.35,0.35
0.35,0.35
0.35,0.35
0.35,0.35
0.35,0.35
0.35,0.35
0.35,0.35
0.35,0.35
0.35,0.35
0.35,0.35
0.35,0.35
0.35,0.35
0.35,0.35
0.35,0.35
0.35,0.35
0.35,0.35
0.35,0.35
0.35,0.35
0.35,0.35
0.35,0.35
0.35,0.35
0.35,0.35
0.35,0.35
0.35,0.35
0.35,0.35
0.35,0.35
0.35,0.35
0.35,0.35
0.35,0.35
0.35,0.35
0.35,0.35
0.35,0.35
0.35,0.35
0.35,0.35
0.35,0.35
0.35,0.35
0.35,0.35
0.35,0.35
0.35,0.35
0.35,0.35
0.35,0.35
0.35,0.35
0.35,0.35
0.35,0.35
0.35,0.35
0.35,0.35
0.35,0.35
0.35,0.35
0.35,0.35
0.35,0.35
0.35,0.35
0.35,0.35
0.35,0.35
0.35,0.35
0.35,0.35
0.35,0.35
0.35,0.35
0.35,0.35
0.35,0.35
0.35,0.35
0.35,0.35
0.35,0.35
0.35,0.35
0.35,0.35
0.35,0.35
0.35,0.35
0.35,0.35
0.35,0.35
0.35,0.35
0.35,0.35
0.35,0.35
0.35,0.35
0.35,0.35
0.35,0.35
0.35,0.35
0.35,0.35
0.35,0.35
0.35,0.35
0.35,0.35
0.35,0.35
0.35,0.35
0.35,0.35
0.35,0.35
0.35,0.35
0.35,0.35
0.35,0.35
0.35,0.35
0.35,0.35
0.35,0.35
0.35,0.35
0.35,0.35
0.35,0.35
0.35,0.35
0.35,0.35
0.35,0.35
0.35,0.35
0.35,0.35
0.35,0.35
0.35,0.35
0.35,0.35
0.35,0.35
0.35,0.35
0.35,0.35
0.35,0.35
0.35,0.35
0.35,0.35
0.35,0.35
0.35,0.35
0.35,0.35
0.35,0.35
0.35,0.35
0.35,0.35
0.35,0.35
0.35,0.35
0.35,0.35
0.35,0.35
0.35,0.35
0.35,0.35
0.35,0.35
0.35,0.35
0.35,0.35
0.35,0.35
0.35,0.35
0.35,0.35
0.35,0.35
0.35,0.35
0.35,0.35
0.35,0.35
0.35,0.35
0.35,0.35
0.35,0.35
0.35,0.35
0.35,0.35
0.35,0.35
0.35,0.35
0.35,0.35
0.35,0.35
0.35,0.35
0.35,0.35
0.35,0.35
0.35,0.35
0.35,0.35
0.35,0.35
0.35,0.35
0.35,0.35
0.35,0.35
0.35,0.35
0.35,0.35
0.35,0.35
0.35,0.35
0.35,0.35
0.35,0.35
0.35,0.35
0.35,0.35
0.35,0.35
0.35,0.35
0.35,0.35
0.35,0.35
0.35,0.35
0.35,0.35
0.35,0.35
0.35,0.35
0.35,0.35
0.35,0.35
0.35,0.35
0.35,0.35
0.35,0.35
0.35,0.35
0.35,0.35
0.35,0.35
0.35,0.35
0.35,0.35
0.35,0.35
0.35,0.35
0.35,0.35
0.35,0.35
0.35,0.35
0.35,0.35
0.35,0.35
0.35,0.35
0.35,0.35
0.35,0.35
0.35,0.35
0.35,0.35
0.35,0.35
0.35,0.35
0.35,0.35
0.35,0.35
0.35,0.35
0.35,0.35
0.35,0.35
0.35,0.35
0.35,0.35
0.35,0.35
0.35,0.35
0.35,0.35
0.35,0.35
0.35,0.35
0.35,0.35
0.35,0.35
0.35,0.35
0.35,0.35
0.35,0.35
0.35,0.35
0.35,0.35
0.35,0.35
0.35,0.35
0.35,0.35
0.35,0.35
0.35,0.35
0.35,0.35
0.35,0.35
0.35,0.35
0.35,0.35
0.35,0.35
0.35,0.35
0.35,0.35
0.35,0.35
0.35,0.35
0.35,0.35
0.35,0.35
0.35,0.35
0.35,0.35
0.35,0.35
0.35,0.35
0.35,0.35
0.35,0.35
0.35,0.35
0.35,0.35
0.35,0.35
0.35,0.35
0.35,0.35
0.35,0.35
0.35,0.35
0.35,0.35
0.35,0.35
0.35,0.35
0.35,0.35
0.35,0.35
0.35,0.35
0.35,0.35
0.35,0.35
0.35,0.35
0.35,0.35
0.35,0.35
0.35,0.35
0.35,0.35
0.35,0.35
0.35,0.35
0.35,0.35
0.35,0.35
0.35,0.35
0.35,0.35
0.35,0.35
0.35,0.35
0.35,0.35
0.35,0.35
0.35,0.35
0.35,0.35
0.35,0.35
0.35,0.35
0.35,0.35
0.35,0.35
0.35,0.35
0.35,0.35
0.35,0.35
0.35,0.35
0.35,0.35
0.35,0.35
0.35,0.35
0.35,0.35
0.35,0.35
0.35,0.35
0.35,0.35
0.35,0.35
0.35,0.35
0.35,0.35
0.35,0.35
0.35,0.35
0.35,0.35
0.35,0.35
0.35,0.35
0.35,0.35
0.35,0.35
0.35,0.35
0.35,0.35
0.35,0.35
0.35,0.35
0.35,0.35
0.35,0.35
0.35,0.35
0.35,0.35
0.35,0.35
0.35,0.35
0.35,0.35
0.35,0.35
0.35,0.35
0.35,0.35
0.35,0.35
0.35,0.35
0.35,0.35
0.35,0.35
0.35,0.35
0.35,0.35
0.35,0.35
0.35,0.35
0.35,0.35
0.35,0.35
0.35,0.35
0.35,0.35
0.35,0.35
0.35,0.35
0.35,0.35
0.35,0.35
0.35,0.35
0.35,0.35
0.35,0.35
0.35,0.35
0.35,0.35
0.35,0.35
0.35,0.35
0.35,0.35
0.35,0.35
0.35,0.35
0.35,0.35
0.35,0.35
0.35,0.35
0.35,0.35
0.35,0.35
0.35,0.35
0.35,0.35
0.35,0.35
0.35,0.35
0.35,0.35
0.35,0.35
0.35,0.35
0.35,0.35
0.35,0.35
0.35,0.35
0.35,0.35
0.35,0.35
0.35,0.35
0.35,0.35
0.35,0.35
0.35,0.35
0.35,0.35
0.35,0.35
0.35,0.35
0.35,0.35
0.35,0.35
0.35,0.35
0.35,0.35
0.35,0.35
0.35,0.35
0.35,0.35
0.35,0.35
0.35,0.35
0.35,0.35
0.35,0.35
0.35,0.35
0.35,0.35
0.35,0.35
0.35,0.35
0.35,0.35
0.35,0.35
0.35,0.35
0.35,0.35
0.35,0.35
0.35,0.35
0.35,0.35
0.35,0.35
0.35,0.35
0.35,0.35
0.35,0.35
0.35,0.35
0.35,0.35
0.35,0.35
0.35,0.35
0.35,0.35
0.35,0.35
0.35,0.35
0.35,0.35
0.35,0.35
0.35,0.35
0.35,0.35
0.35,0.35
0.35,0.35
0.35,0.35
0.35,0.35
0.35,0.35
0.35,0.35
0.35,0.35
0.35,0.35
0.35,0.35
0.35,0.35
0.35,0.35
0.35,0.35
0.35,0.35
0.35,0.35
0.35,0.35
0.35,0.35
0.35,0.35
0.35,0.35
0.35,0.35
0.35,0.35
0.35,0.35
0.35,0.35
0.35,0.35
0.35,0.35
0.35,0.35
0.35,0.35
0.35,0.35
0.35,0.35
0.35,0.35
0.35,0.35
0.35,0.35
0.35,0.35
0.35,0.35
0.35,0.35
0.35,0.35
0.35,0.35
0.35,0.35
0.35,0.35
0.35,0.35
0.35,0.35
0.35,0.35
0.35,0.35
0.35,0.35
0.35,0.35
0.35,0.35
0.35,0.35
0.35,0.35
0.35,0.35
0.35,0.35
0.35,0.35
0.35,0.35
0.35,0.35
0.35,0.35
0.35,0.35
0.35,0.35
0.35,0.35
0.35,0.35
0.35,0.35
0.35,0.35
0.35,0.35
0.35,0.35
0.35,0.35
0.35,0.35
0.35,0.35
0.35,0.35
0.35,0.35
0.35,0.35
0.35,0.35
0.35,0.35
0.35,0.35
0.35,0.35
0.35,0.35
0.35,0.35
0.35,0.35
0.35,0.35
0.35,0.35
0.35,0.35
0.35,0.35
0.35,0.35
0.35,0.35
0.35,0.35
0.35,0.35
0.35,0.35
0.35,0.35
0.35,0.35
0.35,0.35
0.35,0.35
0.35,0.35
0.35,0.35
0.35,0.35
0.35,0.35
0.35,0.35
0.35,0.35
0.35,0.35
0.35,0.35
0.35,0.35
0.35,0.35
0.35,0.35
0.35,0.35
0.35,0.35
0.35,0.35
0.35,0.35
0.35,0.35
0.35,0.35
0.35,0.35
0.35,0.35
0.35,0.35
0.35,0.35
0.35,0.35
0.35,0.35
0.35,0.35
0.35,0.35
0.35,0.35
0.35,0.35
0.35,0.35
0.35,0.35
0.35,0.35
0.35,0.35
0.35,0.35
0.35,0.35
0.35,0.35
0.35,0.35
0.35,0.35
0.35,0.35
0.35,0.35
0.35,0.35
0.35,0.35
0.35,0.35
0.35,0.35
0.35,0.35
0.35,0.35
0.35,0.35
0.35,0.35
0.35,0.35
0.35,0.35
0.35,0.35
0.35,0.35
0.35,0.35
0.35,0.35
0.35,0.35
0.35,0.35
0.35,0.35
0.35,0.35
0.35,0.35
0.35,0.35
0.35,0.35
0.35,0.35
0.35,0.35
0.35,0.35
0.35,0.35
0.35,0.35
0.35,0.35
0.35,0.35
0.35,0.35
0.35,0.35
0.35,0.35
0.35,0.35
0.35,0.35
0.35,0.35
0.35,0.35
0.35,0.35
0.35,0.35
0.35,0.35
0.35,0.35
0.35,0.35
0.35,0.35
0.35,0.35
0.35,0.35
0.35,0.35
0.35,0.35
0.35,0.35
0.35,0.35
0.35,0.35
0.35,0.35
0.35,0.35
0.35,0.35
0.35,0.35
0.35,0.35
0.35,0.35
0.35,0.35
0.35,0.35
0.35,0.35
0.35,0.35
0.35,0.35
0.35,0.35
0.35,0.35
0.35,0.35
0.35,0.35
0.35,0.35
0.35,0.35
0.35,0.35
0.35,0.35
0.35,0.35
0.35,0.35
0.35,0.35
0.35,0.35
0.35,0.35
0.35,0.35
0.35,0.35
0.35,0.35
0.35,0.35
0.35,0.35
0.35,0.35
0.35,0.35
0.35,0.35
0.35,0.35
0.35,0.35
0.35,0.35
0.35,0.35
0.35,0.35
0.35,0.35
0.35,0.35
0.35,0.35
0.35,0.35
0.35,0.35
0.35,0.35
0.35,0.35
0.35,0.35
0.35,0.35
0.35,0.35
0.35,0.35
0.35,0.35
0.35,0.35
0.35,0.35
0.35,0.35
0.35,0.35
0.35,0.35
0.35,0.35
0.35,0.35
0.35,0.35
0.35,0.35
0.35,0.35
0.35,0.35
0.35,0.35
0.35,0.35
0.35,0.35
0.35,0.35
0.35,0.35
0.35,0.35
0.35,0.35
0.35,0.35
0.35,0.35
0.35,0.35
0.35,0.35
0.35,0.35
0.35,0.35
0.35,0.35
0.35,0.35
0.35,0.35
0.35,0.35
0.35,0.35
0.35,0.35
0.35,0.35
0.35,0.35
0.35,0.35
0.35,0.35
0.35,0.35
0.35,0.35
0.35,0.35
0.35,0.35
0.35,0.35
0.35,0.35
0.35,0.35
0.35,0.35
0.35,0.35
0.35,0.35
0.35,0.35
0.35,0.35
0.35,0.35
0.35,0.35
0.35,0.35
0.35,0.35
0.35,0.35
0.35,0.35
0.35,0.35
0.35,0.35
0.35,0.35
0.35,0.35
0.35,0.35
0.35,0.35
0.35,0.35
0.35,0.35
0.35,0.35
0.35,0.35
0.35,0.35
0.35,0.35
0.35,0.35
0.35,0.35
0.35,0.35
0.35,0.35
0.35,0.35
0.35,0.35
0.35,0.35
0.35,0.35
0.35,0.35
0.35,0.35
0.35,0.35
0.35,0.35
0.35,0.35
0.35,0.35
0.35,0.35
0.35,0.35
0.35,0.35
0.35,0.35
0.35,0.35
0.35,0.35
0.35,0.35
0.35,0.35
0.35,0.35
0.35,0.35
0.35,0.35
0.35,0.35
0.35,0.35
0.35,0.35
0.35,0.35
0.35,0.35
0.35,0.35
0.35,0.35
0.35,0.35
0.35,0.35
0.35,0.35
0.35,0.35
0.35,0.35
0.35,0.35
0.35,0.35
0.35,0.35
0.35,0.35
0.35,0.35
0.35,0.35
0.35,0.35
0.35,0.35
0.35,0.35
0.35,0.35
0.35,0.35
0.35,0.35
0.35,0.35
0.35,0.35
0.35,0.35
0.35,0.35
0.35,0.35
0.35,0.35
0.35,0.35
0.35,0.35
0.35,0.35
0.35,0.35
0.35,0.35
0.35,0.35
0.35,0.35
0.35,0.35
0.35,0.35
0.35,0.35
0.35,0.35
0.35,0.35
0.35,0.35
0.35,0.35
0.35,0.35
0.35,0.35
0.35,0.35
0.35,0.35
0.35,0.35
0.35,0.35
0.35,0.35
0.35,0.35
0.35,0.35
0.35,0.35
0.35,0.35
0.35,0.35
0.35,0.35
0.35,0.35
0.35,0.35
0.35,0.35
0.35,0.35
0.35,0.35
0.35,0.35
0.3518,0.3518
0.3535,0.3535
0.3553,0.3553
0.357,0.357
0.3588,0.3588
0.3605,0.3605
0.3622,0.3622
0.364,0.364
0.3657,0.3657
0.3675,0.3675
0.3692,0.3692
0.371,0.371
0.3727,0.3727
0.3745,0.3745
0.3763,0.3763
0.378,0.378
0.3798,0.3798
0.3815,0.3815
0.3833,0.3833
0.385,0.385
0.3868,0.3868
0.3885,0.3885
0.3903,0.3903
0.392,0.392
0.3938,0.3938
0.3955,0.3955
0.3972,0.3972
0.399,0.399
0.4007,0.4007
0.4025,0.4025
0.4042,0.4042
0.406,0.406
0.4078,0.4078
0.4095,0.4095
0.4113,0.4113
0.413,0.413
0.4148,0.4148
0.4165,0.4165
0.4183,0.4183
0.42,0.42
0.4218,0.4218
0.4235,0.4235
0.4252,0.4252
0.427,0.427
0.4287,0.4287
0.4305,0.4305
0.4322,0.4322
0.434,0.434
0.4358,0.4358
0.4375,0.4375
0.4393,0.4393
0.441,0.441
0.4428,0.4428
0.4445,0.4445
0.4463,0.4463
0.448,0.448
0.4498,0.4498
0.4515,0.4515
0.4532,0.4532
0.455,0.455
0.4567,0.4567
0.4585,0.4585
0.4602,0.4602
0.462,0.462
0.4638,0.4638
0.4655,0.4655
0.4673,0.4673
0.469,0.469
0.4708,0.4708
0.4725,0.4725
0.4743,0.4743
0.476,0.476
0.4778,0.4778
0.4795,0.4795
0.4812,0.4812
0.483,0.483
0.4847,0.4847
0.4865,0.4865
0.4882,0.4882
0.49,0.49
0.4917,0.4917
0.4935,0.4935
0.4953,0.4953
0.497,0.497
0.4988,0.4988
0.5005,0.5005
0.5023,0.5023
0.504,0.504
0.5058,0.5058
0.5075,0.5075
0.5092,0.5092
0.511,0.511
0.5127,0.5127
0.5145,0.5145
0.5162,0.5162
0.518,0.518
0.5197,0.5197
0.5215,0.5215
0.5233,0.5233
0.525,0.525
0.5268,0.5268
0.5285,0.5285
0.5303,0.5303
0.532,0.532
0.5338,0.5338
0.5355,0.5355
0.5372,0.5372
0.539,0.539
0.5407,0.5407
0.5425,0.5425
0.5442,0.5442
0.546,0.546
0.5477,0.5477
0.5495,0.5495
0.5513,0.5513
0.553,0.553
0.5548,0.5548
0.5565,0.5565
0.5583,0.5583
0.56,0.56
0.5618,0.5618
0.5635,0.5635
0.5652,0.5652
0.567,0.567
0.5688,0.5688
0.5705,0.5705
0.5722,0.5722
0.574,0.574
0.5757,0.5757
0.5775,0.5775
0.5792,0.5792
0.581,0.581
0.5828,0.5828
0.5845,0.5845
0.5863,0.5863
0.588,0.588
0.5898,0.5898
0.5915,0.5915
0.5933,0.5933
0.595,0.595
0.5968,0.5968
0.5985,0.5985
0.6002,0.6002
0.602,0.602
0.6037,0.6037
0.6055,0.6055
0.6072,0.6072
0.609,0.609
0.6108,0.6108
0.6125,0.6125
0.6143,0.6143
0.616,0.616
0.6178,0.6178
0.6195,0.6195
0.6213,0.6213
0.623,0.623
0.6248,0.6248
0.6265,0.6265
0.6282,0.6282
0.63,0.63
0.6317,0.6317
0.6335,0.6335
0.6352,0.6352
0.637,0.637
0.6388,0.6388
0.6405,0.6405
0.6423,0.6423
0.644,0.644
0.6458,0.6458
0.6475,0.6475
0.6493,0.6493
0.651,0.651
0.6528,0.6528
0.6545,0.6545
0.6562,0.6562
0.658,0.658
0.6597,0.6597
0.6615,0.6615
0.6632,0.6632
0.665,0.665
0.6667,0.6667
0.6685,0.6685
0.6703,0.6703
0.672,0.672
0.6738,0.6738
0.6755,0.6755
0.6773,0.6773
0.679,0.679
0.6808,0.6808
0.6825,0.6825
0.6842,0.6842
0.686,0.686
0.6877,0.6877
0.6895,0.6895
0.6912,0.6912
0.693,0.693
0.6947,0.6947
0.6965,0.6965
0.6983,0.6983
0.7,0.7
0.7,0.7
0.7,0.7
0.7,0.7
0.7,0.7
0.7,0.7
0.7,0.7
0.7,0.7
0.7,0.7
0.7,0.7
0.7,0.7
0.7,0.7
0.7,0.7
0.7,0.7
0.7,0.7
0.7,0.7
0.7,0.7
0.7,0.7
0.7,0.7
0.7,0.7
0.7,0.7
0.7,0.7
0.7,0.7
0.7,0.7
0.7,0.7
0.7,0.7
0.7,0.7
0.7,0.7
0.7,0.7
0.7,0.7
0.7,0.7
0.7,0.7
0.7,0.7
0.7,0.7
0.7,0.7
0.7,0.7
0.7,0.7
0.7,0.7
0.7,0.7
0.7,0.7
0.7,0.7
0.7,0.7
0.7,0.7
0.7,0.7
0.7,0.7
0.7,0.7
0.7,0.7
0.7,0.7
0.7,0.7
0.7,0.7
0.7,0.7
0.7,0.7
0.7,0.7
0.7,0.7
0.7,0.7
0.7,0.7
0.7,0.7
0.7,0.7
0.7,0.7
0.7,0.7
0.7,0.7
0.7,0.7
0.7,0.7
0.7,0.7
0.7,0.7
0.7,0.7
0.7,0.7
0.7,0.7
0.7,0.7
0.7,0.7
0.7,0.7
0.7,0.7
0.7,0.7
0.7,0.7
0.7,0.7
0.7,0.7
0.7,0.7
0.7,0.7
0.7,0.7
0.7,0.7
0.7,0.7
0.7,0.7
0.7,0.7
0.7,0.7
0.7,0.7
0.7,0.7
0.7,0.7
0.7,0.7
0.7,0.7
0.7,0.7
0.7,0.7
0.7,0.7
0.7,0.7
0.7,0.7
0.7,0.7
0.7,0.7
0.7,0.7
0.7,0.7
0.7,0.7
0.7,0.7
0.7,0.7
0.7,0.7
0.7,0.7
0.7,0.7
0.7,0.7
0.7,0.7
0.7,0.7
0.7,0.7
0.7,0.7
0.7,0.7
0.7,0.7
0.7,0.7
0.7,0.7
0.7,0.7
0.7,0.7
0.7,0.7
0.7,0.7
0.7,0.7
0.7,0.7
0.7,0.7
0.7,0.7
0.7,0.7
0.7,0.7
0.7,0.7
0.7,0.7
0.7,0.7
0.7,0.7
0.7,0.7
0.7,0.7
0.7,0.7
0.7,0.7
0.7,0.7
0.7,0.7
0.7,0.7
0.7,0.7
0.7,0.7
0.7,0.7
0.7,0.7
0.7,0.7
0.7,0.7
0.7,0.7
0.7,0.7
0.7,0.7
0.7,0.7
0.7,0.7
0.7,0.7
0.7,0.7
0.7,0.7
0.7,0.7
0.7,0.7
0.7,0.7
0.7,0.7
0.7,0.7
0.7,0.7
0.7,0.7
0.7,0.7
0.7,0.7
0.7,0.7
0.7,0.7
0.7,0.7
0.7,0.7
0.7,0.7
0.7,0.7
0.7,0.7
0.7,0.7
0.7,0.7
0.7,0.7
0.7,0.7
0.7,0.7
0.7,0.7
0.7,0.7
0.7,0.7
0.7,0.7
0.7,0.7
0.7,0.7
0.7,0.7
0.7,0.7
0.7,0.7
0.7,0.7
0.7,0.7
0.7,0.7
0.7,0.7
0.7,0.7
0.7,0.7
0.7,0.7
0.7,0.7
0.7,0.7
0.7,0.7
0.7,0.7
0.7,0.7
0.7,0.7
0.7,0.7
0.7,0.7
0.7,0.7
0.7,0.7
0.7,0.7
0.7,0.7
0.7,0.7
0.7,0.7
0.7,0.7
0.7,0.7
0.7,0.7
0.7,0.7
0.7,0.7
0.7,0.7
0.7,0.7
0.7,0.7
0.7,0.7
0.7,0.7
0.7,0.7
0.7,0.7
0.7,0.7
0.7,0.7
0.7,0.7
0.7,0.7
0.7,0.7
0.7,0.7
0.7,0.7
0.7,0.7
0.7,0.7
0.7,0.7
0.7,0.7
0.7,0.7
0.7,0.7
0.7,0.7
0.7,0.7
0.7,0.7
0.7,0.7
0.7,0.7
0.7,0.7
0.7,0.7
0.7,0.7
0.7,0.7
0.7,0.7
0.7,0.7
0.7,0.7
0.7,0.7
0.7,0.7
0.7,0.7
0.7,0.7
0.7,0.7
0.7,0.7
0.7,0.7
0.7,0.7
0.7,0.7
0.7,0.7
0.7,0.7
0.7,0.7
0.7,0.7
0.7,0.7
0.7,0.7
0.7,0.7
0.7,0.7
0.7,0.7
0.7,0.7
0.7,0.7
0.7,0.7
0.7,0.7
0.7,0.7
0.7,0.7
0.7,0.7
0.7,0.7
0.7,0.7
0.7,0.7
0.7,0.7
0.7,0.7
0.7,0.7
0.7,0.7
0.7,0.7
0.7,0.7
0.7,0.7
0.7,0.7
0.7,0.7
0.7,0.7
0.7,0.7
0.7,0.7
0.7,0.7
0.7,0.7
0.7,0.7
0.7,0.7
0.7,0.7
0.7,0.7
0.7,0.7
0.7,0.7
0.7,0.7
0.7,0.7
0.7,0.7
0.7,0.7
0.7,0.7
0.7,0.7
0.7,0.7
0.7,0.7
0.7,0.7
0.7,0.7
0.7,0.7
0.7,0.7
0.7,0.7
0.7,0.7
0.7,0.7
0.7,0.7
0.7,0.7
0.7,0.7
0.7,0.7
0.7,0.7
0.7,0.7
0.7,0.7
0.7,0.7
0.7,0.7
0.7,0.7
0.7,0.7
0.7,0.7
0.7,0.7
0.7,0.7
0.7,0.7
0.7,0.7
0.7,0.7
0.7,0.7
0.7,0.7
0.7,0.7
0.7,0.7
0.7,0.7
0.7,0.7
0.7,0.7
0.7,0.7
0.7,0.7
0.7,0.7
0.7,0.7
0.7,0.7
0.7,0.7
0.7,0.7
0.7,0.7
0.7,0.7
0.7,0.7
0.7,0.7
0.7,0.7
0.7,0.7
0.7,0.7
0.7,0.7
0.7,0.7
0.7,0.7
0.7,0.7
0.7,0.7
0.7,0.7
0.7,0.7
0.7,0.7
0.7,0.7
0.7,0.7
0.7,0.7
0.7,0.7
0.7,0.7
0.7,0.7
0.7,0.7
0.7,0.7
0.7,0.7
0.7,0.7
0.7,0.7
0.7,0.7
0.7,0.7
0.7,0.7
0.7,0.7
0.7,0.7
0.7,0.7
0.7,0.7
0.7,0.7
0.7,0.7
0.7,0.7
0.7,0.7
0.7,0.7
0.7,0.7
0.7,0.7
0.7,0.7
0.7,0.7
0.7,0.7
0.7,0.7
0.7,0.7
0.7,0.7
0.7,0.7
0.7,0.7
0.7,0.7
0.7,0.7
0.7,0.7
0.7,0.7
0.7,0.7
0.7,0.7
0.7,0.7
0.7,0.7
0.7,0.7
0.7,0.7
0.7,0.7
0.7,0.7
0.7,0.7
0.7,0.7
0.7,0.7
0.7,0.7
0.7,0.7
0.7,0.7
0.7,0.7
0.7,0.7
0.7,0.7
0.7,0.7
0.7,0.7
0.7,0.7
0.7,0.7
0.7,0.7
0.7,0.7
0.7,0.7
0.7,0.7
0.7,0.7
0.7,0.7
0.7,0.7
0.7,0.7
0.7,0.7
0.7,0.7
0.7,0.7
0.7,0.7
0.7,0.7
0.7,0.7
0.7,0.7
0.7,0.7
0.7,0.7
0.7,0.7
0.7,0.7
0.7,0.7
0.7,0.7
0.7,0.7
0.7,0.7
0.7,0.7
0.7,0.7
0.7,0.7
0.7,0.7
0.7,0.7
0.7,0.7
0.7,0.7
0.7,0.7
0.7,0.7
0.7,0.7
0.7,0.7
0.7,0.7
0.7,0.7
0.7,0.7
0.7,0.7
0.7,0.7
0.7,0.7
0.7,0.7
0.7,0.7
0.7,0.7
0.7,0.7
0.7,0.7
0.7,0.7
0.7,0.7
0.7,0.7
0.7,0.7
0.7,0.7
0.7,0.7
0.7,0.7
0.7,0.7
0.7,0.7
0.7,0.7
0.7,0.7
0.7,0.7
0.7,0.7
0.7,0.7
0.7,0.7
0.7,0.7
0.7,0.7
0.7,0.7
0.7,0.7
0.7,0.7
0.7,0.7
0.7,0.7
0.7,0.7
0.7,0.7
0.7,0.7
0.7,0.7
0.7,0.7
0.7,0.7
0.7,0.7
0.7,0.7
0.7,0.7
0.7,0.7
0.7,0.7
0.7,0.7
0.7,0.7
0.7,0.7
0.7,0.7
0.7,0.7
0.7,0.7
0.7,0.7
0.7,0.7
0.7,0.7
0.7,0.7
0.7,0.7
0.7,0.7
0.7,0.7
0.7,0.7
0.7,0.7
0.7,0.7
0.7,0.7
0.7,0.7
0.7,0.7
0.7,0.7
0.7,0.7
0.7,0.7
0.7,0.7
0.7,0.7
0.7,0.7
0.7,0.7
0.7,0.7
0.7,0.7
0.7,0.7
0.7,0.7
0.7,0.7
0.7,0.7
0.7,0.7
0.7,0.7
0.7,0.7
0.7,0.7
0.7,0.7
0.7,0.7
0.7,0.7
0.7,0.7
0.7,0.7
0.7,0.7
0.7,0.7
0.7,0.7
0.7,0.7
0.7,0.7
0.7,0.7
0.7,0.7
0.7,0.7
0.7,0.7
0.7,0.7
0.7,0.7
0.7,0.7
0.7,0.7
0.7,0.7
0.7,0.7
0.7,0.7
0.7,0.7
0.7,0.7
0.7,0.7
0.7,0.7
0.7,0.7
0.7,0.7
0.7,0.7
0.7,0.7
0.7,0.7
0.7,0.7
0.7,0.7
0.7,0.7
0.7,0.7
0.7,0.7
0.7,0.7
0.7,0.7
0.7,0.7
0.7,0.7
0.7,0.7
0.7,0.7
0.7,0.7
0.7,0.7
0.7,0.7
0.7,0.7
0.7,0.7
0.7,0.7
0.7,0.7
0.7,0.7
0.7,0.7
0.7,0.7
0.7,0.7
0.7,0.7
0.7,0.7
0.7,0.7
0.7,0.7
0.7,0.7
0.7,0.7
0.7,0.7
0.7,0.7
0.7,0.7
0.7,0.7
0.7,0.7
0.7,0.7
0.7,0.7
0.7,0.7
0.7,0.7
0.7,0.7
0.7,0.7
0.7,0.7
0.7,0.7
0.7,0.7
0.7,0.7
0.7,0.7
0.7,0.7
0.7,0.7
0.7,0.7
0.7,0.7
0.7,0.7
0.7,0.7
0.7,0.7
0.7,0.7
0.7,0.7
0.7,0.7
0.7,0.7
0.7,0.7
0.7,0.7
0.7,0.7
0.7,0.7
0.7,0.7
0.7,0.7
0.7,0.7
0.7,0.7
0.7,0.7
0.7,0.7
0.7,0.7
0.7,0.7
0.7,0.7
0.7,0.7
0.7,0.7
0.7,0.7
0.7,0.7
0.7,0.7
0.7,0.7
0.7,0.7
0.7,0.7
0.7,0.7
0.7,0.7
0.7,0.7
0.7,0.7
0.7,0.7
0.7,0.7
0.7,0.7
0.7,0.7
0.7,0.7
0.7,0.7
0.7,0.7
0.7,0.7
0.7,0.7
0.7,0.7
0.7,0.7
0.7,0.7
0.7,0.7
0.7,0.7
0.7,0.7
0.7,0.7
0.7,0.7
0.7,0.7
0.7,0.7
0.7,0.7
0.7,0.7
0.7,0.7
0.7,0.7
0.7,0.7
0.7,0.7
0.7,0.7
0.7,0.7
0.7,0.7
0.7,0.7
0.7,0.7
0.7,0.7
0.7,0.7
0.7,0.7
0.7,0.7
0.7,0.7
0.7,0.7
0.7,0.7
0.7,0.7
0.7,0.7
0.7,0.7
0.7,0.7
0.7,0.7
0.7,0.7
0.7,0.7
0.7,0.7
0.7,0.7
0.7,0.7
0.7,0.7
0.7,0.7
0.7,0.7
0.7,0.7
0.7,0.7
0.7,0.7
0.7,0.7
0.7,0.7
0.7,0.7
0.7,0.7
0.7,0.7
0.7,0.7
0.7,0.7
0.7,0.7
0.7,0.7
0.7,0.7
0.7,0.7
0.7,0.7
0.7,0.7
0.7,0.7
0.7,0.7
0.7,0.7
0.7,0.7
0.7,0.7
0.7,0.7
0.7,0.7
0.7,0.7
0.7,0.7
0.7,0.7
0.7,0.7
0.7,0.7
0.7,0.7
0.7,0.7
0.7,0.7
0.7,0.7
0.7,0.7
0.7,0.7
0.7,0.7
0.7,0.7
0.7,0.7
0.7,0.7
0.7,0.7
0.7,0.7
0.7,0.7
0.7,0.7
0.7,0.7
0.7,0.7
0.7,0.7
0.7,0.7
0.7,0.7
0.7,0.7
0.7,0.7
0.7,0.7
0.7,0.7
0.7,0.7
0.7,0.7
0.7,0.7
0.7,0.7
0.7,0.7
0.7,0.7
0.7,0.7
0.7,0.7
0.7,0.7
0.7,0.7
0.7,0.7
0.7,0.7
0.7,0.7
0.7,0.7
0.7,0.7
0.7,0.7
0.7,0.7
0.7,0.7
0.7,0.7
0.7,0.7
0.7,0.7
0.7,0.7
0.7,0.7
0.7,0.7
0.7,0.7
0.7,0.7
0.7,0.7
0.7,0.7
0.7,0.7
0.7,0.7
0.7,0.7
0.7,0.7
0.7,0.7
0.7,0.7
0.7,0.7
0.7,0.7
0.7,0.7
0.7,0.7
0.7,0.7
0.7,0.7
0.7,0.7
0.7,0.7
0.7,0.7
0.7,0.7
0.7,0.7
0.7,0.7
0.7,0.7
0.7,0.7
0.7,0.7
0.7,0.7
0.7,0.7
0.7,0.7
0.7,0.7
0.7,0.7
0.7,0.7
0.7,0.7
0.7,0.7
0.7,0.7
0.7,0.7
0.7,0.7
0.7,0.7
0.7,0.7
0.7,0.7
0.7,0.7
0.7,0.7
0.7,0.7
0.7,0.7
0.7,0.7
0.7,0.7
0.7,0.7
0.7,0.7
0.7,0.7
0.7,0.7
0.7,0.7
0.7,0.7
0.7,0.7
0.7,0.7
0.7,0.7
0.7,0.7
0.7,0.7
0.7,0.7
0.7,0.7
0.7,0.7
0.7,0.7
0.7,0.7
0.7,0.7
0.7,0.7
0.7,0.7
0.7,0.7
0.7,0.7
0.7,0.7
0.7,0.7
0.7,0.7
0.7,0.7
0.7,0.7
0.7,0.7
0.7,0.7
0.7,0.7
0.7,0.7
0.7,0.7
0.7,0.7
0.7,0.7
0.7,0.7
0.7,0.7
0.7,0.7
0.7,0.7
0.7,0.7
0.7,0.7
0.7,0.7
0.7,0.7
0.7,0.7
0.7,0.7
0.7,0.7
0.7,0.7
0.7,0.7
0.7,0.7
0.7,0.7
0.7,0.7
0.7,0.7
0.7,0.7
0.7,0.7
0.7,0.7
0.7,0.7
0.7,0.7
0.7,0.7
0.7,0.7
0.7,0.7
0.7,0.7
0.7,0.7
0.7,0.7
0.7,0.7
0.7,0.7
0.7,0.7
0.7,0.7
0.7,0.7
0.7,0.7
0.7,0.7
0.7,0.7
0.7,0.7
0.7,0.7
0.7,0.7
0.7,0.7
0.7,0.7
0.7,0.7
0.7,0.7
0.7,0.7
0.7,0.7
0.7,0.7
0.7,0.7
0.7,0.7
0.7,0.7
0.7,0.7
0.7,0.7
0.7,0.7
0.7,0.7
0.7,0.7
0.7,0.7
0.7,0.7
0.7,0.7
0.7,0.7
0.7,0.7
0.7,0.7
0.7,0.7
0.7,0.7
0.7,0.7
0.7,0.7
0.7,0.7
0.7,0.7
0.7,0.7
0.7,0.7
0.7,0.7
0.7,0.7
0.7,0.7
0.7,0.7
0.7,0.7
0.7,0.7
0.7,0.7
0.7,0.7
0.7,0.7
0.7,0.7
0.7,0.7
0.7,0.7
0.7,0.7
0.7,0.7
0.7,0.7
0.7,0.7
0.7,0.7
0.7,0.7
0.7,0.7
0.7,0.7
0.7,0.7
0.7,0.7
0.7,0.7
0.7,0.7
0.7,0.7
0.7,0.7
0.7,0.7
0.7,0.7
0.7,0.7
0.7,0.7
0.7,0.7
0.7,0.7
0.7,0.7
0.7,0.7
0.7,0.7
0.7,0.7
0.7,0.7
0.7,0.7
0.7,0.7
0.7,0.7
0.7,0.7
0.7,0.7
0.7,0.7
0.7,0.7
0.7,0.7
0.7,0.7
0.7,0.7
0.7,0.7
0.7,0.7
0.7,0.7
0.7,0.7
0.7,0.7
0.7,0.7
0.7,0.7
0.7,0.7
0.7,0.7
0.7,0.7
0.7,0.7
0.7,0.7
0.7,0.7
0.7,0.7
0.7,0.7
0.7,0.7
0.7,0.7
0.7,0.7
0.7,0.7
0.7,0.7
0.7,0.7
0.7,0.7
0.7,0.7
0.7,0.7
0.7,0.7
0.7,0.7
0.7,0.7
0.7,0.7
0.7,0.7
0.7,0.7
0.7,0.7
0.7,0.7
0.7,0.7
0.7,0.7
0.7,0.7
0.7,0.7
0.7,0.7
0.7,0.7
0.7,0.7
0.7,0.7
0.7,0.7
0.7,0.7
0.7,0.7
0.7,0.7
0.7,0.7
0.7,0.7
0.7,0.7
0.7,0.7
0.7,0.7
0.7,0.7
0.7,0.7
0.7,0.7
0.7,0.7
0.7,0.7
0.7,0.7
0.7,0.7
0.7,0.7
0.7,0.7
0.7,0.7
0.7,0.7
0.7,0.7
0.7,0.7
0.7,0.7
0.7,0.7
0.7,0.7
0.7,0.7
0.7,0.7
0.7,0.7
0.7,0.7
0.7,0.7
0.7,0.7
0.7,0.7
0.7,0.7
0.7,0.7
0.7,0.7
0.7,0.7
0.7,0.7
0.7,0.7
0.7,0.7
0.7,0.7
0.7,0.7
0.7,0.7
0.7,0.7
0.7,0.7
0.7,0.7
0.7,0.7
0.7,0.7
0.7,0.7
0.7,0.7
0.7,0.7
0.7,0.7
0.7,0.7
0.7,0.7
0.7,0.7
0.7,0.7
0.7,0.7
0.7,0.7
0.7,0.7
0.7,0.7
0.7,0.7
0.7,0.7
0.7,0.7
0.7,0.7
0.7,0.7
0.7,0.7
0.7,0.7
0.7,0.7
0.7,0.7
0.7,0.7
0.7,0.7
0.7,0.7
0.7,0.7
0.7,0.7
0.7,0.7
0.7,0.7
0.7,0.7
0.7,0.7
0.7,0.7
0.7,0.7
0.7,0.7
0.7,0.7
0.7,0.7
0.7,0.7
0.7,0.7
0.7,0.7
0.7,0.7
0.7,0.7
0.7,0.7
0.7,0.7
0.7,0.7
0.7,0.7
0.7,0.7
0.7,0.7
0.7,0.7
0.7,0.7
0.7,0.7
0.7,0.7
0.7,0.7
0.7,0.7
0.7,0.7
0.7,0.7
0.7,0.7
0.7,0.7
0.7,0.7
0.7,0.7
0.7,0.7
0.7,0.7
0.7,0.7
0.7,0.7
0.7,0.7
0.7,0.7
0.7,0.7
0.7,0.7
0.7,0.7
0.7,0.7
0.7,0.7
0.7,0.7
0.7,0.7
0.7,0.7
0.7,0.7
0.7,0.7
0.7,0.7
0.7,0.7
0.7,0.7
0.7,0.7
0.7,0.7
0.7,0.7
0.7,0.7
0.7,0.7
0.7,0.7
0.7,0.7
0.7,0.7
0.7,0.7
0.7,0.7
0.7,0.7
0.7,0.7
0.7,0.7
0.7,0.7
0.7,0.7
0.7,0.7
0.7,0.7
0.7,0.7
0.7,0.7
0.7,0.7
0.7,0.7
0.7,0.7
0.7,0.7
0.7,0.7
0.7,0.7
0.7,0.7
0.7,0.7
0.7,0.7
0.7,0.7
0.7,0.7
0.7,0.7
0.7,0.7
0.7,0.7
0.7,0.7
0.7,0.7
0.7,0.7
0.7,0.7
0.7,0.7
0.7,0.7
0.7,0.7
0.7,0.7
0.7,0.7
0.7,0.7
0.7,0.7
0.7,0.7
0.7,0.7
0.7,0.7
0.7,0.7
0.7,0.7
0.7,0.7
0.7,0.7
0.7,0.7
0.7,0.7
0.7,0.7
0.7,0.7
0.7,0.7
0.7,0.7
0.7,0.7
0.7,0.7
0.7,0.7
0.7,0.7
0.7,0.7
0.7,0.7
0.7,0.7
0.7,0.7
0.7,0.7
0.7,0.7
0.7,0.7
0.7,0.7
0.7,0.7
0.7,0.7
0.7,0.7
0.7,0.7
0.7,0.7
0.7,0.7
0.7,0.7
0.7,0.7
0.7,0.7
0.7,0.7
0.7,0.7
0.7,0.7
0.7,0.7
0.7,0.7
0.7,0.7
0.7,0.7
0.7,0.7
0.7,0.7
0.7,0.7
0.7,0.7
0.7,0.7
0.7,0.7
0.7,0.7
0.7,0.7
0.7,0.7
0.7,0.7
0.7,0.7
0.7,0.7
0.7,0.7
0.7,0.7
0.7,0.7
0.7,0.7
0.7,0.7
0.7,0.7
0.7,0.7
0.7,0.7
0.7,0.7
0.7,0.7
0.7,0.7
0.7,0.7
0.7,0.7
0.7,0.7
0.7,0.7
0.7,0.7
0.7,0.7
0.7,0.7
0.7,0.7
0.7,0.7
0.7,0.7
0.7,0.7
0.7,0.7
0.7,0.7
0.7,0.7
0.7,0.7
0.7,0.7
0.7,0.7
0.7,0.7
0.7,0.7
0.7,0.7
0.7,0.7
0.7,0.7
0.7,0.7
0.7,0.7
0.7,0.7
0.7,0.7
0.7,0.7
0.7,0.7
0.7,0.7
0.7,0.7
0.7,0.7
0.7,0.7
0.7,0.7
0.7,0.7
0.7,0.7
0.7,0.7
0.7,0.7
0.7,0.7
0.7,0.7
0.7,0.7
0.7,0.7
0.7,0.7
0.7,0.7
0.7,0.7
0.7,0.7
0.7,0.7
0.7,0.7
0.7,0.7
0.7,0.7
0.7,0.7
0.7,0.7
0.7,0.7
0.7,0.7
0.7,0.7
0.7,0.7
0.7,0.7
0.7,0.7
0.7,0.7
0.7,0.7
0.7,0.7
0.7,0.7
0.7,0.7
0.7,0.7
0.7,0.7
0.7,0.7
0.7,0.7
0.7,0.7
0.7,0.7
0.7,0.7
0.7,0.7
0.7,0.7
0.7,0.7
0.7,0.7
0.7,0.7
0.7,0.7
0.7,0.7
0.7,0.7
0.7,0.7
0.7,0.7
0.7,0.7
0.7,0.7
0.7,0.7
0.7,0.7
0.7,0.7
0.6953,0.6953
0.6907,0.6907
0.686,0.686
0.6813,0.6813
0.6767,0.6767
0.672,0.672
0.6673,0.6673
0.6627,0.6627
0.658,0.658
0.6533,0.6533
0.6487,0.6487
0.644,0.644
0.6393,0.6393
0.6347,0.6347
0.63,0.63
0.6253,0.6253
0.6207,0.6207
0.616,0.616
0.6113,0.6113
0.6067,0.6067
0.602,0.602
0.5973,0.5973
0.5927,0.5927
0.588,0.588
0.5833,0.5833
0.5787,0.5787
0.574,0.574
0.5693,0.5693
0.5647,0.5647
0.56,0.56
0.5553,0.5553
0.5507,0.5507
0.546,0.546
0.5413,0.5413
0.5367,0.5367
0.532,0.532
0.5273,0.5273
0.5227,0.5227
0.518,0.518
0.5133,0.5133
0.5087,0.5087
0.504,0.504
0.4993,0.4993
0.4947,0.4947
0.49,0.49
0.4853,0.4853
0.4807,0.4807
0.476,0.476
0.4713,0.4713
0.4667,0.4667
0.462,0.462
0.4573,0.4573
0.4527,0.4527
0.448,0.448
0.4433,0.4433
0.4387,0.4387
0.434,0.434
0.4293,0.4293
0.4247,0.4247
0.42,0.42
0.4153,0.4153
0.4107,0.4107
0.406,0.406
0.4013,0.4013
0.3967,0.3967
0.392,0.392
0.3873,0.3873
0.3827,0.3827
0.378,0.378
0.3733,0.3733
0.3687,0.3687
0.364,0.364
0.3593,0.3593
0.3547,0.3547
0.35,0.35
0.3453,0.3453
0.3407,0.3407
0.336,0.336
0.3313,0.3313
0.3267,0.3267
0.322,0.322
0.3173,0.3173
0.3127,0.3127
0.308,0.308
0.3033,0.3033
0.2987,0.2987
0.294,0.294
0.2893,0.2893
0.2847,0.2847
0.28,0.28
0.2753,0.2753
0.2707,0.2707
0.266,0.266
0.2613,0.2613
0.2567,0.2567
0.252,0.252
0.2473,0.2473
0.2427,0.2427
0.238,0.238
0.2333,0.2333
0.2287,0.2287
0.224,0.224
0.2193,0.2193
0.2147,0.2147
0.21,0.21
0.2053,0.2053
0.2007,0.2007
0.196,0.196
0.1913,0.1913
0.1867,0.1867
0.182,0.182
0.1773,0.1773
0.1727,0.1727
0.168,0.168
0.1633,0.1633
0.1587,0.1587
0.154,0.154
0.1493,0.1493
0.1447,0.1447
0.14,0.14
0.1353,0.1353
0.1307,0.1307
0.126,0.126
0.1213,0.1213
0.1167,0.1167
0.112,0.112
0.1073,0.1073
0.1027,0.1027
0.098,0.098
0.0933,0.0933
0.0887,0.0887
0.084,0.084
0.0793,0.0793
0.0747,0.0747
0.07,0.07
0.0653,0.0653
0.0607,0.0607
0.056,0.056
0.0513,0.0513
0.0467,0.0467
0.042,0.042
0.0373,0.0373
0.0327,0.0327
0.028,0.028
0.0233,0.0233
0.0187,0.0187
0.014,0.014
0.0,0.0
0.0,0.0
0.0,0.0
0.0,0.0
0.0,0.0
0.0,0.0
0.0,0.0
0.0,0.0
0.0,0.0
0.0,0.0
0.0,0.0
0.0,0.0
0.0,0.0
0.0,0.0
0.0,0.0
0.0,0.0
0.0,0.0
0.0,0.0
0.0,0.0
0.0,0.0
0.0,0.0
0.0,0.0
0.0,0.0
0.0,0.0
0.0,0.0
0.0,0.0
0.0,0.0
0.0,0.0
0.0,0.0
0.0,0.0
0.0,0.0
0.0,0.0
0.0,0.0
0.0,0.0
0.0,0.0
0.0,0.0
0.0,0.0
0.0,0.0
0.0,0.0
0.0,0.0
0.0,0.0
0.0,0.0
0.0,0.0
0.0,0.0
0.0,0.0
0.0,0.0
0.0,0.0
0.0,0.0
0.0,0.0
0.0,0.0
0.0,0.0
0.0,0.0
0.0,0.0
0.0,0.0
0.0,0.0
0.0,0.0
0.0,0.0
0.0,0.0
0.0,0.0
0.0,0.0
0.0,0.0
0.0,0.0
0.0,0.0
0.0,0.0
0.0,0.0
0.0,0.0
0.0,0.0
0.0,0.0
0.0,0.0
0.0,0.0
0.0,0.0
0.0,0.0
0.0,0.0
0.0,0.0
0.0,0.0
0.0,0.0
0.0,0.0
0.0,0.0
0.0,0.0
0.0,0.0
0.0,0.0
0.0,0.0
0.0,0.0
0.0,0.0
0.0,0.0
0.0,0.0
0.0,0.0
0.0,0.0
0.0,0.0
0.0,0.0
0.0,0.0
0.0,0.0
0.0,0.0
0.0,0.0
0.0,0.0
0.0,0.0
0.0,0.0
0.0,0.0
0.0,0.0
0.0,0.0
0.0,0.0
0.0,0.0
0.0,0.0
0.0,0.0
0.0,0.0
0.0,0.0
0.0,0.0
0.0,0.0
0.0,0.0
0.0,0.0
0.0,0.0
0.0,0.0
0.0,0.0
0.0,0.0
0.0,0.0
0.0,0.0
0.0,0.0
0.0,0.0
0.0,0.0
0.0,0.0
0.0,0.0
0.0,0.0
0.0,0.0
0.0,0.0
0.0,0.0
0.0,0.0
0.0,0.0
0.0,0.0
0.0,0.0
0.0,0.0
0.0,0.0
0.0,0.0
0.0,0.0
0.0,0.0
0.0,0.0
0.0,0.0
0.0,0.0
0.0,0.0
0.0,0.0
0.0,0.0
0.0,0.0
0.0,0.0
0.0,0.0
0.0,0.0
0.0,0.0
0.0,0.0
0.0,0.0
0.0,0.0
0.0,0.0
0.0,0.0
0.0,0.0
0.0,0.0
0.0,0.0
0.0,0.0
0.0,0.0
0.0,0.0
0.0,0.0
0.0,0.0
0.0,0.0
0.0,0.0
0.0,0.0
0.0,0.0
0.0,0.0
0.0,0.0
0.0,0.0
0.0,0.0
0.0,0.0
0.0,0.0
0.0,0.0
0.0,0.0
0.0,0.0
0.0,0.0
0.0,0.0
0.0,0.0
0.0,0.0
0.0,0.0
0.0,0.0
0.0,0.0
0.0,0.0
0.0,0.0
0.0,0.0
0.0,0.0
0.0,0.0
0.0,0.0
0.0,0.0
0.0,0.0
0.0,0.0
0.0,0.0
0.0,0.0
0.0,0.0
0.0,0.0
0.0,0.0
0.0,0.0
0.0,0.0
0.0,0.0
0.0,0.0
0.0,0.0
0.0,0.0
0.0,0.0
0.0,0.0
0.0,0.0
0.0,0.0
0.0,0.0
0.0,0.0
0.0,0.0
0.0,0.0
0.0,0.0
0.0,0.0
0.0,0.0
0.0,0.0
0.0,0.0
0.0,0.0
0.0,0.0
0.0,0.0
0.0,0.0
0.0,0.0
0.0,0.0
0.0,0.0
0.0,0.0
0.0,0.0
0.0,0.0
0.0,0.0
0.0,0.0
0.0,0.0
0.0,0.0
0.0,0.0
0.0,0.0
0.0,0.0
0.0,0.0
0.0,0.0
0.0,0.0
0.0,0.0
0.0,0.0
0.0,0.0
0.0,0.0
0.0,0.0
0.0,0.0
0.0,0.0
0.0,0.0
0.0,0.0
0.0,0.0
0.0,0.0
0.0,0.0
0.0,0.0
0.0,0.0
0.0,0.0
0.0,0.0
0.0,0.0
0.0,0.0
0.0,0.0
0.0,0.0
0.0,0.0
0.0,0.0
0.0,0.0
0.0,0.0
0.0,0.0
0.0,0.0
0.0,0.0
0.0,0.0
0.0,0.0
0.0,0.0
0.0,0.0
0.0,0.0
0.0,0.0
0.0,0.0
0.0,0.0
0.0,0.0
0.0,0.0
0.0,0.0
0.0,0.0
0.0,0.0
0.0,0.0
0.0,0.0
0.0,0.0
0.0,0.0
0.0,0.0
0.0,0.0
0.0,0.0
0.0,0.0
0.0,0.0
0.0,0.0
0.0,0.0
0.0,0.0
0.0,0.0
0.0,0.0
0.0,0.0
0.0,0.0
0.0,0.0
0.0,0.0
0.0,0.0
0.0,0.0
0.0,0.0
0.0,0.0
0.0,0.0
0.0,0.0
0.0,0.0
0.0,0.0
0.0,0.0
0.0,0.0
0.0,0.0
0.0,0.0
0.0,0.0
0.0,0.0
0.0,0.0
0.0,0.0
0.0,0.0
0.0,0.0
0.0,0.0
0.0,0.0
0.0,0.0
0.0,0.0
0.0,0.0
0.0,0.0
0.0,0.0
0.0,0.0
0.0,0.0
0.0,0.0
0.0,0.0
0.0,0.0
0.0,0.0
0.0,0.0
0.0,0.0
0.0,0.0
0.0,0.0
0.0,0.0
0.0,0.0
0.0,0.0
0.0,0.0
0.0,0.0
0.0,0.0
0.0,0.0
0.0,0.0
0.0,0.0
0.0,0.0
0.0,0.0
0.0,0.0
0.0,0.0
0.0,0.0
0.0,0.0
0.0,0.0
0.0,0.0
0.0,0.0
0.0,0.0
0.0,0.0
0.0,0.0
0.0,0.0
0.0,0.0
0.0,0.0
0.0,0.0
0.0,0.0
0.0,0.0
0.0,0.0
0.0,0.0
0.0,0.0
0.0,0.0
0.0,0.0
0.0,0.0
0.0,0.0
-0.0105,-0.0105
-0.0123,-0.0123
-0.014,-0.014
-0.0158,-0.0158
-0.0175,-0.0175
-0.0192,-0.0192
-0.021,-0.021
-0.0228,-0.0228
-0.0245,-0.0245
-0.0262,-0.0262
-0.028,-0.028
-0.0298,-0.0298
-0.0315,-0.0315
-0.0332,-0.0332
-0.035,-0.035
-0.0368,-0.0368
-0.0385,-0.0385
-0.0403,-0.0403
-0.042,-0.042
-0.0438,-0.0438
-0.0455,-0.0455
-0.0473,-0.0473
-0.049,-0.049
-0.0507,-0.0507
-0.0525,-0.0525
-0.0543,-0.0543
-0.056,-0.056
-0.0577,-0.0577
-0.0595,-0.0595
-0.0613,-0.0613
-0.063,-0.063
-0.0647,-0.0647
-0.0665,-0.0665
-0.0683,-0.0683
-0.07,-0.07
-0.0718,-0.0718
-0.0735,-0.0735
-0.0752,-0.0752
-0.077,-0.077
-0.0788,-0.0788
-0.0805,-0.0805
-0.0822,-0.0822
-0.084,-0.084
-0.0858,-0.0858
-0.0875,-0.0875
-0.0892,-0.0892
-0.091,-0.091
-0.0928,-0.0928
-0.0945,-0.0945
-0.0963,-0.0963
-0.098,-0.098
-0.0998,-0.0998
-0.1015,-0.1015
-0.1033,-0.1033
-0.105,-0.105
-0.1067,-0.1067
-0.1085,-0.1085
-0.1103,-0.1103
-0.112,-0.112
-0.1137,-0.1137
-0.1155,-0.1155
-0.1173,-0.1173
-0.119,-0.119
-0.1207,-0.1207
-0.1225,-0.1225
-0.1243,-0.1243
-0.126,-0.126
-0.1278,-0.1278
-0.1295,-0.1295
-0.1312,-0.1312
-0.133,-0.133
-0.1348,-0.1348
-0.1365,-0.1365
-0.1382,-0.1382
-0.14,-0.14
-0.1418,-0.1418
-0.1435,-0.1435
-0.1452,-0.1452
-0.147,-0.147
-0.1488,-0.1488
-0.1505,-0.1505
-0.1522,-0.1522
-0.154,-0.154
-0.1558,-0.1558
-0.1575,-0.1575
-0.1593,-0.1593
-0.161,-0.161
-0.1627,-0.1627
-0.1645,-0.1645
-0.1663,-0.1663
-0.168,-0.168
-0.1697,-0.1697
-0.1715,-0.1715
-0.1733,-0.1733
-0.175,-0.175
-0.1767,-0.1767
-0.1785,-0.1785
-0.1803,-0.1803
-0.182,-0.182
-0.1838,-0.1838
-0.1855,-0.1855
-0.1873,-0.1873
-0.189,-0.189
-0.1908,-0.1908
-0.1925,-0.1925
-0.1942,-0.1942
-0.196,-0.196
-0.1978,-0.1978
-0.1995,-0.1995
-0.2012,-0.2012
-0.203,-0.203
-0.2048,-0.2048
-0.2065,-0.2065
-0.2082,-0.2082
-0.21,-0.21
-0.2118,-0.2118
-0.2135,-0.2135
-0.2153,-0.2153
-0.217,-0.217
-0.2188,-0.2188
-0.2205,-0.2205
-0.2223,-0.2223
-0.224,-0.224
-0.2257,-0.2257
-0.2275,-0.2275
-0.2293,-0.2293
-0.231,-0.231
-0.2327,-0.2327
-0.2345,-0.2345
-0.2363,-0.2363
-0.238,-0.238
-0.2397,-0.2397
-0.2415,-0.2415
-0.2433,-0.2433
-0.245,-0.245
-0.2468,-0.2468
-0.2485,-0.2485
-0.2502,-0.2502
-0.252,-0.252
-0.2538,-0.2538
-0.2555,-0.2555
-0.2572,-0.2572
-0.259,-0.259
-0.2608,-0.2608
-0.2625,-0.2625
-0.2642,-0.2642
-0.266,-0.266
-0.2678,-0.2678
-0.2695,-0.2695
-0.2713,-0.2713
-0.273,-0.273
-0.2748,-0.2748
-0.2765,-0.2765
-0.2783,-0.2783
-0.28,-0.28
-0.2817,-0.2817
-0.2835,-0.2835
-0.2853,-0.2853
-0.287,-0.287
-0.2887,-0.2887
-0.2905,-0.2905
-0.2923,-0.2923
-0.294,-0.294
-0.2957,-0.2957
-0.2975,-0.2975
-0.2993,-0.2993
-0.301,-0.301
-0.3028,-0.3028
-0.3045,-0.3045
-0.3062,-0.3062
-0.308,-0.308
-0.3098,-0.3098
-0.3115,-0.3115
-0.3132,-0.3132
-0.315,-0.315
-0.3168,-0.3168
-0.3185,-0.3185
-0.3202,-0.3202
-0.322,-0.322
-0.3238,-0.3238
-0.3255,-0.3255
-0.3272,-0.3272
-0.329,-0.329
-0.3308,-0.3308
-0.3325,-0.3325
-0.3343,-0.3343
-0.336,-0.336
-0.3377,-0.3377
-0.3395,-0.3395
-0.3413,-0.3413
-0.343,-0.343
-0.3447,-0.3447
-0.3465,-0.3465
-0.3483,-0.3483
-0.35,-0.35
-0.35,-0.35
-0.35,-0.35
-0.35,-0.35
-0.35,-0.35
-0.35,-0.35
-0.35,-0.35
-0.35,-0.35
-0.35,-0.35
-0.35,-0.35
-0.35,-0.35
-0.35,-0.35
-0.35,-0.35
-0.35,-0.35
-0.35,-0.35
-0.35,-0.35
-0.35,-0.35
-0.35,-0.35
-0.35,-0.35
-0.35,-0.35
-0.35,-0.35
-0.35,-0.35
-0.35,-0.35
-0.35,-0.35
-0.35,-0.35
-0.35,-0.35
-0.35,-0.35
-0.35,-0.35
-0.35,-0.35
-0.35,-0.35
-0.35,-0.35
-0.35,-0.35
-0.35,-0.35
-0.35,-0.35
-0.35,-0.35
-0.35,-0.35
-0.35,-0.35
-0.35,-0.35
-0.35,-0.35
-0.35,-0.35
-0.35,-0.35
-0.35,-0.35
-0.35,-0.35
-0.35,-0.35
-0.35,-0.35
-0.35,-0.35
-0.35,-0.35
-0.35,-0.35
-0.35,-0.35
-0.35,-0.35
-0.35,-0.35
-0.35,-0.35
-0.35,-0.35
-0.35,-0.35
-0.35,-0.35
-0.35,-0.35
-0.35,-0.35
-0.35,-0.35
-0.35,-0.35
-0.35,-0.35
-0.35,-0.35
-0.35,-0.35
-0.35,-0.35
-0.35,-0.35
-0.35,-0.35
-0.35,-0.35
-0.35,-0.35
-0.35,-0.35
-0.35,-0.35
-0.35,-0.35
-0.35,-0.35
-0.35,-0.35
-0.35,-0.35
-0.35,-0.35
-0.35,-0.35
-0.35,-0.35
-0.35,-0.35
-0.35,-0.35
-0.35,-0.35
-0.35,-0.35
-0.35,-0.35
-0.35,-0.35
-0.35,-0.35
-0.35,-0.35
-0.35,-0.35
-0.35,-0.35
-0.35,-0.35
-0.35,-0.35
-0.35,-0.35
-0.35,-0.35
-0.35,-0.35
-0.35,-0.35
-0.35,-0.35
-0.35,-0.35
-0.35,-0.35
-0.35,-0.35
-0.35,-0.35
-0.35,-0.35
-0.35,-0.35
-0.35,-0.35
-0.35,-0.35
-0.35,-0.35
-0.35,-0.35
-0.35,-0.35
-0.35,-0.35
-0.35,-0.35
-0.35,-0.35
-0.35,-0.35
-0.35,-0.35
-0.35,-0.35
-0.35,-0.35
-0.35,-0.35
-0.35,-0.35
-0.35,-0.35
-0.35,-0.35
-0.35,-0.35
-0.35,-0.35
-0.35,-0.35
-0.35,-0.35
-0.35,-0.35
-0.35,-0.35
-0.35,-0.35
-0.35,-0.35
-0.35,-0.35
-0.35,-0.35
-0.35,-0.35
-0.35,-0.35
-0.35,-0.35
-0.35,-0.35
-0.35,-0.35
-0.35,-0.35
-0.35,-0.35
-0.35,-0.35
-0.35,-0.35
-0.35,-0.35
-0.35,-0.35
-0.35,-0.35
-0.35,-0.35
-0.35,-0.35
-0.35,-0.35
-0.35,-0.35
-0.35,-0.35
-0.35,-0.35
-0.35,-0.35
-0.35,-0.35
-0.35,-0.35
-0.35,-0.35
-0.35,-0.35
-0.35,-0.35
-0.35,-0.35
-0.35,-0.35
-0.35,-0.35
-0.35,-0.35
-0.35,-0.35
-0.35,-0.35
-0.35,-0.35
-0.35,-0.35
-0.35,-0.35
-0.35,-0.35
-0.35,-0.35
-0.35,-0.35
-0.35,-0.35
-0.35,-0.35
-0.35,-0.35
-0.35,-0.35
-0.35,-0.35
-0.35,-0.35
-0.35,-0.35
-0.35,-0.35
-0.35,-0.35
-0.35,-0.35
-0.35,-0.35
-0.35,-0.35
-0.35,-0.35
-0.35,-0.35
-0.35,-0.35
-0.35,-0.35
-0.35,-0.35
-0.35,-0.35
-0.35,-0.35
-0.35,-0.35
-0.35,-0.35
-0.35,-0.35
-0.35,-0.35
-0.35,-0.35
-0.35,-0.35
-0.35,-0.35
-0.35,-0.35
-0.35,-0.35
-0.35,-0.35
-0.35,-0.35
-0.35,-0.35
-0.35,-0.35
-0.35,-0.35
-0.35,-0.35
-0.35,-0.35
-0.35,-0.35
-0.35,-0.35
-0.35,-0.35
-0.35,-0.35
-0.35,-0.35
-0.35,-0.35
-0.35,-0.35
-0.35,-0.35
-0.35,-0.35
-0.35,-0.35
-0.35,-0.35
-0.35,-0.35
-0.35,-0.35
-0.35,-0.35
-0.35,-0.35
-0.35,-0.35
-0.35,-0.35
-0.35,-0.35
-0.35,-0.35
-0.35,-0.35
-0.35,-0.35
-0.35,-0.35
-0.35,-0.35
-0.35,-0.35
-0.35,-0.35
-0.35,-0.35
-0.35,-0.35
-0.35,-0.35
-0.35,-0.35
-0.35,-0.35
-0.35,-0.35
-0.35,-0.35
-0.35,-0.35
-0.35,-0.35
-0.35,-0.35
-0.35,-0.35
-0.35,-0.35
-0.35,-0.35
-0.35,-0.35
-0.35,-0.35
-0.35,-0.35
-0.35,-0.35
-0.35,-0.35
-0.35,-0.35
-0.35,-0.35
-0.35,-0.35
-0.35,-0.35
-0.35,-0.35
-0.35,-0.35
-0.35,-0.35
-0.35,-0.35
-0.35,-0.35
-0.35,-0.35
-0.35,-0.35
-0.35,-0.35
-0.35,-0.35
-0.35,-0.35
-0.35,-0.35
-0.35,-0.35
-0.35,-0.35
-0.35,-0.35
-0.35,-0.35
-0.35,-0.35
-0.35,-0.35
-0.35,-0.35
-0.35,-0.35
-0.35,-0.35
-0.35,-0.35
-0.35,-0.35
-0.35,-0.35
-0.35,-0.35
-0.35,-0.35
-0.35,-0.35
-0.35,-0.35
-0.35,-0.35
-0.35,-0.35
-0.35,-0.35
-0.35,-0.35
-0.35,-0.35
-0.35,-0.35
-0.35,-0.35
-0.35,-0.35
-0.35,-0.35
-0.35,-0.35
-0.35,-0.35
-0.35,-0.35
-0.35,-0.35
-0.35,-0.35
-0.35,-0.35
-0.35,-0.35
-0.35,-0.35
-0.35,-0.35
-0.35,-0.35
-0.35,-0.35
-0.35,-0.35
-0.35,-0.35
-0.35,-0.35
-0.35,-0.35
-0.35,-0.35
-0.35,-0.35
-0.35,-0.35
-0.35,-0.35
-0.35,-0.35
-0.35,-0.35
-0.35,-0.35
-0.35,-0.35
-0.35,-0.35
-0.35,-0.35
-0.35,-0.35
-0.35,-0.35
-0.35,-0.35
-0.35,-0.35
-0.35,-0.35
-0.35,-0.35
-0.35,-0.35
-0.35,-0.35
-0.35,-0.35
-0.35,-0.35
-0.35,-0.35
-0.35,-0.35
-0.35,-0.35
-0.35,-0.35
-0.35,-0.35
-0.35,-0.35
-0.35,-0.35
-0.35,-0.35
-0.35,-0.35
-0.35,-0.35
-0.35,-0.35
-0.35,-0.35
-0.35,-0.35
-0.35,-0.35
-0.35,-0.35
-0.35,-0.35
-0.35,-0.35
-0.35,-0.35
-0.35,-0.35
-0.35,-0.35
-0.35,-0.35
-0.35,-0.35
-0.35,-0.35
-0.35,-0.35
-0.35,-0.35
-0.35,-0.35
-0.35,-0.35
-0.35,-0.35
-0.35,-0.35
-0.35,-0.35
-0.35,-0.35
-0.35,-0.35
-0.35,-0.35
-0.35,-0.35
-0.35,-0.35
-0.35,-0.35
-0.35,-0.35
-0.35,-0.35
-0.35,-0.35
-0.35,-0.35
-0.35,-0.35
-0.35,-0.35
-0.35,-0.35
-0.35,-0.35
-0.35,-0.35
-0.35,-0.35
-0.35,-0.35
-0.35,-0.35
-0.35,-0.35
-0.35,-0.35
-0.35,-0.35
-0.35,-0.35
-0.35,-0.35
-0.35,-0.35
-0.35,-0.35
-0.35,-0.35
-0.35,-0.35
-0.35,-0.35
-0.35,-0.35
-0.35,-0.35
-0.35,-0.35
-0.35,-0.35
-0.35,-0.35
-0.35,-0.35
-0.35,-0.35
-0.35,-0.35
-0.35,-0.35
-0.35,-0.35
-0.35,-0.35
-0.35,-0.35
-0.35,-0.35
-0.35,-0.35
-0.35,-0.35
-0.35,-0.35
-0.35,-0.35
-0.35,-0.35
-0.35,-0.35
-0.35,-0.35
-0.35,-0.35
-0.35,-0.35
-0.35,-0.35
-0.35,-0.35
-0.35,-0.35
-0.35,-0.35
-0.35,-0.35
-0.35,-0.35
-0.35,-0.35
-0.35,-0.35
-0.35,-0.35
-0.35,-0.35
-0.35,-0.35
-0.35,-0.35
-0.35,-0.35
-0.35,-0.35
-0.35,-0.35
-0.35,-0.35
-0.35,-0.35
-0.35,-0.35
-0.35,-0.35
-0.35,-0.35
-0.35,-0.35
-0.35,-0.35
-0.35,-0.35
-0.35,-0.35
-0.35,-0.35
-0.35,-0.35
-0.35,-0.35
-0.35,-0.35
-0.35,-0.35
-0.35,-0.35
-0.35,-0.35
-0.35,-0.35
-0.35,-0.35
-0.35,-0.35
-0.35,-0.35
-0.35,-0.35
-0.35,-0.35
-0.35,-0.35
-0.35,-0.35
-0.35,-0.35
-0.35,-0.35
-0.35,-0.35
-0.35,-0.35
-0.35,-0.35
-0.35,-0.35
-0.35,-0.35
-0.35,-0.35
-0.35,-0.35
-0.35,-0.35
-0.35,-0.35
-0.35,-0.35
-0.35,-0.35
-0.35,-0.35
-0.35,-0.35
-0.35,-0.35
-0.35,-0.35
-0.35,-0.35
-0.35,-0.35
-0.35,-0.35
-0.35,-0.35
-0.35,-0.35
-0.35,-0.35
-0.35,-0.35
-0.35,-0.35
-0.35,-0.35
-0.35,-0.35
-0.35,-0.35
-0.35,-0.35
-0.35,-0.35
-0.35,-0.35
-0.35,-0.35
-0.35,-0.35
-0.35,-0.35
-0.35,-0.35
-0.35,-0.35
-0.35,-0.35
-0.35,-0.35
-0.35,-0.35
-0.35,-0.35
-0.35,-0.35
-0.35,-0.35
-0.35,-0.35
-0.35,-0.35
-0.35,-0.35
-0.35,-0.35
-0.35,-0.35
-0.35,-0.35
-0.35,-0.35
-0.35,-0.35
-0.35,-0.35
-0.35,-0.35
-0.35,-0.35
-0.35,-0.35
-0.35,-0.35
-0.35,-0.35
-0.35,-0.35
-0.35,-0.35
-0.35,-0.35
-0.35,-0.35
-0.35,-0.35
-0.35,-0.35
-0.35,-0.35
-0.35,-0.35
-0.35,-0.35
-0.35,-0.35
-0.35,-0.35
-0.35,-0.35
-0.35,-0.35
-0.35,-0.35
-0.35,-0.35
-0.35,-0.35
-0.35,-0.35
-0.35,-0.35
-0.35,-0.35
-0.35,-0.35
-0.35,-0.35
-0.35,-0.35
-0.35,-0.35
-0.35,-0.35
-0.35,-0.35
-0.35,-0.35
-0.35,-0.35
-0.35,-0.35
-0.35,-0.35
-0.35,-0.35
-0.35,-0.35
-0.35,-0.35
-0.35,-0.35
-0.35,-0.35
-0.35,-0.35
-0.35,-0.35
-0.35,-0.35
-0.35,-0.35
-0.35,-0.35
-0.35,-0.35
-0.35,-0.35
-0.35,-0.35
-0.35,-0.35
-0.35,-0.35
-0.35,-0.35
-0.35,-0.35
-0.35,-0.35
-0.35,-0.35
-0.35,-0.35
-0.35,-0.35
-0.35,-0.35
-0.35,-0.35
-0.35,-0.35
-0.35,-0.35
-0.35,-0.35
-0.35,-0.35
-0.35,-0.35
-0.35,-0.35
-0.35,-0.35
-0.35,-0.35
-0.35,-0.35
-0.35,-0.35
-0.35,-0.35
-0.35,-0.35
-0.35,-0.35
-0.35,-0.35
-0.35,-0.35
-0.35,-0.35
-0.35,-0.35
-0.35,-0.35
-0.35,-0.35
-0.35,-0.35
-0.35,-0.35
-0.35,-0.35
-0.35,-0.35
-0.35,-0.35
-0.35,-0.35
-0.35,-0.35
-0.35,-0.35
-0.35,-0.35
-0.35,-0.35
-0.35,-0.35
-0.35,-0.35
-0.35,-0.35
-0.35,-0.35
-0.35,-0.35
-0.35,-0.35
-0.35,-0.35
-0.35,-0.35
-0.35,-0.35
-0.35,-0.35
-0.35,-0.35
-0.35,-0.35
-0.35,-0.35
-0.35,-0.35
-0.35,-0.35
-0.35,-0.35
-0.35,-0.35
-0.35,-0.35
-0.35,-0.35
-0.35,-0.35
-0.35,-0.35
-0.35,-0.35
-0.35,-0.35
-0.35,-0.35
-0.35,-0.35
-0.35,-0.35
-0.35,-0.35
-0.35,-0.35
-0.35,-0.35
-0.35,-0.35
-0.35,-0.35
-0.35,-0.35
-0.35,-0.35
-0.35,-0.35
-0.35,-0.35
-0.35,-0.35
-0.35,-0.35
-0.35,-0.35
-0.35,-0.35
-0.35,-0.35
-0.35,-0.35
-0.35,-0.35
-0.35,-0.35
-0.35,-0.35
-0.35,-0.35
-0.35,-0.35
-0.35,-0.35
-0.35,-0.35
-0.35,-0.35
-0.35,-0.35
-0.35,-0.35
-0.35,-0.35
-0.35,-0.35
-0.35,-0.35
-0.35,-0.35
-0.35,-0.35
-0.35,-0.35
-0.35,-0.35
-0.35,-0.35
-0.35,-0.35
-0.35,-0.35
-0.35,-0.35
-0.35,-0.35
-0.35,-0.35
-0.35,-0.35
-0.35,-0.35
-0.35,-0.35
-0.35,-0.35
-0.35,-0.35
-0.35,-0.35
-0.35,-0.35
-0.35,-0.35
-0.35,-0.35
-0.35,-0.35
-0.35,-0.35
-0.35,-0.35
-0.35,-0.35
-0.35,-0.35
-0.35,-0.35
-0.35,-0.35
-0.35,-0.35
-0.35,-0.35
-0.35,-0.35
-0.35,-0.35
-0.35,-0.35
-0.35,-0.35
-0.35,-0.35
-0.35,-0.35
-0.35,-0.35
-0.35,-0.35
-0.35,-0.35
-0.35,-0.35
-0.35,-0.35
-0.35,-0.35
-0.35,-0.35
-0.35,-0.35
-0.35,-0.35
-0.35,-0.35
-0.35,-0.35
-0.35,-0.35
-0.35,-0.35
-0.35,-0.35
-0.35,-0.35
-0.35,-0.35
-0.35,-0.35
-0.35,-0.35
-0.35,-0.35
-0.35,-0.35
-0.35,-0.35
-0.35,-0.35
-0.35,-0.35
-0.35,-0.35
-0.35,-0.35
-0.35,-0.35
-0.35,-0.35
-0.35,-0.35
-0.35,-0.35
-0.35,-0.35
-0.35,-0.35
-0.35,-0.35
-0.35,-0.35
-0.35,-0.35
-0.35,-0.35
-0.35,-0.35
-0.35,-0.35
-0.35,-0.35
-0.35,-0.35
-0.35,-0.35
-0.35,-0.35
-0.35,-0.35
-0.35,-0.35
-0.35,-0.35
-0.35,-0.35
-0.35,-0.35
-0.35,-0.35
-0.35,-0.35
-0.35,-0.35
-0.35,-0.35
-0.35,-0.35
-0.35,-0.35
-0.35,-0.35
-0.35,-0.35
-0.35,-0.35
-0.35,-0.35
-0.35,-0.35
-0.35,-0.35
-0.35,-0.35
-0.35,-0.35
-0.35,-0.35
-0.35,-0.35
-0.35,-0.35
-0.35,-0.35
-0.35,-0.35
-0.35,-0.35
-0.35,-0.35
-0.35,-0.35
-0.35,-0.35
-0.35,-0.35
-0.35,-0.35
-0.35,-0.35
-0.35,-0.35
-0.35,-0.35
-0.35,-0.35
-0.35,-0.35
-0.35,-0.35
-0.35,-0.35
-0.35,-0.35
-0.35,-0.35
-0.35,-0.35
-0.35,-0.35
-0.35,-0.35
-0.35,-0.35
-0.35,-0.35
-0.35,-0.35
-0.35,-0.35
-0.35,-0.35
-0.35,-0.35
-0.35,-0.35
-0.35,-0.35
-0.35,-0.35
-0.35,-0.35
-0.35,-0.35
-0.35,-0.35
-0.35,-0.35
-0.35,-0.35
-0.35,-0.35
-0.35,-0.35
-0.35,-0.35
-0.35,-0.35
-0.35,-0.35
-0.35,-0.35
-0.35,-0.35
-0.35,-0.35
-0.35,-0.35
-0.35,-0.35
-0.35,-0.35
-0.35,-0.35
-0.35,-0.35
-0.35,-0.35
-0.35,-0.35
-0.35,-0.35
-0.35,-0.35
-0.35,-0.35
-0.35,-0.35
-0.35,-0.35
-0.35,-0.35
-0.35,-0.35
-0.35,-0.35
-0.35,-0.35
-0.35,-0.35
-0.35,-0.35
-0.35,-0.35
-0.35,-0.35
-0.35,-0.35
-0.35,-0.35
-0.35,-0.35
-0.35,-0.35
-0.35,-0.35
-0.35,-0.35
-0.35,-0.35
-0.35,-0.35
-0.35,-0.35
-0.35,-0.35
-0.35,-0.35
-0.35,-0.35
-0.35,-0.35
-0.35,-0.35
-0.35,-0.35
-0.35,-0.35
-0.35,-0.35
-0.35,-0.35
-0.35,-0.35
-0.35,-0.35
-0.35,-0.35
-0.35,-0.35
-0.35,-0.35
-0.35,-0.35
-0.35,-0.35
-0.35,-0.35
-0.35,-0.35
-0.35,-0.35
-0.35,-0.35
-0.35,-0.35
-0.35,-0.35
-0.35,-0.35
-0.35,-0.35
-0.35,-0.35
-0.35,-0.35
-0.35,-0.35
-0.35,-0.35
-0.35,-0.35
-0.35,-0.35
-0.35,-0.35
-0.35,-0.35
-0.35,-0.35
-0.35,-0.35
-0.35,-0.35
-0.35,-0.35
-0.35,-0.35
-0.35,-0.35
-0.35,-0.35
-0.35,-0.35
-0.35,-0.35
-0.35,-0.35
-0.35,-0.35
-0.35,-0.35
-0.35,-0.35
-0.35,-0.35
-0.35,-0.35
-0.35,-0.35
-0.35,-0.35
-0.35,-0.35
-0.35,-0.35
-0.35,-0.35
-0.35,-0.35
-0.35,-0.35
-0.35,-0.35
-0.35,-0.35
-0.35,-0.35
-0.35,-0.35
-0.35,-0.35
-0.35,-0.35
-0.35,-0.35
-0.35,-0.35
-0.35,-0.35
-0.35,-0.35
-0.35,-0.35
-0.35,-0.35
-0.35,-0.35
-0.35,-0.35
-0.35,-0.35
-0.35,-0.35
-0.35,-0.35
-0.35,-0.35
-0.35,-0.35
-0.35,-0.35
-0.35,-0.35
-0.35,-0.35
-0.35,-0.35
-0.35,-0.35
-0.35,-0.35
-0.35,-0.35
-0.35,-0.35
-0.35,-0.35
-0.35,-0.35
-0.35,-0.35
-0.35,-0.35
-0.35,-0.35
-0.35,-0.35
-0.35,-0.35
-0.35,-0.35
-0.35,-0.35
-0.35,-0.35
-0.35,-0.35
-0.35,-0.35
-0.35,-0.35
-0.35,-0.35
-0.35,-0.35
-0.35,-0.35
-0.35,-0.35
-0.35,-0.35
-0.35,-0.35
-0.35,-0.35
-0.35,-0.35
-0.35,-0.35
-0.35,-0.35
-0.35,-0.35
-0.35,-0.35
-0.35,-0.35
-0.35,-0.35
-0.35,-0.35
-0.35,-0.35
-0.35,-0.35
-0.35,-0.35
-0.35,-0.35
-0.35,-0.35
-0.35,-0.35
-0.35,-0.35
-0.35,-0.35
-0.35,-0.35
-0.35,-0.35
-0.35,-0.35
-0.35,-0.35
-0.35,-0.35
-0.35,-0.35
-0.35,-0.35
-0.35,-0.35
-0.35,-0.35
-0.35,-0.35
-0.35,-0.35
-0.35,-0.35
-0.35,-0.35
-0.35,-0.35
-0.35,-0.35
-0.35,-0.35
-0.35,-0.35
-0.35,-0.35
-0.35,-0.35
-0.35,-0.35
-0.35,-0.35
-0.35,-0.35
-0.35,-0.35
-0.35,-0.35
-0.35,-0.35
-0.35,-0.35
-0.35,-0.35
-0.35,-0.35
-0.35,-0.35
-0.35,-0.35
-0.35,-0.35
-0.35,-0.35
-0.35,-0.35
-0.35,-0.35
-0.35,-0.35
-0.35,-0.35
-0.35,-0.35
-0.35,-0.35
-0.35,-0.35
-0.35,-0.35
-0.35,-0.35
-0.35,-0.35
-0.35,-0.35
-0.35,-0.35
-0.35,-0.35
-0.35,-0.35
-0.35,-0.35
-0.35,-0.35
-0.35,-0.35
-0.35,-0.35
-0.35,-0.35
-0.35,-0.35
-0.35,-0.35
-0.35,-0.35
-0.35,-0.35
-0.35,-0.35
-0.35,-0.35
-0.35,-0.35
-0.35,-0.35
-0.35,-0.35
-0.35,-0.35
-0.35,-0.35
-0.35,-0.35
-0.35,-0.35
-0.35,-0.35
-0.35,-0.35
-0.35,-0.35
-0.35,-0.35
-0.35,-0.35
-0.35,-0.35
-0.35,-0.35
-0.35,-0.35
-0.35,-0.35
-0.35,-0.35
-0.35,-0.35
-0.35,-0.35
-0.35,-0.35
-0.35,-0.35
-0.35,-0.35
-0.35,-0.35
-0.35,-0.35
-0.35,-0.35
-0.35,-0.35
-0.35,-0.35
-0.35,-0.35
-0.35,-0.35
-0.35,-0.35
-0.35,-0.35
-0.35,-0.35
-0.35,-0.35
-0.35,-0.35
-0.35,-0.35
-0.35,-0.35
-0.35,-0.35
-0.35,-0.35
-0.35,-0.35
-0.35,-0.35
-0.35,-0.35
-0.35,-0.35
-0.35,-0.35
-0.35,-0.35
-0.35,-0.35
-0.35,-0.35
-0.35,-0.35
-0.35,-0.35
-0.35,-0.35
-0.35,-0.35
-0.35,-0.35
-0.35,-0.35
-0.35,-0.35
-0.35,-0.35
-0.35,-0.35
-0.35,-0.35
-0.35,-0.35
-0.35,-0.35
-0.35,-0.35
-0.35,-0.35
-0.35,-0.35
-0.35,-0.35
-0.35,-0.35
-0.35,-0.35
-0.35,-0.35
-0.35,-0.35
-0.35,-0.35
-0.35,-0.35
-0.35,-0.35
-0.35,-0.35
-0.35,-0.35
-0.35,-0.35
-0.35,-0.35
-0.35,-0.35
-0.35,-0.35
-0.35,-0.35
-0.35,-0.35
-0.35,-0.35
-0.35,-0.35
-0.35,-0.35
-0.35,-0.35
-0.35,-0.35
-0.35,-0.35
-0.35,-0.35
-0.35,-0.35
-0.35,-0.35
-0.35,-0.35
-0.35,-0.35
-0.35,-0.35
-0.35,-0.35
-0.35,-0.35
-0.35,-0.35
-0.35,-0.35
-0.35,-0.35
-0.35,-0.35
-0.35,-0.35
-0.35,-0.35
-0.35,-0.35
-0.35,-0.35
-0.35,-0.35
-0.35,-0.35
-0.35,-0.35
-0.35,-0.35
-0.35,-0.35
-0.35,-0.35
-0.35,-0.35
-0.35,-0.35
-0.35,-0.35
-0.35,-0.35
-0.35,-0.35
-0.35,-0.35
-0.35,-0.35
-0.35,-0.35
-0.35,-0.35
-0.35,-0.35
-0.35,-0.35
-0.35,-0.35
-0.35,-0.35
-0.35,-0.35
-0.35,-0.35
-0.35,-0.35
-0.35,-0.35
-0.35,-0.35
-0.35,-0.35
-0.35,-0.35
-0.35,-0.35
-0.35,-0.35
-0.35,-0.35
-0.35,-0.35
-0.35,-0.35
-0.35,-0.35
-0.35,-0.35
-0.35,-0.35
-0.35,-0.35
-0.35,-0.35
-0.35,-0.35
-0.35,-0.35
-0.35,-0.35
-0.35,-0.35
-0.35,-0.35
-0.35,-0.35
-0.35,-0.35
-0.35,-0.35
-0.35,-0.35
-0.35,-0.35
-0.35,-0.35
-0.35,-0.35
-0.35,-0.35
-0.35,-0.35
-0.35,-0.35
-0.35,-0.35
-0.35,-0.35
-0.35,-0.35
-0.35,-0.35
-0.35,-0.35
-0.35,-0.35
-0.35,-0.35
-0.35,-0.35
-0.35,-0.35
-0.35,-0.35
-0.35,-0.35
-0.35,-0.35
-0.35,-0.35
-0.35,-0.35
-0.35,-0.35
-0.35,-0.35
-0.35,-0.35
-0.35,-0.35
-0.35,-0.35
-0.35,-0.35
-0.35,-0.35
-0.35,-0.35
-0.35,-0.35
-0.35,-0.35
-0.35,-0.35
-0.35,-0.35
-0.35,-0.35
-0.35,-0.35
-0.35,-0.35
-0.35,-0.35
-0.35,-0.35
-0.35,-0.35
-0.35,-0.35
-0.35,-0.35
-0.35,-0.35
-0.35,-0.35
-0.35,-0.35
-0.35,-0.35
-0.35,-0.35
-0.35,-0.35
-0.35,-0.35
-0.35,-0.35
-0.35,-0.35
-0.35,-0.35
-0.35,-0.35
-0.35,-0.35
-0.35,-0.35
-0.35,-0.35
-0.35,-0.35
-0.35,-0.35
-0.35,-0.35
-0.35,-0.35
-0.35,-0.35
-0.35,-0.35
-0.35,-0.35
-0.35,-0.35
-0.35,-0.35
-0.35,-0.35
-0.35,-0.35
-0.35,-0.35
-0.35,-0.35
-0.35,-0.35
-0.35,-0.35
-0.35,-0.35
-0.35,-0.35
-0.35,-0.35
-0.35,-0.35
-0.35,-0.35
-0.35,-0.35
-0.35,-0.35
-0.35,-0.35
-0.35,-0.35
-0.35,-0.35
-0.35,-0.35
-0.35,-0.35
-0.35,-0.35
-0.35,-0.35
-0.35,-0.35
-0.35,-0.35
-0.35,-0.35
-0.35,-0.35
-0.35,-0.35
-0.35,-0.35
-0.35,-0.35
-0.35,-0.35
-0.35,-0.35
-0.35,-0.35
-0.35,-0.35
-0.35,-0.35
-0.35,-0.35
-0.35,-0.35
-0.35,-0.35
-0.35,-0.35
-0.35,-0.35
-0.35,-0.35
-0.35,-0.35
-0.35,-0.35
-0.35,-0.35
-0.35,-0.35
-0.35,-0.35
-0.35,-0.35
-0.35,-0.35
-0.35,-0.35
-0.35,-0.35
-0.35,-0.35
-0.35,-0.35
-0.35,-0.35
-0.35,-0.35
-0.35,-0.35
-0.35,-0.35
-0.35,-0.35
-0.35,-0.35
-0.35,-0.35
-0.35,-0.35
-0.35,-0.35
-0.35,-0.35
-0.35,-0.35
-0.35,-0.35
-0.35,-0.35
-0.35,-0.35
-0.35,-0.35
-0.35,-0.35
-0.35,-0.35
-0.35,-0.35
-0.35,-0.35
-0.35,-0.35
-0.35,-0.35
-0.35,-0.35
-0.35,-0.35
-0.35,-0.35
-0.35,-0.35
-0.35,-0.35
-0.35,-0.35
-0.35,-0.35
-0.35,-0.35
-0.35,-0.35
-0.35,-0.35
-0.35,-0.35
-0.35,-0.35
-0.35,-0.35
-0.35,-0.35
-0.35,-0.35
-0.35,-0.35
-0.35,-0.35
-0.35,-0.35
-0.35,-0.35
-0.35,-0.35
-0.35,-0.35
-0.35,-0.35
-0.35,-0.35
-0.35,-0.35
-0.35,-0.35
-0.35,-0.35
-0.35,-0.35
-0.35,-0.35
-0.35,-0.35
-0.35,-0.35
-0.35,-0.35
-0.35,-0.35
-0.35,-0.35
-0.35,-0.35
-0.35,-0.35
-0.35,-0.35
-0.35,-0.35
-0.35,-0.35
-0.35,-0.35
-0.35,-0.35
-0.35,-0.35
-0.35,-0.35
-0.35,-0.35
-0.35,-0.35
-0.35,-0.35
-0.35,-0.35
-0.35,-0.35
-0.35,-0.35
-0.35,-0.35
-0.35,-0.35
-0.35,-0.35
-0.35,-0.35
-0.35,-0.35
-0.35,-0.35
-0.35,-0.35
-0.35,-0.35
-0.35,-0.35
-0.35,-0.35
-0.3515,-0.3515
-0.353,-0.353
-0.3545,-0.3545
-0.356,-0.356
-0.3575,-0.3575
-0.359,-0.359
-0.3605,-0.3605
-0.362,-0.362
-0.3635,-0.3635
-0.365,-0.365
-0.3665,-0.3665
-0.368,-0.368
-0.3695,-0.3695
-0.371,-0.371
-0.3725,-0.3725
-0.374,-0.374
-0.3755,-0.3755
-0.377,-0.377
-0.3785,-0.3785
-0.38,-0.38
-0.3815,-0.3815
-0.383,-0.383
-0.3845,-0.3845
-0.386,-0.386
-0.3875,-0.3875
-0.389,-0.389
-0.3905,-0.3905
-0.392,-0.392
-0.3935,-0.3935
-0.395,-0.395
-0.3965,-0.3965
-0.398,-0.398
-0.3995,-0.3995
-0.401,-0.401
-0.4025,-0.4025
-0.404,-0.404
-0.4055,-0.4055
-0.407,-0.407
-0.4085,-0.4085
-0.41,-0.41
-0.4115,-0.4115
-0.413,-0.413
-0.4145,-0.4145
-0.416,-0.416
-0.4175,-0.4175
-0.419,-0.419
-0.4205,-0.4205
-0.422,-0.422
-0.4235,-0.4235
-0.425,-0.425
-0.4265,-0.4265
-0.428,-0.428
-0.4295,-0.4295
-0.431,-0.431
-0.4325,-0.4325
-0.434,-0.434
-0.4355,-0.4355
-0.437,-0.437
-0.4385,-0.4385
-0.44,-0.44
-0.4415,-0.4415
-0.443,-0.443
-0.4445,-0.4445
-0.446,-0.446
-0.4475,-0.4475
-0.449,-0.449
-0.4505,-0.4505
-0.452,-0.452
-0.4535,-0.4535
-0.455,-0.455
-0.4565,-0.4565
-0.458,-0.458
-0.4595,-0.4595
-0.461,-0.461
-0.4625,-0.4625
-0.464,-0.464
-0.4655,-0.4655
-0.467,-0.467
-0.4685,-0.4685
-0.47,-0.47
-0.4715,-0.4715
-0.473,-0.473
-0.4745,-0.4745
-0.476,-0.476
-0.4775,-0.4775
-0.479,-0.479
-0.4805,-0.4805
-0.482,-0.482
-0.4835,-0.4835
-0.485,-0.485
-0.4865,-0.4865
-0.488,-0.488
-0.4895,-0.4895
-0.491,-0.491
-0.4925,-0.4925
-0.494,-0.494
-0.4955,-0.4955
-0.497,-0.497
-0.4985,-0.4985
-0.5,-0.5
-0.5015,-0.5015
-0.503,-0.503
-0.5045,-0.5045
-0.506,-0.506
-0.5075,-0.5075
-0.509,-0.509
-0.5105,-0.5105
-0.512,-0.512
-0.5135,-0.5135
-0.515,-0.515
-0.5165,-0.5165
-0.518,-0.518
-0.5195,-0.5195
-0.521,-0.521
-0.5225,-0.5225
-0.524,-0.524
-0.5255,-0.5255
-0.527,-0.527
-0.5285,-0.5285
-0.53,-0.53
-0.5315,-0.5315
-0.533,-0.533
-0.5345,-0.5345
-0.536,-0.536
-0.5375,-0.5375
-0.539,-0.539
-0.5405,-0.5405
-0.542,-0.542
-0.5435,-0.5435
-0.545,-0.545
-0.5465,-0.5465
-0.548,-0.548
-0.5495,-0.5495
-0.551,-0.551
-0.5525,-0.5525
-0.554,-0.554
-0.5555,-0.5555
-0.557,-0.557
-0.5585,-0.5585
-0.56,-0.56
-0.5615,-0.5615
-0.563,-0.563
-0.5645,-0.5645
-0.566,-0.566
-0.5675,-0.5675
-0.569,-0.569
-0.5705,-0.5705
-0.572,-0.572
-0.5735,-0.5735
-0.575,-0.575
-0.5765,-0.5765
-0.578,-0.578
-0.5795,-0.5795
-0.581,-0.581
-0.5825,-0.5825
-0.584,-0.584
-0.5855,-0.5855
-0.587,-0.587
-0.5885,-0.5885
-0.59,-0.59
-0.5915,-0.5915
-0.593,-0.593
-0.5945,-0.5945
-0.596,-0.596
-0.5975,-0.5975
-0.599,-0.599
-0.6005,-0.6005
-0.602,-0.602
-0.6035,-0.6035
-0.605,-0.605
-0.6065,-0.6065
-0.608,-0.608
-0.6095,-0.6095
-0.611,-0.611
-0.6125,-0.6125
-0.614,-0.614
-0.6155,-0.6155
-0.617,-0.617
-0.6185,-0.6185
-0.62,-0.62
-0.6215,-0.6215
-0.623,-0.623
-0.6245,-0.6245
-0.626,-0.626
-0.6275,-0.6275
-0.629,-0.629
-0.6305,-0.6305
-0.632,-0.632
-0.6335,-0.6335
-0.635,-0.635
-0.6365,-0.6365
-0.638,-0.638
-0.6395,-0.6395
-0.641,-0.641
-0.6425,-0.6425
-0.644,-0.644
-0.6455,-0.6455
-0.647,-0.647
-0.6485,-0.6485
-0.65,-0.65
-0.65,-0.65
-0.65,-0.65
-0.65,-0.65
-0.65,-0.65
-0.65,-0.65
-0.65,-0.65
-0.65,-0.65
-0.65,-0.65
-0.65,-0.65
-0.65,-0.65
-0.65,-0.65
-0.65,-0.65
-0.65,-0.65
-0.65,-0.65
-0.65,-0.65
-0.65,-0.65
-0.65,-0.65
-0.65,-0.65
-0.65,-0.65
-0.65,-0.65
-0.65,-0.65
-0.65,-0.65
-0.65,-0.65
-0.65,-0.65
-0.65,-0.65
-0.65,-0.65
-0.65,-0.65
-0.65,-0.65
-0.65,-0.65
-0.65,-0.65
-0.65,-0.65
-0.65,-0.65
-0.65,-0.65
-0.65,-0.65
-0.65,-0.65
-0.65,-0.65
-0.65,-0.65
-0.65,-0.65
-0.65,-0.65
-0.65,-0.65
-0.65,-0.65
-0.65,-0.65
-0.65,-0.65
-0.65,-0.65
-0.65,-0.65
-0.65,-0.65
-0.65,-0.65
-0.65,-0.65
-0.65,-0.65
-0.65,-0.65
-0.65,-0.65
-0.65,-0.65
-0.65,-0.65
-0.65,-0.65
-0.65,-0.65
-0.65,-0.65
-0.65,-0.65
-0.65,-0.65
-0.65,-0.65
-0.65,-0.65
-0.65,-0.65
-0.65,-0.65
-0.65,-0.65
-0.65,-0.65
-0.65,-0.65
-0.65,-0.65
-0.65,-0.65
-0.65,-0.65
-0.65,-0.65
-0.65,-0.65
-0.65,-0.65
-0.65,-0.65
-0.65,-0.65
-0.65,-0.65
-0.65,-0.65
-0.65,-0.65
-0.65,-0.65
-0.65,-0.65
-0.65,-0.65
-0.65,-0.65
-0.65,-0.65
-0.65,-0.65
-0.65,-0.65
-0.65,-0.65
-0.65,-0.65
-0.65,-0.65
-0.65,-0.65
-0.65,-0.65
-0.65,-0.65
-0.65,-0.65
-0.65,-0.65
-0.65,-0.65
-0.65,-0.65
-0.65,-0.65
-0.65,-0.65
-0.65,-0.65
-0.65,-0.65
-0.65,-0.65
-0.65,-0.65
-0.65,-0.65
-0.65,-0.65
-0.65,-0.65
-0.65,-0.65
-0.65,-0.65
-0.65,-0.65
-0.65,-0.65
-0.65,-0.65
-0.65,-0.65
-0.65,-0.65
-0.65,-0.65
-0.65,-0.65
-0.65,-0.65
-0.65,-0.65
-0.65,-0.65
-0.65,-0.65
-0.65,-0.65
-0.65,-0.65
-0.65,-0.65
-0.65,-0.65
-0.65,-0.65
-0.65,-0.65
-0.65,-0.65
-0.65,-0.65
-0.65,-0.65
-0.65,-0.65
-0.65,-0.65
-0.65,-0.65
-0.65,-0.65
-0.65,-0.65
-0.65,-0.65
-0.65,-0.65
-0.65,-0.65
-0.65,-0.65
-0.65,-0.65
-0.65,-0.65
-0.65,-0.65
-0.65,-0.65
-0.65,-0.65
-0.65,-0.65
-0.65,-0.65
-0.65,-0.65
-0.65,-0.65
-0.65,-0.65
-0.65,-0.65
-0.65,-0.65
-0.65,-0.65
-0.65,-0.65
-0.65,-0.65
-0.65,-0.65
-0.65,-0.65
-0.65,-0.65
-0.65,-0.65
-0.65,-0.65
-0.65,-0.65
-0.65,-0.65
-0.65,-0.65
-0.65,-0.65
-0.65,-0.65
-0.65,-0.65
-0.65,-0.65
-0.65,-0.65
-0.65,-0.65
-0.65,-0.65
-0.65,-0.65
-0.65,-0.65
-0.65,-0.65
-0.65,-0.65
-0.65,-0.65
-0.65,-0.65
-0.65,-0.65
-0.65,-0.65
-0.65,-0.65
-0.65,-0.65
-0.65,-0.65
-0.65,-0.65
-0.65,-0.65
-0.65,-0.65
-0.65,-0.65
-0.65,-0.65
-0.65,-0.65
-0.65,-0.65
-0.65,-0.65
-0.65,-0.65
-0.65,-0.65
-0.65,-0.65
-0.65,-0.65
-0.65,-0.65
-0.65,-0.65
-0.65,-0.65
-0.65,-0.65
-0.65,-0.65
-0.65,-0.65
-0.65,-0.65
-0.65,-0.65
-0.65,-0.65
-0.65,-0.65
-0.65,-0.65
-0.65,-0.65
-0.65,-0.65
-0.65,-0.65
-0.65,-0.65
-0.65,-0.65
-0.65,-0.65
-0.65,-0.65
-0.65,-0.65
-0.65,-0.65
-0.65,-0.65
-0.65,-0.65
-0.65,-0.65
-0.65,-0.65
-0.65,-0.65
-0.65,-0.65
-0.65,-0.65
-0.65,-0.65
-0.65,-0.65
-0.65,-0.65
-0.65,-0.65
-0.65,-0.65
-0.65,-0.65
-0.65,-0.65
-0.65,-0.65
-0.65,-0.65
-0.65,-0.65
-0.65,-0.65
-0.65,-0.65
-0.65,-0.65
-0.65,-0.65
-0.65,-0.65
-0.65,-0.65
-0.65,-0.65
-0.65,-0.65
-0.65,-0.65
-0.65,-0.65
-0.65,-0.65
-0.65,-0.65
-0.65,-0.65
-0.65,-0.65
-0.65,-0.65
-0.65,-0.65
-0.65,-0.65
-0.65,-0.65
-0.65,-0.65
-0.65,-0.65
-0.65,-0.65
-0.65,-0.65
-0.65,-0.65
-0.65,-0.65
-0.65,-0.65
-0.65,-0.65
-0.65,-0.65
-0.65,-0.65
-0.65,-0.65
-0.65,-0.65
-0.65,-0.65
-0.65,-0.65
-0.65,-0.65
-0.65,-0.65
-0.65,-0.65
-0.65,-0.65
-0.65,-0.65
-0.65,-0.65
-0.65,-0.65
-0.65,-0.65
-0.65,-0.65
-0.65,-0.65
-0.65,-0.65
-0.65,-0.65
-0.65,-0.65
-0.65,-0.65
-0.65,-0.65
-0.65,-0.65
-0.65,-0.65
-0.65,-0.65
-0.65,-0.65
-0.65,-0.65
-0.65,-0.65
-0.65,-0.65
-0.65,-0.65
-0.65,-0.65
-0.65,-0.65
-0.65,-0.65
-0.65,-0.65
-0.65,-0.65
-0.65,-0.65
-0.65,-0.65
-0.65,-0.65
-0.65,-0.65
-0.65,-0.65
-0.65,-0.65
-0.65,-0.65
-0.65,-0.65
-0.65,-0.65
-0.65,-0.65
-0.65,-0.65
-0.65,-0.65
-0.65,-0.65
-0.65,-0.65
-0.65,-0.65
-0.65,-0.65
-0.65,-0.65
-0.65,-0.65
-0.65,-0.65
-0.65,-0.65
-0.65,-0.65
-0.65,-0.65
-0.65,-0.65
-0.65,-0.65
-0.65,-0.65
-0.65,-0.65
-0.65,-0.65
-0.65,-0.65
-0.65,-0.65
-0.65,-0.65
-0.65,-0.65
-0.65,-0.65
-0.65,-0.65
-0.65,-0.65
-0.65,-0.65
-0.65,-0.65
-0.65,-0.65
-0.65,-0.65
-0.65,-0.65
-0.65,-0.65
-0.65,-0.65
-0.65,-0.65
-0.65,-0.65
-0.65,-0.65
-0.65,-0.65
-0.65,-0.65
-0.65,-0.65
-0.65,-0.65
-0.65,-0.65
-0.65,-0.65
-0.65,-0.65
-0.65,-0.65
-0.65,-0.65
-0.65,-0.65
-0.65,-0.65
-0.65,-0.65
-0.65,-0.65
-0.65,-0.65
-0.65,-0.65
-0.65,-0.65
-0.65,-0.65
-0.65,-0.65
-0.65,-0.65
-0.65,-0.65
-0.65,-0.65
-0.65,-0.65
-0.65,-0.65
-0.65,-0.65
-0.65,-0.65
-0.65,-0.65
-0.65,-0.65
-0.65,-0.65
-0.65,-0.65
-0.65,-0.65
-0.65,-0.65
-0.65,-0.65
-0.65,-0.65
-0.65,-0.65
-0.65,-0.65
-0.65,-0.65
-0.65,-0.65
-0.65,-0.65
-0.65,-0.65
-0.65,-0.65
-0.65,-0.65
-0.65,-0.65
-0.65,-0.65
-0.65,-0.65
-0.65,-0.65
-0.65,-0.65
-0.65,-0.65
-0.65,-0.65
-0.65,-0.65
-0.65,-0.65
-0.65,-0.65
-0.65,-0.65
-0.65,-0.65
-0.65,-0.65
-0.65,-0.65
-0.65,-0.65
-0.65,-0.65
-0.65,-0.65
-0.65,-0.65
-0.65,-0.65
-0.65,-0.65
-0.65,-0.65
-0.65,-0.65
-0.65,-0.65
-0.65,-0.65
-0.65,-0.65
-0.65,-0.65
-0.65,-0.65
-0.65,-0.65
-0.65,-0.65
-0.65,-0.65
-0.65,-0.65
-0.65,-0.65
-0.65,-0.65
-0.65,-0.65
-0.65,-0.65
-0.65,-0.65
-0.65,-0.65
-0.65,-0.65
-0.65,-0.65
-0.65,-0.65
-0.65,-0.65
-0.65,-0.65
-0.65,-0.65
-0.65,-0.65
-0.65,-0.65
-0.65,-0.65
-0.65,-0.65
-0.65,-0.65
-0.65,-0.65
-0.65,-0.65
-0.65,-0.65
-0.65,-0.65
-0.65,-0.65
-0.65,-0.65
-0.65,-0.65
-0.65,-0.65
-0.65,-0.65
-0.65,-0.65
-0.65,-0.65
-0.65,-0.65
-0.65,-0.65
-0.65,-0.65
-0.65,-0.65
-0.65,-0.65
-0.65,-0.65
-0.65,-0.65
-0.65,-0.65
-0.65,-0.65
-0.65,-0.65
-0.65,-0.65
-0.65,-0.65
-0.65,-0.65
-0.65,-0.65
-0.65,-0.65
-0.65,-0.65
-0.65,-0.65
-0.65,-0.65
-0.65,-0.65
-0.65,-0.65
-0.65,-0.65
-0.65,-0.65
-0.65,-0.65
-0.65,-0.65
-0.65,-0.65
-0.65,-0.65
-0.65,-0.65
-0.65,-0.65
-0.65,-0.65
-0.65,-0.65
-0.65,-0.65
-0.65,-0.65
-0.65,-0.65
-0.65,-0.65
-0.65,-0.65
-0.65,-0.65
-0.65,-0.65
-0.65,-0.65
-0.65,-0.65
-0.65,-0.65
-0.65,-0.65
-0.65,-0.65
-0.65,-0.65
-0.65,-0.65
-0.65,-0.65
-0.65,-0.65
-0.65,-0.65
-0.65,-0.65
-0.65,-0.65
-0.65,-0.65
-0.65,-0.65
-0.65,-0.65
-0.65,-0.65
-0.65,-0.65
-0.65,-0.65
-0.65,-0.65
-0.65,-0.65
-0.65,-0.65
-0.65,-0.65
-0.65,-0.65
-0.65,-0.65
-0.65,-0.65
-0.65,-0.65
-0.65,-0.65
-0.65,-0.65
-0.65,-0.65
-0.65,-0.65
-0.65,-0.65
-0.65,-0.65
-0.65,-0.65
-0.65,-0.65
-0.65,-0.65
-0.65,-0.65
-0.65,-0.65
-0.65,-0.65
-0.65,-0.65
-0.65,-0.65
-0.65,-0.65
-0.65,-0.65
-0.65,-0.65
-0.65,-0.65
-0.65,-0.65
-0.65,-0.65
-0.65,-0.65
-0.65,-0.65
-0.65,-0.65
-0.65,-0.65
-0.65,-0.65
-0.65,-0.65
-0.65,-0.65
-0.65,-0.65
-0.65,-0.65
-0.65,-0.65
-0.65,-0.65
-0.65,-0.65
-0.65,-0.65
-0.65,-0.65
-0.65,-0.65
-0.65,-0.65
-0.65,-0.65
-0.65,-0.65
-0.65,-0.65
-0.65,-0.65
-0.65,-0.65
-0.65,-0.65
-0.65,-0.65
-0.65,-0.65
-0.65,-0.65
-0.65,-0.65
-0.65,-0.65
-0.65,-0.65
-0.65,-0.65
-0.65,-0.65
-0.65,-0.65
-0.65,-0.65
-0.65,-0.65
-0.65,-0.65
-0.65,-0.65
-0.65,-0.65
-0.65,-0.65
-0.65,-0.65
-0.65,-0.65
-0.65,-0.65
-0.65,-0.65
-0.65,-0.65
-0.65,-0.65
-0.65,-0.65
-0.65,-0.65
-0.65,-0.65
-0.65,-0.65
-0.65,-0.65
-0.65,-0.65
-0.65,-0.65
-0.65,-0.65
-0.65,-0.65
-0.65,-0.65
-0.65,-0.65
-0.65,-0.65
-0.65,-0.65
-0.65,-0.65
-0.65,-0.65
-0.65,-0.65
-0.65,-0.65
-0.65,-0.65
-0.65,-0.65
-0.65,-0.65
-0.65,-0.65
-0.65,-0.65
-0.65,-0.65
-0.65,-0.65
-0.65,-0.65
-0.65,-0.65
-0.65,-0.65
-0.65,-0.65
-0.65,-0.65
-0.65,-0.65
-0.65,-0.65
-0.65,-0.65
-0.65,-0.65
-0.65,-0.65
-0.65,-0.65
-0.65,-0.65
-0.65,-0.65
-0.65,-0.65
-0.65,-0.65
-0.65,-0.65
-0.65,-0.65
-0.65,-0.65
-0.65,-0.65
-0.65,-0.65
-0.65,-0.65
-0.65,-0.65
-0.65,-0.65
-0.65,-0.65
-0.65,-0.65
-0.65,-0.65
-0.65,-0.65
-0.65,-0.65
-0.65,-0.65
-0.65,-0.65
-0.65,-0.65
-0.65,-0.65
-0.65,-0.65
-0.65,-0.65
-0.65,-0.65
-0.65,-0.65
-0.65,-0.65
-0.65,-0.65
-0.65,-0.65
-0.65,-0.65
-0.65,-0.65
-0.65,-0.65
-0.65,-0.65
-0.65,-0.65
-0.65,-0.65
-0.65,-0.65
-0.65,-0.65
-0.65,-0.65
-0.65,-0.65
-0.65,-0.65
-0.65,-0.65
-0.65,-0.65
-0.65,-0.65
-0.65,-0.65
-0.65,-0.65
-0.65,-0.65
-0.65,-0.65
-0.65,-0.65
-0.65,-0.65
-0.65,-0.65
-0.65,-0.65
-0.65,-0.65
-0.65,-0.65
-0.65,-0.65
-0.65,-0.65
-0.65,-0.65
-0.65,-0.65
-0.65,-0.65
-0.65,-0.65
-0.65,-0.65
-0.65,-0.65
-0.65,-0.65
-0.65,-0.65
-0.65,-0.65
-0.65,-0.65
-0.65,-0.65
-0.65,-0.65
-0.65,-0.65
-0.65,-0.65
-0.65,-0.65
-0.65,-0.65
-0.65,-0.65
-0.65,-0.65
-0.65,-0.65
-0.65,-0.65
-0.65,-0.65
-0.65,-0.65
-0.65,-0.65
-0.65,-0.65
-0.65,-0.65
-0.65,-0.65
-0.65,-0.65
-0.65,-0.65
-0.65,-0.65
-0.65,-0.65
-0.65,-0.65
-0.65,-0.65
-0.65,-0.65
-0.65,-0.65
-0.65,-0.65
-0.65,-0.65
-0.65,-0.65
-0.65,-0.65
-0.65,-0.65
-0.65,-0.65
-0.65,-0.65
-0.65,-0.65
-0.65,-0.65
-0.65,-0.65
-0.65,-0.65
-0.65,-0.65
-0.65,-0.65
-0.65,-0.65
-0.65,-0.65
-0.65,-0.65
-0.65,-0.65
-0.65,-0.65
-0.65,-0.65
-0.65,-0.65
-0.65,-0.65
-0.65,-0.65
-0.65,-0.65
-0.65,-0.65
-0.65,-0.65
-0.65,-0.65
-0.65,-0.65
-0.65,-0.65
-0.65,-0.65
-0.65,-0.65
-0.65,-0.65
-0.65,-0.65
-0.65,-0.65
-0.65,-0.65
-0.65,-0.65
-0.65,-0.65
-0.65,-0.65
-0.65,-0.65
-0.65,-0.65
-0.65,-0.65
-0.65,-0.65
-0.65,-0.65
-0.65,-0.65
-0.65,-0.65
-0.65,-0.65
-0.65,-0.65
-0.65,-0.65
-0.65,-0.65
-0.65,-0.65
-0.65,-0.65
-0.65,-0.65
-0.65,-0.65
-0.65,-0.65
-0.65,-0.65
-0.65,-0.65
-0.65,-0.65
-0.65,-0.65
-0.65,-0.65
-0.65,-0.65
-0.65,-0.65
-0.65,-0.65
-0.65,-0.65
-0.65,-0.65
-0.65,-0.65
-0.65,-0.65
-0.65,-0.65
-0.65,-0.65
-0.65,-0.65
-0.65,-0.65
-0.65,-0.65
-0.65,-0.65
-0.65,-0.65
-0.65,-0.65
-0.65,-0.65
-0.65,-0.65
-0.65,-0.65
-0.65,-0.65
-0.65,-0.65
-0.65,-0.65
-0.65,-0.65
-0.65,-0.65
-0.65,-0.65
-0.65,-0.65
-0.65,-0.65
-0.65,-0.65
-0.65,-0.65
-0.65,-0.65
-0.65,-0.65
-0.65,-0.65
-0.65,-0.65
-0.65,-0.65
-0.65,-0.65
-0.65,-0.65
-0.65,-0.65
-0.65,-0.65
-0.65,-0.65
-0.65,-0.65
-0.65,-0.65
-0.65,-0.65
-0.65,-0.65
-0.65,-0.65
-0.65,-0.65
-0.65,-0.65
-0.65,-0.65
-0.65,-0.65
-0.65,-0.65
-0.65,-0.65
-0.65,-0.65
-0.65,-0.65
-0.65,-0.65
-0.65,-0.65
-0.65,-0.65
-0.65,-0.65
-0.65,-0.65
-0.65,-0.65
-0.65,-0.65
-0.65,-0.65
-0.65,-0.65
-0.65,-0.65
-0.65,-0.65
-0.65,-0.65
-0.65,-0.65
-0.65,-0.65
-0.65,-0.65
-0.65,-0.65
-0.65,-0.65
-0.65,-0.65
-0.65,-0.65
-0.65,-0.65
-0.65,-0.65
-0.65,-0.65
-0.65,-0.65
-0.65,-0.65
-0.65,-0.65
-0.65,-0.65
-0.65,-0.65
-0.65,-0.65
-0.65,-0.65
-0.65,-0.65
-0.65,-0.65
-0.65,-0.65
-0.65,-0.65
-0.65,-0.65
-0.65,-0.65
-0.65,-0.65
-0.65,-0.65
-0.65,-0.65
-0.65,-0.65
-0.65,-0.65
-0.65,-0.65
-0.65,-0.65
-0.65,-0.65
-0.65,-0.65
-0.65,-0.65
-0.65,-0.65
-0.65,-0.65
-0.65,-0.65
-0.65,-0.65
-0.65,-0.65
-0.65,-0.65
-0.65,-0.65
-0.65,-0.65
-0.65,-0.65
-0.65,-0.65
-0.65,-0.65
-0.65,-0.65
-0.65,-0.65
-0.65,-0.65
-0.65,-0.65
-0.65,-0.65
-0.65,-0.65
-0.65,-0.65
-0.65,-0.65
-0.65,-0.65
-0.65,-0.65
-0.65,-0.65
-0.65,-0.65
-0.65,-0.65
-0.65,-0.65
-0.65,-0.65
-0.65,-0.65
-0.65,-0.65
-0.65,-0.65
-0.65,-0.65
-0.65,-0.65
-0.65,-0.65
-0.65,-0.65
-0.65,-0.65
-0.65,-0.65
-0.65,-0.65
-0.65,-0.65
-0.65,-0.65
-0.65,-0.65
-0.65,-0.65
-0.65,-0.65
-0.65,-0.65
-0.65,-0.65
-0.65,-0.65
-0.65,-0.65
-0.65,-0.65
-0.65,-0.65
-0.65,-0.65
-0.65,-0.65
-0.65,-0.65
-0.65,-0.65
-0.65,-0.65
-0.65,-0.65
-0.65,-0.65
-0.65,-0.65
-0.65,-0.65
-0.65,-0.65
-0.65,-0.65
-0.65,-0.65
-0.65,-0.65
-0.65,-0.65
-0.65,-0.65
-0.65,-0.65
-0.65,-0.65
-0.65,-0.65
-0.65,-0.65
-0.65,-0.65
-0.65,-0.65
-0.65,-0.65
-0.65,-0.65
-0.65,-0.65
-0.65,-0.65
-0.65,-0.65
-0.65,-0.65
-0.65,-0.65
-0.65,-0.65
-0.65,-0.65
-0.65,-0.65
-0.65,-0.65
-0.65,-0.65
-0.65,-0.65
-0.65,-0.65
-0.65,-0.65
-0.65,-0.65
-0.65,-0.65
-0.65,-0.65
-0.65,-0.65
-0.65,-0.65
-0.65,-0.65
-0.65,-0.65
-0.65,-0.65
-0.65,-0.65
-0.65,-0.65
-0.65,-0.65
-0.65,-0.65
-0.65,-0.65
-0.65,-0.65
-0.65,-0.65
-0.65,-0.65
-0.65,-0.65
-0.65,-0.65
-0.65,-0.65
-0.65,-0.65
-0.65,-0.65
-0.65,-0.65
-0.65,-0.65
-0.65,-0.65
-0.65,-0.65
-0.65,-0.65
-0.65,-0.65
-0.65,-0.65
-0.65,-0.65
-0.65,-0.65
-0.65,-0.65
-0.65,-0.65
-0.65,-0.65
-0.65,-0.65
-0.65,-0.65
-0.65,-0.65
-0.65,-0.65
-0.65,-0.65
-0.65,-0.65
-0.65,-0.65
-0.65,-0.65
-0.65,-0.65
-0.65,-0.65
-0.65,-0.65
-0.65,-0.65
-0.65,-0.65
-0.65,-0.65
-0.65,-0.65
-0.65,-0.65
-0.65,-0.65
-0.65,-0.65
-0.65,-0.65
-0.65,-0.65
-0.65,-0.65
-0.65,-0.65
-0.65,-0.65
-0.65,-0.65
-0.65,-0.65
-0.65,-0.65
-0.65,-0.65
-0.65,-0.65
-0.65,-0.65
-0.65,-0.65
-0.65,-0.65
-0.65,-0.65
-0.65,-0.65
-0.65,-0.65
-0.65,-0.65
-0.65,-0.65
-0.65,-0.65
-0.65,-0.65
-0.65,-0.65
-0.65,-0.65
-0.65,-0.65
-0.65,-0.65
-0.65,-0.65
-0.65,-0.65
-0.65,-0.65
-0.65,-0.65
-0.65,-0.65
-0.65,-0.65
-0.65,-0.65
-0.65,-0.65
-0.65,-0.65
-0.65,-0.65
-0.65,-0.65
-0.65,-0.65
-0.65,-0.65
-0.65,-0.65
-0.65,-0.65
-0.65,-0.65
-0.65,-0.65
-0.65,-0.65
-0.65,-0.65
-0.65,-0.65
-0.65,-0.65
-0.65,-0.65
-0.65,-0.65
-0.65,-0.65
-0.65,-0.65
-0.65,-0.65
-0.65,-0.65
-0.65,-0.65
-0.65,-0.65
-0.65,-0.65
-0.65,-0.65
-0.65,-0.65
-0.65,-0.65
-0.65,-0.65
-0.65,-0.65
-0.65,-0.65
-0.65,-0.65
-0.65,-0.65
-0.65,-0.65
-0.65,-0.65
-0.65,-0.65
-0.65,-0.65
-0.65,-0.65
-0.65,-0.65
-0.65,-0.65
-0.65,-0.65
-0.65,-0.65
-0.65,-0.65
-0.65,-0.65
-0.65,-0.65
-0.65,-0.65
-0.65,-0.65
-0.65,-0.65
-0.65,-0.65
-0.65,-0.65
-0.65,-0.65
-0.65,-0.65
-0.65,-0.65
-0.65,-0.65
-0.65,-0.65
-0.65,-0.65
-0.65,-0.65
-0.65,-0.65
-0.65,-0.65
-0.65,-0.65
-0.65,-0.65
-0.65,-0.65
-0.65,-0.65
-0.65,-0.65
-0.65,-0.65
-0.65,-0.65
-0.65,-0.65
-0.65,-0.65
-0.65,-0.65
-0.65,-0.65
-0.65,-0.65
-0.65,-0.65
-0.65,-0.65
-0.65,-0.65
-0.65,-0.65
-0.65,-0.65
-0.65,-0.65
-0.65,-0.65
-0.65,-0.65
-0.65,-0.65
-0.65,-0.65
-0.65,-0.65
-0.65,-0.65
-0.65,-0.65
-0.65,-0.65
-0.65,-0.65
-0.65,-0.65
-0.65,-0.65
-0.65,-0.65
-0.65,-0.65
-0.65,-0.65
-0.65,-0.65
-0.65,-0.65
-0.65,-0.65
-0.65,-0.65
-0.65,-0.65
-0.65,-0.65
-0.65,-0.65
-0.65,-0.65
-0.65,-0.65
-0.65,-0.65
-0.65,-0.65
-0.65,-0.65
-0.65,-0.65
-0.65,-0.65
-0.65,-0.65
-0.65,-0.65
-0.65,-0.65
-0.65,-0.65
-0.65,-0.65
-0.65,-0.65
-0.65,-0.65
-0.65,-0.65
-0.65,-0.65
-0.65,-0.65
-0.65,-0.65
-0.65,-0.65
-0.65,-0.65
-0.65,-0.65
-0.65,-0.65
-0.65,-0.65
-0.65,-0.65
-0.65,-0.65
-0.65,-0.65
-0.65,-0.65
-0.65,-0.65
-0.65,-0.65
-0.65,-0.65
-0.65,-0.65
-0.65,-0.65
-0.65,-0.65
-0.65,-0.65
-0.65,-0.65
-0.65,-0.65
-0.65,-0.65
-0.65,-0.65
-0.65,-0.65
-0.65,-0.65
-0.65,-0.65
-0.65,-0.65
-0.65,-0.65
-0.65,-0.65
-0.65,-0.65
-0.65,-0.65
-0.65,-0.65
-0.65,-0.65
-0.65,-0.65
-0.65,-0.65
-0.65,-0.65
-0.65,-0.65
-0.65,-0.65
-0.65,-0.65
-0.65,-0.65
-0.65,-0.65
-0.65,-0.65
-0.65,-0.65
-0.65,-0.65
-0.65,-0.65
-0.65,-0.65
-0.65,-0.65
-0.65,-0.65
-0.65,-0.65
-0.65,-0.65
-0.65,-0.65
-0.65,-0.65
-0.65,-0.65
-0.65,-0.65
-0.65,-0.65
-0.65,-0.65
-0.65,-0.65
-0.65,-0.65
-0.65,-0.65
-0.65,-0.65
-0.65,-0.65
-0.65,-0.65
-0.65,-0.65
-0.65,-0.65
-0.65,-0.65
-0.65,-0.65
-0.65,-0.65
-0.65,-0.65
-0.65,-0.65
-0.65,-0.65
-0.65,-0.65
-0.65,-0.65
-0.65,-0.65
-0.65,-0.65
-0.65,-0.65
-0.65,-0.65
-0.65,-0.65
-0.65,-0.65
-0.65,-0.65
-0.65,-0.65
-0.65,-0.65
-0.65,-0.65
-0.65,-0.65
-0.65,-0.65
-0.65,-0.65
-0.65,-0.65
-0.65,-0.65
-0.65,-0.65
-0.65,-0.65
-0.65,-0.65
-0.65,-0.65
-0.65,-0.65
-0.65,-0.65
-0.65,-0.65
-0.65,-0.65
-0.65,-0.65
-0.65,-0.65
-0.65,-0.65
-0.65,-0.65
-0.65,-0.65
-0.65,-0.65
-0.65,-0.65
-0.65,-0.65
-0.65,-0.65
-0.65,-0.65
-0.65,-0.65
-0.65,-0.65
-0.65,-0.65
-0.65,-0.65
-0.65,-0.65
-0.65,-0.65
-0.65,-0.65
-0.65,-0.65
-0.65,-0.65
-0.65,-0.65
-0.65,-0.65
-0.65,-0.65
-0.65,-0.65
-0.65,-0.65
-0.65,-0.65
-0.65,-0.65
-0.65,-0.65
-0.65,-0.65
-0.65,-0.65
-0.65,-0.65
-0.65,-0.65
-0.65,-0.65
-0.65,-0.65
-0.65,-0.65
-0.65,-0.65
-0.65,-0.65
-0.65,-0.65
-0.65,-0.65
-0.65,-0.65
-0.65,-0.65
-0.65,-0.65
-0.65,-0.65
-0.65,-0.65
-0.65,-0.65
-0.65,-0.65
-0.65,-0.65
-0.65,-0.65
-0.65,-0.65
-0.65,-0.65
-0.65,-0.65
-0.65,-0.65
-0.65,-0.65
-0.65,-0.65
-0.65,-0.65
-0.65,-0.65
-0.65,-0.65
-0.65,-0.65
-0.65,-0.65
-0.65,-0.65
-0.65,-0.65
-0.65,-0.65
-0.65,-0.65
-0.65,-0.65
-0.65,-0.65
-0.65,-0.65
-0.65,-0.65
-0.65,-0.65
-0.65,-0.65
-0.65,-0.65
-0.65,-0.65
-0.65,-0.65
-0.65,-0.65
-0.65,-0.65
-0.65,-0.65
-0.65,-0.65
-0.65,-0.65
-0.65,-0.65
-0.65,-0.65
-0.65,-0.65
-0.65,-0.65
-0.65,-0.65
-0.65,-0.65
-0.65,-0.65
-0.65,-0.65
-0.65,-0.65
-0.65,-0.65
-0.65,-0.65
-0.65,-0.65
-0.65,-0.65
-0.65,-0.65
-0.65,-0.65
-0.65,-0.65
-0.65,-0.65
-0.65,-0.65
-0.65,-0.65
-0.65,-0.65
-0.65,-0.65
-0.65,-0.65
-0.65,-0.65
-0.6457,-0.6457
-0.6413,-0.6413
-0.637,-0.637
-0.6327,-0.6327
-0.6283,-0.6283
-0.624,-0.624
-0.6197,-0.6197
-0.6153,-0.6153
-0.611,-0.611
-0.6067,-0.6067
-0.6023,-0.6023
-0.598,-0.598
-0.5937,-0.5937
-0.5893,-0.5893
-0.585,-0.585
-0.5807,-0.5807
-0.5763,-0.5763
-0.572,-0.572
-0.5677,-0.5677
-0.5633,-0.5633
-0.559,-0.559
-0.5547,-0.5547
-0.5503,-0.5503
-0.546,-0.546
-0.5417,-0.5417
-0.5373,-0.5373
-0.533,-0.533
-0.5287,-0.5287
-0.5243,-0.5243
-0.52,-0.52
-0.5157,-0.5157
-0.5113,-0.5113
-0.507,-0.507
-0.5027,-0.5027
-0.4983,-0.4983
-0.494,-0.494
-0.4897,-0.4897
-0.4853,-0.4853
-0.481,-0.481
-0.4767,-0.4767
-0.4723,-0.4723
-0.468,-0.468
-0.4637,-0.4637
-0.4593,-0.4593
-0.455,-0.455
-0.4507,-0.4507
-0.4463,-0.4463
-0.442,-0.442
-0.4377,-0.4377
-0.4333,-0.4333
-0.429,-0.429
-0.4247,-0.4247
-0.4203,-0.4203
-0.416,-0.416
-0.4117,-0.4117
-0.4073,-0.4073
-0.403,-0.403
-0.3987,-0.3987
-0.3943,-0.3943
-0.39,-0.39
-0.3857,-0.3857
-0.3813,-0.3813
-0.377,-0.377
-0.3727,-0.3727
-0.3683,-0.3683
-0.364,-0.364
-0.3597,-0.3597
-0.3553,-0.3553
-0.351,-0.351
-0.3467,-0.3467
-0.3423,-0.3423
-0.338,-0.338
-0.3337,-0.3337
-0.3293,-0.3293
-0.325,-0.325
-0.3207,-0.3207
-0.3163,-0.3163
-0.312,-0.312
-0.3077,-0.3077
-0.3033,-0.3033
-0.299,-0.299
-0.2947,-0.2947
-0.2903,-0.2903
-0.286,-0.286
-0.2817,-0.2817
-0.2773,-0.2773
-0.273,-0.273
-0.2687,-0.2687
-0.2643,-0.2643
-0.26,-0.26
-0.2557,-0.2557
-0.2513,-0.2513
-0.247,-0.247
-0.2427,-0.2427
-0.2383,-0.2383
-0.234,-0.234
-0.2297,-0.2297
-0.2253,-0.2253
-0.221,-0.221
-0.2167,-0.2167
-0.2123,-0.2123
-0.208,-0.208
-0.2037,-0.2037
-0.1993,-0.1993
-0.195,-0.195
-0.1907,-0.1907
-0.1863,-0.1863
-0.182,-0.182
-0.1777,-0.1777
-0.1733,-0.1733
-0.169,-0.169
-0.1647,-0.1647
-0.1603,-0.1603
-0.156,-0.156
-0.1517,-0.1517
-0.1473,-0.1473
-0.143,-0.143
-0.1387,-0.1387
-0.1343,-0.1343
-0.13,-0.13
-0.1257,-0.1257
-0.1213,-0.1213
-0.117,-0.117
-0.1127,-0.1127
-0.1083,-0.1083
-0.104,-0.104
-0.0997,-0.0997
-0.0953,-0.0953
-0.091,-0.091
-0.0867,-0.0867
-0.0823,-0.0823
-0.078,-0.078
-0.0737,-0.0737
-0.0693,-0.0693
-0.065,-0.065
-0.0607,-0.0607
-0.0563,-0.0563
-0.052,-0.052
-0.0477,-0.0477
-0.0433,-0.0433
-0.039,-0.039
-0.0347,-0.0347
-0.0303,-0.0303
-0.026,-0.026
-0.0217,-0.0217
-0.0173,-0.0173
-0.013,-0.013
0.0,0.0
0.0,0.0
0.0,0.0
0.0,0.0
0.0,0.0
0.0,0.0
0.0,0.0
0.0,0.0
0.0,0.0
0.0,0.0
0.0,0.0
0.0,0.0
0.0,0.0
0.0,0.0
0.0,0.0
0.0,0.0
0.0,0.0
0.0,0.0
0.0,0.0
0.0,0.0
0.0,0.0
0.0,0.0
0.0,0.0
0.0,0.0
0.0,0.0
0.0,0.0
0.0,0.0
0.0,0.0
0.0,0.0
0.0,0.0
0.0,0.0
0.0,0.0
0.0,0.0
0.0,0.0
0.0,0.0
0.0,0.0
0.0,0.0
0.0,0.0
0.0,0.0
0.0,0.0
0.0,0.0
0.0,0.0
0.0,0.0
0.0,0.0
0.0,0.0
0.0,0.0
0.0,0.0
0.0,0.0
0.0,0.0
0.0,0.0
0.0,0.0
0.0,0.0
0.0,0.0
0.0,0.0
0.0,0.0
0.0,0.0
0.0,0.0
0.0,0.0
0.0,0.0
0.0,0.0
0.0,0.0
0.0,0.0
0.0,0.0
0.0,0.0
0.0,0.0
0.0,0.0
0.0,0.0
0.0,0.0
0.0,0.0
0.0,0.0
0.0,0.0
0.0,0.0
0.0,0.0
0.0,0.0
0.0,0.0
0.0,0.0
0.0,0.0
0.0,0.0
0.0,0.0
0.0,0.0
0.0,0.0
0.0,0.0
0.0,0.0
0.0,0.0
0.0,0.0
0.0,0.0
0.0,0.0
0.0,0.0
0.0,0.0
0.0,0.0
0.0,0.0
0.0,0.0
0.0,0.0
0.0,0.0
0.0,0.0
0.0,0.0
0.0,0.0
0.0,0.0
0.0,0.0
0.0,0.0
0.0,0.0
0.0,0.0
0.0,0.0
0.0,0.0
0.0,0.0
0.0,0.0
0.0,0.0
0.0,0.0
0.0,0.0
0.0,0.0
0.0,0.0
0.0,0.0
0.0,0.0
0.0,0.0
0.0,0.0
0.0,0.0
0.0,0.0
0.0,0.0
0.0,0.0
0.0,0.0
0.0,0.0
0.0,0.0
0.0,0.0
0.0,0.0
0.0,0.0
0.0,0.0
0.0,0.0
0.0,0.0
0.0,0.0
0.0,0.0
0.0,0.0
0.0,0.0
0.0,0.0
0.0,0.0
0.0,0.0
0.0,0.0
0.0,0.0
0.0,0.0
0.0,0.0
0.0,0.0
0.0,0.0
0.0,0.0
0.0,0.0
0.0,0.0
0.0,0.0
0.0,0.0
0.0,0.0
0.0,0.0
0.0,0.0
0.0,0.0
0.0,0.0
0.0,0.0
0.0,0.0
0.0,0.0
0.0,0.0
0.0,0.0
0.0,0.0
0.0,0.0
0.0,0.0
0.0,0.0
0.0,0.0
0.0,0.0
0.0,0.0
0.0,0.0
0.0,0.0
0.0,0.0
0.0,0.0
0.0,0.0
0.0,0.0
0.0,0.0
0.0,0.0
0.0,0.0
0.0,0.0
0.0,0.0
0.0,0.0
0.0,0.0
0.0,0.0
0.0,0.0
0.0,0.0
0.0,0.0
0.0,0.0
0.0,0.0
0.0,0.0
0.0,0.0
0.0,0.0
0.0,0.0
0.0,0.0
0.0,0.0
0.0,0.0
0.0,0.0
0.0,0.0
0.0,0.0
0.0,0.0
0.0,0.0
0.0,0.0
0.0,0.0
0.0,0.0
0.0,0.0
0.0,0.0
0.0,0.0
0.0,0.0
0.0,0.0
0.0,0.0
0.0,0.0
0.0,0.0
0.0,0.0
0.0,0.0
0.0,0.0
0.0,0.0
0.0,0.0
0.0,0.0
0.0,0.0
0.0,0.0
0.0,0.0
0.0,0.0
0.0,0.0
0.0,0.0
0.0,0.0
0.0,0.0
0.0,0.0
0.0,0.0
0.0,0.0
0.0,0.0
0.0,0.0
0.0,0.0
0.0,0.0
0.0,0.0
0.0,0.0
0.0,0.0
0.0,0.0
0.0,0.0
0.0,0.0
0.0,0.0
0.0,0.0
0.0,0.0
0.0,0.0
0.0,0.0
0.0,0.0
0.0,0.0
0.0,0.0
0.0,0.0
0.0,0.0
0.0,0.0
0.0,0.0
0.0,0.0
0.0,0.0
0.0,0.0
0.0,0.0
0.0,0.0
0.0,0.0
0.0,0.0
0.0,0.0
0.0,0.0
0.0,0.0
0.0,0.0
0.0,0.0
0.0,0.0
0.0,0.0
0.0,0.0
0.0,0.0
0.0,0.0
0.0,0.0
0.0,0.0
0.0,0.0
0.0,0.0
0.0,0.0
0.0,0.0
0.0,0.0
0.0,0.0
0.0,0.0
0.0,0.0
0.0,0.0
0.0,0.0
0.0,0.0
0.0,0.0
0.0,0.0
0.0,0.0
0.0,0.0
0.0,0.0
0.0,0.0
0.0,0.0
0.0,0.0
0.0,0.0
0.0,0.0
0.0,0.0
0.0,0.0
0.0,0.0
0.0,0.0
0.0,0.0
0.0,0.0
0.0,0.0
0.0,0.0
0.0,0.0
0.0,0.0
0.0,0.0
0.0,0.0
0.0,0.0
0.0,0.0
0.0,0.0
0.0,0.0
0.0,0.0
0.0,0.0
0.0,0.0
0.0,0.0
0.0,0.0
0.0,0.0
0.0,0.0
0.0,0.0
0.0,0.0
0.0,0.0
0.0,0.0
0.0,0.0
0.0,0.0
0.0,0.0
0.0,0.0
0.0,0.0
0.0,0.0
0.0,0.0
0.0,0.0
0.0,0.0
0.0,0.0
0.0,0.0
0.0,0.0
0.0,0.0
0.0,0.0
0.0,0.0
0.0,0.0
0.0,0.0
0.0,0.0
0.0,0.0
0.0,0.0
0.0,0.0
0.0,0.0
0.0,0.0
0.0,0.0
0.0,0.0
0.0,0.0
0.0,0.0
0.0,0.0
0.0,0.0
0.0,0.0
0.0,0.0
0.0,0.0
0.0,0.0
0.0,0.0
0.0,0.0
0.0,0.0
0.0,0.0
0.0,0.0
0.0,0.0
0.0,0.0
0.0,0.0
0.0,0.0
0.0,0.0
0.0,0.0
0.011,-0.011
0.0147,-0.0147
0.0183,-0.0183
0.022,-0.022
0.0257,-0.0257
0.0293,-0.0293
0.033,-0.033
0.0367,-0.0367
0.0403,-0.0403
0.044,-0.044
0.0477,-0.0477
0.0513,-0.0513
0.055,-0.055
0.0587,-0.0587
0.0623,-0.0623
0.066,-0.066
0.0697,-0.0697
0.0733,-0.0733
0.077,-0.077
0.0807,-0.0807
0.0843,-0.0843
0.088,-0.088
0.0917,-0.0917
0.0953,-0.0953
0.099,-0.099
0.1027,-0.1027
0.1063,-0.1063
0.11,-0.11
0.1137,-0.1137
0.1173,-0.1173
0.121,-0.121
0.1247,-0.1247
0.1283,-0.1283
0.132,-0.132
0.1357,-0.1357
0.1393,-0.1393
0.143,-0.143
0.1467,-0.1467
0.1503,-0.1503
0.154,-0.154
0.1577,-0.1577
0.1613,-0.1613
0.165,-0.165
0.1687,-0.1687
0.1723,-0.1723
0.176,-0.176
0.1797,-0.1797
0.1833,-0.1833
0.187,-0.187
0.1907,-0.1907
0.1943,-0.1943
0.198,-0.198
0.2017,-0.2017
0.2053,-0.2053
0.209,-0.209
0.2127,-0.2127
0.2163,-0.2163
0.22,-0.22
0.2237,-0.2237
0.2273,-0.2273
0.231,-0.231
0.2347,-0.2347
0.2383,-0.2383
0.242,-0.242
0.2457,-0.2457
0.2493,-0.2493
0.253,-0.253
0.2567,-0.2567
0.2603,-0.2603
0.264,-0.264
0.2677,-0.2677
0.2713,-0.2713
0.275,-0.275
0.2787,-0.2787
0.2823,-0.2823
0.286,-0.286
0.2897,-0.2897
0.2933,-0.2933
0.297,-0.297
0.3007,-0.3007
0.3043,-0.3043
0.308,-0.308
0.3117,-0.3117
0.3153,-0.3153
0.319,-0.319
0.3227,-0.3227
0.3263,-0.3263
0.33,-0.33
0.3337,-0.3337
0.3373,-0.3373
0.341,-0.341
0.3447,-0.3447
0.3483,-0.3483
0.352,-0.352
0.3557,-0.3557
0.3593,-0.3593
0.363,-0.363
0.3667,-0.3667
0.3703,-0.3703
0.374,-0.374
0.3777,-0.3777
0.3813,-0.3813
0.385,-0.385
0.3887,-0.3887
0.3923,-0.3923
0.396,-0.396
0.3997,-0.3997
0.4033,-0.4033
0.407,-0.407
0.4107,-0.4107
0.4143,-0.4143
0.418,-0.418
0.4217,-0.4217
0.4253,-0.4253
0.429,-0.429
0.4327,-0.4327
0.4363,-0.4363
0.44,-0.44
0.4437,-0.4437
0.4473,-0.4473
0.451,-0.451
0.4547,-0.4547
0.4583,-0.4583
0.462,-0.462
0.4657,-0.4657
0.4693,-0.4693
0.473,-0.473
0.4767,-0.4767
0.4803,-0.4803
0.484,-0.484
0.4877,-0.4877
0.4913,-0.4913
0.495,-0.495
0.4987,-0.4987
0.5023,-0.5023
0.506,-0.506
0.5097,-0.5097
0.5133,-0.5133
0.517,-0.517
0.5207,-0.5207
0.5243,-0.5243
0.528,-0.528
0.5317,-0.5317
0.5353,-0.5353
0.539,-0.539
0.5427,-0.5427
0.5463,-0.5463
0.55,-0.55
0.55,-0.55
0.55,-0.55
0.55,-0.55
0.55,-0.55
0.55,-0.55
0.55,-0.55
0.55,-0.55
0.55,-0.55
0.55,-0.55
0.55,-0.55
0.55,-0.55
0.55,-0.55
0.55,-0.55
0.55,-0.55
0.55,-0.55
0.55,-0.55
0.55,-0.55
0.55,-0.55
0.55,-0.55
0.55,-0.55
0.55,-0.55
0.55,-0.55
0.55,-0.55
0.55,-0.55
0.55,-0.55
0.55,-0.55
0.55,-0.55
0.55,-0.55
0.55,-0.55
0.55,-0.55
0.55,-0.55
0.55,-0.55
0.55,-0.55
0.55,-0.55
0.55,-0.55
0.55,-0.55
0.55,-0.55
0.55,-0.55
0.55,-0.55
0.55,-0.55
0.55,-0.55
0.55,-0.55
0.55,-0.55
0.55,-0.55
0.55,-0.55
0.55,-0.55
0.55,-0.55
0.55,-0.55
0.55,-0.55
0.55,-0.55
0.55,-0.55
0.55,-0.55
0.55,-0.55
0.55,-0.55
0.55,-0.55
0.55,-0.55
0.55,-0.55
0.55,-0.55
0.55,-0.55
0.55,-0.55
0.55,-0.55
0.55,-0.55
0.55,-0.55
0.55,-0.55
0.55,-0.55
0.55,-0.55
0.55,-0.55
0.55,-0.55
0.55,-0.55
0.55,-0.55
0.55,-0.55
0.55,-0.55
0.55,-0.55
0.55,-0.55
0.55,-0.55
0.55,-0.55
0.55,-0.55
0.55,-0.55
0.55,-0.55
0.55,-0.55
0.55,-0.55
0.55,-0.55
0.55,-0.55
0.55,-0.55
0.55,-0.55
0.55,-0.55
0.55,-0.55
0.55,-0.55
0.55,-0.55
0.55,-0.55
0.55,-0.55
0.55,-0.55
0.55,-0.55
0.55,-0.55
0.55,-0.55
0.55,-0.55
0.55,-0.55
0.55,-0.55
0.55,-0.55
0.55,-0.55
0.55,-0.55
0.55,-0.55
0.55,-0.55
0.55,-0.55
0.55,-0.55
0.55,-0.55
0.55,-0.55
0.55,-0.55
0.55,-0.55
0.55,-0.55
0.55,-0.55
0.55,-0.55
0.55,-0.55
0.55,-0.55
0.55,-0.55
0.55,-0.55
0.55,-0.55
0.55,-0.55
0.55,-0.55
0.55,-0.55
0.55,-0.55
0.55,-0.55
0.55,-0.55
0.55,-0.55
0.55,-0.55
0.55,-0.55
0.55,-0.55
0.55,-0.55
0.55,-0.55
0.55,-0.55
0.55,-0.55
0.55,-0.55
0.55,-0.55
0.55,-0.55
0.55,-0.55
0.55,-0.55
0.55,-0.55
0.55,-0.55
0.55,-0.55
0.55,-0.55
0.55,-0.55
0.55,-0.55
0.55,-0.55
0.55,-0.55
0.55,-0.55
0.55,-0.55
0.55,-0.55
0.55,-0.55
0.55,-0.55
0.55,-0.55
0.55,-0.55
0.55,-0.55
0.55,-0.55
0.55,-0.55
0.55,-0.55
0.55,-0.55
0.55,-0.55
0.55,-0.55
0.55,-0.55
0.55,-0.55
0.55,-0.55
0.55,-0.55
0.55,-0.55
0.55,-0.55
0.55,-0.55
0.55,-0.55
0.55,-0.55
0.55,-0.55
0.55,-0.55
0.55,-0.55
0.55,-0.55
0.55,-0.55
0.55,-0.55
0.55,-0.55
0.55,-0.55
0.55,-0.55
0.55,-0.55
0.55,-0.55
0.55,-0.55
0.55,-0.55
0.55,-0.55
0.55,-0.55
0.55,-0.55
0.55,-0.55
0.55,-0.55
0.55,-0.55
0.55,-0.55
0.55,-0.55
0.55,-0.55
0.55,-0.55
0.55,-0.55
0.55,-0.55
0.55,-0.55
0.55,-0.55
0.55,-0.55
0.55,-0.55
0.55,-0.55
0.55,-0.55
0.55,-0.55
0.55,-0.55
0.55,-0.55
0.55,-0.55
0.55,-0.55
0.55,-0.55
0.55,-0.55
0.55,-0.55
0.55,-0.55
0.55,-0.55
0.55,-0.55
0.55,-0.55
0.55,-0.55
0.55,-0.55
0.55,-0.55
0.55,-0.55
0.55,-0.55
0.55,-0.55
0.55,-0.55
0.55,-0.55
0.55,-0.55
0.55,-0.55
0.55,-0.55
0.55,-0.55
0.55,-0.55
0.55,-0.55
0.55,-0.55
0.55,-0.55
0.55,-0.55
0.55,-0.55
0.55,-0.55
0.55,-0.55
0.55,-0.55
0.55,-0.55
0.55,-0.55
0.55,-0.55
0.55,-0.55
0.55,-0.55
0.55,-0.55
0.55,-0.55
0.55,-0.55
0.55,-0.55
0.55,-0.55
0.55,-0.55
0.55,-0.55
0.55,-0.55
0.55,-0.55
0.55,-0.55
0.55,-0.55
0.55,-0.55
0.55,-0.55
0.55,-0.55
0.55,-0.55
0.55,-0.55
0.55,-0.55
0.55,-0.55
0.55,-0.55
0.55,-0.55
0.55,-0.55
0.55,-0.55
0.55,-0.55
0.55,-0.55
0.55,-0.55
0.55,-0.55
0.55,-0.55
0.55,-0.55
0.55,-0.55
0.55,-0.55
0.55,-0.55
0.55,-0.55
0.55,-0.55
0.55,-0.55
0.55,-0.55
0.55,-0.55
0.55,-0.55
0.55,-0.55
0.55,-0.55
0.55,-0.55
0.55,-0.55
0.55,-0.55
0.55,-0.55
0.55,-0.55
0.55,-0.55
0.55,-0.55
0.55,-0.55
0.55,-0.55
0.55,-0.55
0.55,-0.55
0.55,-0.55
0.55,-0.55
0.55,-0.55
0.55,-0.55
0.55,-0.55
0.55,-0.55
0.55,-0.55
0.55,-0.55
0.55,-0.55
0.55,-0.55
0.55,-0.55
0.55,-0.55
0.55,-0.55
0.55,-0.55
0.55,-0.55
0.55,-0.55
0.55,-0.55
0.55,-0.55
0.55,-0.55
0.55,-0.55
0.55,-0.55
0.55,-0.55
0.55,-0.55
0.55,-0.55
0.55,-0.55
0.55,-0.55
0.55,-0.55
0.55,-0.55
0.55,-0.55
0.55,-0.55
0.55,-0.55
0.55,-0.55
0.55,-0.55
0.55,-0.55
0.55,-0.55
0.55,-0.55
0.55,-0.55
0.55,-0.55
0.55,-0.55
0.55,-0.55
0.55,-0.55
0.55,-0.55
0.55,-0.55
0.55,-0.55
0.55,-0.55
0.55,-0.55
0.55,-0.55
0.55,-0.55
0.55,-0.55
0.55,-0.55
0.55,-0.55
0.55,-0.55
0.55,-0.55
0.55,-0.55
0.55,-0.55
0.55,-0.55
0.55,-0.55
0.55,-0.55
0.55,-0.55
0.55,-0.55
0.55,-0.55
0.55,-0.55
0.55,-0.55
0.55,-0.55
0.55,-0.55
0.55,-0.55
0.55,-0.55
0.55,-0.55
0.55,-0.55
0.55,-0.55
0.55,-0.55
0.55,-0.55
0.55,-0.55
0.55,-0.55
0.55,-0.55
0.55,-0.55
0.55,-0.55
0.55,-0.55
0.55,-0.55
0.55,-0.55
0.55,-0.55
0.55,-0.55
0.55,-0.55
0.55,-0.55
0.55,-0.55
0.55,-0.55
0.55,-0.55
0.55,-0.55
0.55,-0.55
0.55,-0.55
0.55,-0.55
0.55,-0.55
0.55,-0.55
0.55,-0.55
0.55,-0.55
0.55,-0.55
0.55,-0.55
0.55,-0.55
0.55,-0.55
0.55,-0.55
0.55,-0.55
0.55,-0.55
0.55,-0.55
0.55,-0.55
0.55,-0.55
0.55,-0.55
0.55,-0.55
0.55,-0.55
0.55,-0.55
0.55,-0.55
0.55,-0.55
0.55,-0.55
0.55,-0.55
0.55,-0.55
0.55,-0.55
0.55,-0.55
0.55,-0.55
0.55,-0.55
0.55,-0.55
0.55,-0.55
0.55,-0.55
0.55,-0.55
0.55,-0.55
0.55,-0.55
0.55,-0.55
0.55,-0.55
0.55,-0.55
0.55,-0.55
0.55,-0.55
0.55,-0.55
0.55,-0.55
0.55,-0.55
0.55,-0.55
0.55,-0.55
0.55,-0.55
0.55,-0.55
0.55,-0.55
0.55,-0.55
0.55,-0.55
0.55,-0.55
0.55,-0.55
0.55,-0.55
0.55,-0.55
0.55,-0.55
0.55,-0.55
0.55,-0.55
0.55,-0.55
0.55,-0.55
0.55,-0.55
0.55,-0.55
0.55,-0.55
0.55,-0.55
0.55,-0.55
0.55,-0.55
0.55,-0.55
0.55,-0.55
0.55,-0.55
0.55,-0.55
0.55,-0.55
0.55,-0.55
0.55,-0.55
0.55,-0.55
0.55,-0.55
0.55,-0.55
0.55,-0.55
0.55,-0.55
0.55,-0.55
0.55,-0.55
0.55,-0.55
0.55,-0.55
0.55,-0.55
0.55,-0.55
0.55,-0.55
0.55,-0.55
0.55,-0.55
0.55,-0.55
0.55,-0.55
0.55,-0.55
0.55,-0.55
0.55,-0.55
0.55,-0.55
0.55,-0.55
0.55,-0.55
0.55,-0.55
0.55,-0.55
0.55,-0.55
0.55,-0.55
0.55,-0.55
0.55,-0.55
0.55,-0.55
0.55,-0.55
0.55,-0.55
0.55,-0.55
0.55,-0.55
0.55,-0.55
0.55,-0.55
0.55,-0.55
0.55,-0.55
0.55,-0.55
0.55,-0.55
0.55,-0.55
0.55,-0.55
0.55,-0.55
0.55,-0.55
0.55,-0.55
0.55,-0.55
0.55,-0.55
0.55,-0.55
0.55,-0.55
0.55,-0.55
0.55,-0.55
0.55,-0.55
0.55,-0.55
0.55,-0.55
0.55,-0.55
0.55,-0.55
0.55,-0.55
0.55,-0.55
0.55,-0.55
0.55,-0.55
0.55,-0.55
0.55,-0.55
0.55,-0.55
0.55,-0.55
0.55,-0.55
0.55,-0.55
0.55,-0.55
0.55,-0.55
0.55,-0.55
0.55,-0.55
0.55,-0.55
0.55,-0.55
0.55,-0.55
0.55,-0.55
0.55,-0.55
0.55,-0.55
0.55,-0.55
0.55,-0.55
0.55,-0.55
0.55,-0.55
0.55,-0.55
0.55,-0.55
0.55,-0.55
0.55,-0.55
0.55,-0.55
0.55,-0.55
0.55,-0.55
0.55,-0.55
0.55,-0.55
0.55,-0.55
0.55,-0.55
0.55,-0.55
0.55,-0.55
0.55,-0.55
0.55,-0.55
0.55,-0.55
0.55,-0.55
0.55,-0.55
0.55,-0.55
0.55,-0.55
0.55,-0.55
0.55,-0.55
0.55,-0.55
0.55,-0.55
0.55,-0.55
0.55,-0.55
0.55,-0.55
0.55,-0.55
0.55,-0.55
0.55,-0.55
0.55,-0.55
0.55,-0.55
0.55,-0.55
0.55,-0.55
0.55,-0.55
0.55,-0.55
0.55,-0.55
0.55,-0.55
0.55,-0.55
0.55,-0.55
0.55,-0.55
0.55,-0.55
0.55,-0.55
0.55,-0.55
0.55,-0.55
0.55,-0.55
0.55,-0.55
0.55,-0.55
0.55,-0.55
0.55,-0.55
0.55,-0.55
0.55,-0.55
0.55,-0.55
0.55,-0.55
0.55,-0.55
0.55,-0.55
0.55,-0.55
0.55,-0.55
0.55,-0.55
0.55,-0.55
0.55,-0.55
0.55,-0.55
0.55,-0.55
0.55,-0.55
0.55,-0.55
0.55,-0.55
0.55,-0.55
0.55,-0.55
0.55,-0.55
0.55,-0.55
0.55,-0.55
0.55,-0.55
0.55,-0.55
0.55,-0.55
0.55,-0.55
0.55,-0.55
0.55,-0.55
0.55,-0.55
0.55,-0.55
0.55,-0.55
0.55,-0.55
0.55,-0.55
0.55,-0.55
0.55,-0.55
0.55,-0.55
0.55,-0.55
0.55,-0.55
0.55,-0.55
0.55,-0.55
0.55,-0.55
0.55,-0.55
0.55,-0.55
0.55,-0.55
0.55,-0.55
0.55,-0.55
0.55,-0.55
0.55,-0.55
0.55,-0.55
0.55,-0.55
0.55,-0.55
0.55,-0.55
0.55,-0.55
0.55,-0.55
0.55,-0.55
0.55,-0.55
0.55,-0.55
0.55,-0.55
0.55,-0.55
0.55,-0.55
0.55,-0.55
0.55,-0.55
0.55,-0.55
0.55,-0.55
0.55,-0.55
0.55,-0.55
0.55,-0.55
0.55,-0.55
0.55,-0.55
0.55,-0.55
0.55,-0.55
0.55,-0.55
0.55,-0.55
0.55,-0.55
0.55,-0.55
0.55,-0.55
0.55,-0.55
0.55,-0.55
0.55,-0.55
0.55,-0.55
0.55,-0.55
0.55,-0.55
0.55,-0.55
0.55,-0.55
0.55,-0.55
0.55,-0.55
0.55,-0.55
0.55,-0.55
0.55,-0.55
0.55,-0.55
0.55,-0.55
0.55,-0.55
0.55,-0.55
0.55,-0.55
0.55,-0.55
0.55,-0.55
0.55,-0.55
0.55,-0.55
0.55,-0.55
0.55,-0.55
0.55,-0.55
0.55,-0.55
0.55,-0.55
0.55,-0.55
0.55,-0.55
0.55,-0.55
0.55,-0.55
0.55,-0.55
0.55,-0.55
0.55,-0.55
0.55,-0.55
0.55,-0.55
0.55,-0.55
0.55,-0.55
0.55,-0.55
0.55,-0.55
0.55,-0.55
0.55,-0.55
0.55,-0.55
0.55,-0.55
0.55,-0.55
0.55,-0.55
0.55,-0.55
0.55,-0.55
0.55,-0.55
0.55,-0.55
0.55,-0.55
0.55,-0.55
0.55,-0.55
0.55,-0.55
0.55,-0.55
0.55,-0.55
0.55,-0.55
0.55,-0.55
0.55,-0.55
0.55,-0.55
0.55,-0.55
0.55,-0.55
0.55,-0.55
0.55,-0.55
0.55,-0.55
0.55,-0.55
0.55,-0.55
0.55,-0.55
0.55,-0.55
0.55,-0.55
0.55,-0.55
0.55,-0.55
0.55,-0.55
0.55,-0.55
0.55,-0.55
0.55,-0.55
0.55,-0.55
0.55,-0.55
0.55,-0.55
0.55,-0.55
0.55,-0.55
0.55,-0.55
0.55,-0.55
0.55,-0.55
0.55,-0.55
0.55,-0.55
0.55,-0.55
0.55,-0.55
0.55,-0.55
0.55,-0.55
0.55,-0.55
0.55,-0.55
0.55,-0.55
0.55,-0.55
0.55,-0.55
0.55,-0.55
0.55,-0.55
0.55,-0.55
0.55,-0.55
0.55,-0.55
0.55,-0.55
0.55,-0.55
0.55,-0.55
0.55,-0.55
0.55,-0.55
0.55,-0.55
0.55,-0.55
0.55,-0.55
0.55,-0.55
0.55,-0.55
0.55,-0.55
0.55,-0.55
0.55,-0.55
0.55,-0.55
0.55,-0.55
0.55,-0.55
0.55,-0.55
0.55,-0.55
0.55,-0.55
0.55,-0.55
0.55,-0.55
0.55,-0.55
0.55,-0.55
0.55,-0.55
0.55,-0.55
0.55,-0.55
0.55,-0.55
0.55,-0.55
0.55,-0.55
0.55,-0.55
0.55,-0.55
0.55,-0.55
0.55,-0.55
0.55,-0.55
0.55,-0.55
0.55,-0.55
0.55,-0.55
0.55,-0.55
0.55,-0.55
0.55,-0.55
0.55,-0.55
0.55,-0.55
0.55,-0.55
0.55,-0.55
0.55,-0.55
0.55,-0.55
0.55,-0.55
0.55,-0.55
0.55,-0.55
0.55,-0.55
0.55,-0.55
0.55,-0.55
0.55,-0.55
0.55,-0.55
0.55,-0.55
0.55,-0.55
0.55,-0.55
0.55,-0.55
0.55,-0.55
0.55,-0.55
0.55,-0.55
0.55,-0.55
0.55,-0.55
0.55,-0.55
0.55,-0.55
0.55,-0.55
0.55,-0.55
0.55,-0.55
0.55,-0.55
0.55,-0.55
0.55,-0.55
0.55,-0.55
0.55,-0.55
0.55,-0.55
0.55,-0.55
0.55,-0.55
0.55,-0.55
0.55,-0.55
0.55,-0.55
0.55,-0.55
0.55,-0.55
0.55,-0.55
0.55,-0.55
0.55,-0.55
0.55,-0.55
0.55,-0.55
0.55,-0.55
0.55,-0.55
0.55,-0.55
0.55,-0.55
0.55,-0.55
0.55,-0.55
0.55,-0.55
0.55,-0.55
0.55,-0.55
0.55,-0.55
0.55,-0.55
0.55,-0.55
0.55,-0.55
0.55,-0.55
0.55,-0.55
0.55,-0.55
0.55,-0.55
0.55,-0.55
0.55,-0.55
0.55,-0.55
0.55,-0.55
0.55,-0.55
0.55,-0.55
0.55,-0.55
0.55,-0.55
0.55,-0.55
0.55,-0.55
0.55,-0.55
0.55,-0.55
0.55,-0.55
0.55,-0.55
0.55,-0.55
0.55,-0.55
0.55,-0.55
0.55,-0.55
0.55,-0.55
0.55,-0.55
0.55,-0.55
0.55,-0.55
0.55,-0.55
0.55,-0.55
0.55,-0.55
0.55,-0.55
0.55,-0.55
0.55,-0.55
0.55,-0.55
0.55,-0.55
0.55,-0.55
0.55,-0.55
0.55,-0.55
0.55,-0.55
0.55,-0.55
0.55,-0.55
0.55,-0.55
0.55,-0.55
0.55,-0.55
0.55,-0.55
0.55,-0.55
0.55,-0.55
0.55,-0.55
0.55,-0.55
0.55,-0.55
0.55,-0.55
0.55,-0.55
0.55,-0.55
0.55,-0.55
0.55,-0.55
0.55,-0.55
0.55,-0.55
0.55,-0.55
0.55,-0.55
0.55,-0.55
0.55,-0.55
0.55,-0.55
0.55,-0.55
0.55,-0.55
0.55,-0.55
0.55,-0.55
0.55,-0.55
0.55,-0.55
0.55,-0.55
0.55,-0.55
0.55,-0.55
0.55,-0.55
0.55,-0.55
0.55,-0.55
0.55,-0.55
0.55,-0.55
0.55,-0.55
0.55,-0.55
0.55,-0.55
0.55,-0.55
0.55,-0.55
0.55,-0.55
0.55,-0.55
0.55,-0.55
0.55,-0.55
0.55,-0.55
0.55,-0.55
0.55,-0.55
0.55,-0.55
0.55,-0.55
0.55,-0.55
0.55,-0.55
0.55,-0.55
0.55,-0.55
0.55,-0.55
0.55,-0.55
0.55,-0.55
0.55,-0.55
0.55,-0.55
0.55,-0.55
0.55,-0.55
0.55,-0.55
0.55,-0.55
0.55,-0.55
0.55,-0.55
0.55,-0.55
0.55,-0.55
0.55,-0.55
0.55,-0.55
0.55,-0.55
0.55,-0.55
0.55,-0.55
0.55,-0.55
0.55,-0.55
0.55,-0.55
0.55,-0.55
0.55,-0.55
0.55,-0.55
0.55,-0.55
0.55,-0.55
0.55,-0.55
0.55,-0.55
0.55,-0.55
0.55,-0.55
0.55,-0.55
0.55,-0.55
0.55,-0.55
0.55,-0.55
0.55,-0.55
0.55,-0.55
0.55,-0.55
0.55,-0.55
0.55,-0.55
0.55,-0.55
0.55,-0.55
0.55,-0.55
0.55,-0.55
0.55,-0.55
0.55,-0.55
0.55,-0.55
0.55,-0.55
0.55,-0.55
0.55,-0.55
0.55,-0.55
0.55,-0.55
0.55,-0.55
0.55,-0.55
0.55,-0.55
0.55,-0.55
0.55,-0.55
0.55,-0.55
0.55,-0.55
0.55,-0.55
0.55,-0.55
0.55,-0.55
0.55,-0.55
0.55,-0.55
0.55,-0.55
0.55,-0.55
0.55,-0.55
0.55,-0.55
0.55,-0.55
0.55,-0.55
0.55,-0.55
0.55,-0.55
0.55,-0.55
0.55,-0.55
0.55,-0.55
0.55,-0.55
0.55,-0.55
0.55,-0.55
0.55,-0.55
0.55,-0.55
0.55,-0.55
0.55,-0.55
0.55,-0.55
0.55,-0.55
0.55,-0.55
0.55,-0.55
0.55,-0.55
0.55,-0.55
0.55,-0.55
0.55,-0.55
0.55,-0.55
0.55,-0.55
0.55,-0.55
0.55,-0.55
0.55,-0.55
0.55,-0.55
0.55,-0.55
0.55,-0.55
0.55,-0.55
0.55,-0.55
0.55,-0.55
0.55,-0.55
0.55,-0.55
0.55,-0.55
0.55,-0.55
0.55,-0.55
0.55,-0.55
0.55,-0.55
0.55,-0.55
0.55,-0.55
0.55,-0.55
0.55,-0.55
0.55,-0.55
0.55,-0.55
0.55,-0.55
0.55,-0.55
0.55,-0.55
0.55,-0.55
0.55,-0.55
0.55,-0.55
0.55,-0.55
0.55,-0.55
0.55,-0.55
0.55,-0.55
0.55,-0.55
0.55,-0.55
0.55,-0.55
0.55,-0.55
0.55,-0.55
0.55,-0.55
0.55,-0.55
0.55,-0.55
0.55,-0.55
0.55,-0.55
0.55,-0.55
0.55,-0.55
0.55,-0.55
0.55,-0.55
0.55,-0.55
0.55,-0.55
0.55,-0.55
0.55,-0.55
0.55,-0.55
0.55,-0.55
0.55,-0.55
0.55,-0.55
0.55,-0.55
0.55,-0.55
0.55,-0.55
0.55,-0.55
0.55,-0.55
0.55,-0.55
0.55,-0.55
0.55,-0.55
0.55,-0.55
0.55,-0.55
0.55,-0.55
0.55,-0.55
0.55,-0.55
0.55,-0.55
0.55,-0.55
0.55,-0.55
0.55,-0.55
0.55,-0.55
0.55,-0.55
0.55,-0.55
0.55,-0.55
0.55,-0.55
0.55,-0.55
0.55,-0.55
0.55,-0.55
0.55,-0.55
0.55,-0.55
0.55,-0.55
0.55,-0.55
0.55,-0.55
0.55,-0.55
0.55,-0.55
0.55,-0.55
0.55,-0.55
0.55,-0.55
0.55,-0.55
0.55,-0.55
0.55,-0.55
0.55,-0.55
0.55,-0.55
0.55,-0.55
0.55,-0.55
0.55,-0.55
0.55,-0.55
0.55,-0.55
0.55,-0.55
0.55,-0.55
0.55,-0.55
0.55,-0.55
0.55,-0.55
0.55,-0.55
0.55,-0.55
0.55,-0.55
0.55,-0.55
0.55,-0.55
0.55,-0.55
0.55,-0.55
0.55,-0.55
0.55,-0.55
0.55,-0.55
0.55,-0.55
0.55,-0.55
0.55,-0.55
0.55,-0.55
0.55,-0.55
0.55,-0.55
0.55,-0.55
0.55,-0.55
0.55,-0.55
0.55,-0.55
0.55,-0.55
0.55,-0.55
0.55,-0.55
0.55,-0.55
0.55,-0.55
0.55,-0.55
0.55,-0.55
0.55,-0.55
0.55,-0.55
0.55,-0.55
0.55,-0.55
0.55,-0.55
0.55,-0.55
0.55,-0.55
0.55,-0.55
0.55,-0.55
0.55,-0.55
0.55,-0.55
0.55,-0.55
0.55,-0.55
0.55,-0.55
0.55,-0.55
0.55,-0.55
0.55,-0.55
0.55,-0.55
0.55,-0.55
0.55,-0.55
0.55,-0.55
0.55,-0.55
0.55,-0.55
0.55,-0.55
0.55,-0.55
0.55,-0.55
0.55,-0.55
0.55,-0.55
0.55,-0.55
0.55,-0.55
0.55,-0.55
0.55,-0.55
0.55,-0.55
0.55,-0.55
0.55,-0.55
0.55,-0.55
0.55,-0.55
0.55,-0.55
0.55,-0.55
0.55,-0.55
0.55,-0.55
0.55,-0.55
0.55,-0.55
0.55,-0.55
0.55,-0.55
0.55,-0.55
0.55,-0.55
0.55,-0.55
0.55,-0.55
0.55,-0.55
0.55,-0.55
0.55,-0.55
0.55,-0.55
0.55,-0.55
0.55,-0.55
0.55,-0.55
0.55,-0.55
0.55,-0.55
0.55,-0.55
0.55,-0.55
0.55,-0.55
0.55,-0.55
0.55,-0.55
0.55,-0.55
0.55,-0.55
0.55,-0.55
0.55,-0.55
0.55,-0.55
0.55,-0.55
0.55,-0.55
0.55,-0.55
0.55,-0.55
0.55,-0.55
0.55,-0.55
0.55,-0.55
0.55,-0.55
0.55,-0.55
0.55,-0.55
0.55,-0.55
0.55,-0.55
0.55,-0.55
0.55,-0.55
0.55,-0.55
0.55,-0.55
0.55,-0.55
0.55,-0.55
0.55,-0.55
0.55,-0.55
0.55,-0.55
0.55,-0.55
0.55,-0.55
0.55,-0.55
0.55,-0.55
0.55,-0.55
0.55,-0.55
0.55,-0.55
0.55,-0.55
0.55,-0.55
0.55,-0.55
0.55,-0.55
0.55,-0.55
0.55,-0.55
0.55,-0.55
0.55,-0.55
0.55,-0.55
0.55,-0.55
0.55,-0.55
0.55,-0.55
0.55,-0.55
0.55,-0.55
0.55,-0.55
0.55,-0.55
0.55,-0.55
0.55,-0.55
0.55,-0.55
0.55,-0.55
0.55,-0.55
0.55,-0.55
0.55,-0.55
0.55,-0.55
0.55,-0.55
0.55,-0.55
0.55,-0.55
0.55,-0.55
0.55,-0.55
0.55,-0.55
0.55,-0.55
0.55,-0.55
0.55,-0.55
0.55,-0.55
0.55,-0.55
0.55,-0.55
0.55,-0.55
0.55,-0.55
0.55,-0.55
0.55,-0.55
0.55,-0.55
0.55,-0.55
0.55,-0.55
0.55,-0.55
0.55,-0.55
0.55,-0.55
0.55,-0.55
0.55,-0.55
0.55,-0.55
0.55,-0.55
0.55,-0.55
0.55,-0.55
0.55,-0.55
0.55,-0.55
0.55,-0.55
0.55,-0.55
0.55,-0.55
0.55,-0.55
0.55,-0.55
0.55,-0.55
0.55,-0.55
0.55,-0.55
0.55,-0.55
0.55,-0.55
0.55,-0.55
0.55,-0.55
0.55,-0.55
0.55,-0.55
0.55,-0.55
0.55,-0.55
0.55,-0.55
0.55,-0.55
0.55,-0.55
0.55,-0.55
0.55,-0.55
0.55,-0.55
0.55,-0.55
0.55,-0.55
0.55,-0.55
0.55,-0.55
0.55,-0.55
0.55,-0.55
0.55,-0.55
0.55,-0.55
0.55,-0.55
0.55,-0.55
0.55,-0.55
0.55,-0.55
0.55,-0.55
0.5445,-0.5445
0.539,-0.539
0.5335,-0.5335
0.528,-0.528
0.5225,-0.5225
0.517,-0.517
0.5115,-0.5115
0.506,-0.506
0.5005,-0.5005
0.495,-0.495
0.4895,-0.4895
0.484,-0.484
0.4785,-0.4785
0.473,-0.473
0.4675,-0.4675
0.462,-0.462
0.4565,-0.4565
0.451,-0.451
0.4455,-0.4455
0.44,-0.44
0.4345,-0.4345
0.429,-0.429
0.4235,-0.4235
0.418,-0.418
0.4125,-0.4125
0.407,-0.407
0.4015,-0.4015
0.396,-0.396
0.3905,-0.3905
0.385,-0.385
0.3795,-0.3795
0.374,-0.374
0.3685,-0.3685
0.363,-0.363
0.3575,-0.3575
0.352,-0.352
0.3465,-0.3465
0.341,-0.341
0.3355,-0.3355
0.33,-0.33
0.3245,-0.3245
0.319,-0.319
0.3135,-0.3135
0.308,-0.308
0.3025,-0.3025
0.297,-0.297
0.2915,-0.2915
0.286,-0.286
0.2805,-0.2805
0.275,-0.275
0.2695,-0.2695
0.264,-0.264
0.2585,-0.2585
0.253,-0.253
0.2475,-0.2475
0.242,-0.242
0.2365,-0.2365
0.231,-0.231
0.2255,-0.2255
0.22,-0.22
0.2145,-0.2145
0.209,-0.209
0.2035,-0.2035
0.198,-0.198
0.1925,-0.1925
0.187,-0.187
0.1815,-0.1815
0.176,-0.176
0.1705,-0.1705
0.165,-0.165
0.1595,-0.1595
0.154,-0.154
0.1485,-0.1485
0.143,-0.143
0.1375,-0.1375
0.132,-0.132
0.1265,-0.1265
0.121,-0.121
0.1155,-0.1155
0.11,-0.11
0.1045,-0.1045
0.099,-0.099
0.0935,-0.0935
0.088,-0.088
0.0825,-0.0825
0.077,-0.077
0.0715,-0.0715
0.066,-0.066
0.0605,-0.0605
0.055,-0.055
0.0495,-0.0495
0.044,-0.044
0.0385,-0.0385
0.033,-0.033
0.0275,-0.0275
0.022,-0.022
0.0165,-0.0165
0.011,-0.011
0.0,0.0
0.0,0.0
0.0,0.0
0.0,0.0
0.0,0.0
0.0,0.0
0.0,0.0
0.0,0.0
0.0,0.0
0.0,0.0
0.0,0.0
0.0,0.0
0.0,0.0
0.0,0.0
0.0,0.0
0.0,0.0
0.0,0.0
0.0,0.0
0.0,0.0
0.0,0.0
0.0,0.0
0.0,0.0
0.0,0.0
0.0,0.0
0.0,0.0
0.0,0.0
0.0,0.0
0.0,0.0
0.0,0.0
0.0,0.0
0.0,0.0
0.0,0.0
0.0,0.0
0.0,0.0
0.0,0.0
0.0,0.0
0.0,0.0
0.0,0.0
0.0,0.0
0.0,0.0
0.0,0.0
0.0,0.0
0.0,0.0
0.0,0.0
0.0,0.0
0.0,0.0
0.0,0.0
0.0,0.0
0.0,0.0
0.0,0.0
0.0,0.0
0.0,0.0
0.0,0.0
0.0,0.0
0.0,0.0
0.0,0.0
0.0,0.0
0.0,0.0
0.0,0.0
0.0,0.0
0.0,0.0
0.0,0.0
0.0,0.0
0.0,0.0
0.0,0.0
0.0,0.0
0.0,0.0
0.0,0.0
0.0,0.0
0.0,0.0
0.0,0.0
0.0,0.0
0.0,0.0
0.0,0.0
0.0,0.0
0.0,0.0
0.0,0.0
0.0,0.0
0.0,0.0
0.0,0.0
0.0,0.0
0.0,0.0
0.0,0.0
0.0,0.0
0.0,0.0
0.0,0.0
0.0,0.0
0.0,0.0
0.0,0.0
0.0,0.0
0.0,0.0
0.0,0.0
0.0,0.0
0.0,0.0
0.0,0.0
0.0,0.0
0.0,0.0
0.0,0.0
0.0,0.0
0.0,0.0
0.0,0.0
0.0,0.0
0.0,0.0
0.0,0.0
0.0,0.0
0.0,0.0
0.0,0.0
0.0,0.0
0.0,0.0
0.0,0.0
0.0,0.0
0.0,0.0
0.0,0.0
0.0,0.0
0.0,0.0
0.0,0.0
0.0,0.0
0.0,0.0
0.0,0.0
0.0,0.0
0.0,0.0
0.0,0.0
0.0,0.0
0.0,0.0
0.0,0.0
0.0,0.0
0.0,0.0
0.0,0.0
0.0,0.0
0.0,0.0
0.0,0.0
0.0,0.0
0.0,0.0
0.0,0.0
0.0,0.0
0.0,0.0
0.0,0.0
0.0,0.0
0.0,0.0
0.0,0.0
0.0,0.0
0.0,0.0
0.0,0.0
0.0,0.0
0.0,0.0
0.0,0.0
0.0,0.0
0.0,0.0
0.0,0.0
0.0,0.0
0.0,0.0
0.0,0.0
0.0,0.0
0.0,0.0
0.0,0.0
0.0,0.0
0.0,0.0
0.0,0.0
0.0,0.0
0.0,0.0
0.0,0.0
0.0,0.0
0.0,0.0
0.0,0.0
0.0,0.0
0.0,0.0
0.0,0.0
0.0,0.0
0.0,0.0
0.0,0.0
0.0,0.0
0.0,0.0
0.0,0.0
0.0,0.0
0.0,0.0
0.0,0.0
0.0,0.0
0.0,0.0
0.0,0.0
0.0,0.0
0.0,0.0
0.0,0.0
0.0,0.0
0.0,0.0
0.0,0.0
0.0,0.0
0.0,0.0
0.0,0.0
0.0,0.0
0.0,0.0
0.0,0.0
0.0,0.0
0.0,0.0
0.0,0.0
0.0,0.0
0.0,0.0
0.0,0.0
0.0,0.0
0.0,0.0
0.0,0.0
0.0,0.0
0.0,0.0
0.0,0.0
0.0,0.0
0.0,0.0
0.0,0.0
0.0,0.0
0.0,0.0
0.0,0.0
0.0,0.0
0.0,0.0
0.0,0.0
0.0,0.0
0.0,0.0
0.0,0.0
0.0,0.0
0.0,0.0
0.0,0.0
0.0,0.0
0.0,0.0
0.0,0.0
0.0,0.0
0.0,0.0
0.0,0.0
0.0,0.0
0.0,0.0
0.0,0.0
0.0,0.0
0.0,0.0
0.0,0.0
0.0,0.0
0.0,0.0
0.0,0.0
0.0,0.0
0.0,0.0
0.0,0.0
0.0,0.0
0.0,0.0
0.0,0.0
0.0,0.0
0.0,0.0
0.0,0.0
0.0,0.0
0.0,0.0
0.0,0.0
0.0,0.0
0.0,0.0
0.0,0.0
0.0,0.0
0.0,0.0
0.0,0.0
0.0,0.0
0.0,0.0
0.0,0.0
0.0,0.0
0.0,0.0
0.0,0.0
0.0,0.0
0.0,0.0
0.0,0.0
0.0,0.0
0.0,0.0
0.0,0.0
0.0,0.0
0.0,0.0
0.0,0.0
0.0,0.0
0.0,0.0
0.0,0.0
0.0,0.0
0.0,0.0
0.0,0.0
0.0,0.0
0.0,0.0
0.0,0.0
0.0,0.0
0.0,0.0
0.0,0.0
0.0,0.0
0.0,0.0
0.0,0.0
0.0,0.0
0.0,0.0
0.0,0.0
0.0,0.0
0.0,0.0
0.0,0.0
0.0,0.0
0.0,0.0
0.0,0.0
0.0,0.0
0.0,0.0
0.0,0.0
0.0,0.0
0.0,0.0
0.0,0.0
0.0,0.0
0.0,0.0
0.0,0.0
0.0,0.0
0.0,0.0
0.0,0.0
0.0,0.0
0.0,0.0
-0.011,0.011
-0.0147,0.0147
-0.0183,0.0183
-0.022,0.022
-0.0257,0.0257
-0.0293,0.0293
-0.033,0.033
-0.0367,0.0367
-0.0403,0.0403
-0.044,0.044
-0.0477,0.0477
-0.0513,0.0513
-0.055,0.055
-0.0587,0.0587
-0.0623,0.0623
-0.066,0.066
-0.0697,0.0697
-0.0733,0.0733
-0.077,0.077
-0.0807,0.0807
-0.0843,0.0843
-0.088,0.088
-0.0917,0.0917
-0.0953,0.0953
-0.099,0.099
-0.1027,0.1027
-0.1063,0.1063
-0.11,0.11
-0.1137,0.1137
-0.1173,0.1173
-0.121,0.121
-0.1247,0.1247
-0.1283,0.1283
-0.132,0.132
-0.1357,0.1357
-0.1393,0.1393
-0.143,0.143
-0.1467,0.1467
-0.1503,0.1503
-0.154,0.154
-0.1577,0.1577
-0.1613,0.1613
-0.165,0.165
-0.1687,0.1687
-0.1723,0.1723
-0.176,0.176
-0.1797,0.1797
-0.1833,0.1833
-0.187,0.187
-0.1907,0.1907
-0.1943,0.1943
-0.198,0.198
-0.2017,0.2017
-0.2053,0.2053
-0.209,0.209
-0.2127,0.2127
-0.2163,0.2163
-0.22,0.22
-0.2237,0.2237
-0.2273,0.2273
-0.231,0.231
-0.2347,0.2347
-0.2383,0.2383
-0.242,0.242
-0.2457,0.2457
-0.2493,0.2493
-0.253,0.253
-0.2567,0.2567
-0.2603,0.2603
-0.264,0.264
-0.2677,0.2677
-0.2713,0.2713
-0.275,0.275
-0.2787,0.2787
-0.2823,0.2823
-0.286,0.286
-0.2897,0.2897
-0.2933,0.2933
-0.297,0.297
-0.3007,0.3007
-0.3043,0.3043
-0.308,0.308
-0.3117,0.3117
-0.3153,0.3153
-0.319,0.319
-0.3227,0.3227
-0.3263,0.3263
-0.33,0.33
-0.3337,0.3337
-0.3373,0.3373
-0.341,0.341
-0.3447,0.3447
-0.3483,0.3483
-0.352,0.352
-0.3557,0.3557
-0.3593,0.3593
-0.363,0.363
-0.3667,0.3667
-0.3703,0.3703
-0.374,0.374
-0.3777,0.3777
-0.3813,0.3813
-0.385,0.385
-0.3887,0.3887
-0.3923,0.3923
-0.396,0.396
-0.3997,0.3997
-0.4033,0.4033
-0.407,0.407
-0.4107,0.4107
-0.4143,0.4143
-0.418,0.418
-0.4217,0.4217
-0.4253,0.4253
-0.429,0.429
-0.4327,0.4327
-0.4363,0.4363
-0.44,0.44
-0.4437,0.4437
-0.4473,0.4473
-0.451,0.451
-0.4547,0.4547
-0.4583,0.4583
-0.462,0.462
-0.4657,0.4657
-0.4693,0.4693
-0.473,0.473
-0.4767,0.4767
-0.4803,0.4803
-0.484,0.484
-0.4877,0.4877
-0.4913,0.4913
-0.495,0.495
-0.4987,0.4987
-0.5023,0.5023
-0.506,0.506
-0.5097,0.5097
-0.5133,0.5133
-0.517,0.517
-0.5207,0.5207
-0.5243,0.5243
-0.528,0.528
-0.5317,0.5317
-0.5353,0.5353
-0.539,0.539
-0.5427,0.5427
-0.5463,0.5463
-0.55,0.55
-0.55,0.55
-0.55,0.55
-0.55,0.55
-0.55,0.55
-0.55,0.55
-0.55,0.55
-0.55,0.55
-0.55,0.55
-0.55,0.55
-0.55,0.55
-0.55,0.55
-0.55,0.55
-0.55,0.55
-0.55,0.55
-0.55,0.55
-0.55,0.55
-0.55,0.55
-0.55,0.55
-0.55,0.55
-0.55,0.55
-0.55,0.55
-0.55,0.55
-0.55,0.55
-0.55,0.55
-0.55,0.55
-0.55,0.55
-0.55,0.55
-0.55,0.55
-0.55,0.55
-0.55,0.55
-0.55,0.55
-0.55,0.55
-0.55,0.55
-0.55,0.55
-0.55,0.55
-0.55,0.55
-0.55,0.55
-0.55,0.55
-0.55,0.55
-0.55,0.55
-0.55,0.55
-0.55,0.55
-0.55,0.55
-0.55,0.55
-0.55,0.55
-0.55,0.55
-0.55,0.55
-0.55,0.55
-0.55,0.55
-0.55,0.55
-0.55,0.55
-0.55,0.55
-0.55,0.55
-0.55,0.55
-0.55,0.55
-0.55,0.55
-0.55,0.55
-0.55,0.55
-0.55,0.55
-0.55,0.55
-0.55,0.55
-0.55,0.55
-0.55,0.55
-0.55,0.55
-0.55,0.55
-0.55,0.55
-0.55,0.55
-0.55,0.55
-0.55,0.55
-0.55,0.55
-0.55,0.55
-0.55,0.55
-0.55,0.55
-0.55,0.55
-0.55,0.55
-0.55,0.55
-0.55,0.55
-0.55,0.55
-0.55,0.55
-0.55,0.55
-0.55,0.55
-0.55,0.55
-0.55,0.55
-0.55,0.55
-0.55,0.55
-0.55,0.55
-0.55,0.55
-0.55,0.55
-0.55,0.55
-0.55,0.55
-0.55,0.55
-0.55,0.55
-0.55,0.55
-0.55,0.55
-0.55,0.55
-0.55,0.55
-0.55,0.55
-0.55,0.55
-0.55,0.55
-0.55,0.55
-0.55,0.55
-0.55,0.55
-0.55,0.55
-0.55,0.55
-0.55,0.55
-0.55,0.55
-0.55,0.55
-0.55,0.55
-0.55,0.55
-0.55,0.55
-0.55,0.55
-0.55,0.55
-0.55,0.55
-0.55,0.55
-0.55,0.55
-0.55,0.55
-0.55,0.55
-0.55,0.55
-0.55,0.55
-0.55,0.55
-0.55,0.55
-0.55,0.55
-0.55,0.55
-0.55,0.55
-0.55,0.55
-0.55,0.55
-0.55,0.55
-0.55,0.55
-0.55,0.55
-0.55,0.55
-0.55,0.55
-0.55,0.55
-0.55,0.55
-0.55,0.55
-0.55,0.55
-0.55,0.55
-0.55,0.55
-0.55,0.55
-0.55,0.55
-0.55,0.55
-0.55,0.55
-0.55,0.55
-0.55,0.55
-0.55,0.55
-0.55,0.55
-0.55,0.55
-0.55,0.55
-0.55,0.55
-0.55,0.55
-0.55,0.55
-0.55,0.55
-0.55,0.55
-0.55,0.55
-0.55,0.55
-0.55,0.55
-0.55,0.55
-0.55,0.55
-0.55,0.55
-0.55,0.55
-0.55,0.55
-0.55,0.55
-0.55,0.55
-0.55,0.55
-0.55,0.55
-0.55,0.55
-0.55,0.55
-0.55,0.55
-0.55,0.55
-0.55,0.55
-0.55,0.55
-0.55,0.55
-0.55,0.55
-0.55,0.55
-0.55,0.55
-0.55,0.55
-0.55,0.55
-0.55,0.55
-0.55,0.55
-0.55,0.55
-0.55,0.55
-0.55,0.55
-0.55,0.55
-0.55,0.55
-0.55,0.55
-0.55,0.55
-0.55,0.55
-0.55,0.55
-0.55,0.55
-0.55,0.55
-0.55,0.55
-0.55,0.55
-0.55,0.55
-0.55,0.55
-0.55,0.55
-0.55,0.55
-0.55,0.55
-0.55,0.55
-0.55,0.55
-0.55,0.55
-0.55,0.55
-0.55,0.55
-0.55,0.55
-0.55,0.55
-0.55,0.55
-0.55,0.55
-0.55,0.55
-0.55,0.55
-0.55,0.55
-0.55,0.55
-0.55,0.55
-0.55,0.55
-0.55,0.55
-0.55,0.55
-0.55,0.55
-0.55,0.55
-0.55,0.55
-0.55,0.55
-0.55,0.55
-0.55,0.55
-0.55,0.55
-0.55,0.55
-0.55,0.55
-0.55,0.55
-0.55,0.55
-0.55,0.55
-0.55,0.55
-0.55,0.55
-0.55,0.55
-0.55,0.55
-0.55,0.55
-0.55,0.55
-0.55,0.55
-0.55,0.55
-0.55,0.55
-0.55,0.55
-0.55,0.55
-0.55,0.55
-0.55,0.55
-0.55,0.55
-0.55,0.55
-0.55,0.55
-0.55,0.55
-0.55,0.55
-0.55,0.55
-0.55,0.55
-0.55,0.55
-0.55,0.55
-0.55,0.55
-0.55,0.55
-0.55,0.55
-0.55,0.55
-0.55,0.55
-0.55,0.55
-0.55,0.55
-0.55,0.55
-0.55,0.55
-0.55,0.55
-0.55,0.55
-0.55,0.55
-0.55,0.55
-0.55,0.55
-0.55,0.55
-0.55,0.55
-0.55,0.55
-0.55,0.55
-0.55,0.55
-0.55,0.55
-0.55,0.55
-0.55,0.55
-0.55,0.55
-0.55,0.55
-0.55,0.55
-0.55,0.55
-0.55,0.55
-0.55,0.55
-0.55,0.55
-0.55,0.55
-0.55,0.55
-0.55,0.55
-0.55,0.55
-0.55,0.55
-0.55,0.55
-0.55,0.55
-0.55,0.55
-0.55,0.55
-0.55,0.55
-0.55,0.55
-0.55,0.55
-0.55,0.55
-0.55,0.55
-0.55,0.55
-0.55,0.55
-0.55,0.55
-0.55,0.55
-0.55,0.55
-0.55,0.55
-0.55,0.55
-0.55,0.55
-0.55,0.55
-0.55,0.55
-0.55,0.55
-0.55,0.55
-0.55,0.55
-0.55,0.55
-0.55,0.55
-0.55,0.55
-0.55,0.55
-0.55,0.55
-0.55,0.55
-0.55,0.55
-0.55,0.55
-0.55,0.55
-0.55,0.55
-0.55,0.55
-0.55,0.55
-0.55,0.55
-0.55,0.55
-0.55,0.55
-0.55,0.55
-0.55,0.55
-0.55,0.55
-0.55,0.55
-0.55,0.55
-0.55,0.55
-0.55,0.55
-0.55,0.55
-0.55,0.55
-0.55,0.55
-0.55,0.55
-0.55,0.55
-0.55,0.55
-0.55,0.55
-0.55,0.55
-0.55,0.55
-0.55,0.55
-0.55,0.55
-0.55,0.55
-0.55,0.55
-0.55,0.55
-0.55,0.55
-0.55,0.55
-0.55,0.55
-0.55,0.55
-0.55,0.55
-0.55,0.55
-0.55,0.55
-0.55,0.55
-0.55,0.55
-0.55,0.55
-0.55,0.55
-0.55,0.55
-0.55,0.55
-0.55,0.55
-0.55,0.55
-0.55,0.55
-0.55,0.55
-0.55,0.55
-0.55,0.55
-0.55,0.55
-0.55,0.55
-0.55,0.55
-0.55,0.55
-0.55,0.55
-0.55,0.55
-0.55,0.55
-0.55,0.55
-0.55,0.55
-0.55,0.55
-0.55,0.55
-0.55,0.55
-0.55,0.55
-0.55,0.55
-0.55,0.55
-0.55,0.55
-0.55,0.55
-0.55,0.55
-0.55,0.55
-0.55,0.55
-0.55,0.55
-0.55,0.55
-0.55,0.55
-0.55,0.55
-0.55,0.55
-0.55,0.55
-0.55,0.55
-0.55,0.55
-0.55,0.55
-0.55,0.55
-0.55,0.55
-0.55,0.55
-0.55,0.55
-0.55,0.55
-0.55,0.55
-0.55,0.55
-0.55,0.55
-0.55,0.55
-0.55,0.55
-0.55,0.55
-0.55,0.55
-0.55,0.55
-0.55,0.55
-0.55,0.55
-0.55,0.55
-0.55,0.55
-0.55,0.55
-0.55,0.55
-0.55,0.55
-0.55,0.55
-0.55,0.55
-0.55,0.55
-0.55,0.55
-0.55,0.55
-0.55,0.55
-0.55,0.55
-0.55,0.55
-0.55,0.55
-0.55,0.55
-0.55,0.55
-0.55,0.55
-0.55,0.55
-0.55,0.55
-0.55,0.55
-0.55,0.55
-0.55,0.55
-0.55,0.55
-0.55,0.55
-0.55,0.55
-0.55,0.55
-0.55,0.55
-0.55,0.55
-0.55,0.55
-0.55,0.55
-0.55,0.55
-0.55,0.55
-0.55,0.55
-0.55,0.55
-0.55,0.55
-0.55,0.55
-0.55,0.55
-0.55,0.55
-0.55,0.55
-0.55,0.55
-0.55,0.55
-0.55,0.55
-0.55,0.55
-0.55,0.55
-0.55,0.55
-0.55,0.55
-0.55,0.55
-0.55,0.55
-0.55,0.55
-0.55,0.55
-0.55,0.55
-0.55,0.55
-0.55,0.55
-0.55,0.55
-0.55,0.55
-0.55,0.55
-0.55,0.55
-0.55,0.55
-0.55,0.55
-0.55,0.55
-0.55,0.55
-0.55,0.55
-0.55,0.55
-0.55,0.55
-0.55,0.55
-0.55,0.55
-0.55,0.55
-0.55,0.55
-0.55,0.55
-0.55,0.55
-0.55,0.55
-0.55,0.55
-0.55,0.55
-0.55,0.55
-0.55,0.55
-0.55,0.55
-0.55,0.55
-0.55,0.55
-0.55,0.55
-0.55,0.55
-0.55,0.55
-0.55,0.55
-0.55,0.55
-0.55,0.55
-0.55,0.55
-0.55,0.55
-0.55,0.55
-0.55,0.55
-0.55,0.55
-0.55,0.55
-0.55,0.55
-0.55,0.55
-0.55,0.55
-0.55,0.55
-0.55,0.55
-0.55,0.55
-0.55,0.55
-0.55,0.55
-0.55,0.55
-0.55,0.55
-0.55,0.55
-0.55,0.55
-0.55,0.55
-0.55,0.55
-0.55,0.55
-0.55,0.55
-0.55,0.55
-0.55,0.55
-0.55,0.55
-0.55,0.55
-0.55,0.55
-0.55,0.55
-0.55,0.55
-0.55,0.55
-0.55,0.55
-0.55,0.55
-0.55,0.55
-0.55,0.55
-0.55,0.55
-0.55,0.55
-0.55,0.55
-0.55,0.55
-0.55,0.55
-0.55,0.55
-0.55,0.55
-0.55,0.55
-0.55,0.55
-0.55,0.55
-0.55,0.55
-0.55,0.55
-0.55,0.55
-0.55,0.55
-0.55,0.55
-0.55,0.55
-0.55,0.55
-0.55,0.55
-0.55,0.55
-0.55,0.55
-0.55,0.55
-0.55,0.55
-0.55,0.55
-0.55,0.55
-0.55,0.55
-0.55,0.55
-0.55,0.55
-0.55,0.55
-0.55,0.55
-0.55,0.55
-0.55,0.55
-0.55,0.55
-0.55,0.55
-0.55,0.55
-0.55,0.55
-0.55,0.55
-0.55,0.55
-0.55,0.55
-0.55,0.55
-0.55,0.55
-0.55,0.55
-0.55,0.55
-0.55,0.55
-0.55,0.55
-0.55,0.55
-0.55,0.55
-0.55,0.55
-0.55,0.55
-0.55,0.55
-0.55,0.55
-0.55,0.55
-0.55,0.55
-0.55,0.55
-0.55,0.55
-0.55,0.55
-0.55,0.55
-0.55,0.55
-0.55,0.55
-0.55,0.55
-0.55,0.55
-0.55,0.55
-0.55,0.55
-0.55,0.55
-0.55,0.55
-0.55,0.55
-0.55,0.55
-0.55,0.55
-0.55,0.55
-0.55,0.55
-0.55,0.55
-0.55,0.55
-0.55,0.55
-0.55,0.55
-0.55,0.55
-0.55,0.55
-0.55,0.55
-0.55,0.55
-0.55,0.55
-0.55,0.55
-0.55,0.55
-0.55,0.55
-0.55,0.55
-0.55,0.55
-0.55,0.55
-0.55,0.55
-0.55,0.55
-0.55,0.55
-0.55,0.55
-0.55,0.55
-0.55,0.55
-0.55,0.55
-0.55,0.55
-0.55,0.55
-0.55,0.55
-0.55,0.55
-0.55,0.55
-0.55,0.55
-0.55,0.55
-0.55,0.55
-0.55,0.55
-0.55,0.55
-0.55,0.55
-0.55,0.55
-0.55,0.55
-0.55,0.55
-0.55,0.55
-0.55,0.55
-0.55,0.55
-0.55,0.55
-0.55,0.55
-0.55,0.55
-0.55,0.55
-0.55,0.55
-0.55,0.55
-0.55,0.55
-0.55,0.55
-0.55,0.55
-0.55,0.55
-0.55,0.55
-0.55,0.55
-0.55,0.55
-0.55,0.55
-0.55,0.55
-0.55,0.55
-0.55,0.55
-0.55,0.55
-0.55,0.55
-0.55,0.55
-0.55,0.55
-0.55,0.55
-0.55,0.55
-0.55,0.55
-0.55,0.55
-0.55,0.55
-0.55,0.55
-0.55,0.55
-0.55,0.55
-0.55,0.55
-0.55,0.55
-0.55,0.55
-0.55,0.55
-0.55,0.55
-0.55,0.55
-0.55,0.55
-0.55,0.55
-0.55,0.55
-0.55,0.55
-0.55,0.55
-0.55,0.55
-0.55,0.55
-0.55,0.55
-0.55,0.55
-0.55,0.55
-0.55,0.55
-0.55,0.55
-0.55,0.55
-0.55,0.55
-0.55,0.55
-0.55,0.55
-0.55,0.55
-0.55,0.55
-0.55,0.55
-0.55,0.55
-0.55,0.55
-0.55,0.55
-0.55,0.55
-0.55,0.55
-0.55,0.55
-0.55,0.55
-0.55,0.55
-0.55,0.55
-0.55,0.55
-0.55,0.55
-0.55,0.55
-0.55,0.55
-0.55,0.55
-0.55,0.55
-0.55,0.55
-0.55,0.55
-0.55,0.55
-0.55,0.55
-0.55,0.55
-0.55,0.55
-0.55,0.55
-0.55,0.55
-0.55,0.55
-0.55,0.55
-0.55,0.55
-0.55,0.55
-0.55,0.55
-0.55,0.55
-0.55,0.55
-0.55,0.55
-0.55,0.55
-0.55,0.55
-0.55,0.55
-0.55,0.55
-0.55,0.55
-0.55,0.55
-0.55,0.55
-0.55,0.55
-0.55,0.55
-0.55,0.55
-0.55,0.55
-0.55,0.55
-0.55,0.55
-0.55,0.55
-0.55,0.55
-0.55,0.55
-0.55,0.55
-0.55,0.55
-0.55,0.55
-0.55,0.55
-0.55,0.55
-0.55,0.55
-0.55,0.55
-0.55,0.55
-0.55,0.55
-0.55,0.55
-0.55,0.55
-0.55,0.55
-0.55,0.55
-0.55,0.55
-0.55,0.55
-0.55,0.55
-0.55,0.55
-0.55,0.55
-0.55,0.55
-0.55,0.55
-0.55,0.55
-0.55,0.55
-0.55,0.55
-0.55,0.55
-0.55,0.55
-0.55,0.55
-0.55,0.55
-0.55,0.55
-0.55,0.55
-0.55,0.55
-0.55,0.55
-0.55,0.55
-0.55,0.55
-0.55,0.55
-0.55,0.55
-0.55,0.55
-0.55,0.55
-0.55,0.55
-0.55,0.55
-0.55,0.55
-0.55,0.55
-0.55,0.55
-0.55,0.55
-0.55,0.55
-0.55,0.55
-0.55,0.55
-0.55,0.55
-0.55,0.55
-0.55,0.55
-0.55,0.55
-0.55,0.55
-0.55,0.55
-0.55,0.55
-0.55,0.55
-0.55,0.55
-0.55,0.55
-0.55,0.55
-0.55,0.55
-0.55,0.55
-0.55,0.55
-0.55,0.55
-0.55,0.55
-0.55,0.55
-0.55,0.55
-0.55,0.55
-0.55,0.55
-0.55,0.55
-0.55,0.55
-0.55,0.55
-0.55,0.55
-0.55,0.55
-0.55,0.55
-0.55,0.55
-0.55,0.55
-0.55,0.55
-0.55,0.55
-0.55,0.55
-0.55,0.55
-0.55,0.55
-0.55,0.55
-0.55,0.55
-0.55,0.55
-0.55,0.55
-0.55,0.55
-0.55,0.55
-0.55,0.55
-0.55,0.55
-0.55,0.55
-0.55,0.55
-0.55,0.55
-0.55,0.55
-0.55,0.55
-0.55,0.55
-0.55,0.55
-0.55,0.55
-0.55,0.55
-0.55,0.55
-0.55,0.55
-0.55,0.55
-0.55,0.55
-0.55,0.55
-0.55,0.55
-0.55,0.55
-0.55,0.55
-0.55,0.55
-0.55,0.55
-0.55,0.55
-0.55,0.55
-0.55,0.55
-0.55,0.55
-0.55,0.55
-0.55,0.55
-0.55,0.55
-0.55,0.55
-0.55,0.55
-0.55,0.55
-0.55,0.55
-0.55,0.55
-0.55,0.55
-0.55,0.55
-0.55,0.55
-0.55,0.55
-0.55,0.55
-0.55,0.55
-0.55,0.55
-0.55,0.55
-0.55,0.55
-0.55,0.55
-0.55,0.55
-0.55,0.55
-0.55,0.55
-0.55,0.55
-0.55,0.55
-0.55,0.55
-0.55,0.55
-0.55,0.55
-0.55,0.55
-0.55,0.55
-0.55,0.55
-0.55,0.55
-0.55,0.55
-0.55,0.55
-0.55,0.55
-0.55,0.55
-0.55,0.55
-0.55,0.55
-0.55,0.55
-0.55,0.55
-0.55,0.55
-0.55,0.55
-0.55,0.55
-0.55,0.55
-0.55,0.55
-0.55,0.55
-0.55,0.55
-0.55,0.55
-0.55,0.55
-0.55,0.55
-0.55,0.55
-0.55,0.55
-0.55,0.55
-0.55,0.55
-0.55,0.55
-0.55,0.55
-0.55,0.55
-0.55,0.55
-0.55,0.55
-0.55,0.55
-0.55,0.55
-0.55,0.55
-0.55,0.55
-0.55,0.55
-0.55,0.55
-0.55,0.55
-0.55,0.55
-0.55,0.55
-0.55,0.55
-0.55,0.55
-0.55,0.55
-0.55,0.55
-0.55,0.55
-0.55,0.55
-0.55,0.55
-0.55,0.55
-0.55,0.55
-0.55,0.55
-0.55,0.55
-0.55,0.55
-0.55,0.55
-0.55,0.55
-0.55,0.55
-0.55,0.55
-0.55,0.55
-0.55,0.55
-0.55,0.55
-0.55,0.55
-0.55,0.55
-0.55,0.55
-0.55,0.55
-0.55,0.55
-0.55,0.55
-0.55,0.55
-0.55,0.55
-0.55,0.55
-0.55,0.55
-0.55,0.55
-0.55,0.55
-0.55,0.55
-0.55,0.55
-0.55,0.55
-0.55,0.55
-0.55,0.55
-0.55,0.55
-0.55,0.55
-0.55,0.55
-0.55,0.55
-0.55,0.55
-0.55,0.55
-0.55,0.55
-0.55,0.55
-0.55,0.55
-0.55,0.55
-0.55,0.55
-0.55,0.55
-0.55,0.55
-0.55,0.55
-0.55,0.55
-0.55,0.55
-0.55,0.55
-0.55,0.55
-0.55,0.55
-0.55,0.55
-0.55,0.55
-0.55,0.55
-0.55,0.55
-0.55,0.55
-0.55,0.55
-0.55,0.55
-0.55,0.55
-0.55,0.55
-0.55,0.55
-0.55,0.55
-0.55,0.55
-0.55,0.55
-0.55,0.55
-0.55,0.55
-0.55,0.55
-0.55,0.55
-0.55,0.55
-0.55,0.55
-0.55,0.55
-0.55,0.55
-0.55,0.55
-0.55,0.55
-0.55,0.55
-0.55,0.55
-0.55,0.55
-0.55,0.55
-0.55,0.55
-0.55,0.55
-0.55,0.55
-0.55,0.55
-0.55,0.55
-0.55,0.55
-0.55,0.55
-0.55,0.55
-0.55,0.55
-0.55,0.55
-0.55,0.55
-0.55,0.55
-0.55,0.55
-0.55,0.55
-0.55,0.55
-0.55,0.55
-0.55,0.55
-0.55,0.55
-0.55,0.55
-0.55,0.55
-0.55,0.55
-0.55,0.55
-0.55,0.55
-0.55,0.55
-0.55,0.55
-0.55,0.55
-0.55,0.55
-0.55,0.55
-0.55,0.55
-0.55,0.55
-0.55,0.55
-0.55,0.55
-0.55,0.55
-0.55,0.55
-0.55,0.55
-0.55,0.55
-0.55,0.55
-0.55,0.55
-0.55,0.55
-0.55,0.55
-0.55,0.55
-0.55,0.55
-0.55,0.55
-0.55,0.55
-0.55,0.55
-0.55,0.55
-0.55,0.55
-0.55,0.55
-0.55,0.55
-0.55,0.55
-0.55,0.55
-0.55,0.55
-0.55,0.55
-0.55,0.55
-0.55,0.55
-0.55,0.55
-0.55,0.55
-0.55,0.55
-0.55,0.55
-0.55,0.55
-0.55,0.55
-0.55,0.55
-0.55,0.55
-0.55,0.55
-0.55,0.55
-0.55,0.55
-0.55,0.55
-0.55,0.55
-0.55,0.55
-0.55,0.55
-0.55,0.55
-0.55,0.55
-0.55,0.55
-0.55,0.55
-0.55,0.55
-0.55,0.55
-0.55,0.55
-0.55,0.55
-0.55,0.55
-0.55,0.55
-0.55,0.55
-0.55,0.55
-0.55,0.55
-0.55,0.55
-0.55,0.55
-0.55,0.55
-0.55,0.55
-0.55,0.55
-0.55,0.55
-0.55,0.55
-0.55,0.55
-0.55,0.55
-0.55,0.55
-0.55,0.55
-0.55,0.55
-0.55,0.55
-0.55,0.55
-0.55,0.55
-0.55,0.55
-0.55,0.55
-0.55,0.55
-0.55,0.55
-0.55,0.55
-0.55,0.55
-0.55,0.55
-0.55,0.55
-0.55,0.55
-0.55,0.55
-0.55,0.55
-0.55,0.55
-0.55,0.55
-0.55,0.55
-0.55,0.55
-0.55,0.55
-0.55,0.55
-0.55,0.55
-0.55,0.55
-0.55,0.55
-0.55,0.55
-0.55,0.55
-0.55,0.55
-0.55,0.55
-0.55,0.55
-0.55,0.55
-0.55,0.55
-0.55,0.55
-0.55,0.55
-0.55,0.55
-0.55,0.55
-0.55,0.55
-0.55,0.55
-0.55,0.55
-0.55,0.55
-0.55,0.55
-0.55,0.55
-0.55,0.55
-0.55,0.55
-0.55,0.55
-0.55,0.55
-0.55,0.55
-0.55,0.55
-0.55,0.55
-0.55,0.55
-0.55,0.55
-0.55,0.55
-0.55,0.55
-0.55,0.55
-0.55,0.55
-0.55,0.55
-0.55,0.55
-0.55,0.55
-0.55,0.55
-0.55,0.55
-0.55,0.55
-0.55,0.55
-0.55,0.55
-0.55,0.55
-0.55,0.55
-0.55,0.55
-0.55,0.55
-0.55,0.55
-0.55,0.55
-0.55,0.55
-0.55,0.55
-0.55,0.55
-0.55,0.55
-0.55,0.55
-0.55,0.55
-0.55,0.55
-0.55,0.55
-0.55,0.55
-0.55,0.55
-0.55,0.55
-0.55,0.55
-0.55,0.55
-0.55,0.55
-0.55,0.55
-0.55,0.55
-0.55,0.55
-0.55,0.55
-0.55,0.55
-0.55,0.55
-0.55,0.55
-0.55,0.55
-0.55,0.55
-0.55,0.55
-0.55,0.55
-0.55,0.55
-0.55,0.55
-0.55,0.55
-0.55,0.55
-0.55,0.55
-0.55,0.55
-0.55,0.55
-0.55,0.55
-0.55,0.55
-0.55,0.55
-0.55,0.55
-0.55,0.55
-0.55,0.55
-0.55,0.55
-0.55,0.55
-0.55,0.55
-0.55,0.55
-0.55,0.55
-0.55,0.55
-0.55,0.55
-0.55,0.55
-0.55,0.55
-0.55,0.55
-0.55,0.55
-0.55,0.55
-0.55,0.55
-0.55,0.55
-0.55,0.55
-0.55,0.55
-0.55,0.55
-0.55,0.55
-0.55,0.55
-0.55,0.55
-0.55,0.55
-0.55,0.55
-0.55,0.55
-0.55,0.55
-0.55,0.55
-0.55,0.55
-0.55,0.55
-0.55,0.55
-0.55,0.55
-0.55,0.55
-0.55,0.55
-0.55,0.55
-0.55,0.55
-0.55,0.55
-0.55,0.55
-0.55,0.55
-0.55,0.55
-0.55,0.55
-0.55,0.55
-0.55,0.55
-0.55,0.55
-0.55,0.55
-0.55,0.55
-0.55,0.55
-0.55,0.55
-0.55,0.55
-0.55,0.55
-0.55,0.55
-0.55,0.55
-0.55,0.55
-0.55,0.55
-0.55,0.55
-0.55,0.55
-0.55,0.55
-0.55,0.55
-0.55,0.55
-0.55,0.55
-0.55,0.55
-0.55,0.55
-0.55,0.55
-0.55,0.55
-0.55,0.55
-0.55,0.55
-0.55,0.55
-0.55,0.55
-0.55,0.55
-0.55,0.55
-0.55,0.55
-0.55,0.55
-0.55,0.55
-0.55,0.55
-0.55,0.55
-0.55,0.55
-0.55,0.55
-0.55,0.55
-0.55,0.55
-0.55,0.55
-0.55,0.55
-0.55,0.55
-0.55,0.55
-0.55,0.55
-0.55,0.55
-0.55,0.55
-0.55,0.55
-0.55,0.55
-0.55,0.55
-0.55,0.55
-0.55,0.55
-0.55,0.55
-0.55,0.55
-0.55,0.55
-0.55,0.55
-0.55,0.55
-0.55,0.55
-0.55,0.55
-0.55,0.55
-0.55,0.55
-0.55,0.55
-0.55,0.55
-0.55,0.55
-0.55,0.55
-0.55,0.55
-0.55,0.55
-0.55,0.55
-0.55,0.55
-0.55,0.55
-0.55,0.55
-0.55,0.55
-0.55,0.55
-0.55,0.55
-0.55,0.55
-0.55,0.55
-0.55,0.55
-0.55,0.55
-0.55,0.55
-0.55,0.55
-0.55,0.55
-0.55,0.55
-0.55,0.55
-0.55,0.55
-0.55,0.55
-0.55,0.55
-0.55,0.55
-0.55,0.55
-0.55,0.55
-0.55,0.55
-0.55,0.55
-0.55,0.55
-0.55,0.55
-0.55,0.55
-0.55,0.55
-0.55,0.55
-0.55,0.55
-0.55,0.55
-0.55,0.55
-0.55,0.55
-0.55,0.55
-0.55,0.55
-0.55,0.55
-0.55,0.55
-0.55,0.55
-0.55,0.55
-0.55,0.55
-0.55,0.55
-0.55,0.55
-0.55,0.55
-0.55,0.55
-0.55,0.55
-0.55,0.55
-0.55,0.55
-0.55,0.55
-0.55,0.55
-0.55,0.55
-0.55,0.55
-0.55,0.55
-0.55,0.55
-0.55,0.55
-0.55,0.55
-0.55,0.55
-0.55,0.55
-0.55,0.55
-0.55,0.55
-0.55,0.55
-0.5445,0.5445
-0.539,0.539
-0.5335,0.5335
-0.528,0.528
-0.5225,0.5225
-0.517,0.517
-0.5115,0.5115
-0.506,0.506
-0.5005,0.5005
-0.495,0.495
-0.4895,0.4895
-0.484,0.484
-0.4785,0.4785
-0.473,0.473
-0.4675,0.4675
-0.462,0.462
-0.4565,0.4565
-0.451,0.451
-0.4455,0.4455
-0.44,0.44
-0.4345,0.4345
-0.429,0.429
-0.4235,0.4235
-0.418,0.418
-0.4125,0.4125
-0.407,0.407
-0.4015,0.4015
-0.396,0.396
-0.3905,0.3905
-0.385,0.385
-0.3795,0.3795
-0.374,0.374
-0.3685,0.3685
-0.363,0.363
-0.3575,0.3575
-0.352,0.352
-0.3465,0.3465
-0.341,0.341
-0.3355,0.3355
-0.33,0.33
-0.3245,0.3245
-0.319,0.319
-0.3135,0.3135
-0.308,0.308
-0.3025,0.3025
-0.297,0.297
-0.2915,0.2915
-0.286,0.286
-0.2805,0.2805
-0.275,0.275
-0.2695,0.2695
-0.264,0.264
-0.2585,0.2585
-0.253,0.253
-0.2475,0.2475
-0.242,0.242
-0.2365,0.2365
-0.231,0.231
-0.2255,0.2255
-0.22,0.22
-0.2145,0.2145
-0.209,0.209
-0.2035,0.2035
-0.198,0.198
-0.1925,0.1925
-0.187,0.187
-0.1815,0.1815
-0.176,0.176
-0.1705,0.1705
-0.165,0.165
-0.1595,0.1595
-0.154,0.154
-0.1485,0.1485
-0.143,0.143
-0.1375,0.1375
-0.132,0.132
-0.1265,0.1265
-0.121,0.121
-0.1155,0.1155
-0.11,0.11
-0.1045,0.1045
-0.099,0.099
-0.0935,0.0935
-0.088,0.088
-0.0825,0.0825
-0.077,0.077
-0.0715,0.0715
-0.066,0.066
-0.0605,0.0605
-0.055,0.055
-0.0495,0.0495
-0.044,0.044
-0.0385,0.0385
-0.033,0.033
-0.0275,0.0275
-0.022,0.022
-0.0165,0.0165
-0.011,0.011
0.0,0.0
0.0,0.0
0.0,0.0
0.0,0.0
0.0,0.0
0.0,0.0
0.0,0.0
0.0,0.0
0.0,0.0
0.0,0.0
0.0,0.0
0.0,0.0
0.0,0.0
0.0,0.0
0.0,0.0
0.0,0.0
0.0,0.0
0.0,0.0
0.0,0.0
0.0,0.0
0.0,0.0
0.0,0.0
0.0,0.0
0.0,0.0
0.0,0.0
0.0,0.0
0.0,0.0
0.0,0.0
0.0,0.0
0.0,0.0
0.0,0.0
0.0,0.0
0.0,0.0
0.0,0.0
0.0,0.0
0.0,0.0
0.0,0.0
0.0,0.0
0.0,0.0
0.0,0.0
0.0,0.0
0.0,0.0
0.0,0.0
0.0,0.0
0.0,0.0
0.0,0.0
0.0,0.0
0.0,0.0
0.0,0.0
0.0,0.0
0.0,0.0
0.0,0.0
0.0,0.0
0.0,0.0
0.0,0.0
0.0,0.0
0.0,0.0
0.0,0.0
0.0,0.0
0.0,0.0
0.0,0.0
0.0,0.0
0.0,0.0
0.0,0.0
0.0,0.0
0.0,0.0
0.0,0.0
0.0,0.0
0.0,0.0
0.0,0.0
0.0,0.0
0.0,0.0
0.0,0.0
0.0,0.0
0.0,0.0
0.0,0.0
0.0,0.0
0.0,0.0
0.0,0.0
0.0,0.0
0.0,0.0
0.0,0.0
0.0,0.0
0.0,0.0
0.0,0.0
0.0,0.0
0.0,0.0
0.0,0.0
0.0,0.0
0.0,0.0
0.0,0.0
0.0,0.0
0.0,0.0
0.0,0.0
0.0,0.0
0.0,0.0
0.0,0.0
0.0,0.0
0.0,0.0
0.0,0.0
0.0,0.0
0.0,0.0
0.0,0.0
0.0,0.0
0.0,0.0
0.0,0.0
0.0,0.0
0.0,0.0
0.0,0.0
0.0,0.0
0.0,0.0
0.0,0.0
0.0,0.0
0.0,0.0
0.0,0.0
0.0,0.0
0.0,0.0
0.0,0.0
0.0,0.0
0.0,0.0
0.0,0.0
0.0,0.0
0.0,0.0
0.0,0.0
0.0,0.0
0.0,0.0
0.0,0.0
0.0,0.0
0.0,0.0
0.0,0.0
0.0,0.0
0.0,0.0
0.0,0.0
0.0,0.0
0.0,0.0
0.0,0.0
0.0,0.0
0.0,0.0
0.0,0.0
0.0,0.0
0.0,0.0
0.0,0.0
0.0,0.0
0.0,0.0
0.0,0.0
0.0,0.0
0.0,0.0
0.0,0.0
0.0,0.0
0.0,0.0
0.0,0.0
0.0,0.0
0.0,0.0
0.0,0.0
0.0,0.0
0.0,0.0
0.0,0.0
0.0,0.0
0.0,0.0
0.0,0.0
0.0,0.0
0.0,0.0
0.0,0.0
0.0,0.0
0.0,0.0
0.0,0.0
0.0,0.0
0.0,0.0
0.0,0.0
0.0,0.0
0.0,0.0
0.0,0.0
0.0,0.0
0.0,0.0
0.0,0.0
0.0,0.0
0.0,0.0
0.0,0.0
0.0,0.0
0.0,0.0
0.0,0.0
0.0,0.0
0.0,0.0
0.0,0.0
0.0,0.0
0.0,0.0
0.0,0.0
0.0,0.0
0.0,0.0
0.0,0.0
0.0,0.0
0.0,0.0
0.0,0.0
0.0,0.0
0.0,0.0
0.0,0.0
0.0,0.0
0.0,0.0
0.0,0.0
0.0,0.0
0.0,0.0
0.0,0.0
0.0,0.0
0.0,0.0
0.0,0.0
0.0,0.0
0.0,0.0
0.0,0.0
0.0,0.0
0.0,0.0
0.0,0.0
0.0,0.0
0.0,0.0
0.0,0.0
0.0,0.0
0.0,0.0
0.0,0.0
0.0,0.0
0.0,0.0
0.0,0.0
0.0,0.0
0.0,0.0
0.0,0.0
0.0,0.0
0.0,0.0
0.0,0.0
0.0,0.0
0.0,0.0
0.0,0.0
0.0,0.0
0.0,0.0
0.0,0.0
0.0,0.0
0.0,0.0
0.0,0.0
0.0,0.0
0.0,0.0
0.0,0.0
0.0,0.0
0.0,0.0
0.0,0.0
0.0,0.0
0.0,0.0
0.0,0.0
0.0,0.0
0.0,0.0
0.0,0.0
0.0,0.0
0.0,0.0
0.0,0.0
0.0,0.0
0.0,0.0
0.0,0.0
0.0,0.0
0.0,0.0
0.0,0.0
0.0,0.0
0.0,0.0
0.0,0.0
0.0,0.0
0.0,0.0
0.0,0.0
0.0,0.0
0.0,0.0
0.0,0.0
0.0,0.0
0.0,0.0
0.0,0.0
0.0,0.0
0.0,0.0
0.0,0.0
0.0,0.0
0.0,0.0
0.0,0.0
0.0,0.0
0.0,0.0
0.0,0.0
0.0,0.0
0.0,0.0
0.0,0.0
0.0,0.0
0.0,0.0
0.0,0.0
0.0,0.0
0.0,0.0
0.0,0.0
0.0,0.0
0.0,0.0
0.0,0.0
0.0,0.0
0.0,0.0
0.0,0.0
0.0,0.0
0.0,0.0
0.0,0.0
0.0,0.0
0.0,0.0
0.0,0.0
0.0,0.0
0.0,0.0
0.0,0.0
0.0,0.0
0.0,0.0
0.0,0.0
0.012,0.0
0.016,0.0
0.02,0.0
0.024,0.0
0.028,0.0
0.032,0.0107
0.036,0.012
0.04,0.0133
0.044,0.0147
0.048,0.016
0.052,0.0173
0.056,0.0187
0.06,0.02
0.064,0.0213
0.068,0.0227
0.072,0.024
0.076,0.0253
0.08,0.0267
0.084,0.028
0.088,0.0293
0.092,0.0307
0.096,0.032
0.1,0.0333
0.104,0.0347
0.108,0.036
0.112,0.0373
0.116,0.0387
0.12,0.04
0.124,0.0413
0.128,0.0427
0.132,0.044
0.136,0.0453
0.14,0.0467
0.144,0.048
0.148,0.0493
0.152,0.0507
0.156,0.052
0.16,0.0533
0.164,0.0547
0.168,0.056
0.172,0.0573
0.176,0.0587
0.18,0.06
0.184,0.0613
0.188,0.0627
0.192,0.064
0.196,0.0653
0.2,0.0667
0.204,0.068
0.208,0.0693
0.212,0.0707
0.216,0.072
0.22,0.0733
0.224,0.0747
0.228,0.076
0.232,0.0773
0.236,0.0787
0.24,0.08
0.244,0.0813
0.248,0.0827
0.252,0.084
0.256,0.0853
0.26,0.0867
0.264,0.088
0.268,0.0893
0.272,0.0907
0.276,0.092
0.28,0.0933
0.284,0.0947
0.288,0.096
0.292,0.0973
0.296,0.0987
0.3,0.1
0.304,0.1013
0.308,0.1027
0.312,0.104
0.316,0.1053
0.32,0.1067
0.324,0.108
0.328,0.1093
0.332,0.1107
0.336,0.112
0.34,0.1133
0.344,0.1147
0.348,0.116
0.352,0.1173
0.356,0.1187
0.36,0.12
0.364,0.1213
0.368,0.1227
0.372,0.124
0.376,0.1253
0.38,0.1267
0.384,0.128
0.388,0.1293
0.392,0.1307
0.396,0.132
0.4,0.1333
0.404,0.1347
0.408,0.136
0.412,0.1373
0.416,0.1387
0.42,0.14
0.424,0.1413
0.428,0.1427
0.432,0.144
0.436,0.1453
0.44,0.1467
0.444,0.148
0.448,0.1493
0.452,0.1507
0.456,0.152
0.46,0.1533
0.464,0.1547
0.468,0.156
0.472,0.1573
0.476,0.1587
0.48,0.16
0.484,0.1613
0.488,0.1627
0.492,0.164
0.496,0.1653
0.5,0.1667
0.504,0.168
0.508,0.1693
0.512,0.1707
0.516,0.172
0.52,0.1733
0.524,0.1747
0.528,0.176
0.532,0.1773
0.536,0.1787
0.54,0.18
0.544,0.1813
0.548,0.1827
0.552,0.184
0.556,0.1853
0.56,0.1867
0.564,0.188
0.568,0.1893
0.572,0.1907
0.576,0.192
0.58,0.1933
0.584,0.1947
0.588,0.196
0.592,0.1973
0.596,0.1987
0.6,0.2
0.6,0.2
0.6,0.2
0.6,0.2
0.6,0.2
0.6,0.2
0.6,0.2
0.6,0.2
0.6,0.2
0.6,0.2
0.6,0.2
0.6,0.2
0.6,0.2
0.6,0.2
0.6,0.2
0.6,0.2
0.6,0.2
0.6,0.2
0.6,0.2
0.6,0.2
0.6,0.2
0.6,0.2
0.6,0.2
0.6,0.2
0.6,0.2
0.6,0.2
0.6,0.2
0.6,0.2
0.6,0.2
0.6,0.2
0.6,0.2
0.6,0.2
0.6,0.2
0.6,0.2
0.6,0.2
0.6,0.2
0.6,0.2
0.6,0.2
0.6,0.2
0.6,0.2
0.6,0.2
0.6,0.2
0.6,0.2
0.6,0.2
0.6,0.2
0.6,0.2
0.6,0.2
0.6,0.2
0.6,0.2
0.6,0.2
0.6,0.2
0.6,0.2
0.6,0.2
0.6,0.2
0.6,0.2
0.6,0.2
0.6,0.2
0.6,0.2
0.6,0.2
0.6,0.2
0.6,0.2
0.6,0.2
0.6,0.2
0.6,0.2
0.6,0.2
0.6,0.2
0.6,0.2
0.6,0.2
0.6,0.2
0.6,0.2
0.6,0.2
0.6,0.2
0.6,0.2
0.6,0.2
0.6,0.2
0.6,0.2
0.6,0.2
0.6,0.2
0.6,0.2
0.6,0.2
0.6,0.2
0.6,0.2
0.6,0.2
0.6,0.2
0.6,0.2
0.6,0.2
0.6,0.2
0.6,0.2
0.6,0.2
0.6,0.2
0.6,0.2
0.6,0.2
0.6,0.2
0.6,0.2
0.6,0.2
0.6,0.2
0.6,0.2
0.6,0.2
0.6,0.2
0.6,0.2
0.6,0.2
0.6,0.2
0.6,0.2
0.6,0.2
0.6,0.2
0.6,0.2
0.6,0.2
0.6,0.2
0.6,0.2
0.6,0.2
0.6,0.2
0.6,0.2
0.6,0.2
0.6,0.2
0.6,0.2
0.6,0.2
0.6,0.2
0.6,0.2
0.6,0.2
0.6,0.2
0.6,0.2
0.6,0.2
0.6,0.2
0.6,0.2
0.6,0.2
0.6,0.2
0.6,0.2
0.6,0.2
0.6,0.2
0.6,0.2
0.6,0.2
0.6,0.2
0.6,0.2
0.6,0.2
0.6,0.2
0.6,0.2
0.6,0.2
0.6,0.2
0.6,0.2
0.6,0.2
0.6,0.2
0.6,0.2
0.6,0.2
0.6,0.2
0.6,0.2
0.6,0.2
0.6,0.2
0.6,0.2
0.6,0.2
0.6,0.2
0.6,0.2
0.6,0.2
0.6,0.2
0.6,0.2
0.6,0.2
0.6,0.2
0.6,0.2
0.6,0.2
0.6,0.2
0.6,0.2
0.6,0.2
0.6,0.2
0.6,0.2
0.6,0.2
0.6,0.2
0.6,0.2
0.6,0.2
0.6,0.2
0.6,0.2
0.6,0.2
0.6,0.2
0.6,0.2
0.6,0.2
0.6,0.2
0.6,0.2
0.6,0.2
0.6,0.2
0.6,0.2
0.6,0.2
0.6,0.2
0.6,0.2
0.6,0.2
0.6,0.2
0.6,0.2
0.6,0.2
0.6,0.2
0.6,0.2
0.6,0.2
0.6,0.2
0.6,0.2
0.6,0.2
0.6,0.2
0.6,0.2
0.6,0.2
0.6,0.2
0.6,0.2
0.6,0.2
0.6,0.2
0.6,0.2
0.6,0.2
0.6,0.2
0.6,0.2
0.6,0.2
0.6,0.2
0.6,0.2
0.6,0.2
0.6,0.2
0.6,0.2
0.6,0.2
0.6,0.2
0.6,0.2
0.6,0.2
0.6,0.2
0.6,0.2
0.6,0.2
0.6,0.2
0.6,0.2
0.6,0.2
0.6,0.2
0.6,0.2
0.6,0.2
0.6,0.2
0.6,0.2
0.6,0.2
0.6,0.2
0.6,0.2
0.6,0.2
0.6,0.2
0.6,0.2
0.6,0.2
0.6,0.2
0.6,0.2
0.6,0.2
0.6,0.2
0.6,0.2
0.6,0.2
0.6,0.2
0.6,0.2
0.6,0.2
0.6,0.2
0.6,0.2
0.6,0.2
0.6,0.2
0.6,0.2
0.6,0.2
0.6,0.2
0.6,0.2
0.6,0.2
0.6,0.2
0.6,0.2
0.6,0.2
0.6,0.2
0.6,0.2
0.6,0.2
0.6,0.2
0.6,0.2
0.6,0.2
0.6,0.2
0.6,0.2
0.6,0.2
0.6,0.2
0.6,0.2
0.6,0.2
0.6,0.2
0.6,0.2
0.6,0.2
0.6,0.2
0.6,0.2
0.6,0.2
0.6,0.2
0.6,0.2
0.6,0.2
0.6,0.2
0.6,0.2
0.6,0.2
0.6,0.2
0.6,0.2
0.6,0.2
0.6,0.2
0.6,0.2
0.6,0.2
0.6,0.2
0.6,0.2
0.6,0.2
0.6,0.2
0.6,0.2
0.6,0.2
0.6,0.2
0.6,0.2
0.6,0.2
0.6,0.2
0.6,0.2
0.6,0.2
0.6,0.2
0.6,0.2
0.6,0.2
0.6,0.2
0.6,0.2
0.6,0.2
0.6,0.2
0.6,0.2
0.6,0.2
0.6,0.2
0.6,0.2
0.6,0.2
0.6,0.2
0.6,0.2
0.6,0.2
0.6,0.2
0.6,0.2
0.6,0.2
0.6,0.2
0.6,0.2
0.6,0.2
0.6,0.2
0.6,0.2
0.6,0.2
0.6,0.2
0.6,0.2
0.6,0.2
0.6,0.2
0.6,0.2
0.6,0.2
0.6,0.2
0.6,0.2
0.6,0.2
0.6,0.2
0.6,0.2
0.6,0.2
0.6,0.2
0.6,0.2
0.6,0.2
0.6,0.2
0.6,0.2
0.6,0.2
0.6,0.2
0.6,0.2
0.6,0.2
0.6,0.2
0.6,0.2
0.6,0.2
0.6,0.2
0.6,0.2
0.6,0.2
0.6,0.2
0.6,0.2
0.6,0.2
0.6,0.2
0.6,0.2
0.6,0.2
0.6,0.2
0.6,0.2
0.6,0.2
0.6,0.2
0.6,0.2
0.6,0.2
0.6,0.2
0.6,0.2
0.6,0.2
0.6,0.2
0.6,0.2
0.6,0.2
0.6,0.2
0.6,0.2
0.6,0.2
0.6,0.2
0.6,0.2
0.6,0.2
0.6,0.2
0.6,0.2
0.6,0.2
0.6,0.2
0.6,0.2
0.6,0.2
0.6,0.2
0.6,0.2
0.6,0.2
0.6,0.2
0.6,0.2
0.6,0.2
0.6,0.2
0.6,0.2
0.6,0.2
0.6,0.2
0.6,0.2
0.6,0.2
0.6,0.2
0.6,0.2
0.6,0.2
0.6,0.2
0.6,0.2
0.6,0.2
0.6,0.2
0.6,0.2
0.6,0.2
0.6,0.2
0.6,0.2
0.6,0.2
0.6,0.2
0.6,0.2
0.6,0.2
0.6,0.2
0.6,0.2
0.6,0.2
0.6,0.2
0.6,0.2
0.6,0.2
0.6,0.2
0.6,0.2
0.6,0.2
0.6,0.2
0.6,0.2
0.6,0.2
0.6,0.2
0.6,0.2
0.6,0.2
0.6,0.2
0.6,0.2
0.6,0.2
0.6,0.2
0.6,0.2
0.6,0.2
0.6,0.2
0.6,0.2
0.6,0.2
0.6,0.2
0.6,0.2
0.6,0.2
0.6,0.2
0.6,0.2
0.6,0.2
0.6,0.2
0.6,0.2
0.6,0.2
0.6,0.2
0.6,0.2
0.6,0.2
0.6,0.2
0.6,0.2
0.6,0.2
0.6,0.2
0.6,0.2
0.6,0.2
0.6,0.2
0.6,0.2
0.6,0.2
0.6,0.2
0.6,0.2
0.6,0.2
0.6,0.2
0.6,0.2
0.6,0.2
0.6,0.2
0.6,0.2
0.6,0.2
0.6,0.2
0.6,0.2
0.6,0.2
0.6,0.2
0.6,0.2
0.6,0.2
0.6,0.2
0.6,0.2
0.6,0.2
0.6,0.2
0.6,0.2
0.6,0.2
0.6,0.2
0.6,0.2
0.6,0.2
0.6,0.2
0.6,0.2
0.6,0.2
0.6,0.2
0.6,0.2
0.6,0.2
0.6,0.2
0.6,0.2
0.6,0.2
0.6,0.2
0.6,0.2
0.6,0.2
0.6,0.2
0.6,0.2
0.6,0.2
0.6,0.2
0.6,0.2
0.6,0.2
0.6,0.2
0.6,0.2
0.6,0.2
0.6,0.2
0.6,0.2
0.6,0.2
0.6,0.2
0.6,0.2
0.6,0.2
0.6,0.2
0.6,0.2
0.6,0.2
0.6,0.2
0.6,0.2
0.6,0.2
0.6,0.2
0.6,0.2
0.6,0.2
0.6,0.2
0.6,0.2
0.6,0.2
0.6,0.2
0.6,0.2
0.6,0.2
0.6,0.2
0.6,0.2
0.6,0.2
0.6,0.2
0.6,0.2
0.6,0.2
0.6,0.2
0.6,0.2
0.6,0.2
0.6,0.2
0.6,0.2
0.6,0.2
0.6,0.2
0.6,0.2
0.6,0.2
0.6,0.2
0.6,0.2
0.6,0.2
0.6,0.2
0.6,0.2
0.6,0.2
0.6,0.2
0.6,0.2
0.6,0.2
0.6,0.2
0.6,0.2
0.6,0.2
0.6,0.2
0.6,0.2
0.6,0.2
0.6,0.2
0.6,0.2
0.6,0.2
0.6,0.2
0.6,0.2
0.6,0.2
0.6,0.2
0.6,0.2
0.6,0.2
0.6,0.2
0.6,0.2
0.6,0.2
0.6,0.2
0.6,0.2
0.6,0.2
0.6,0.2
0.6,0.2
0.6,0.2
0.6,0.2
0.6,0.2
0.6,0.2
0.6,0.2
0.6,0.2
0.6,0.2
0.6,0.2
0.6,0.2
0.6,0.2
0.6,0.2
0.6,0.2
0.6,0.2
0.6,0.2
0.6,0.2
0.6,0.2
0.6,0.2
0.6,0.2
0.6,0.2
0.6,0.2
0.6,0.2
0.6,0.2
0.6,0.2
0.6,0.2
0.6,0.2
0.6,0.2
0.6,0.2
0.6,0.2
0.6,0.2
0.6,0.2
0.6,0.2
0.6,0.2
0.6,0.2
0.6,0.2
0.6,0.2
0.6,0.2
0.6,0.2
0.6,0.2
0.6,0.2
0.6,0.2
0.6,0.2
0.6,0.2
0.6,0.2
0.6,0.2
0.6,0.2
0.6,0.2
0.6,0.2
0.6,0.2
0.6,0.2
0.6,0.2
0.6,0.2
0.6,0.2
0.6,0.2
0.6,0.2
0.6,0.2
0.6,0.2
0.6,0.2
0.6,0.2
0.6,0.2
0.6,0.2
0.6,0.2
0.6,0.2
0.6,0.2
0.6,0.2
0.6,0.2
0.6,0.2
0.6,0.2
0.6,0.2
0.6,0.2
0.6,0.2
0.6,0.2
0.6,0.2
0.6,0.2
0.6,0.2
0.6,0.2
0.6,0.2
0.6,0.2
0.6,0.2
0.6,0.2
0.6,0.2
0.6,0.2
0.6,0.2
0.6,0.2
0.6,0.2
0.6,0.2
0.6,0.2
0.6,0.2
0.6,0.2
0.6,0.2
0.6,0.2
0.6,0.2
0.6,0.2
0.6,0.2
0.6,0.2
0.6,0.2
0.6,0.2
0.6,0.2
0.6,0.2
0.6,0.2
0.6,0.2
0.6,0.2
0.6,0.2
0.6,0.2
0.6,0.2
0.6,0.2
0.6,0.2
0.6,0.2
0.6,0.2
0.6,0.2
0.6,0.2
0.6,0.2
0.6,0.2
0.6,0.2
0.6,0.2
0.6,0.2
0.6,0.2
0.6,0.2
0.6,0.2
0.6,0.2
0.6,0.2
0.6,0.2
0.6,0.2
0.6,0.2
0.6,0.2
0.6,0.2
0.6,0.2
0.6,0.2
0.6,0.2
0.6,0.2
0.6,0.2
0.6,0.2
0.6,0.2
0.6,0.2
0.6,0.2
0.6,0.2
0.6,0.2
0.6,0.2
0.6,0.2
0.6,0.2
0.6,0.2
0.6,0.2
0.6,0.2
0.6,0.2
0.6,0.2
0.6,0.2
0.6,0.2
0.6,0.2
0.6,0.2
0.6,0.2
0.6,0.2
0.6,0.2
0.6,0.2
0.6,0.2
0.6,0.2
0.6,0.2
0.6,0.2
0.6,0.2
0.6,0.2
0.6,0.2
0.6,0.2
0.6,0.2
0.6,0.2
0.6,0.2
0.6,0.2
0.6,0.2
0.6,0.2
0.6,0.2
0.6,0.2
0.6,0.2
0.6,0.2
0.6,0.2
0.6,0.2
0.6,0.2
0.6,0.2
0.6,0.2
0.6,0.2
0.6,0.2
0.6,0.2
0.6,0.2
0.6,0.2
0.6,0.2
0.6,0.2
0.6,0.2
0.6,0.2
0.6,0.2
0.6,0.2
0.6,0.2
0.6,0.2
0.6,0.2
0.6,0.2
0.6,0.2
0.6,0.2
0.6,0.2
0.6,0.2
0.6,0.2
0.6,0.2
0.6,0.2
0.6,0.2
0.6,0.2
0.6,0.2
0.6,0.2
0.6,0.2
0.6,0.2
0.6,0.2
0.6,0.2
0.6,0.2
0.6,0.2
0.6,0.2
0.6,0.2
0.6,0.2
0.6,0.2
0.6,0.2
0.6,0.2
0.6,0.2
0.6,0.2
0.6,0.2
0.6,0.2
0.6,0.2
0.6,0.2
0.6,0.2
0.6,0.2
0.6,0.2
0.6,0.2
0.6,0.2
0.6,0.2
0.6,0.2
0.6,0.2
0.6,0.2
0.6,0.2
0.6,0.2
0.6,0.2
0.6,0.2
0.6,0.2
0.6,0.2
0.6,0.2
0.6,0.2
0.6,0.2
0.6,0.2
0.6,0.2
0.6,0.2
0.6,0.2
0.6,0.2
0.6,0.2
0.6,0.2
0.6,0.2
0.6,0.2
0.6,0.2
0.6,0.2
0.6,0.2
0.6,0.2
0.6,0.2
0.6,0.2
0.6,0.2
0.6,0.2
0.6,0.2
0.6,0.2
0.6,0.2
0.6,0.2
0.6,0.2
0.6,0.2
0.6,0.2
0.6,0.2
0.6,0.2
0.6,0.2
0.6,0.2
0.6,0.2
0.6,0.2
0.6,0.2
0.6,0.2
0.6,0.2
0.6,0.2
0.6,0.2
0.6,0.2
0.6,0.2
0.6,0.2
0.6,0.2
0.6,0.2
0.6,0.2
0.6,0.2
0.6,0.2
0.6,0.2
0.6,0.2
0.6,0.2
0.6,0.2
0.6,0.2
0.6,0.2
0.6,0.2
0.6,0.2
0.6,0.2
0.6,0.2
0.6,0.2
0.6,0.2
0.6,0.2
0.6,0.2
0.6,0.2
0.6,0.2
0.6,0.2
0.6,0.2
0.6,0.2
0.6,0.2
0.6,0.2
0.6,0.2
0.6,0.2
0.6,0.2
0.6,0.2
0.6,0.2
0.6,0.2
0.6,0.2
0.6,0.2
0.6,0.2
0.6,0.2
0.6,0.2
0.6,0.2
0.6,0.2
0.6,0.2
0.6,0.2
0.6,0.2
0.6,0.2
0.6,0.2
0.6,0.2
0.6,0.2
0.6,0.2
0.6,0.2
0.6,0.2
0.6,0.2
0.6,0.2
0.6,0.2
0.6,0.2
0.6,0.2
0.6,0.2
0.6,0.2
0.6,0.2
0.6,0.2
0.6,0.2
0.6,0.2
0.6,0.2
0.6,0.2
0.6,0.2
0.6,0.2
0.6,0.2
0.6,0.2
0.6,0.2
0.6,0.2
0.6,0.2
0.6,0.2
0.6,0.2
0.6,0.2
0.6,0.2
0.6,0.2
0.6,0.2
0.6,0.2
0.6,0.2
0.6,0.2
0.6,0.2
0.6,0.2
0.6,0.2
0.6,0.2
0.6,0.2
0.6,0.2
0.6,0.2
0.6,0.2
0.6,0.2
0.6,0.2
0.6,0.2
0.6,0.2
0.6,0.2
0.6,0.2
0.6,0.2
0.6,0.2
0.6,0.2
0.6,0.2
0.6,0.2
0.6,0.2
0.6,0.2
0.6,0.2
0.6,0.2
0.6,0.2
0.6,0.2
0.6,0.2
0.6,0.2
0.6,0.2
0.6,0.2
0.6,0.2
0.6,0.2
0.6,0.2
0.6,0.2
0.6,0.2
0.6,0.2
0.6,0.2
0.6,0.2
0.6,0.2
0.6,0.2
0.6,0.2
0.6,0.2
0.6,0.2
0.6,0.2
0.6,0.2
0.6,0.2
0.6,0.2
0.6,0.2
0.6,0.2
0.6,0.2
0.6,0.2
0.6,0.2
0.6,0.2
0.6,0.2
0.6,0.2
0.6,0.2
0.6,0.2
0.6,0.2
0.6,0.2
0.6,0.2
0.6,0.2
0.6,0.2
0.6,0.2
0.6,0.2
0.6,0.2
0.6,0.2
0.6,0.2
0.6,0.2
0.6,0.2
0.6,0.2
0.6,0.2
0.6,0.2
0.6,0.2
0.6,0.2
0.6,0.2
0.6,0.2
0.6,0.2
0.6,0.2
0.6,0.2
0.6,0.2
0.6,0.2
0.6,0.2
0.6,0.2
0.6,0.2
0.6,0.2
0.6,0.2
0.6,0.2
0.6,0.2
0.6,0.2
0.6,0.2
0.6,0.2
0.6,0.2
0.6,0.2
0.6,0.2
0.6,0.2
0.6,0.2
0.6,0.2
0.6,0.2
0.6,0.2
0.6,0.2
0.6,0.2
0.6,0.2
0.6,0.2
0.6,0.2
0.6,0.2
0.6,0.2
0.6,0.2
0.6,0.2
0.6,0.2
0.6,0.2
0.6,0.2
0.6,0.2
0.6,0.2
0.6,0.2
0.6,0.2
0.6,0.2
0.6,0.2
0.6,0.2
0.6,0.2
0.6,0.2
0.6,0.2
0.6,0.2
0.6,0.2
0.6,0.2
0.6,0.2
0.6,0.2
0.6,0.2
0.6,0.2
0.6,0.2
0.6,0.2
0.6,0.2
0.6,0.2
0.6,0.2
0.6,0.2
0.6,0.2
0.6,0.2
0.6,0.2
0.6,0.2
0.6,0.2
0.6,0.2
0.6,0.2
0.6,0.2
0.6,0.2
0.6,0.2
0.6,0.2
0.6,0.2
0.6,0.2
0.6,0.2
0.6,0.2
0.6,0.2
0.6,0.2
0.6,0.2
0.6,0.2
0.6,0.2
0.6,0.2
0.6,0.2
0.6,0.2
0.6,0.2
0.6,0.2
0.6,0.2
0.6,0.2
0.6,0.2
0.6,0.2
0.6,0.2
0.6,0.2
0.6,0.2
0.6,0.2
0.6,0.2
0.6,0.2
0.6,0.2
0.6,0.2
0.6,0.2
0.6,0.2
0.6,0.2
0.6,0.2
0.6,0.2
0.6,0.2
0.6,0.2
0.6,0.2
0.6,0.2
0.6,0.2
0.6,0.2
0.6,0.2
0.6,0.2
0.6,0.2
0.6,0.2
0.6,0.2
0.6,0.2
0.6,0.2
0.6,0.2
0.6,0.2
0.6,0.2
0.6,0.2
0.6,0.2
0.6,0.2
0.6,0.2
0.6,0.2
0.6,0.2
0.6,0.2
0.6,0.2
0.6,0.2
0.6,0.2
0.6,0.2
0.6,0.2
0.6,0.2
0.6,0.2
0.6,0.2
0.6,0.2
0.6,0.2
0.6,0.2
0.6,0.2
0.6,0.2
0.6,0.2
0.6,0.2
0.6,0.2
0.6,0.2
0.6,0.2
0.6,0.2
0.6,0.2
0.6,0.2
0.6,0.2
0.6,0.2
0.6,0.2
0.6,0.2
0.6,0.2
0.6,0.2
0.6,0.2
0.6,0.2
0.6,0.2
0.6,0.2
0.6,0.2
0.6,0.2
0.6,0.2
0.6,0.2
0.6,0.2
0.6,0.2
0.6,0.2
0.6,0.2
0.6,0.2
0.6,0.2
0.6,0.2
0.6,0.2
0.6,0.2
0.6,0.2
0.6,0.2
0.6,0.2
0.6,0.2
0.6,0.2
0.6,0.2
0.6,0.2
0.6,0.2
0.6,0.2
0.6,0.2
0.6,0.2
0.6,0.2
0.6,0.2
0.6,0.2
0.6,0.2
0.6,0.2
0.6,0.2
0.6,0.2
0.6,0.2
0.6,0.2
0.6,0.2
0.6,0.2
0.6,0.2
0.6,0.2
0.6,0.2
0.6,0.2
0.6,0.2
0.6,0.2
0.6,0.2
0.6,0.2
0.6,0.2
0.6,0.2
0.6,0.2
0.6,0.2
0.6,0.2
0.6,0.2
0.6,0.2
0.6,0.2
0.6,0.2
0.6,0.2
0.6,0.2
0.6,0.2
0.6,0.2
0.6,0.2
0.6,0.2
0.6,0.2
0.6,0.2
0.6,0.2
0.6,0.2
0.6,0.2
0.6,0.2
0.6,0.2
0.6,0.2
0.6,0.2
0.6,0.2
0.6,0.2
0.6,0.2
0.6,0.2
0.6,0.2
0.6,0.2
0.6,0.2
0.6,0.2
0.6,0.2
0.6,0.2
0.6,0.2
0.6,0.2
0.6,0.2
0.6,0.2
0.6,0.2
0.6,0.2
0.6,0.2
0.6,0.2
0.6,0.2
0.6,0.2
0.6,0.2
0.6,0.2
0.6,0.2
0.6,0.2
0.6,0.2
0.6,0.2
0.6,0.2
0.6,0.2
0.6,0.2
0.6,0.2
0.6,0.2
0.6,0.2
0.6,0.2
0.6,0.2
0.6,0.2
0.6,0.2
0.6,0.2
0.6,0.2
0.6,0.2
0.6,0.2
0.6,0.2
0.6,0.2
0.6,0.2
0.6,0.2
0.6,0.2
0.6,0.2
0.6,0.2
0.6,0.2
0.6,0.2
0.6,0.2
0.6,0.2
0.6,0.2
0.6,0.2
0.6,0.2
0.6,0.2
0.6,0.2
0.6,0.2
0.6,0.2
0.6,0.2
0.6,0.2
0.6,0.2
0.6,0.2
0.6,0.2
0.6,0.2
0.6,0.2
0.6,0.2
0.6,0.2
0.6,0.2
0.6,0.2
0.6,0.2
0.6,0.2
0.6,0.2
0.6,0.2
0.6,0.2
0.6,0.2
0.6,0.2
0.6,0.2
0.6,0.2
0.6,0.2
0.6,0.2
0.6,0.2
0.6,0.2
0.6,0.2
0.6,0.2
0.6,0.2
0.6,0.2
0.6,0.2
0.6,0.2
0.6,0.2
0.6,0.2
0.6,0.2
0.6,0.2
0.6,0.2
0.6,0.2
0.6,0.2
0.6,0.2
0.6,0.2
0.6,0.2
0.6,0.2
0.6,0.2
0.6,0.2
0.6,0.2
0.6,0.2
0.6,0.2
0.6,0.2
0.6,0.2
0.6,0.2
0.6,0.2
0.6,0.2
0.6,0.2
0.6,0.2
0.6,0.2
0.6,0.2
0.6,0.2
0.6,0.2
0.6,0.2
0.6,0.2
0.6,0.2
0.6,0.2
0.6,0.2
0.6,0.2
0.6,0.2
0.6,0.2
0.6,0.2
0.6,0.2
0.6,0.2
0.6,0.2
0.6,0.2
0.6,0.2
0.6,0.2
0.6,0.2
0.6,0.2
0.6,0.2
0.6,0.2
0.6,0.2
0.6,0.2
0.6,0.2
0.6,0.2
0.6,0.2
0.6,0.2
0.6,0.2
0.6,0.2
0.6,0.2
0.5973,0.2027
0.5947,0.2053
0.592,0.208
0.5893,0.2107
0.5867,0.2133
0.584,0.216
0.5813,0.2187
0.5787,0.2213
0.576,0.224
0.5733,0.2267
0.5707,0.2293
0.568,0.232
0.5653,0.2347
0.5627,0.2373
0.56,0.24
0.5573,0.2427
0.5547,0.2453
0.552,0.248
0.5493,0.2507
0.5467,0.2533
0.544,0.256
0.5413,0.2587
0.5387,0.2613
0.536,0.264
0.5333,0.2667
0.5307,0.2693
0.528,0.272
0.5253,0.2747
0.5227,0.2773
0.52,0.28
0.5173,0.2827
0.5147,0.2853
0.512,0.288
0.5093,0.2907
0.5067,0.2933
0.504,0.296
0.5013,0.2987
0.4987,0.3013
0.496,0.304
0.4933,0.3067
0.4907,0.3093
0.488,0.312
0.4853,0.3147
0.4827,0.3173
0.48,0.32
0.4773,0.3227
0.4747,0.3253
0.472,0.328
0.4693,0.3307
0.4667,0.3333
0.464,0.336
0.4613,0.3387
0.4587,0.3413
0.456,0.344
0.4533,0.3467
0.4507,0.3493
0.448,0.352
0.4453,0.3547
0.4427,0.3573
0.44,0.36
0.4373,0.3627
0.4347,0.3653
0.432,0.368
0.4293,0.3707
0.4267,0.3733
0.424,0.376
0.4213,0.3787
0.4187,0.3813
0.416,0.384
0.4133,0.3867
0.4107,0.3893
0.408,0.392
0.4053,0.3947
0.4027,0.3973
0.4,0.4
0.3973,0.4027
0.3947,0.4053
0.392,0.408
0.3893,0.4107
0.3867,0.4133
0.384,0.416
0.3813,0.4187
0.3787,0.4213
0.376,0.424
0.3733,0.4267
0.3707,0.4293
0.368,0.432
0.3653,0.4347
0.3627,0.4373
0.36,0.44
0.3573,0.4427
0.3547,0.4453
0.352,0.448
0.3493,0.4507
0.3467,0.4533
0.344,0.456
0.3413,0.4587
0.3387,0.4613
0.336,0.464
0.3333,0.4667
0.3307,0.4693
0.328,0.472
0.3253,0.4747
0.3227,0.4773
0.32,0.48
0.3173,0.4827
0.3147,0.4853
0.312,0.488
0.3093,0.4907
0.3067,0.4933
0.304,0.496
0.3013,0.4987
0.2987,0.5013
0.296,0.504
0.2933,0.5067
0.2907,0.5093
0.288,0.512
0.2853,0.5147
0.2827,0.5173
0.28,0.52
0.2773,0.5227
0.2747,0.5253
0.272,0.528
0.2693,0.5307
0.2667,0.5333
0.264,0.536
0.2613,0.5387
0.2587,0.5413
0.256,0.544
0.2533,0.5467
0.2507,0.5493
0.248,0.552
0.2453,0.5547
0.2427,0.5573
0.24,0.56
0.2373,0.5627
0.2347,0.5653
0.232,0.568
0.2293,0.5707
0.2267,0.5733
0.224,0.576
0.2213,0.5787
0.2187,0.5813
0.216,0.584
0.2133,0.5867
0.2107,0.5893
0.208,0.592
0.2053,0.5947
0.2027,0.5973
0.2,0.6
0.2,0.6
0.2,0.6
0.2,0.6
0.2,0.6
0.2,0.6
0.2,0.6
0.2,0.6
0.2,0.6
0.2,0.6
0.2,0.6
0.2,0.6
0.2,0.6
0.2,0.6
0.2,0.6
0.2,0.6
0.2,0.6
0.2,0.6
0.2,0.6
0.2,0.6
0.2,0.6
0.2,0.6
0.2,0.6
0.2,0.6
0.2,0.6
0.2,0.6
0.2,0.6
0.2,0.6
0.2,0.6
0.2,0.6
0.2,0.6
0.2,0.6
0.2,0.6
0.2,0.6
0.2,0.6
0.2,0.6
0.2,0.6
0.2,0.6
0.2,0.6
0.2,0.6
0.2,0.6
0.2,0.6
0.2,0.6
0.2,0.6
0.2,0.6
0.2,0.6
0.2,0.6
0.2,0.6
0.2,0.6
0.2,0.6
0.2,0.6
0.2,0.6
0.2,0.6
0.2,0.6
0.2,0.6
0.2,0.6
0.2,0.6
0.2,0.6
0.2,0.6
0.2,0.6
0.2,0.6
0.2,0.6
0.2,0.6
0.2,0.6
0.2,0.6
0.2,0.6
0.2,0.6
0.2,0.6
0.2,0.6
0.2,0.6
0.2,0.6
0.2,0.6
0.2,0.6
0.2,0.6
0.2,0.6
0.2,0.6
0.2,0.6
0.2,0.6
0.2,0.6
0.2,0.6
0.2,0.6
0.2,0.6
0.2,0.6
0.2,0.6
0.2,0.6
0.2,0.6
0.2,0.6
0.2,0.6
0.2,0.6
0.2,0.6
0.2,0.6
0.2,0.6
0.2,0.6
0.2,0.6
0.2,0.6
0.2,0.6
0.2,0.6
0.2,0.6
0.2,0.6
0.2,0.6
0.2,0.6
0.2,0.6
0.2,0.6
0.2,0.6
0.2,0.6
0.2,0.6
0.2,0.6
0.2,0.6
0.2,0.6
0.2,0.6
0.2,0.6
0.2,0.6
0.2,0.6
0.2,0.6
0.2,0.6
0.2,0.6
0.2,0.6
0.2,0.6
0.2,0.6
0.2,0.6
0.2,0.6
0.2,0.6
0.2,0.6
0.2,0.6
0.2,0.6
0.2,0.6
0.2,0.6
0.2,0.6
0.2,0.6
0.2,0.6
0.2,0.6
0.2,0.6
0.2,0.6
0.2,0.6
0.2,0.6
0.2,0.6
0.2,0.6
0.2,0.6
0.2,0.6
0.2,0.6
0.2,0.6
0.2,0.6
0.2,0.6
0.2,0.6
0.2,0.6
0.2,0.6
0.2,0.6
0.2,0.6
0.2,0.6
0.2,0.6
0.2,0.6
0.2,0.6
0.2,0.6
0.2,0.6
0.2,0.6
0.2,0.6
0.2,0.6
0.2,0.6
0.2,0.6
0.2,0.6
0.2,0.6
0.2,0.6
0.2,0.6
0.2,0.6
0.2,0.6
0.2,0.6
0.2,0.6
0.2,0.6
0.2,0.6
0.2,0.6
0.2,0.6
0.2,0.6
0.2,0.6
0.2,0.6
0.2,0.6
0.2,0.6
0.2,0.6
0.2,0.6
0.2,0.6
0.2,0.6
0.2,0.6
0.2,0.6
0.2,0.6
0.2,0.6
0.2,0.6
0.2,0.6
0.2,0.6
0.2,0.6
0.2,0.6
0.2,0.6
0.2,0.6
0.2,0.6
0.2,0.6
0.2,0.6
0.2,0.6
0.2,0.6
0.2,0.6
0.2,0.6
0.2,0.6
0.2,0.6
0.2,0.6
0.2,0.6
0.2,0.6
0.2,0.6
0.2,0.6
0.2,0.6
0.2,0.6
0.2,0.6
0.2,0.6
0.2,0.6
0.2,0.6
0.2,0.6
0.2,0.6
0.2,0.6
0.2,0.6
0.2,0.6
0.2,0.6
0.2,0.6
0.2,0.6
0.2,0.6
0.2,0.6
0.2,0.6
0.2,0.6
0.2,0.6
0.2,0.6
0.2,0.6
0.2,0.6
0.2,0.6
0.2,0.6
0.2,0.6
0.2,0.6
0.2,0.6
0.2,0.6
0.2,0.6
0.2,0.6
0.2,0.6
0.2,0.6
0.2,0.6
0.2,0.6
0.2,0.6
0.2,0.6
0.2,0.6
0.2,0.6
0.2,0.6
0.2,0.6
0.2,0.6
0.2,0.6
0.2,0.6
0.2,0.6
0.2,0.6
0.2,0.6
0.2,0.6
0.2,0.6
0.2,0.6
0.2,0.6
0.2,0.6
0.2,0.6
0.2,0.6
0.2,0.6
0.2,0.6
0.2,0.6
0.2,0.6
0.2,0.6
0.2,0.6
0.2,0.6
0.2,0.6
0.2,0.6
0.2,0.6
0.2,0.6
0.2,0.6
0.2,0.6
0.2,0.6
0.2,0.6
0.2,0.6
0.2,0.6
0.2,0.6
0.2,0.6
0.2,0.6
0.2,0.6
0.2,0.6
0.2,0.6
0.2,0.6
0.2,0.6
0.2,0.6
0.2,0.6
0.2,0.6
0.2,0.6
0.2,0.6
0.2,0.6
0.2,0.6
0.2,0.6
0.2,0.6
0.2,0.6
0.2,0.6
0.2,0.6
0.2,0.6
0.2,0.6
0.2,0.6
0.2,0.6
0.2,0.6
0.2,0.6
0.2,0.6
0.2,0.6
0.2,0.6
0.2,0.6
0.2,0.6
0.2,0.6
0.2,0.6
0.2,0.6
0.2,0.6
0.2,0.6
0.2,0.6
0.2,0.6
0.2,0.6
0.2,0.6
0.2,0.6
0.2,0.6
0.2,0.6
0.2,0.6
0.2,0.6
0.2,0.6
0.2,0.6
0.2,0.6
0.2,0.6
0.2,0.6
0.2,0.6
0.2,0.6
0.2,0.6
0.2,0.6
0.2,0.6
0.2,0.6
0.2,0.6
0.2,0.6
0.2,0.6
0.2,0.6
0.2,0.6
0.2,0.6
0.2,0.6
0.2,0.6
0.2,0.6
0.2,0.6
0.2,0.6
0.2,0.6
0.2,0.6
0.2,0.6
0.2,0.6
0.2,0.6
0.2,0.6
0.2,0.6
0.2,0.6
0.2,0.6
0.2,0.6
0.2,0.6
0.2,0.6
0.2,0.6
0.2,0.6
0.2,0.6
0.2,0.6
0.2,0.6
0.2,0.6
0.2,0.6
0.2,0.6
0.2,0.6
0.2,0.6
0.2,0.6
0.2,0.6
0.2,0.6
0.2,0.6
0.2,0.6
0.2,0.6
0.2,0.6
0.2,0.6
0.2,0.6
0.2,0.6
0.2,0.6
0.2,0.6
0.2,0.6
0.2,0.6
0.2,0.6
0.2,0.6
0.2,0.6
0.2,0.6
0.2,0.6
0.2,0.6
0.2,0.6
0.2,0.6
0.2,0.6
0.2,0.6
0.2,0.6
0.2,0.6
0.2,0.6
0.2,0.6
0.2,0.6
0.2,0.6
0.2,0.6
0.2,0.6
0.2,0.6
0.2,0.6
0.2,0.6
0.2,0.6
0.2,0.6
0.2,0.6
0.2,0.6
0.2,0.6
0.2,0.6
0.2,0.6
0.2,0.6
0.2,0.6
0.2,0.6
0.2,0.6
0.2,0.6
0.2,0.6
0.2,0.6
0.2,0.6
0.2,0.6
0.2,0.6
0.2,0.6
0.2,0.6
0.2,0.6
0.2,0.6
0.2,0.6
0.2,0.6
0.2,0.6
0.2,0.6
0.2,0.6
0.2,0.6
0.2,0.6
0.2,0.6
0.2,0.6
0.2,0.6
0.2,0.6
0.2,0.6
0.2,0.6
0.2,0.6
0.2,0.6
0.2,0.6
0.2,0.6
0.2,0.6
0.2,0.6
0.2,0.6
0.2,0.6
0.2,0.6
0.2,0.6
0.2,0.6
0.2,0.6
0.2,0.6
0.2,0.6
0.2,0.6
0.2,0.6
0.2,0.6
0.2,0.6
0.2,0.6
0.2,0.6
0.2,0.6
0.2,0.6
0.2,0.6
0.2,0.6
0.2,0.6
0.2,0.6
0.2,0.6
0.2,0.6
0.2,0.6
0.2,0.6
0.2,0.6
0.2,0.6
0.2,0.6
0.2,0.6
0.2,0.6
0.2,0.6
0.2,0.6
0.2,0.6
0.2,0.6
0.2,0.6
0.2,0.6
0.2,0.6
0.2,0.6
0.2,0.6
0.2,0.6
0.2,0.6
0.2,0.6
0.2,0.6
0.2,0.6
0.2,0.6
0.2,0.6
0.2,0.6
0.2,0.6
0.2,0.6
0.2,0.6
0.2,0.6
0.2,0.6
0.2,0.6
0.2,0.6
0.2,0.6
0.2,0.6
0.2,0.6
0.2,0.6
0.2,0.6
0.2,0.6
0.2,0.6
0.2,0.6
0.2,0.6
0.2,0.6
0.2,0.6
0.2,0.6
0.2,0.6
0.2,0.6
0.2,0.6
0.2,0.6
0.2,0.6
0.2,0.6
0.2,0.6
0.2,0.6
0.2,0.6
0.2,0.6
0.2,0.6
0.2,0.6
0.2,0.6
0.2,0.6
0.2,0.6
0.2,0.6
0.2,0.6
0.2,0.6
0.2,0.6
0.2,0.6
0.2,0.6
0.2,0.6
0.2,0.6
0.2,0.6
0.2,0.6
0.2,0.6
0.2,0.6
0.2,0.6
0.2,0.6
0.2,0.6
0.2,0.6
0.2,0.6
0.2,0.6
0.2,0.6
0.2,0.6
0.2,0.6
0.2,0.6
0.2,0.6
0.2,0.6
0.2,0.6
0.2,0.6
0.2,0.6
0.2,0.6
0.2,0.6
0.2,0.6
0.2,0.6
0.2,0.6
0.2,0.6
0.2,0.6
0.2,0.6
0.2,0.6
0.2,0.6
0.2,0.6
0.2,0.6
0.2,0.6
0.2,0.6
0.2,0.6
0.2,0.6
0.2,0.6
0.2,0.6
0.2,0.6
0.2,0.6
0.2,0.6
0.2,0.6
0.2,0.6
0.2,0.6
0.2,0.6
0.2,0.6
0.2,0.6
0.2,0.6
0.2,0.6
0.2,0.6
0.2,0.6
0.2,0.6
0.2,0.6
0.2,0.6
0.2,0.6
0.2,0.6
0.2,0.6
0.2,0.6
0.2,0.6
0.2,0.6
0.2,0.6
0.2,0.6
0.2,0.6
0.2,0.6
0.2,0.6
0.2,0.6
0.2,0.6
0.2,0.6
0.2,0.6
0.2,0.6
0.2,0.6
0.2,0.6
0.2,0.6
0.2,0.6
0.2,0.6
0.2,0.6
0.2,0.6
0.2,0.6
0.2,0.6
0.2,0.6
0.2,0.6
0.2,0.6
0.2,0.6
0.2,0.6
0.2,0.6
0.2,0.6
0.2,0.6
0.2,0.6
0.2,0.6
0.2,0.6
0.2,0.6
0.2,0.6
0.2,0.6
0.2,0.6
0.2,0.6
0.2,0.6
0.2,0.6
0.2,0.6
0.2,0.6
0.2,0.6
0.2,0.6
0.2,0.6
0.2,0.6
0.2,0.6
0.2,0.6
0.2,0.6
0.2,0.6
0.2,0.6
0.2,0.6
0.2,0.6
0.2,0.6
0.2,0.6
0.2,0.6
0.2,0.6
0.2,0.6
0.2,0.6
0.2,0.6
0.2,0.6
0.2,0.6
0.2,0.6
0.2,0.6
0.2,0.6
0.2,0.6
0.2,0.6
0.2,0.6
0.2,0.6
0.2,0.6
0.2,0.6
0.2,0.6
0.2,0.6
0.2,0.6
0.2,0.6
0.2,0.6
0.2,0.6
0.2,0.6
0.2,0.6
0.2,0.6
0.2,0.6
0.2,0.6
0.2,0.6
0.2,0.6
0.2,0.6
0.2,0.6
0.2,0.6
0.2,0.6
0.2,0.6
0.2,0.6
0.2,0.6
0.2,0.6
0.2,0.6
0.2,0.6
0.2,0.6
0.2,0.6
0.2,0.6
0.2,0.6
0.2,0.6
0.2,0.6
0.2,0.6
0.2,0.6
0.2,0.6
0.2,0.6
0.2,0.6
0.2,0.6
0.2,0.6
0.2,0.6
0.2,0.6
0.2,0.6
0.2,0.6
0.2,0.6
0.2,0.6
0.2,0.6
0.2,0.6
0.2,0.6
0.2,0.6
0.2,0.6
0.2,0.6
0.2,0.6
0.2,0.6
0.2,0.6
0.2,0.6
0.2,0.6
0.2,0.6
0.2,0.6
0.2,0.6
0.2,0.6
0.2,0.6
0.2,0.6
0.2,0.6
0.2,0.6
0.2,0.6
0.2,0.6
0.2,0.6
0.2,0.6
0.2,0.6
0.2,0.6
0.2,0.6
0.2,0.6
0.2,0.6
0.2,0.6
0.2,0.6
0.2,0.6
0.2,0.6
0.2,0.6
0.2,0.6
0.2,0.6
0.2,0.6
0.2,0.6
0.2,0.6
0.2,0.6
0.2,0.6
0.2,0.6
0.2,0.6
0.2,0.6
0.2,0.6
0.2,0.6
0.2,0.6
0.2,0.6
0.2,0.6
0.2,0.6
0.2,0.6
0.2,0.6
0.2,0.6
0.2,0.6
0.2,0.6
0.2,0.6
0.2,0.6
0.2,0.6
0.2,0.6
0.2,0.6
0.2,0.6
0.2,0.6
0.2,0.6
0.2,0.6
0.2,0.6
0.2,0.6
0.2,0.6
0.2,0.6
0.2,0.6
0.2,0.6
0.2,0.6
0.2,0.6
0.2,0.6
0.2,0.6
0.2,0.6
0.2,0.6
0.2,0.6
0.2,0.6
0.2,0.6
0.2,0.6
0.2,0.6
0.2,0.6
0.2,0.6
0.2,0.6
0.2,0.6
0.2,0.6
0.2,0.6
0.2,0.6
0.2,0.6
0.2,0.6
0.2,0.6
0.2,0.6
0.2,0.6
0.2,0.6
0.2,0.6
0.2,0.6
0.2,0.6
0.2,0.6
0.2,0.6
0.2,0.6
0.2,0.6
0.2,0.6
0.2,0.6
0.2,0.6
0.2,0.6
0.2,0.6
0.2,0.6
0.2,0.6
0.2,0.6
0.2,0.6
0.2,0.6
0.2,0.6
0.2,0.6
0.2,0.6
0.2,0.6
0.2,0.6
0.2,0.6
0.2,0.6
0.2,0.6
0.2,0.6
0.2,0.6
0.2,0.6
0.2,0.6
0.2,0.6
0.2,0.6
0.2,0.6
0.2,0.6
0.2,0.6
0.2,0.6
0.2,0.6
0.2,0.6
0.2,0.6
0.2,0.6
0.2,0.6
0.2,0.6
0.2,0.6
0.2,0.6
0.2,0.6
0.2,0.6
0.2,0.6
0.2,0.6
0.2,0.6
0.2,0.6
0.2,0.6
0.2,0.6
0.2,0.6
0.2,0.6
0.2,0.6
0.2,0.6
0.2,0.6
0.2,0.6
0.2,0.6
0.2,0.6
0.2,0.6
0.2,0.6
0.2,0.6
0.2,0.6
0.2,0.6
0.2,0.6
0.2,0.6
0.2,0.6
0.2,0.6
0.2,0.6
0.2,0.6
0.2,0.6
0.2,0.6
0.2,0.6
0.2,0.6
0.2,0.6
0.2,0.6
0.2,0.6
0.2,0.6
0.2,0.6
0.2,0.6
0.2,0.6
0.2,0.6
0.2,0.6
0.2,0.6
0.2,0.6
0.2,0.6
0.2,0.6
0.2,0.6
0.2,0.6
0.2,0.6
0.2,0.6
0.2,0.6
0.2,0.6
0.2,0.6
0.2,0.6
0.2,0.6
0.2,0.6
0.2,0.6
0.2,0.6
0.2,0.6
0.2,0.6
0.2,0.6
0.2,0.6
0.2,0.6
0.2,0.6
0.2,0.6
0.2,0.6
0.2,0.6
0.2,0.6
0.2,0.6
0.2,0.6
0.2,0.6
0.2,0.6
0.2,0.6
0.2,0.6
0.2,0.6
0.2,0.6
0.2,0.6
0.2,0.6
0.2,0.6
0.2,0.6
0.2,0.6
0.2,0.6
0.2,0.6
0.2,0.6
0.2,0.6
0.2,0.6
0.2,0.6
0.2,0.6
0.2,0.6
0.2,0.6
0.2,0.6
0.2,0.6
0.2,0.6
0.2,0.6
0.2,0.6
0.2,0.6
0.2,0.6
0.2,0.6
0.2,0.6
0.2,0.6
0.2,0.6
0.2,0.6
0.2,0.6
0.2,0.6
0.2,0.6
0.2,0.6
0.2,0.6
0.2,0.6
0.2,0.6
0.2,0.6
0.2,0.6
0.2,0.6
0.2,0.6
0.2,0.6
0.2,0.6
0.2,0.6
0.2,0.6
0.2,0.6
0.2,0.6
0.2,0.6
0.2,0.6
0.2,0.6
0.2,0.6
0.2,0.6
0.2,0.6
0.2,0.6
0.2,0.6
0.2,0.6
0.2,0.6
0.2,0.6
0.2,0.6
0.2,0.6
0.2,0.6
0.2,0.6
0.2,0.6
0.2,0.6
0.2,0.6
0.2,0.6
0.2,0.6
0.2,0.6
0.2,0.6
0.2,0.6
0.2,0.6
0.2,0.6
0.2,0.6
0.2,0.6
0.2,0.6
0.2,0.6
0.2,0.6
0.2,0.6
0.2,0.6
0.2,0.6
0.2,0.6
0.2,0.6
0.2,0.6
0.2,0.6
0.2,0.6
0.2,0.6
0.2,0.6
0.2,0.6
0.2,0.6
0.2,0.6
0.2,0.6
0.2,0.6
0.2,0.6
0.2,0.6
0.2,0.6
0.2,0.6
0.2,0.6
0.2,0.6
0.2,0.6
0.2,0.6
0.2,0.6
0.2,0.6
0.2,0.6
0.2,0.6
0.2,0.6
0.2,0.6
0.2,0.6
0.2,0.6
0.2,0.6
0.2,0.6
0.2,0.6
0.2,0.6
0.2,0.6
0.2,0.6
0.2,0.6
0.2,0.6
0.2,0.6
0.2,0.6
0.2,0.6
0.2,0.6
0.2,0.6
0.2,0.6
0.2,0.6
0.2,0.6
0.2,0.6
0.2,0.6
0.2,0.6
0.2,0.6
0.2,0.6
0.2,0.6
0.2,0.6
0.2,0.6
0.2,0.6
0.2,0.6
0.2,0.6
0.2,0.6
0.2,0.6
0.2,0.6
0.2,0.6
0.2,0.6
0.2,0.6
0.2,0.6
0.2,0.6
0.2,0.6
0.2,0.6
0.2,0.6
0.2,0.6
0.2,0.6
0.2,0.6
0.2,0.6
0.2,0.6
0.2,0.6
0.2,0.6
0.2,0.6
0.2,0.6
0.2,0.6
0.2,0.6
0.2,0.6
0.2,0.6
0.2,0.6
0.2,0.6
0.2,0.6
0.2,0.6
0.2,0.6
0.2,0.6
0.2,0.6
0.2,0.6
0.2,0.6
0.2,0.6
0.2,0.6
0.2,0.6
0.2,0.6
0.2,0.6
0.2,0.6
0.2,0.6
0.2,0.6
0.2,0.6
0.2,0.6
0.2,0.6
0.2,0.6
0.2,0.6
0.2,0.6
0.2,0.6
0.2,0.6
0.2,0.6
0.2,0.6
0.2,0.6
0.2,0.6
0.2,0.6
0.2,0.6
0.2,0.6
0.2,0.6
0.2,0.6
0.2,0.6
0.2,0.6
0.2,0.6
0.2,0.6
0.2,0.6
0.2,0.6
0.2,0.6
0.2,0.6
0.2,0.6
0.2,0.6
0.2,0.6
0.2,0.6
0.2,0.6
0.2,0.6
0.2,0.6
0.2,0.6
0.2,0.6
0.2,0.6
0.2,0.6
0.2,0.6
0.2,0.6
0.2,0.6
0.2,0.6
0.2,0.6
0.2,0.6
0.2,0.6
0.2,0.6
0.2,0.6
0.2,0.6
0.2,0.6
0.2,0.6
0.2,0.6
0.2,0.6
0.2,0.6
0.2,0.6
0.2,0.6
0.2,0.6
0.2,0.6
0.2,0.6
0.2,0.6
0.2,0.6
0.2,0.6
0.2,0.6
0.2,0.6
0.2,0.6
0.2,0.6
0.2,0.6
0.2,0.6
0.2,0.6
0.2,0.6
0.2,0.6
0.2,0.6
0.2,0.6
0.2,0.6
0.2,0.6
0.2,0.6
0.2,0.6
0.2,0.6
0.2,0.6
0.2,0.6
0.2,0.6
0.2,0.6
0.2,0.6
0.2,0.6
0.2,0.6
0.2,0.6
0.2,0.6
0.2,0.6
0.2,0.6
0.2,0.6
0.2,0.6
0.2,0.6
0.2,0.6
0.2,0.6
0.2,0.6
0.2,0.6
0.2,0.6
0.2,0.6
0.2,0.6
0.2,0.6
0.2,0.6
0.2,0.6
0.2,0.6
0.2,0.6
0.2,0.6
0.2,0.6
0.2,0.6
0.2,0.6
0.2,0.6
0.2,0.6
0.2,0.6
0.2,0.6
0.2,0.6
0.2,0.6
0.2,0.6
0.2,0.6
0.2,0.6
0.2,0.6
0.2,0.6
0.2,0.6
0.2,0.6
0.2,0.6
0.2,0.6
0.2,0.6
0.2,0.6
0.2,0.6
0.2,0.6
0.2,0.6
0.2,0.6
0.2,0.6
0.2,0.6
0.2,0.6
0.2,0.6
0.2,0.6
0.2,0.6
0.2,0.6
0.2,0.6
0.2,0.6
0.2,0.6
0.2,0.6
0.2,0.6
0.2,0.6
0.2,0.6
0.2,0.6
0.2,0.6
0.2,0.6
0.2,0.6
0.2,0.6
0.2,0.6
0.2,0.6
0.2,0.6
0.2,0.6
0.2,0.6
0.2,0.6
0.2,0.6
0.2,0.6
0.2,0.6
0.2,0.6
0.2,0.6
0.2,0.6
0.2,0.6
0.2,0.6
0.2,0.6
0.2,0.6
0.2,0.6
0.2,0.6
0.2,0.6
0.2,0.6
0.2,0.6
0.2,0.6
0.2,0.6
0.2,0.6
0.2,0.6
0.2,0.6
0.2,0.6
0.2,0.6
0.2,0.6
0.2,0.6
0.2,0.6
0.2,0.6
0.2,0.6
0.2,0.6
0.2,0.6
0.2,0.6
0.2,0.6
0.2,0.6
0.2,0.6
0.2,0.6
0.2,0.6
0.2,0.6
0.2,0.6
0.2,0.6
0.2,0.6
0.2,0.6
0.2,0.6
0.2,0.6
0.2,0.6
0.2,0.6
0.2,0.6
0.2,0.6
0.2,0.6
0.2,0.6
0.2,0.6
0.2,0.6
0.2,0.6
0.2,0.6
0.2,0.6
0.2,0.6
0.2,0.6
0.2,0.6
0.2,0.6
0.2,0.6
0.2,0.6
0.2,0.6
0.2,0.6
0.2,0.6
0.2,0.6
0.2,0.6
0.2,0.6
0.2,0.6
0.2,0.6
0.2,0.6
0.2,0.6
0.2,0.6
0.2,0.6
0.2,0.6
0.2,0.6
0.2,0.6
0.2,0.6
0.2,0.6
0.2,0.6
0.2,0.6
0.2,0.6
0.2,0.6
0.2,0.6
0.2,0.6
0.2,0.6
0.2,0.6
0.2,0.6
0.2,0.6
0.2,0.6
0.2,0.6
0.2,0.6
0.2,0.6
0.2,0.6
0.2,0.6
0.2,0.6
0.2,0.6
0.2,0.6
0.2,0.6
0.2,0.6
0.2,0.6
0.2,0.6
0.2,0.6
0.2,0.6
0.2,0.6
0.2,0.6
0.2,0.6
0.2,0.6
0.2,0.6
0.2,0.6
0.2,0.6
0.2,0.6
0.2,0.6
0.2,0.6
0.2,0.6
0.2,0.6
0.2,0.6
0.2,0.6
0.2,0.6
0.2,0.6
0.2,0.6
0.2,0.6
0.2,0.6
0.2,0.6
0.2,0.6
0.198,0.594
0.196,0.588
0.194,0.582
0.192,0.576
0.19,0.57
0.188,0.564
0.186,0.558
0.184,0.552
0.182,0.546
0.18,0.54
0.178,0.534
0.176,0.528
0.174,0.522
0.172,0.516
0.17,0.51
0.168,0.504
0.166,0.498
0.164,0.492
0.162,0.486
0.16,0.48
0.158,0.474
0.156,0.468
0.154,0.462
0.152,0.456
0.15,0.45
0.148,0.444
0.146,0.438
0.144,0.432
0.142,0.426
0.14,0.42
0.138,0.414
0.136,0.408
0.134,0.402
0.132,0.396
0.13,0.39
0.128,0.384
0.126,0.378
0.124,0.372
0.122,0.366
0.12,0.36
0.118,0.354
0.116,0.348
0.114,0.342
0.112,0.336
0.11,0.33
0.108,0.324
0.106,0.318
0.104,0.312
0.102,0.306
0.1,0.3
0.098,0.294
0.096,0.288
0.094,0.282
0.092,0.276
0.09,0.27
0.088,0.264
0.086,0.258
0.084,0.252
0.082,0.246
0.08,0.24
0.078,0.234
0.076,0.228
0.074,0.222
0.072,0.216
0.07,0.21
0.068,0.204
0.066,0.198
0.064,0.192
0.062,0.186
0.06,0.18
0.058,0.174
0.056,0.168
0.054,0.162
0.052,0.156
0.05,0.15
0.048,0.144
0.046,0.138
0.044,0.132
0.042,0.126
0.04,0.12
0.038,0.114
0.036,0.108
0.034,0.102
0.032,0.096
0.03,0.09
0.028,0.084
0.026,0.078
0.024,0.072
0.022,0.066
0.02,0.06
0.018,0.054
0.016,0.048
0.014,0.042
0.012,0.036
0.0,0.03
0.0,0.024
0.0,0.018
0.0,0.012
0.0,0.0
0.0,0.0
0.0,0.0
0.0,0.0
0.0,0.0
0.0,0.0
0.0,0.0
0.0,0.0
0.0,0.0
0.0,0.0
0.0,0.0
0.0,0.0
0.0,0.0
0.0,0.0
0.0,0.0
0.0,0.0
0.0,0.0
0.0,0.0
0.0,0.0
0.0,0.0
0.0,0.0
0.0,0.0
0.0,0.0
0.0,0.0
0.0,0.0
0.0,0.0
0.0,0.0
0.0,0.0
0.0,0.0
0.0,0.0
0.0,0.0
0.0,0.0
0.0,0.0
0.0,0.0
0.0,0.0
0.0,0.0
0.0,0.0
0.0,0.0
0.0,0.0
0.0,0.0
0.0,0.0
0.0,0.0
0.0,0.0
0.0,0.0
0.0,0.0
0.0,0.0
0.0,0.0
0.0,0.0
0.0,0.0
0.0,0.0
0.0,0.0
0.0,0.0
0.0,0.0
0.0,0.0
0.0,0.0
0.0,0.0
0.0,0.0
0.0,0.0
0.0,0.0
0.0,0.0
0.0,0.0
0.0,0.0
0.0,0.0
0.0,0.0
0.0,0.0
0.0,0.0
0.0,0.0
0.0,0.0
0.0,0.0
0.0,0.0
0.0,0.0
0.0,0.0
0.0,0.0
0.0,0.0
0.0,0.0
0.0,0.0
0.0,0.0
0.0,0.0
0.0,0.0
0.0,0.0
0.0,0.0
0.0,0.0
0.0,0.0
0.0,0.0
0.0,0.0
0.0,0.0
0.0,0.0
0.0,0.0
0.0,0.0
0.0,0.0
0.0,0.0
0.0,0.0
0.0,0.0
0.0,0.0
0.0,0.0
0.0,0.0
0.0,0.0
0.0,0.0
0.0,0.0
0.0,0.0
0.0,0.0
0.0,0.0
0.0,0.0
0.0,0.0
0.0,0.0
0.0,0.0
0.0,0.0
0.0,0.0
0.0,0.0
0.0,0.0
0.0,0.0
0.0,0.0
0.0,0.0
0.0,0.0
0.0,0.0
0.0,0.0
0.0,0.0
0.0,0.0
0.0,0.0
0.0,0.0
0.0,0.0
0.0,0.0
0.0,0.0
0.0,0.0
0.0,0.0
0.0,0.0
0.0,0.0
0.0,0.0
0.0,0.0
0.0,0.0
0.0,0.0
0.0,0.0
0.0,0.0
0.0,0.0
0.0,0.0
0.0,0.0
0.0,0.0
0.0,0.0
0.0,0.0
0.0,0.0
0.0,0.0
0.0,0.0
0.0,0.0
0.0,0.0
0.0,0.0
0.0,0.0
0.0,0.0
0.0,0.0
0.0,0.0
0.0,0.0
0.0,0.0
0.0,0.0
0.0,0.0
0.0,0.0
0.0,0.0
0.0,0.0
0.0,0.0
0.0,0.0
0.0,0.0
0.0,0.0
0.0,0.0
0.0,0.0
0.0,0.0
0.0,0.0
0.0,0.0
0.0,0.0
0.0,0.0
0.0,0.0
0.0,0.0
0.0,0.0
0.0,0.0
0.0,0.0
0.0,0.0
0.0,0.0
0.0,0.0
0.0,0.0
0.0,0.0
0.0,0.0
0.0,0.0
0.0,0.0
0.0,0.0
0.0,0.0
0.0,0.0
0.0,0.0
0.0,0.0
0.0,0.0
0.0,0.0
0.0,0.0
0.0,0.0
0.0,0.0
0.0,0.0
0.0,0.0
0.0,0.0
0.0,0.0
0.0,0.0
0.0,0.0
0.0,0.0
0.0,0.0
0.0,0.0
0.0,0.0
0.0,0.0
0.0,0.0
0.0,0.0
0.0,0.0
0.0,0.0
0.0,0.0
0.0,0.0
0.0,0.0
0.0,0.0
0.0,0.0
0.0,0.0
0.0,0.0
0.0,0.0
0.0,0.0
0.0,0.0
0.0,0.0
0.0,0.0
0.0,0.0
0.0,0.0
0.0,0.0
0.0,0.0
0.0,0.0
0.0,0.0
0.0,0.0
0.0,0.0
0.0,0.0
0.0,0.0
0.0,0.0
0.0,0.0
0.0,0.0
0.0,0.0
0.0,0.0
0.0,0.0
0.0,0.0
0.0,0.0
0.0,0.0
0.0,0.0
0.0,0.0
0.0,0.0
0.0,0.0
0.0,0.0
0.0,0.0
0.0,0.0
0.0,0.0
0.0,0.0
0.0,0.0
0.0,0.0
0.0,0.0
0.0,0.0
0.0,0.0
0.0,0.0
0.0,0.0
0.0,0.0
0.0,0.0
0.0,0.0
0.0,0.0
0.0,0.0
0.0,0.0
0.0,0.0
0.0,0.0
0.0,0.0
0.0,0.0
0.0,0.0
0.0,0.0
0.0,0.0
0.0,0.0
0.0,0.0
0.0,0.0
0.0,0.0
0.0,0.0
0.0,0.0
0.0,0.0
0.0,0.0
0.0,0.0
0.0,0.0
0.0,0.0
0.0,0.0
0.0,0.0
0.0,0.0
0.0,0.0
0.0,0.0
0.0,0.0
0.0,0.0
0.0,0.0
0.0,0.0
0.0,0.0
0.0,0.0
0.0,0.0
0.0,0.0
0.0,0.0
0.0,0.0
0.0,0.0
0.0,0.0
0.0,0.0
0.0,0.0
0.0,0.0
0.0,0.0
0.0,0.0
0.0,0.0
0.0,0.0
0.0,0.0
0.0,0.0
0.0,0.0
0.0133,0.0
0.02,0.0
0.0267,0.0
0.0333,0.0
0.04,0.0
0.0467,0.0
0.0533,0.0
0.06,0.0
0.0667,0.0
0.0733,0.0
0.08,0.01
0.0867,0.0108
0.0933,0.0117
0.1,0.0125
0.1067,0.0133
0.1133,0.0142
0.12,0.015
0.1267,0.0158
0.1333,0.0167
0.14,0.0175
0.1467,0.0183
0.1533,0.0192
0.16,0.02
0.1667,0.0208
0.1733,0.0217
0.18,0.0225
0.1867,0.0233
0.1933,0.0242
0.2,0.025
0.2067,0.0258
0.2133,0.0267
0.22,0.0275
0.2267,0.0283
0.2333,0.0292
0.24,0.03
0.2467,0.0308
0.2533,0.0317
0.26,0.0325
0.2667,0.0333
0.2733,0.0342
0.28,0.035
0.2867,0.0358
0.2933,0.0367
0.3,0.0375
0.3067,0.0383
0.3133,0.0392
0.32,0.04
0.3267,0.0408
0.3333,0.0417
0.34,0.0425
0.3467,0.0433
0.3533,0.0442
0.36,0.045
0.3667,0.0458
0.3733,0.0467
0.38,0.0475
0.3867,0.0483
0.3933,0.0492
0.4,0.05
0.4067,0.0508
0.4133,0.0517
0.42,0.0525
0.4267,0.0533
0.4333,0.0542
0.44,0.055
0.4467,0.0558
0.4533,0.0567
0.46,0.0575
0.4667,0.0583
0.4733,0.0592
0.48,0.06
0.4867,0.0608
0.4933,0.0617
0.5,0.0625
0.5067,0.0633
0.5133,0.0642
0.52,0.065
0.5267,0.0658
0.5333,0.0667
0.54,0.0675
0.5467,0.0683
0.5533,0.0692
0.56,0.07
0.5667,0.0708
0.5733,0.0717
0.58,0.0725
0.5867,0.0733
0.5933,0.0742
0.6,0.075
0.6067,0.0758
0.6133,0.0767
0.62,0.0775
0.6267,0.0783
0.6333,0.0792
0.64,0.08
0.6467,0.0808
0.6533,0.0817
0.66,0.0825
0.6667,0.0833
0.6733,0.0842
0.68,0.085
0.6867,0.0858
0.6933,0.0867
0.7,0.0875
0.7067,0.0883
0.7133,0.0892
0.72,0.09
0.7267,0.0908
0.7333,0.0917
0.74,0.0925
0.7467,0.0933
0.7533,0.0942
0.76,0.095
0.7667,0.0958
0.7733,0.0967
0.78,0.0975
0.7867,0.0983
0.7933,0.0992
0.8,0.1
0.8,0.1
0.8,0.1
0.8,0.1
0.8,0.1
0.8,0.1
0.8,0.1
0.8,0.1
0.8,0.1
0.8,0.1
0.8,0.1
0.8,0.1
0.8,0.1
0.8,0.1
0.8,0.1
0.8,0.1
0.8,0.1
0.8,0.1
0.8,0.1
0.8,0.1
0.8,0.1
0.8,0.1
0.8,0.1
0.8,0.1
0.8,0.1
0.8,0.1
0.8,0.1
0.8,0.1
0.8,0.1
0.8,0.1
0.8,0.1
0.8,0.1
0.8,0.1
0.8,0.1
0.8,0.1
0.8,0.1
0.8,0.1
0.8,0.1
0.8,0.1
0.8,0.1
0.8,0.1
0.8,0.1
0.8,0.1
0.8,0.1
0.8,0.1
0.8,0.1
0.8,0.1
0.8,0.1
0.8,0.1
0.8,0.1
0.8,0.1
0.8,0.1
0.8,0.1
0.8,0.1
0.8,0.1
0.8,0.1
0.8,0.1
0.8,0.1
0.8,0.1
0.8,0.1
0.8,0.1
0.8,0.1
0.8,0.1
0.8,0.1
0.8,0.1
0.8,0.1
0.8,0.1
0.8,0.1
0.8,0.1
0.8,0.1
0.8,0.1
0.8,0.1
0.8,0.1
0.8,0.1
0.8,0.1
0.8,0.1
0.8,0.1
0.8,0.1
0.8,0.1
0.8,0.1
0.8,0.1
0.8,0.1
0.8,0.1
0.8,0.1
0.8,0.1
0.8,0.1
0.8,0.1
0.8,0.1
0.8,0.1
0.8,0.1
0.8,0.1
0.8,0.1
0.8,0.1
0.8,0.1
0.8,0.1
0.8,0.1
0.8,0.1
0.8,0.1
0.8,0.1
0.8,0.1
0.8,0.1
0.8,0.1
0.8,0.1
0.8,0.1
0.8,0.1
0.8,0.1
0.8,0.1
0.8,0.1
0.8,0.1
0.8,0.1
0.8,0.1
0.8,0.1
0.8,0.1
0.8,0.1
0.8,0.1
0.8,0.1
0.8,0.1
0.8,0.1
0.8,0.1
0.8,0.1
0.8,0.1
0.8,0.1
0.8,0.1
0.8,0.1
0.8,0.1
0.8,0.1
0.8,0.1
0.8,0.1
0.8,0.1
0.8,0.1
0.8,0.1
0.8,0.1
0.8,0.1
0.8,0.1
0.8,0.1
0.8,0.1
0.8,0.1
0.8,0.1
0.8,0.1
0.8,0.1
0.8,0.1
0.8,0.1
0.8,0.1
0.8,0.1
0.8,0.1
0.8,0.1
0.8,0.1
0.8,0.1
0.8,0.1
0.8,0.1
0.8,0.1
0.8,0.1
0.8,0.1
0.8,0.1
0.8,0.1
0.8,0.1
0.8,0.1
0.8,0.1
0.8,0.1
0.8,0.1
0.8,0.1
0.8,0.1
0.8,0.1
0.8,0.1
0.8,0.1
0.8,0.1
0.8,0.1
0.8,0.1
0.8,0.1
0.8,0.1
0.8,0.1
0.8,0.1
0.8,0.1
0.8,0.1
0.8,0.1
0.8,0.1
0.8,0.1
0.8,0.1
0.8,0.1
0.8,0.1
0.8,0.1
0.8,0.1
0.8,0.1
0.8,0.1
0.8,0.1
0.8,0.1
0.8,0.1
0.8,0.1
0.8,0.1
0.8,0.1
0.8,0.1
0.8,0.1
0.8,0.1
0.8,0.1
0.8,0.1
0.8,0.1
0.8,0.1
0.8,0.1
0.8,0.1
0.8,0.1
0.8,0.1
0.8,0.1
0.8,0.1
0.8,0.1
0.8,0.1
0.8,0.1
0.8,0.1
0.8,0.1
0.8,0.1
0.8,0.1
0.8,0.1
0.8,0.1
0.8,0.1
0.8,0.1
0.8,0.1
0.8,0.1
0.8,0.1
0.8,0.1
0.8,0.1
0.8,0.1
0.8,0.1
0.8,0.1
0.8,0.1
0.8,0.1
0.8,0.1
0.8,0.1
0.8,0.1
0.8,0.1
0.8,0.1
0.8,0.1
0.8,0.1
0.8,0.1
0.8,0.1
0.8,0.1
0.8,0.1
0.8,0.1
0.8,0.1
0.8,0.1
0.8,0.1
0.8,0.1
0.8,0.1
0.8,0.1
0.8,0.1
0.8,0.1
0.8,0.1
0.8,0.1
0.8,0.1
0.8,0.1
0.8,0.1
0.8,0.1
0.8,0.1
0.8,0.1
0.8,0.1
0.8,0.1
0.8,0.1
0.8,0.1
0.8,0.1
0.8,0.1
0.8,0.1
0.8,0.1
0.8,0.1
0.8,0.1
0.8,0.1
0.8,0.1
0.8,0.1
0.8,0.1
0.8,0.1
0.8,0.1
0.8,0.1
0.8,0.1
0.8,0.1
0.8,0.1
0.8,0.1
0.8,0.1
0.8,0.1
0.8,0.1
0.8,0.1
0.8,0.1
0.8,0.1
0.8,0.1
0.8,0.1
0.8,0.1
0.8,0.1
0.8,0.1
0.8,0.1
0.8,0.1
0.8,0.1
0.8,0.1
0.8,0.1
0.8,0.1
0.8,0.1
0.8,0.1
0.8,0.1
0.8,0.1
0.8,0.1
0.8,0.1
0.8,0.1
0.8,0.1
0.8,0.1
0.8,0.1
0.8,0.1
0.8,0.1
0.8,0.1
0.8,0.1
0.8,0.1
0.8,0.1
0.8,0.1
0.8,0.1
0.8,0.1
0.8,0.1
0.8,0.1
0.8,0.1
0.8,0.1
0.8,0.1
0.8,0.1
0.8,0.1
0.8,0.1
0.8,0.1
0.8,0.1
0.8,0.1
0.8,0.1
0.8,0.1
0.8,0.1
0.8,0.1
0.8,0.1
0.8,0.1
0.8,0.1
0.8,0.1
0.8,0.1
0.8,0.1
0.8,0.1
0.8,0.1
0.8,0.1
0.8,0.1
0.8,0.1
0.8,0.1
0.8,0.1
0.8,0.1
0.8,0.1
0.8,0.1
0.8,0.1
0.8,0.1
0.8,0.1
0.8,0.1
0.8,0.1
0.8,0.1
0.8,0.1
0.8,0.1
0.8,0.1
0.8,0.1
0.8,0.1
0.8,0.1
0.8,0.1
0.8,0.1
0.8,0.1
0.8,0.1
0.8,0.1
0.8,0.1
0.8,0.1
0.8,0.1
0.8,0.1
0.8,0.1
0.8,0.1
0.8,0.1
0.8,0.1
0.8,0.1
0.8,0.1
0.8,0.1
0.8,0.1
0.8,0.1
0.8,0.1
0.8,0.1
0.8,0.1
0.8,0.1
0.8,0.1
0.8,0.1
0.8,0.1
0.8,0.1
0.8,0.1
0.8,0.1
0.8,0.1
0.8,0.1
0.8,0.1
0.8,0.1
0.8,0.1
0.8,0.1
0.8,0.1
0.8,0.1
0.8,0.1
0.8,0.1
0.8,0.1
0.8,0.1
0.8,0.1
0.8,0.1
0.8,0.1
0.8,0.1
0.8,0.1
0.8,0.1
0.8,0.1
0.8,0.1
0.8,0.1
0.8,0.1
0.8,0.1
0.8,0.1
0.8,0.1
0.8,0.1
0.8,0.1
0.8,0.1
0.8,0.1
0.8,0.1
0.8,0.1
0.8,0.1
0.8,0.1
0.8,0.1
0.8,0.1
0.8,0.1
0.8,0.1
0.8,0.1
0.8,0.1
0.8,0.1
0.8,0.1
0.8,0.1
0.8,0.1
0.8,0.1
0.8,0.1
0.8,0.1
0.8,0.1
0.8,0.1
0.8,0.1
0.8,0.1
0.8,0.1
0.8,0.1
0.8,0.1
0.8,0.1
0.8,0.1
0.8,0.1
0.8,0.1
0.8,0.1
0.8,0.1
0.8,0.1
0.8,0.1
0.8,0.1
0.8,0.1
0.8,0.1
0.8,0.1
0.8,0.1
0.8,0.1
0.8,0.1
0.8,0.1
0.8,0.1
0.8,0.1
0.8,0.1
0.8,0.1
0.8,0.1
0.8,0.1
0.8,0.1
0.8,0.1
0.8,0.1
0.8,0.1
0.8,0.1
0.8,0.1
0.8,0.1
0.8,0.1
0.8,0.1
0.8,0.1
0.8,0.1
0.8,0.1
0.8,0.1
0.8,0.1
0.8,0.1
0.8,0.1
0.8,0.1
0.8,0.1
0.8,0.1
0.8,0.1
0.8,0.1
0.8,0.1
0.8,0.1
0.8,0.1
0.8,0.1
0.8,0.1
0.8,0.1
0.8,0.1
0.8,0.1
0.8,0.1
0.8,0.1
0.8,0.1
0.8,0.1
0.8,0.1
0.8,0.1
0.8,0.1
0.8,0.1
0.8,0.1
0.8,0.1
0.8,0.1
0.8,0.1
0.8,0.1
0.8,0.1
0.8,0.1
0.8,0.1
0.8,0.1
0.8,0.1
0.8,0.1
0.8,0.1
0.8,0.1
0.8,0.1
0.8,0.1
0.8,0.1
0.8,0.1
0.8,0.1
0.8,0.1
0.8,0.1
0.8,0.1
0.8,0.1
0.8,0.1
0.8,0.1
0.8,0.1
0.8,0.1
0.8,0.1
0.8,0.1
0.8,0.1
0.8,0.1
0.8,0.1
0.8,0.1
0.8,0.1
0.8,0.1
0.8,0.1
0.8,0.1
0.8,0.1
0.8,0.1
0.8,0.1
0.8,0.1
0.8,0.1
0.8,0.1
0.8,0.1
0.8,0.1
0.8,0.1
0.8,0.1
0.8,0.1
0.8,0.1
0.8,0.1
0.8,0.1
0.8,0.1
0.8,0.1
0.8,0.1
0.8,0.1
0.8,0.1
0.8,0.1
0.8,0.1
0.8,0.1
0.8,0.1
0.8,0.1
0.8,0.1
0.8,0.1
0.8,0.1
0.8,0.1
0.8,0.1
0.8,0.1
0.8,0.1
0.8,0.1
0.8,0.1
0.8,0.1
0.8,0.1
0.8,0.1
0.8,0.1
0.8,0.1
0.8,0.1
0.8,0.1
0.8,0.1
0.8,0.1
0.8,0.1
0.8,0.1
0.8,0.1
0.8,0.1
0.8,0.1
0.8,0.1
0.8,0.1
0.8,0.1
0.8,0.1
0.8,0.1
0.8,0.1
0.8,0.1
0.8,0.1
0.8,0.1
0.8,0.1
0.8,0.1
0.8,0.1
0.8,0.1
0.8,0.1
0.8,0.1
0.8,0.1
0.8,0.1
0.8,0.1
0.8,0.1
0.8,0.1
0.8,0.1
0.8,0.1
0.8,0.1
0.8,0.1
0.8,0.1
0.8,0.1
0.8,0.1
0.8,0.1
0.8,0.1
0.8,0.1
0.8,0.1
0.8,0.1
0.8,0.1
0.8,0.1
0.8,0.1
0.8,0.1
0.8,0.1
0.8,0.1
0.8,0.1
0.8,0.1
0.8,0.1
0.8,0.1
0.8,0.1
0.8,0.1
0.8,0.1
0.8,0.1
0.8,0.1
0.8,0.1
0.8,0.1
0.8,0.1
0.8,0.1
0.8,0.1
0.8,0.1
0.8,0.1
0.8,0.1
0.8,0.1
0.8,0.1
0.8,0.1
0.8,0.1
0.8,0.1
0.8,0.1
0.8,0.1
0.8,0.1
0.8,0.1
0.8,0.1
0.8,0.1
0.8,0.1
0.8,0.1
0.8,0.1
0.8,0.1
0.8,0.1
0.8,0.1
0.8,0.1
0.8,0.1
0.8,0.1
0.8,0.1
0.8,0.1
0.8,0.1
0.8,0.1
0.8,0.1
0.8,0.1
0.8,0.1
0.8,0.1
0.8,0.1
0.8,0.1
0.8,0.1
0.8,0.1
0.8,0.1
0.8,0.1
0.8,0.1
0.8,0.1
0.8,0.1
0.8,0.1
0.8,0.1
0.8,0.1
0.8,0.1
0.8,0.1
0.8,0.1
0.8,0.1
0.8,0.1
0.8,0.1
0.8,0.1
0.8,0.1
0.8,0.1
0.8,0.1
0.8,0.1
0.8,0.1
0.8,0.1
0.8,0.1
0.8,0.1
0.8,0.1
0.8,0.1
0.8,0.1
0.8,0.1
0.8,0.1
0.8,0.1
0.8,0.1
0.8,0.1
0.8,0.1
0.8,0.1
0.8,0.1
0.8,0.1
0.8,0.1
0.8,0.1
0.8,0.1
0.8,0.1
0.8,0.1
0.8,0.1
0.8,0.1
0.8,0.1
0.8,0.1
0.8,0.1
0.8,0.1
0.8,0.1
0.8,0.1
0.8,0.1
0.8,0.1
0.8,0.1
0.8,0.1
0.8,0.1
0.8,0.1
0.8,0.1
0.8,0.1
0.8,0.1
0.8,0.1
0.8,0.1
0.8,0.1
0.8,0.1
0.8,0.1
0.8,0.1
0.8,0.1
0.8,0.1
0.8,0.1
0.8,0.1
0.8,0.1
0.8,0.1
0.8,0.1
0.8,0.1
0.8,0.1
0.8,0.1
0.8,0.1
0.8,0.1
0.8,0.1
0.8,0.1
0.8,0.1
0.8,0.1
0.8,0.1
0.8,0.1
0.8,0.1
0.8,0.1
0.8,0.1
0.8,0.1
0.8,0.1
0.8,0.1
0.8,0.1
0.8,0.1
0.8,0.1
0.8,0.1
0.8,0.1
0.8,0.1
0.8,0.1
0.8,0.1
0.8,0.1
0.8,0.1
0.8,0.1
0.8,0.1
0.8,0.1
0.8,0.1
0.8,0.1
0.8,0.1
0.8,0.1
0.8,0.1
0.8,0.1
0.8,0.1
0.8,0.1
0.8,0.1
0.8,0.1
0.8,0.1
0.8,0.1
0.8,0.1
0.8,0.1
0.8,0.1
0.8,0.1
0.8,0.1
0.8,0.1
0.8,0.1
0.8,0.1
0.8,0.1
0.8,0.1
0.8,0.1
0.8,0.1
0.8,0.1
0.8,0.1
0.8,0.1
0.8,0.1
0.8,0.1
0.8,0.1
0.8,0.1
0.8,0.1
0.8,0.1
0.8,0.1
0.8,0.1
0.8,0.1
0.8,0.1
0.8,0.1
0.8,0.1
0.8,0.1
0.8,0.1
0.8,0.1
0.8,0.1
0.8,0.1
0.8,0.1
0.8,0.1
0.8,0.1
0.8,0.1
0.8,0.1
0.8,0.1
0.8,0.1
0.8,0.1
0.8,0.1
0.8,0.1
0.8,0.1
0.8,0.1
0.8,0.1
0.8,0.1
0.8,0.1
0.8,0.1
0.8,0.1
0.8,0.1
0.8,0.1
0.8,0.1
0.8,0.1
0.8,0.1
0.8,0.1
0.8,0.1
0.8,0.1
0.8,0.1
0.8,0.1
0.8,0.1
0.8,0.1
0.8,0.1
0.8,0.1
0.8,0.1
0.8,0.1
0.8,0.1
0.8,0.1
0.8,0.1
0.8,0.1
0.8,0.1
0.8,0.1
0.8,0.1
0.8,0.1
0.8,0.1
0.8,0.1
0.8,0.1
0.8,0.1
0.8,0.1
0.8,0.1
0.8,0.1
0.8,0.1
0.8,0.1
0.8,0.1
0.8,0.1
0.8,0.1
0.8,0.1
0.8,0.1
0.8,0.1
0.8,0.1
0.8,0.1
0.8,0.1
0.8,0.1
0.8,0.1
0.8,0.1
0.8,0.1
0.8,0.1
0.8,0.1
0.8,0.1
0.8,0.1
0.8,0.1
0.8,0.1
0.8,0.1
0.8,0.1
0.8,0.1
0.8,0.1
0.8,0.1
0.8,0.1
0.8,0.1
0.8,0.1
0.8,0.1
0.8,0.1
0.8,0.1
0.8,0.1
0.8,0.1
0.8,0.1
0.8,0.1
0.8,0.1
0.8,0.1
0.8,0.1
0.8,0.1
0.8,0.1
0.8,0.1
0.8,0.1
0.8,0.1
0.8,0.1
0.8,0.1
0.8,0.1
0.8,0.1
0.8,0.1
0.8,0.1
0.8,0.1
0.8,0.1
0.8,0.1
0.8,0.1
0.8,0.1
0.8,0.1
0.8,0.1
0.8,0.1
0.8,0.1
0.8,0.1
0.8,0.1
0.8,0.1
0.8,0.1
0.8,0.1
0.8,0.1
0.8,0.1
0.8,0.1
0.8,0.1
0.8,0.1
0.8,0.1
0.8,0.1
0.8,0.1
0.8,0.1
0.8,0.1
0.8,0.1
0.8,0.1
0.8,0.1
0.8,0.1
0.8,0.1
0.8,0.1
0.8,0.1
0.8,0.1
0.8,0.1
0.8,0.1
0.8,0.1
0.8,0.1
0.8,0.1
0.8,0.1
0.8,0.1
0.8,0.1
0.8,0.1
0.8,0.1
0.8,0.1
0.8,0.1
0.8,0.1
0.8,0.1
0.8,0.1
0.8,0.1
0.8,0.1
0.8,0.1
0.8,0.1
0.8,0.1
0.8,0.1
0.8,0.1
0.8,0.1
0.8,0.1
0.8,0.1
0.8,0.1
0.8,0.1
0.8,0.1
0.8,0.1
0.8,0.1
0.8,0.1
0.8,0.1
0.8,0.1
0.8,0.1
0.8,0.1
0.8,0.1
0.8,0.1
0.8,0.1
0.8,0.1
0.8,0.1
0.8,0.1
0.8,0.1
0.8,0.1
0.8,0.1
0.8,0.1
0.8,0.1
0.8,0.1
0.8,0.1
0.8,0.1
0.8,0.1
0.8,0.1
0.8,0.1
0.8,0.1
0.8,0.1
0.8,0.1
0.8,0.1
0.8,0.1
0.8,0.1
0.8,0.1
0.8,0.1
0.8,0.1
0.8,0.1
0.8,0.1
0.8,0.1
0.8,0.1
0.8,0.1
0.8,0.1
0.8,0.1
0.8,0.1
0.8,0.1
0.8,0.1
0.8,0.1
0.8,0.1
0.8,0.1
0.8,0.1
0.8,0.1
0.8,0.1
0.8,0.1
0.8,0.1
0.8,0.1
0.8,0.1
0.8,0.1
0.8,0.1
0.8,0.1
0.8,0.1
0.8,0.1
0.8,0.1
0.8,0.1
0.8,0.1
0.8,0.1
0.8,0.1
0.8,0.1
0.8,0.1
0.8,0.1
0.8,0.1
0.8,0.1
0.8,0.1
0.8,0.1
0.8,0.1
0.8,0.1
0.8,0.1
0.8,0.1
0.8,0.1
0.8,0.1
0.8,0.1
0.8,0.1
0.8,0.1
0.8,0.1
0.8,0.1
0.8,0.1
0.8,0.1
0.8,0.1
0.8,0.1
0.8,0.1
0.8,0.1
0.8,0.1
0.8,0.1
0.8,0.1
0.8,0.1
0.8,0.1
0.8,0.1
0.8,0.1
0.8,0.1
0.8,0.1
0.8,0.1
0.8,0.1
0.8,0.1
0.8,0.1
0.8,0.1
0.8,0.1
0.8,0.1
0.8,0.1
0.8,0.1
0.8,0.1
0.8,0.1
0.8,0.1
0.8,0.1
0.8,0.1
0.8,0.1
0.8,0.1
0.8,0.1
0.8,0.1
0.8,0.1
0.8,0.1
0.8,0.1
0.7942,0.1058
0.7883,0.1117
0.7825,0.1175
0.7767,0.1233
0.7708,0.1292
0.765,0.135
0.7592,0.1408
0.7533,0.1467
0.7475,0.1525
0.7417,0.1583
0.7358,0.1642
0.73,0.17
0.7242,0.1758
0.7183,0.1817
0.7125,0.1875
0.7067,0.1933
0.7008,0.1992
0.695,0.205
0.6892,0.2108
0.6833,0.2167
0.6775,0.2225
0.6717,0.2283
0.6658,0.2342
0.66,0.24
0.6542,0.2458
0.6483,0.2517
0.6425,0.2575
0.6367,0.2633
0.6308,0.2692
0.625,0.275
0.6192,0.2808
0.6133,0.2867
0.6075,0.2925
0.6017,0.2983
0.5958,0.3042
0.59,0.31
0.5842,0.3158
0.5783,0.3217
0.5725,0.3275
0.5667,0.3333
0.5608,0.3392
0.555,0.345
0.5492,0.3508
0.5433,0.3567
0.5375,0.3625
0.5317,0.3683
0.5258,0.3742
0.52,0.38
0.5142,0.3858
0.5083,0.3917
0.5025,0.3975
0.4967,0.4033
0.4908,0.4092
0.485,0.415
0.4792,0.4208
0.4733,0.4267
0.4675,0.4325
0.4617,0.4383
0.4558,0.4442
0.45,0.45
0.4442,0.4558
0.4383,0.4617
0.4325,0.4675
0.4267,0.4733
0.4208,0.4792
0.415,0.485
0.4092,0.4908
0.4033,0.4967
0.3975,0.5025
0.3917,0.5083
0.3858,0.5142
0.38,0.52
0.3742,0.5258
0.3683,0.5317
0.3625,0.5375
0.3567,0.5433
0.3508,0.5492
0.345,0.555
0.3392,0.5608
0.3333,0.5667
0.3275,0.5725
0.3217,0.5783
0.3158,0.5842
0.31,0.59
0.3042,0.5958
0.2983,0.6017
0.2925,0.6075
0.2867,0.6133
0.2808,0.6192
0.275,0.625
0.2692,0.6308
0.2633,0.6367
0.2575,0.6425
0.2517,0.6483
0.2458,0.6542
0.24,0.66
0.2342,0.6658
0.2283,0.6717
0.2225,0.6775
0.2167,0.6833
0.2108,0.6892
0.205,0.695
0.1992,0.7008
0.1933,0.7067
0.1875,0.7125
0.1817,0.7183
0.1758,0.7242
0.17,0.73
0.1642,0.7358
0.1583,0.7417
0.1525,0.7475
0.1467,0.7533
0.1408,0.7592
0.135,0.765
0.1292,0.7708
0.1233,0.7767
0.1175,0.7825
0.1117,0.7883
0.1058,0.7942
0.1,0.8
0.1,0.8
0.1,0.8
0.1,0.8
0.1,0.8
0.1,0.8
0.1,0.8
0.1,0.8
0.1,0.8
0.1,0.8
0.1,0.8
0.1,0.8
0.1,0.8
0.1,0.8
0.1,0.8
0.1,0.8
0.1,0.8
0.1,0.8
0.1,0.8
0.1,0.8
0.1,0.8
0.1,0.8
0.1,0.8
0.1,0.8
0.1,0.8
0.1,0.8
0.1,0.8
0.1,0.8
0.1,0.8
0.1,0.8
0.1,0.8
0.1,0.8
0.1,0.8
0.1,0.8
0.1,0.8
0.1,0.8
0.1,0.8
0.1,0.8
0.1,0.8
0.1,0.8
0.1,0.8
0.1,0.8
0.1,0.8
0.1,0.8
0.1,0.8
0.1,0.8
0.1,0.8
0.1,0.8
0.1,0.8
0.1,0.8
0.1,0.8
0.1,0.8
0.1,0.8
0.1,0.8
0.1,0.8
0.1,0.8
0.1,0.8
0.1,0.8
0.1,0.8
0.1,0.8
0.1,0.8
0.1,0.8
0.1,0.8
0.1,0.8
0.1,0.8
0.1,0.8
0.1,0.8
0.1,0.8
0.1,0.8
0.1,0.8
0.1,0.8
0.1,0.8
0.1,0.8
0.1,0.8
0.1,0.8
0.1,0.8
0.1,0.8
0.1,0.8
0.1,0.8
0.1,0.8
0.1,0.8
0.1,0.8
0.1,0.8
0.1,0.8
0.1,0.8
0.1,0.8
0.1,0.8
0.1,0.8
0.1,0.8
0.1,0.8
0.1,0.8
0.1,0.8
0.1,0.8
0.1,0.8
0.1,0.8
0.1,0.8
0.1,0.8
0.1,0.8
0.1,0.8
0.1,0.8
0.1,0.8
0.1,0.8
0.1,0.8
0.1,0.8
0.1,0.8
0.1,0.8
0.1,0.8
0.1,0.8
0.1,0.8
0.1,0.8
0.1,0.8
0.1,0.8
0.1,0.8
0.1,0.8
0.1,0.8
0.1,0.8
0.1,0.8
0.1,0.8
0.1,0.8
0.1,0.8
0.1,0.8
0.1,0.8
0.1,0.8
0.1,0.8
0.1,0.8
0.1,0.8
0.1,0.8
0.1,0.8
0.1,0.8
0.1,0.8
0.1,0.8
0.1,0.8
0.1,0.8
0.1,0.8
0.1,0.8
0.1,0.8
0.1,0.8
0.1,0.8
0.1,0.8
0.1,0.8
0.1,0.8
0.1,0.8
0.1,0.8
0.1,0.8
0.1,0.8
0.1,0.8
0.1,0.8
0.1,0.8
0.1,0.8
0.1,0.8
0.1,0.8
0.1,0.8
0.1,0.8
0.1,0.8
0.1,0.8
0.1,0.8
0.1,0.8
0.1,0.8
0.1,0.8
0.1,0.8
0.1,0.8
0.1,0.8
0.1,0.8
0.1,0.8
0.1,0.8
0.1,0.8
0.1,0.8
0.1,0.8
0.1,0.8
0.1,0.8
0.1,0.8
0.1,0.8
0.1,0.8
0.1,0.8
0.1,0.8
0.1,0.8
0.1,0.8
0.1,0.8
0.1,0.8
0.1,0.8
0.1,0.8
0.1,0.8
0.1,0.8
0.1,0.8
0.1,0.8
0.1,0.8
0.1,0.8
0.1,0.8
0.1,0.8
0.1,0.8
0.1,0.8
0.1,0.8
0.1,0.8
0.1,0.8
0.1,0.8
0.1,0.8
0.1,0.8
0.1,0.8
0.1,0.8
0.1,0.8
0.1,0.8
0.1,0.8
0.1,0.8
0.1,0.8
0.1,0.8
0.1,0.8
0.1,0.8
0.1,0.8
0.1,0.8
0.1,0.8
0.1,0.8
0.1,0.8
0.1,0.8
0.1,0.8
0.1,0.8
0.1,0.8
0.1,0.8
0.1,0.8
0.1,0.8
0.1,0.8
0.1,0.8
0.1,0.8
0.1,0.8
0.1,0.8
0.1,0.8
0.1,0.8
0.1,0.8
0.1,0.8
0.1,0.8
0.1,0.8
0.1,0.8
0.1,0.8
0.1,0.8
0.1,0.8
0.1,0.8
0.1,0.8
0.1,0.8
0.1,0.8
0.1,0.8
0.1,0.8
0.1,0.8
0.1,0.8
0.1,0.8
0.1,0.8
0.1,0.8
0.1,0.8
0.1,0.8
0.1,0.8
0.1,0.8
0.1,0.8
0.1,0.8
0.1,0.8
0.1,0.8
0.1,0.8
0.1,0.8
0.1,0.8
0.1,0.8
0.1,0.8
0.1,0.8
0.1,0.8
0.1,0.8
0.1,0.8
0.1,0.8
0.1,0.8
0.1,0.8
0.1,0.8
0.1,0.8
0.1,0.8
0.1,0.8
0.1,0.8
0.1,0.8
0.1,0.8
0.1,0.8
0.1,0.8
0.1,0.8
0.1,0.8
0.1,0.8
0.1,0.8
0.1,0.8
0.1,0.8
0.1,0.8
0.1,0.8
0.1,0.8
0.1,0.8
0.1,0.8
0.1,0.8
0.1,0.8
0.1,0.8
0.1,0.8
0.1,0.8
0.1,0.8
0.1,0.8
0.1,0.8
0.1,0.8
0.1,0.8
0.1,0.8
0.1,0.8
0.1,0.8
0.1,0.8
0.1,0.8
0.1,0.8
0.1,0.8
0.1,0.8
0.1,0.8
0.1,0.8
0.1,0.8
0.1,0.8
0.1,0.8
0.1,0.8
0.1,0.8
0.1,0.8
0.1,0.8
0.1,0.8
0.1,0.8
0.1,0.8
0.1,0.8
0.1,0.8
0.1,0.8
0.1,0.8
0.1,0.8
0.1,0.8
0.1,0.8
0.1,0.8
0.1,0.8
0.1,0.8
0.1,0.8
0.1,0.8
0.1,0.8
0.1,0.8
0.1,0.8
0.1,0.8
0.1,0.8
0.1,0.8
0.1,0.8
0.1,0.8
0.1,0.8
0.1,0.8
0.1,0.8
0.1,0.8
0.1,0.8
0.1,0.8
0.1,0.8
0.1,0.8
0.1,0.8
0.1,0.8
0.1,0.8
0.1,0.8
0.1,0.8
0.1,0.8
0.1,0.8
0.1,0.8
0.1,0.8
0.1,0.8
0.1,0.8
0.1,0.8
0.1,0.8
0.1,0.8
0.1,0.8
0.1,0.8
0.1,0.8
0.1,0.8
0.1,0.8
0.1,0.8
0.1,0.8
0.1,0.8
0.1,0.8
0.1,0.8
0.1,0.8
0.1,0.8
0.1,0.8
0.1,0.8
0.1,0.8
0.1,0.8
0.1,0.8
0.1,0.8
0.1,0.8
0.1,0.8
0.1,0.8
0.1,0.8
0.1,0.8
0.1,0.8
0.1,0.8
0.1,0.8
0.1,0.8
0.1,0.8
0.1,0.8
0.1,0.8
0.1,0.8
0.1,0.8
0.1,0.8
0.1,0.8
0.1,0.8
0.1,0.8
0.1,0.8
0.1,0.8
0.1,0.8
0.1,0.8
0.1,0.8
0.1,0.8
0.1,0.8
0.1,0.8
0.1,0.8
0.1,0.8
0.1,0.8
0.1,0.8
0.1,0.8
0.1,0.8
0.1,0.8
0.1,0.8
0.1,0.8
0.1,0.8
0.1,0.8
0.1,0.8
0.1,0.8
0.1,0.8
0.1,0.8
0.1,0.8
0.1,0.8
0.1,0.8
0.1,0.8
0.1,0.8
0.1,0.8
0.1,0.8
0.1,0.8
0.1,0.8
0.1,0.8
0.1,0.8
0.1,0.8
0.1,0.8
0.1,0.8
0.1,0.8
0.1,0.8
0.1,0.8
0.1,0.8
0.1,0.8
0.1,0.8
0.1,0.8
0.1,0.8
0.1,0.8
0.1,0.8
0.1,0.8
0.1,0.8
0.1,0.8
0.1,0.8
0.1,0.8
0.1,0.8
0.1,0.8
0.1,0.8
0.1,0.8
0.1,0.8
0.1,0.8
0.1,0.8
0.1,0.8
0.1,0.8
0.1,0.8
0.1,0.8
0.1,0.8
0.1,0.8
0.1,0.8
0.1,0.8
0.1,0.8
0.1,0.8
0.1,0.8
0.1,0.8
0.1,0.8
0.1,0.8
0.1,0.8
0.1,0.8
0.1,0.8
0.1,0.8
0.1,0.8
0.1,0.8
0.1,0.8
0.1,0.8
0.1,0.8
0.1,0.8
0.1,0.8
0.1,0.8
0.1,0.8
0.1,0.8
0.1,0.8
0.1,0.8
0.1,0.8
0.1,0.8
0.1,0.8
0.1,0.8
0.1,0.8
0.1,0.8
0.1,0.8
0.1,0.8
0.1,0.8
0.1,0.8
0.1,0.8
0.1,0.8
0.1,0.8
0.1,0.8
0.1,0.8
0.1,0.8
0.1,0.8
0.1,0.8
0.1,0.8
0.1,0.8
0.1,0.8
0.1,0.8
0.1,0.8
0.1,0.8
0.1,0.8
0.1,0.8
0.1,0.8
0.1,0.8
0.1,0.8
0.1,0.8
0.1,0.8
0.1,0.8
0.1,0.8
0.1,0.8
0.1,0.8
0.1,0.8
0.1,0.8
0.1,0.8
0.1,0.8
0.1,0.8
0.1,0.8
0.1,0.8
0.1,0.8
0.1,0.8
0.1,0.8
0.1,0.8
0.1,0.8
0.1,0.8
0.1,0.8
0.1,0.8
0.1,0.8
0.1,0.8
0.1,0.8
0.1,0.8
0.1,0.8
0.1,0.8
0.1,0.8
0.1,0.8
0.1,0.8
0.1,0.8
0.1,0.8
0.1,0.8
0.1,0.8
0.1,0.8
0.1,0.8
0.1,0.8
0.1,0.8
0.1,0.8
0.1,0.8
0.1,0.8
0.1,0.8
0.1,0.8
0.1,0.8
0.1,0.8
0.1,0.8
0.1,0.8
0.1,0.8
0.1,0.8
0.1,0.8
0.1,0.8
0.1,0.8
0.1,0.8
0.1,0.8
0.1,0.8
0.1,0.8
0.1,0.8
0.1,0.8
0.1,0.8
0.1,0.8
0.1,0.8
0.1,0.8
0.1,0.8
0.1,0.8
0.1,0.8
0.1,0.8
0.1,0.8
0.1,0.8
0.1,0.8
0.1,0.8
0.1,0.8
0.1,0.8
0.1,0.8
0.1,0.8
0.1,0.8
0.1,0.8
0.1,0.8
0.1,0.8
0.1,0.8
0.1,0.8
0.1,0.8
0.1,0.8
0.1,0.8
0.1,0.8
0.1,0.8
0.1,0.8
0.1,0.8
0.1,0.8
0.1,0.8
0.1,0.8
0.1,0.8
0.1,0.8
0.1,0.8
0.1,0.8
0.1,0.8
0.1,0.8
0.1,0.8
0.1,0.8
0.1,0.8
0.1,0.8
0.1,0.8
0.1,0.8
0.1,0.8
0.1,0.8
0.1,0.8
0.1,0.8
0.1,0.8
0.1,0.8
0.1,0.8
0.1,0.8
0.1,0.8
0.1,0.8
0.1,0.8
0.1,0.8
0.1,0.8
0.1,0.8
0.1,0.8
0.1,0.8
0.1,0.8
0.1,0.8
0.1,0.8
0.1,0.8
0.1,0.8
0.1,0.8
0.1,0.8
0.1,0.8
0.1,0.8
0.1,0.8
0.1,0.8
0.1,0.8
0.1,0.8
0.1,0.8
0.1,0.8
0.1,0.8
0.1,0.8
0.1,0.8
0.1,0.8
0.1,0.8
0.1,0.8
0.1,0.8
0.1,0.8
0.1,0.8
0.1,0.8
0.1,0.8
0.1,0.8
0.1,0.8
0.1,0.8
0.1,0.8
0.1,0.8
0.1,0.8
0.1,0.8
0.1,0.8
0.1,0.8
0.1,0.8
0.1,0.8
0.1,0.8
0.1,0.8
0.1,0.8
0.1,0.8
0.1,0.8
0.1,0.8
0.1,0.8
0.1,0.8
0.1,0.8
0.1,0.8
0.1,0.8
0.1,0.8
0.1,0.8
0.1,0.8
0.1,0.8
0.1,0.8
0.1,0.8
0.1,0.8
0.1,0.8
0.1,0.8
0.1,0.8
0.1,0.8
0.1,0.8
0.1,0.8
0.1,0.8
0.1,0.8
0.1,0.8
0.1,0.8
0.1,0.8
0.1,0.8
0.1,0.8
0.1,0.8
0.1,0.8
0.1,0.8
0.1,0.8
0.1,0.8
0.1,0.8
0.1,0.8
0.1,0.8
0.1,0.8
0.1,0.8
0.1,0.8
0.1,0.8
0.1,0.8
0.1,0.8
0.1,0.8
0.1,0.8
0.1,0.8
0.1,0.8
0.1,0.8
0.1,0.8
0.1,0.8
0.1,0.8
0.1,0.8
0.1,0.8
0.1,0.8
0.1,0.8
0.1,0.8
0.1,0.8
0.1,0.8
0.1,0.8
0.1,0.8
0.1,0.8
0.1,0.8
0.1,0.8
0.1,0.8
0.1,0.8
0.1,0.8
0.1,0.8
0.1,0.8
0.1,0.8
0.1,0.8
0.1,0.8
0.1,0.8
0.1,0.8
0.1,0.8
0.1,0.8
0.1,0.8
0.1,0.8
0.1,0.8
0.1,0.8
0.1,0.8
0.1,0.8
0.1,0.8
0.1,0.8
0.1,0.8
0.1,0.8
0.1,0.8
0.1,0.8
0.1,0.8
0.1,0.8
0.1,0.8
0.1,0.8
0.1,0.8
0.1,0.8
0.1,0.8
0.1,0.8
0.1,0.8
0.1,0.8
0.1,0.8
0.1,0.8
0.1,0.8
0.1,0.8
0.1,0.8
0.1,0.8
0.1,0.8
0.1,0.8
0.1,0.8
0.1,0.8
0.1,0.8
0.1,0.8
0.1,0.8
0.1,0.8
0.1,0.8
0.1,0.8
0.1,0.8
0.1,0.8
0.1,0.8
0.1,0.8
0.1,0.8
0.1,0.8
0.1,0.8
0.1,0.8
0.1,0.8
0.1,0.8
0.1,0.8
0.1,0.8
0.1,0.8
0.1,0.8
0.1,0.8
0.1,0.8
0.1,0.8
0.1,0.8
0.1,0.8
0.1,0.8
0.1,0.8
0.1,0.8
0.1,0.8
0.1,0.8
0.1,0.8
0.1,0.8
0.1,0.8
0.1,0.8
0.1,0.8
0.1,0.8
0.1,0.8
0.1,0.8
0.1,0.8
0.1,0.8
0.1,0.8
0.1,0.8
0.1,0.8
0.1,0.8
0.1,0.8
0.1,0.8
0.1,0.8
0.1,0.8
0.1,0.8
0.1,0.8
0.1,0.8
0.1,0.8
0.1,0.8
0.1,0.8
0.1,0.8
0.1,0.8
0.1,0.8
0.1,0.8
0.1,0.8
0.1,0.8
0.1,0.8
0.1,0.8
0.1,0.8
0.1,0.8
0.1,0.8
0.1,0.8
0.1,0.8
0.1,0.8
0.1,0.8
0.1,0.8
0.1,0.8
0.1,0.8
0.1,0.8
0.1,0.8
0.1,0.8
0.1,0.8
0.1,0.8
0.1,0.8
0.1,0.8
0.1,0.8
0.1,0.8
0.1,0.8
0.1,0.8
0.1,0.8
0.1,0.8
0.1,0.8
0.1,0.8
0.1,0.8
0.1,0.8
0.1,0.8
0.1,0.8
0.1,0.8
0.1,0.8
0.1,0.8
0.1,0.8
0.1,0.8
0.1,0.8
0.1,0.8
0.1,0.8
0.1,0.8
0.1,0.8
0.1,0.8
0.1,0.8
0.1,0.8
0.1,0.8
0.1,0.8
0.1,0.8
0.1,0.8
0.1,0.8
0.1,0.8
0.1,0.8
0.1,0.8
0.1,0.8
0.1,0.8
0.1,0.8
0.1,0.8
0.1,0.8
0.1,0.8
0.1,0.8
0.1,0.8
0.1,0.8
0.1,0.8
0.1,0.8
0.1,0.8
0.1,0.8
0.1,0.8
0.1,0.8
0.1,0.8
0.1,0.8
0.1,0.8
0.1,0.8
0.1,0.8
0.1,0.8
0.1,0.8
0.1,0.8
0.1,0.8
0.1,0.8
0.1,0.8
0.1,0.8
0.1,0.8
0.1,0.8
0.1,0.8
0.1,0.8
0.1,0.8
0.1,0.8
0.1,0.8
0.1,0.8
0.1,0.8
0.1,0.8
0.1,0.8
0.1,0.8
0.1,0.8
0.1,0.8
0.1,0.8
0.1,0.8
0.1,0.8
0.1,0.8
0.1,0.8
0.1,0.8
0.1,0.8
0.1,0.8
0.1,0.8
0.1,0.8
0.1,0.8
0.1,0.8
0.1,0.8
0.1,0.8
0.1,0.8
0.1,0.8
0.1,0.8
0.1,0.8
0.1,0.8
0.1,0.8
0.1,0.8
0.1,0.8
0.1,0.8
0.1,0.8
0.1,0.8
0.1,0.8
0.1,0.8
0.1,0.8
0.1,0.8
0.1,0.8
0.1,0.8
0.1,0.8
0.1,0.8
0.1,0.8
0.1,0.8
0.1,0.8
0.1,0.8
0.1,0.8
0.1,0.8
0.1,0.8
0.1,0.8
0.1,0.8
0.1,0.8
0.1,0.8
0.1,0.8
0.1,0.8
0.1,0.8
0.1,0.8
0.1,0.8
0.1,0.8
0.1,0.8
0.1,0.8
0.1,0.8
0.1,0.8
0.1,0.8
0.1,0.8
0.1,0.8
0.1,0.8
0.1,0.8
0.1,0.8
0.1,0.8
0.1,0.8
0.1,0.8
0.1,0.8
0.1,0.8
0.1,0.8
0.1,0.8
0.1,0.8
0.1,0.8
0.1,0.8
0.1,0.8
0.1,0.8
0.1,0.8
0.1,0.8
0.1,0.8
0.1,0.8
0.1,0.8
0.1,0.8
0.1,0.8
0.1,0.8
0.1,0.8
0.1,0.8
0.1,0.8
0.1,0.8
0.1,0.8
0.1,0.8
0.1,0.8
0.1,0.8
0.1,0.8
0.1,0.8
0.1,0.8
0.1,0.8
0.1,0.8
0.1,0.8
0.1,0.8
0.1,0.8
0.1,0.8
0.1,0.8
0.1,0.8
0.1,0.8
0.1,0.8
0.1,0.8
0.1,0.8
0.1,0.8
0.1,0.8
0.1,0.8
0.1,0.8
0.1,0.8
0.1,0.8
0.1,0.8
0.1,0.8
0.1,0.8
0.1,0.8
0.1,0.8
0.1,0.8
0.1,0.8
0.1,0.8
0.1,0.8
0.1,0.8
0.1,0.8
0.1,0.8
0.1,0.8
0.1,0.8
0.1,0.8
0.1,0.8
0.1,0.8
0.1,0.8
0.1,0.8
0.1,0.8
0.1,0.8
0.1,0.8
0.1,0.8
0.1,0.8
0.1,0.8
0.1,0.8
0.1,0.8
0.1,0.8
0.1,0.8
0.1,0.8
0.1,0.8
0.1,0.8
0.1,0.8
0.1,0.8
0.1,0.8
0.1,0.8
0.1,0.8
0.1,0.8
0.1,0.8
0.1,0.8
0.1,0.8
0.1,0.8
0.1,0.8
0.1,0.8
0.1058,0.7942
0.1117,0.7883
0.1175,0.7825
0.1233,0.7767
0.1292,0.7708
0.135,0.765
0.1408,0.7592
0.1467,0.7533
0.1525,0.7475
0.1583,0.7417
0.1642,0.7358
0.17,0.73
0.1758,0.7242
0.1817,0.7183
0.1875,0.7125
0.1933,0.7067
0.1992,0.7008
0.205,0.695
0.2108,0.6892
0.2167,0.6833
0.2225,0.6775
0.2283,0.6717
0.2342,0.6658
0.24,0.66
0.2458,0.6542
0.2517,0.6483
0.2575,0.6425
0.2633,0.6367
0.2692,0.6308
0.275,0.625
0.2808,0.6192
0.2867,0.6133
0.2925,0.6075
0.2983,0.6017
0.3042,0.5958
0.31,0.59
0.3158,0.5842
0.3217,0.5783
0.3275,0.5725
0.3333,0.5667
0.3392,0.5608
0.345,0.555
0.3508,0.5492
0.3567,0.5433
0.3625,0.5375
0.3683,0.5317
0.3742,0.5258
0.38,0.52
0.3858,0.5142
0.3917,0.5083
0.3975,0.5025
0.4033,0.4967
0.4092,0.4908
0.415,0.485
0.4208,0.4792
0.4267,0.4733
0.4325,0.4675
0.4383,0.4617
0.4442,0.4558
0.45,0.45
0.4558,0.4442
0.4617,0.4383
0.4675,0.4325
0.4733,0.4267
0.4792,0.4208
0.485,0.415
0.4908,0.4092
0.4967,0.4033
0.5025,0.3975
0.5083,0.3917
0.5142,0.3858
0.52,0.38
0.5258,0.3742
0.5317,0.3683
0.5375,0.3625
0.5433,0.3567
0.5492,0.3508
0.555,0.345
0.5608,0.3392
0.5667,0.3333
0.5725,0.3275
0.5783,0.3217
0.5842,0.3158
0.59,0.31
0.5958,0.3042
0.6017,0.2983
0.6075,0.2925
0.6133,0.2867
0.6192,0.2808
0.625,0.275
0.6308,0.2692
0.6367,0.2633
0.6425,0.2575
0.6483,0.2517
0.6542,0.2458
0.66,0.24
0.6658,0.2342
0.6717,0.2283
0.6775,0.2225
0.6833,0.2167
0.6892,0.2108
0.695,0.205
0.7008,0.1992
0.7067,0.1933
0.7125,0.1875
0.7183,0.1817
0.7242,0.1758
0.73,0.17
0.7358,0.1642
0.7417,0.1583
0.7475,0.1525
0.7533,0.1467
0.7592,0.1408
0.765,0.135
0.7708,0.1292
0.7767,0.1233
0.7825,0.1175
0.7883,0.1117
0.7942,0.1058
0.8,0.1
0.8,0.1
0.8,0.1
0.8,0.1
0.8,0.1
0.8,0.1
0.8,0.1
0.8,0.1
0.8,0.1
0.8,0.1
0.8,0.1
0.8,0.1
0.8,0.1
0.8,0.1
0.8,0.1
0.8,0.1
0.8,0.1
0.8,0.1
0.8,0.1
0.8,0.1
0.8,0.1
0.8,0.1
0.8,0.1
0.8,0.1
0.8,0.1
0.8,0.1
0.8,0.1
0.8,0.1
0.8,0.1
0.8,0.1
0.8,0.1
0.8,0.1
0.8,0.1
0.8,0.1
0.8,0.1
0.8,0.1
0.8,0.1
0.8,0.1
0.8,0.1
0.8,0.1
0.8,0.1
0.8,0.1
0.8,0.1
0.8,0.1
0.8,0.1
0.8,0.1
0.8,0.1
0.8,0.1
0.8,0.1
0.8,0.1
0.8,0.1
0.8,0.1
0.8,0.1
0.8,0.1
0.8,0.1
0.8,0.1
0.8,0.1
0.8,0.1
0.8,0.1
0.8,0.1
0.8,0.1
0.8,0.1
0.8,0.1
0.8,0.1
0.8,0.1
0.8,0.1
0.8,0.1
0.8,0.1
0.8,0.1
0.8,0.1
0.8,0.1
0.8,0.1
0.8,0.1
0.8,0.1
0.8,0.1
0.8,0.1
0.8,0.1
0.8,0.1
0.8,0.1
0.8,0.1
0.8,0.1
0.8,0.1
0.8,0.1
0.8,0.1
0.8,0.1
0.8,0.1
0.8,0.1
0.8,0.1
0.8,0.1
0.8,0.1
0.8,0.1
0.8,0.1
0.8,0.1
0.8,0.1
0.8,0.1
0.8,0.1
0.8,0.1
0.8,0.1
0.8,0.1
0.8,0.1
0.8,0.1
0.8,0.1
0.8,0.1
0.8,0.1
0.8,0.1
0.8,0.1
0.8,0.1
0.8,0.1
0.8,0.1
0.8,0.1
0.8,0.1
0.8,0.1
0.8,0.1
0.8,0.1
0.8,0.1
0.8,0.1
0.8,0.1
0.8,0.1
0.8,0.1
0.8,0.1
0.8,0.1
0.8,0.1
0.8,0.1
0.8,0.1
0.8,0.1
0.8,0.1
0.8,0.1
0.8,0.1
0.8,0.1
0.8,0.1
0.8,0.1
0.8,0.1
0.8,0.1
0.8,0.1
0.8,0.1
0.8,0.1
0.8,0.1
0.8,0.1
0.8,0.1
0.8,0.1
0.8,0.1
0.8,0.1
0.8,0.1
0.8,0.1
0.8,0.1
0.8,0.1
0.8,0.1
0.8,0.1
0.8,0.1
0.8,0.1
0.8,0.1
0.8,0.1
0.8,0.1
0.8,0.1
0.8,0.1
0.8,0.1
0.8,0.1
0.8,0.1
0.8,0.1
0.8,0.1
0.8,0.1
0.8,0.1
0.8,0.1
0.8,0.1
0.8,0.1
0.8,0.1
0.8,0.1
0.8,0.1
0.8,0.1
0.8,0.1
0.8,0.1
0.8,0.1
0.8,0.1
0.8,0.1
0.8,0.1
0.8,0.1
0.8,0.1
0.8,0.1
0.8,0.1
0.8,0.1
0.8,0.1
0.8,0.1
0.8,0.1
0.8,0.1
0.8,0.1
0.8,0.1
0.8,0.1
0.8,0.1
0.8,0.1
0.8,0.1
0.8,0.1
0.8,0.1
0.8,0.1
0.8,0.1
0.8,0.1
0.8,0.1
0.8,0.1
0.8,0.1
0.8,0.1
0.8,0.1
0.8,0.1
0.8,0.1
0.8,0.1
0.8,0.1
0.8,0.1
0.8,0.1
0.8,0.1
0.8,0.1
0.8,0.1
0.8,0.1
0.8,0.1
0.8,0.1
0.8,0.1
0.8,0.1
0.8,0.1
0.8,0.1
0.8,0.1
0.8,0.1
0.8,0.1
0.8,0.1
0.8,0.1
0.8,0.1
0.8,0.1
0.8,0.1
0.8,0.1
0.8,0.1
0.8,0.1
0.8,0.1
0.8,0.1
0.8,0.1
0.8,0.1
0.8,0.1
0.8,0.1
0.8,0.1
0.8,0.1
0.8,0.1
0.8,0.1
0.8,0.1
0.8,0.1
0.8,0.1
0.8,0.1
0.8,0.1
0.8,0.1
0.8,0.1
0.8,0.1
0.8,0.1
0.8,0.1
0.8,0.1
0.8,0.1
0.8,0.1
0.8,0.1
0.8,0.1
0.8,0.1
0.8,0.1
0.8,0.1
0.8,0.1
0.8,0.1
0.8,0.1
0.8,0.1
0.8,0.1
0.8,0.1
0.8,0.1
0.8,0.1
0.8,0.1
0.8,0.1
0.8,0.1
0.8,0.1
0.8,0.1
0.8,0.1
0.8,0.1
0.8,0.1
0.8,0.1
0.8,0.1
0.8,0.1
0.8,0.1
0.8,0.1
0.8,0.1
0.8,0.1
0.8,0.1
0.8,0.1
0.8,0.1
0.8,0.1
0.8,0.1
0.8,0.1
0.8,0.1
0.8,0.1
0.8,0.1
0.8,0.1
0.8,0.1
0.8,0.1
0.8,0.1
0.8,0.1
0.8,0.1
0.8,0.1
0.8,0.1
0.8,0.1
0.8,0.1
0.8,0.1
0.8,0.1
0.8,0.1
0.8,0.1
0.8,0.1
0.8,0.1
0.8,0.1
0.8,0.1
0.8,0.1
0.8,0.1
0.8,0.1
0.8,0.1
0.8,0.1
0.8,0.1
0.8,0.1
0.8,0.1
0.8,0.1
0.8,0.1
0.8,0.1
0.8,0.1
0.8,0.1
0.8,0.1
0.8,0.1
0.8,0.1
0.8,0.1
0.8,0.1
0.8,0.1
0.8,0.1
0.8,0.1
0.8,0.1
0.8,0.1
0.8,0.1
0.8,0.1
0.8,0.1
0.8,0.1
0.8,0.1
0.8,0.1
0.8,0.1
0.8,0.1
0.8,0.1
0.8,0.1
0.8,0.1
0.8,0.1
0.8,0.1
0.8,0.1
0.8,0.1
0.8,0.1
0.8,0.1
0.8,0.1
0.8,0.1
0.8,0.1
0.8,0.1
0.8,0.1
0.8,0.1
0.8,0.1
0.8,0.1
0.8,0.1
0.8,0.1
0.8,0.1
0.8,0.1
0.8,0.1
0.8,0.1
0.8,0.1
0.8,0.1
0.8,0.1
0.8,0.1
0.8,0.1
0.8,0.1
0.8,0.1
0.8,0.1
0.8,0.1
0.8,0.1
0.8,0.1
0.8,0.1
0.8,0.1
0.8,0.1
0.8,0.1
0.8,0.1
0.8,0.1
0.8,0.1
0.8,0.1
0.8,0.1
0.8,0.1
0.8,0.1
0.8,0.1
0.8,0.1
0.8,0.1
0.8,0.1
0.8,0.1
0.8,0.1
0.8,0.1
0.8,0.1
0.8,0.1
0.8,0.1
0.8,0.1
0.8,0.1
0.8,0.1
0.8,0.1
0.8,0.1
0.8,0.1
0.8,0.1
0.8,0.1
0.8,0.1
0.8,0.1
0.8,0.1
0.8,0.1
0.8,0.1
0.8,0.1
0.8,0.1
0.8,0.1
0.8,0.1
0.8,0.1
0.8,0.1
0.8,0.1
0.8,0.1
0.8,0.1
0.8,0.1
0.8,0.1
0.8,0.1
0.8,0.1
0.8,0.1
0.8,0.1
0.8,0.1
0.8,0.1
0.8,0.1
0.8,0.1
0.8,0.1
0.8,0.1
0.8,0.1
0.8,0.1
0.8,0.1
0.8,0.1
0.8,0.1
0.8,0.1
0.8,0.1
0.8,0.1
0.8,0.1
0.8,0.1
0.8,0.1
0.8,0.1
0.8,0.1
0.8,0.1
0.8,0.1
0.8,0.1
0.8,0.1
0.8,0.1
0.8,0.1
0.8,0.1
0.8,0.1
0.8,0.1
0.8,0.1
0.8,0.1
0.8,0.1
0.8,0.1
0.8,0.1
0.8,0.1
0.8,0.1
0.8,0.1
0.8,0.1
0.8,0.1
0.8,0.1
0.8,0.1
0.8,0.1
0.8,0.1
0.8,0.1
0.8,0.1
0.8,0.1
0.8,0.1
0.8,0.1
0.8,0.1
0.8,0.1
0.8,0.1
0.8,0.1
0.8,0.1
0.8,0.1
0.8,0.1
0.8,0.1
0.8,0.1
0.8,0.1
0.8,0.1
0.8,0.1
0.8,0.1
0.8,0.1
0.8,0.1
0.8,0.1
0.8,0.1
0.8,0.1
0.8,0.1
0.8,0.1
0.8,0.1
0.8,0.1
0.8,0.1
0.8,0.1
0.8,0.1
0.8,0.1
0.8,0.1
0.8,0.1
0.8,0.1
0.8,0.1
0.8,0.1
0.8,0.1
0.8,0.1
0.8,0.1
0.8,0.1
0.8,0.1
0.8,0.1
0.8,0.1
0.8,0.1
0.8,0.1
0.8,0.1
0.8,0.1
0.8,0.1
0.8,0.1
0.8,0.1
0.8,0.1
0.8,0.1
0.8,0.1
0.8,0.1
0.8,0.1
0.8,0.1
0.8,0.1
0.8,0.1
0.8,0.1
0.8,0.1
0.8,0.1
0.8,0.1
0.8,0.1
0.8,0.1
0.8,0.1
0.8,0.1
0.8,0.1
0.8,0.1
0.8,0.1
0.8,0.1
0.8,0.1
0.8,0.1
0.8,0.1
0.8,0.1
0.8,0.1
0.8,0.1
0.8,0.1
0.8,0.1
0.8,0.1
0.8,0.1
0.8,0.1
0.8,0.1
0.8,0.1
0.8,0.1
0.8,0.1
0.8,0.1
0.8,0.1
0.8,0.1
0.8,0.1
0.8,0.1
0.8,0.1
0.8,0.1
0.8,0.1
0.8,0.1
0.8,0.1
0.8,0.1
0.8,0.1
0.8,0.1
0.8,0.1
0.8,0.1
0.8,0.1
0.8,0.1
0.8,0.1
0.8,0.1
0.8,0.1
0.8,0.1
0.8,0.1
0.8,0.1
0.8,0.1
0.8,0.1
0.8,0.1
0.8,0.1
0.8,0.1
0.8,0.1
0.8,0.1
0.8,0.1
0.8,0.1
0.8,0.1
0.8,0.1
0.8,0.1
0.8,0.1
0.8,0.1
0.8,0.1
0.8,0.1
0.8,0.1
0.8,0.1
0.8,0.1
0.8,0.1
0.8,0.1
0.8,0.1
0.8,0.1
0.8,0.1
0.8,0.1
0.8,0.1
0.8,0.1
0.8,0.1
0.8,0.1
0.8,0.1
0.8,0.1
0.8,0.1
0.8,0.1
0.8,0.1
0.8,0.1
0.8,0.1
0.8,0.1
0.8,0.1
0.8,0.1
0.8,0.1
0.8,0.1
0.8,0.1
0.8,0.1
0.8,0.1
0.8,0.1
0.8,0.1
0.8,0.1
0.8,0.1
0.8,0.1
0.8,0.1
0.8,0.1
0.8,0.1
0.8,0.1
0.8,0.1
0.8,0.1
0.8,0.1
0.8,0.1
0.8,0.1
0.8,0.1
0.8,0.1
0.8,0.1
0.8,0.1
0.8,0.1
0.8,0.1
0.8,0.1
0.8,0.1
0.8,0.1
0.8,0.1
0.8,0.1
0.8,0.1
0.8,0.1
0.8,0.1
0.8,0.1
0.8,0.1
0.8,0.1
0.8,0.1
0.8,0.1
0.8,0.1
0.8,0.1
0.8,0.1
0.8,0.1
0.8,0.1
0.8,0.1
0.8,0.1
0.8,0.1
0.8,0.1
0.8,0.1
0.8,0.1
0.8,0.1
0.8,0.1
0.8,0.1
0.8,0.1
0.8,0.1
0.8,0.1
0.8,0.1
0.8,0.1
0.8,0.1
0.8,0.1
0.8,0.1
0.8,0.1
0.8,0.1
0.8,0.1
0.8,0.1
0.8,0.1
0.8,0.1
0.8,0.1
0.8,0.1
0.8,0.1
0.8,0.1
0.8,0.1
0.8,0.1
0.8,0.1
0.8,0.1
0.8,0.1
0.8,0.1
0.8,0.1
0.8,0.1
0.8,0.1
0.8,0.1
0.8,0.1
0.8,0.1
0.8,0.1
0.8,0.1
0.8,0.1
0.8,0.1
0.8,0.1
0.8,0.1
0.8,0.1
0.8,0.1
0.8,0.1
0.8,0.1
0.8,0.1
0.8,0.1
0.8,0.1
0.8,0.1
0.8,0.1
0.8,0.1
0.8,0.1
0.8,0.1
0.8,0.1
0.8,0.1
0.8,0.1
0.8,0.1
0.8,0.1
0.8,0.1
0.8,0.1
0.8,0.1
0.8,0.1
0.8,0.1
0.8,0.1
0.8,0.1
0.8,0.1
0.8,0.1
0.8,0.1
0.8,0.1
0.8,0.1
0.8,0.1
0.8,0.1
0.8,0.1
0.8,0.1
0.8,0.1
0.8,0.1
0.8,0.1
0.8,0.1
0.8,0.1
0.8,0.1
0.8,0.1
0.8,0.1
0.8,0.1
0.8,0.1
0.8,0.1
0.8,0.1
0.8,0.1
0.8,0.1
0.8,0.1
0.8,0.1
0.8,0.1
0.8,0.1
0.8,0.1
0.8,0.1
0.8,0.1
0.8,0.1
0.8,0.1
0.8,0.1
0.8,0.1
0.8,0.1
0.8,0.1
0.8,0.1
0.8,0.1
0.8,0.1
0.8,0.1
0.8,0.1
0.8,0.1
0.8,0.1
0.8,0.1
0.8,0.1
0.8,0.1
0.8,0.1
0.8,0.1
0.8,0.1
0.8,0.1
0.8,0.1
0.8,0.1
0.8,0.1
0.8,0.1
0.8,0.1
0.8,0.1
0.8,0.1
0.8,0.1
0.8,0.1
0.8,0.1
0.8,0.1
0.8,0.1
0.8,0.1
0.8,0.1
0.8,0.1
0.8,0.1
0.8,0.1
0.8,0.1
0.8,0.1
0.8,0.1
0.8,0.1
0.8,0.1
0.8,0.1
0.8,0.1
0.8,0.1
0.8,0.1
0.8,0.1
0.8,0.1
0.8,0.1
0.8,0.1
0.8,0.1
0.8,0.1
0.8,0.1
0.8,0.1
0.8,0.1
0.8,0.1
0.8,0.1
0.8,0.1
0.8,0.1
0.8,0.1
0.8,0.1
0.8,0.1
0.8,0.1
0.8,0.1
0.8,0.1
0.8,0.1
0.8,0.1
0.8,0.1
0.8,0.1
0.8,0.1
0.8,0.1
0.8,0.1
0.8,0.1
0.8,0.1
0.8,0.1
0.8,0.1
0.8,0.1
0.8,0.1
0.8,0.1
0.8,0.1
0.8,0.1
0.8,0.1
0.8,0.1
0.8,0.1
0.8,0.1
0.8,0.1
0.8,0.1
0.8,0.1
0.8,0.1
0.8,0.1
0.8,0.1
0.8,0.1
0.8,0.1
0.8,0.1
0.8,0.1
0.8,0.1
0.8,0.1
0.8,0.1
0.8,0.1
0.8,0.1
0.8,0.1
0.8,0.1
0.8,0.1
0.8,0.1
0.8,0.1
0.8,0.1
0.8,0.1
0.8,0.1
0.8,0.1
0.8,0.1
0.8,0.1
0.8,0.1
0.8,0.1
0.8,0.1
0.8,0.1
0.8,0.1
0.8,0.1
0.8,0.1
0.8,0.1
0.8,0.1
0.8,0.1
0.8,0.1
0.8,0.1
0.8,0.1
0.8,0.1
0.8,0.1
0.8,0.1
0.8,0.1
0.8,0.1
0.8,0.1
0.8,0.1
0.8,0.1
0.8,0.1
0.8,0.1
0.8,0.1
0.8,0.1
0.8,0.1
0.8,0.1
0.8,0.1
0.8,0.1
0.8,0.1
0.8,0.1
0.8,0.1
0.8,0.1
0.8,0.1
0.8,0.1
0.8,0.1
0.8,0.1
0.8,0.1
0.8,0.1
0.8,0.1
0.8,0.1
0.8,0.1
0.8,0.1
0.8,0.1
0.8,0.1
0.8,0.1
0.8,0.1
0.8,0.1
0.8,0.1
0.8,0.1
0.8,0.1
0.8,0.1
0.8,0.1
0.8,0.1
0.8,0.1
0.8,0.1
0.8,0.1
0.8,0.1
0.8,0.1
0.8,0.1
0.8,0.1
0.8,0.1
0.8,0.1
0.8,0.1
0.8,0.1
0.8,0.1
0.8,0.1
0.8,0.1
0.8,0.1
0.8,0.1
0.8,0.1
0.8,0.1
0.8,0.1
0.8,0.1
0.8,0.1
0.8,0.1
0.8,0.1
0.8,0.1
0.8,0.1
0.8,0.1
0.8,0.1
0.8,0.1
0.8,0.1
0.8,0.1
0.8,0.1
0.8,0.1
0.8,0.1
0.8,0.1
0.8,0.1
0.8,0.1
0.8,0.1
0.8,0.1
0.8,0.1
0.8,0.1
0.8,0.1
0.8,0.1
0.8,0.1
0.8,0.1
0.8,0.1
0.8,0.1
0.8,0.1
0.8,0.1
0.8,0.1
0.8,0.1
0.8,0.1
0.8,0.1
0.8,0.1
0.8,0.1
0.8,0.1
0.8,0.1
0.8,0.1
0.8,0.1
0.8,0.1
0.8,0.1
0.8,0.1
0.8,0.1
0.8,0.1
0.8,0.1
0.8,0.1
0.8,0.1
0.8,0.1
0.8,0.1
0.8,0.1
0.8,0.1
0.8,0.1
0.8,0.1
0.8,0.1
0.8,0.1
0.8,0.1
0.8,0.1
0.8,0.1
0.8,0.1
0.8,0.1
0.8,0.1
0.8,0.1
0.8,0.1
0.8,0.1
0.8,0.1
0.8,0.1
0.8,0.1
0.8,0.1
0.8,0.1
0.8,0.1
0.8,0.1
0.8,0.1
0.8,0.1
0.8,0.1
0.8,0.1
0.8,0.1
0.8,0.1
0.8,0.1
0.8,0.1
0.8,0.1
0.8,0.1
0.8,0.1
0.8,0.1
0.8,0.1
0.8,0.1
0.8,0.1
0.8,0.1
0.8,0.1
0.8,0.1
0.8,0.1
0.8,0.1
0.8,0.1
0.8,0.1
0.8,0.1
0.8,0.1
0.8,0.1
0.8,0.1
0.8,0.1
0.8,0.1
0.8,0.1
0.8,0.1
0.8,0.1
0.8,0.1
0.8,0.1
0.8,0.1
0.8,0.1
0.8,0.1
0.8,0.1
0.8,0.1
0.8,0.1
0.8,0.1
0.8,0.1
0.8,0.1
0.8,0.1
0.8,0.1
0.8,0.1
0.8,0.1
0.8,0.1
0.8,0.1
0.8,0.1
0.8,0.1
0.8,0.1
0.8,0.1
0.8,0.1
0.8,0.1
0.8,0.1
0.8,0.1
0.8,0.1
0.8,0.1
0.8,0.1
0.8,0.1
0.8,0.1
0.8,0.1
0.8,0.1
0.8,0.1
0.8,0.1
0.8,0.1
0.8,0.1
0.8,0.1
0.8,0.1
0.8,0.1
0.8,0.1
0.8,0.1
0.8,0.1
0.8,0.1
0.8,0.1
0.8,0.1
0.7942,0.1058
0.7883,0.1117
0.7825,0.1175
0.7767,0.1233
0.7708,0.1292
0.765,0.135
0.7592,0.1408
0.7533,0.1467
0.7475,0.1525
0.7417,0.1583
0.7358,0.1642
0.73,0.17
0.7242,0.1758
0.7183,0.1817
0.7125,0.1875
0.7067,0.1933
0.7008,0.1992
0.695,0.205
0.6892,0.2108
0.6833,0.2167
0.6775,0.2225
0.6717,0.2283
0.6658,0.2342
0.66,0.24
0.6542,0.2458
0.6483,0.2517
0.6425,0.2575
0.6367,0.2633
0.6308,0.2692
0.625,0.275
0.6192,0.2808
0.6133,0.2867
0.6075,0.2925
0.6017,0.2983
0.5958,0.3042
0.59,0.31
0.5842,0.3158
0.5783,0.3217
0.5725,0.3275
0.5667,0.3333
0.5608,0.3392
0.555,0.345
0.5492,0.3508
0.5433,0.3567
0.5375,0.3625
0.5317,0.3683
0.5258,0.3742
0.52,0.38
0.5142,0.3858
0.5083,0.3917
0.5025,0.3975
0.4967,0.4033
0.4908,0.4092
0.485,0.415
0.4792,0.4208
0.4733,0.4267
0.4675,0.4325
0.4617,0.4383
0.4558,0.4442
0.45,0.45
0.4442,0.4558
0.4383,0.4617
0.4325,0.4675
0.4267,0.4733
0.4208,0.4792
0.415,0.485
0.4092,0.4908
0.4033,0.4967
0.3975,0.5025
0.3917,0.5083
0.3858,0.5142
0.38,0.52
0.3742,0.5258
0.3683,0.5317
0.3625,0.5375
0.3567,0.5433
0.3508,0.5492
0.345,0.555
0.3392,0.5608
0.3333,0.5667
0.3275,0.5725
0.3217,0.5783
0.3158,0.5842
0.31,0.59
0.3042,0.5958
0.2983,0.6017
0.2925,0.6075
0.2867,0.6133
0.2808,0.6192
0.275,0.625
0.2692,0.6308
0.2633,0.6367
0.2575,0.6425
0.2517,0.6483
0.2458,0.6542
0.24,0.66
0.2342,0.6658
0.2283,0.6717
0.2225,0.6775
0.2167,0.6833
0.2108,0.6892
0.205,0.695
0.1992,0.7008
0.1933,0.7067
0.1875,0.7125
0.1817,0.7183
0.1758,0.7242
0.17,0.73
0.1642,0.7358
0.1583,0.7417
0.1525,0.7475
0.1467,0.7533
0.1408,0.7592
0.135,0.765
0.1292,0.7708
0.1233,0.7767
0.1175,0.7825
0.1117,0.7883
0.1058,0.7942
0.1,0.8
0.1,0.8
0.1,0.8
0.1,0.8
0.1,0.8
0.1,0.8
0.1,0.8
0.1,0.8
0.1,0.8
0.1,0.8
0.1,0.8
0.1,0.8
0.1,0.8
0.1,0.8
0.1,0.8
0.1,0.8
0.1,0.8
0.1,0.8
0.1,0.8
0.1,0.8
0.1,0.8
0.1,0.8
0.1,0.8
0.1,0.8
0.1,0.8
0.1,0.8
0.1,0.8
0.1,0.8
0.1,0.8
0.1,0.8
0.1,0.8
0.1,0.8
0.1,0.8
0.1,0.8
0.1,0.8
0.1,0.8
0.1,0.8
0.1,0.8
0.1,0.8
0.1,0.8
0.1,0.8
0.1,0.8
0.1,0.8
0.1,0.8
0.1,0.8
0.1,0.8
0.1,0.8
0.1,0.8
0.1,0.8
0.1,0.8
0.1,0.8
0.1,0.8
0.1,0.8
0.1,0.8
0.1,0.8
0.1,0.8
0.1,0.8
0.1,0.8
0.1,0.8
0.1,0.8
0.1,0.8
0.1,0.8
0.1,0.8
0.1,0.8
0.1,0.8
0.1,0.8
0.1,0.8
0.1,0.8
0.1,0.8
0.1,0.8
0.1,0.8
0.1,0.8
0.1,0.8
0.1,0.8
0.1,0.8
0.1,0.8
0.1,0.8
0.1,0.8
0.1,0.8
0.1,0.8
0.1,0.8
0.1,0.8
0.1,0.8
0.1,0.8
0.1,0.8
0.1,0.8
0.1,0.8
0.1,0.8
0.1,0.8
0.1,0.8
0.1,0.8
0.1,0.8
0.1,0.8
0.1,0.8
0.1,0.8
0.1,0.8
0.1,0.8
0.1,0.8
0.1,0.8
0.1,0.8
0.1,0.8
0.1,0.8
0.1,0.8
0.1,0.8
0.1,0.8
0.1,0.8
0.1,0.8
0.1,0.8
0.1,0.8
0.1,0.8
0.1,0.8
0.1,0.8
0.1,0.8
0.1,0.8
0.1,0.8
0.1,0.8
0.1,0.8
0.1,0.8
0.1,0.8
0.1,0.8
0.1,0.8
0.1,0.8
0.1,0.8
0.1,0.8
0.1,0.8
0.1,0.8
0.1,0.8
0.1,0.8
0.1,0.8
0.1,0.8
0.1,0.8
0.1,0.8
0.1,0.8
0.1,0.8
0.1,0.8
0.1,0.8
0.1,0.8
0.1,0.8
0.1,0.8
0.1,0.8
0.1,0.8
0.1,0.8
0.1,0.8
0.1,0.8
0.1,0.8
0.1,0.8
0.1,0.8
0.1,0.8
0.1,0.8
0.1,0.8
0.1,0.8
0.1,0.8
0.1,0.8
0.1,0.8
0.1,0.8
0.1,0.8
0.1,0.8
0.1,0.8
0.1,0.8
0.1,0.8
0.1,0.8
0.1,0.8
0.1,0.8
0.1,0.8
0.1,0.8
0.1,0.8
0.1,0.8
0.1,0.8
0.1,0.8
0.1,0.8
0.1,0.8
0.1,0.8
0.1,0.8
0.1,0.8
0.1,0.8
0.1,0.8
0.1,0.8
0.1,0.8
0.1,0.8
0.1,0.8
0.1,0.8
0.1,0.8
0.1,0.8
0.1,0.8
0.1,0.8
0.1,0.8
0.1,0.8
0.1,0.8
0.1,0.8
0.1,0.8
0.1,0.8
0.1,0.8
0.1,0.8
0.1,0.8
0.1,0.8
0.1,0.8
0.1,0.8
0.1,0.8
0.1,0.8
0.1,0.8
0.1,0.8
0.1,0.8
0.1,0.8
0.1,0.8
0.1,0.8
0.1,0.8
0.1,0.8
0.1,0.8
0.1,0.8
0.1,0.8
0.1,0.8
0.1,0.8
0.1,0.8
0.1,0.8
0.1,0.8
0.1,0.8
0.1,0.8
0.1,0.8
0.1,0.8
0.1,0.8
0.1,0.8
0.1,0.8
0.1,0.8
0.1,0.8
0.1,0.8
0.1,0.8
0.1,0.8
0.1,0.8
0.1,0.8
0.1,0.8
0.1,0.8
0.1,0.8
0.1,0.8
0.1,0.8
0.1,0.8
0.1,0.8
0.1,0.8
0.1,0.8
0.1,0.8
0.1,0.8
0.1,0.8
0.1,0.8
0.1,0.8
0.1,0.8
0.1,0.8
0.1,0.8
0.1,0.8
0.1,0.8
0.1,0.8
0.1,0.8
0.1,0.8
0.1,0.8
0.1,0.8
0.1,0.8
0.1,0.8
0.1,0.8
0.1,0.8
0.1,0.8
0.1,0.8
0.1,0.8
0.1,0.8
0.1,0.8
0.1,0.8
0.1,0.8
0.1,0.8
0.1,0.8
0.1,0.8
0.1,0.8
0.1,0.8
0.1,0.8
0.1,0.8
0.1,0.8
0.1,0.8
0.1,0.8
0.1,0.8
0.1,0.8
0.1,0.8
0.1,0.8
0.1,0.8
0.1,0.8
0.1,0.8
0.1,0.8
0.1,0.8
0.1,0.8
0.1,0.8
0.1,0.8
0.1,0.8
0.1,0.8
0.1,0.8
0.1,0.8
0.1,0.8
0.1,0.8
0.1,0.8
0.1,0.8
0.1,0.8
0.1,0.8
0.1,0.8
0.1,0.8
0.1,0.8
0.1,0.8
0.1,0.8
0.1,0.8
0.1,0.8
0.1,0.8
0.1,0.8
0.1,0.8
0.1,0.8
0.1,0.8
0.1,0.8
0.1,0.8
0.1,0.8
0.1,0.8
0.1,0.8
0.1,0.8
0.1,0.8
0.1,0.8
0.1,0.8
0.1,0.8
0.1,0.8
0.1,0.8
0.1,0.8
0.1,0.8
0.1,0.8
0.1,0.8
0.1,0.8
0.1,0.8
0.1,0.8
0.1,0.8
0.1,0.8
0.1,0.8
0.1,0.8
0.1,0.8
0.1,0.8
0.1,0.8
0.1,0.8
0.1,0.8
0.1,0.8
0.1,0.8
0.1,0.8
0.1,0.8
0.1,0.8
0.1,0.8
0.1,0.8
0.1,0.8
0.1,0.8
0.1,0.8
0.1,0.8
0.1,0.8
0.1,0.8
0.1,0.8
0.1,0.8
0.1,0.8
0.1,0.8
0.1,0.8
0.1,0.8
0.1,0.8
0.1,0.8
0.1,0.8
0.1,0.8
0.1,0.8
0.1,0.8
0.1,0.8
0.1,0.8
0.1,0.8
0.1,0.8
0.1,0.8
0.1,0.8
0.1,0.8
0.1,0.8
0.1,0.8
0.1,0.8
0.1,0.8
0.1,0.8
0.1,0.8
0.1,0.8
0.1,0.8
0.1,0.8
0.1,0.8
0.1,0.8
0.1,0.8
0.1,0.8
0.1,0.8
0.1,0.8
0.1,0.8
0.1,0.8
0.1,0.8
0.1,0.8
0.1,0.8
0.1,0.8
0.1,0.8
0.1,0.8
0.1,0.8
0.1,0.8
0.1,0.8
0.1,0.8
0.1,0.8
0.1,0.8
0.1,0.8
0.1,0.8
0.1,0.8
0.1,0.8
0.1,0.8
0.1,0.8
0.1,0.8
0.1,0.8
0.1,0.8
0.1,0.8
0.1,0.8
0.1,0.8
0.1,0.8
0.1,0.8
0.1,0.8
0.1,0.8
0.1,0.8
0.1,0.8
0.1,0.8
0.1,0.8
0.1,0.8
0.1,0.8
0.1,0.8
0.1,0.8
0.1,0.8
0.1,0.8
0.1,0.8
0.1,0.8
0.1,0.8
0.1,0.8
0.1,0.8
0.1,0.8
0.1,0.8
0.1,0.8
0.1,0.8
0.1,0.8
0.1,0.8
0.1,0.8
0.1,0.8
0.1,0.8
0.1,0.8
0.1,0.8
0.1,0.8
0.1,0.8
0.1,0.8
0.1,0.8
0.1,0.8
0.1,0.8
0.1,0.8
0.1,0.8
0.1,0.8
0.1,0.8
0.1,0.8
0.1,0.8
0.1,0.8
0.1,0.8
0.1,0.8
0.1,0.8
0.1,0.8
0.1,0.8
0.1,0.8
0.1,0.8
0.1,0.8
0.1,0.8
0.1,0.8
0.1,0.8
0.1,0.8
0.1,0.8
0.1,0.8
0.1,0.8
0.1,0.8
0.1,0.8
0.1,0.8
0.1,0.8
0.1,0.8
0.1,0.8
0.1,0.8
0.1,0.8
0.1,0.8
0.1,0.8
0.1,0.8
0.1,0.8
0.1,0.8
0.1,0.8
0.1,0.8
0.1,0.8
0.1,0.8
0.1,0.8
0.1,0.8
0.1,0.8
0.1,0.8
0.1,0.8
0.1,0.8
0.1,0.8
0.1,0.8
0.1,0.8
0.1,0.8
0.1,0.8
0.1,0.8
0.1,0.8
0.1,0.8
0.1,0.8
0.1,0.8
0.1,0.8
0.1,0.8
0.1,0.8
0.1,0.8
0.1,0.8
0.1,0.8
0.1,0.8
0.1,0.8
0.1,0.8
0.1,0.8
0.1,0.8
0.1,0.8
0.1,0.8
0.1,0.8
0.1,0.8
0.1,0.8
0.1,0.8
0.1,0.8
0.1,0.8
0.1,0.8
0.1,0.8
0.1,0.8
0.1,0.8
0.1,0.8
0.1,0.8
0.1,0.8
0.1,0.8
0.1,0.8
0.1,0.8
0.1,0.8
0.1,0.8
0.1,0.8
0.1,0.8
0.1,0.8
0.1,0.8
0.1,0.8
0.1,0.8
0.1,0.8
0.1,0.8
0.1,0.8
0.1,0.8
0.1,0.8
0.1,0.8
0.1,0.8
0.1,0.8
0.1,0.8
0.1,0.8
0.1,0.8
0.1,0.8
0.1,0.8
0.1,0.8
0.1,0.8
0.1,0.8
0.1,0.8
0.1,0.8
0.1,0.8
0.1,0.8
0.1,0.8
0.1,0.8
0.1,0.8
0.1,0.8
0.1,0.8
0.1,0.8
0.1,0.8
0.1,0.8
0.1,0.8
0.1,0.8
0.1,0.8
0.1,0.8
0.1,0.8
0.1,0.8
0.1,0.8
0.1,0.8
0.1,0.8
0.1,0.8
0.1,0.8
0.1,0.8
0.1,0.8
0.1,0.8
0.1,0.8
0.1,0.8
0.1,0.8
0.1,0.8
0.1,0.8
0.1,0.8
0.1,0.8
0.1,0.8
0.1,0.8
0.1,0.8
0.1,0.8
0.1,0.8
0.1,0.8
0.1,0.8
0.1,0.8
0.1,0.8
0.1,0.8
0.1,0.8
0.1,0.8
0.1,0.8
0.1,0.8
0.1,0.8
0.1,0.8
0.1,0.8
0.1,0.8
0.1,0.8
0.1,0.8
0.1,0.8
0.1,0.8
0.1,0.8
0.1,0.8
0.1,0.8
0.1,0.8
0.1,0.8
0.1,0.8
0.1,0.8
0.1,0.8
0.1,0.8
0.1,0.8
0.1,0.8
0.1,0.8
0.1,0.8
0.1,0.8
0.1,0.8
0.1,0.8
0.1,0.8
0.1,0.8
0.1,0.8
0.1,0.8
0.1,0.8
0.1,0.8
0.1,0.8
0.1,0.8
0.1,0.8
0.1,0.8
0.1,0.8
0.1,0.8
0.1,0.8
0.1,0.8
0.1,0.8
0.1,0.8
0.1,0.8
0.1,0.8
0.1,0.8
0.1,0.8
0.1,0.8
0.1,0.8
0.1,0.8
0.1,0.8
0.1,0.8
0.1,0.8
0.1,0.8
0.1,0.8
0.1,0.8
0.1,0.8
0.1,0.8
0.1,0.8
0.1,0.8
0.1,0.8
0.1,0.8
0.1,0.8
0.1,0.8
0.1,0.8
0.1,0.8
0.1,0.8
0.1,0.8
0.1,0.8
0.1,0.8
0.1,0.8
0.1,0.8
0.1,0.8
0.1,0.8
0.1,0.8
0.1,0.8
0.1,0.8
0.1,0.8
0.1,0.8
0.1,0.8
0.1,0.8
0.1,0.8
0.1,0.8
0.1,0.8
0.1,0.8
0.1,0.8
0.1,0.8
0.1,0.8
0.1,0.8
0.1,0.8
0.1,0.8
0.1,0.8
0.1,0.8
0.1,0.8
0.1,0.8
0.1,0.8
0.1,0.8
0.1,0.8
0.1,0.8
0.1,0.8
0.1,0.8
0.1,0.8
0.1,0.8
0.1,0.8
0.1,0.8
0.1,0.8
0.1,0.8
0.1,0.8
0.1,0.8
0.1,0.8
0.1,0.8
0.1,0.8
0.1,0.8
0.1,0.8
0.1,0.8
0.1,0.8
0.1,0.8
0.1,0.8
0.1,0.8
0.1,0.8
0.1,0.8
0.1,0.8
0.1,0.8
0.1,0.8
0.1,0.8
0.1,0.8
0.1,0.8
0.1,0.8
0.1,0.8
0.1,0.8
0.1,0.8
0.1,0.8
0.1,0.8
0.1,0.8
0.1,0.8
0.1,0.8
0.1,0.8
0.1,0.8
0.1,0.8
0.1,0.8
0.1,0.8
0.1,0.8
0.1,0.8
0.1,0.8
0.1,0.8
0.1,0.8
0.1,0.8
0.1,0.8
0.1,0.8
0.1,0.8
0.1,0.8
0.1,0.8
0.1,0.8
0.1,0.8
0.1,0.8
0.1,0.8
0.1,0.8
0.1,0.8
0.1,0.8
0.1,0.8
0.1,0.8
0.1,0.8
0.1,0.8
0.1,0.8
0.1,0.8
0.1,0.8
0.1,0.8
0.1,0.8
0.1,0.8
0.1,0.8
0.1,0.8
0.1,0.8
0.1,0.8
0.1,0.8
0.1,0.8
0.1,0.8
0.1,0.8
0.1,0.8
0.1,0.8
0.1,0.8
0.1,0.8
0.1,0.8
0.1,0.8
0.1,0.8
0.1,0.8
0.1,0.8
0.1,0.8
0.1,0.8
0.1,0.8
0.1,0.8
0.1,0.8
0.1,0.8
0.1,0.8
0.1,0.8
0.1,0.8
0.1,0.8
0.1,0.8
0.1,0.8
0.1,0.8
0.1,0.8
0.1,0.8
0.1,0.8
0.1,0.8
0.1,0.8
0.1,0.8
0.1,0.8
0.1,0.8
0.1,0.8
0.1,0.8
0.1,0.8
0.1,0.8
0.1,0.8
0.1,0.8
0.1,0.8
0.1,0.8
0.1,0.8
0.1,0.8
0.1,0.8
0.1,0.8
0.1,0.8
0.1,0.8
0.1,0.8
0.1,0.8
0.1,0.8
0.1,0.8
0.1,0.8
0.1,0.8
0.1,0.8
0.1,0.8
0.1,0.8
0.1,0.8
0.1,0.8
0.1,0.8
0.1,0.8
0.1,0.8
0.1,0.8
0.1,0.8
0.1,0.8
0.1,0.8
0.1,0.8
0.1,0.8
0.1,0.8
0.1,0.8
0.1,0.8
0.1,0.8
0.1,0.8
0.1,0.8
0.1,0.8
0.1,0.8
0.1,0.8
0.1,0.8
0.1,0.8
0.1,0.8
0.1,0.8
0.1,0.8
0.1,0.8
0.1,0.8
0.1,0.8
0.1,0.8
0.1,0.8
0.1,0.8
0.1,0.8
0.1,0.8
0.1,0.8
0.1,0.8
0.1,0.8
0.1,0.8
0.1,0.8
0.1,0.8
0.1,0.8
0.1,0.8
0.1,0.8
0.1,0.8
0.1,0.8
0.1,0.8
0.1,0.8
0.1,0.8
0.1,0.8
0.1,0.8
0.1,0.8
0.1,0.8
0.1,0.8
0.1,0.8
0.1,0.8
0.1,0.8
0.1,0.8
0.1,0.8
0.1,0.8
0.1,0.8
0.1,0.8
0.1,0.8
0.1,0.8
0.1,0.8
0.1,0.8
0.1,0.8
0.1,0.8
0.1,0.8
0.1,0.8
0.1,0.8
0.1,0.8
0.1,0.8
0.1,0.8
0.1,0.8
0.1,0.8
0.1,0.8
0.1,0.8
0.1,0.8
0.1,0.8
0.1,0.8
0.1,0.8
0.1,0.8
0.1,0.8
0.1,0.8
0.1,0.8
0.1,0.8
0.1,0.8
0.1,0.8
0.1,0.8
0.1,0.8
0.1,0.8
0.1,0.8
0.1,0.8
0.1,0.8
0.1,0.8
0.1,0.8
0.1,0.8
0.1,0.8
0.1,0.8
0.1,0.8
0.1,0.8
0.1,0.8
0.1,0.8
0.1,0.8
0.1,0.8
0.1,0.8
0.1,0.8
0.1,0.8
0.1,0.8
0.1,0.8
0.1,0.8
0.1,0.8
0.1,0.8
0.1,0.8
0.1,0.8
0.1,0.8
0.1,0.8
0.1,0.8
0.1,0.8
0.1,0.8
0.1,0.8
0.1,0.8
0.1,0.8
0.1,0.8
0.1,0.8
0.1,0.8
0.1,0.8
0.1,0.8
0.1,0.8
0.1,0.8
0.1,0.8
0.1,0.8
0.1,0.8
0.1,0.8
0.1,0.8
0.1,0.8
0.1,0.8
0.1,0.8
0.1,0.8
0.1,0.8
0.1,0.8
0.1,0.8
0.1,0.8
0.1,0.8
0.1,0.8
0.1,0.8
0.1,0.8
0.1,0.8
0.1,0.8
0.1,0.8
0.1,0.8
0.1,0.8
0.1,0.8
0.1,0.8
0.1,0.8
0.1,0.8
0.1,0.8
0.1,0.8
0.1,0.8
0.1,0.8
0.1,0.8
0.1,0.8
0.1,0.8
0.1,0.8
0.1,0.8
0.1,0.8
0.1,0.8
0.1,0.8
0.1,0.8
0.1,0.8
0.1,0.8
0.1,0.8
0.1,0.8
0.1,0.8
0.1,0.8
0.1,0.8
0.1,0.8
0.1,0.8
0.1,0.8
0.1,0.8
0.1,0.8
0.1,0.8
0.1,0.8
0.1,0.8
0.1,0.8
0.1,0.8
0.1,0.8
0.1,0.8
0.1,0.8
0.1,0.8
0.1,0.8
0.1,0.8
0.1,0.8
0.1,0.8
0.1,0.8
0.1,0.8
0.1,0.8
0.1,0.8
0.1,0.8
0.1,0.8
0.1,0.8
0.1,0.8
0.1,0.8
0.1,0.8
0.1,0.8
0.1,0.8
0.1,0.8
0.1,0.8
0.1,0.8
0.1,0.8
0.1,0.8
0.1,0.8
0.1,0.8
0.1,0.8
0.1,0.8
0.1,0.8
0.1,0.8
0.1,0.8
0.1,0.8
0.1,0.8
0.1,0.8
0.1,0.8
0.1,0.8
0.1,0.8
0.1,0.8
0.1,0.8
0.1,0.8
0.1,0.8
0.1,0.8
0.1,0.8
0.1,0.8
0.1,0.8
0.1,0.8
0.1,0.8
0.1,0.8
0.1,0.8
0.1,0.8
0.1,0.8
0.1,0.8
0.1,0.8
0.1,0.8
0.1,0.8
0.1,0.8
0.1,0.8
0.1,0.8
0.1,0.8
0.1,0.8
0.1,0.8
0.1,0.8
0.1,0.8
0.1,0.8
0.1,0.8
0.1,0.8
0.1,0.8
0.1,0.8
0.1058,0.7942
0.1117,0.7883
0.1175,0.7825
0.1233,0.7767
0.1292,0.7708
0.135,0.765
0.1408,0.7592
0.1467,0.7533
0.1525,0.7475
0.1583,0.7417
0.1642,0.7358
0.17,0.73
0.1758,0.7242
0.1817,0.7183
0.1875,0.7125
0.1933,0.7067
0.1992,0.7008
0.205,0.695
0.2108,0.6892
0.2167,0.6833
0.2225,0.6775
0.2283,0.6717
0.2342,0.6658
0.24,0.66
0.2458,0.6542
0.2517,0.6483
0.2575,0.6425
0.2633,0.6367
0.2692,0.6308
0.275,0.625
0.2808,0.6192
0.2867,0.6133
0.2925,0.6075
0.2983,0.6017
0.3042,0.5958
0.31,0.59
0.3158,0.5842
0.3217,0.5783
0.3275,0.5725
0.3333,0.5667
0.3392,0.5608
0.345,0.555
0.3508,0.5492
0.3567,0.5433
0.3625,0.5375
0.3683,0.5317
0.3742,0.5258
0.38,0.52
0.3858,0.5142
0.3917,0.5083
0.3975,0.5025
0.4033,0.4967
0.4092,0.4908
0.415,0.485
0.4208,0.4792
0.4267,0.4733
0.4325,0.4675
0.4383,0.4617
0.4442,0.4558
0.45,0.45
0.4558,0.4442
0.4617,0.4383
0.4675,0.4325
0.4733,0.4267
0.4792,0.4208
0.485,0.415
0.4908,0.4092
0.4967,0.4033
0.5025,0.3975
0.5083,0.3917
0.5142,0.3858
0.52,0.38
0.5258,0.3742
0.5317,0.3683
0.5375,0.3625
0.5433,0.3567
0.5492,0.3508
0.555,0.345
0.5608,0.3392
0.5667,0.3333
0.5725,0.3275
0.5783,0.3217
0.5842,0.3158
0.59,0.31
0.5958,0.3042
0.6017,0.2983
0.6075,0.2925
0.6133,0.2867
0.6192,0.2808
0.625,0.275
0.6308,0.2692
0.6367,0.2633
0.6425,0.2575
0.6483,0.2517
0.6542,0.2458
0.66,0.24
0.6658,0.2342
0.6717,0.2283
0.6775,0.2225
0.6833,0.2167
0.6892,0.2108
0.695,0.205
0.7008,0.1992
0.7067,0.1933
0.7125,0.1875
0.7183,0.1817
0.7242,0.1758
0.73,0.17
0.7358,0.1642
0.7417,0.1583
0.7475,0.1525
0.7533,0.1467
0.7592,0.1408
0.765,0.135
0.7708,0.1292
0.7767,0.1233
0.7825,0.1175
0.7883,0.1117
0.7942,0.1058
0.8,0.1
0.8,0.1
0.8,0.1
0.8,0.1
0.8,0.1
0.8,0.1
0.8,0.1
0.8,0.1
0.8,0.1
0.8,0.1
0.8,0.1
0.8,0.1
0.8,0.1
0.8,0.1
0.8,0.1
0.8,0.1
0.8,0.1
0.8,0.1
0.8,0.1
0.8,0.1
0.8,0.1
0.8,0.1
0.8,0.1
0.8,0.1
0.8,0.1
0.8,0.1
0.8,0.1
0.8,0.1
0.8,0.1
0.8,0.1
0.8,0.1
0.8,0.1
0.8,0.1
0.8,0.1
0.8,0.1
0.8,0.1
0.8,0.1
0.8,0.1
0.8,0.1
0.8,0.1
0.8,0.1
0.8,0.1
0.8,0.1
0.8,0.1
0.8,0.1
0.8,0.1
0.8,0.1
0.8,0.1
0.8,0.1
0.8,0.1
0.8,0.1
0.8,0.1
0.8,0.1
0.8,0.1
0.8,0.1
0.8,0.1
0.8,0.1
0.8,0.1
0.8,0.1
0.8,0.1
0.8,0.1
0.8,0.1
0.8,0.1
0.8,0.1
0.8,0.1
0.8,0.1
0.8,0.1
0.8,0.1
0.8,0.1
0.8,0.1
0.8,0.1
0.8,0.1
0.8,0.1
0.8,0.1
0.8,0.1
0.8,0.1
0.8,0.1
0.8,0.1
0.8,0.1
0.8,0.1
0.8,0.1
0.8,0.1
0.8,0.1
0.8,0.1
0.8,0.1
0.8,0.1
0.8,0.1
0.8,0.1
0.8,0.1
0.8,0.1
0.8,0.1
0.8,0.1
0.8,0.1
0.8,0.1
0.8,0.1
0.8,0.1
0.8,0.1
0.8,0.1
0.8,0.1
0.8,0.1
0.8,0.1
0.8,0.1
0.8,0.1
0.8,0.1
0.8,0.1
0.8,0.1
0.8,0.1
0.8,0.1
0.8,0.1
0.8,0.1
0.8,0.1
0.8,0.1
0.8,0.1
0.8,0.1
0.8,0.1
0.8,0.1
0.8,0.1
0.8,0.1
0.8,0.1
0.8,0.1
0.8,0.1
0.8,0.1
0.8,0.1
0.8,0.1
0.8,0.1
0.8,0.1
0.8,0.1
0.8,0.1
0.8,0.1
0.8,0.1
0.8,0.1
0.8,0.1
0.8,0.1
0.8,0.1
0.8,0.1
0.8,0.1
0.8,0.1
0.8,0.1
0.8,0.1
0.8,0.1
0.8,0.1
0.8,0.1
0.8,0.1
0.8,0.1
0.8,0.1
0.8,0.1
0.8,0.1
0.8,0.1
0.8,0.1
0.8,0.1
0.8,0.1
0.8,0.1
0.8,0.1
0.8,0.1
0.8,0.1
0.8,0.1
0.8,0.1
0.8,0.1
0.8,0.1
0.8,0.1
0.8,0.1
0.8,0.1
0.8,0.1
0.8,0.1
0.8,0.1
0.8,0.1
0.8,0.1
0.8,0.1
0.8,0.1
0.8,0.1
0.8,0.1
0.8,0.1
0.8,0.1
0.8,0.1
0.8,0.1
0.8,0.1
0.8,0.1
0.8,0.1
0.8,0.1
0.8,0.1
0.8,0.1
0.8,0.1
0.8,0.1
0.8,0.1
0.8,0.1
0.8,0.1
0.8,0.1
0.8,0.1
0.8,0.1
0.8,0.1
0.8,0.1
0.8,0.1
0.8,0.1
0.8,0.1
0.8,0.1
0.8,0.1
0.8,0.1
0.8,0.1
0.8,0.1
0.8,0.1
0.8,0.1
0.8,0.1
0.8,0.1
0.8,0.1
0.8,0.1
0.8,0.1
0.8,0.1
0.8,0.1
0.8,0.1
0.8,0.1
0.8,0.1
0.8,0.1
0.8,0.1
0.8,0.1
0.8,0.1
0.8,0.1
0.8,0.1
0.8,0.1
0.8,0.1
0.8,0.1
0.8,0.1
0.8,0.1
0.8,0.1
0.8,0.1
0.8,0.1
0.8,0.1
0.8,0.1
0.8,0.1
0.8,0.1
0.8,0.1
0.8,0.1
0.8,0.1
0.8,0.1
0.8,0.1
0.8,0.1
0.8,0.1
0.8,0.1
0.8,0.1
0.8,0.1
0.8,0.1
0.8,0.1
0.8,0.1
0.8,0.1
0.8,0.1
0.8,0.1
0.8,0.1
0.8,0.1
0.8,0.1
0.8,0.1
0.8,0.1
0.8,0.1
0.8,0.1
0.8,0.1
0.8,0.1
0.8,0.1
0.8,0.1
0.8,0.1
0.8,0.1
0.8,0.1
0.8,0.1
0.8,0.1
0.8,0.1
0.8,0.1
0.8,0.1
0.8,0.1
0.8,0.1
0.8,0.1
0.8,0.1
0.8,0.1
0.8,0.1
0.8,0.1
0.8,0.1
0.8,0.1
0.8,0.1
0.8,0.1
0.8,0.1
0.8,0.1
0.8,0.1
0.8,0.1
0.8,0.1
0.8,0.1
0.8,0.1
0.8,0.1
0.8,0.1
0.8,0.1
0.8,0.1
0.8,0.1
0.8,0.1
0.8,0.1
0.8,0.1
0.8,0.1
0.8,0.1
0.8,0.1
0.8,0.1
0.8,0.1
0.8,0.1
0.8,0.1
0.8,0.1
0.8,0.1
0.8,0.1
0.8,0.1
0.8,0.1
0.8,0.1
0.8,0.1
0.8,0.1
0.8,0.1
0.8,0.1
0.8,0.1
0.8,0.1
0.8,0.1
0.8,0.1
0.8,0.1
0.8,0.1
0.8,0.1
0.8,0.1
0.8,0.1
0.8,0.1
0.8,0.1
0.8,0.1
0.8,0.1
0.8,0.1
0.8,0.1
0.8,0.1
0.8,0.1
0.8,0.1
0.8,0.1
0.8,0.1
0.8,0.1
0.8,0.1
0.8,0.1
0.8,0.1
0.8,0.1
0.8,0.1
0.8,0.1
0.8,0.1
0.8,0.1
0.8,0.1
0.8,0.1
0.8,0.1
0.8,0.1
0.8,0.1
0.8,0.1
0.8,0.1
0.8,0.1
0.8,0.1
0.8,0.1
0.8,0.1
0.8,0.1
0.8,0.1
0.8,0.1
0.8,0.1
0.8,0.1
0.8,0.1
0.8,0.1
0.8,0.1
0.8,0.1
0.8,0.1
0.8,0.1
0.8,0.1
0.8,0.1
0.8,0.1
0.8,0.1
0.8,0.1
0.8,0.1
0.8,0.1
0.8,0.1
0.8,0.1
0.8,0.1
0.8,0.1
0.8,0.1
0.8,0.1
0.8,0.1
0.8,0.1
0.8,0.1
0.8,0.1
0.8,0.1
0.8,0.1
0.8,0.1
0.8,0.1
0.8,0.1
0.8,0.1
0.8,0.1
0.8,0.1
0.8,0.1
0.8,0.1
0.8,0.1
0.8,0.1
0.8,0.1
0.8,0.1
0.8,0.1
0.8,0.1
0.8,0.1
0.8,0.1
0.8,0.1
0.8,0.1
0.8,0.1
0.8,0.1
0.8,0.1
0.8,0.1
0.8,0.1
0.8,0.1
0.8,0.1
0.8,0.1
0.8,0.1
0.8,0.1
0.8,0.1
0.8,0.1
0.8,0.1
0.8,0.1
0.8,0.1
0.8,0.1
0.8,0.1
0.8,0.1
0.8,0.1
0.8,0.1
0.8,0.1
0.8,0.1
0.8,0.1
0.8,0.1
0.8,0.1
0.8,0.1
0.8,0.1
0.8,0.1
0.8,0.1
0.8,0.1
0.8,0.1
0.8,0.1
0.8,0.1
0.8,0.1
0.8,0.1
0.8,0.1
0.8,0.1
0.8,0.1
0.8,0.1
0.8,0.1
0.8,0.1
0.8,0.1
0.8,0.1
0.8,0.1
0.8,0.1
0.8,0.1
0.8,0.1
0.8,0.1
0.8,0.1
0.8,0.1
0.8,0.1
0.8,0.1
0.8,0.1
0.8,0.1
0.8,0.1
0.8,0.1
0.8,0.1
0.8,0.1
0.8,0.1
0.8,0.1
0.8,0.1
0.8,0.1
0.8,0.1
0.8,0.1
0.8,0.1
0.8,0.1
0.8,0.1
0.8,0.1
0.8,0.1
0.8,0.1
0.8,0.1
0.8,0.1
0.8,0.1
0.8,0.1
0.8,0.1
0.8,0.1
0.8,0.1
0.8,0.1
0.8,0.1
0.8,0.1
0.8,0.1
0.8,0.1
0.8,0.1
0.8,0.1
0.8,0.1
0.8,0.1
0.8,0.1
0.8,0.1
0.8,0.1
0.8,0.1
0.8,0.1
0.8,0.1
0.8,0.1
0.8,0.1
0.8,0.1
0.8,0.1
0.8,0.1
0.8,0.1
0.8,0.1
0.8,0.1
0.8,0.1
0.8,0.1
0.8,0.1
0.8,0.1
0.8,0.1
0.8,0.1
0.8,0.1
0.8,0.1
0.8,0.1
0.8,0.1
0.8,0.1
0.8,0.1
0.8,0.1
0.8,0.1
0.8,0.1
0.8,0.1
0.8,0.1
0.8,0.1
0.8,0.1
0.8,0.1
0.8,0.1
0.8,0.1
0.8,0.1
0.8,0.1
0.8,0.1
0.8,0.1
0.8,0.1
0.8,0.1
0.8,0.1
0.8,0.1
0.8,0.1
0.8,0.1
0.8,0.1
0.8,0.1
0.8,0.1
0.8,0.1
0.8,0.1
0.8,0.1
0.8,0.1
0.8,0.1
0.8,0.1
0.8,0.1
0.8,0.1
0.8,0.1
0.8,0.1
0.8,0.1
0.8,0.1
0.8,0.1
0.8,0.1
0.8,0.1
0.8,0.1
0.8,0.1
0.8,0.1
0.8,0.1
0.8,0.1
0.8,0.1
0.8,0.1
0.8,0.1
0.8,0.1
0.8,0.1
0.8,0.1
0.8,0.1
0.8,0.1
0.8,0.1
0.8,0.1
0.8,0.1
0.8,0.1
0.8,0.1
0.8,0.1
0.8,0.1
0.8,0.1
0.8,0.1
0.8,0.1
0.8,0.1
0.8,0.1
0.8,0.1
0.8,0.1
0.8,0.1
0.8,0.1
0.8,0.1
0.8,0.1
0.8,0.1
0.8,0.1
0.8,0.1
0.8,0.1
0.8,0.1
0.8,0.1
0.8,0.1
0.8,0.1
0.8,0.1
0.8,0.1
0.8,0.1
0.8,0.1
0.8,0.1
0.8,0.1
0.8,0.1
0.8,0.1
0.8,0.1
0.8,0.1
0.8,0.1
0.8,0.1
0.8,0.1
0.8,0.1
0.8,0.1
0.8,0.1
0.8,0.1
0.8,0.1
0.8,0.1
0.8,0.1
0.8,0.1
0.8,0.1
0.8,0.1
0.8,0.1
0.8,0.1
0.8,0.1
0.8,0.1
0.8,0.1
0.8,0.1
0.8,0.1
0.8,0.1
0.8,0.1
0.8,0.1
0.8,0.1
0.8,0.1
0.8,0.1
0.8,0.1
0.8,0.1
0.8,0.1
0.8,0.1
0.8,0.1
0.8,0.1
0.8,0.1
0.8,0.1
0.8,0.1
0.8,0.1
0.8,0.1
0.8,0.1
0.8,0.1
0.8,0.1
0.8,0.1
0.8,0.1
0.8,0.1
0.8,0.1
0.8,0.1
0.8,0.1
0.8,0.1
0.8,0.1
0.8,0.1
0.8,0.1
0.8,0.1
0.8,0.1
0.8,0.1
0.8,0.1
0.8,0.1
0.8,0.1
0.8,0.1
0.8,0.1
0.8,0.1
0.8,0.1
0.8,0.1
0.8,0.1
0.8,0.1
0.8,0.1
0.8,0.1
0.8,0.1
0.8,0.1
0.8,0.1
0.8,0.1
0.8,0.1
0.8,0.1
0.8,0.1
0.8,0.1
0.8,0.1
0.8,0.1
0.8,0.1
0.8,0.1
0.8,0.1
0.8,0.1
0.8,0.1
0.8,0.1
0.8,0.1
0.8,0.1
0.8,0.1
0.8,0.1
0.8,0.1
0.8,0.1
0.8,0.1
0.8,0.1
0.8,0.1
0.8,0.1
0.8,0.1
0.8,0.1
0.8,0.1
0.8,0.1
0.8,0.1
0.8,0.1
0.8,0.1
0.8,0.1
0.8,0.1
0.8,0.1
0.8,0.1
0.8,0.1
0.8,0.1
0.8,0.1
0.8,0.1
0.8,0.1
0.8,0.1
0.8,0.1
0.8,0.1
0.8,0.1
0.8,0.1
0.8,0.1
0.8,0.1
0.8,0.1
0.8,0.1
0.8,0.1
0.8,0.1
0.8,0.1
0.8,0.1
0.8,0.1
0.8,0.1
0.8,0.1
0.8,0.1
0.8,0.1
0.8,0.1
0.8,0.1
0.8,0.1
0.8,0.1
0.8,0.1
0.8,0.1
0.8,0.1
0.8,0.1
0.8,0.1
0.8,0.1
0.8,0.1
0.8,0.1
0.8,0.1
0.8,0.1
0.8,0.1
0.8,0.1
0.8,0.1
0.8,0.1
0.8,0.1
0.8,0.1
0.8,0.1
0.8,0.1
0.8,0.1
0.8,0.1
0.8,0.1
0.8,0.1
0.8,0.1
0.8,0.1
0.8,0.1
0.8,0.1
0.8,0.1
0.8,0.1
0.8,0.1
0.8,0.1
0.8,0.1
0.8,0.1
0.8,0.1
0.8,0.1
0.8,0.1
0.8,0.1
0.8,0.1
0.8,0.1
0.8,0.1
0.8,0.1
0.8,0.1
0.8,0.1
0.8,0.1
0.8,0.1
0.8,0.1
0.8,0.1
0.8,0.1
0.8,0.1
0.8,0.1
0.8,0.1
0.8,0.1
0.8,0.1
0.8,0.1
0.8,0.1
0.8,0.1
0.8,0.1
0.8,0.1
0.8,0.1
0.8,0.1
0.8,0.1
0.8,0.1
0.8,0.1
0.8,0.1
0.8,0.1
0.8,0.1
0.8,0.1
0.8,0.1
0.8,0.1
0.8,0.1
0.8,0.1
0.8,0.1
0.8,0.1
0.8,0.1
0.8,0.1
0.8,0.1
0.8,0.1
0.8,0.1
0.8,0.1
0.8,0.1
0.8,0.1
0.8,0.1
0.8,0.1
0.8,0.1
0.8,0.1
0.8,0.1
0.8,0.1
0.8,0.1
0.8,0.1
0.8,0.1
0.8,0.1
0.8,0.1
0.8,0.1
0.8,0.1
0.8,0.1
0.8,0.1
0.8,0.1
0.8,0.1
0.8,0.1
0.8,0.1
0.8,0.1
0.8,0.1
0.8,0.1
0.8,0.1
0.8,0.1
0.8,0.1
0.8,0.1
0.8,0.1
0.8,0.1
0.8,0.1
0.8,0.1
0.8,0.1
0.8,0.1
0.8,0.1
0.8,0.1
0.8,0.1
0.8,0.1
0.8,0.1
0.8,0.1
0.8,0.1
0.8,0.1
0.8,0.1
0.8,0.1
0.8,0.1
0.8,0.1
0.8,0.1
0.8,0.1
0.8,0.1
0.8,0.1
0.8,0.1
0.8,0.1
0.8,0.1
0.8,0.1
0.8,0.1
0.8,0.1
0.8,0.1
0.8,0.1
0.8,0.1
0.8,0.1
0.8,0.1
0.8,0.1
0.8,0.1
0.8,0.1
0.8,0.1
0.8,0.1
0.8,0.1
0.8,0.1
0.8,0.1
0.8,0.1
0.8,0.1
0.8,0.1
0.8,0.1
0.8,0.1
0.8,0.1
0.8,0.1
0.8,0.1
0.8,0.1
0.8,0.1
0.8,0.1
0.8,0.1
0.8,0.1
0.8,0.1
0.8,0.1
0.8,0.1
0.8,0.1
0.8,0.1
0.8,0.1
0.8,0.1
0.8,0.1
0.8,0.1
0.8,0.1
0.8,0.1
0.8,0.1
0.8,0.1
0.8,0.1
0.8,0.1
0.8,0.1
0.8,0.1
0.8,0.1
0.8,0.1
0.8,0.1
0.8,0.1
0.8,0.1
0.8,0.1
0.8,0.1
0.8,0.1
0.8,0.1
0.8,0.1
0.8,0.1
0.8,0.1
0.8,0.1
0.8,0.1
0.8,0.1
0.8,0.1
0.8,0.1
0.8,0.1
0.8,0.1
0.8,0.1
0.8,0.1
0.8,0.1
0.8,0.1
0.8,0.1
0.8,0.1
0.8,0.1
0.8,0.1
0.8,0.1
0.8,0.1
0.8,0.1
0.8,0.1
0.8,0.1
0.8,0.1
0.8,0.1
0.8,0.1
0.8,0.1
0.8,0.1
0.8,0.1
0.8,0.1
0.8,0.1
0.8,0.1
0.8,0.1
0.8,0.1
0.8,0.1
0.8,0.1
0.8,0.1
0.8,0.1
0.8,0.1
0.8,0.1
0.8,0.1
0.8,0.1
0.8,0.1
0.8,0.1
0.8,0.1
0.8,0.1
0.8,0.1
0.8,0.1
0.8,0.1
0.8,0.1
0.8,0.1
0.8,0.1
0.8,0.1
0.8,0.1
0.8,0.1
0.8,0.1
0.8,0.1
0.8,0.1
0.8,0.1
0.8,0.1
0.8,0.1
0.8,0.1
0.8,0.1
0.8,0.1
0.8,0.1
0.8,0.1
0.8,0.1
0.8,0.1
0.8,0.1
0.8,0.1
0.8,0.1
0.8,0.1
0.8,0.1
0.8,0.1
0.8,0.1
0.8,0.1
0.8,0.1
0.8,0.1
0.8,0.1
0.8,0.1
0.8,0.1
0.8,0.1
0.8,0.1
0.8,0.1
0.8,0.1
0.8,0.1
0.8,0.1
0.8,0.1
0.8,0.1
0.8,0.1
0.8,0.1
0.8,0.1
0.8,0.1
0.8,0.1
0.8,0.1
0.8,0.1
0.8,0.1
0.8,0.1
0.8,0.1
0.8,0.1
0.8,0.1
0.8,0.1
0.8,0.1
0.8,0.1
0.8,0.1
0.8,0.1
0.8,0.1
0.8,0.1
0.8,0.1
0.8,0.1
0.8,0.1
0.8,0.1
0.8,0.1
0.8,0.1
0.8,0.1
0.8,0.1
0.8,0.1
0.8,0.1
0.8,0.1
0.8,0.1
0.8,0.1
0.8,0.1
0.8,0.1
0.8,0.1
0.8,0.1
0.8,0.1
0.8,0.1
0.8,0.1
0.8,0.1
0.8,0.1
0.8,0.1
0.8,0.1
0.8,0.1
0.8,0.1
0.8,0.1
0.8,0.1
0.8,0.1
0.8,0.1
0.8,0.1
0.8,0.1
0.8,0.1
0.8,0.1
0.8,0.1
0.8,0.1
0.8,0.1
0.8,0.1
0.8,0.1
0.8,0.1
0.8,0.1
0.8,0.1
0.8,0.1
0.8,0.1
0.8,0.1
0.8,0.1
0.8,0.1
0.8,0.1
0.8,0.1
0.8,0.1
0.8,0.1
0.8,0.1
0.8,0.1
0.8,0.1
0.8,0.1
0.8,0.1
0.8,0.1
0.8,0.1
0.8,0.1
0.8,0.1
0.8,0.1
0.8,0.1
0.8,0.1
0.0,0.0
0.0,0.0
0.0,0.0
0.0,0.0
0.0,0.0
0.0,0.0
0.0,0.0
0.0,0.0
0.0,0.0
0.0,0.0
0.0,0.0
0.0,0.0
0.0,0.0
0.0,0.0
0.0,0.0
0.0,0.0
0.0,0.0
0.0,0.0
0.0,0.0
0.0,0.0
0.0,0.0
0.0,0.0
0.0,0.0
0.0,0.0
0.0,0.0
0.0,0.0
0.0,0.0
0.0,0.0
0.0,0.0
0.0,0.0
0.0,0.0
0.0,0.0
0.0,0.0
0.0,0.0
0.0,0.0
0.0,0.0
0.0,0.0
0.0,0.0
0.0,0.0
0.0,0.0
0.0,0.0
0.0,0.0
0.0,0.0
0.0,0.0
0.0,0.0
0.0,0.0
0.0,0.0
0.0,0.0
0.0,0.0
0.0,0.0
0.0,0.0
0.0,0.0
0.0,0.0
0.0,0.0
0.0,0.0
0.0,0.0
0.0,0.0
0.0,0.0
0.0,0.0
0.0,0.0
0.0,0.0
0.0,0.0
0.0,0.0
0.0,0.0
0.0,0.0
0.0,0.0
0.0,0.0
0.0,0.0
0.0,0.0
0.0,0.0
0.0,0.0
0.0,0.0
0.0,0.0
0.0,0.0
0.0,0.0
0.0,0.0
0.0,0.0
0.0,0.0
0.0,0.0
0.0,0.0
0.0,0.0
0.0,0.0
0.0,0.0
0.0,0.0
0.0,0.0
0.0,0.0
0.0,0.0
0.0,0.0
0.0,0.0
0.0,0.0
0.0,0.0
0.0,0.0
0.0,0.0
0.0,0.0
0.0,0.0
0.0,0.0
0.0,0.0
0.0,0.0
0.0,0.0
0.0,0.0
0.0,0.0
0.0,0.0
0.0,0.0
0.0,0.0
0.0,0.0
0.0,0.0
0.0,0.0
0.0,0.0
0.0,0.0
0.0,0.0
0.0,0.0
0.0,0.0
0.0,0.0
0.0,0.0
0.0,0.0
0.0,0.0
0.0,0.0
0.0,0.0
0.0,0.0
0.0,0.0
0.0,0.0
0.0,0.0
0.0,0.0
0.0,0.0
0.0,0.0
0.0,0.0
0.0,0.0
0.0,0.0
0.0,0.0
0.0,0.0
0.0,0.0
0.0,0.0
0.0,0.0
0.0,0.0
0.0,0.0
0.0,0.0
0.0,0.0
0.0,0.0
0.0,0.0
0.0,0.0
0.0,0.0
0.0,0.0
0.0,0.0
0.0,0.0
0.0,0.0
0.0,0.0
0.0,0.0
0.0,0.0
0.0,0.0
0.0,0.0
0.0,0.0
0.0,0.0
0.0,0.0
0.0,0.0
0.0,0.0
0.0,0.0
0.0,0.0
0.0,0.0
0.0,0.0
0.0,0.0
0.0,0.0
0.0,0.0
0.0,0.0
0.0,0.0
0.0,0.0
0.0,0.0
0.0,0.0
0.0,0.0
0.0,0.0
0.0,0.0
0.0,0.0
0.0,0.0
0.0,0.0
0.0,0.0
0.0,0.0
0.0,0.0
0.0,0.0
0.0,0.0
0.0,0.0
0.0,0.0
0.0,0.0
0.0,0.0
0.0,0.0
0.0,0.0
0.0,0.0
0.0,0.0
0.0,0.0
0.0,0.0
0.0,0.0
0.0,0.0
0.0,0.0
0.0,0.0
0.0,0.0
0.0,0.0
0.0,0.0
0.0,0.0
0.0,0.0
0.0,0.0
0.0,0.0
0.0,0.0
0.0,0.0
0.0,0.0
0.0,0.0
0.0,0.0
0.0,0.0
0.0,0.0
0.0,0.0
0.0,0.0
0.0,0.0
0.0,0.0
0.0,0.0
0.0,0.0
0.0,0.0
0.0,0.0
0.0,0.0
0.0,0.0
0.0,0.0
0.0,0.0
0.0,0.0
0.0,0.0
0.0,0.0
0.0,0.0
0.0,0.0
0.0,0.0
0.0,0.0
0.0,0.0
0.0,0.0
0.0,0.0
0.0,0.0
0.0,0.0
0.0,0.0
0.0,0.0
0.0,0.0
0.0,0.0
0.0,0.0
0.0,0.0
0.0,0.0
0.0,0.0
0.0,0.0
0.0,0.0
0.0,0.0
0.0,0.0
0.0,0.0
0.0,0.0
0.0,0.0
0.0,0.0
0.0,0.0
0.0,0.0
0.0,0.0
0.0,0.0
0.0,0.0
0.0,0.0
0.0,0.0
0.0,0.0
0.0,0.0
0.0,0.0
0.0,0.0
0.0,0.0
0.0,0.0
0.0,0.0
0.0,0.0
0.0,0.0
0.0,0.0
0.0,0.0
0.0,0.0
0.0,0.0
0.0,0.0
0.0,0.0
0.0,0.0
0.0,0.0
0.0,0.0
0.0,0.0
0.0,0.0
0.0,0.0
0.0,0.0
0.0,0.0
0.0,0.0
0.0,0.0
0.0,0.0
0.0,0.0
0.0,0.0
0.0,0.0
0.0,0.0
0.0,0.0
0.0,0.0
0.0,0.0
0.0,0.0
0.0,0.0
0.0,0.0
0.0,0.0
0.0,0.0
0.0,0.0
0.0,0.0
0.0,0.0
0.0,0.0
0.0,0.0
0.0,0.0
0.0,0.0
0.0,0.0
0.0,0.0
0.0,0.0
0.0,0.0
0.0,0.0
0.0,0.0
0.0,0.0
0.0,0.0
0.0,0.0
0.0,0.0
0.0,0.0
0.0,0.0
0.0,0.0
0.0,0.0
0.0,0.0
0.0,0.0
0.0,0.0
0.0,0.0
0.0,0.0
0.0,0.0
0.0,0.0
0.0,0.0
0.0,0.0
0.0,0.0
0.0,0.0
0.0,0.0
0.0,0.0
0.0,0.0
0.0,0.0
0.0,0.0
0.0,0.0
0.0,0.0
0.0,0.0
0.0,0.0
0.0,0.0
0.0,0.0
0.0,0.0
0.0,0.0
0.0,0.0
0.0,0.0
0.0,0.0
0.0,0.0
0.0,0.0
0.0,0.0
0.0,0.0
0.0,0.0
0.0,0.0
0.0,0.0
0.0,0.0
0.0,0.0
0.0,0.0
0.0,0.0
0.0,0.0
0.0,0.0
0.0,0.0
0.0,0.0
0.0,0.0
0.0,0.0
0.0,0.0
0.0,0.0
0.0,0.0
0.0,0.0
0.0,0.0
0.0,0.0
0.0,0.0
0.0,0.0
0.0,0.0
0.0,0.0
0.0,0.0
0.0,0.0
0.0,0.0
0.0,0.0
0.0,0.0
0.0,0.0
0.0,0.0
0.0,0.0
0.0,0.0
0.0,0.0
0.0,0.0
0.0,0.0
0.0,0.0
0.0,0.0
0.0,0.0
0.0,0.0
0.0,0.0
0.0,0.0
0.0,0.0
0.0,0.0
0.0,0.0
0.0,0.0
0.0,0.0
0.0,0.0
0.0,0.0
0.0,0.0
0.0,0.0
0.0,0.0
0.0,0.0
0.0,0.0
0.0,0.0
0.0,0.0
0.0,0.0
0.0,0.0
0.0,0.0
0.0,0.0
0.0,0.0
0.0,0.0
0.0,0.0
0.011,0.0
0.0132,0.0
0.0154,0.0
0.0176,0.0
0.0198,0.0
0.022,0.0
0.0242,0.011
0.0264,0.012
0.0286,0.013
0.0308,0.014
0.033,0.015
0.0352,0.016
0.0374,0.017
0.0396,0.018
0.0418,0.019
0.044,0.02
0.0462,0.021
0.0484,0.022
0.0506,0.023
0.0528,0.024
0.055,0.025
0.0572,0.026
0.0594,0.027
0.0616,0.028
0.0638,0.029
0.066,0.03
0.0682,0.031
0.0704,0.032
0.0726,0.033
0.0748,0.034
0.077,0.035
0.0792,0.036
0.0814,0.037
0.0836,0.038
0.0858,0.039
0.088,0.04
0.0902,0.041
0.0924,0.042
0.0946,0.043
0.0968,0.044
0.099,0.045
0.1012,0.046
0.1034,0.047
0.1056,0.048
0.1078,0.049
0.11,0.05
0.1122,0.051
0.1144,0.052
0.1166,0.053
0.1188,0.054
0.121,0.055
0.1232,0.056
0.1254,0.057
0.1276,0.058
0.1298,0.059
0.132,0.06
0.1342,0.061
0.1364,0.062
0.1386,0.063
0.1408,0.064
0.143,0.065
0.1452,0.066
0.1474,0.067
0.1496,0.068
0.1518,0.069
0.154,0.07
0.1562,0.071
0.1584,0.072
0.1606,0.073
0.1628,0.074
0.165,0.075
0.1672,0.076
0.1694,0.077
0.1716,0.078
0.1738,0.079
0.176,0.08
0.1782,0.081
0.1804,0.082
0.1826,0.083
0.1848,0.084
0.187,0.085
0.1892,0.086
0.1914,0.087
0.1936,0.088
0.1958,0.089
0.198,0.09
0.2002,0.091
0.2024,0.092
0.2046,0.093
0.2068,0.094
0.209,0.095
0.2112,0.096
0.2134,0.097
0.2156,0.098
0.2178,0.099
0.22,0.1
0.2222,0.101
0.2244,0.102
0.2266,0.103
0.2288,0.104
0.231,0.105
0.2332,0.106
0.2354,0.107
0.2376,0.108
0.2398,0.109
0.242,0.11
0.2442,0.111
0.2464,0.112
0.2486,0.113
0.2508,0.114
0.253,0.115
0.2552,0.116
0.2574,0.117
0.2596,0.118
0.2618,0.119
0.264,0.12
0.2662,0.121
0.2684,0.122
0.2706,0.123
0.2728,0.124
0.275,0.125
0.2772,0.126
0.2794,0.127
0.2816,0.128
0.2838,0.129
0.286,0.13
0.2882,0.131
0.2904,0.132
0.2926,0.133
0.2948,0.134
0.297,0.135
0.2992,0.136
0.3014,0.137
0.3036,0.138
0.3058,0.139
0.308,0.14
0.3102,0.141
0.3124,0.142
0.3146,0.143
0.3168,0.144
0.319,0.145
0.3212,0.146
0.3234,0.147
0.3256,0.148
0.3278,0.149
0.33,0.15
0.3322,0.151
0.3344,0.152
0.3366,0.153
0.3388,0.154
0.341,0.155
0.3432,0.156
0.3454,0.157
0.3476,0.158
0.3498,0.159
0.352,0.16
0.3542,0.161
0.3564,0.162
0.3586,0.163
0.3608,0.164
0.363,0.165
0.3652,0.166
0.3674,0.167
0.3696,0.168
0.3718,0.169
0.374,0.17
0.3762,0.171
0.3784,0.172
0.3806,0.173
0.3828,0.174
0.385,0.175
0.3872,0.176
0.3894,0.177
0.3916,0.178
0.3938,0.179
0.396,0.18
0.3982,0.181
0.4004,0.182
0.4026,0.183
0.4048,0.184
0.407,0.185
0.4092,0.186
0.4114,0.187
0.4136,0.188
0.4158,0.189
0.418,0.19
0.4202,0.191
0.4224,0.192
0.4246,0.193
0.4268,0.194
0.429,0.195
0.4312,0.196
0.4334,0.197
0.4356,0.198
0.4378,0.199
0.44,0.2
0.4422,0.201
0.4444,0.202
0.4466,0.203
0.4488,0.204
0.451,0.205
0.4532,0.206
0.4554,0.207
0.4576,0.208
0.4598,0.209
0.462,0.21
0.4642,0.211
0.4664,0.212
0.4686,0.213
0.4708,0.214
0.473,0.215
0.4752,0.216
0.4774,0.217
0.4796,0.218
0.4818,0.219
0.484,0.22
0.4862,0.221
0.4884,0.222
0.4906,0.223
0.4928,0.224
0.495,0.225
0.4972,0.226
0.4994,0.227
0.5016,0.228
0.5038,0.229
0.506,0.23
0.5082,0.231
0.5104,0.232
0.5126,0.233
0.5148,0.234
0.517,0.235
0.5192,0.236
0.5214,0.237
0.5236,0.238
0.5258,0.239
0.528,0.24
0.5302,0.241
0.5324,0.242
0.5346,0.243
0.5368,0.244
0.539,0.245
0.5412,0.246
0.5434,0.247
0.5456,0.248
0.5478,0.249
0.55,0.25
0.55,0.25
0.55,0.25
0.55,0.25
0.55,0.25
0.55,0.25
0.55,0.25
0.55,0.25
0.55,0.25
0.55,0.25
0.55,0.25
0.55,0.25
0.55,0.25
0.55,0.25
0.55,0.25
0.55,0.25
0.55,0.25
0.55,0.25
0.55,0.25
0.55,0.25
0.55,0.25
0.55,0.25
0.55,0.25
0.55,0.25
0.55,0.25
0.55,0.25
0.55,0.25
0.55,0.25
0.55,0.25
0.55,0.25
0.55,0.25
0.55,0.25
0.55,0.25
0.55,0.25
0.55,0.25
0.55,0.25
0.55,0.25
0.55,0.25
0.55,0.25
0.55,0.25
0.55,0.25
0.55,0.25
0.55,0.25
0.55,0.25
0.55,0.25
0.55,0.25
0.55,0.25
0.55,0.25
0.55,0.25
0.55,0.25
0.55,0.25
0.55,0.25
0.55,0.25
0.55,0.25
0.55,0.25
0.55,0.25
0.55,0.25
0.55,0.25
0.55,0.25
0.55,0.25
0.55,0.25
0.55,0.25
0.55,0.25
0.55,0.25
0.55,0.25
0.55,0.25
0.55,0.25
0.55,0.25
0.55,0.25
0.55,0.25
0.55,0.25
0.55,0.25
0.55,0.25
0.55,0.25
0.55,0.25
0.55,0.25
0.55,0.25
0.55,0.25
0.55,0.25
0.55,0.25
0.55,0.25
0.55,0.25
0.55,0.25
0.55,0.25
0.55,0.25
0.55,0.25
0.55,0.25
0.55,0.25
0.55,0.25
0.55,0.25
0.55,0.25
0.55,0.25
0.55,0.25
0.55,0.25
0.55,0.25
0.55,0.25
0.55,0.25
0.55,0.25
0.55,0.25
0.55,0.25
0.55,0.25
0.55,0.25
0.55,0.25
0.55,0.25
0.55,0.25
0.55,0.25
0.55,0.25
0.55,0.25
0.55,0.25
0.55,0.25
0.55,0.25
0.55,0.25
0.55,0.25
0.55,0.25
0.55,0.25
0.55,0.25
0.55,0.25
0.55,0.25
0.55,0.25
0.55,0.25
0.55,0.25
0.55,0.25
0.55,0.25
0.55,0.25
0.55,0.25
0.55,0.25
0.55,0.25
0.55,0.25
0.55,0.25
0.55,0.25
0.55,0.25
0.55,0.25
0.55,0.25
0.55,0.25
0.55,0.25
0.55,0.25
0.55,0.25
0.55,0.25
0.55,0.25
0.55,0.25
0.55,0.25
0.55,0.25
0.55,0.25
0.55,0.25
0.55,0.25
0.55,0.25
0.55,0.25
0.55,0.25
0.55,0.25
0.55,0.25
0.55,0.25
0.55,0.25
0.55,0.25
0.55,0.25
0.55,0.25
0.55,0.25
0.55,0.25
0.55,0.25
0.55,0.25
0.55,0.25
0.55,0.25
0.55,0.25
0.55,0.25
0.55,0.25
0.55,0.25
0.55,0.25
0.55,0.25
0.55,0.25
0.55,0.25
0.55,0.25
0.55,0.25
0.55,0.25
0.55,0.25
0.55,0.25
0.55,0.25
0.55,0.25
0.55,0.25
0.55,0.25
0.55,0.25
0.55,0.25
0.55,0.25
0.55,0.25
0.55,0.25
0.55,0.25
0.55,0.25
0.55,0.25
0.55,0.25
0.55,0.25
0.55,0.25
0.55,0.25
0.55,0.25
0.55,0.25
0.55,0.25
0.55,0.25
0.55,0.25
0.55,0.25
0.55,0.25
0.55,0.25
0.55,0.25
0.55,0.25
0.55,0.25
0.55,0.25
0.55,0.25
0.55,0.25
0.55,0.25
0.55,0.25
0.55,0.25
0.55,0.25
0.55,0.25
0.55,0.25
0.55,0.25
0.55,0.25
0.55,0.25
0.55,0.25
0.55,0.25
0.55,0.25
0.55,0.25
0.55,0.25
0.55,0.25
0.55,0.25
0.55,0.25
0.55,0.25
0.55,0.25
0.55,0.25
0.55,0.25
0.55,0.25
0.55,0.25
0.55,0.25
0.55,0.25
0.55,0.25
0.55,0.25
0.55,0.25
0.55,0.25
0.55,0.25
0.55,0.25
0.55,0.25
0.55,0.25
0.55,0.25
0.55,0.25
0.55,0.25
0.55,0.25
0.55,0.25
0.55,0.25
0.55,0.25
0.55,0.25
0.55,0.25
0.55,0.25
0.55,0.25
0.55,0.25
0.55,0.25
0.55,0.25
0.55,0.25
0.55,0.25
0.55,0.25
0.55,0.25
0.55,0.25
0.55,0.25
0.55,0.25
0.55,0.25
0.55,0.25
0.55,0.25
0.55,0.25
0.55,0.25
0.55,0.25
0.55,0.25
0.55,0.25
0.55,0.25
0.55,0.25
0.55,0.25
0.55,0.25
0.55,0.25
0.55,0.25
0.55,0.25
0.55,0.25
0.55,0.25
0.55,0.25
0.55,0.25
0.55,0.25
0.55,0.25
0.55,0.25
0.55,0.25
0.55,0.25
0.55,0.25
0.55,0.25
0.55,0.25
0.55,0.25
0.55,0.25
0.55,0.25
0.55,0.25
0.55,0.25
0.55,0.25
0.55,0.25
0.55,0.25
0.55,0.25
0.55,0.25
0.55,0.25
0.55,0.25
0.55,0.25
0.55,0.25
0.55,0.25
0.55,0.25
0.55,0.25
0.55,0.25
0.55,0.25
0.55,0.25
0.55,0.25
0.55,0.25
0.55,0.25
0.55,0.25
0.55,0.25
0.55,0.25
0.55,0.25
0.55,0.25
0.55,0.25
0.55,0.25
0.55,0.25
0.55,0.25
0.55,0.25
0.55,0.25
0.55,0.25
0.55,0.25
0.55,0.25
0.55,0.25
0.55,0.25
0.55,0.25
0.55,0.25
0.55,0.25
0.55,0.25
0.55,0.25
0.55,0.25
0.55,0.25
0.55,0.25
0.55,0.25
0.55,0.25
0.55,0.25
0.55,0.25
0.55,0.25
0.55,0.25
0.55,0.25
0.55,0.25
0.55,0.25
0.55,0.25
0.55,0.25
0.55,0.25
0.55,0.25
0.55,0.25
0.55,0.25
0.55,0.25
0.55,0.25
0.55,0.25
0.55,0.25
0.55,0.25
0.55,0.25
0.55,0.25
0.55,0.25
0.55,0.25
0.55,0.25
0.55,0.25
0.55,0.25
0.55,0.25
0.55,0.25
0.55,0.25
0.55,0.25
0.55,0.25
0.55,0.25
0.55,0.25
0.55,0.25
0.55,0.25
0.55,0.25
0.55,0.25
0.55,0.25
0.55,0.25
0.55,0.25
0.55,0.25
0.55,0.25
0.55,0.25
0.55,0.25
0.55,0.25
0.55,0.25
0.55,0.25
0.55,0.25
0.55,0.25
0.55,0.25
0.55,0.25
0.55,0.25
0.55,0.25
0.55,0.25
0.55,0.25
0.55,0.25
0.55,0.25
0.55,0.25
0.55,0.25
0.55,0.25
0.55,0.25
0.55,0.25
0.55,0.25
0.55,0.25
0.55,0.25
0.55,0.25
0.55,0.25
0.55,0.25
0.55,0.25
0.55,0.25
0.55,0.25
0.55,0.25
0.55,0.25
0.55,0.25
0.55,0.25
0.55,0.25
0.55,0.25
0.55,0.25
0.55,0.25
0.55,0.25
0.55,0.25
0.55,0.25
0.55,0.25
0.55,0.25
0.55,0.25
0.55,0.25
0.55,0.25
0.55,0.25
0.55,0.25
0.55,0.25
0.55,0.25
0.55,0.25
0.55,0.25
0.55,0.25
0.55,0.25
0.55,0.25
0.55,0.25
0.55,0.25
0.55,0.25
0.55,0.25
0.55,0.25
0.55,0.25
0.55,0.25
0.55,0.25
0.55,0.25
0.55,0.25
0.55,0.25
0.55,0.25
0.55,0.25
0.55,0.25
0.55,0.25
0.55,0.25
0.55,0.25
0.55,0.25
0.55,0.25
0.55,0.25
0.55,0.25
0.55,0.25
0.55,0.25
0.55,0.25
0.55,0.25
0.55,0.25
0.55,0.25
0.55,0.25
0.55,0.25
0.55,0.25
0.55,0.25
0.55,0.25
0.55,0.25
0.55,0.25
0.55,0.25
0.55,0.25
0.55,0.25
0.55,0.25
0.55,0.25
0.55,0.25
0.55,0.25
0.55,0.25
0.55,0.25
0.55,0.25
0.55,0.25
0.55,0.25
0.55,0.25
0.55,0.25
0.55,0.25
0.55,0.25
0.55,0.25
0.55,0.25
0.55,0.25
0.55,0.25
0.55,0.25
0.55,0.25
0.55,0.25
0.55,0.25
0.55,0.25
0.55,0.25
0.55,0.25
0.55,0.25
0.55,0.25
0.55,0.25
0.55,0.25
0.55,0.25
0.55,0.25
0.55,0.25
0.55,0.25
0.55,0.25
0.55,0.25
0.55,0.25
0.55,0.25
0.55,0.25
0.55,0.25
0.55,0.25
0.55,0.25
0.55,0.25
0.55,0.25
0.55,0.25
0.55,0.25
0.55,0.25
0.55,0.25
0.55,0.25
0.55,0.25
0.55,0.25
0.55,0.25
0.55,0.25
0.55,0.25
0.55,0.25
0.55,0.25
0.55,0.25
0.55,0.25
0.55,0.25
0.55,0.25
0.55,0.25
0.55,0.25
0.55,0.25
0.55,0.25
0.55,0.25
0.55,0.25
0.55,0.25
0.55,0.25
0.55,0.25
0.55,0.25
0.55,0.25
0.55,0.25
0.55,0.25
0.55,0.25
0.55,0.25
0.55,0.25
0.55,0.25
0.55,0.25
0.55,0.25
0.55,0.25
0.55,0.25
0.55,0.25
0.55,0.25
0.55,0.25
0.55,0.25
0.55,0.25
0.55,0.25
0.55,0.25
0.55,0.25
0.55,0.25
0.55,0.25
0.55,0.25
0.55,0.25
0.55,0.25
0.55,0.25
0.55,0.25
0.55,0.25
0.55,0.25
0.55,0.25
0.55,0.25
0.55,0.25
0.55,0.25
0.55,0.25
0.55,0.25
0.55,0.25
0.55,0.25
0.55,0.25
0.55,0.25
0.55,0.25
0.55,0.25
0.55,0.25
0.55,0.25
0.55,0.25
0.55,0.25
0.55,0.25
0.55,0.25
0.55,0.25
0.55,0.25
0.55,0.25
0.55,0.25
0.55,0.25
0.55,0.25
0.55,0.25
0.55,0.25
0.55,0.25
0.55,0.25
0.55,0.25
0.55,0.25
0.55,0.25
0.55,0.25
0.55,0.25
0.55,0.25
0.55,0.25
0.55,0.25
0.55,0.25
0.55,0.25
0.55,0.25
0.55,0.25
0.55,0.25
0.55,0.25
0.55,0.25
0.55,0.25
0.55,0.25
0.55,0.25
0.55,0.25
0.55,0.25
0.55,0.25
0.55,0.25
0.55,0.25
0.55,0.25
0.55,0.25
0.55,0.25
0.55,0.25
0.55,0.25
0.55,0.25
0.55,0.25
0.55,0.25
0.55,0.25
0.55,0.25
0.55,0.25
0.55,0.25
0.55,0.25
0.55,0.25
0.55,0.25
0.55,0.25
0.55,0.25
0.55,0.25
0.55,0.25
0.55,0.25
0.55,0.25
0.55,0.25
0.55,0.25
0.55,0.25
0.55,0.25
0.55,0.25
0.55,0.25
0.55,0.25
0.55,0.25
0.55,0.25
0.55,0.25
0.55,0.25
0.55,0.25
0.55,0.25
0.55,0.25
0.55,0.25
0.55,0.25
0.55,0.25
0.55,0.25
0.55,0.25
0.55,0.25
0.55,0.25
0.55,0.25
0.55,0.25
0.55,0.25
0.55,0.25
0.55,0.25
0.55,0.25
0.55,0.25
0.55,0.25
0.55,0.25
0.55,0.25
0.55,0.25
0.55,0.25
0.55,0.25
0.55,0.25
0.55,0.25
0.55,0.25
0.55,0.25
0.55,0.25
0.55,0.25
0.55,0.25
0.55,0.25
0.55,0.25
0.55,0.25
0.55,0.25
0.55,0.25
0.55,0.25
0.55,0.25
0.55,0.25
0.55,0.25
0.55,0.25
0.55,0.25
0.55,0.25
0.55,0.25
0.55,0.25
0.55,0.25
0.55,0.25
0.55,0.25
0.55,0.25
0.55,0.25
0.55,0.25
0.55,0.25
0.55,0.25
0.55,0.25
0.55,0.25
0.55,0.25
0.55,0.25
0.55,0.25
0.55,0.25
0.55,0.25
0.55,0.25
0.55,0.25
0.55,0.25
0.55,0.25
0.55,0.25
0.55,0.25
0.55,0.25
0.55,0.25
0.55,0.25
0.55,0.25
0.55,0.25
0.55,0.25
0.55,0.25
0.55,0.25
0.55,0.25
0.55,0.25
0.55,0.25
0.55,0.25
0.55,0.25
0.55,0.25
0.55,0.25
0.55,0.25
0.55,0.25
0.55,0.25
0.55,0.25
0.55,0.25
0.55,0.25
0.55,0.25
0.55,0.25
0.55,0.25
0.55,0.25
0.55,0.25
0.55,0.25
0.55,0.25
0.55,0.25
0.55,0.25
0.55,0.25
0.55,0.25
0.55,0.25
0.55,0.25
0.55,0.25
0.55,0.25
0.55,0.25
0.55,0.25
0.55,0.25
0.55,0.25
0.55,0.25
0.55,0.25
0.55,0.25
0.55,0.25
0.55,0.25
0.55,0.25
0.55,0.25
0.55,0.25
0.55,0.25
0.55,0.25
0.55,0.25
0.55,0.25
0.55,0.25
0.55,0.25
0.55,0.25
0.55,0.25
0.55,0.25
0.55,0.25
0.55,0.25
0.55,0.25
0.55,0.25
0.55,0.25
0.55,0.25
0.55,0.25
0.55,0.25
0.55,0.25
0.55,0.25
0.55,0.25
0.55,0.25
0.55,0.25
0.55,0.25
0.55,0.25
0.55,0.25
0.55,0.25
0.55,0.25
0.55,0.25
0.55,0.25
0.55,0.25
0.55,0.25
0.55,0.25
0.55,0.25
0.55,0.25
0.55,0.25
0.55,0.25
0.55,0.25
0.55,0.25
0.55,0.25
0.55,0.25
0.55,0.25
0.55,0.25
0.55,0.25
0.55,0.25
0.55,0.25
0.55,0.25
0.55,0.25
0.55,0.25
0.55,0.25
0.55,0.25
0.55,0.25
0.55,0.25
0.55,0.25
0.55,0.25
0.55,0.25
0.55,0.25
0.55,0.25
0.55,0.25
0.55,0.25
0.55,0.25
0.55,0.25
0.55,0.25
0.55,0.25
0.55,0.25
0.55,0.25
0.55,0.25
0.55,0.25
0.55,0.25
0.55,0.25
0.55,0.25
0.55,0.25
0.55,0.25
0.55,0.25
0.55,0.25
0.55,0.25
0.55,0.25
0.55,0.25
0.55,0.25
0.55,0.25
0.55,0.25
0.55,0.25
0.55,0.25
0.55,0.25
0.55,0.25
0.55,0.25
0.55,0.25
0.55,0.25
0.55,0.25
0.55,0.25
0.55,0.25
0.55,0.25
0.55,0.25
0.55,0.25
0.55,0.25
0.55,0.25
0.55,0.25
0.55,0.25
0.55,0.25
0.55,0.25
0.55,0.25
0.55,0.25
0.55,0.25
0.55,0.25
0.55,0.25
0.55,0.25
0.55,0.25
0.55,0.25
0.55,0.25
0.55,0.25
0.55,0.25
0.55,0.25
0.55,0.25
0.55,0.25
0.55,0.25
0.55,0.25
0.55,0.25
0.55,0.25
0.55,0.25
0.55,0.25
0.55,0.25
0.55,0.25
0.55,0.25
0.55,0.25
0.55,0.25
0.55,0.25
0.55,0.25
0.55,0.25
0.55,0.25
0.55,0.25
0.55,0.25
0.55,0.25
0.55,0.25
0.55,0.25
0.55,0.25
0.55,0.25
0.55,0.25
0.55,0.25
0.55,0.25
0.55,0.25
0.55,0.25
0.55,0.25
0.55,0.25
0.55,0.25
0.55,0.25
0.55,0.25
0.55,0.25
0.55,0.25
0.55,0.25
0.55,0.25
0.55,0.25
0.55,0.25
0.55,0.25
0.55,0.25
0.55,0.25
0.55,0.25
0.55,0.25
0.55,0.25
0.55,0.25
0.55,0.25
0.55,0.25
0.55,0.25
0.55,0.25
0.55,0.25
0.55,0.25
0.55,0.25
0.55,0.25
0.55,0.25
0.55,0.25
0.55,0.25
0.55,0.25
0.55,0.25
0.55,0.25
0.55,0.25
0.55,0.25
0.55,0.25
0.55,0.25
0.55,0.25
0.55,0.25
0.55,0.25
0.55,0.25
0.55,0.25
0.55,0.25
0.55,0.25
0.55,0.25
0.55,0.25
0.55,0.25
0.55,0.25
0.55,0.25
0.55,0.25
0.55,0.25
0.55,0.25
0.55,0.25
0.55,0.25
0.55,0.25
0.55,0.25
0.55,0.25
0.55,0.25
0.55,0.25
0.55,0.25
0.55,0.25
0.55,0.25
0.55,0.25
0.55,0.25
0.55,0.25
0.55,0.25
0.55,0.25
0.55,0.25
0.55,0.25
0.55,0.25
0.55,0.25
0.55,0.25
0.55,0.25
0.55,0.25
0.55,0.25
0.55,0.25
0.55,0.25
0.55,0.25
0.55,0.25
0.55,0.25
0.55,0.25
0.55,0.25
0.55,0.25
0.55,0.25
0.55,0.25
0.55,0.25
0.55,0.25
0.55,0.25
0.55,0.25
0.55,0.25
0.55,0.25
0.55,0.25
0.55,0.25
0.55,0.25
0.55,0.25
0.55,0.25
0.55,0.25
0.55,0.25
0.55,0.25
0.55,0.25
0.55,0.25
0.55,0.25
0.55,0.25
0.55,0.25
0.55,0.25
0.55,0.25
0.55,0.25
0.55,0.25
0.55,0.25
0.55,0.25
0.55,0.25
0.55,0.25
0.55,0.25
0.55,0.25
0.55,0.25
0.55,0.25
0.55,0.25
0.55,0.25
0.55,0.25
0.55,0.25
0.55,0.25
0.55,0.25
0.55,0.25
0.55,0.25
0.55,0.25
0.55,0.25
0.55,0.25
0.55,0.25
0.55,0.25
0.55,0.25
0.55,0.25
0.55,0.25
0.55,0.25
0.55,0.25
0.55,0.25
0.55,0.25
0.55,0.25
0.55,0.25
0.55,0.25
0.55,0.25
0.55,0.25
0.55,0.25
0.55,0.25
0.55,0.25
0.55,0.25
0.55,0.25
0.55,0.25
0.55,0.25
0.55,0.25
0.55,0.25
0.55,0.25
0.55,0.25
0.55,0.25
0.55,0.25
0.55,0.25
0.55,0.25
0.55,0.25
0.55,0.25
0.55,0.25
0.55,0.25
0.55,0.25
0.55,0.25
0.55,0.25
0.55,0.25
0.55,0.25
0.55,0.25
0.55,0.25
0.55,0.25
0.55,0.25
0.55,0.25
0.55,0.25
0.55,0.25
0.55,0.25
0.55,0.25
0.55,0.25
0.55,0.25
0.55,0.25
0.55,0.25
0.55,0.25
0.55,0.25
0.55,0.25
0.55,0.25
0.55,0.25
0.55,0.25
0.55,0.25
0.55,0.25
0.55,0.25
0.55,0.25
0.55,0.25
0.55,0.25
0.55,0.25
0.55,0.25
0.55,0.25
0.55,0.25
0.55,0.25
0.55,0.25
0.55,0.25
0.55,0.25
0.55,0.25
0.55,0.25
0.55,0.25
0.55,0.25
0.55,0.25
0.55,0.25
0.55,0.25
0.55,0.25
0.55,0.25
0.55,0.25
0.55,0.25
0.55,0.25
0.55,0.25
0.55,0.25
0.55,0.25
0.55,0.25
0.55,0.25
0.55,0.25
0.55,0.25
0.55,0.25
0.55,0.25
0.55,0.25
0.55,0.25
0.55,0.25
0.55,0.25
0.55,0.25
0.55,0.25
0.55,0.25
0.55,0.25
0.55,0.25
0.55,0.25
0.55,0.25
0.55,0.25
0.55,0.25
0.55,0.25
0.55,0.25
0.55,0.25
0.55,0.25
0.55,0.25
0.55,0.25
0.55,0.25
0.55,0.25
0.55,0.25
0.55,0.25
0.55,0.25
0.55,0.25
0.55,0.25
0.55,0.25
0.55,0.25
0.55,0.25
0.55,0.25
0.55,0.25
0.55,0.25
0.55,0.25
0.55,0.25
0.55,0.25
0.55,0.25
0.55,0.25
0.55,0.25
0.55,0.25
0.55,0.25
0.55,0.25
0.55,0.25
0.55,0.25
0.55,0.25
0.55,0.25
0.55,0.25
0.55,0.25
0.55,0.25
0.55,0.25
0.55,0.25
0.55,0.25
0.55,0.25
0.55,0.25
0.55,0.25
0.55,0.25
0.55,0.25
0.55,0.25
0.55,0.25
0.55,0.25
0.55,0.25
0.55,0.25
0.55,0.25
0.55,0.25
0.55,0.25
0.55,0.25
0.55,0.25
0.55,0.25
0.55,0.25
0.55,0.25
0.55,0.25
0.55,0.25
0.55,0.25
0.55,0.25
0.55,0.25
0.55,0.25
0.55,0.25
0.55,0.25
0.55,0.25
0.55,0.25
0.55,0.25
0.55,0.25
0.55,0.25
0.55,0.25
0.55,0.25
0.55,0.25
0.55,0.25
0.55,0.25
0.55,0.25
0.55,0.25
0.55,0.25
0.55,0.25
0.55,0.25
0.55,0.25
0.55,0.25
0.55,0.25
0.55,0.25
0.55,0.25
0.55,0.25
0.55,0.25
0.55,0.25
0.55,0.25
0.55,0.25
0.55,0.25
0.55,0.25
0.55,0.25
0.55,0.25
0.55,0.25
0.55,0.25
0.55,0.25
0.55,0.25
0.55,0.25
0.55,0.25
0.55,0.25
0.55,0.25
0.55,0.25
0.55,0.25
0.55,0.25
0.55,0.25
0.55,0.25
0.55,0.25
0.55,0.25
0.55,0.25
0.55,0.25
0.55,0.25
0.55,0.25
0.55,0.25
0.55,0.25
0.55,0.25
0.55,0.25
0.55,0.25
0.55,0.25
0.55,0.25
0.55,0.25
0.55,0.25
0.55,0.25
0.55,0.25
0.55,0.25
0.55,0.25
0.55,0.25
0.55,0.25
0.55,0.25
0.55,0.25
0.55,0.25
0.55,0.25
0.55,0.25
0.55,0.25
0.55,0.25
0.55,0.25
0.55,0.25
0.55,0.25
0.55,0.25
0.55,0.25
0.55,0.25
0.55,0.25
0.55,0.25
0.55,0.25
0.55,0.25
0.55,0.25
0.55,0.25
0.55,0.25
0.55,0.25
0.55,0.25
0.55,0.25
0.55,0.25
0.55,0.25
0.55,0.25
0.55,0.25
0.55,0.25
0.55,0.25
0.55,0.25
0.55,0.25
0.55,0.25
0.55,0.25
0.55,0.25
0.55,0.25
0.55,0.25
0.55,0.25
0.55,0.25
0.55,0.25
0.55,0.25
0.55,0.25
0.55,0.25
0.55,0.25
0.55,0.25
0.55,0.25
0.55,0.25
0.55,0.25
0.55,0.25
0.55,0.25
0.55,0.25
0.55,0.25
0.55,0.25
0.55,0.25
0.55,0.25
0.55,0.25
0.55,0.25
0.55,0.25
0.55,0.25
0.55,0.25
0.55,0.25
0.55,0.25
0.55,0.25
0.55,0.25
0.55,0.25
0.55,0.25
0.55,0.25
0.55,0.25
0.55,0.25
0.55,0.25
0.55,0.25
0.55,0.25
0.55,0.25
0.55,0.25
0.55,0.25
0.55,0.25
0.55,0.25
0.55,0.25
0.55,0.25
0.55,0.25
0.55,0.25
0.55,0.25
0.55,0.25
0.55,0.25
0.55,0.25
0.55,0.25
0.55,0.25
0.55,0.25
0.55,0.25
0.55,0.25
0.55,0.25
0.55,0.25
0.55,0.25
0.55,0.25
0.55,0.25
0.55,0.25
0.55,0.25
0.55,0.25
0.55,0.25
0.55,0.25
0.55,0.25
0.55,0.25
0.55,0.25
0.55,0.25
0.55,0.25
0.55,0.25
0.55,0.25
0.55,0.25
0.55,0.25
0.55,0.25
0.55,0.25
0.55,0.25
0.55,0.25
0.55,0.25
0.55,0.25
0.55,0.25
0.55,0.25
0.55,0.25
0.55,0.25
0.55,0.25
0.55,0.25
0.55,0.25
0.55,0.25
0.55,0.25
0.55,0.25
0.55,0.25
0.55,0.25
0.55,0.25
0.55,0.25
0.55,0.25
0.55,0.25
0.55,0.25
0.55,0.25
0.55,0.25
0.55,0.25
0.55,0.25
0.55,0.25
0.55,0.25
0.55,0.25
0.55,0.25
0.55,0.25
0.55,0.25
0.55,0.25
0.55,0.25
0.55,0.25
0.55,0.25
0.55,0.25
0.55,0.25
0.55,0.25
0.55,0.25
0.55,0.25
0.55,0.25
0.55,0.25
0.55,0.25
0.55,0.25
0.55,0.25
0.55,0.25
0.55,0.25
0.55,0.25
0.55,0.25
0.55,0.25
0.55,0.25
0.55,0.25
0.55,0.25
0.55,0.25
0.55,0.25
0.55,0.25
0.55,0.25
0.55,0.25
0.55,0.25
0.55,0.25
0.55,0.25
0.55,0.25
0.55,0.25
0.55,0.25
0.55,0.25
0.55,0.25
0.55,0.25
0.55,0.25
0.55,0.25
0.55,0.25
0.55,0.25
0.55,0.25
0.55,0.25
0.55,0.25
0.55,0.25
0.55,0.25
0.55,0.25
0.55,0.25
0.55,0.25
0.55,0.25
0.55,0.25
0.55,0.25
0.55,0.25
0.55,0.25
0.55,0.25
0.55,0.25
0.55,0.25
0.55,0.25
0.55,0.25
0.55,0.25
0.55,0.25
0.55,0.25
0.55,0.25
0.55,0.25
0.55,0.25
0.55,0.25
0.55,0.25
0.55,0.25
0.55,0.25
0.55,0.25
0.55,0.25
0.55,0.25
0.55,0.25
0.55,0.25
0.55,0.25
0.55,0.25
0.55,0.25
0.55,0.25
0.55,0.25
0.55,0.25
0.55,0.25
0.55,0.25
0.55,0.25
0.55,0.25
0.55,0.25
0.55,0.25
0.55,0.25
0.55,0.25
0.55,0.25
0.55,0.25
0.55,0.25
0.55,0.25
0.55,0.25
0.55,0.25
0.55,0.25
0.55,0.25
0.55,0.25
0.55,0.25
0.55,0.25
0.55,0.25
0.55,0.25
0.55,0.25
0.55,0.25
0.55,0.25
0.55,0.25
0.55,0.25
0.55,0.25
0.55,0.25
0.55,0.25
0.55,0.25
0.55,0.25
0.55,0.25
0.55,0.25
0.55,0.25
0.55,0.25
0.55,0.25
0.55,0.25
0.55,0.25
0.55,0.25
0.55,0.25
0.55,0.25
0.55,0.25
0.55,0.25
0.55,0.25
0.55,0.25
0.55,0.25
0.55,0.25
0.55,0.25
0.55,0.25
0.55,0.25
0.55,0.25
0.55,0.25
0.55,0.25
0.55,0.25
0.55,0.25
0.55,0.25
0.55,0.25
0.55,0.25
0.55,0.25
0.55,0.25
0.55,0.25
0.55,0.25
0.55,0.25
0.55,0.25
0.55,0.25
0.55,0.25
0.55,0.25
0.55,0.25
0.55,0.25
0.55,0.25
0.55,0.25
0.55,0.25
0.55,0.25
0.55,0.25
0.55,0.25
0.55,0.25
0.55,0.25
0.55,0.25
0.55,0.25
0.55,0.25
0.55,0.25
0.55,0.25
0.55,0.25
0.55,0.25
0.55,0.25
0.55,0.25
0.55,0.25
0.55,0.25
0.55,0.25
0.55,0.25
0.55,0.25
0.55,0.25
0.55,0.25
0.55,0.25
0.55,0.25
0.55,0.25
0.55,0.25
0.55,0.25
0.55,0.25
0.55,0.25
0.55,0.25
0.55,0.25
0.55,0.25
0.55,0.25
0.55,0.25
0.55,0.25
0.55,0.25
0.55,0.25
0.55,0.25
0.55,0.25
0.55,0.25
0.55,0.25
0.55,0.25
0.55,0.25
0.55,0.25
0.55,0.25
0.55,0.25
0.55,0.25
0.55,0.25
0.55,0.25
0.55,0.25
0.55,0.25
0.55,0.25
0.55,0.25
0.55,0.25
0.55,0.25
0.55,0.25
0.55,0.25
0.55,0.25
0.55,0.25
0.55,0.25
0.55,0.25
0.55,0.25
0.55,0.25
0.55,0.25
0.55,0.25
0.55,0.25
0.55,0.25
0.55,0.25
0.55,0.25
0.55,0.25
0.55,0.25
0.55,0.25
0.55,0.25
0.55,0.25
0.55,0.25
0.55,0.25
0.55,0.25
0.55,0.25
0.55,0.25
0.55,0.25
0.55,0.25
0.55,0.25
0.55,0.25
0.55,0.25
0.55,0.25
0.55,0.25
0.55,0.25
0.55,0.25
0.55,0.25
0.55,0.25
0.55,0.25
0.55,0.25
0.55,0.25
0.55,0.25
0.55,0.25
0.55,0.25
0.55,0.25
0.55,0.25
0.55,0.25
0.55,0.25
0.55,0.25
0.55,0.25
0.55,0.25
0.55,0.25
0.55,0.25
0.55,0.25
0.55,0.25
0.55,0.25
0.55,0.25
0.55,0.25
0.55,0.25
0.55,0.25
0.55,0.25
0.55,0.25
0.55,0.25
0.55,0.25
0.55,0.25
0.55,0.25
0.55,0.25
0.55,0.25
0.55,0.25
0.55,0.25
0.55,0.25
0.55,0.25
0.55,0.25
0.55,0.25
0.55,0.25
0.55,0.25
0.55,0.25
0.55,0.25
0.55,0.25
0.55,0.25
0.55,0.25
0.55,0.25
0.55,0.25
0.55,0.25
0.55,0.25
0.55,0.25
0.55,0.25
0.55,0.25
0.55,0.25
0.55,0.25
0.55,0.25
0.55,0.25
0.55,0.25
0.55,0.25
0.55,0.25
0.55,0.25
0.55,0.25
0.55,0.25
0.55,0.25
0.55,0.25
0.55,0.25
0.55,0.25
0.55,0.25
0.55,0.25
0.55,0.25
0.55,0.25
0.55,0.25
0.55,0.25
0.55,0.25
0.55,0.25
0.55,0.25
0.55,0.25
0.55,0.25
0.55,0.25
0.55,0.25
0.55,0.25
0.55,0.25
0.55,0.25
0.55,0.25
0.55,0.25
0.55,0.25
0.55,0.25
0.55,0.25
0.55,0.25
0.55,0.25
0.55,0.25
0.55,0.25
0.55,0.25
0.55,0.25
0.55,0.25
0.55,0.25
0.55,0.25
0.55,0.25
0.55,0.25
0.55,0.25
0.55,0.25
0.55,0.25
0.55,0.25
0.55,0.25
0.55,0.25
0.55,0.25
0.55,0.25
0.55,0.25
0.55,0.25
0.55,0.25
0.55,0.25
0.55,0.25
0.55,0.25
0.55,0.25
0.55,0.25
0.55,0.25
0.55,0.25
0.55,0.25
0.55,0.25
0.55,0.25
0.55,0.25
0.55,0.25
0.55,0.25
0.55,0.25
0.55,0.25
0.55,0.25
0.55,0.25
0.55,0.25
0.55,0.25
0.55,0.25
0.55,0.25
0.55,0.25
0.55,0.25
0.55,0.25
0.55,0.25
0.55,0.25
0.55,0.25
0.55,0.25
0.55,0.25
0.55,0.25
0.55,0.25
0.55,0.25
0.55,0.25
0.55,0.25
0.55,0.25
0.55,0.25
0.55,0.25
0.55,0.25
0.55,0.25
0.55,0.25
0.55,0.25
0.55,0.25
0.55,0.25
0.55,0.25
0.55,0.25
0.55,0.25
0.55,0.25
0.55,0.25
0.55,0.25
0.55,0.25
0.55,0.25
0.55,0.25
0.55,0.25
0.55,0.25
0.55,0.25
0.55,0.25
0.55,0.25
0.55,0.25
0.55,0.25
0.55,0.25
0.55,0.25
0.55,0.25
0.55,0.25
0.55,0.25
0.55,0.25
0.55,0.25
0.55,0.25
0.55,0.25
0.55,0.25
0.55,0.25
0.55,0.25
0.55,0.25
0.55,0.25
0.55,0.25
0.55,0.25
0.55,0.25
0.55,0.25
0.55,0.25
0.55,0.25
0.55,0.25
0.55,0.25
0.55,0.25
0.55,0.25
0.55,0.25
0.55,0.25
0.55,0.25
0.55,0.25
0.55,0.25
0.55,0.25
0.55,0.25
0.55,0.25
0.55,0.25
0.55,0.25
0.55,0.25
0.55,0.25
0.55,0.25
0.55,0.25
0.55,0.25
0.55,0.25
0.55,0.25
0.55,0.25
0.55,0.25
0.55,0.25
0.55,0.25
0.55,0.25
0.55,0.25
0.55,0.25
0.55,0.25
0.55,0.25
0.55,0.25
0.55,0.25
0.55,0.25
0.55,0.25
0.55,0.25
0.55,0.25
0.55,0.25
0.55,0.25
0.55,0.25
0.55,0.25
0.55,0.25
0.55,0.25
0.55,0.25
0.55,0.25
0.55,0.25
0.55,0.25
0.55,0.25
0.55,0.25
0.55,0.25
0.55,0.25
0.55,0.25
0.55,0.25
0.55,0.25
0.55,0.25
0.55,0.25
0.55,0.25
0.55,0.25
0.55,0.25
0.55,0.25
0.55,0.25
0.55,0.25
0.55,0.25
0.55,0.25
0.55,0.25
0.55,0.25
0.55,0.25
0.55,0.25
0.55,0.25
0.55,0.25
0.55,0.25
0.55,0.25
0.55,0.25
0.55,0.25
0.55,0.25
0.55,0.25
0.55,0.25
0.55,0.25
0.55,0.25
0.55,0.25
0.55,0.25
0.55,0.25
0.55,0.25
0.55,0.25
0.55,0.25
0.55,0.25
0.55,0.25
0.55,0.25
0.55,0.25
0.55,0.25
0.55,0.25
0.55,0.25
0.55,0.25
0.55,0.25
0.55,0.25
0.55,0.25
0.55,0.25
0.55,0.25
0.55,0.25
0.55,0.25
0.55,0.25
0.55,0.25
0.55,0.25
0.55,0.25
0.55,0.25
0.55,0.25
0.55,0.25
0.55,0.25
0.55,0.25
0.55,0.25
0.55,0.25
0.55,0.25
0.55,0.25
0.55,0.25
0.55,0.25
0.55,0.25
0.55,0.25
0.55,0.25
0.55,0.25
0.55,0.25
0.55,0.25
0.55,0.25
0.55,0.25
0.55,0.25
0.55,0.25
0.55,0.25
0.55,0.25
0.55,0.25
0.55,0.25
0.55,0.25
0.55,0.25
0.55,0.25
0.55,0.25
0.55,0.25
0.55,0.25
0.55,0.25
0.55,0.25
0.55,0.25
0.55,0.25
0.55,0.25
0.55,0.25
0.55,0.25
0.55,0.25
0.55,0.25
0.55,0.25
0.55,0.25
0.55,0.25
0.55,0.25
0.55,0.25
0.55,0.25
0.55,0.25
0.55,0.25
0.55,0.25
0.55,0.25
0.55,0.25
0.55,0.25
0.55,0.25
0.55,0.25
0.55,0.25
0.55,0.25
0.55,0.25
0.55,0.25
0.55,0.25
0.55,0.25
0.55,0.25
0.55,0.25
0.55,0.25
0.55,0.25
0.55,0.25
0.55,0.25
0.55,0.25
0.55,0.25
0.55,0.25
0.55,0.25
0.55,0.25
0.55,0.25
0.55,0.25
0.55,0.25
0.55,0.25
0.55,0.25
0.55,0.25
0.55,0.25
0.55,0.25
0.55,0.25
0.55,0.25
0.55,0.25
0.55,0.25
0.55,0.25
0.55,0.25
0.55,0.25
0.55,0.25
0.55,0.25
0.55,0.25
0.55,0.25
0.55,0.25
0.55,0.25
0.55,0.25
0.55,0.25
0.55,0.25
0.55,0.25
0.55,0.25
0.55,0.25
0.55,0.25
0.55,0.25
0.55,0.25
0.55,0.25
0.55,0.25
0.55,0.25
0.55,0.25
0.55,0.25
0.55,0.25
0.55,0.25
0.55,0.25
0.55,0.25
0.55,0.25
0.55,0.25
0.55,0.25
0.55,0.25
0.55,0.25
0.55,0.25
0.55,0.25
0.55,0.25
0.55,0.25
0.55,0.25
0.55,0.25
0.55,0.25
0.55,0.25
0.55,0.25
0.55,0.25
0.55,0.25
0.55,0.25
0.55,0.25
0.55,0.25
0.55,0.25
0.55,0.25
0.55,0.25
0.55,0.25
0.55,0.25
0.55,0.25
0.55,0.25
0.55,0.25
0.55,0.25
0.55,0.25
0.55,0.25
0.55,0.25
0.55,0.25
0.55,0.25
0.55,0.25
0.55,0.25
0.55,0.25
0.55,0.25
0.55,0.25
0.55,0.25
0.55,0.25
0.55,0.25
0.55,0.25
0.55,0.25
0.55,0.25
0.55,0.25
0.55,0.25
0.55,0.25
0.55,0.25
0.55,0.25
0.55,0.25
0.55,0.25
0.55,0.25
0.55,0.25
0.55,0.25
0.55,0.25
0.55,0.25
0.55,0.25
0.55,0.25
0.55,0.25
0.55,0.25
0.55,0.25
0.55,0.25
0.55,0.25
0.55,0.25
0.55,0.25
0.55,0.25
0.55,0.25
0.55,0.25
0.55,0.25
0.55,0.25
0.55,0.25
0.55,0.25
0.55,0.25
0.55,0.25
0.55,0.25
0.55,0.25
0.55,0.25
0.55,0.25
0.55,0.25
0.55,0.25
0.55,0.25
0.55,0.25
0.55,0.25
0.55,0.25
0.55,0.25
0.55,0.25
0.55,0.25
0.55,0.25
0.55,0.25
0.55,0.25
0.55,0.25
0.55,0.25
0.55,0.25
0.55,0.25
0.55,0.25
0.55,0.25
0.55,0.25
0.55,0.25
0.55,0.25
0.55,0.25
0.55,0.25
0.55,0.25
0.55,0.25
0.55,0.25
0.55,0.25
0.55,0.25
0.55,0.25
0.55,0.25
0.55,0.25
0.55,0.25
0.55,0.25
0.55,0.25
0.55,0.25
0.55,0.25
0.55,0.25
0.55,0.25
0.55,0.25
0.55,0.25
0.55,0.25
0.55,0.25
0.55,0.25
0.55,0.25
0.55,0.25
0.55,0.25
0.55,0.25
0.55,0.25
0.55,0.25
0.55,0.25
0.55,0.25
0.55,0.25
0.55,0.25
0.55,0.25
0.55,0.25
0.55,0.25
0.55,0.25
0.55,0.25
0.55,0.25
0.55,0.25
0.55,0.25
0.55,0.25
0.55,0.25
0.55,0.25
0.55,0.25
0.55,0.25
0.55,0.25
0.55,0.25
0.55,0.25
0.55,0.25
0.55,0.25
0.55,0.25
0.55,0.25
0.55,0.25
0.55,0.25
0.55,0.25
0.55,0.25
0.55,0.25
0.55,0.25
0.55,0.25
0.55,0.25
0.55,0.25
0.55,0.25
0.55,0.25
0.55,0.25
0.55,0.25
0.55,0.25
0.55,0.25
0.55,0.25
0.55,0.25
0.55,0.25
0.55,0.25
0.55,0.25
0.55,0.25
0.55,0.25
0.55,0.25
0.55,0.25
0.55,0.25
0.55,0.25
0.55,0.25
0.55,0.25
0.55,0.25
0.55,0.25
0.55,0.25
0.55,0.25
0.55,0.25
0.55,0.25
0.55,0.25
0.55,0.25
0.55,0.25
0.55,0.25
0.55,0.25
0.55,0.25
0.55,0.25
0.55,0.25
0.55,0.25
0.55,0.25
0.55,0.25
0.55,0.25
0.55,0.25
0.55,0.25
0.55,0.25
0.55,0.25
0.55,0.25
0.55,0.25
0.55,0.25
0.55,0.25
0.55,0.25
0.55,0.25
0.55,0.25
0.55,0.25
0.55,0.25
0.55,0.25
0.55,0.25
0.55,0.25
0.55,0.25
0.55,0.25
0.55,0.25
0.55,0.25
0.55,0.25
0.55,0.25
0.55,0.25
0.55,0.25
0.55,0.25
0.55,0.25
0.55,0.25
0.55,0.25
0.55,0.25
0.55,0.25
0.55,0.25
0.55,0.25
0.55,0.25
0.55,0.25
0.55,0.25
0.55,0.25
0.55,0.25
0.55,0.25
0.55,0.25
0.55,0.25
0.55,0.25
0.55,0.25
0.55,0.25
0.55,0.25
0.55,0.25
0.55,0.25
0.55,0.25
0.55,0.25
0.55,0.25
0.55,0.25
0.55,0.25
0.55,0.25
0.55,0.25
0.55,0.25
0.55,0.25
0.55,0.25
0.55,0.25
0.55,0.25
0.55,0.25
0.55,0.25
0.55,0.25
0.55,0.25
0.55,0.25
0.55,0.25
0.55,0.25
0.55,0.25
0.55,0.25
0.55,0.25
0.55,0.25
0.55,0.25
0.55,0.25
0.55,0.25
0.55,0.25
0.55,0.25
0.55,0.25
0.55,0.25
0.55,0.25
0.55,0.25
0.55,0.25
0.55,0.25
0.55,0.25
0.55,0.25
0.55,0.25
0.55,0.25
0.55,0.25
0.55,0.25
0.55,0.25
0.55,0.25
0.55,0.25
0.55,0.25
0.55,0.25
0.55,0.25
0.55,0.25
0.55,0.25
0.55,0.25
0.55,0.25
0.55,0.25
0.55,0.25
0.55,0.25
0.55,0.25
0.55,0.25
0.55,0.25
0.55,0.25
0.55,0.25
0.55,0.25
0.55,0.25
0.55,0.25
0.55,0.25
0.55,0.25
0.55,0.25
0.55,0.25
0.55,0.25
0.55,0.25
0.55,0.25
0.55,0.25
0.55,0.25
0.55,0.25
0.55,0.25
0.55,0.25
0.55,0.25
0.55,0.25
0.55,0.25
0.55,0.25
0.55,0.25
0.55,0.25
0.55,0.25
0.55,0.25
0.55,0.25
0.55,0.25
0.55,0.25
0.55,0.25
0.55,0.25
0.55,0.25
0.55,0.25
0.55,0.25
0.55,0.25
0.55,0.25
0.55,0.25
0.55,0.25
0.55,0.25
0.55,0.25
0.55,0.25
0.55,0.25
0.55,0.25
0.55,0.25
0.55,0.25
0.55,0.25
0.55,0.25
0.55,0.25
0.55,0.25
0.55,0.25
0.55,0.25
0.55,0.25
0.55,0.25
0.55,0.25
0.55,0.25
0.55,0.25
0.55,0.25
0.55,0.25
0.55,0.25
0.55,0.25
0.55,0.25
0.55,0.25
0.55,0.25
0.55,0.25
0.55,0.25
0.55,0.25
0.55,0.25
0.55,0.25
0.55,0.25
0.55,0.25
0.55,0.25
0.55,0.25
0.55,0.25
0.55,0.25
0.55,0.25
0.55,0.25
0.55,0.25
0.55,0.25
0.55,0.25
0.55,0.25
0.55,0.25
0.55,0.25
0.55,0.25
0.55,0.25
0.55,0.25
0.55,0.25
0.55,0.25
0.55,0.25
0.55,0.25
0.55,0.25
0.55,0.25
0.55,0.25
0.55,0.25
0.55,0.25
0.55,0.25
0.55,0.25
0.55,0.25
0.55,0.25
0.55,0.25
0.55,0.25
0.55,0.25
0.55,0.25
0.55,0.25
0.55,0.25
0.55,0.25
0.55,0.25
0.55,0.25
0.55,0.25
0.55,0.25
0.55,0.25
0.55,0.25
0.55,0.25
0.55,0.25
0.55,0.25
0.55,0.25
0.55,0.25
0.55,0.25
0.55,0.25
0.55,0.25
0.55,0.25
0.55,0.25
0.55,0.25
0.55,0.25
0.55,0.25
0.55,0.25
0.55,0.25
0.55,0.25
0.55,0.25
0.55,0.25
0.55,0.25
0.55,0.25
0.55,0.25
0.55,0.25
0.55,0.25
0.55,0.25
0.55,0.25
0.55,0.25
0.55,0.25
0.55,0.25
0.55,0.25
0.55,0.25
0.55,0.25
0.55,0.25
0.55,0.25
0.55,0.25
0.55,0.25
0.55,0.25
0.55,0.25
0.55,0.25
0.55,0.25
0.55,0.25
0.55,0.25
0.55,0.25
0.55,0.25
0.55,0.25
0.55,0.25
0.55,0.25
0.55,0.25
0.55,0.25
0.55,0.25
0.55,0.25
0.55,0.25
0.55,0.25
0.55,0.25
0.55,0.25
0.55,0.25
0.55,0.25
0.55,0.25
0.55,0.25
0.55,0.25
0.55,0.25
0.55,0.25
0.55,0.25
0.55,0.25
0.55,0.25
0.55,0.25
0.55,0.25
0.55,0.25
0.55,0.25
0.55,0.25
0.55,0.25
0.55,0.25
0.55,0.25
0.55,0.25
0.55,0.25
0.55,0.25
0.55,0.25
0.55,0.25
0.55,0.25
0.55,0.25
0.55,0.25
0.55,0.25
0.55,0.25
0.55,0.25
0.55,0.25
0.55,0.25
0.55,0.25
0.55,0.25
0.55,0.25
0.55,0.25
0.55,0.25
0.55,0.25
0.55,0.25
0.55,0.25
0.55,0.25
0.55,0.25
0.55,0.25
0.55,0.25
0.55,0.25
0.55,0.25
0.55,0.25
0.55,0.25
0.55,0.25
0.55,0.25
0.55,0.25
0.55,0.25
0.55,0.25
0.55,0.25
0.55,0.25
0.55,0.25
0.55,0.25
0.55,0.25
0.55,0.25
0.55,0.25
0.55,0.25
0.55,0.25
0.55,0.25
0.55,0.25
0.55,0.25
0.55,0.25
0.55,0.25
0.55,0.25
0.55,0.25
0.55,0.25
0.55,0.25
0.55,0.25
0.55,0.25
0.55,0.25
0.55,0.25
0.55,0.25
0.55,0.25
0.55,0.25
0.55,0.25
0.55,0.25
0.55,0.25
0.55,0.25
0.55,0.25
0.55,0.25
0.55,0.25
0.55,0.25
0.55,0.25
0.55,0.25
0.55,0.25
0.55,0.25
0.55,0.25
0.55,0.25
0.55,0.25
0.55,0.25
0.55,0.25
0.55,0.25
0.55,0.25
0.55,0.25
0.55,0.25
0.55,0.25
0.55,0.25
0.55,0.25
0.55,0.25
0.55,0.25
0.55,0.25
0.55,0.25
0.55,0.25
0.55,0.25
0.55,0.25
0.55,0.25
0.55,0.25
0.55,0.25
0.55,0.25
0.55,0.25
0.55,0.25
0.55,0.25
0.55,0.25
0.55,0.25
0.55,0.25
0.55,0.25
0.55,0.25
0.55,0.25
0.55,0.25
0.55,0.25
0.55,0.25
0.55,0.25
0.55,0.25
0.55,0.25
0.55,0.25
0.55,0.25
0.55,0.25
0.55,0.25
0.55,0.25
0.55,0.25
0.55,0.25
0.55,0.25
0.55,0.25
0.55,0.25
0.55,0.25
0.55,0.25
0.55,0.25
0.55,0.25
0.55,0.25
0.55,0.25
0.55,0.25
0.55,0.25
0.55,0.25
0.55,0.25
0.55,0.25
0.55,0.25
0.55,0.25
0.55,0.25
0.55,0.25
0.55,0.25
0.55,0.25
0.55,0.25
0.55,0.25
0.55,0.25
0.55,0.25
0.55,0.25
0.55,0.25
0.55,0.25
0.55,0.25
0.55,0.25
0.55,0.25
0.55,0.25
0.55,0.25
0.55,0.25
0.55,0.25
0.55,0.25
0.55,0.25
0.55,0.25
0.55,0.25
0.55,0.25
0.55,0.25
0.55,0.25
0.55,0.25
0.55,0.25
0.55,0.25
0.55,0.25
0.55,0.25
0.55,0.25
0.55,0.25
0.55,0.25
0.55,0.25
0.55,0.25
0.55,0.25
0.55,0.25
0.55,0.25
0.55,0.25
0.55,0.25
0.55,0.25
0.55,0.25
0.55,0.25
0.55,0.25
0.55,0.25
0.55,0.25
0.55,0.25
0.55,0.25
0.55,0.25
0.55,0.25
0.55,0.25
0.55,0.25
0.55,0.25
0.55,0.25
0.55,0.25
0.55,0.25
0.55,0.25
0.55,0.25
0.55,0.25
0.55,0.25
0.55,0.25
0.55,0.25
0.55,0.25
0.55,0.25
0.55,0.25
0.55,0.25
0.55,0.25
0.55,0.25
0.55,0.25
0.55,0.25
0.55,0.25
0.55,0.25
0.55,0.25
0.55,0.25
0.55,0.25
0.55,0.25
0.55,0.25
0.55,0.25
0.55,0.25
0.55,0.25
0.55,0.25
0.55,0.25
0.55,0.25
0.55,0.25
0.55,0.25
0.55,0.25
0.55,0.25
0.55,0.25
0.55,0.25
0.55,0.25
0.55,0.25
0.55,0.25
0.55,0.25
0.55,0.25
0.55,0.25
0.55,0.25
0.55,0.25
0.55,0.25
0.55,0.25
0.55,0.25
0.55,0.25
0.55,0.25
0.55,0.25
0.55,0.25
0.55,0.25
0.55,0.25
0.55,0.25
0.55,0.25
0.55,0.25
0.55,0.25
0.55,0.25
0.55,0.25
0.55,0.25
0.55,0.25
0.55,0.25
0.55,0.25
0.55,0.25
0.55,0.25
0.55,0.25
0.55,0.25
0.55,0.25
0.55,0.25
0.55,0.25
0.55,0.25
0.55,0.25
0.55,0.25
0.55,0.25
0.55,0.25
0.55,0.25
0.55,0.25
0.55,0.25
0.55,0.25
0.55,0.25
0.55,0.25
0.55,0.25
0.55,0.25
0.55,0.25
0.55,0.25
0.55,0.25
0.55,0.25
0.55,0.25
0.55,0.25
0.55,0.25
0.55,0.25
0.55,0.25
0.55,0.25
0.55,0.25
0.55,0.25
0.55,0.25
0.55,0.25
0.55,0.25
0.55,0.25
0.55,0.25
0.55,0.25
0.55,0.25
0.55,0.25
0.55,0.25
0.55,0.25
0.55,0.25
0.55,0.25
0.55,0.25
0.55,0.25
0.55,0.25
0.55,0.25
0.55,0.25
0.55,0.25
0.55,0.25
0.55,0.25
0.55,0.25
0.55,0.25
0.55,0.25
0.55,0.25
0.55,0.25
0.55,0.25
0.55,0.25
0.55,0.25
0.55,0.25
0.55,0.25
0.55,0.25
0.55,0.25
0.55,0.25
0.55,0.25
0.55,0.25
0.55,0.25
0.55,0.25
0.55,0.25
0.55,0.25
0.55,0.25
0.55,0.25
0.55,0.25
0.55,0.25
0.55,0.25
0.55,0.25
0.55,0.25
0.55,0.25
0.55,0.25
0.55,0.25
0.55,0.25
0.55,0.25
0.55,0.25
0.55,0.25
0.55,0.25
0.55,0.25
0.55,0.25
0.55,0.25
0.55,0.25
0.55,0.25
0.55,0.25
0.55,0.25
0.55,0.25
0.55,0.25
0.55,0.25
0.55,0.25
0.55,0.25
0.55,0.25
0.55,0.25
0.55,0.25
0.55,0.25
0.55,0.25
0.55,0.25
0.55,0.25
0.55,0.25
0.55,0.25
0.55,0.25
0.55,0.25
0.55,0.25
0.55,0.25
0.55,0.25
0.55,0.25
0.55,0.25
0.55,0.25
0.55,0.25
0.55,0.25
0.55,0.25
0.55,0.25
0.55,0.25
0.55,0.25
0.55,0.25
0.55,0.25
0.55,0.25
0.55,0.25
0.55,0.25
0.55,0.25
0.55,0.25
0.55,0.25
0.55,0.25
0.55,0.25
0.55,0.25
0.55,0.25
0.55,0.25
0.55,0.25
0.55,0.25
0.55,0.25
0.55,0.25
0.55,0.25
0.55,0.25
0.55,0.25
0.55,0.25
0.55,0.25
0.55,0.25
0.55,0.25
0.55,0.25
0.55,0.25
0.55,0.25
0.55,0.25
0.55,0.25
0.55,0.25
0.55,0.25
0.55,0.25
0.55,0.25
0.55,0.25
0.55,0.25
0.55,0.25
0.55,0.25
0.55,0.25
0.55,0.25
0.55,0.25
0.55,0.25
0.55,0.25
0.55,0.25
0.55,0.25
0.55,0.25
0.55,0.25
0.55,0.25
0.55,0.25
0.55,0.25
0.55,0.25
0.55,0.25
0.55,0.25
0.55,0.25
0.55,0.25
0.55,0.25
0.55,0.25
0.55,0.25
0.55,0.25
0.55,0.25
0.55,0.25
0.55,0.25
0.55,0.25
0.55,0.25
0.55,0.25
0.55,0.25
0.55,0.25
0.55,0.25
0.55,0.25
0.55,0.25
0.55,0.25
0.55,0.25
0.55,0.25
0.55,0.25
0.55,0.25
0.55,0.25
0.55,0.25
0.55,0.25
0.55,0.25
0.55,0.25
0.55,0.25
0.55,0.25
0.55,0.25
0.55,0.25
0.55,0.25
0.55,0.25
0.55,0.25
0.55,0.25
0.55,0.25
0.55,0.25
0.55,0.25
0.55,0.25
0.55,0.25
0.55,0.25
0.55,0.25
0.55,0.25
0.55,0.25
0.55,0.25
0.55,0.25
0.55,0.25
0.55,0.25
0.55,0.25
0.55,0.25
0.55,0.25
0.55,0.25
0.55,0.25
0.55,0.25
0.55,0.25
0.55,0.25
0.55,0.25
0.55,0.25
0.55,0.25
0.55,0.25
0.55,0.25
0.55,0.25
0.55,0.25
0.55,0.25
0.55,0.25
0.55,0.25
0.55,0.25
0.55,0.25
0.55,0.25
0.55,0.25
0.55,0.25
0.55,0.25
0.55,0.25
0.55,0.25
0.55,0.25
0.55,0.25
0.55,0.25
0.55,0.25
0.55,0.25
0.55,0.25
0.55,0.25
0.55,0.25
0.55,0.25
0.55,0.25
0.55,0.25
0.55,0.25
0.55,0.25
0.55,0.25
0.55,0.25
0.55,0.25
0.55,0.25
0.55,0.25
0.55,0.25
0.55,0.25
0.55,0.25
0.55,0.25
0.55,0.25
0.55,0.25
0.55,0.25
0.55,0.25
0.55,0.25
0.55,0.25
0.55,0.25
0.55,0.25
0.55,0.25
0.55,0.25
0.55,0.25
0.55,0.25
0.55,0.25
0.55,0.25
0.55,0.25
0.55,0.25
0.55,0.25
0.55,0.25
0.55,0.25
0.55,0.25
0.55,0.25
0.55,0.25
0.55,0.25
0.55,0.25
0.55,0.25
0.55,0.25
0.55,0.25
0.55,0.25
0.55,0.25
0.55,0.25
0.55,0.25
0.55,0.25
0.55,0.25
0.55,0.25
0.55,0.25
0.55,0.25
0.55,0.25
0.55,0.25
0.55,0.25
0.55,0.25
0.55,0.25
0.55,0.25
0.55,0.25
0.55,0.25
0.55,0.25
0.55,0.25
0.55,0.25
0.55,0.25
0.55,0.25
0.55,0.25
0.55,0.25
0.55,0.25
0.55,0.25
0.55,0.25
0.55,0.25
0.55,0.25
0.55,0.25
0.55,0.25
0.55,0.25
0.55,0.25
0.55,0.25
0.55,0.25
0.55,0.25
0.55,0.25
0.55,0.25
0.55,0.25
0.55,0.25
0.55,0.25
0.55,0.25
0.55,0.25
0.55,0.25
0.55,0.25
0.55,0.25
0.55,0.25
0.55,0.25
0.55,0.25
0.55,0.25
0.55,0.25
0.55,0.25
0.55,0.25
0.55,0.25
0.55,0.25
0.55,0.25
0.55,0.25
0.55,0.25
0.55,0.25
0.55,0.25
0.55,0.25
0.55,0.25
0.55,0.25
0.55,0.25
0.55,0.25
0.55,0.25
0.55,0.25
0.55,0.25
0.55,0.25
0.55,0.25
0.55,0.25
0.55,0.25
0.55,0.25
0.55,0.25
0.55,0.25
0.55,0.25
0.55,0.25
0.55,0.25
0.55,0.25
0.55,0.25
0.55,0.25
0.55,0.25
0.55,0.25
0.55,0.25
0.55,0.25
0.55,0.25
0.55,0.25
0.55,0.25
0.55,0.25
0.55,0.25
0.55,0.25
0.55,0.25
0.55,0.25
0.55,0.25
0.55,0.25
0.55,0.25
0.55,0.25
0.55,0.25
0.55,0.25
0.55,0.25
0.55,0.25
0.55,0.25
0.55,0.25
0.55,0.25
0.55,0.25
0.55,0.25
0.55,0.25
0.55,0.25
0.55,0.25
0.55,0.25
0.55,0.25
0.55,0.25
0.55,0.25
0.55,0.25
0.55,0.25
0.55,0.25
0.55,0.25
0.55,0.25
0.55,0.25
0.55,0.25
0.55,0.25
0.55,0.25
0.55,0.25
0.55,0.25
0.55,0.25
0.55,0.25
0.55,0.25
0.55,0.25
0.55,0.25
0.55,0.25
0.55,0.25
0.55,0.25
0.55,0.25
0.55,0.25
0.55,0.25
0.55,0.25
0.55,0.25
0.55,0.25
0.55,0.25
0.55,0.25
0.55,0.25
0.55,0.25
0.55,0.25
0.55,0.25
0.55,0.25
0.55,0.25
0.55,0.25
0.55,0.25
0.55,0.25
0.55,0.25
0.55,0.25
0.55,0.25
0.55,0.25
0.55,0.25
0.55,0.25
0.55,0.25
0.55,0.25
0.55,0.25
0.55,0.25
0.55,0.25
0.55,0.25
0.55,0.25
0.55,0.25
0.55,0.25
0.55,0.25
0.55,0.25
0.55,0.25
0.55,0.25
0.55,0.25
0.55,0.25
0.55,0.25
0.55,0.25
0.55,0.25
0.55,0.25
0.55,0.25
0.55,0.25
0.55,0.25
0.55,0.25
0.55,0.25
0.55,0.25
0.55,0.25
0.55,0.25
0.55,0.25
0.55,0.25
0.55,0.25
0.55,0.25
0.55,0.25
0.55,0.25
0.55,0.25
0.55,0.25
0.55,0.25
0.55,0.25
0.55,0.25
0.55,0.25
0.55,0.25
0.55,0.25
0.55,0.25
0.55,0.25
0.55,0.25
0.55,0.25
0.55,0.25
0.55,0.25
0.55,0.25
0.55,0.25
0.55,0.25
0.55,0.25
0.55,0.25
0.55,0.25
0.55,0.25
0.55,0.25
0.55,0.25
0.55,0.25
0.55,0.25
0.55,0.25
0.55,0.25
0.55,0.25
0.55,0.25
0.55,0.25
0.55,0.25
0.55,0.25
0.55,0.25
0.55,0.25
0.55,0.25
0.55,0.25
0.55,0.25
0.55,0.25
0.55,0.25
0.55,0.25
0.55,0.25
0.55,0.25
0.55,0.25
0.55,0.25
0.55,0.25
0.55,0.25
0.55,0.25
0.55,0.25
0.55,0.25
0.55,0.25
0.55,0.25
0.55,0.25
0.55,0.25
0.55,0.25
0.55,0.25
0.55,0.25
0.55,0.25
0.55,0.25
0.55,0.25
0.55,0.25
0.55,0.25
0.55,0.25
0.55,0.25
0.55,0.25
0.55,0.25
0.55,0.25
0.55,0.25
0.55,0.25
0.55,0.25
0.55,0.25
0.55,0.25
0.55,0.25
0.55,0.25
0.55,0.25
0.55,0.25
0.55,0.25
0.55,0.25
0.55,0.25
0.55,0.25
0.55,0.25
0.55,0.25
0.55,0.25
0.55,0.25
0.55,0.25
0.55,0.25
0.55,0.25
0.55,0.25
0.55,0.25
0.55,0.25
0.55,0.25
0.55,0.25
0.55,0.25
0.55,0.25
0.55,0.25
0.55,0.25
0.55,0.25
0.55,0.25
0.55,0.25
0.55,0.25
0.55,0.25
0.55,0.25
0.55,0.25
0.55,0.25
0.55,0.25
0.55,0.25
0.55,0.25
0.55,0.25
0.55,0.25
0.55,0.25
0.55,0.25
0.55,0.25
0.55,0.25
0.55,0.25
0.55,0.25
0.55,0.25
0.55,0.25
0.55,0.25
0.55,0.25
0.55,0.25
0.55,0.25
0.55,0.25
0.55,0.25
0.55,0.25
0.55,0.25
0.55,0.25
0.55,0.25
0.55,0.25
0.55,0.25
0.55,0.25
0.55,0.25
0.55,0.25
0.55,0.25
0.55,0.25
0.55,0.25
0.55,0.25
0.55,0.25
0.55,0.25
0.55,0.25
0.55,0.25
0.55,0.25
0.55,0.25
0.55,0.25
0.55,0.25
0.55,0.25
0.55,0.25
0.55,0.25
0.55,0.25
0.55,0.25
0.55,0.25
0.55,0.25
0.55,0.25
0.55,0.25
0.55,0.25
0.55,0.25
0.55,0.25
0.55,0.25
0.55,0.25
0.55,0.25
0.55,0.25
0.55,0.25
0.55,0.25
0.55,0.25
0.55,0.25
0.55,0.25
0.55,0.25
0.55,0.25
0.55,0.25
0.55,0.25
0.55,0.25
0.55,0.25
0.55,0.25
0.55,0.25
0.55,0.25
0.55,0.25
0.55,0.25
0.55,0.25
0.55,0.25
0.55,0.25
0.55,0.25
0.55,0.25
0.55,0.25
0.55,0.25
0.55,0.25
0.55,0.25
0.55,0.25
0.55,0.25
0.55,0.25
0.55,0.25
0.55,0.25
0.55,0.25
0.55,0.25
0.55,0.25
0.55,0.25
0.55,0.25
0.55,0.25
0.55,0.25
0.55,0.25
0.55,0.25
0.55,0.25
0.55,0.25
0.55,0.25
0.55,0.25
0.55,0.25
0.55,0.25
0.55,0.25
0.55,0.25
0.55,0.25
0.55,0.25
0.55,0.25
0.55,0.25
0.55,0.25
0.55,0.25
0.55,0.25
0.55,0.25
0.55,0.25
0.55,0.25
0.55,0.25
0.55,0.25
0.55,0.25
0.55,0.25
0.55,0.25
0.55,0.25
0.55,0.25
0.55,0.25
0.55,0.25
0.55,0.25
0.55,0.25
0.55,0.25
0.55,0.25
0.55,0.25
0.55,0.25
0.55,0.25
0.55,0.25
0.55,0.25
0.55,0.25
0.55,0.25
0.55,0.25
0.55,0.25
0.55,0.25
0.55,0.25
0.55,0.25
0.55,0.25
0.55,0.25
0.55,0.25
0.55,0.25
0.55,0.25
0.55,0.25
0.55,0.25
0.55,0.25
0.55,0.25
0.55,0.25
0.55,0.25
0.55,0.25
0.55,0.25
0.55,0.25
0.55,0.25
0.55,0.25
0.55,0.25
0.55,0.25
0.55,0.25
0.55,0.25
0.55,0.25
0.55,0.25
0.55,0.25
0.55,0.25
0.55,0.25
0.55,0.25
0.55,0.25
0.55,0.25
0.55,0.25
0.55,0.25
0.55,0.25
0.55,0.25
0.55,0.25
0.55,0.25
0.55,0.25
0.55,0.25
0.55,0.25
0.55,0.25
0.55,0.25
0.55,0.25
0.55,0.25
0.55,0.25
0.55,0.25
0.55,0.25
0.55,0.25
0.55,0.25
0.55,0.25
0.55,0.25
0.55,0.25
0.55,0.25
0.55,0.25
0.55,0.25
0.55,0.25
0.55,0.25
0.55,0.25
0.55,0.25
0.55,0.25
0.55,0.25
0.55,0.25
0.55,0.25
0.55,0.25
0.55,0.25
0.55,0.25
0.55,0.25
0.55,0.25
0.55,0.25
0.55,0.25
0.55,0.25
0.55,0.25
0.55,0.25
0.55,0.25
0.55,0.25
0.55,0.25
0.55,0.25
0.55,0.25
0.55,0.25
0.55,0.25
0.55,0.25
0.55,0.25
0.55,0.25
0.55,0.25
0.55,0.25
0.55,0.25
0.55,0.25
0.55,0.25
0.55,0.25
0.55,0.25
0.55,0.25
0.55,0.25
0.55,0.25
0.55,0.25
0.55,0.25
0.55,0.25
0.55,0.25
0.55,0.25
0.55,0.25
0.55,0.25
0.55,0.25
0.55,0.25
0.55,0.25
0.55,0.25
0.55,0.25
0.55,0.25
0.55,0.25
0.55,0.25
0.55,0.25
0.55,0.25
0.55,0.25
0.55,0.25
0.55,0.25
0.55,0.25
0.55,0.25
0.55,0.25
0.55,0.25
0.55,0.25
0.55,0.25
0.55,0.25
0.55,0.25
0.55,0.25
0.55,0.25
0.55,0.25
0.55,0.25
0.55,0.25
0.55,0.25
0.55,0.25
0.55,0.25
0.55,0.25
0.55,0.25
0.55,0.25
0.55,0.25
0.55,0.25
0.55,0.25
0.55,0.25
0.55,0.25
0.55,0.25
0.55,0.25
0.55,0.25
0.55,0.25
0.55,0.25
0.55,0.25
0.55,0.25
0.55,0.25
0.55,0.25
0.55,0.25
0.55,0.25
0.55,0.25
0.55,0.25
0.55,0.25
0.55,0.25
0.55,0.25
0.55,0.25
0.55,0.25
0.55,0.25
0.55,0.25
0.55,0.25
0.55,0.25
0.55,0.25
0.55,0.25
0.55,0.25
0.55,0.25
0.55,0.25
0.55,0.25
0.55,0.25
0.55,0.25
0.55,0.25
0.55,0.25
0.55,0.25
0.55,0.25
0.55,0.25
0.55,0.25
0.55,0.25
0.55,0.25
0.55,0.25
0.55,0.25
0.55,0.25
0.55,0.25
0.55,0.25
0.55,0.25
0.55,0.25
0.55,0.25
0.55,0.25
0.55,0.25
0.55,0.25
0.55,0.25
0.55,0.25
0.55,0.25
0.55,0.25
0.55,0.25
0.55,0.25
0.55,0.25
0.55,0.25
0.55,0.25
0.55,0.25
0.55,0.25
0.55,0.25
0.55,0.25
0.55,0.25
0.55,0.25
0.55,0.25
0.55,0.25
0.55,0.25
0.55,0.25
0.55,0.25
0.55,0.25
0.55,0.25
0.55,0.25
0.55,0.25
0.55,0.25
0.55,0.25
0.55,0.25
0.55,0.25
0.55,0.25
0.55,0.25
0.55,0.25
0.55,0.25
0.55,0.25
0.55,0.25
0.55,0.25
0.55,0.25
0.55,0.25
0.55,0.25
0.55,0.25
0.55,0.25
0.55,0.25
0.55,0.25
0.55,0.25
0.55,0.25
0.55,0.25
0.55,0.25
0.55,0.25
0.55,0.25
0.55,0.25
0.55,0.25
0.55,0.25
0.55,0.25
0.55,0.25
0.55,0.25
0.55,0.25
0.55,0.25
0.55,0.25
0.55,0.25
0.55,0.25
0.55,0.25
0.55,0.25
0.55,0.25
0.55,0.25
0.55,0.25
0.55,0.25
0.55,0.25
0.55,0.25
0.55,0.25
0.55,0.25
0.55,0.25
0.55,0.25
0.55,0.25
0.55,0.25
0.55,0.25
0.55,0.25
0.55,0.25
0.55,0.25
0.55,0.25
0.55,0.25
0.55,0.25
0.55,0.25
0.55,0.25
0.55,0.25
0.55,0.25
0.55,0.25
0.55,0.25
0.55,0.25
0.55,0.25
0.55,0.25
0.55,0.25
0.55,0.25
0.55,0.25
0.55,0.25
0.55,0.25
0.55,0.25
0.55,0.25
0.55,0.25
0.55,0.25
0.55,0.25
0.55,0.25
0.55,0.25
0.55,0.25
0.55,0.25
0.55,0.25
0.55,0.25
0.55,0.25
0.55,0.25
0.55,0.25
0.55,0.25
0.55,0.25
0.55,0.25
0.55,0.25
0.55,0.25
0.55,0.25
0.55,0.25
0.55,0.25
0.55,0.25
0.55,0.25
0.55,0.25
0.55,0.25
0.55,0.25
0.55,0.25
0.55,0.25
0.55,0.25
0.55,0.25
0.55,0.25
0.55,0.25
0.55,0.25
0.55,0.25
0.55,0.25
0.55,0.25
0.55,0.25
0.55,0.25
0.55,0.25
0.55,0.25
0.55,0.25
0.55,0.25
0.55,0.25
0.55,0.25
0.55,0.25
0.55,0.25
0.55,0.25
0.55,0.25
0.55,0.25
0.55,0.25
0.55,0.25
0.55,0.25
0.55,0.25
0.55,0.25
0.55,0.25
0.55,0.25
0.55,0.25
0.55,0.25
0.55,0.25
0.55,0.25
0.55,0.25
0.55,0.25
0.55,0.25
0.55,0.25
0.55,0.25
0.55,0.25
0.55,0.25
0.55,0.25
0.55,0.25
0.55,0.25
0.55,0.25
0.55,0.25
0.55,0.25
0.55,0.25
0.55,0.25
0.55,0.25
0.55,0.25
0.55,0.25
0.55,0.25
0.55,0.25
0.55,0.25
0.55,0.25
0.55,0.25
0.55,0.25
0.55,0.25
0.55,0.25
0.55,0.25
0.55,0.25
0.55,0.25
0.55,0.25
0.55,0.25
0.55,0.25
0.55,0.25
0.55,0.25
0.55,0.25
0.55,0.25
0.55,0.25
0.55,0.25
0.55,0.25
0.55,0.25
0.55,0.25
0.55,0.25
0.55,0.25
0.55,0.25
0.55,0.25
0.55,0.25
0.55,0.25
0.55,0.25
0.55,0.25
0.55,0.25
0.55,0.25
0.55,0.25
0.55,0.25
0.55,0.25
0.55,0.25
0.55,0.25
0.55,0.25
0.55,0.25
0.55,0.25
0.55,0.25
0.55,0.25
0.55,0.25
0.55,0.25
0.55,0.25
0.55,0.25
0.55,0.25
0.55,0.25
0.55,0.25
0.55,0.25
0.55,0.25
0.55,0.25
0.55,0.25
0.55,0.25
0.55,0.25
0.55,0.25
0.55,0.25
0.55,0.25
0.55,0.25
0.55,0.25
0.55,0.25
0.55,0.25
0.55,0.25
0.55,0.25
0.55,0.25
0.55,0.25
0.55,0.25
0.55,0.25
0.55,0.25
0.55,0.25
0.55,0.25
0.55,0.25
0.55,0.25
0.55,0.25
0.55,0.25
0.55,0.25
0.55,0.25
0.55,0.25
0.55,0.25
0.55,0.25
0.55,0.25
0.55,0.25
0.55,0.25
0.55,0.25
0.55,0.25
0.55,0.25
0.55,0.25
0.55,0.25
0.55,0.25
0.55,0.25
0.55,0.25
0.55,0.25
0.55,0.25
0.55,0.25
0.55,0.25
0.55,0.25
0.55,0.25
0.55,0.25
0.55,0.25
0.55,0.25
0.55,0.25
0.55,0.25
0.55,0.25
0.55,0.25
0.55,0.25
0.55,0.25
0.55,0.25
0.55,0.25
0.55,0.25
0.55,0.25
0.55,0.25
0.55,0.25
0.55,0.25
0.55,0.25
0.55,0.25
0.55,0.25
0.55,0.25
0.55,0.25
0.55,0.25
0.55,0.25
0.55,0.25
0.55,0.25
0.55,0.25
0.55,0.25
0.55,0.25
0.55,0.25
0.55,0.25
0.55,0.25
0.55,0.25
0.55,0.25
0.55,0.25
0.55,0.25
0.55,0.25
0.55,0.25
0.55,0.25
0.55,0.25
0.55,0.25
0.55,0.25
0.55,0.25
0.55,0.25
0.55,0.25
0.55,0.25
0.55,0.25
0.55,0.25
0.55,0.25
0.55,0.25
0.55,0.25
0.55,0.25
0.55,0.25
0.55,0.25
0.55,0.25
0.55,0.25
0.55,0.25
0.55,0.25
0.55,0.25
0.55,0.25
0.55,0.25
0.55,0.25
0.55,0.25
0.55,0.25
0.55,0.25
0.55,0.25
0.55,0.25
0.55,0.25
0.55,0.25
0.55,0.25
0.55,0.25
0.55,0.25
0.55,0.25
0.55,0.25
0.55,0.25
0.55,0.25
0.55,0.25
0.55,0.25
0.55,0.25
0.55,0.25
0.55,0.25
0.55,0.25
0.55,0.25
0.55,0.25
0.55,0.25
0.55,0.25
0.55,0.25
0.55,0.25
0.55,0.25
0.55,0.25
0.55,0.25
0.55,0.25
0.55,0.25
0.55,0.25
0.55,0.25
0.55,0.25
0.55,0.25
0.55,0.25
0.55,0.25
0.55,0.25
0.55,0.25
0.55,0.25
0.55,0.25
0.55,0.25
0.55,0.25
0.55,0.25
0.55,0.25
0.55,0.25
0.55,0.25
0.55,0.25
0.55,0.25
0.55,0.25
0.55,0.25
0.55,0.25
0.55,0.25
0.55,0.25
0.55,0.25
0.55,0.25
0.55,0.25
0.55,0.25
0.55,0.25
0.55,0.25
0.55,0.25
0.55,0.25
0.55,0.25
0.55,0.25
0.55,0.25
0.55,0.25
0.55,0.25
0.55,0.25
0.55,0.25
0.55,0.25
0.55,0.25
0.55,0.25
0.55,0.25
0.55,0.25
0.55,0.25
0.55,0.25
0.55,0.25
0.55,0.25
0.55,0.25
0.55,0.25
0.55,0.25
0.55,0.25
0.55,0.25
0.55,0.25
0.55,0.25
0.55,0.25
0.55,0.25
0.55,0.25
0.55,0.25
0.55,0.25
0.55,0.25
0.55,0.25
0.55,0.25
0.55,0.25
0.55,0.25
0.55,0.25
0.55,0.25
0.55,0.25
0.55,0.25
0.55,0.25
0.55,0.25
0.55,0.25
0.55,0.25
0.55,0.25
0.55,0.25
0.55,0.25
0.55,0.25
0.55,0.25
0.55,0.25
0.55,0.25
0.55,0.25
0.55,0.25
0.55,0.25
0.55,0.25
0.55,0.25
0.55,0.25
0.55,0.25
0.55,0.25
0.55,0.25
0.55,0.25
0.55,0.25
0.55,0.25
0.55,0.25
0.55,0.25
0.55,0.25
0.55,0.25
0.55,0.25
0.55,0.25
0.55,0.25
0.55,0.25
0.55,0.25
0.55,0.25
0.55,0.25
0.55,0.25
0.55,0.25
0.55,0.25
0.55,0.25
0.55,0.25
0.55,0.25
0.55,0.25
0.55,0.25
0.55,0.25
0.55,0.25
0.55,0.25
0.55,0.25
0.55,0.25
0.55,0.25
0.55,0.25
0.55,0.25
0.55,0.25
0.55,0.25
0.55,0.25
0.55,0.25
0.55,0.25
0.55,0.25
0.55,0.25
0.55,0.25
0.55,0.25
0.55,0.25
0.55,0.25
0.55,0.25
0.55,0.25
0.55,0.25
0.55,0.25
0.55,0.25
0.55,0.25
0.55,0.25
0.55,0.25
0.55,0.25
0.55,0.25
0.55,0.25
0.55,0.25
0.55,0.25
0.55,0.25
0.55,0.25
0.55,0.25
0.55,0.25
0.55,0.25
0.55,0.25
0.55,0.25
0.55,0.25
0.55,0.25
0.55,0.25
0.55,0.25
0.55,0.25
0.55,0.25
0.55,0.25
0.55,0.25
0.55,0.25
0.55,0.25
0.55,0.25
0.55,0.25
0.55,0.25
0.55,0.25
0.55,0.25
0.55,0.25
0.55,0.25
0.55,0.25
0.55,0.25
0.55,0.25
0.55,0.25
0.55,0.25
0.55,0.25
0.55,0.25
0.55,0.25
0.55,0.25
0.55,0.25
0.55,0.25
0.55,0.25
0.55,0.25
0.55,0.25
0.55,0.25
0.55,0.25
0.55,0.25
0.55,0.25
0.55,0.25
0.55,0.25
0.55,0.25
0.55,0.25
0.55,0.25
0.55,0.25
0.55,0.25
0.55,0.25
0.55,0.25
0.55,0.25
0.55,0.25
0.55,0.25
0.55,0.25
0.55,0.25
0.55,0.25
0.55,0.25
0.55,0.25
0.55,0.25
0.55,0.25
0.55,0.25
0.55,0.25
0.55,0.25
0.55,0.25
0.55,0.25
0.55,0.25
0.55,0.25
0.55,0.25
0.55,0.25
0.55,0.25
0.55,0.25
0.55,0.25
0.55,0.25
0.55,0.25
0.55,0.25
0.55,0.25
0.55,0.25
0.55,0.25
0.55,0.25
0.55,0.25
0.55,0.25
0.55,0.25
0.55,0.25
0.55,0.25
0.55,0.25
0.55,0.25
0.55,0.25
0.55,0.25
0.55,0.25
0.55,0.25
0.55,0.25
0.55,0.25
0.55,0.25
0.55,0.25
0.55,0.25
0.55,0.25
0.55,0.25
0.55,0.25
0.55,0.25
0.55,0.25
0.55,0.25
0.55,0.25
0.55,0.25
0.55,0.25
0.55,0.25
0.55,0.25
0.55,0.25
0.55,0.25
0.55,0.25
0.55,0.25
0.55,0.25
0.55,0.25
0.55,0.25
0.55,0.25
0.55,0.25
0.55,0.25
0.55,0.25
0.55,0.25
0.55,0.25
0.55,0.25
0.55,0.25
0.55,0.25
0.55,0.25
0.55,0.25
0.55,0.25
0.55,0.25
0.55,0.25
0.55,0.25
0.55,0.25
0.55,0.25
0.55,0.25
0.55,0.25
0.55,0.25
0.55,0.25
0.55,0.25
0.55,0.25
0.55,0.25
0.55,0.25
0.55,0.25
0.55,0.25
0.55,0.25
0.55,0.25
0.55,0.25
0.55,0.25
0.55,0.25
0.55,0.25
0.55,0.25
0.55,0.25
0.55,0.25
0.55,0.25
0.55,0.25
0.55,0.25
0.55,0.25
0.55,0.25
0.55,0.25
0.55,0.25
0.55,0.25
0.55,0.25
0.55,0.25
0.55,0.25
0.55,0.25
0.55,0.25
0.55,0.25
0.55,0.25
0.55,0.25
0.55,0.25
0.55,0.25
0.55,0.25
0.55,0.25
0.55,0.25
0.55,0.25
0.55,0.25
0.55,0.25
0.55,0.25
0.55,0.25
0.55,0.25
0.55,0.25
0.55,0.25
0.55,0.25
0.55,0.25
0.55,0.25
0.55,0.25
0.55,0.25
0.55,0.25
0.55,0.25
0.55,0.25
0.55,0.25
0.55,0.25
0.55,0.25
0.55,0.25
0.55,0.25
0.55,0.25
0.55,0.25
0.55,0.25
0.55,0.25
0.55,0.25
0.55,0.25
0.55,0.25
0.55,0.25
0.55,0.25
0.55,0.25
0.55,0.25
0.55,0.25
0.55,0.25
0.55,0.25
0.55,0.25
0.55,0.25
0.55,0.25
0.55,0.25
0.55,0.25
0.55,0.25
0.55,0.25
0.55,0.25
0.55,0.25
0.55,0.25
0.55,0.25
0.55,0.25
0.55,0.25
0.55,0.25
0.55,0.25
0.55,0.25
0.55,0.25
0.55,0.25
0.55,0.25
0.55,0.25
0.55,0.25
0.55,0.25
0.55,0.25
0.55,0.25
0.55,0.25
0.55,0.25
0.55,0.25
0.55,0.25
0.55,0.25
0.55,0.25
0.55,0.25
0.55,0.25
0.55,0.25
0.55,0.25
0.55,0.25
0.55,0.25
0.55,0.25
0.55,0.25
0.55,0.25
0.55,0.25
0.55,0.25
0.55,0.25
0.55,0.25
0.55,0.25
0.55,0.25
0.55,0.25
0.55,0.25
0.55,0.25
0.55,0.25
0.55,0.25
0.55,0.25
0.55,0.25
0.55,0.25
0.55,0.25
0.55,0.25
0.55,0.25
0.55,0.25
0.55,0.25
0.55,0.25
0.55,0.25
0.55,0.25
0.55,0.25
0.55,0.25
0.55,0.25
0.55,0.25
0.55,0.25
0.55,0.25
0.55,0.25
0.55,0.25
0.55,0.25
0.55,0.25
0.55,0.25
0.55,0.25
0.55,0.25
0.55,0.25
0.55,0.25
0.55,0.25
0.55,0.25
0.55,0.25
0.55,0.25
0.55,0.25
0.55,0.25
0.55,0.25
0.55,0.25
0.55,0.25
0.55,0.25
0.55,0.25
0.55,0.25
0.55,0.25
0.55,0.25
0.55,0.25
0.55,0.25
0.55,0.25
0.55,0.25
0.55,0.25
0.55,0.25
0.55,0.25
0.55,0.25
0.55,0.25
0.55,0.25
0.55,0.25
0.55,0.25
0.55,0.25
0.55,0.25
0.55,0.25
0.55,0.25
0.55,0.25
0.55,0.25
0.55,0.25
0.55,0.25
0.55,0.25
0.55,0.25
0.55,0.25
0.55,0.25
0.55,0.25
0.55,0.25
0.55,0.25
0.55,0.25
0.55,0.25
0.55,0.25
0.55,0.25
0.55,0.25
0.55,0.25
0.55,0.25
0.55,0.25
0.55,0.25
0.55,0.25
0.55,0.25
0.55,0.25
0.55,0.25
0.55,0.25
0.55,0.25
0.55,0.25
0.55,0.25
0.55,0.25
0.55,0.25
0.55,0.25
0.55,0.25
0.55,0.25
0.55,0.25
0.55,0.25
0.55,0.25
0.55,0.25
0.55,0.25
0.55,0.25
0.55,0.25
0.55,0.25
0.55,0.25
0.55,0.25
0.55,0.25
0.55,0.25
0.55,0.25
0.55,0.25
0.55,0.25
0.55,0.25
0.55,0.25
0.55,0.25
0.55,0.25
0.55,0.25
0.55,0.25
0.55,0.25
0.55,0.25
0.55,0.25
0.55,0.25
0.55,0.25
0.55,0.25
0.55,0.25
0.55,0.25
0.55,0.25
0.55,0.25
0.55,0.25
0.55,0.25
0.55,0.25
0.55,0.25
0.55,0.25
0.55,0.25
0.55,0.25
0.55,0.25
0.55,0.25
0.55,0.25
0.55,0.25
0.55,0.25
0.55,0.25
0.55,0.25
0.55,0.25
0.55,0.25
0.55,0.25
0.55,0.25
0.55,0.25
0.55,0.25
0.55,0.25
0.55,0.25
0.55,0.25
0.55,0.25
0.55,0.25
0.55,0.25
0.55,0.25
0.55,0.25
0.55,0.25
0.55,0.25
0.55,0.25
0.55,0.25
0.55,0.25
0.55,0.25
0.55,0.25
0.55,0.25
0.55,0.25
0.55,0.25
0.55,0.25
0.55,0.25
0.55,0.25
0.55,0.25
0.55,0.25
0.55,0.25
0.55,0.25
0.55,0.25
0.55,0.25
0.55,0.25
0.55,0.25
0.55,0.25
0.55,0.25
0.55,0.25
0.55,0.25
0.55,0.25
0.55,0.25
0.55,0.25
0.55,0.25
0.55,0.25
0.55,0.25
0.55,0.25
0.55,0.25
0.55,0.25
0.55,0.25
0.55,0.25
0.55,0.25
0.55,0.25
0.55,0.25
0.55,0.25
0.55,0.25
0.55,0.25
0.55,0.25
0.55,0.25
0.55,0.25
0.55,0.25
0.55,0.25
0.55,0.25
0.55,0.25
0.55,0.25
0.55,0.25
0.55,0.25
0.55,0.25
0.55,0.25
0.55,0.25
0.55,0.25
0.55,0.25
0.55,0.25
0.55,0.25
0.55,0.25
0.55,0.25
0.55,0.25
0.55,0.25
0.55,0.25
0.55,0.25
0.55,0.25
0.55,0.25
0.55,0.25
0.55,0.25
0.55,0.25
0.55,0.25
0.55,0.25
0.55,0.25
0.55,0.25
0.55,0.25
0.55,0.25
0.55,0.25
0.55,0.25
0.55,0.25
0.55,0.25
0.55,0.25
0.55,0.25
0.55,0.25
0.55,0.25
0.55,0.25
0.55,0.25
0.55,0.25
0.55,0.25
0.55,0.25
0.55,0.25
0.55,0.25
0.55,0.25
0.55,0.25
0.55,0.25
0.55,0.25
0.55,0.25
0.55,0.25
0.55,0.25
0.55,0.25
0.55,0.25
0.55,0.25
0.55,0.25
0.55,0.25
0.55,0.25
0.55,0.25
0.55,0.25
0.55,0.25
0.55,0.25
0.55,0.25
0.55,0.25
0.55,0.25
0.55,0.25
0.55,0.25
0.55,0.25
0.55,0.25
0.55,0.25
0.55,0.25
0.55,0.25
0.55,0.25
0.55,0.25
0.55,0.25
0.55,0.25
0.55,0.25
0.55,0.25
0.55,0.25
0.55,0.25
0.55,0.25
0.55,0.25
0.55,0.25
0.55,0.25
0.55,0.25
0.55,0.25
0.55,0.25
0.55,0.25
0.55,0.25
0.55,0.25
0.55,0.25
0.55,0.25
0.55,0.25
0.55,0.25
0.55,0.25
0.55,0.25
0.55,0.25
0.55,0.25
0.55,0.25
0.55,0.25
0.55,0.25
0.55,0.25
0.55,0.25
0.55,0.25
0.55,0.25
0.55,0.25
0.55,0.25
0.55,0.25
0.55,0.25
0.55,0.25
0.55,0.25
0.55,0.25
0.55,0.25
0.55,0.25
0.55,0.25
0.55,0.25
0.55,0.25
0.55,0.25
0.55,0.25
0.55,0.25
0.55,0.25
0.55,0.25
0.55,0.25
0.55,0.25
0.55,0.25
0.55,0.25
0.55,0.25
0.55,0.25
0.55,0.25
0.55,0.25
0.55,0.25
0.55,0.25
0.55,0.25
0.55,0.25
0.55,0.25
0.55,0.25
0.55,0.25
0.55,0.25
0.55,0.25
0.55,0.25
0.55,0.25
0.55,0.25
0.55,0.25
0.55,0.25
0.55,0.25
0.55,0.25
0.55,0.25
0.55,0.25
0.55,0.25
0.55,0.25
0.55,0.25
0.55,0.25
0.55,0.25
0.55,0.25
0.55,0.25
0.55,0.25
0.55,0.25
0.55,0.25
0.55,0.25
0.55,0.25
0.55,0.25
0.55,0.25
0.55,0.25
0.55,0.25
0.55,0.25
0.55,0.25
0.55,0.25
0.55,0.25
0.55,0.25
0.55,0.25
0.55,0.25
0.55,0.25
0.55,0.25
0.55,0.25
0.55,0.25
0.55,0.25
0.55,0.25
0.55,0.25
0.55,0.25
0.55,0.25
0.55,0.25
0.55,0.25
0.55,0.25
0.55,0.25
0.55,0.25
0.55,0.25
0.55,0.25
0.55,0.25
0.55,0.25
0.55,0.25
0.55,0.25
0.55,0.25
0.55,0.25
0.55,0.25
0.55,0.25
0.55,0.25
0.55,0.25
0.55,0.25
0.55,0.25
0.55,0.25
0.55,0.25
0.55,0.25
0.55,0.25
0.55,0.25
0.55,0.25
0.55,0.25
0.55,0.25
0.55,0.25
0.55,0.25
0.55,0.25
0.55,0.25
0.55,0.25
0.55,0.25
0.55,0.25
0.55,0.25
0.55,0.25
0.55,0.25
0.55,0.25
0.55,0.25
0.55,0.25
0.55,0.25
0.55,0.25
0.55,0.25
0.55,0.25
0.55,0.25
0.55,0.25
0.55,0.25
0.55,0.25
0.55,0.25
0.55,0.25
0.55,0.25
0.55,0.25
0.55,0.25
0.55,0.25
0.55,0.25
0.55,0.25
0.55,0.25
0.55,0.25
0.55,0.25
0.55,0.25
0.55,0.25
0.55,0.25
0.55,0.25
0.55,0.25
0.55,0.25
0.55,0.25
0.55,0.25
0.55,0.25
0.55,0.25
0.55,0.25
0.55,0.25
0.55,0.25
0.55,0.25
0.55,0.25
0.55,0.25
0.55,0.25
0.55,0.25
0.55,0.25
0.55,0.25
0.55,0.25
0.55,0.25
0.55,0.25
0.55,0.25
0.55,0.25
0.55,0.25
0.55,0.25
0.55,0.25
0.55,0.25
0.55,0.25
0.55,0.25
0.55,0.25
0.55,0.25
0.55,0.25
0.55,0.25
0.55,0.25
0.55,0.25
0.55,0.25
0.55,0.25
0.55,0.25
0.55,0.25
0.55,0.25
0.55,0.25
0.55,0.25
0.55,0.25
0.55,0.25
0.55,0.25
0.55,0.25
0.55,0.25
0.55,0.25
0.55,0.25
0.55,0.25
0.55,0.25
0.55,0.25
0.55,0.25
0.55,0.25
0.55,0.25
0.55,0.25
0.55,0.25
0.55,0.25
0.55,0.25
0.55,0.25
0.55,0.25
0.55,0.25
0.55,0.25
0.55,0.25
0.55,0.25
0.55,0.25
0.55,0.25
0.55,0.25
0.55,0.25
0.55,0.25
0.55,0.25
0.55,0.25
0.55,0.25
0.55,0.25
0.55,0.25
0.55,0.25
0.55,0.25
0.55,0.25
0.55,0.25
0.55,0.25
0.55,0.25
0.55,0.25
0.55,0.25
0.55,0.25
0.55,0.25
0.55,0.25
0.55,0.25
0.55,0.25
0.55,0.25
0.55,0.25
0.55,0.25
0.55,0.25
0.55,0.25
0.55,0.25
0.55,0.25
0.55,0.25
0.55,0.25
0.55,0.25
0.55,0.25
0.55,0.25
0.55,0.25
0.55,0.25
0.55,0.25
0.55,0.25
0.55,0.25
0.55,0.25
0.55,0.25
0.55,0.25
0.55,0.25
0.55,0.25
0.55,0.25
0.55,0.25
0.55,0.25
0.55,0.25
0.55,0.25
0.55,0.25
0.55,0.25
0.55,0.25
0.55,0.25
0.55,0.25
0.55,0.25
0.55,0.25
0.55,0.25
0.55,0.25
0.55,0.25
0.55,0.25
0.55,0.25
0.55,0.25
0.55,0.25
0.55,0.25
0.55,0.25
0.55,0.25
0.55,0.25
0.55,0.25
0.55,0.25
0.55,0.25
0.55,0.25
0.55,0.25
0.55,0.25
0.55,0.25
0.55,0.25
0.55,0.25
0.55,0.25
0.55,0.25
0.55,0.25
0.55,0.25
0.55,0.25
0.55,0.25
0.55,0.25
0.55,0.25
0.55,0.25
0.55,0.25
0.55,0.25
0.55,0.25
0.55,0.25
0.55,0.25
0.55,0.25
0.55,0.25
0.55,0.25
0.55,0.25
0.55,0.25
0.55,0.25
0.55,0.25
0.55,0.25
0.55,0.25
0.55,0.25
0.55,0.25
0.55,0.25
0.55,0.25
0.55,0.25
0.55,0.25
0.55,0.25
0.55,0.25
0.55,0.25
0.55,0.25
0.55,0.25
0.55,0.25
0.55,0.25
0.55,0.25
0.55,0.25
0.55,0.25
0.55,0.25
0.55,0.25
0.55,0.25
0.55,0.25
0.55,0.25
0.55,0.25
0.55,0.25
0.55,0.25
0.55,0.25
0.55,0.25
0.55,0.25
0.55,0.25
0.55,0.25
0.55,0.25
0.55,0.25
0.55,0.25
0.55,0.25
0.55,0.25
0.55,0.25
0.55,0.25
0.55,0.25
0.55,0.25
0.55,0.25
0.55,0.25
0.55,0.25
0.55,0.25
0.55,0.25
0.55,0.25
0.55,0.25
0.55,0.25
0.55,0.25
0.55,0.25
0.55,0.25
0.55,0.25
0.55,0.25
0.55,0.25
0.55,0.25
0.55,0.25
0.55,0.25
0.55,0.25
0.55,0.25
0.55,0.25
0.55,0.25
0.55,0.25
0.55,0.25
0.55,0.25
0.55,0.25
0.55,0.25
0.55,0.25
0.55,0.25
0.55,0.25
0.55,0.25
0.55,0.25
0.55,0.25
0.55,0.25
0.55,0.25
0.55,0.25
0.55,0.25
0.55,0.25
0.55,0.25
0.55,0.25
0.55,0.25
0.55,0.25
0.55,0.25
0.55,0.25
0.55,0.25
0.55,0.25
0.55,0.25
0.55,0.25
0.55,0.25
0.55,0.25
0.55,0.25
0.55,0.25
0.55,0.25
0.55,0.25
0.55,0.25
0.55,0.25
0.55,0.25
0.55,0.25
0.55,0.25
0.55,0.25
0.55,0.25
0.55,0.25
0.55,0.25
0.55,0.25
0.55,0.25
0.55,0.25
0.55,0.25
0.55,0.25
0.55,0.25
0.55,0.25
0.55,0.25
0.55,0.25
0.55,0.25
0.55,0.25
0.55,0.25
0.55,0.25
0.55,0.25
0.55,0.25
0.55,0.25
0.55,0.25
0.55,0.25
0.55,0.25
0.55,0.25
0.55,0.25
0.55,0.25
0.55,0.25
0.55,0.25
0.55,0.25
0.55,0.25
0.55,0.25
0.55,0.25
0.55,0.25
0.55,0.25
0.55,0.25
0.55,0.25
0.55,0.25
0.55,0.25
0.55,0.25
0.55,0.25
0.55,0.25
0.55,0.25
0.55,0.25
0.55,0.25
0.55,0.25
0.55,0.25
0.55,0.25
0.55,0.25
0.55,0.25
0.55,0.25
0.55,0.25
0.55,0.25
0.55,0.25
0.55,0.25
0.55,0.25
0.55,0.25
0.55,0.25
0.55,0.25
0.55,0.25
0.55,0.25
0.55,0.25
0.55,0.25
0.55,0.25
0.55,0.25
0.55,0.25
0.55,0.25
0.55,0.25
0.55,0.25
0.55,0.25
0.55,0.25
0.55,0.25
0.55,0.25
0.55,0.25
0.55,0.25
0.55,0.25
0.55,0.25
0.55,0.25
0.55,0.25
0.55,0.25
0.55,0.25
0.55,0.25
0.55,0.25
0.55,0.25
0.55,0.25
0.55,0.25
0.55,0.25
0.55,0.25
0.55,0.25
0.55,0.25
0.55,0.25
0.55,0.25
0.55,0.25
0.55,0.25
0.55,0.25
0.55,0.25
0.55,0.25
0.55,0.25
0.55,0.25
0.55,0.25
0.55,0.25
0.55,0.25
0.55,0.25
0.55,0.25
0.55,0.25
0.55,0.25
0.55,0.25
0.55,0.25
0.55,0.25
0.55,0.25
0.55,0.25
0.55,0.25
0.55,0.25
0.55,0.25
0.55,0.25
0.55,0.25
0.55,0.25
0.55,0.25
0.55,0.25
0.55,0.25
0.55,0.25
0.0,0.0
0.0,0.0
0.0,0.0
0.0,0.0
0.0,0.0
0.0,0.0
0.0,0.0
0.0,0.0
0.0,0.0
0.0,0.0
0.0,0.0
0.0,0.0
0.0,0.0
0.0,0.0
0.0,0.0
0.0,0.0
0.0,0.0
0.0,0.0
0.0,0.0
0.0,0.0
0.0,0.0
0.0,0.0
0.0,0.0
0.0,0.0
0.0,0.0
0.0,0.0
0.0,0.0
0.0,0.0
0.0,0.0
0.0,0.0
0.0,0.0
0.0,0.0
0.0,0.0
0.0,0.0
0.0,0.0
0.0,0.0
0.0,0.0
0.0,0.0
0.0,0.0
0.0,0.0
0.0,0.0
0.0,0.0
0.0,0.0
0.0,0.0
0.0,0.0
0.0,0.0
0.0,0.0
0.0,0.0
0.0,0.0
0.0,0.0
0.0,0.0
0.0,0.0
0.0,0.0
0.0,0.0
0.0,0.0
0.0,0.0
0.0,0.0
0.0,0.0
0.0,0.0
0.0,0.0
0.0,0.0
0.0,0.0
0.0,0.0
0.0,0.0
0.0,0.0
0.0,0.0
0.0,0.0
0.0,0.0
0.0,0.0
0.0,0.0
0.0,0.0
0.0,0.0
0.0,0.0
0.0,0.0
0.0,0.0
0.0,0.0
0.0,0.0
0.0,0.0
0.0,0.0
0.0,0.0
0.0,0.0
0.0,0.0
0.0,0.0
0.0,0.0
0.0,0.0
0.0,0.0
0.0,0.0
0.0,0.0
0.0,0.0
0.0,0.0
0.0,0.0
0.0,0.0
0.0,0.0
0.0,0.0
0.0,0.0
0.0,0.0
0.0,0.0
0.0,0.0
0.0,0.0
0.0,0.0
0.0,0.0
0.0,0.0
0.0,0.0
0.0,0.0
0.0,0.0
0.0,0.0
0.0,0.0
0.0,0.0
0.0,0.0
0.0,0.0
0.0,0.0
0.0,0.0
0.0,0.0
0.0,0.0
0.0,0.0
0.0,0.0
0.0,0.0
0.0,0.0
0.0,0.0
0.0,0.0
0.0,0.0
0.0,0.0
0.0,0.0
0.0,0.0
0.0,0.0
0.0,0.0
0.0,0.0
0.0,0.0
0.0,0.0
0.0,0.0
0.0,0.0
0.0,0.0
0.0,0.0
0.0,0.0
0.0,0.0
0.0,0.0
0.0,0.0
0.0,0.0
0.0,0.0
0.0,0.0
0.0,0.0
0.0,0.0
0.0,0.0
0.0,0.0
0.0,0.0
0.0,0.0
0.0,0.0
0.0,0.0
0.0,0.0
0.0,0.0
0.0,0.0
0.0,0.0
0.0,0.0
0.0,0.0
0.0,0.0
0.0,0.0
0.0,0.0
0.0,0.0
0.0,0.0
0.0,0.0
0.0,0.0
0.0,0.0
0.0,0.0
0.0,0.0
0.0,0.0
0.0,0.0
0.0,0.0
0.0,0.0
0.0,0.0
0.0,0.0
0.0,0.0
0.0,0.0
0.0,0.0
0.0,0.0
0.0,0.0
0.0,0.0
0.0,0.0
0.0,0.0
0.0,0.0
0.0,0.0
0.0,0.0
0.0,0.0
0.0,0.0
0.0,0.0
0.0,0.0
0.0,0.0
0.0,0.0
0.0,0.0
0.0,0.0
0.0,0.0
0.0,0.0
0.0,0.0
0.0,0.0
0.0,0.0
0.0,0.0
0.0,0.0
0.0,0.0
0.0,0.0
0.0,0.0
0.0,0.0
0.0,0.0
0.0,0.0
0.0,0.0
0.0,0.0
0.0,0.0
0.0,0.0
0.0,0.0
0.0,0.0
0.0,0.0
0.0,0.0
0.0,0.0
0.0,0.0
0.0,0.0
0.0,0.0
0.0,0.0
0.0,0.0
0.0,0.0
0.0,0.0
0.0,0.0
0.0,0.0
0.0,0.0
0.0,0.0
0.0,0.0
0.0,0.0
0.0,0.0
0.0,0.0
0.0,0.0
0.0,0.0
0.0,0.0
0.0,0.0
0.0,0.0
0.0,0.0
0.0,0.0
0.0,0.0
0.0,0.0
0.0,0.0
0.0,0.0
0.0,0.0
0.0,0.0
0.0,0.0
0.0,0.0
0.0,0.0
0.0,0.0
0.0,0.0
0.0,0.0
0.0,0.0
0.0,0.0
0.0,0.0
0.0,0.0
0.0,0.0
0.0,0.0
0.0,0.0
0.0,0.0
0.0,0.0
0.0,0.0
0.0,0.0
0.0,0.0
0.0,0.0
0.0,0.0
0.0,0.0
0.0,0.0
0.0,0.0
0.0,0.0
0.0,0.0
0.0,0.0
0.0,0.0
0.0,0.0
0.0,0.0
0.0,0.0
0.0,0.0
0.0,0.0
0.0,0.0
0.0,0.0
0.0,0.0
0.0,0.0
0.0,0.0
0.0,0.0
0.0,0.0
0.0,0.0
0.0,0.0
0.0,0.0
0.0,0.0
0.0,0.0
0.0,0.0
0.0,0.0
0.0,0.0
0.0,0.0
0.0,0.0
0.0,0.0
0.0,0.0
0.0,0.0
0.0,0.0
0.0,0.0
0.0,0.0
0.0,0.0
0.0,0.0
0.0,0.0
0.0,0.0
0.0,0.0
0.0,0.0
0.0,0.0
0.0,0.0
0.0,0.0
0.0,0.0
0.0,0.0
0.0,0.0
0.0,0.0
0.0,0.0
0.0,0.0
0.0,0.0
0.0,0.0
0.0,0.0
0.0,0.0
0.0,0.0
0.0,0.0
0.0,0.0
0.0,0.0
0.0,0.0
0.0,0.0
0.0,0.0
0.0,0.0
0.0,0.0
0.0,0.0
0.0,0.0
0.0,0.0
0.0,0.0
0.0,0.0
0.0,0.0
0.0,0.0
0.0,0.0
0.0,0.0
0.0,0.0
0.0,0.0
0.0,0.0
0.0,0.0
0.0,0.0
0.0,0.0
0.0,0.0
0.0,0.0
0.0,0.0
0.0,0.0
0.0,0.0
0.0,0.0
0.0,0.0
0.0,0.0
0.0,0.0
0.0,0.0
0.0,0.0
0.0,0.0
0.0,0.0
0.0,0.0
0.0,0.0
0.0,0.0
0.0,0.0
0.0,0.0
0.0,0.0
0.0,0.0
0.0,0.0
0.0,0.0
0.0,0.0
0.0,0.0
0.0,0.0
0.0,0.0
0.0,0.0
0.0,0.0
0.0,0.0
0.0,0.0
0.0,0.0
0.0,0.0
0.0,0.0
0.0,0.0
0.0,0.0
0.0,0.0
0.0,0.0
0.0,0.0
0.0,0.0
0.0,0.0
0.0,0.0
0.0,0.0
0.0,0.0
0.0,0.0
0.0,0.0
0.0,0.0
0.0,0.0
0.0,0.0
0.0,0.0
0.0,0.0
0.0,0.0
0.0,0.0
0.0,0.0
0.0,0.0
0.0,0.0
0.0,0.0
0.0,0.0
0.0,0.0
0.0,0.0
0.0,0.0
0.0,0.0
0.0,0.0
0.0,0.0
0.0,0.0
0.0,0.0
0.0,0.0
0.0,0.0
0.0,0.0
0.0,0.0
0.0,0.0
0.0,0.0
0.0,0.0
0.0,0.0
0.0,0.0
0.0,0.0
0.0,0.0
0.0,0.0
0.0,0.0
0.0,0.0
0.0,0.0
0.0,0.0
0.0,0.0
0.0,0.0
0.0,0.0
0.0,0.0
0.0,0.0
0.0,0.0
0.0,0.0
0.0,0.0
0.0,0.0
0.0,0.0
0.0,0.0
0.0,0.0
0.0,0.0
0.0,0.0
0.0,0.0
0.0,0.0
0.0,0.0
0.0,0.0
0.0,0.0
0.0,0.0
0.0,0.0
0.0,0.0
0.0,0.0
0.0,0.0
0.0,0.0
0.0,0.0
0.0,0.0
0.0,0.0
0.0,0.0
0.0,0.0
0.0,0.0
0.0,0.0
0.0,0.0
0.0,0.0
0.0,0.0
0.0,0.0
0.0,0.0
0.0,0.0
0.0,0.0
0.0,0.0
0.0,0.0
0.0,0.0
0.0,0.0
0.0,0.0
0.0,0.0
0.0,0.0
0.0,0.0
0.0,0.0
0.0,0.0
0.0,0.0
0.0,0.0
0.0,0.0
0.0,0.0
0.0,0.0
0.0,0.0
0.0,0.0
0.0,0.0
0.0,0.0
0.0,0.0
0.0,0.0
0.0,0.0
0.0,0.0
0.0,0.0
0.0,0.0
0.0,0.0
0.0,0.0
0.0,0.0
0.0,0.0
0.0,0.0
0.0,0.0
0.0,0.0
0.0,0.0
0.0,0.0
0.0,0.0
0.0,0.0
0.0,0.0
0.0,0.0
0.0,0.0
0.0,0.0
0.0,0.0
0.0,0.0
0.0,0.0
0.0,0.0
0.0,0.0
0.0,0.0
0.0,0.0
0.0,0.0
0.0,0.0
0.0,0.0
0.0,0.0
0.0,0.0
0.0,0.0
0.0,0.0
0.0,0.0
0.0,0.0
0.0,0.0
0.0,0.0
0.0,0.0
0.0,0.0
0.0,0.0
0.0,0.0
0.0,0.0
0.0,0.0
0.0,0.0
0.0,0.0
0.0,0.0
0.0,0.0
0.0,0.0
0.0,0.0
0.0,0.0
0.0,0.0
0.0,0.0
0.0,0.0
0.0,0.0
0.0,0.0
0.0,0.0
0.0,0.0
0.0,0.0
0.0,0.0
0.0,0.0
0.0,0.0
0.0,0.0
0.0,0.0
0.0,0.0
0.0,0.0
0.0,0.0
0.0,0.0
0.0,0.0
0.0,0.0
0.0,0.0
0.0,0.0
0.0,0.0
0.0,0.0
0.0,0.0
0.0,0.0
0.0,0.0
0.0,0.0
0.0,0.0
0.0,0.0
0.0,0.0
0.0,0.0
0.0,0.0
0.0,0.0
0.0,0.0
0.0,0.0
0.0,0.0
0.0,0.0
0.0,0.0
0.0,0.0
0.0,0.0
0.0,0.0
0.0,0.0
0.0,0.0
0.0,0.0
0.0,0.0
0.0,0.0
0.0,0.0
0.0,0.0
0.0,0.0
0.0,0.0
0.0,0.0
0.0,0.0
0.0,0.0
0.0,0.0
0.0,0.0
0.0,0.0
0.0,0.0
0.0,0.0
0.0,0.0
0.0,0.0
0.0,0.0
0.0,0.0
0.0,0.0
0.0,0.0
0.0,0.0
0.0,0.0
0.0,0.0
0.0,0.0
0.0,0.0
0.0,0.0
0.0,0.0
0.0,0.0
0.0,0.0
0.0,0.0117
0.0,0.0233
0.0,0.035
0.0,0.0467
0.0,0.0583
0.01,0.07
0.0117,0.0817
0.0133,0.0933
0.015,0.105
0.0167,0.1167
0.0183,0.1283
0.02,0.14
0.0217,0.1517
0.0233,0.1633
0.025,0.175
0.0267,0.1867
0.0283,0.1983
0.03,0.21
0.0317,0.2217
0.0333,0.2333
0.035,0.245
0.0367,0.2567
0.0383,0.2683
0.04,0.28
0.0417,0.2917
0.0433,0.3033
0.045,0.315
0.0467,0.3267
0.0483,0.3383
0.05,0.35
0.0517,0.3617
0.0533,0.3733
0.055,0.385
0.0567,0.3967
0.0583,0.4083
0.06,0.42
0.0617,0.4317
0.0633,0.4433
0.065,0.455
0.0667,0.4667
0.0683,0.4783
0.07,0.49
0.0717,0.5017
0.0733,0.5133
0.075,0.525
0.0767,0.5367
0.0783,0.5483
0.08,0.56
0.0817,0.5717
0.0833,0.5833
0.085,0.595
0.0867,0.6067
0.0883,0.6183
0.09,0.63
0.0917,0.6417
0.0933,0.6533
0.095,0.665
0.0967,0.6767
0.0983,0.6883
0.1,0.7
0.1,0.7
0.1,0.7
0.1,0.7
0.1,0.7
0.1,0.7
0.1,0.7
0.1,0.7
0.1,0.7
0.1,0.7
0.1,0.7
0.1,0.7
0.1,0.7
0.1,0.7
0.1,0.7
0.1,0.7
0.1,0.7
0.1,0.7
0.1,0.7
0.1,0.7
0.1,0.7
0.1,0.7
0.1,0.7
0.1,0.7
0.1,0.7
0.1,0.7
0.1,0.7
0.1,0.7
0.1,0.7
0.1,0.7
0.1,0.7
0.1,0.7
0.1,0.7
0.1,0.7
0.1,0.7
0.1,0.7
0.1,0.7
0.1,0.7
0.1,0.7
0.1,0.7
0.1,0.7
0.1,0.7
0.1,0.7
0.1,0.7
0.1,0.7
0.1,0.7
0.1,0.7
0.1,0.7
0.1,0.7
0.1,0.7
0.1,0.7
0.1,0.7
0.1,0.7
0.1,0.7
0.1,0.7
0.1,0.7
0.1,0.7
0.1,0.7
0.1,0.7
0.1,0.7
0.1,0.7
0.1,0.7
0.1,0.7
0.1,0.7
0.1,0.7
0.1,0.7
0.1,0.7
0.1,0.7
0.1,0.7
0.1,0.7
0.1,0.7
0.1,0.7
0.1,0.7
0.1,0.7
0.1,0.7
0.1,0.7
0.1,0.7
0.1,0.7
0.1,0.7
0.1,0.7
0.1,0.7
0.1,0.7
0.1,0.7
0.1,0.7
0.1,0.7
0.1,0.7
0.1,0.7
0.1,0.7
0.1,0.7
0.1,0.7
0.1,0.7
0.1,0.7
0.1,0.7
0.1,0.7
0.1,0.7
0.1,0.7
0.1,0.7
0.1,0.7
0.1,0.7
0.1,0.7
0.1,0.7
0.1,0.7
0.1,0.7
0.1,0.7
0.1,0.7
0.1,0.7
0.1,0.7
0.1,0.7
0.1,0.7
0.1,0.7
0.1,0.7
0.1,0.7
0.1,0.7
0.1,0.7
0.1,0.7
0.1,0.7
0.1,0.7
0.1,0.7
0.1,0.7
0.1,0.7
0.1,0.7
0.1,0.7
0.1,0.7
0.1,0.7
0.1,0.7
0.1,0.7
0.1,0.7
0.1,0.7
0.1,0.7
0.1,0.7
0.1,0.7
0.1,0.7
0.1,0.7
0.1,0.7
0.1,0.7
0.1,0.7
0.1,0.7
0.1,0.7
0.1,0.7
0.1,0.7
0.1,0.7
0.11,0.69
0.12,0.68
0.13,0.67
0.14,0.66
0.15,0.65
0.16,0.64
0.17,0.63
0.18,0.62
0.19,0.61
0.2,0.6
0.21,0.59
0.22,0.58
0.23,0.57
0.24,0.56
0.25,0.55
0.26,0.54
0.27,0.53
0.28,0.52
0.29,0.51
0.3,0.5
0.31,0.49
0.32,0.48
0.33,0.47
0.34,0.46
0.35,0.45
0.36,0.44
0.37,0.43
0.38,0.42
0.39,0.41
0.4,0.4
0.41,0.39
0.42,0.38
0.43,0.37
0.44,0.36
0.45,0.35
0.46,0.34
0.47,0.33
0.48,0.32
0.49,0.31
0.5,0.3
0.51,0.29
0.52,0.28
0.53,0.27
0.54,0.26
0.55,0.25
0.56,0.24
0.57,0.23
0.58,0.22
0.59,0.21
0.6,0.2
0.61,0.19
0.62,0.18
0.63,0.17
0.64,0.16
0.65,0.15
0.66,0.14
0.67,0.13
0.68,0.12
0.69,0.11
0.7,0.1
0.7,0.1
0.7,0.1
0.7,0.1
0.7,0.1
0.7,0.1
0.7,0.1
0.7,0.1
0.7,0.1
0.7,0.1
0.7,0.1
0.7,0.1
0.7,0.1
0.7,0.1
0.7,0.1
0.7,0.1
0.7,0.1
0.7,0.1
0.7,0.1
0.7,0.1
0.7,0.1
0.7,0.1
0.7,0.1
0.7,0.1
0.7,0.1
0.7,0.1
0.7,0.1
0.7,0.1
0.7,0.1
0.7,0.1
0.7,0.1
0.7,0.1
0.7,0.1
0.7,0.1
0.7,0.1
0.7,0.1
0.7,0.1
0.7,0.1
0.7,0.1
0.7,0.1
0.7,0.1
0.7,0.1
0.7,0.1
0.7,0.1
0.7,0.1
0.7,0.1
0.7,0.1
0.7,0.1
0.7,0.1
0.7,0.1
0.7,0.1
0.7,0.1
0.7,0.1
0.7,0.1
0.7,0.1
0.7,0.1
0.7,0.1
0.7,0.1
0.7,0.1
0.7,0.1
0.7,0.1
0.7,0.1
0.7,0.1
0.7,0.1
0.7,0.1
0.7,0.1
0.7,0.1
0.7,0.1
0.7,0.1
0.7,0.1
0.7,0.1
0.7,0.1
0.7,0.1
0.7,0.1
0.7,0.1
0.7,0.1
0.7,0.1
0.7,0.1
0.7,0.1
0.7,0.1
0.7,0.1
0.7,0.1
0.7,0.1
0.7,0.1
0.7,0.1
0.7,0.1
0.7,0.1
0.7,0.1
0.7,0.1
0.7,0.1
0.7,0.1
0.7,0.1
0.7,0.1
0.7,0.1
0.7,0.1
0.7,0.1
0.7,0.1
0.7,0.1
0.7,0.1
0.7,0.1
0.7,0.1
0.7,0.1
0.7,0.1
0.7,0.1
0.7,0.1
0.7,0.1
0.7,0.1
0.7,0.1
0.7,0.1
0.7,0.1
0.7,0.1
0.7,0.1
0.7,0.1
0.7,0.1
0.7,0.1
0.7,0.1
0.7,0.1
0.7,0.1
0.7,0.1
0.7,0.1
0.7,0.1
0.7,0.1
0.7,0.1
0.7,0.1
0.7,0.1
0.7,0.1
0.7,0.1
0.7,0.1
0.7,0.1
0.7,0.1
0.7,0.1
0.7,0.1
0.7,0.1
0.7,0.1
0.7,0.1
0.7,0.1
0.7,0.1
0.7,0.1
0.7,0.1
0.7,0.1
0.7,0.1
0.7,0.1
0.7,0.1
0.7,0.1
0.7,0.1
0.7,0.1
0.7,0.1
0.7,0.1
0.7,0.1
0.7,0.1
0.7,0.1
0.7,0.1
0.7,0.1
0.7,0.1
0.7,0.1
0.7,0.1
0.7,0.1
0.7,0.1
0.7,0.1
0.7,0.1
0.7,0.1
0.7,0.1
0.7,0.1
0.7,0.1
0.7,0.1
0.7,0.1
0.7,0.1
0.7,0.1
0.7,0.1
0.7,0.1
0.7,0.1
0.7,0.1
0.7,0.1
0.7,0.1
0.7,0.1
0.7,0.1
0.7,0.1
0.7,0.1
0.7,0.1
0.7,0.1
0.7,0.1
0.7,0.1
0.7,0.1
0.7,0.1
0.7,0.1
0.7,0.1
0.7,0.1
0.7,0.1
0.7,0.1
0.7,0.1
0.7,0.1
0.7,0.1
0.7,0.1
0.7,0.1
0.7,0.1
0.7,0.1
0.7,0.1
0.7,0.1
0.7,0.1
0.7,0.1
0.7,0.1
0.7,0.1
0.7,0.1
0.7,0.1
0.7,0.1
0.7,0.1
0.7,0.1
0.7,0.1
0.7,0.1
0.7,0.1
0.7,0.1
0.7,0.1
0.7,0.1
0.7,0.1
0.7,0.1
0.7,0.1
0.7,0.1
0.7,0.1
0.7,0.1
0.7,0.1
0.7,0.1
0.7,0.1
0.7,0.1
0.7,0.1
0.7,0.1
0.7,0.1
0.7,0.1
0.7,0.1
0.7,0.1
0.7,0.1
0.7,0.1
0.7,0.1
0.7,0.1
0.7,0.1
0.7,0.1
0.7,0.1
0.7,0.1
0.7,0.1
0.7,0.1
0.7,0.1
0.7,0.1
0.7,0.1
0.7,0.1
0.7,0.1
0.7,0.1
0.7,0.1
0.7,0.1
0.7,0.1
0.7,0.1
0.7,0.1
0.7,0.1
0.7,0.1
0.7,0.1
0.7,0.1
0.7,0.1
0.7,0.1
0.7,0.1
0.7,0.1
0.7,0.1
0.7,0.1
0.7,0.1
0.7,0.1
0.7,0.1
0.7,0.1
0.7,0.1
0.7,0.1
0.7,0.1
0.7,0.1
0.7,0.1
0.7,0.1
0.7,0.1
0.7,0.1
0.7,0.1
0.7,0.1
0.7,0.1
0.7,0.1
0.7,0.1
0.7,0.1
0.7,0.1
0.7,0.1
0.7,0.1
0.7,0.1
0.7,0.1
0.7,0.1
0.7,0.1
0.7,0.1
0.7,0.1
0.7,0.1
0.7,0.1
0.7,0.1
0.7,0.1
0.7,0.1
0.7,0.1
0.7,0.1
0.7,0.1
0.7,0.1
0.7,0.1
0.7,0.1
0.7,0.1
0.7,0.1
0.7,0.1
0.7,0.1
0.7,0.1
0.7,0.1
0.7,0.1
0.7,0.1
0.7,0.1
0.7,0.1
0.7,0.1
0.7,0.1
0.7,0.1
0.7,0.1
0.7,0.1
0.7,0.1
0.7,0.1
0.7,0.1
0.7,0.1
0.7,0.1
0.7,0.1
0.7,0.1
0.7,0.1
0.7,0.1
0.7,0.1
0.7,0.1
0.7,0.1
0.7,0.1
0.7,0.1
0.7,0.1
0.7,0.1
0.7,0.1
0.7,0.1
0.7,0.1
0.7,0.1
0.7,0.1
0.7,0.1
0.7,0.1
0.7,0.1
0.7,0.1
0.7,0.1
0.7,0.1
0.7,0.1
0.69,0.11
0.68,0.12
0.67,0.13
0.66,0.14
0.65,0.15
0.64,0.16
0.63,0.17
0.62,0.18
0.61,0.19
0.6,0.2
0.59,0.21
0.58,0.22
0.57,0.23
0.56,0.24
0.55,0.25
0.54,0.26
0.53,0.27
0.52,0.28
0.51,0.29
0.5,0.3
0.49,0.31
0.48,0.32
0.47,0.33
0.46,0.34
0.45,0.35
0.44,0.36
0.43,0.37
0.42,0.38
0.41,0.39
0.4,0.4
0.39,0.41
0.38,0.42
0.37,0.43
0.36,0.44
0.35,0.45
0.34,0.46
0.33,0.47
0.32,0.48
0.31,0.49
0.3,0.5
0.29,0.51
0.28,0.52
0.27,0.53
0.26,0.54
0.25,0.55
0.24,0.56
0.23,0.57
0.22,0.58
0.21,0.59
0.2,0.6
0.19,0.61
0.18,0.62
0.17,0.63
0.16,0.64
0.15,0.65
0.14,0.66
0.13,0.67
0.12,0.68
0.11,0.69
0.1,0.7
0.1,0.7
0.1,0.7
0.1,0.7
0.1,0.7
0.1,0.7
0.1,0.7
0.1,0.7
0.1,0.7
0.1,0.7
0.1,0.7
0.1,0.7
0.1,0.7
0.1,0.7
0.1,0.7
0.1,0.7
0.1,0.7
0.1,0.7
0.1,0.7
0.1,0.7
0.1,0.7
0.1,0.7
0.1,0.7
0.1,0.7
0.1,0.7
0.1,0.7
0.1,0.7
0.1,0.7
0.1,0.7
0.1,0.7
0.1,0.7
0.1,0.7
0.1,0.7
0.1,0.7
0.1,0.7
0.1,0.7
0.1,0.7
0.1,0.7
0.1,0.7
0.1,0.7
0.1,0.7
0.1,0.7
0.1,0.7
0.1,0.7
0.1,0.7
0.1,0.7
0.1,0.7
0.1,0.7
0.1,0.7
0.1,0.7
0.1,0.7
0.1,0.7
0.1,0.7
0.1,0.7
0.1,0.7
0.1,0.7
0.1,0.7
0.1,0.7
0.1,0.7
0.1,0.7
0.1,0.7
0.1,0.7
0.1,0.7
0.1,0.7
0.1,0.7
0.1,0.7
0.1,0.7
0.1,0.7
0.1,0.7
0.1,0.7
0.1,0.7
0.1,0.7
0.1,0.7
0.1,0.7
0.1,0.7
0.1,0.7
0.1,0.7
0.1,0.7
0.1,0.7
0.1,0.7
0.1,0.7
0.1,0.7
0.1,0.7
0.1,0.7
0.1,0.7
0.1,0.7
0.1,0.7
0.1,0.7
0.1,0.7
0.1,0.7
0.1,0.7
0.1,0.7
0.1,0.7
0.1,0.7
0.1,0.7
0.1,0.7
0.1,0.7
0.1,0.7
0.1,0.7
0.1,0.7
0.1,0.7
0.1,0.7
0.1,0.7
0.1,0.7
0.1,0.7
0.1,0.7
0.1,0.7
0.1,0.7
0.1,0.7
0.1,0.7
0.1,0.7
0.1,0.7
0.1,0.7
0.1,0.7
0.1,0.7
0.1,0.7
0.1,0.7
0.1,0.7
0.1,0.7
0.1,0.7
0.1,0.7
0.1,0.7
0.1,0.7
0.1,0.7
0.1,0.7
0.1,0.7
0.1,0.7
0.1,0.7
0.1,0.7
0.1,0.7
0.1,0.7
0.1,0.7
0.1,0.7
0.1,0.7
0.1,0.7
0.1,0.7
0.1,0.7
0.1,0.7
0.1,0.7
0.1,0.7
0.1,0.7
0.1,0.7
0.1,0.7
0.1,0.7
0.1,0.7
0.1,0.7
0.1,0.7
0.1,0.7
0.1,0.7
0.1,0.7
0.1,0.7
0.1,0.7
0.1,0.7
0.1,0.7
0.1,0.7
0.1,0.7
0.1,0.7
0.1,0.7
0.1,0.7
0.1,0.7
0.1,0.7
0.1,0.7
0.1,0.7
0.1,0.7
0.1,0.7
0.1,0.7
0.1,0.7
0.1,0.7
0.1,0.7
0.1,0.7
0.1,0.7
0.1,0.7
0.1,0.7
0.1,0.7
0.1,0.7
0.1,0.7
0.1,0.7
0.1,0.7
0.1,0.7
0.1,0.7
0.1,0.7
0.1,0.7
0.1,0.7
0.1,0.7
0.1,0.7
0.1,0.7
0.1,0.7
0.1,0.7
0.1,0.7
0.1,0.7
0.1,0.7
0.1,0.7
0.1,0.7
0.1,0.7
0.1,0.7
0.1,0.7
0.1,0.7
0.1,0.7
0.1,0.7
0.1,0.7
0.1,0.7
0.1,0.7
0.1,0.7
0.1,0.7
0.1,0.7
0.1,0.7
0.1,0.7
0.1,0.7
0.1,0.7
0.1,0.7
0.1,0.7
0.1,0.7
0.1,0.7
0.1,0.7
0.1,0.7
0.1,0.7
0.1,0.7
0.1,0.7
0.1,0.7
0.1,0.7
0.1,0.7
0.1,0.7
0.1,0.7
0.1,0.7
0.1,0.7
0.1,0.7
0.1,0.7
0.1,0.7
0.1,0.7
0.1,0.7
0.1,0.7
0.1,0.7
0.1,0.7
0.1,0.7
0.1,0.7
0.1,0.7
0.1,0.7
0.1,0.7
0.1,0.7
0.1,0.7
0.1,0.7
0.1,0.7
0.1,0.7
0.1,0.7
0.1,0.7
0.1,0.7
0.1,0.7
0.1,0.7
0.1,0.7
0.1,0.7
0.1,0.7
0.1,0.7
0.1,0.7
0.1,0.7
0.1,0.7
0.1,0.7
0.1,0.7
0.1,0.7
0.1,0.7
0.1,0.7
0.1,0.7
0.1,0.7
0.1,0.7
0.1,0.7
0.1,0.7
0.1,0.7
0.1,0.7
0.1,0.7
0.1,0.7
0.1,0.7
0.1,0.7
0.1,0.7
0.1,0.7
0.1,0.7
0.1,0.7
0.1,0.7
0.1,0.7
0.1,0.7
0.1,0.7
0.1,0.7
0.1,0.7
0.1,0.7
0.1,0.7
0.1,0.7
0.1,0.7
0.1,0.7
0.1,0.7
0.1,0.7
0.1,0.7
0.1,0.7
0.1,0.7
0.1,0.7
0.1,0.7
0.1,0.7
0.1,0.7
0.1,0.7
0.1,0.7
0.1,0.7
0.1,0.7
0.1,0.7
0.1,0.7
0.1,0.7
0.1,0.7
0.1,0.7
0.1,0.7
0.1,0.7
0.1,0.7
0.1,0.7
0.1,0.7
0.1,0.7
0.1,0.7
0.1,0.7
0.1,0.7
0.1,0.7
0.1,0.7
0.1,0.7
0.1,0.7
0.1,0.7
0.1,0.7
0.1,0.7
0.1,0.7
0.1,0.7
0.1,0.7
0.1,0.7
0.1,0.7
0.1,0.7
0.1,0.7
0.1,0.7
0.1,0.7
0.1,0.7
0.1,0.7
0.1,0.7
0.1,0.7
0.1,0.7
0.1,0.7
0.1,0.7
0.1,0.7
0.1,0.7
0.1,0.7
0.1,0.7
0.1,0.7
0.11,0.69
0.12,0.68
0.13,0.67
0.14,0.66
0.15,0.65
0.16,0.64
0.17,0.63
0.18,0.62
0.19,0.61
0.2,0.6
0.21,0.59
0.22,0.58
0.23,0.57
0.24,0.56
0.25,0.55
0.26,0.54
0.27,0.53
0.28,0.52
0.29,0.51
0.3,0.5
0.31,0.49
0.32,0.48
0.33,0.47
0.34,0.46
0.35,0.45
0.36,0.44
0.37,0.43
0.38,0.42
0.39,0.41
0.4,0.4
0.41,0.39
0.42,0.38
0.43,0.37
0.44,0.36
0.45,0.35
0.46,0.34
0.47,0.33
0.48,0.32
0.49,0.31
0.5,0.3
0.51,0.29
0.52,0.28
0.53,0.27
0.54,0.26
0.55,0.25
0.56,0.24
0.57,0.23
0.58,0.22
0.59,0.21
0.6,0.2
0.61,0.19
0.62,0.18
0.63,0.17
0.64,0.16
0.65,0.15
0.66,0.14
0.67,0.13
0.68,0.12
0.69,0.11
0.7,0.1
0.7,0.1
0.7,0.1
0.7,0.1
0.7,0.1
0.7,0.1
0.7,0.1
0.7,0.1
0.7,0.1
0.7,0.1
0.7,0.1
0.7,0.1
0.7,0.1
0.7,0.1
0.7,0.1
0.7,0.1
0.7,0.1
0.7,0.1
0.7,0.1
0.7,0.1
0.7,0.1
0.7,0.1
0.7,0.1
0.7,0.1
0.7,0.1
0.7,0.1
0.7,0.1
0.7,0.1
0.7,0.1
0.7,0.1
0.7,0.1
0.7,0.1
0.7,0.1
0.7,0.1
0.7,0.1
0.7,0.1
0.7,0.1
0.7,0.1
0.7,0.1
0.7,0.1
0.7,0.1
0.7,0.1
0.7,0.1
0.7,0.1
0.7,0.1
0.7,0.1
0.7,0.1
0.7,0.1
0.7,0.1
0.7,0.1
0.7,0.1
0.7,0.1
0.7,0.1
0.7,0.1
0.7,0.1
0.7,0.1
0.7,0.1
0.7,0.1
0.7,0.1
0.7,0.1
0.7,0.1
0.7,0.1
0.7,0.1
0.7,0.1
0.7,0.1
0.7,0.1
0.7,0.1
0.7,0.1
0.7,0.1
0.7,0.1
0.7,0.1
0.7,0.1
0.7,0.1
0.7,0.1
0.7,0.1
0.7,0.1
0.7,0.1
0.7,0.1
0.7,0.1
0.7,0.1
0.7,0.1
0.7,0.1
0.7,0.1
0.7,0.1
0.7,0.1
0.7,0.1
0.7,0.1
0.7,0.1
0.7,0.1
0.7,0.1
0.7,0.1
0.7,0.1
0.7,0.1
0.7,0.1
0.7,0.1
0.7,0.1
0.7,0.1
0.7,0.1
0.7,0.1
0.7,0.1
0.7,0.1
0.7,0.1
0.7,0.1
0.7,0.1
0.7,0.1
0.7,0.1
0.7,0.1
0.7,0.1
0.7,0.1
0.7,0.1
0.7,0.1
0.7,0.1
0.7,0.1
0.7,0.1
0.7,0.1
0.7,0.1
0.7,0.1
0.7,0.1
0.7,0.1
0.7,0.1
0.7,0.1
0.7,0.1
0.7,0.1
0.7,0.1
0.7,0.1
0.7,0.1
0.7,0.1
0.7,0.1
0.7,0.1
0.7,0.1
0.7,0.1
0.7,0.1
0.7,0.1
0.7,0.1
0.7,0.1
0.7,0.1
0.7,0.1
0.7,0.1
0.7,0.1
0.7,0.1
0.7,0.1
0.69,0.11
0.68,0.12
0.67,0.13
0.66,0.14
0.65,0.15
0.64,0.16
0.63,0.17
0.62,0.18
0.61,0.19
0.6,0.2
0.59,0.21
0.58,0.22
0.57,0.23
0.56,0.24
0.55,0.25
0.54,0.26
0.53,0.27
0.52,0.28
0.51,0.29
0.5,0.3
0.49,0.31
0.48,0.32
0.47,0.33
0.46,0.34
0.45,0.35
0.44,0.36
0.43,0.37
0.42,0.38
0.41,0.39
0.4,0.4
0.39,0.41
0.38,0.42
0.37,0.43
0.36,0.44
0.35,0.45
0.34,0.46
0.33,0.47
0.32,0.48
0.31,0.49
0.3,0.5
0.29,0.51
0.28,0.52
0.27,0.53
0.26,0.54
0.25,0.55
0.24,0.56
0.23,0.57
0.22,0.58
0.21,0.59
0.2,0.6
0.19,0.61
0.18,0.62
0.17,0.63
0.16,0.64
0.15,0.65
0.14,0.66
0.13,0.67
0.12,0.68
0.11,0.69
0.1,0.7
0.1,0.7
0.1,0.7
0.1,0.7
0.1,0.7
0.1,0.7
0.1,0.7
0.1,0.7
0.1,0.7
0.1,0.7
0.1,0.7
0.1,0.7
0.1,0.7
0.1,0.7
0.1,0.7
0.1,0.7
0.1,0.7
0.1,0.7
0.1,0.7
0.1,0.7
0.1,0.7
0.1,0.7
0.1,0.7
0.1,0.7
0.1,0.7
0.1,0.7
0.1,0.7
0.1,0.7
0.1,0.7
0.1,0.7
0.1,0.7
0.1,0.7
0.1,0.7
0.1,0.7
0.1,0.7
0.1,0.7
0.1,0.7
0.1,0.7
0.1,0.7
0.1,0.7
0.1,0.7
0.1,0.7
0.1,0.7
0.1,0.7
0.1,0.7
0.1,0.7
0.1,0.7
0.1,0.7
0.1,0.7
0.1,0.7
0.1,0.7
0.1,0.7
0.1,0.7
0.1,0.7
0.1,0.7
0.1,0.7
0.1,0.7
0.1,0.7
0.1,0.7
0.1,0.7
0.1,0.7
0.1,0.7
0.1,0.7
0.1,0.7
0.1,0.7
0.1,0.7
0.1,0.7
0.1,0.7
0.1,0.7
0.1,0.7
0.1,0.7
0.1,0.7
0.1,0.7
0.1,0.7
0.1,0.7
0.1,0.7
0.1,0.7
0.1,0.7
0.1,0.7
0.1,0.7
0.1,0.7
0.1,0.7
0.1,0.7
0.1,0.7
0.1,0.7
0.1,0.7
0.1,0.7
0.1,0.7
0.1,0.7
0.1,0.7
0.1,0.7
0.1,0.7
0.1,0.7
0.1,0.7
0.1,0.7
0.1,0.7
0.1,0.7
0.1,0.7
0.1,0.7
0.1,0.7
0.1,0.7
0.1,0.7
0.1,0.7
0.1,0.7
0.1,0.7
0.1,0.7
0.1,0.7
0.1,0.7
0.1,0.7
0.1,0.7
0.1,0.7
0.1,0.7
0.1,0.7
0.1,0.7
0.1,0.7
0.1,0.7
0.1,0.7
0.1,0.7
0.1,0.7
0.1,0.7
0.1,0.7
0.1,0.7
0.1,0.7
0.1,0.7
0.1,0.7
0.1,0.7
0.1,0.7
0.1,0.7
0.1,0.7
0.1,0.7
0.1,0.7
0.1,0.7
0.1,0.7
0.1,0.7
0.1,0.7
0.1,0.7
0.1,0.7
0.1,0.7
0.1,0.7
0.1,0.7
0.1,0.7
0.11,0.69
0.12,0.68
0.13,0.67
0.14,0.66
0.15,0.65
0.16,0.64
0.17,0.63
0.18,0.62
0.19,0.61
0.2,0.6
0.21,0.59
0.22,0.58
0.23,0.57
0.24,0.56
0.25,0.55
0.26,0.54
0.27,0.53
0.28,0.52
0.29,0.51
0.3,0.5
0.31,0.49
0.32,0.48
0.33,0.47
0.34,0.46
0.35,0.45
0.36,0.44
0.37,0.43
0.38,0.42
0.39,0.41
0.4,0.4
0.41,0.39
0.42,0.38
0.43,0.37
0.44,0.36
0.45,0.35
0.46,0.34
0.47,0.33
0.48,0.32
0.49,0.31
0.5,0.3
0.51,0.29
0.52,0.28
0.53,0.27
0.54,0.26
0.55,0.25
0.56,0.24
0.57,0.23
0.58,0.22
0.59,0.21
0.6,0.2
0.61,0.19
0.62,0.18
0.63,0.17
0.64,0.16
0.65,0.15
0.66,0.14
0.67,0.13
0.68,0.12
0.69,0.11
0.7,0.1
0.7,0.1
0.7,0.1
0.7,0.1
0.7,0.1
0.7,0.1
0.7,0.1
0.7,0.1
0.7,0.1
0.7,0.1
0.7,0.1
0.7,0.1
0.7,0.1
0.7,0.1
0.7,0.1
0.7,0.1
0.7,0.1
0.7,0.1
0.7,0.1
0.7,0.1
0.7,0.1
0.7,0.1
0.7,0.1
0.7,0.1
0.7,0.1
0.7,0.1
0.7,0.1
0.7,0.1
0.7,0.1
0.7,0.1
0.7,0.1
0.7,0.1
0.7,0.1
0.7,0.1
0.7,0.1
0.7,0.1
0.7,0.1
0.7,0.1
0.7,0.1
0.7,0.1
0.7,0.1
0.7,0.1
0.7,0.1
0.7,0.1
0.7,0.1
0.7,0.1
0.7,0.1
0.7,0.1
0.7,0.1
0.7,0.1
0.7,0.1
0.7,0.1
0.7,0.1
0.7,0.1
0.7,0.1
0.7,0.1
0.7,0.1
0.7,0.1
0.7,0.1
0.7,0.1
0.7,0.1
0.7,0.1
0.7,0.1
0.7,0.1
0.7,0.1
0.7,0.1
0.7,0.1
0.7,0.1
0.7,0.1
0.7,0.1
0.7,0.1
0.7,0.1
0.7,0.1
0.7,0.1
0.7,0.1
0.7,0.1
0.7,0.1
0.7,0.1
0.7,0.1
0.7,0.1
0.7,0.1
0.7,0.1
0.7,0.1
0.7,0.1
0.7,0.1
0.7,0.1
0.7,0.1
0.7,0.1
0.7,0.1
0.7,0.1
0.7,0.1
0.7,0.1
0.7,0.1
0.7,0.1
0.7,0.1
0.7,0.1
0.7,0.1
0.7,0.1
0.7,0.1
0.7,0.1
0.7,0.1
0.7,0.1
0.7,0.1
0.7,0.1
0.7,0.1
0.7,0.1
0.7,0.1
0.7,0.1
0.7,0.1
0.7,0.1
0.7,0.1
0.7,0.1
0.7,0.1
0.7,0.1
0.7,0.1
0.7,0.1
0.7,0.1
0.7,0.1
0.7,0.1
0.7,0.1
0.7,0.1
0.7,0.1
0.7,0.1
0.7,0.1
0.7,0.1
0.7,0.1
0.7,0.1
0.7,0.1
0.7,0.1
0.7,0.1
0.7,0.1
0.7,0.1
0.7,0.1
0.7,0.1
0.7,0.1
0.7,0.1
0.7,0.1
0.7,0.1
0.7,0.1
0.7,0.1
0.7,0.1
0.69,0.11
0.68,0.12
0.67,0.13
0.66,0.14
0.65,0.15
0.64,0.16
0.63,0.17
0.62,0.18
0.61,0.19
0.6,0.2
0.59,0.21
0.58,0.22
0.57,0.23
0.56,0.24
0.55,0.25
0.54,0.26
0.53,0.27
0.52,0.28
0.51,0.29
0.5,0.3
0.49,0.31
0.48,0.32
0.47,0.33
0.46,0.34
0.45,0.35
0.44,0.36
0.43,0.37
0.42,0.38
0.41,0.39
0.4,0.4
0.39,0.41
0.38,0.42
0.37,0.43
0.36,0.44
0.35,0.45
0.34,0.46
0.33,0.47
0.32,0.48
0.31,0.49
0.3,0.5
0.29,0.51
0.28,0.52
0.27,0.53
0.26,0.54
0.25,0.55
0.24,0.56
0.23,0.57
0.22,0.58
0.21,0.59
0.2,0.6
0.19,0.61
0.18,0.62
0.17,0.63
0.16,0.64
0.15,0.65
0.14,0.66
0.13,0.67
0.12,0.68
0.11,0.69
0.1,0.7
0.1,0.7
0.1,0.7
0.1,0.7
0.1,0.7
0.1,0.7
0.1,0.7
0.1,0.7
0.1,0.7
0.1,0.7
0.1,0.7
0.1,0.7
0.1,0.7
0.1,0.7
0.1,0.7
0.1,0.7
0.1,0.7
0.1,0.7
0.1,0.7
0.1,0.7
0.1,0.7
0.1,0.7
0.1,0.7
0.1,0.7
0.1,0.7
0.1,0.7
0.1,0.7
0.1,0.7
0.1,0.7
0.1,0.7
0.1,0.7
0.1,0.7
0.1,0.7
0.1,0.7
0.1,0.7
0.1,0.7
0.1,0.7
0.1,0.7
0.1,0.7
0.1,0.7
0.1,0.7
0.1,0.7
0.1,0.7
0.1,0.7
0.1,0.7
0.1,0.7
0.1,0.7
0.1,0.7
0.1,0.7
0.1,0.7
0.1,0.7
0.1,0.7
0.1,0.7
0.1,0.7
0.1,0.7
0.1,0.7
0.1,0.7
0.1,0.7
0.1,0.7
0.1,0.7
0.1,0.7
0.1,0.7
0.1,0.7
0.1,0.7
0.1,0.7
0.1,0.7
0.1,0.7
0.1,0.7
0.1,0.7
0.1,0.7
0.1,0.7
0.1,0.7
0.1,0.7
0.1,0.7
0.1,0.7
0.1,0.7
0.1,0.7
0.1,0.7
0.1,0.7
0.1,0.7
0.1,0.7
0.1,0.7
0.1,0.7
0.1,0.7
0.1,0.7
0.1,0.7
0.1,0.7
0.1,0.7
0.1,0.7
0.1,0.7
0.1,0.7
0.1,0.7
0.1,0.7
0.1,0.7
0.1,0.7
0.1,0.7
0.1,0.7
0.1,0.7
0.1,0.7
0.1,0.7
0.1,0.7
0.1,0.7
0.1,0.7
0.1,0.7
0.1,0.7
0.1,0.7
0.1,0.7
0.1,0.7
0.1,0.7
0.1,0.7
0.1,0.7
0.1,0.7
0.1,0.7
0.1,0.7
0.1,0.7
0.1,0.7
0.1,0.7
0.1,0.7
0.1,0.7
0.1,0.7
0.1,0.7
0.1,0.7
0.1,0.7
0.1,0.7
0.1,0.7
0.1,0.7
0.1,0.7
0.1,0.7
0.1,0.7
0.1,0.7
0.1,0.7
0.1,0.7
0.1,0.7
0.1,0.7
0.1,0.7
0.1,0.7
0.1,0.7
0.1,0.7
0.1,0.7
0.1,0.7
0.1,0.7
0.1,0.7
0.1,0.7
0.1,0.7
0.1,0.7
0.1,0.7
0.1,0.7
0.1,0.7
0.1,0.7
0.1,0.7
0.1,0.7
0.1,0.7
0.1,0.7
0.1,0.7
0.1,0.7
0.1,0.7
0.1,0.7
0.1,0.7
0.1,0.7
0.1,0.7
0.1,0.7
0.1,0.7
0.1,0.7
0.1,0.7
0.1,0.7
0.1,0.7
0.1,0.7
0.1,0.7
0.1,0.7
0.1,0.7
0.1,0.7
0.1,0.7
0.1,0.7
0.1,0.7
0.1,0.7
0.1,0.7
0.1,0.7
0.1,0.7
0.1,0.7
0.1,0.7
0.1,0.7
0.1,0.7
0.1,0.7
0.1,0.7
0.1,0.7
0.1,0.7
0.1,0.7
0.1,0.7
0.1,0.7
0.1,0.7
0.1,0.7
0.1,0.7
0.1,0.7
0.1,0.7
0.1,0.7
0.1,0.7
0.1,0.7
0.1,0.7
0.1,0.7
0.1,0.7
0.1,0.7
0.1,0.7
0.1,0.7
0.1,0.7
0.1,0.7
0.1,0.7
0.1,0.7
0.1,0.7
0.1,0.7
0.1,0.7
0.1,0.7
0.1,0.7
0.1,0.7
0.1,0.7
0.1,0.7
0.1,0.7
0.1,0.7
0.1,0.7
0.1,0.7
0.1,0.7
0.1,0.7
0.1,0.7
0.1,0.7
0.1,0.7
0.1,0.7
0.1,0.7
0.1,0.7
0.1,0.7
0.1,0.7
0.1,0.7
0.1,0.7
0.1,0.7
0.1,0.7
0.1,0.7
0.1,0.7
0.1,0.7
0.1,0.7
0.1,0.7
0.1,0.7
0.1,0.7
0.1,0.7
0.1,0.7
0.1,0.7
0.1,0.7
0.1,0.7
0.1,0.7
0.1,0.7
0.1,0.7
0.1,0.7
0.1,0.7
0.1,0.7
0.1,0.7
0.1,0.7
0.1,0.7
0.1,0.7
0.1,0.7
0.1,0.7
0.1,0.7
0.1,0.7
0.1,0.7
0.1,0.7
0.1,0.7
0.1,0.7
0.1,0.7
0.1,0.7
0.1,0.7
0.1,0.7
0.1,0.7
0.1,0.7
0.1,0.7
0.1,0.7
0.1,0.7
0.1,0.7
0.1,0.7
0.1,0.7
0.1,0.7
0.1,0.7
0.1,0.7
0.1,0.7
0.1,0.7
0.1,0.7
0.1,0.7
0.1,0.7
0.1,0.7
0.1,0.7
0.1,0.7
0.1,0.7
0.1,0.7
0.1,0.7
0.1,0.7
0.1,0.7
0.1,0.7
0.1,0.7
0.1,0.7
0.1,0.7
0.1,0.7
0.1,0.7
0.1,0.7
0.1,0.7
0.1,0.7
0.1,0.7
0.1,0.7
0.1,0.7
0.1,0.7
0.1,0.7
0.1,0.7
0.1,0.7
0.1,0.7
0.1,0.7
0.1,0.7
0.1,0.7
0.1,0.7
0.1,0.7
0.1,0.7
0.1,0.7
0.1,0.7
0.1,0.7
0.1,0.7
0.1,0.7
0.1,0.7
0.1,0.7
0.1,0.7
0.1,0.7
0.1,0.7
0.1,0.7
0.1,0.7
0.1,0.7
0.1,0.7
0.1,0.7
0.1,0.7
0.1,0.7
0.1,0.7
0.1,0.7
0.1,0.7
0.1,0.7
0.1,0.7
0.1,0.7
0.1,0.7
0.1,0.7
0.1,0.7
0.1,0.7
0.11,0.69
0.12,0.68
0.13,0.67
0.14,0.66
0.15,0.65
0.16,0.64
0.17,0.63
0.18,0.62
0.19,0.61
0.2,0.6
0.21,0.59
0.22,0.58
0.23,0.57
0.24,0.56
0.25,0.55
0.26,0.54
0.27,0.53
0.28,0.52
0.29,0.51
0.3,0.5
0.31,0.49
0.32,0.48
0.33,0.47
0.34,0.46
0.35,0.45
0.36,0.44
0.37,0.43
0.38,0.42
0.39,0.41
0.4,0.4
0.41,0.39
0.42,0.38
0.43,0.37
0.44,0.36
0.45,0.35
0.46,0.34
0.47,0.33
0.48,0.32
0.49,0.31
0.5,0.3
0.51,0.29
0.52,0.28
0.53,0.27
0.54,0.26
0.55,0.25
0.56,0.24
0.57,0.23
0.58,0.22
0.59,0.21
0.6,0.2
0.61,0.19
0.62,0.18
0.63,0.17
0.64,0.16
0.65,0.15
0.66,0.14
0.67,0.13
0.68,0.12
0.69,0.11
0.7,0.1
0.7,0.1
0.7,0.1
0.7,0.1
0.7,0.1
0.7,0.1
0.7,0.1
0.7,0.1
0.7,0.1
0.7,0.1
0.7,0.1
0.7,0.1
0.7,0.1
0.7,0.1
0.7,0.1
0.7,0.1
0.7,0.1
0.7,0.1
0.7,0.1
0.7,0.1
0.7,0.1
0.7,0.1
0.7,0.1
0.7,0.1
0.7,0.1
0.7,0.1
0.7,0.1
0.7,0.1
0.7,0.1
0.7,0.1
0.7,0.1
0.7,0.1
0.7,0.1
0.7,0.1
0.7,0.1
0.7,0.1
0.7,0.1
0.7,0.1
0.7,0.1
0.7,0.1
0.7,0.1
0.7,0.1
0.7,0.1
0.7,0.1
0.7,0.1
0.7,0.1
0.7,0.1
0.7,0.1
0.7,0.1
0.7,0.1
0.7,0.1
0.7,0.1
0.7,0.1
0.7,0.1
0.7,0.1
0.7,0.1
0.7,0.1
0.7,0.1
0.7,0.1
0.7,0.1
0.7,0.1
0.7,0.1
0.7,0.1
0.7,0.1
0.7,0.1
0.7,0.1
0.7,0.1
0.7,0.1
0.7,0.1
0.7,0.1
0.7,0.1
0.7,0.1
0.7,0.1
0.7,0.1
0.7,0.1
0.7,0.1
0.7,0.1
0.7,0.1
0.7,0.1
0.7,0.1
0.7,0.1
0.7,0.1
0.7,0.1
0.7,0.1
0.7,0.1
0.7,0.1
0.7,0.1
0.7,0.1
0.7,0.1
0.7,0.1
0.7,0.1
0.7,0.1
0.7,0.1
0.7,0.1
0.7,0.1
0.7,0.1
0.7,0.1
0.7,0.1
0.7,0.1
0.7,0.1
0.7,0.1
0.7,0.1
0.7,0.1
0.7,0.1
0.7,0.1
0.7,0.1
0.7,0.1
0.7,0.1
0.7,0.1
0.7,0.1
0.7,0.1
0.7,0.1
0.7,0.1
0.7,0.1
0.7,0.1
0.7,0.1
0.7,0.1
0.7,0.1
0.7,0.1
0.7,0.1
0.7,0.1
0.7,0.1
0.7,0.1
0.7,0.1
0.7,0.1
0.7,0.1
0.7,0.1
0.7,0.1
0.7,0.1
0.7,0.1
0.7,0.1
0.7,0.1
0.7,0.1
0.7,0.1
0.7,0.1
0.7,0.1
0.7,0.1
0.7,0.1
0.7,0.1
0.7,0.1
0.7,0.1
0.7,0.1
0.7,0.1
0.7,0.1
0.7,0.1
0.7,0.1
0.7,0.1
0.7,0.1
0.7,0.1
0.7,0.1
0.7,0.1
0.7,0.1
0.7,0.1
0.7,0.1
0.7,0.1
0.7,0.1
0.7,0.1
0.7,0.1
0.7,0.1
0.7,0.1
0.7,0.1
0.7,0.1
0.7,0.1
0.7,0.1
0.7,0.1
0.7,0.1
0.7,0.1
0.7,0.1
0.7,0.1
0.7,0.1
0.7,0.1
0.7,0.1
0.7,0.1
0.7,0.1
0.7,0.1
0.7,0.1
0.7,0.1
0.7,0.1
0.7,0.1
0.7,0.1
0.7,0.1
0.7,0.1
0.7,0.1
0.7,0.1
0.7,0.1
0.7,0.1
0.7,0.1
0.7,0.1
0.7,0.1
0.7,0.1
0.7,0.1
0.7,0.1
0.7,0.1
0.7,0.1
0.7,0.1
0.7,0.1
0.7,0.1
0.7,0.1
0.7,0.1
0.7,0.1
0.7,0.1
0.7,0.1
0.7,0.1
0.7,0.1
0.7,0.1
0.7,0.1
0.7,0.1
0.7,0.1
0.7,0.1
0.7,0.1
0.7,0.1
0.7,0.1
0.7,0.1
0.7,0.1
0.7,0.1
0.7,0.1
0.7,0.1
0.7,0.1
0.7,0.1
0.7,0.1
0.7,0.1
0.7,0.1
0.7,0.1
0.7,0.1
0.7,0.1
0.7,0.1
0.7,0.1
0.7,0.1
0.7,0.1
0.7,0.1
0.7,0.1
0.7,0.1
0.7,0.1
0.7,0.1
0.7,0.1
0.7,0.1
0.7,0.1
0.7,0.1
0.7,0.1
0.7,0.1
0.7,0.1
0.7,0.1
0.7,0.1
0.7,0.1
0.7,0.1
0.7,0.1
0.7,0.1
0.7,0.1
0.7,0.1
0.7,0.1
0.7,0.1
0.7,0.1
0.7,0.1
0.7,0.1
0.7,0.1
0.7,0.1
0.7,0.1
0.7,0.1
0.7,0.1
0.7,0.1
0.7,0.1
0.7,0.1
0.7,0.1
0.7,0.1
0.7,0.1
0.7,0.1
0.7,0.1
0.7,0.1
0.7,0.1
0.7,0.1
0.7,0.1
0.7,0.1
0.7,0.1
0.7,0.1
0.7,0.1
0.7,0.1
0.7,0.1
0.7,0.1
0.7,0.1
0.7,0.1
0.7,0.1
0.7,0.1
0.7,0.1
0.7,0.1
0.7,0.1
0.7,0.1
0.7,0.1
0.7,0.1
0.7,0.1
0.7,0.1
0.7,0.1
0.7,0.1
0.7,0.1
0.7,0.1
0.7,0.1
0.7,0.1
0.7,0.1
0.7,0.1
0.7,0.1
0.7,0.1
0.7,0.1
0.7,0.1
0.7,0.1
0.7,0.1
0.7,0.1
0.7,0.1
0.7,0.1
0.7,0.1
0.7,0.1
0.7,0.1
0.7,0.1
0.7,0.1
0.7,0.1
0.7,0.1
0.7,0.1
0.7,0.1
0.7,0.1
0.7,0.1
0.7,0.1
0.7,0.1
0.7,0.1
0.7,0.1
0.7,0.1
0.7,0.1
0.7,0.1
0.7,0.1
0.7,0.1
0.7,0.1
0.7,0.1
0.7,0.1
0.7,0.1
0.7,0.1
0.7,0.1
0.7,0.1
0.7,0.1
0.7,0.1
0.7,0.1
0.7,0.1
0.7,0.1
0.7,0.1
0.0,0.0
0.0,0.0
0.0,0.0
0.0,0.0
0.0,0.0
0.0,0.0
0.0,0.0
0.0,0.0
0.0,0.0
0.0,0.0
0.0,0.0
0.0,0.0
0.0,0.0
0.0,0.0
0.0,0.0
0.0,0.0
0.0,0.0
0.0,0.0
0.0,0.0
0.0,0.0
0.0,0.0
0.0,0.0
0.0,0.0
0.0,0.0
0.0,0.0
0.0,0.0
0.0,0.0
0.0,0.0
0.0,0.0
0.0,0.0
0.0,0.0
0.0,0.0
0.0,0.0
0.0,0.0
0.0,0.0
0.0,0.0
0.0,0.0
0.0,0.0
0.0,0.0
0.0,0.0
0.0,0.0
0.0,0.0
0.0,0.0
0.0,0.0
0.0,0.0
0.0,0.0
0.0,0.0
0.0,0.0
0.0,0.0
0.0,0.0
0.0,0.0
0.0,0.0
0.0,0.0
0.0,0.0
0.0,0.0
0.0,0.0
0.0,0.0
0.0,0.0
0.0,0.0
0.0,0.0
0.0,0.0
0.0,0.0
0.0,0.0
0.0,0.0
0.0,0.0
0.0,0.0
0.0,0.0
0.0,0.0
0.0,0.0
0.0,0.0
0.0,0.0
0.0,0.0
0.0,0.0
0.0,0.0
0.0,0.0
0.0,0.0
0.0,0.0
0.0,0.0
0.0,0.0
0.0,0.0
0.0,0.0
0.0,0.0
0.0,0.0
0.0,0.0
0.0,0.0
0.0,0.0
0.0,0.0
0.0,0.0
0.0,0.0
0.0,0.0
0.0,0.0
0.0,0.0
0.0,0.0
0.0,0.0
0.0,0.0
0.0,0.0
0.0,0.0
0.0,0.0
0.0,0.0
0.0,0.0
0.0,0.0
0.0,0.0
0.0,0.0
0.0,0.0
0.0,0.0
0.0,0.0
0.0,0.0
0.0,0.0
0.0,0.0
0.0,0.0
0.0,0.0
0.0,0.0
0.0,0.0
0.0,0.0
0.0,0.0
0.0,0.0
0.0,0.0
0.0,0.0
0.0,0.0
0.0,0.0
0.0,0.0
0.0,0.0
0.0,0.0
0.0,0.0
0.0,0.0
0.0,0.0
0.0,0.0
0.0,0.0
0.0,0.0
0.0,0.0
0.0,0.0
0.0,0.0
0.0,0.0
0.0,0.0
0.0,0.0
0.0,0.0
0.0,0.0
0.0,0.0
0.0,0.0
0.0,0.0
0.0,0.0
0.0,0.0
0.0,0.0
0.0,0.0
0.0,0.0
0.0,0.0
0.0,0.0
0.0,0.0
0.0,0.0
0.0,0.0
0.0,0.0
0.0,0.0
0.0,0.0
0.0,0.0
0.0,0.0
0.0,0.0
0.0,0.0
0.0,0.0
0.0,0.0
0.0,0.0
0.0,0.0
0.0,0.0
0.0,0.0
0.0,0.0
0.0,0.0
0.0,0.0
0.0,0.0
0.0,0.0
0.0,0.0
0.0,0.0
0.0,0.0
0.0,0.0
0.0,0.0
0.0,0.0
0.0,0.0
0.0,0.0
0.0,0.0
0.0,0.0
0.0,0.0
0.0,0.0
0.0,0.0
0.0,0.0
0.0,0.0
0.0,0.0
0.0,0.0
0.0,0.0
0.0,0.0
0.0,0.0
0.0,0.0
0.0,0.0
0.0,0.0
0.0,0.0
0.0,0.0
0.0,0.0
0.0,0.0
0.0,0.0
0.0,0.0
0.0,0.0
0.0,0.0
0.0,0.0
0.0,0.0
0.0,0.0
0.0,0.0
0.0,0.0
0.0,0.0
0.0,0.0
0.0,0.0
0.0,0.0
0.0,0.0
0.0,0.0
0.0,0.0
0.0,0.0
0.0,0.0
0.0,0.0
0.0,0.0
0.0,0.0
0.0,0.0
0.0,0.0
0.0,0.0
0.0,0.0
0.0,0.0
0.0,0.0
0.0,0.0
0.0,0.0
0.0,0.0
0.0,0.0
0.0,0.0
0.0,0.0
0.0,0.0
0.0,0.0
0.0,0.0
0.0,0.0
0.0,0.0
0.0,0.0
0.0,0.0
0.0,0.0
0.0,0.0
0.0,0.0
0.0,0.0
0.0,0.0
0.0,0.0
0.0,0.0
0.0,0.0
0.0,0.0
0.0,0.0
0.0,0.0
0.0,0.0
0.0,0.0
0.0,0.0
0.0,0.0
0.0,0.0
0.0,0.0
0.0,0.0
0.0,0.0
0.0,0.0
0.0,0.0
0.0,0.0
0.0,0.0
0.0,0.0
0.0,0.0
0.0,0.0
0.0,0.0
0.0,0.0
0.0,0.0
0.0,0.0
0.0,0.0
0.0,0.0
0.0,0.0
0.0,0.0
0.0,0.0
0.0,0.0
0.0,0.0
0.0,0.0
0.0,0.0
0.0,0.0
0.0,0.0
0.0,0.0
0.0,0.0
0.0,0.0
0.0,0.0
0.0,0.0
0.0,0.0
0.0,0.0
0.0,0.0
0.0,0.0
0.0,0.0
0.0,0.0
0.0,0.0
0.0,0.0
0.0,0.0
0.0,0.0
0.0,0.0
0.0,0.0
0.0,0.0
0.0,0.0
0.0,0.0
0.0,0.0
0.0,0.0
0.0,0.0
0.0,0.0
0.0,0.0
0.0,0.0
0.0,0.0
0.0,0.0
0.0,0.0
0.0,0.0
0.0,0.0
0.0,0.0
0.0,0.0
0.0,0.0
0.0,0.0
0.0,0.0
0.0,0.0
0.0,0.0
0.0,0.0
0.0,0.0
0.0,0.0
0.0,0.0
0.0,0.0
0.0,0.0
0.0,0.0
0.0,0.0
0.0,0.0
0.0,0.0
0.0,0.0
0.0,0.0
0.0,0.0
0.0,0.0
0.0,0.0
0.0,0.0
0.0,0.0
0.0,0.0
0.0,0.0
0.0,0.0
0.0,0.0
0.0,0.0
0.0,0.0
0.0,0.0
0.0,0.0
0.0,0.0
0.0,0.0
0.0,0.0
0.0,0.0
0.0,0.0
0.0,0.0
0.0,0.0
0.0,0.0
0.0,0.0
0.0,0.0
0.0,0.0
0.0,0.0
0.0,0.0
0.0,0.0
0.0,0.0
0.0,0.0
0.0,0.0
0.0,0.0
0.0,0.0
0.0,0.0
0.0,0.0
0.0,0.0
0.0,0.0
0.0,0.0
0.0,0.0
0.0,0.0
0.0,0.0
0.0,0.0
0.0,0.0
0.0,0.0
0.0,0.0
0.0,0.0
0.0,0.0
0.0,0.0
0.0,0.0
0.0,0.0
0.0,0.0
0.0,0.0
0.0,0.0
0.0,0.0
0.0,0.0
0.0,0.0
0.0,0.0
0.0,0.0
0.0,0.0
0.0,0.0
0.0,0.0
0.0,0.0
0.0,0.0
0.0,0.0
0.0,0.0
0.0,0.0
0.0,0.0
0.0,0.0
0.0,0.0
0.0,0.0
0.0,0.0
0.0,0.0
0.0,0.0
0.0,0.0
0.0,0.0
