t,x_ref,y_ref,psi_ref,u_ref,v_ref,r_ref,tau_u_ref,tau_r_ref,T1_ref,T2_ref,cmd_left_ref,cmd_right_ref
0.000000,0.000210,0.000000,0.000000,0.100000,-0.000000,0.000000,1.727386,-0.541677,-0.177993,1.905379,-0.052542,0.121800
0.033333,0.003544,-0.000000,-0.000094,0.100021,0.000008,-0.002811,1.745384,-0.529773,-0.146102,1.891486,-0.050909,0.121322
0.066667,0.006879,-0.000000,-0.000272,0.100085,0.000020,-0.005355,1.781626,-0.493035,-0.057331,1.838957,-0.046332,0.119508
0.100000,0.010216,-0.000001,-0.000527,0.100191,0.000038,-0.007654,1.818359,-0.459403,0.025712,1.792646,0.052316,0.117904
0.133333,0.013558,-0.000001,-0.000852,0.100339,0.000059,-0.009729,1.855577,-0.428506,0.103739,1.751838,0.055409,0.116486
0.166667,0.016906,-0.000002,-0.001238,0.100528,0.000083,-0.011600,1.893277,-0.400023,0.177364,1.715913,0.058310,0.115234
0.200000,0.020261,-0.000004,-0.001681,0.100757,0.000110,-0.013283,1.931453,-0.373677,0.247118,1.684335,0.061042,0.114131
0.233333,0.023624,-0.000006,-0.002174,0.101028,0.000138,-0.014792,1.970101,-0.349228,0.313458,1.656643,0.063626,0.113161
0.266667,0.026996,-0.000009,-0.002712,0.101339,0.000169,-0.016142,2.009217,-0.326472,0.376779,1.632439,0.066079,0.112312
0.300000,0.030380,-0.000013,-0.003290,0.101690,0.000202,-0.017345,2.048797,-0.305229,0.437419,1.611377,0.068417,0.111573
0.333333,0.033776,-0.000018,-0.003904,0.102081,0.000235,-0.018412,2.088835,-0.285348,0.495671,1.593164,0.070652,0.110932
0.366667,0.037186,-0.000024,-0.004549,0.102511,0.000269,-0.019353,2.129328,-0.266699,0.551782,1.577546,0.072795,0.110382
0.400000,0.040611,-0.000032,-0.005222,0.102980,0.000304,-0.020177,2.170272,-0.249168,0.605967,1.564305,0.074856,0.109915
0.433333,0.044052,-0.000040,-0.005918,0.103487,0.000339,-0.020892,2.211662,-0.232660,0.658408,1.553254,0.076842,0.109525
0.466667,0.047510,-0.000050,-0.006635,0.104033,0.000375,-0.021507,2.253495,-0.217094,0.709260,1.544235,0.078760,0.109206
0.500000,0.050988,-0.000061,-0.007369,0.104617,0.000410,-0.022029,2.295767,-0.202398,0.758656,1.537111,0.080616,0.108954
0.533333,0.054485,-0.000074,-0.008118,0.105238,0.000446,-0.022464,2.338475,-0.188514,0.806711,1.531764,0.082414,0.108765
0.566667,0.058004,-0.000088,-0.008879,0.105897,0.000481,-0.022819,2.381614,-0.175389,0.853520,1.528094,0.084160,0.108635
0.600000,0.061545,-0.000105,-0.009649,0.106593,0.000516,-0.023099,2.425181,-0.162980,0.899168,1.526014,0.085856,0.108562
0.633333,0.065111,-0.000123,-0.010426,0.107325,0.000550,-0.023310,2.469174,-0.151248,0.943726,1.525448,0.087506,0.108542
0.666667,0.068701,-0.000142,-0.011208,0.108094,0.000584,-0.023458,2.513588,-0.140159,0.987258,1.526331,0.089112,0.108573
0.700000,0.072317,-0.000164,-0.011993,0.108898,0.000617,-0.023546,2.558421,-0.129684,1.029818,1.528603,0.090678,0.108653
0.733333,0.075961,-0.000188,-0.012779,0.109738,0.000649,-0.023580,2.603669,-0.119797,1.071456,1.532214,0.092204,0.108781
0.766667,0.079633,-0.000215,-0.013564,0.110614,0.000681,-0.023564,2.649330,-0.110473,1.112216,1.537114,0.093694,0.108954
0.800000,0.083336,-0.000243,-0.014347,0.111524,0.000711,-0.023503,2.695401,-0.101691,1.152140,1.543260,0.095148,0.109172
0.833333,0.087069,-0.000274,-0.015127,0.112469,0.000741,-0.023399,2.741878,-0.093430,1.191267,1.550611,0.096570,0.109431
0.866667,0.090834,-0.000307,-0.015903,0.113449,0.000770,-0.023257,2.788760,-0.085669,1.229632,1.559127,0.097960,0.109732
0.900000,0.094632,-0.000343,-0.016672,0.114462,0.000798,-0.023081,2.836043,-0.078389,1.267273,1.568770,0.099319,0.110072
0.933333,0.098465,-0.000381,-0.017434,0.115509,0.000825,-0.022873,2.883726,-0.071573,1.304223,1.579503,0.100650,0.110451
0.966667,0.102333,-0.000422,-0.018189,0.116590,0.000850,-0.022637,2.931805,-0.065200,1.340518,1.591288,0.101954,0.110866
1.000000,0.106238,-0.000466,-0.018935,0.117703,0.000875,-0.022375,2.980279,-0.059253,1.376191,1.604088,0.103231,0.111316
1.033333,0.110180,-0.000513,-0.019671,0.118850,0.000899,-0.022091,3.029145,-0.053713,1.411278,1.617867,0.104485,0.111801
1.066667,0.114161,-0.000562,-0.020397,0.120028,0.000922,-0.021787,3.078401,-0.048561,1.445813,1.632588,0.105716,0.112318
1.100000,0.118182,-0.000614,-0.021113,0.121239,0.000943,-0.021466,3.128044,-0.043780,1.479831,1.648214,0.106925,0.112866
1.133333,0.122243,-0.000670,-0.021817,0.122481,0.000964,-0.021130,3.178074,-0.039349,1.513366,1.664707,0.108114,0.113444
1.166667,0.126347,-0.000728,-0.022510,0.123755,0.000983,-0.020780,3.228487,-0.035250,1.546455,1.682032,0.109284,0.114050
1.200000,0.130493,-0.000790,-0.023191,0.125060,0.001001,-0.020420,3.279282,-0.031465,1.579131,1.700152,0.110437,0.114684
1.233333,0.134684,-0.000855,-0.023859,0.126396,0.001019,-0.020050,3.330457,-0.027976,1.611428,1.719029,0.111574,0.115343
1.266667,0.138919,-0.000923,-0.024515,0.127763,0.001035,-0.019673,3.382011,-0.024764,1.643382,1.738629,0.112697,0.116026
1.300000,0.143201,-0.000995,-0.025158,0.129159,0.001050,-0.019290,3.433941,-0.021811,1.675025,1.758915,0.113805,0.116732
1.333333,0.147529,-0.001070,-0.025788,0.130585,0.001064,-0.018902,3.486246,-0.019101,1.706391,1.779855,0.114902,0.117460
1.366667,0.151906,-0.001148,-0.026405,0.132041,0.001078,-0.018511,3.538924,-0.016615,1.737510,1.801413,0.115987,0.118208
1.400000,0.156331,-0.001230,-0.027009,0.133527,0.001090,-0.018119,3.591973,-0.014338,1.768414,1.823559,0.117063,0.118976
1.433333,0.160807,-0.001316,-0.027600,0.135041,0.001101,-0.017725,3.645392,-0.012253,1.799132,1.846260,0.118129,0.119761
1.466667,0.165333,-0.001405,-0.028177,0.136583,0.001111,-0.017331,3.699180,-0.010347,1.829693,1.869488,0.119188,0.120563
1.500000,0.169911,-0.001499,-0.028742,0.138154,0.001121,-0.016939,3.753335,-0.008603,1.860123,1.893213,0.120240,0.121381
1.533333,0.174542,-0.001595,-0.029294,0.139753,0.001129,-0.016548,3.807856,-0.007010,1.890447,1.917408,0.121286,0.122214
1.566667,0.179226,-0.001696,-0.029832,0.141380,0.001137,-0.016159,3.862740,-0.005553,1.920691,1.942049,0.122327,0.123061
1.600000,0.183966,-0.001801,-0.030358,0.143034,0.001143,-0.015773,3.917988,-0.004221,1.950877,1.967111,0.123364,0.123920
1.633333,0.188760,-0.001909,-0.030871,0.144715,0.001149,-0.015391,3.973597,-0.003002,1.981025,1.992572,0.124397,0.124792
1.666667,0.193611,-0.002022,-0.031371,0.146423,0.001154,-0.015013,4.029566,-0.001887,2.011155,2.018411,0.125427,0.125675
1.700000,0.198520,-0.002139,-0.031859,0.148158,0.001158,-0.014639,4.085893,-0.000864,2.041285,2.044608,0.126456,0.126569
1.733333,0.203486,-0.002260,-0.032335,0.149918,0.001162,-0.014269,4.142579,0.000074,2.071433,2.071146,0.127482,0.127472
1.766667,0.208512,-0.002384,-0.032799,0.151705,0.001164,-0.013905,4.199620,0.000937,2.101612,2.098008,0.128508,0.128385
1.800000,0.213597,-0.002514,-0.033250,0.153517,0.001166,-0.013546,4.257017,0.001732,2.131839,2.125178,0.129533,0.129307
1.833333,0.218743,-0.002647,-0.033690,0.155354,0.001167,-0.013192,4.314767,0.002465,2.162124,2.152643,0.130557,0.130237
1.866667,0.223951,-0.002785,-0.034118,0.157216,0.001168,-0.012844,4.372870,0.003143,2.192480,2.180390,0.131582,0.131174
1.900000,0.229221,-0.002927,-0.034535,0.159103,0.001168,-0.012501,4.431325,0.003773,2.222917,2.208408,0.132608,0.132119
1.933333,0.234555,-0.003073,-0.034940,0.161014,0.001167,-0.012165,4.490129,0.004358,2.253445,2.236684,0.133634,0.133071
1.966667,0.239952,-0.003224,-0.035335,0.162949,0.001165,-0.011834,4.549283,0.004904,2.284072,2.265211,0.134662,0.134029
2.000000,0.245414,-0.003379,-0.035718,0.164908,0.001163,-0.011508,4.608785,0.005415,2.314806,2.293979,0.135690,0.134993
2.033333,0.250942,-0.003539,-0.036091,0.166891,0.001161,-0.011189,4.668633,0.005895,2.345653,2.322980,0.136721,0.135964
2.066667,0.256536,-0.003703,-0.036454,0.168897,0.001157,-0.010875,4.728827,0.006348,2.376620,2.352206,0.137753,0.136940
2.100000,0.262197,-0.003872,-0.036806,0.170925,0.001154,-0.010568,4.789365,0.006775,2.407712,2.381653,0.138787,0.137921
2.133333,0.267926,-0.004046,-0.037148,0.172976,0.001149,-0.010266,4.850246,0.007181,2.438933,2.411313,0.139824,0.138907
2.166667,0.273724,-0.004224,-0.037480,0.175050,0.001144,-0.009970,4.911469,0.007568,2.470288,2.441181,0.140862,0.139898
2.200000,0.279591,-0.004407,-0.037803,0.177145,0.001139,-0.009679,4.973033,0.007937,2.501781,2.471253,0.141903,0.140894
2.233333,0.285529,-0.004595,-0.038116,0.179263,0.001133,-0.009394,5.034937,0.008291,2.533414,2.501524,0.142946,0.141894
2.266667,0.291537,-0.004787,-0.038420,0.181401,0.001127,-0.009115,5.097179,0.008632,2.565190,2.531989,0.143992,0.142899
2.300000,0.297616,-0.004984,-0.038715,0.183561,0.001120,-0.008841,5.159759,0.008961,2.597112,2.562647,0.145040,0.143908
2.333333,0.303768,-0.005186,-0.039001,0.185742,0.001113,-0.008573,5.222674,0.009279,2.629181,2.593493,0.146090,0.144921
2.366667,0.309993,-0.005393,-0.039278,0.187943,0.001105,-0.008310,5.285925,0.009588,2.661400,2.624524,0.147143,0.145938
2.400000,0.316291,-0.005604,-0.039546,0.190165,0.001097,-0.008052,5.349508,0.009888,2.693770,2.655738,0.148199,0.146959
2.433333,0.322664,-0.005821,-0.039806,0.192406,0.001089,-0.007799,5.413425,0.010182,2.726292,2.687133,0.149258,0.147983
2.466667,0.329111,-0.006042,-0.040058,0.194668,0.001080,-0.007551,5.477672,0.010468,2.758967,2.718705,0.150319,0.149011
2.500000,0.335634,-0.006269,-0.040301,0.196948,0.001071,-0.007308,5.542249,0.010749,2.791797,2.750453,0.151383,0.150043
2.533333,0.342233,-0.006500,-0.040537,0.199248,0.001061,-0.007069,5.607155,0.011025,2.824780,2.782375,0.152449,0.151078
2.566667,0.348909,-0.006736,-0.040765,0.201567,0.001051,-0.006836,5.672388,0.011297,2.857919,2.814469,0.153518,0.152116
2.600000,0.355663,-0.006978,-0.040985,0.203905,0.001041,-0.006607,5.737946,0.011565,2.891213,2.846733,0.154590,0.153158
2.633333,0.362495,-0.007224,-0.041198,0.206261,0.001030,-0.006382,5.803829,0.011829,2.924663,2.879167,0.155664,0.154202
2.666667,0.369405,-0.007475,-0.041403,0.208634,0.001020,-0.006162,5.870036,0.012090,2.958268,2.911767,0.156741,0.155250
2.700000,0.376395,-0.007732,-0.041601,0.211026,0.001008,-0.005946,5.936563,0.012349,2.992029,2.944534,0.157821,0.156301
2.733333,0.383464,-0.007993,-0.041792,0.213435,0.000997,-0.005735,6.003412,0.012605,3.025946,2.977465,0.158903,0.157355
2.766667,0.390614,-0.008260,-0.041977,0.215862,0.000985,-0.005527,6.070578,0.012859,3.060018,3.010560,0.159987,0.158412
2.800000,0.397845,-0.008532,-0.042154,0.218305,0.000973,-0.005324,6.138063,0.013111,3.094245,3.043817,0.161074,0.159472
2.833333,0.405158,-0.008808,-0.042325,0.220765,0.000961,-0.005124,6.205862,0.013362,3.128627,3.077235,0.162164,0.160534
2.866667,0.412553,-0.009090,-0.042489,0.223242,0.000948,-0.004928,6.273977,0.013611,3.163164,3.110813,0.163255,0.161599
2.900000,0.420030,-0.009377,-0.042647,0.225734,0.000935,-0.004736,6.342403,0.013859,3.197854,3.144550,0.164350,0.162667
2.933333,0.427591,-0.009670,-0.042799,0.228243,0.000922,-0.004548,6.411141,0.014106,3.232698,3.178444,0.165446,0.163738
2.966667,0.435235,-0.009967,-0.042944,0.230767,0.000909,-0.004363,6.480188,0.014352,3.267694,3.212494,0.166545,0.164811
3.000000,0.442964,-0.010270,-0.043083,0.233307,0.000895,-0.004181,6.549543,0.014597,3.302843,3.246701,0.167646,0.165886
3.033333,0.450777,-0.010577,-0.043217,0.235862,0.000881,-0.004003,6.619204,0.014841,3.338143,3.281061,0.168750,0.166964
3.066667,0.458676,-0.010890,-0.043344,0.238431,0.000867,-0.003828,6.689170,0.015085,3.373594,3.315575,0.169855,0.168044
3.100000,0.466661,-0.011208,-0.043466,0.241015,0.000853,-0.003656,6.759437,0.015328,3.409196,3.350242,0.170963,0.169127
3.133333,0.474731,-0.011532,-0.043583,0.243614,0.000838,-0.003488,6.830006,0.015571,3.444947,3.385059,0.172072,0.170212
3.166667,0.482889,-0.011860,-0.043693,0.246226,0.000824,-0.003322,6.900873,0.015813,3.480846,3.420027,0.173184,0.171299
3.200000,0.491133,-0.012194,-0.043799,0.248853,0.000809,-0.003159,6.972037,0.016055,3.516893,3.455144,0.174298,0.172389
3.233333,0.499465,-0.012533,-0.043899,0.251492,0.000794,-0.002999,7.043496,0.016296,3.553087,3.490410,0.175414,0.173480
3.266667,0.507886,-0.012877,-0.043993,0.254145,0.000778,-0.002842,7.115249,0.016537,3.589426,3.525822,0.176531,0.174574
3.300000,0.516394,-0.013226,-0.044083,0.256812,0.000763,-0.002688,7.187292,0.016778,3.625911,3.561381,0.177651,0.175669
3.333333,0.524992,-0.013580,-0.044167,0.259491,0.000747,-0.002536,7.259624,0.017019,3.662540,3.597084,0.178772,0.176767
3.366667,0.533679,-0.013940,-0.044247,0.262182,0.000731,-0.002387,7.332244,0.017259,3.699312,3.632932,0.179895,0.177866
3.400000,0.542456,-0.014305,-0.044322,0.264886,0.000715,-0.002241,7.405148,0.017499,3.736226,3.668922,0.181020,0.178967
3.433333,0.551323,-0.014675,-0.044392,0.267601,0.000699,-0.002097,7.478334,0.017739,3.773281,3.705054,0.182146,0.180070
3.466667,0.560281,-0.015050,-0.044457,0.270329,0.000682,-0.001955,7.551802,0.017979,3.810476,3.741326,0.183274,0.181175
3.500000,0.569330,-0.015430,-0.044517,0.273068,0.000666,-0.001816,7.625547,0.018219,3.847809,3.777738,0.184404,0.182282
3.533333,0.578470,-0.015816,-0.044573,0.275818,0.000649,-0.001679,7.699568,0.018458,3.885281,3.814288,0.185535,0.183390
3.566667,0.587701,-0.016206,-0.044625,0.278579,0.000632,-0.001544,7.773863,0.018698,3.922888,3.850975,0.186668,0.184500
3.600000,0.597025,-0.016602,-0.044672,0.281351,0.000615,-0.001411,7.848429,0.018937,3.960632,3.887798,0.187802,0.185611
3.633333,0.606441,-0.017003,-0.044714,0.284134,0.000598,-0.001280,7.923264,0.019176,3.998509,3.924755,0.188937,0.186724
3.666667,0.615950,-0.017409,-0.044753,0.286927,0.000580,-0.001152,7.998365,0.019415,4.036520,3.961846,0.190073,0.187838
3.700000,0.625552,-0.017820,-0.044787,0.289729,0.000562,-0.001025,8.073730,0.019654,4.074662,3.999068,0.191211,0.188954
3.733333,0.635248,-0.018236,-0.044817,0.292542,0.000545,-0.000900,8.149356,0.019893,4.112934,4.036422,0.192350,0.190070
3.766667,0.645037,-0.018658,-0.044843,0.295364,0.000527,-0.000778,8.225241,0.020132,4.151336,4.073905,0.193490,0.191189
3.800000,0.654921,-0.019084,-0.044865,0.298196,0.000509,-0.000657,8.301382,0.020371,4.189866,4.111516,0.194632,0.192308
3.833333,0.664899,-0.019515,-0.044883,0.301036,0.000490,-0.000537,8.377776,0.020610,4.228522,4.149254,0.195774,0.193429
3.866667,0.674971,-0.019952,-0.044897,0.303886,0.000472,-0.000420,8.454421,0.020848,4.267303,4.187118,0.196917,0.194550
3.900000,0.685139,-0.020393,-0.044907,0.306744,0.000454,-0.000304,8.531313,0.021087,4.306208,4.225105,0.198061,0.195673
3.933333,0.695402,-0.020840,-0.044913,0.309610,0.000435,-0.000190,8.608451,0.021325,4.345236,4.263215,0.199206,0.196797
3.966667,0.705760,-0.021291,-0.044916,0.312485,0.000416,-0.000077,8.685830,0.021564,4.384384,4.301446,0.200352,0.197922
4.000000,0.716214,-0.021747,-0.044915,0.315367,0.000397,0.000034,8.763449,0.021802,4.423652,4.339797,0.201499,0.199047
4.033333,0.726765,-0.022208,-0.044910,0.318257,0.000378,0.000143,8.841304,0.022041,4.463038,4.378266,0.202646,0.200173
4.066667,0.737411,-0.022675,-0.044901,0.321154,0.000359,0.000251,8.919392,0.022279,4.502540,4.416851,0.203794,0.201301
4.100000,0.748154,-0.023146,-0.044890,0.324059,0.000339,0.000358,8.997710,0.022518,4.542158,4.455552,0.204943,0.202428
4.133333,0.758994,-0.023621,-0.044874,0.326971,0.000320,0.000463,9.076255,0.022756,4.581890,4.494365,0.206092,0.203557
4.166667,0.769932,-0.024102,-0.044855,0.329889,0.000300,0.000567,9.155024,0.022995,4.621734,4.533291,0.207242,0.204686
4.200000,0.780966,-0.024588,-0.044833,0.332814,0.000280,0.000670,9.234014,0.023234,4.661688,4.572326,0.208392,0.205816
4.233333,0.792098,-0.025078,-0.044807,0.335745,0.000260,0.000771,9.313221,0.023473,4.701751,4.611470,0.209542,0.206946
4.266667,0.803327,-0.025573,-0.044778,0.338682,0.000240,0.000871,9.392642,0.023712,4.741921,4.650721,0.210693,0.208076
4.300000,0.814655,-0.026073,-0.044746,0.341625,0.000220,0.000970,9.472274,0.023951,4.782197,4.690077,0.211844,0.209207
4.333333,0.826080,-0.026577,-0.044710,0.344574,0.000199,0.001067,9.552114,0.024190,4.822577,4.729537,0.212995,0.210339
4.366667,0.837604,-0.027086,-0.044671,0.347528,0.000179,0.001164,9.632157,0.024430,4.863059,4.769098,0.214147,0.211470
4.400000,0.849226,-0.027600,-0.044630,0.350487,0.000158,0.001259,9.712401,0.024669,4.903641,4.808760,0.215298,0.212602
4.433333,0.860947,-0.028118,-0.044584,0.353451,0.000137,0.001353,9.792841,0.024908,4.944322,4.848520,0.216450,0.213734
4.466667,0.872767,-0.028641,-0.044536,0.356420,0.000116,0.001447,9.873476,0.025148,4.985099,4.888376,0.217602,0.214866
4.500000,0.884685,-0.029168,-0.044485,0.359393,0.000095,0.001539,9.954299,0.025388,5.025972,4.928327,0.218753,0.215998
4.533333,0.896703,-0.029700,-0.044431,0.362371,0.000074,0.001630,10.035309,0.025627,5.066938,4.968371,0.219904,0.217129
4.566667,0.908820,-0.030236,-0.044373,0.365352,0.000053,0.001720,10.116501,0.025867,5.107995,5.008506,0.221055,0.218261
4.600000,0.921036,-0.030777,-0.044313,0.368338,0.000031,0.001810,10.197872,0.026107,5.149142,5.048731,0.222206,0.219393
4.633333,0.933351,-0.031322,-0.044250,0.371327,0.000010,0.001898,10.279418,0.026347,5.190376,5.089042,0.223357,0.220524
4.666667,0.945767,-0.031871,-0.044183,0.374319,-0.000012,0.001986,10.361135,0.026587,5.231696,5.129439,0.224507,0.221656
4.700000,0.958282,-0.032425,-0.044114,0.377315,-0.000034,0.002072,10.443018,0.026827,5.273100,5.169919,0.225657,0.222786
4.733333,0.970897,-0.032983,-0.044042,0.380314,-0.000056,0.002158,10.525065,0.027067,5.314585,5.210480,0.226806,0.223917
4.766667,0.983611,-0.033545,-0.043968,0.383315,-0.000078,0.002243,10.607271,0.027308,5.356150,5.251121,0.227955,0.225047
4.800000,0.996426,-0.034111,-0.043890,0.386320,-0.000101,0.002327,10.689632,0.027548,5.397793,5.291839,0.229103,0.226177
4.833333,1.009341,-0.034682,-0.043810,0.389326,-0.000123,0.002411,10.772144,0.027789,5.439512,5.332632,0.230251,0.227305
4.866667,1.022356,-0.035256,-0.043727,0.392335,-0.000146,0.002493,10.854803,0.028030,5.481304,5.373498,0.231398,0.228434
4.900000,1.035471,-0.035835,-0.043641,0.395345,-0.000169,0.002575,10.937605,0.028271,5.523169,5.414436,0.232544,0.229561
4.933333,1.048687,-0.036417,-0.043552,0.398358,-0.000192,0.002657,11.020545,0.028512,5.565103,5.455442,0.233689,0.230688
4.966667,1.062003,-0.037004,-0.043461,0.401372,-0.000215,0.002737,11.103619,0.028753,5.607104,5.496516,0.234833,0.231814
5.000000,1.075419,-0.037594,-0.043367,0.404387,-0.000238,0.002817,11.186824,0.028994,5.649170,5.537654,0.235977,0.232940
5.033333,1.088936,-0.038188,-0.043270,0.407403,-0.000261,0.002897,11.270154,0.029236,5.691300,5.578854,0.237119,0.234064
5.066667,1.102553,-0.038786,-0.043171,0.410420,-0.000285,0.002975,11.353606,0.029478,5.733491,5.620115,0.238261,0.235187
5.100000,1.116271,-0.039388,-0.043070,0.413439,-0.000308,0.003054,11.437175,0.029720,5.775741,5.661434,0.239401,0.236310
5.133333,1.130089,-0.039993,-0.042965,0.416457,-0.000332,0.003131,11.520856,0.029962,5.818047,5.702808,0.240540,0.237431
5.166667,1.144008,-0.040603,-0.042858,0.419476,-0.000356,0.003208,11.604645,0.030204,5.860408,5.744237,0.241678,0.238551
5.200000,1.158027,-0.041215,-0.042749,0.422495,-0.000380,0.003285,11.688537,0.030447,5.902821,5.785716,0.242814,0.239670
5.233333,1.172147,-0.041832,-0.042637,0.425514,-0.000404,0.003361,11.772528,0.030690,5.945283,5.827245,0.243950,0.240787
5.266667,1.186368,-0.042451,-0.042522,0.428533,-0.000429,0.003436,11.856614,0.030933,5.987794,5.868820,0.245083,0.241903
5.300000,1.200689,-0.043075,-0.042405,0.431551,-0.000453,0.003511,11.940789,0.031176,6.030349,5.910440,0.246216,0.243018
5.333333,1.215111,-0.043701,-0.042286,0.434569,-0.000478,0.003586,12.025049,0.031420,6.072948,5.952101,0.247346,0.244132
5.366667,1.229633,-0.044331,-0.042164,0.437586,-0.000503,0.003660,12.109389,0.031664,6.115587,5.993802,0.248476,0.245243
5.400000,1.244256,-0.044964,-0.042039,0.440602,-0.000528,0.003733,12.193805,0.031908,6.158264,6.035540,0.249603,0.246354
5.433333,1.258979,-0.045601,-0.041912,0.443616,-0.000553,0.003806,12.278291,0.032153,6.200978,6.077313,0.250729,0.247462
5.466667,1.273803,-0.046240,-0.041783,0.446630,-0.000578,0.003879,12.362843,0.032398,6.243725,6.119118,0.251853,0.248569
5.500000,1.288727,-0.046883,-0.041651,0.449641,-0.000604,0.003952,12.447456,0.032643,6.286502,6.160954,0.252976,0.249674
5.533333,1.303751,-0.047529,-0.041517,0.452651,-0.000629,0.004024,12.532125,0.032888,6.329309,6.202816,0.254096,0.250778
5.566667,1.318876,-0.048177,-0.041381,0.455659,-0.000655,0.004095,12.616845,0.033134,6.372142,6.244703,0.255215,0.251879
5.600000,1.334101,-0.048829,-0.041242,0.458665,-0.000681,0.004167,12.701611,0.033380,6.414998,6.286613,0.256332,0.252979
5.633333,1.349426,-0.049483,-0.041100,0.461669,-0.000707,0.004238,12.786418,0.033627,6.457876,6.328542,0.257446,0.254076
5.666667,1.364851,-0.050141,-0.040957,0.464670,-0.000733,0.004308,12.871262,0.033874,6.500773,6.370489,0.258559,0.255172
5.700000,1.380376,-0.050801,-0.040811,0.467668,-0.000760,0.004379,12.956136,0.034121,6.543685,6.412451,0.259669,0.256265
5.733333,1.396001,-0.051463,-0.040663,0.470663,-0.000786,0.004449,13.041036,0.034369,6.586612,6.454424,0.260777,0.257356
5.766667,1.411725,-0.052128,-0.040512,0.473656,-0.000813,0.004519,13.125957,0.034617,6.629549,6.496407,0.261883,0.258445
5.800000,1.427550,-0.052796,-0.040359,0.476645,-0.000840,0.004588,13.210893,0.034866,6.672496,6.538398,0.262986,0.259532
5.833333,1.443473,-0.053466,-0.040204,0.479631,-0.000867,0.004658,13.295840,0.035115,6.715448,6.580392,0.264088,0.260617
5.866667,1.459497,-0.054139,-0.040046,0.482613,-0.000894,0.004727,13.380792,0.035364,6.758404,6.622388,0.265186,0.261699
5.900000,1.475619,-0.054814,-0.039886,0.485592,-0.000921,0.004795,13.465744,0.035614,6.801361,6.664383,0.266283,0.262778
5.933333,1.491841,-0.055491,-0.039724,0.488566,-0.000949,0.004864,13.550690,0.035865,6.844315,6.706375,0.267376,0.263855
5.966667,1.508162,-0.056171,-0.039560,0.491536,-0.000977,0.004933,13.635626,0.036116,6.887266,6.748360,0.268468,0.264930
6.000000,1.524582,-0.056852,-0.039393,0.494503,-0.001005,0.005001,13.720545,0.036367,6.930210,6.790336,0.269556,0.266002
6.033333,1.541101,-0.057536,-0.039224,0.497464,-0.001033,0.005069,13.805443,0.036619,6.973143,6.832300,0.270642,0.267071
6.066667,1.557718,-0.058222,-0.039053,0.500421,-0.001061,0.005137,13.890315,0.036872,7.016065,6.874250,0.271725,0.268137
6.100000,1.574434,-0.058909,-0.038879,0.503374,-0.001089,0.005204,13.975154,0.037125,7.058971,6.916183,0.272805,0.269201
6.133333,1.591248,-0.059599,-0.038704,0.506321,-0.001118,0.005272,14.059956,0.037379,7.101860,6.958095,0.273883,0.270262
6.166667,1.608160,-0.060290,-0.038526,0.509263,-0.001147,0.005339,14.144714,0.037633,7.144729,6.999985,0.274957,0.271320
6.200000,1.625171,-0.060983,-0.038346,0.512200,-0.001175,0.005407,14.229424,0.037888,7.187574,7.041850,0.276029,0.272374
6.233333,1.642279,-0.061677,-0.038163,0.515132,-0.001205,0.005474,14.314079,0.038144,7.230394,7.083686,0.277097,0.273426
6.266667,1.659485,-0.062373,-0.037978,0.518058,-0.001234,0.005541,14.398675,0.038400,7.273184,7.125491,0.278162,0.274475
6.300000,1.676788,-0.063071,-0.037791,0.520978,-0.001263,0.005608,14.483206,0.038657,7.315944,7.167262,0.279225,0.275521
6.333333,1.694189,-0.063769,-0.037602,0.523892,-0.001293,0.005675,14.567666,0.038915,7.358670,7.208997,0.280284,0.276563
6.366667,1.711686,-0.064470,-0.037411,0.526800,-0.001323,0.005742,14.652050,0.039173,7.401358,7.250692,0.281340,0.277603
6.400000,1.729281,-0.065171,-0.037217,0.529702,-0.001353,0.005809,14.736352,0.039432,7.444007,7.292345,0.282392,0.278639
6.433333,1.746972,-0.065874,-0.037021,0.532597,-0.001383,0.005875,14.820566,0.039692,7.486614,7.333952,0.283441,0.279671
6.466667,1.764759,-0.066577,-0.036823,0.535486,-0.001413,0.005942,14.904687,0.039953,7.529176,7.375512,0.284487,0.280701
6.500000,1.782643,-0.067282,-0.036623,0.538368,-0.001444,0.006009,14.988710,0.040214,7.571689,7.417020,0.285530,0.281726
6.533333,1.800623,-0.067988,-0.036421,0.541243,-0.001475,0.006075,15.072627,0.040476,7.614152,7.458475,0.286569,0.282749
6.566667,1.818698,-0.068694,-0.036216,0.544112,-0.001506,0.006142,15.156435,0.040739,7.656562,7.499873,0.287604,0.283767
6.600000,1.836870,-0.069401,-0.036009,0.546973,-0.001537,0.006208,15.240126,0.041003,7.698915,7.541212,0.288636,0.284783
6.633333,1.855136,-0.070109,-0.035800,0.549826,-0.001568,0.006275,15.323696,0.041267,7.741208,7.582488,0.289664,0.285794
6.666667,1.873497,-0.070818,-0.035588,0.552672,-0.001600,0.006341,15.407139,0.041533,7.783440,7.623698,0.290688,0.286802
6.700000,1.891954,-0.071527,-0.035375,0.555511,-0.001631,0.006408,15.490448,0.041799,7.825607,7.664841,0.291709,0.287806
6.733333,1.910504,-0.072236,-0.035159,0.558342,-0.001663,0.006475,15.573619,0.042066,7.867706,7.705912,0.292726,0.288806
6.766667,1.929149,-0.072946,-0.034941,0.561164,-0.001695,0.006541,15.656644,0.042334,7.909735,7.746910,0.293739,0.289802
6.800000,1.947888,-0.073656,-0.034721,0.563979,-0.001728,0.006608,15.739520,0.042604,7.951690,7.787830,0.294748,0.290794
6.833333,1.966721,-0.074366,-0.034498,0.566785,-0.001760,0.006675,15.822239,0.042874,7.993569,7.828671,0.295753,0.291783
6.866667,1.985647,-0.075077,-0.034273,0.569583,-0.001793,0.006742,15.904797,0.043145,8.035369,7.869428,0.296754,0.292767
6.900000,2.004667,-0.075787,-0.034046,0.572373,-0.001826,0.006808,15.987187,0.043417,8.077087,7.910100,0.297751,0.293747
6.933333,2.023779,-0.076497,-0.033817,0.575154,-0.001859,0.006875,16.069403,0.043690,8.118720,7.950683,0.298745,0.294724
6.966667,2.042984,-0.077207,-0.033586,0.577926,-0.001892,0.006942,16.151440,0.043964,8.160265,7.991174,0.299733,0.295696
7.000000,2.062282,-0.077917,-0.033352,0.580689,-0.001926,0.007009,16.233291,0.044239,8.201720,8.031571,0.300718,0.296663
7.033333,2.081671,-0.078626,-0.033116,0.583443,-0.001960,0.007077,16.314952,0.044515,8.243081,8.071871,0.301699,0.297627
7.066667,2.101152,-0.079335,-0.032878,0.586187,-0.001993,0.007144,16.396416,0.044792,8.284347,8.112069,0.302675,0.298586
7.100000,2.120724,-0.080044,-0.032638,0.588923,-0.002028,0.007211,16.477677,0.045070,8.325513,8.152165,0.303647,0.299541
7.133333,2.140388,-0.080752,-0.032395,0.591648,-0.002062,0.007279,16.558730,0.045350,8.366576,8.192154,0.304615,0.300491
7.166667,2.160142,-0.081459,-0.032150,0.594365,-0.002097,0.007346,16.639569,0.045631,8.407535,8.232033,0.305578,0.301437
7.200000,2.179987,-0.082165,-0.031903,0.597071,-0.002131,0.007414,16.720187,0.045912,8.448387,8.271800,0.306537,0.302378
7.233333,2.199922,-0.082870,-0.031654,0.599768,-0.002166,0.007482,16.800580,0.046195,8.489127,8.311452,0.307491,0.303315
7.266667,2.219947,-0.083575,-0.031402,0.602454,-0.002202,0.007550,16.880741,0.046480,8.529754,8.350986,0.308441,0.304248
7.300000,2.240061,-0.084278,-0.031148,0.605130,-0.002237,0.007618,16.960664,0.046765,8.570265,8.390399,0.309386,0.305175
7.333333,2.260265,-0.084980,-0.030892,0.607796,-0.002273,0.007687,17.040344,0.047052,8.610657,8.429687,0.310326,0.306098
7.366667,2.280557,-0.085681,-0.030633,0.610452,-0.002309,0.007755,17.119775,0.047340,8.650926,8.468849,0.311262,0.307016
7.400000,2.300938,-0.086381,-0.030373,0.613097,-0.002345,0.007824,17.198951,0.047629,8.691070,8.507880,0.312193,0.307930
7.433333,2.321406,-0.087079,-0.030110,0.615731,-0.002381,0.007893,17.277866,0.047920,8.731087,8.546779,0.313120,0.308838
7.466667,2.341963,-0.087775,-0.029844,0.618354,-0.002418,0.007962,17.356514,0.048212,8.770973,8.585541,0.314041,0.309742
7.500000,2.362607,-0.088470,-0.029576,0.620967,-0.002455,0.008031,17.434890,0.048506,8.810725,8.624165,0.314958,0.310640
7.533333,2.383338,-0.089163,-0.029306,0.623568,-0.002492,0.008101,17.512988,0.048800,8.850341,8.662647,0.315870,0.311534
7.566667,2.404155,-0.089854,-0.029034,0.626159,-0.002529,0.008171,17.590802,0.049097,8.889818,8.700984,0.316777,0.312423
7.600000,2.425059,-0.090543,-0.028759,0.628737,-0.002567,0.008240,17.668326,0.049394,8.929152,8.739174,0.317679,0.313307
7.633333,2.446049,-0.091230,-0.028482,0.631305,-0.002604,0.008311,17.745555,0.049694,8.968342,8.777213,0.318576,0.314185
7.666667,2.467124,-0.091915,-0.028203,0.633861,-0.002642,0.008381,17.822483,0.049994,9.007384,8.815098,0.319468,0.315059
7.700000,2.488284,-0.092598,-0.027921,0.636405,-0.002680,0.008452,17.899104,0.050297,9.046276,8.852828,0.320355,0.315927
7.733333,2.509529,-0.093278,-0.027637,0.638937,-0.002719,0.008522,17.975412,0.050600,9.085014,8.890398,0.321236,0.316790
7.766667,2.530858,-0.093956,-0.027351,0.641458,-0.002758,0.008594,18.051402,0.050906,9.123596,8.927805,0.322113,0.317648
7.800000,2.552272,-0.094631,-0.027062,0.643966,-0.002797,0.008665,18.127067,0.051213,9.162019,8.965048,0.322984,0.318500
7.833333,2.573769,-0.095304,-0.026771,0.646463,-0.002836,0.008737,18.202403,0.051521,9.200281,9.002122,0.323851,0.319348
7.866667,2.595349,-0.095974,-0.026477,0.648947,-0.002875,0.008808,18.277404,0.051831,9.238378,9.039026,0.324711,0.320189
7.900000,2.617011,-0.096641,-0.026181,0.651419,-0.002915,0.008881,18.352064,0.052143,9.276307,9.075756,0.325567,0.321026
7.933333,2.638756,-0.097305,-0.025883,0.653878,-0.002955,0.008953,18.426377,0.052457,9.314067,9.112310,0.326417,0.321857
7.966667,2.660583,-0.097966,-0.025582,0.656324,-0.002995,0.009026,18.500338,0.052772,9.351654,9.148684,0.327262,0.322682
8.000000,2.682492,-0.098624,-0.025278,0.658758,-0.003035,0.009099,18.573940,0.053089,9.389065,9.184875,0.328102,0.323502
8.033333,2.704481,-0.099278,-0.024973,0.661180,-0.003076,0.009172,18.647180,0.053408,9.426298,9.220882,0.328936,0.324316
8.066667,2.726551,-0.099929,-0.024664,0.663588,-0.003117,0.009246,18.720051,0.053729,9.463350,9.256700,0.329764,0.325125
8.100000,2.748702,-0.100577,-0.024354,0.665983,-0.003158,0.009320,18.792547,0.054051,9.500219,9.292328,0.330587,0.325928
8.133333,2.770932,-0.101221,-0.024041,0.668365,-0.003200,0.009394,18.864663,0.054376,9.536900,9.327762,0.331404,0.326725
8.166667,2.793241,-0.101861,-0.023725,0.670734,-0.003241,0.009469,18.936394,0.054702,9.573393,9.363000,0.332216,0.327517
8.200000,2.815630,-0.102498,-0.023407,0.673089,-0.003283,0.009544,19.007733,0.055030,9.609694,9.398039,0.333023,0.328303
8.233333,2.838096,-0.103130,-0.023086,0.675431,-0.003326,0.009619,19.078677,0.055361,9.645801,9.432876,0.333823,0.329083
8.266667,2.860641,-0.103759,-0.022763,0.677760,-0.003368,0.009695,19.149218,0.055693,9.681711,9.467508,0.334618,0.329857
8.300000,2.883263,-0.104383,-0.022437,0.680075,-0.003411,0.009771,19.219353,0.056027,9.717421,9.501932,0.335407,0.330625
8.333333,2.905963,-0.105003,-0.022109,0.682376,-0.003454,0.009847,19.289074,0.056363,9.752928,9.536146,0.336191,0.331388
8.366667,2.928739,-0.105619,-0.021778,0.684663,-0.003497,0.009924,19.358379,0.056702,9.788231,9.570148,0.336968,0.332144
8.400000,2.951591,-0.106230,-0.021445,0.686936,-0.003541,0.010001,19.427259,0.057042,9.823326,9.603934,0.337740,0.332895
8.433333,2.974519,-0.106837,-0.021109,0.689196,-0.003585,0.010078,19.495712,0.057384,9.858211,9.637501,0.338506,0.333639
8.466667,2.997522,-0.107439,-0.020771,0.691441,-0.003629,0.010156,19.563731,0.057729,9.892883,9.670848,0.339266,0.334378
8.500000,3.020600,-0.108036,-0.020429,0.693672,-0.003673,0.010234,19.631310,0.058076,9.927340,9.703970,0.340020,0.335110
8.533333,3.043752,-0.108629,-0.020086,0.695888,-0.003718,0.010313,19.698446,0.058425,9.961579,9.736867,0.340769,0.335836
8.566667,3.066978,-0.109216,-0.019739,0.698090,-0.003763,0.010392,19.765133,0.058777,9.995598,9.769534,0.341511,0.336557
8.600000,3.090277,-0.109798,-0.019390,0.700278,-0.003808,0.010472,19.831365,0.059130,10.029395,9.801970,0.342247,0.337271
8.633333,3.113649,-0.110375,-0.019039,0.702451,-0.003854,0.010551,19.897138,0.059486,10.062966,9.834172,0.342977,0.337978
8.666667,3.137094,-0.110946,-0.018684,0.704610,-0.003899,0.010632,19.962446,0.059845,10.096309,9.866137,0.343702,0.338680
8.700000,3.160610,-0.111512,-0.018327,0.706753,-0.003946,0.010713,20.027285,0.060206,10.129422,9.897863,0.344420,0.339375
8.733333,3.184198,-0.112073,-0.017967,0.708882,-0.003992,0.010794,20.091649,0.060569,10.162303,9.929346,0.345132,0.340064
8.766667,3.207856,-0.112627,-0.017605,0.710996,-0.004039,0.010875,20.155534,0.060934,10.194949,9.960586,0.345838,0.340747
8.800000,3.231585,-0.113176,-0.017240,0.713095,-0.004086,0.010957,20.218935,0.061303,10.227357,9.991578,0.346538,0.341423
8.833333,3.255384,-0.113719,-0.016872,0.715179,-0.004133,0.011040,20.281846,0.061673,10.259525,10.022321,0.347231,0.342093
8.866667,3.279252,-0.114256,-0.016501,0.717247,-0.004180,0.011123,20.344263,0.062046,10.291452,10.052811,0.347918,0.342757
8.900000,3.303189,-0.114787,-0.016127,0.719300,-0.004228,0.011207,20.406182,0.062422,10.323134,10.083048,0.348600,0.343414
8.933333,3.327194,-0.115311,-0.015751,0.721338,-0.004276,0.011290,20.467596,0.062801,10.354569,10.113027,0.349275,0.344064
8.966667,3.351268,-0.115829,-0.015372,0.723361,-0.004325,0.011375,20.528503,0.063182,10.385755,10.142748,0.349943,0.344708
9.000000,3.375408,-0.116341,-0.014990,0.725368,-0.004374,0.011460,20.588896,0.063566,10.416690,10.172206,0.350605,0.345346
9.033333,3.399616,-0.116846,-0.014605,0.727359,-0.004423,0.011545,20.648772,0.063952,10.447372,10.201401,0.351261,0.345977
9.066667,3.423889,-0.117344,-0.014217,0.729335,-0.004472,0.011631,20.708126,0.064342,10.477797,10.230329,0.351911,0.346602
9.100000,3.448229,-0.117835,-0.013827,0.731295,-0.004522,0.011718,20.766953,0.064734,10.507965,10.258988,0.352554,0.347220
9.133333,3.472633,-0.118319,-0.013433,0.733239,-0.004572,0.011805,20.825249,0.065129,10.537873,10.287376,0.353191,0.347831
9.166667,3.497102,-0.118796,-0.013037,0.735168,-0.004622,0.011892,20.883008,0.065527,10.567518,10.315491,0.353822,0.348435
9.200000,3.521636,-0.119266,-0.012637,0.737080,-0.004673,0.011980,20.940228,0.065928,10.596899,10.343329,0.354446,0.349033
9.233333,3.546233,-0.119729,-0.012235,0.738976,-0.004724,0.012069,20.996903,0.066332,10.626013,10.370890,0.355063,0.349625
9.266667,3.570893,-0.120184,-0.011830,0.740856,-0.004775,0.012158,21.053030,0.066739,10.654859,10.398171,0.355674,0.350209
9.300000,3.595616,-0.120631,-0.011421,0.742720,-0.004826,0.012248,21.108603,0.067149,10.683434,10.425169,0.356279,0.350787
9.333333,3.620401,-0.121071,-0.011010,0.744568,-0.004878,0.012338,21.163619,0.067562,10.711736,10.451883,0.356877,0.351358
9.366667,3.645247,-0.121503,-0.010596,0.746400,-0.004930,0.012429,21.218074,0.067978,10.739764,10.478310,0.357468,0.351922
9.400000,3.670154,-0.121927,-0.010179,0.748215,-0.004983,0.012520,21.271962,0.068397,10.767514,10.504448,0.358053,0.352479
9.433333,3.695122,-0.122343,-0.009758,0.750014,-0.005036,0.012612,21.325281,0.068820,10.794987,10.530295,0.358632,0.353030
9.466667,3.720150,-0.122750,-0.009335,0.751796,-0.005089,0.012704,21.378027,0.069246,10.822178,10.555849,0.359204,0.353574
9.500000,3.745236,-0.123150,-0.008908,0.753562,-0.005142,0.012797,21.430194,0.069675,10.849087,10.581107,0.359769,0.354110
9.533333,3.770382,-0.123541,-0.008478,0.755311,-0.005196,0.012891,21.481780,0.070107,10.875712,10.606068,0.360327,0.354640
9.566667,3.795585,-0.123923,-0.008046,0.757043,-0.005251,0.012986,21.532780,0.070543,10.902050,10.630730,0.360879,0.355163
9.600000,3.820847,-0.124297,-0.007610,0.758759,-0.005305,0.013080,21.583191,0.070982,10.928100,10.655091,0.361425,0.355679
9.633333,3.846165,-0.124662,-0.007170,0.760457,-0.005360,0.013176,21.633009,0.071425,10.953861,10.679148,0.361963,0.356188
9.666667,3.871540,-0.125018,-0.006728,0.762139,-0.005415,0.013272,21.682230,0.071871,10.979329,10.702900,0.362495,0.356690
9.700000,3.896970,-0.125364,-0.006282,0.763804,-0.005471,0.013369,21.730850,0.072321,11.004504,10.726345,0.363020,0.357185
9.733333,3.922457,-0.125702,-0.005833,0.765453,-0.005526,0.013467,21.778866,0.072775,11.029384,10.749481,0.363539,0.357673
9.766667,3.947997,-0.126030,-0.005381,0.767084,-0.005583,0.013565,21.826274,0.073232,11.053968,10.772306,0.364051,0.358154
9.800000,3.973593,-0.126349,-0.004926,0.768698,-0.005639,0.013663,21.873071,0.073693,11.078252,10.794819,0.364556,0.358628
9.833333,3.999241,-0.126659,-0.004467,0.770295,-0.005696,0.013763,21.919254,0.074157,11.102237,10.817017,0.365054,0.359095
9.866667,4.024943,-0.126958,-0.004005,0.771874,-0.005753,0.013863,21.964818,0.074626,11.125920,10.838898,0.365545,0.359555
9.900000,4.050697,-0.127248,-0.003540,0.773437,-0.005811,0.013964,22.009761,0.075098,11.149299,10.860461,0.366030,0.360008
9.933333,4.076504,-0.127528,-0.003071,0.774982,-0.005869,0.014065,22.054079,0.075574,11.172374,10.881705,0.366508,0.360453
9.966667,4.102361,-0.127798,-0.002598,0.776510,-0.005927,0.014168,22.097769,0.076054,11.195142,10.902627,0.366979,0.360891
10.000000,4.128270,-0.128058,-0.002123,0.778020,-0.005986,0.014270,22.140828,0.076538,11.217603,10.923226,0.367443,0.361323
10.033333,4.154228,-0.128307,-0.001644,0.779514,-0.006045,0.014374,22.183253,0.077026,11.239754,10.943500,0.367901,0.361747
10.066667,4.180236,-0.128546,-0.001161,0.780989,-0.006105,0.014478,22.225041,0.077518,11.261594,10.963447,0.368351,0.362163
10.100000,4.206293,-0.128775,-0.000675,0.782447,-0.006164,0.014583,22.266189,0.078014,11.283122,10.983067,0.368795,0.362573
10.133333,4.232399,-0.128992,-0.000185,0.783888,-0.006225,0.014689,22.306693,0.078515,11.304337,11.002356,0.369232,0.362976
10.166667,4.258552,-0.129199,0.000308,0.785311,-0.006285,0.014796,22.346552,0.079020,11.325237,11.021315,0.369662,0.363371
10.200000,4.284753,-0.129395,0.000805,0.786716,-0.006346,0.014903,22.385762,0.079529,11.345820,11.039941,0.370085,0.363759
10.233333,4.311000,-0.129580,0.001305,0.788104,-0.006407,0.015011,22.424320,0.080042,11.366087,11.058233,0.370501,0.364139
10.266667,4.337293,-0.129754,0.001809,0.789474,-0.006469,0.015120,22.462224,0.080560,11.386034,11.076189,0.370910,0.364513
10.300000,4.363632,-0.129916,0.002317,0.790827,-0.006531,0.015230,22.499471,0.081082,11.405662,11.093809,0.371313,0.364879
10.333333,4.390016,-0.130067,0.002828,0.792161,-0.006593,0.015340,22.536059,0.081609,11.424969,11.111090,0.371708,0.365238
10.366667,4.416444,-0.130206,0.003343,0.793478,-0.006656,0.015451,22.571985,0.082140,11.443954,11.128032,0.372097,0.365589
10.400000,4.442915,-0.130334,0.003862,0.794777,-0.006719,0.015563,22.607247,0.082676,11.462615,11.144632,0.372479,0.365933
10.433333,4.469430,-0.130450,0.004384,0.796058,-0.006783,0.015676,22.641843,0.083216,11.480952,11.160890,0.372853,0.366270
10.466667,4.495987,-0.130553,0.004911,0.797321,-0.006847,0.015789,22.675769,0.083761,11.498964,11.176805,0.373221,0.366599
10.500000,4.522586,-0.130645,0.005441,0.798566,-0.006911,0.015904,22.709024,0.084311,11.516650,11.192375,0.373582,0.366922
10.533333,4.549226,-0.130724,0.005975,0.799793,-0.006976,0.016019,22.741607,0.084866,11.534008,11.207599,0.373936,0.367236
10.566667,4.575907,-0.130791,0.006513,0.801003,-0.007041,0.016135,22.773513,0.085426,11.551037,11.222476,0.374283,0.367544
10.600000,4.602628,-0.130846,0.007054,0.802194,-0.007106,0.016252,22.804743,0.085991,11.567738,11.237005,0.374623,0.367844
10.633333,4.629389,-0.130888,0.007600,0.803367,-0.007172,0.016370,22.835293,0.086560,11.584109,11.251184,0.374956,0.368136
10.666667,4.656188,-0.130917,0.008150,0.804522,-0.007238,0.016489,22.865161,0.087135,11.600148,11.265013,0.375282,0.368422
10.700000,4.683026,-0.130933,0.008703,0.805659,-0.007305,0.016608,22.894347,0.087715,11.615856,11.278491,0.375601,0.368699
10.733333,4.709901,-0.130936,0.009261,0.806778,-0.007372,0.016729,22.922848,0.088300,11.631232,11.291616,0.375914,0.368970
10.766667,4.736813,-0.130927,0.009823,0.807879,-0.007440,0.016850,22.950662,0.088890,11.646274,11.304388,0.376219,0.369233
10.800000,4.763761,-0.130903,0.010388,0.808961,-0.007508,0.016972,22.977788,0.089486,11.660983,11.316806,0.376517,0.369488
10.833333,4.790746,-0.130867,0.010958,0.810025,-0.007576,0.017095,23.004225,0.090087,11.675357,11.328868,0.376809,0.369736
10.866667,4.817765,-0.130817,0.011532,0.811072,-0.007645,0.017219,23.029970,0.090693,11.689395,11.340575,0.377093,0.369977
10.900000,4.844819,-0.130753,0.012110,0.812100,-0.007714,0.017344,23.055023,0.091305,11.703098,11.351924,0.377370,0.370210
10.933333,4.871907,-0.130675,0.012693,0.813109,-0.007783,0.017470,23.079382,0.091923,11.716465,11.362917,0.377641,0.370436
10.966667,4.899028,-0.130584,0.013279,0.814101,-0.007853,0.017597,23.103045,0.092546,11.729495,11.373550,0.377904,0.370654
11.000000,4.926182,-0.130478,0.013870,0.815074,-0.007924,0.017725,23.126013,0.093174,11.742188,11.383825,0.378161,0.370865
11.033333,4.953369,-0.130358,0.014465,0.816029,-0.007995,0.017854,23.148282,0.093809,11.754543,11.393739,0.378410,0.371068
11.066667,4.980586,-0.130224,0.015065,0.816966,-0.008066,0.017984,23.169853,0.094449,11.766560,11.403294,0.378653,0.371264
11.100000,5.007835,-0.130075,0.015668,0.817884,-0.008138,0.018114,23.190725,0.095095,11.778238,11.412487,0.378889,0.371453
11.133333,5.035113,-0.129912,0.016277,0.818784,-0.008210,0.018246,23.210896,0.095747,11.789577,11.421318,0.379117,0.371634
11.166667,5.062422,-0.129734,0.016889,0.819666,-0.008282,0.018379,23.230365,0.096405,11.800578,11.429788,0.379339,0.371807
11.200000,5.089759,-0.129541,0.017506,0.820529,-0.008355,0.018513,23.249133,0.097069,11.811238,11.437894,0.379554,0.371973
11.233333,5.117125,-0.129333,0.018128,0.821374,-0.008429,0.018648,23.267197,0.097740,11.821560,11.445638,0.379762,0.372131
11.266667,5.144518,-0.129110,0.018754,0.822201,-0.008502,0.018783,23.284559,0.098416,11.831541,11.453017,0.379963,0.372282
11.300000,5.171939,-0.128872,0.019385,0.823010,-0.008577,0.018920,23.301216,0.099099,11.841182,11.460033,0.380157,0.372426
11.333333,5.199386,-0.128618,0.020020,0.823800,-0.008651,0.019058,23.317168,0.099788,11.850484,11.466684,0.380344,0.372562
11.366667,5.226859,-0.128349,0.020660,0.824571,-0.008726,0.019197,23.332416,0.100483,11.859445,11.472971,0.380524,0.372690
11.400000,5.254358,-0.128064,0.021305,0.825325,-0.008802,0.019337,23.346958,0.101185,11.868066,11.478892,0.380697,0.372811
11.433333,5.281881,-0.127764,0.021954,0.826060,-0.008878,0.019478,23.360795,0.101894,11.876347,11.484448,0.380864,0.372925
11.466667,5.309428,-0.127447,0.022608,0.826776,-0.008955,0.019621,23.373926,0.102609,11.884287,11.489638,0.381023,0.373031
11.500000,5.336998,-0.127115,0.023267,0.827475,-0.009032,0.019764,23.386351,0.103330,11.891888,11.494463,0.381176,0.373129
11.533333,5.364592,-0.126766,0.023930,0.828155,-0.009109,0.019909,23.398070,0.104059,11.899148,11.498922,0.381322,0.373220
11.566667,5.392207,-0.126400,0.024599,0.828816,-0.009187,0.020054,23.409083,0.104794,11.906069,11.503014,0.381461,0.373304
11.600000,5.419844,-0.126019,0.025272,0.829460,-0.009265,0.020201,23.419391,0.105536,11.912650,11.506741,0.381593,0.373380
11.633333,5.447502,-0.125621,0.025950,0.830085,-0.009344,0.020349,23.428992,0.106286,11.918892,11.510101,0.381718,0.373448
11.666667,5.475181,-0.125206,0.026634,0.830691,-0.009423,0.020498,23.437889,0.107042,11.924794,11.513095,0.381836,0.373510
11.700000,5.502879,-0.124774,0.027322,0.831280,-0.009503,0.020648,23.446080,0.107805,11.930358,11.515722,0.381948,0.373563
11.733333,5.530596,-0.124325,0.028015,0.831850,-0.009583,0.020799,23.453567,0.108576,11.935583,11.517984,0.382053,0.373609
11.766667,5.558331,-0.123859,0.028714,0.832401,-0.009663,0.020952,23.460349,0.109353,11.940469,11.519880,0.382151,0.373648
11.800000,5.586084,-0.123376,0.029417,0.832935,-0.009745,0.021106,23.466428,0.110138,11.945019,11.521409,0.382242,0.373679
11.833333,5.613855,-0.122875,0.030126,0.833450,-0.009826,0.021260,23.471803,0.110931,11.949230,11.522573,0.382326,0.373703
11.866667,5.641642,-0.122357,0.030840,0.833947,-0.009908,0.021417,23.476477,0.111731,11.953105,11.523371,0.382404,0.373719
11.900000,5.669445,-0.121821,0.031559,0.834426,-0.009991,0.021574,23.480448,0.112538,11.956644,11.523804,0.382475,0.373728
11.933333,5.697264,-0.121267,0.032283,0.834886,-0.010074,0.021733,23.483719,0.113354,11.959847,11.523872,0.382539,0.373729
11.966667,5.725097,-0.120695,0.033013,0.835329,-0.010157,0.021893,23.486290,0.114176,11.962715,11.523575,0.382596,0.373723
12.000000,5.752944,-0.120106,0.033748,0.835753,-0.010241,0.022054,23.488163,0.115007,11.965249,11.522914,0.382647,0.373710
12.033333,5.780805,-0.119498,0.034489,0.836159,-0.010325,0.022216,23.489337,0.115845,11.967448,11.521889,0.382691,0.373689
12.066667,5.808678,-0.118871,0.035235,0.836547,-0.010410,0.022380,23.489815,0.116692,11.969315,11.520500,0.382728,0.373661
12.100000,5.836564,-0.118227,0.035986,0.836916,-0.010496,0.022545,23.489597,0.117546,11.970849,11.518748,0.382759,0.373625
12.133333,5.864462,-0.117563,0.036743,0.837268,-0.010581,0.022711,23.488686,0.118409,11.972052,11.516634,0.382783,0.373582
12.166667,5.892370,-0.116881,0.037506,0.837601,-0.010668,0.022879,23.487081,0.119279,11.972924,11.514157,0.382800,0.373531
12.200000,5.920289,-0.116180,0.038274,0.837917,-0.010755,0.023048,23.484785,0.120158,11.973466,11.511319,0.382811,0.373473
12.233333,5.948217,-0.115460,0.039048,0.838214,-0.010842,0.023218,23.481799,0.121046,11.973680,11.508120,0.382816,0.373408
12.266667,5.976155,-0.114721,0.039828,0.838494,-0.010930,0.023389,23.478125,0.121941,11.973565,11.504560,0.382813,0.373335
12.300000,6.004102,-0.113962,0.040613,0.838755,-0.011018,0.023562,23.473765,0.122845,11.973123,11.500642,0.382804,0.373255
12.333333,6.032056,-0.113184,0.041404,0.838999,-0.011107,0.023737,23.468719,0.123758,11.972356,11.496364,0.382789,0.373168
12.366667,6.060017,-0.112387,0.042201,0.839225,-0.011196,0.023913,23.462991,0.124679,11.971263,11.491728,0.382767,0.373073
12.400000,6.087986,-0.111570,0.043004,0.839433,-0.011286,0.024090,23.456581,0.125609,11.969847,11.486735,0.382739,0.372971
12.433333,6.115960,-0.110733,0.043813,0.839623,-0.011376,0.024268,23.449493,0.126548,11.968108,11.481385,0.382704,0.372862
12.466667,6.143940,-0.109876,0.044628,0.839795,-0.011467,0.024448,23.441727,0.127495,11.966047,11.475680,0.382663,0.372746
12.500000,6.171924,-0.108999,0.045449,0.839949,-0.011558,0.024630,23.433286,0.128452,11.963666,11.469620,0.382615,0.372622
12.533333,6.199913,-0.108101,0.046276,0.840086,-0.011650,0.024812,23.424172,0.129418,11.960966,11.463206,0.382561,0.372491
12.566667,6.227906,-0.107183,0.047110,0.840205,-0.011743,0.024997,23.414387,0.130392,11.957948,11.456439,0.382501,0.372352
12.600000,6.255901,-0.106245,0.047949,0.840306,-0.011835,0.025183,23.403934,0.131376,11.954614,11.449321,0.382434,0.372207
12.633333,6.283899,-0.105286,0.048795,0.840390,-0.011929,0.025370,23.392816,0.132369,11.950964,11.441852,0.382361,0.372054
12.666667,6.311899,-0.104307,0.049647,0.840456,-0.012023,0.025558,23.381034,0.133372,11.947001,11.434033,0.382281,0.371894
12.700000,6.339900,-0.103306,0.050505,0.840505,-0.012117,0.025749,23.368591,0.134384,11.942725,11.425866,0.382196,0.371727
12.733333,6.367902,-0.102285,0.051370,0.840536,-0.012212,0.025940,23.355490,0.135405,11.938139,11.417351,0.382104,0.371552
12.766667,6.395904,-0.101242,0.052241,0.840549,-0.012307,0.026134,23.341733,0.136436,11.933243,11.408490,0.382006,0.371371
12.800000,6.423905,-0.100178,0.053118,0.840546,-0.012403,0.026328,23.327324,0.137476,11.928039,11.399284,0.381901,0.371182
12.833333,6.451905,-0.099093,0.054002,0.840525,-0.012500,0.026525,23.312264,0.138527,11.922529,11.389735,0.381791,0.370986
12.866667,6.479903,-0.097986,0.054893,0.840486,-0.012597,0.026723,23.296558,0.139587,11.916715,11.379843,0.381674,0.370783
12.900000,6.507899,-0.096857,0.055791,0.840431,-0.012694,0.026922,23.280208,0.140657,11.910597,11.369610,0.381552,0.370573
12.933333,6.535892,-0.095706,0.056695,0.840358,-0.012792,0.027123,23.263216,0.141737,11.904178,11.359038,0.381423,0.370356
12.966667,6.563881,-0.094534,0.057606,0.840268,-0.012891,0.027326,23.245587,0.142826,11.897460,11.348127,0.381288,0.370132
13.000000,6.591866,-0.093339,0.058523,0.840161,-0.012990,0.027530,23.227324,0.143926,11.890443,11.336880,0.381147,0.369901
13.033333,6.619846,-0.092122,0.059448,0.840037,-0.013089,0.027736,23.208429,0.145037,11.883131,11.325298,0.381000,0.369663
13.066667,6.647821,-0.090883,0.060379,0.839896,-0.013189,0.027944,23.188905,0.146157,11.875524,11.313381,0.380847,0.369418
13.100000,6.675790,-0.089621,0.061318,0.839738,-0.013290,0.028153,23.168758,0.147288,11.867625,11.301133,0.380689,0.369166
13.133333,6.703752,-0.088337,0.062263,0.839563,-0.013391,0.028363,23.147989,0.148429,11.859435,11.288554,0.380524,0.368907
13.166667,6.731708,-0.087029,0.063216,0.839371,-0.013493,0.028576,23.126603,0.149581,11.850957,11.275646,0.380353,0.368641
13.200000,6.759655,-0.085699,0.064175,0.839162,-0.013595,0.028790,23.104603,0.150743,11.842192,11.262411,0.380177,0.368368
13.233333,6.787595,-0.084346,0.065142,0.838937,-0.013698,0.029006,23.081993,0.151916,11.833142,11.248850,0.379995,0.368088
13.266667,6.815525,-0.082970,0.066116,0.838695,-0.013801,0.029223,23.058776,0.153099,11.823810,11.234966,0.379807,0.367802
13.300000,6.843446,-0.081570,0.067098,0.838437,-0.013905,0.029443,23.034957,0.154294,11.814197,11.220760,0.379614,0.367508
13.333333,6.871357,-0.080147,0.068086,0.838162,-0.014010,0.029664,23.010539,0.155499,11.804306,11.206233,0.379414,0.367208
13.366667,6.899257,-0.078700,0.069083,0.837871,-0.014114,0.029886,22.985526,0.156715,11.794138,11.191388,0.379209,0.366901
13.400000,6.927147,-0.077230,0.070086,0.837563,-0.014220,0.030111,22.959923,0.157942,11.783696,11.176227,0.378999,0.366588
13.433333,6.955024,-0.075735,0.071098,0.837239,-0.014326,0.030337,22.933733,0.159180,11.772982,11.160752,0.378783,0.366267
13.466667,6.982889,-0.074217,0.072116,0.836899,-0.014432,0.030565,22.906961,0.160429,11.761998,11.144963,0.378561,0.365940
13.500000,7.010741,-0.072675,0.073143,0.836542,-0.014539,0.030795,22.879611,0.161689,11.750746,11.128865,0.378334,0.365606
13.533333,7.038580,-0.071108,0.074177,0.836169,-0.014647,0.031026,22.851687,0.162961,11.739229,11.112458,0.378101,0.365266
13.566667,7.066405,-0.069518,0.075219,0.835781,-0.014755,0.031259,22.823194,0.164243,11.727449,11.095744,0.377863,0.364919
13.600000,7.094215,-0.067902,0.076269,0.835376,-0.014864,0.031494,22.794135,0.165537,11.715409,11.078726,0.377619,0.364565
13.633333,7.122010,-0.066262,0.077327,0.834956,-0.014973,0.031731,22.764517,0.166843,11.703110,11.061406,0.377371,0.364205
13.666667,7.149789,-0.064597,0.078392,0.834520,-0.015083,0.031970,22.734342,0.168160,11.690555,11.043787,0.377116,0.363839
13.700000,7.177552,-0.062908,0.079466,0.834068,-0.015193,0.032211,22.703616,0.169488,11.677747,11.025869,0.376857,0.363466
13.733333,7.205299,-0.061193,0.080548,0.833600,-0.015304,0.032453,22.672344,0.170828,11.664688,11.007656,0.376592,0.363086
13.766667,7.233027,-0.059453,0.081638,0.833117,-0.015415,0.032698,22.640531,0.172180,11.651381,10.989150,0.376323,0.362700
13.800000,7.260738,-0.057688,0.082736,0.832618,-0.015527,0.032944,22.608180,0.173543,11.637827,10.970353,0.376048,0.362308
13.833333,7.288431,-0.055897,0.083842,0.832104,-0.015639,0.033192,22.575298,0.174918,11.624030,10.951267,0.375767,0.361909
13.866667,7.316104,-0.054081,0.084957,0.831574,-0.015752,0.033442,22.541888,0.176305,11.609992,10.931896,0.375482,0.361504
13.900000,7.343758,-0.052239,0.086080,0.831030,-0.015866,0.033694,22.507957,0.177704,11.595716,10.912241,0.375192,0.361093
13.933333,7.371392,-0.050372,0.087212,0.830470,-0.015980,0.033948,22.473509,0.179114,11.581205,10.892304,0.374897,0.360675
13.966667,7.399005,-0.048478,0.088352,0.829895,-0.016094,0.034203,22.438549,0.180536,11.566460,10.872089,0.374597,0.360251
14.000000,7.426597,-0.046559,0.089500,0.829305,-0.016209,0.034461,22.403083,0.181971,11.551485,10.851598,0.374292,0.359822
14.033333,7.454167,-0.044613,0.090658,0.828700,-0.016325,0.034721,22.367116,0.183417,11.536283,10.830833,0.373982,0.359385
14.066667,7.481715,-0.042641,0.091824,0.828081,-0.016441,0.034982,22.330653,0.184875,11.520855,10.809797,0.373668,0.358943
14.100000,7.509240,-0.040642,0.092999,0.827446,-0.016558,0.035246,22.293700,0.186345,11.505206,10.788493,0.373349,0.358495
14.133333,7.536742,-0.038617,0.094182,0.826797,-0.016675,0.035511,22.256261,0.187828,11.489337,10.766924,0.373025,0.358041
14.166667,7.564220,-0.036565,0.095375,0.826134,-0.016793,0.035779,22.218344,0.189322,11.473252,10.745091,0.372696,0.357581
14.200000,7.591674,-0.034487,0.096577,0.825456,-0.016911,0.036048,22.179953,0.190828,11.456954,10.722999,0.372363,0.357115
14.233333,7.619103,-0.032381,0.097787,0.824764,-0.017030,0.036320,22.141093,0.192347,11.440444,10.700649,0.372025,0.356643
14.266667,7.646506,-0.030248,0.099007,0.824057,-0.017149,0.036593,22.101771,0.193877,11.423727,10.678045,0.371683,0.356165
14.300000,7.673884,-0.028088,0.100236,0.823337,-0.017269,0.036868,22.061993,0.195420,11.406804,10.655189,0.371336,0.355681
14.333333,7.701235,-0.025901,0.101474,0.822602,-0.017389,0.037146,22.021764,0.196975,11.389680,10.632084,0.370985,0.355192
14.366667,7.728559,-0.023686,0.102722,0.821853,-0.017510,0.037425,21.981089,0.198542,11.372356,10.608733,0.370630,0.354697
14.400000,7.755856,-0.021444,0.103979,0.821091,-0.017631,0.037707,21.939976,0.200121,11.354837,10.585140,0.370270,0.354196
14.433333,7.783124,-0.019174,0.105245,0.820315,-0.017753,0.037990,21.898430,0.201713,11.337124,10.561306,0.369906,0.353690
14.466667,7.810365,-0.016876,0.106521,0.819525,-0.017876,0.038276,21.856457,0.203316,11.319221,10.537236,0.369538,0.353178
14.500000,7.837576,-0.014550,0.107806,0.818721,-0.017999,0.038564,21.814063,0.204932,11.301131,10.512932,0.369166,0.352660
14.533333,7.864758,-0.012196,0.109101,0.817905,-0.018122,0.038853,21.771254,0.206559,11.282857,10.488398,0.368789,0.352137
14.566667,7.891910,-0.009814,0.110406,0.817074,-0.018246,0.039145,21.728037,0.208199,11.264401,10.463636,0.368409,0.351609
14.600000,7.919032,-0.007403,0.111721,0.816231,-0.018370,0.039439,21.684418,0.209851,11.245768,10.438650,0.368025,0.351075
14.633333,7.946123,-0.004964,0.113045,0.815375,-0.018495,0.039734,21.640403,0.211515,11.226960,10.413442,0.367636,0.350536
14.666667,7.973182,-0.002496,0.114380,0.814505,-0.018620,0.040032,21.595998,0.213190,11.207981,10.388017,0.367244,0.349992
14.700000,8.000210,0.000000,0.115724,0.813623,-0.018746,0.040332,21.551210,0.214879,11.188834,10.362376,0.366848,0.349442
14.733333,8.027205,0.002525,0.117079,0.812728,-0.018873,0.040634,21.506045,0.216584,11.169531,10.336514,0.366449,0.348887
14.766667,8.054168,0.005080,0.118443,0.811820,-0.019000,0.040938,21.460509,0.218310,11.150081,10.310429,0.366046,0.348327
14.800000,8.081097,0.007663,0.119818,0.810900,-0.019127,0.041245,21.414608,0.220054,11.130485,10.284123,0.365640,0.347761
14.833333,8.107992,0.010275,0.121203,0.809967,-0.019255,0.041553,21.368346,0.221817,11.110744,10.257602,0.365230,0.347190
14.866667,8.134854,0.012917,0.122599,0.809022,-0.019383,0.041864,21.321730,0.223597,11.090860,10.230870,0.364817,0.346613
14.900000,8.161680,0.015589,0.124005,0.808065,-0.019512,0.042177,21.274764,0.225395,11.070834,10.203931,0.364401,0.346032
14.933333,8.188472,0.018290,0.125421,0.807096,-0.019641,0.042492,21.227455,0.227209,11.050668,10.176788,0.363982,0.345445
14.966667,8.215228,0.021021,0.126848,0.806115,-0.019771,0.042809,21.179808,0.229039,11.030364,10.149444,0.363559,0.344853
15.000000,8.241948,0.023781,0.128286,0.805122,-0.019901,0.043129,21.131829,0.230886,11.009926,10.121903,0.363133,0.344257
15.033333,8.268631,0.026572,0.129734,0.804117,-0.020031,0.043451,21.083522,0.232749,10.989355,10.094167,0.362704,0.343655
15.066667,8.295278,0.029392,0.131193,0.803101,-0.020163,0.043776,21.034894,0.234628,10.968655,10.066239,0.362272,0.343049
15.100000,8.321887,0.032243,0.132663,0.802073,-0.020294,0.044103,20.985949,0.236524,10.947828,10.038121,0.361837,0.342437
15.133333,8.348458,0.035124,0.134144,0.801034,-0.020426,0.044432,20.936695,0.238436,10.926877,10.009817,0.361399,0.341821
15.166667,8.374991,0.038036,0.135636,0.799983,-0.020559,0.044763,20.887135,0.240364,10.905806,9.981329,0.360958,0.341200
15.200000,8.401486,0.040978,0.137140,0.798922,-0.020692,0.045097,20.837276,0.242309,10.884616,9.952660,0.360514,0.340574
15.233333,8.427941,0.043951,0.138654,0.797849,-0.020825,0.045434,20.787123,0.244270,10.863312,9.923812,0.360067,0.339943
15.266667,8.454357,0.046954,0.140180,0.796766,-0.020959,0.045772,20.736682,0.246248,10.841895,9.894787,0.359618,0.339308
15.300000,8.480733,0.049989,0.141717,0.795671,-0.021094,0.046114,20.685958,0.248243,10.820369,9.865589,0.359166,0.338668
15.333333,8.507068,0.053054,0.143266,0.794566,-0.021229,0.046457,20.634956,0.250254,10.798736,9.836220,0.358711,0.338023
15.366667,8.533363,0.056151,0.144826,0.793450,-0.021364,0.046803,20.583683,0.252283,10.777000,9.806683,0.358253,0.337374
15.400000,8.559617,0.059279,0.146397,0.792324,-0.021500,0.047152,20.532143,0.254328,10.755164,9.776979,0.357793,0.336721
15.433333,8.585829,0.062438,0.147981,0.791188,-0.021636,0.047503,20.480343,0.256390,10.733230,9.747113,0.357331,0.336062
15.466667,8.611999,0.065629,0.149576,0.790041,-0.021773,0.047857,20.428287,0.258470,10.711202,9.717086,0.356866,0.335400
15.500000,8.638126,0.068852,0.151183,0.788884,-0.021910,0.048213,20.375982,0.260567,10.689081,9.686901,0.356398,0.334733
15.533333,8.664211,0.072106,0.152802,0.787717,-0.022048,0.048572,20.323433,0.262681,10.666872,9.656560,0.355929,0.334061
15.566667,8.690252,0.075392,0.154433,0.786540,-0.022186,0.048933,20.270644,0.264813,10.644577,9.626067,0.355457,0.333386
15.600000,8.716250,0.078710,0.156077,0.785354,-0.022325,0.049297,20.217623,0.266962,10.622200,9.595423,0.354982,0.332706
15.633333,8.742204,0.082061,0.157732,0.784158,-0.022464,0.049663,20.164374,0.269129,10.599742,9.564632,0.354506,0.332022
15.666667,8.768113,0.085443,0.159400,0.782952,-0.022603,0.050032,20.110902,0.271313,10.577207,9.533696,0.354027,0.331333
15.700000,8.793978,0.088858,0.161080,0.781737,-0.022743,0.050404,20.057214,0.273515,10.554597,9.502617,0.353547,0.330641
15.733333,8.819798,0.092305,0.162772,0.780512,-0.022884,0.050778,20.003315,0.275735,10.531917,9.471398,0.353064,0.329944
15.766667,8.845572,0.095785,0.164478,0.779279,-0.023025,0.051155,19.949210,0.277973,10.509168,9.440042,0.352580,0.329243
15.800000,8.871300,0.099297,0.166195,0.778036,-0.023166,0.051534,19.894905,0.280228,10.486353,9.408552,0.352094,0.328538
15.833333,8.896981,0.102843,0.167926,0.776784,-0.023308,0.051917,19.840404,0.282502,10.463475,9.376929,0.351605,0.327829
15.866667,8.922616,0.106421,0.169669,0.775523,-0.023450,0.052302,19.785715,0.284794,10.440538,9.345177,0.351115,0.327117
15.900000,8.948204,0.110032,0.171426,0.774254,-0.023593,0.052689,19.730842,0.287104,10.417544,9.313298,0.350624,0.326400
15.933333,8.973745,0.113676,0.173195,0.772976,-0.023736,0.053079,19.675790,0.289432,10.394495,9.281295,0.350130,0.325679
15.966667,8.999238,0.117354,0.174977,0.771690,-0.023880,0.053472,19.620566,0.291779,10.371396,9.249170,0.349635,0.324955
16.000000,9.024682,0.121064,0.176773,0.770395,-0.024024,0.053868,19.565174,0.294144,10.348248,9.216926,0.349139,0.324227
16.033333,9.050079,0.124809,0.178582,0.769092,-0.024168,0.054266,19.509620,0.296527,10.325054,9.184566,0.348641,0.323495
16.066667,9.075426,0.128587,0.180404,0.767780,-0.024313,0.054667,19.453909,0.298929,10.301817,9.152092,0.348141,0.322759
16.100000,9.100724,0.132398,0.182240,0.766461,-0.024459,0.055071,19.398048,0.301349,10.278541,9.119507,0.347641,0.322020
16.133333,9.125972,0.136244,0.184089,0.765134,-0.024605,0.055478,19.342040,0.303788,10.255227,9.086813,0.347138,0.321277
16.166667,9.151171,0.140123,0.185952,0.763798,-0.024751,0.055888,19.285893,0.306245,10.231879,9.054014,0.346635,0.320531
16.200000,9.176319,0.144036,0.187829,0.762456,-0.024898,0.056300,19.229610,0.308721,10.208499,9.021111,0.346130,0.319781
16.233333,9.201417,0.147984,0.189719,0.761105,-0.025045,0.056715,19.173198,0.311216,10.185091,8.988107,0.345625,0.319028
16.266667,9.226464,0.151965,0.191624,0.759748,-0.025192,0.057133,19.116662,0.313729,10.161656,8.955006,0.345118,0.318271
16.300000,9.251460,0.155981,0.193542,0.758382,-0.025340,0.057553,19.060007,0.316261,10.138198,8.921809,0.344610,0.317511
16.333333,9.276404,0.160032,0.195475,0.757010,-0.025489,0.057977,19.003239,0.318812,10.114720,8.888519,0.344101,0.316747
16.366667,9.301296,0.164117,0.197421,0.755630,-0.025638,0.058403,18.946363,0.321382,10.091224,8.855139,0.343591,0.315980
16.400000,9.326136,0.168237,0.199382,0.754244,-0.025787,0.058832,18.889384,0.323971,10.067713,8.821671,0.343081,0.315210
16.433333,9.350923,0.172391,0.201358,0.752851,-0.025937,0.059264,18.832308,0.326578,10.044189,8.788119,0.342569,0.314437
16.466667,9.375658,0.176580,0.203348,0.751450,-0.026087,0.059699,18.775141,0.329205,10.020656,8.754484,0.342057,0.313660
16.500000,9.400339,0.180805,0.205352,0.750044,-0.026237,0.060137,18.717886,0.331850,9.997116,8.720770,0.341544,0.312881
16.533333,9.424966,0.185064,0.207372,0.748630,-0.026388,0.060578,18.660551,0.334514,9.973572,8.686979,0.341030,0.312098
16.566667,9.449540,0.189359,0.209406,0.747211,-0.026539,0.061021,18.603140,0.337197,9.950026,8.653114,0.340516,0.311313
16.600000,9.474060,0.193689,0.211455,0.745785,-0.026691,0.061468,18.545658,0.339899,9.926481,8.619177,0.340001,0.310524
16.633333,9.498525,0.198054,0.213519,0.744352,-0.026843,0.061917,18.488111,0.342620,9.902940,8.585171,0.339486,0.309733
16.666667,9.522936,0.202455,0.215598,0.742914,-0.026996,0.062369,18.430504,0.345359,9.879405,8.551099,0.338971,0.308939
16.700000,9.547291,0.206892,0.217692,0.741470,-0.027149,0.062825,18.372842,0.348118,9.855879,8.516964,0.338455,0.308142
16.733333,9.571591,0.211364,0.219801,0.740020,-0.027302,0.063283,18.315131,0.350895,9.832364,8.482767,0.337939,0.307342
16.766667,9.595835,0.215872,0.221926,0.738564,-0.027455,0.063744,18.257376,0.353691,9.808864,8.448512,0.337422,0.306540
16.800000,9.620024,0.220416,0.224066,0.737103,-0.027609,0.064208,18.199582,0.356506,9.785380,8.414202,0.336905,0.305734
16.833333,9.644156,0.224996,0.226222,0.735636,-0.027764,0.064675,18.141754,0.359340,9.761916,8.379839,0.336389,0.304927
16.866667,9.668232,0.229613,0.228394,0.734164,-0.027918,0.065144,18.083898,0.362192,9.738473,8.345425,0.335872,0.304117
16.900000,9.692251,0.234265,0.230581,0.732687,-0.028074,0.065617,18.026019,0.365063,9.715055,8.310964,0.335355,0.303304
16.933333,9.716213,0.238954,0.232784,0.731204,-0.028229,0.066093,17.968121,0.367953,9.691663,8.276459,0.334838,0.302489
16.966667,9.740117,0.243679,0.235003,0.729717,-0.028385,0.066571,17.910211,0.370861,9.668300,8.241911,0.334321,0.301671
17.000000,9.763964,0.248441,0.237238,0.728225,-0.028541,0.067053,17.852294,0.373788,9.644970,8.207324,0.333805,0.300851
17.033333,9.787753,0.253240,0.239489,0.726728,-0.028697,0.067537,17.794374,0.376733,9.621673,8.172700,0.333288,0.300029
17.066667,9.811483,0.258075,0.241757,0.725226,-0.028854,0.068025,17.736456,0.379696,9.598413,8.138043,0.332772,0.299205
17.100000,9.835155,0.262947,0.244041,0.723720,-0.029011,0.068515,17.678547,0.382678,9.575193,8.103354,0.332256,0.298378
17.133333,9.858769,0.267856,0.246341,0.722209,-0.029169,0.069009,17.620650,0.385678,9.552013,8.068637,0.331741,0.297550
17.166667,9.882323,0.272802,0.248658,0.720695,-0.029327,0.069505,17.562772,0.388696,9.528878,8.033894,0.331226,0.296719
17.200000,9.905818,0.277786,0.250991,0.719176,-0.029485,0.070004,17.504917,0.391731,9.505788,7.999129,0.330711,0.295886
17.233333,9.929254,0.282806,0.253341,0.717653,-0.029643,0.070506,17.447090,0.394785,9.482747,7.964343,0.330197,0.295052
17.266667,9.952630,0.287864,0.255708,0.716126,-0.029802,0.071011,17.389297,0.397856,9.459757,7.929540,0.329684,0.294215
17.300000,9.975946,0.292959,0.258092,0.714595,-0.029961,0.071519,17.331542,0.400945,9.436820,7.894722,0.329171,0.293377
17.333333,9.999202,0.298092,0.260493,0.713061,-0.030120,0.072030,17.273831,0.404052,9.413938,7.859893,0.328659,0.292537
17.366667,10.022397,0.303263,0.262912,0.711523,-0.030280,0.072544,17.216169,0.407175,9.391114,7.825055,0.328147,0.291695
17.400000,10.045531,0.308471,0.265347,0.709982,-0.030440,0.073061,17.158560,0.410316,9.368349,7.790210,0.327637,0.290852
17.433333,10.068604,0.313717,0.267800,0.708437,-0.030600,0.073580,17.101009,0.413474,9.345647,7.755362,0.327127,0.290007
17.466667,10.091616,0.319001,0.270270,0.706889,-0.030760,0.074103,17.043523,0.416649,9.323009,7.720514,0.326618,0.289161
17.500000,10.114567,0.324323,0.272757,0.705338,-0.030921,0.074628,16.986105,0.419840,9.300437,7.685668,0.326110,0.288313
17.533333,10.137456,0.329683,0.275262,0.703785,-0.031082,0.075157,16.928761,0.423048,9.277934,7.650827,0.325604,0.287464
17.566667,10.160283,0.335081,0.277785,0.702228,-0.031243,0.075688,16.871495,0.426272,9.255501,7.615994,0.325098,0.286614
17.600000,10.183047,0.340518,0.280326,0.700669,-0.031405,0.076222,16.814313,0.429512,9.233141,7.581172,0.324593,0.285762
17.633333,10.205750,0.345993,0.282885,0.699107,-0.031566,0.076758,16.757219,0.432768,9.210856,7.546363,0.324090,0.284909
17.666667,10.228389,0.351507,0.285461,0.697542,-0.031728,0.077298,16.700219,0.436040,9.188647,7.511572,0.323587,0.284055
17.700000,10.250966,0.357059,0.288056,0.695976,-0.031890,0.077841,16.643317,0.439327,9.166517,7.476800,0.323086,0.283200
17.733333,10.273480,0.362649,0.290669,0.694407,-0.032052,0.078386,16.586518,0.442629,9.144468,7.442050,0.322586,0.282344
17.766667,10.295931,0.368279,0.293300,0.692836,-0.032215,0.078934,16.529827,0.445946,9.122502,7.407325,0.322088,0.281487
17.800000,10.318317,0.373947,0.295950,0.691263,-0.032377,0.079484,16.473249,0.449278,9.100620,7.372629,0.321591,0.280629
17.833333,10.340641,0.379655,0.298617,0.689689,-0.032540,0.080038,16.416789,0.452624,9.078824,7.337964,0.321096,0.279771
17.866667,10.362900,0.385401,0.301304,0.688112,-0.032703,0.080594,16.360451,0.455984,9.057117,7.303334,0.320602,0.278912
17.900000,10.385095,0.391187,0.304009,0.686534,-0.032866,0.081153,16.304241,0.459358,9.035500,7.268740,0.320109,0.278052
17.933333,10.407226,0.397011,0.306733,0.684955,-0.033030,0.081714,16.248162,0.462745,9.013975,7.234187,0.319618,0.277192
17.966667,10.429292,0.402875,0.309475,0.683374,-0.033193,0.082279,16.192221,0.466145,8.992544,7.199677,0.319129,0.276331
18.000000,10.451294,0.408779,0.312237,0.681792,-0.033357,0.082845,16.136421,0.469559,8.971208,7.165213,0.318641,0.275470
18.033333,10.473230,0.414722,0.315017,0.680209,-0.033520,0.083415,16.080767,0.472985,8.949969,7.130798,0.318155,0.274608
18.066667,10.495102,0.420704,0.317817,0.678625,-0.033684,0.083987,16.025264,0.476423,8.928829,7.096435,0.317671,0.273746
18.100000,10.516908,0.426726,0.320636,0.677040,-0.033848,0.084561,15.969917,0.479872,8.907790,7.062128,0.317189,0.272885
18.133333,10.538649,0.432788,0.323474,0.675455,-0.034012,0.085138,15.914731,0.483333,8.886852,7.027878,0.316709,0.272023
18.166667,10.560324,0.438890,0.326331,0.673869,-0.034176,0.085718,15.859709,0.486805,8.866019,6.993691,0.316230,0.271161
18.200000,10.581933,0.445032,0.329208,0.672282,-0.034340,0.086300,15.804857,0.490288,8.845290,6.959567,0.315754,0.270299
18.233333,10.603476,0.451213,0.332104,0.670695,-0.034504,0.086884,15.750180,0.493781,8.824668,6.925512,0.315279,0.269437
18.266667,10.624952,0.457435,0.335019,0.669108,-0.034668,0.087471,15.695681,0.497283,8.804154,6.891527,0.314807,0.268576
18.300000,10.646363,0.463697,0.337955,0.667521,-0.034833,0.088060,15.641366,0.500795,8.783750,6.857616,0.314336,0.267715
18.333333,10.667707,0.469999,0.340910,0.665934,-0.034997,0.088651,15.587238,0.504315,8.763457,6.823782,0.313868,0.266854
18.366667,10.688983,0.476341,0.343885,0.664347,-0.035161,0.089245,15.533303,0.507844,8.743276,6.790028,0.313401,0.265994
18.400000,10.710193,0.482724,0.346879,0.662760,-0.035325,0.089840,15.479566,0.511381,8.723208,6.756357,0.312937,0.265134
18.433333,10.731336,0.489148,0.349894,0.661174,-0.035490,0.090438,15.426029,0.514926,8.703256,6.722773,0.312476,0.264275
18.466667,10.752412,0.495612,0.352928,0.659588,-0.035654,0.091038,15.372699,0.518477,8.683420,6.689279,0.312016,0.263417
18.500000,10.773420,0.502116,0.355983,0.658003,-0.035818,0.091641,15.319579,0.522034,8.663701,6.655878,0.311559,0.262560
18.533333,10.794361,0.508662,0.359058,0.656419,-0.035982,0.092245,15.266674,0.525597,8.644101,6.622573,0.311104,0.261703
18.566667,10.815234,0.515248,0.362153,0.654836,-0.036146,0.092851,15.213988,0.529166,8.624620,6.589368,0.310651,0.260848
18.600000,10.836038,0.521875,0.365268,0.653254,-0.036310,0.093459,15.161526,0.532739,8.605261,6.556265,0.310201,0.259994
18.633333,10.856775,0.528543,0.368404,0.651673,-0.036474,0.094069,15.109292,0.536316,8.586023,6.523269,0.309753,0.259141
18.666667,10.877444,0.535252,0.371560,0.650093,-0.036638,0.094681,15.057290,0.539897,8.566908,6.490382,0.309308,0.258289
18.700000,10.898044,0.542003,0.374736,0.648515,-0.036801,0.095294,15.005524,0.543480,8.547916,6.457608,0.308865,0.257439
18.733333,10.918576,0.548794,0.377933,0.646938,-0.036965,0.095910,14.954000,0.547066,8.529050,6.424950,0.308424,0.256590
18.766667,10.939039,0.555627,0.381151,0.645364,-0.037128,0.096527,14.902720,0.550653,8.510309,6.392411,0.307986,0.255743
18.800000,10.959433,0.562501,0.384389,0.643791,-0.037291,0.097145,14.851690,0.554242,8.491695,6.359995,0.307551,0.254898
18.833333,10.979759,0.569417,0.387648,0.642220,-0.037454,0.097765,14.800914,0.557830,8.473208,6.327706,0.307118,0.254054
18.866667,11.000015,0.576374,0.390928,0.640651,-0.037617,0.098387,14.750395,0.561419,8.454849,6.295546,0.306688,0.253213
18.900000,11.020202,0.583373,0.394228,0.639084,-0.037779,0.099010,14.700138,0.565006,8.436619,6.263519,0.306261,0.252373
18.933333,11.040320,0.590413,0.397549,0.637520,-0.037941,0.099634,14.650147,0.568591,8.418518,6.231629,0.305836,0.251536
18.966667,11.060368,0.597495,0.400891,0.635958,-0.038103,0.100259,14.600426,0.572174,8.400547,6.199879,0.305414,0.250700
19.000000,11.080347,0.604619,0.404254,0.634399,-0.038265,0.100886,14.550979,0.575753,8.382707,6.168272,0.304994,0.249867
19.033333,11.100256,0.611785,0.407638,0.632842,-0.038426,0.101514,14.501811,0.579328,8.364998,6.136813,0.304578,0.249037
19.066667,11.120095,0.618993,0.411042,0.631289,-0.038587,0.102143,14.452925,0.582899,8.347421,6.105503,0.304164,0.248209
19.100000,11.139864,0.626243,0.414468,0.629738,-0.038748,0.102772,14.404324,0.586463,8.329976,6.074348,0.303752,0.247384
19.133333,11.159563,0.633535,0.417915,0.628191,-0.038909,0.103403,14.356014,0.590022,8.312664,6.043350,0.303344,0.246561
19.166667,11.179192,0.640870,0.421383,0.626647,-0.039069,0.104035,14.307999,0.593573,8.295485,6.012514,0.302938,0.245741
19.200000,11.198750,0.648246,0.424872,0.625106,-0.039228,0.104667,14.260281,0.597115,8.278439,5.981841,0.302535,0.244925
19.233333,11.218238,0.655665,0.428382,0.623569,-0.039388,0.105299,14.212864,0.600649,8.261527,5.951338,0.302135,0.244111
19.266667,11.237656,0.663126,0.431913,0.622035,-0.039547,0.105933,14.165754,0.604173,8.244748,5.921006,0.301738,0.243301
19.300000,11.257003,0.670630,0.435465,0.620506,-0.039705,0.106566,14.118953,0.607686,8.228104,5.890849,0.301344,0.242494
19.333333,11.276279,0.678176,0.439038,0.618980,-0.039863,0.107201,14.072465,0.611188,8.211594,5.860871,0.300953,0.241690
19.366667,11.295484,0.685765,0.442633,0.617458,-0.040021,0.107835,14.026294,0.614677,8.195218,5.831076,0.300564,0.240890
19.400000,11.314618,0.693397,0.446248,0.615941,-0.040178,0.108469,13.980444,0.618152,8.178976,5.801468,0.300178,0.240094
19.433333,11.333682,0.701071,0.449885,0.614428,-0.040334,0.109104,13.934918,0.621613,8.162869,5.772049,0.299795,0.239301
19.466667,11.352674,0.708788,0.453543,0.612919,-0.040490,0.109738,13.889720,0.625059,8.146896,5.742824,0.299415,0.238513
19.500000,11.371594,0.716548,0.457222,0.611415,-0.040645,0.110373,13.844853,0.628488,8.131058,5.713796,0.299038,0.237728
19.533333,11.390444,0.724351,0.460922,0.609915,-0.040800,0.111007,13.800322,0.631900,8.115354,5.684968,0.298664,0.236948
19.566667,11.409222,0.732197,0.464644,0.608421,-0.040954,0.111641,13.756129,0.635294,8.099783,5.656346,0.298293,0.236172
19.600000,11.427928,0.740086,0.468386,0.606931,-0.041108,0.112274,13.712279,0.638668,8.084347,5.627932,0.297925,0.235400
19.633333,11.446563,0.748018,0.472150,0.605447,-0.041261,0.112906,13.668774,0.642022,8.069044,5.599729,0.297559,0.234633
19.666667,11.465127,0.755993,0.475934,0.603968,-0.041413,0.113538,13.625618,0.645354,8.053875,5.571743,0.297197,0.233870
19.700000,11.483618,0.764012,0.479740,0.602494,-0.041565,0.114170,13.582814,0.648664,8.038839,5.543975,0.296837,0.233112
19.733333,11.502038,0.772074,0.483567,0.601026,-0.041716,0.114800,13.540366,0.651951,8.023935,5.516431,0.296481,0.232360
19.766667,11.520385,0.780179,0.487414,0.599563,-0.041866,0.115429,13.498277,0.655213,8.009163,5.489113,0.296127,0.231612
19.800000,11.538661,0.788328,0.491283,0.598106,-0.042015,0.116057,13.456550,0.658449,7.994524,5.462026,0.295776,0.230869
19.833333,11.556864,0.796520,0.495172,0.596655,-0.042164,0.116684,13.415189,0.661659,7.980016,5.435173,0.295428,0.230132
19.866667,11.574996,0.804756,0.499083,0.595211,-0.042312,0.117309,13.374196,0.664841,7.965638,5.408558,0.295083,0.229400
19.900000,11.593055,0.813035,0.503014,0.593772,-0.042459,0.117933,13.333576,0.667994,7.951391,5.382184,0.294741,0.228673
19.933333,11.611042,0.821359,0.506966,0.592339,-0.042605,0.118555,13.293330,0.671117,7.937274,5.356056,0.294401,0.227953
19.966667,11.628956,0.829725,0.510938,0.590913,-0.042750,0.119176,13.253462,0.674209,7.923286,5.330176,0.294065,0.227238
20.000000,11.646799,0.838136,0.514931,0.589494,-0.042895,0.119794,13.213975,0.677268,7.909426,5.304549,0.293731,0.226529
20.033333,11.664568,0.846591,0.518945,0.588081,-0.043038,0.120410,13.174872,0.680294,7.895694,5.279178,0.293401,0.225826
20.066667,11.682265,0.855089,0.522979,0.586675,-0.043181,0.121025,13.136156,0.683286,7.882089,5.254067,0.293073,0.225129
20.100000,11.699890,0.863632,0.527034,0.585277,-0.043322,0.121636,13.097830,0.686242,7.868610,5.229220,0.292747,0.224438
20.133333,11.717442,0.872218,0.531109,0.583885,-0.043463,0.122246,13.059896,0.689161,7.855257,5.204639,0.292425,0.223754
20.166667,11.734921,0.880849,0.535204,0.582500,-0.043602,0.122852,13.022358,0.692042,7.842028,5.180330,0.292106,0.223077
20.200000,11.752327,0.889523,0.539319,0.581123,-0.043741,0.123456,12.985217,0.694884,7.828923,5.156294,0.291789,0.222406
20.233333,11.769661,0.898242,0.543454,0.579753,-0.043878,0.124057,12.948478,0.697685,7.815941,5.132537,0.291475,0.221742
20.266667,11.786922,0.907006,0.547609,0.578391,-0.044015,0.124655,12.912142,0.700445,7.803081,5.109061,0.291164,0.221085
20.300000,11.804110,0.915813,0.551784,0.577036,-0.044150,0.125250,12.876212,0.703163,7.790342,5.085870,0.290855,0.220435
20.333333,11.821225,0.924665,0.555979,0.575690,-0.044284,0.125842,12.840691,0.705837,7.777723,5.062967,0.290550,0.219793
20.366667,11.838267,0.933561,0.560193,0.574351,-0.044417,0.126429,12.805580,0.708465,7.765223,5.040357,0.290247,0.219158
20.400000,11.855235,0.942502,0.564427,0.573021,-0.044549,0.127014,12.770884,0.711048,7.752842,5.018042,0.289946,0.218530
20.433333,11.872131,0.951487,0.568680,0.571699,-0.044679,0.127594,12.736603,0.713583,7.740577,4.996026,0.289648,0.217910
20.466667,11.888954,0.960517,0.572953,0.570385,-0.044809,0.128171,12.702740,0.716070,7.728429,4.974312,0.289353,0.217297
20.500000,11.905704,0.969591,0.577244,0.569079,-0.044937,0.128743,12.669299,0.718508,7.716395,4.952903,0.289061,0.216693
20.533333,11.922380,0.978710,0.581554,0.567783,-0.045063,0.129311,12.636280,0.720895,7.704476,4.931804,0.288771,0.216096
20.566667,11.938984,0.987874,0.585884,0.566495,-0.045189,0.129875,12.603686,0.723230,7.692669,4.911016,0.288484,0.215507
20.600000,11.955514,0.997082,0.590231,0.565216,-0.045313,0.130434,12.571519,0.725512,7.680974,4.890545,0.288199,0.214927
20.633333,11.971971,1.006336,0.594598,0.563945,-0.045436,0.130988,12.539781,0.727740,7.669390,4.870391,0.287917,0.214355
20.666667,11.988355,1.015634,0.598982,0.562684,-0.045557,0.131537,12.508475,0.729912,7.657915,4.850560,0.287637,0.213792
20.700000,12.004665,1.024977,0.603385,0.561433,-0.045677,0.132082,12.477602,0.732029,7.646549,4.831054,0.287360,0.213237
20.733333,12.020902,1.034365,0.607806,0.560190,-0.045795,0.132621,12.447165,0.734088,7.635289,4.811875,0.287085,0.212691
20.766667,12.037066,1.043798,0.612244,0.558958,-0.045912,0.133155,12.417164,0.736088,7.624136,4.793028,0.286812,0.212153
20.800000,12.053157,1.053276,0.616700,0.557734,-0.046028,0.133683,12.387602,0.738029,7.613088,4.774514,0.286543,0.211625
20.833333,12.069174,1.062799,0.621174,0.556521,-0.046141,0.134205,12.358481,0.739910,7.602144,4.756337,0.286275,0.211105
20.866667,12.085117,1.072367,0.625664,0.555317,-0.046254,0.134722,12.329802,0.741729,7.591302,4.738500,0.286010,0.210595
20.900000,12.100988,1.081980,0.630172,0.554123,-0.046365,0.135232,12.301567,0.743485,7.580562,4.721005,0.285747,0.210094
20.933333,12.116785,1.091639,0.634697,0.552940,-0.046474,0.135736,12.273778,0.745177,7.569922,4.703856,0.285486,0.209603
20.966667,12.132509,1.101342,0.639238,0.551767,-0.046581,0.136234,12.246436,0.746805,7.559382,4.687054,0.285228,0.209121
21.000000,12.148159,1.111091,0.643795,0.550603,-0.046687,0.136726,12.219542,0.748367,7.548939,4.670603,0.284972,0.208648
21.033333,12.163736,1.120886,0.648369,0.549451,-0.046791,0.137210,12.193098,0.749863,7.538594,4.654504,0.284718,0.208185
21.066667,12.179239,1.130725,0.652959,0.548309,-0.046894,0.137688,12.167106,0.751292,7.528344,4.638761,0.284467,0.207732
21.100000,12.194670,1.140610,0.657564,0.547177,-0.046995,0.138159,12.141566,0.752651,7.518190,4.623376,0.284218,0.207289
21.133333,12.210026,1.150541,0.662185,0.546057,-0.047094,0.138623,12.116480,0.753942,7.508129,4.608351,0.283970,0.206856
21.166667,12.225310,1.160517,0.666821,0.544947,-0.047191,0.139079,12.091848,0.755163,7.498160,4.593688,0.283725,0.206433
21.200000,12.240520,1.170538,0.671472,0.543849,-0.047287,0.139528,12.067673,0.756313,7.488284,4.579389,0.283482,0.206020
21.233333,12.255657,1.180606,0.676137,0.542761,-0.047380,0.139969,12.043955,0.757390,7.478498,4.565457,0.283242,0.205617
21.266667,12.270720,1.190718,0.680817,0.541685,-0.047472,0.140402,12.020695,0.758396,7.468801,4.551894,0.283003,0.205225
21.300000,12.285710,1.200876,0.685512,0.540620,-0.047562,0.140827,11.997894,0.759328,7.459193,4.538700,0.282766,0.204843
21.333333,12.300627,1.211080,0.690220,0.539566,-0.047650,0.141244,11.975552,0.760187,7.449673,4.525879,0.282532,0.204471
21.366667,12.315470,1.221330,0.694941,0.538524,-0.047736,0.141653,11.953672,0.760970,7.440240,4.513432,0.282299,0.204110
21.400000,12.330240,1.231625,0.699677,0.537494,-0.047820,0.142054,11.932253,0.761679,7.430893,4.501360,0.282069,0.203760
21.433333,12.344937,1.241966,0.704425,0.536475,-0.047902,0.142446,11.911295,0.762311,7.421630,4.489665,0.281840,0.203420
21.466667,12.359561,1.252353,0.709186,0.535469,-0.047982,0.142829,11.890801,0.762867,7.412452,4.478348,0.281614,0.203092
21.500000,12.374111,1.262786,0.713959,0.534474,-0.048061,0.143203,11.870769,0.763346,7.403358,4.467411,0.281389,0.202774
21.533333,12.388588,1.273264,0.718745,0.533491,-0.048137,0.143568,11.851201,0.763747,7.394346,4.456856,0.281166,0.202466
21.566667,12.402992,1.283789,0.723542,0.532521,-0.048211,0.143924,11.832097,0.764071,7.385415,4.446682,0.280946,0.202170
21.600000,12.417323,1.294359,0.728351,0.531562,-0.048283,0.144271,11.813458,0.764316,7.376567,4.436891,0.280727,0.201885
21.633333,12.431581,1.304975,0.733172,0.530616,-0.048353,0.144608,11.795283,0.764481,7.367798,4.427485,0.280510,0.201611
21.666667,12.445766,1.315637,0.738003,0.529683,-0.048421,0.144936,11.777573,0.764568,7.359110,4.418463,0.280295,0.201348
21.700000,12.459877,1.326345,0.742845,0.528762,-0.048486,0.145254,11.760328,0.764575,7.350501,4.409827,0.280082,0.201096
21.733333,12.473916,1.337100,0.747697,0.527853,-0.048550,0.145562,11.743549,0.764502,7.341971,4.401578,0.279870,0.200855
21.766667,12.487882,1.347900,0.752559,0.526958,-0.048611,0.145860,11.727234,0.764349,7.333520,4.393715,0.279661,0.200625
21.800000,12.501774,1.358746,0.757430,0.526075,-0.048670,0.146148,11.711385,0.764116,7.325146,4.386239,0.279453,0.200407
21.833333,12.515594,1.369638,0.762311,0.525205,-0.048727,0.146426,11.696001,0.763802,7.316850,4.379150,0.279247,0.200199
21.866667,12.529341,1.380577,0.767201,0.524348,-0.048782,0.146693,11.681081,0.763407,7.308632,4.372450,0.279043,0.200003
21.900000,12.543015,1.391561,0.772099,0.523504,-0.048835,0.146950,11.666627,0.762932,7.300490,4.366137,0.278841,0.199819
21.933333,12.556617,1.402592,0.777006,0.522673,-0.048885,0.147197,11.652636,0.762376,7.292425,4.360211,0.278641,0.199645
21.966667,12.570145,1.413669,0.781920,0.521856,-0.048933,0.147432,11.639110,0.761738,7.284437,4.354673,0.278442,0.199483
22.000000,12.583601,1.424792,0.786842,0.521051,-0.048979,0.147657,11.626048,0.761020,7.276525,4.349523,0.278246,0.199332
22.033333,12.596985,1.435962,0.791771,0.520261,-0.049022,0.147872,11.613448,0.760222,7.268689,4.344759,0.278051,0.199193
22.066667,12.610295,1.447177,0.796707,0.519483,-0.049063,0.148075,11.601312,0.759342,7.260930,4.340382,0.277858,0.199064
22.100000,12.623534,1.458439,0.801649,0.518719,-0.049102,0.148267,11.589637,0.758383,7.253247,4.336390,0.277666,0.198947
22.133333,12.636699,1.469747,0.806597,0.517969,-0.049138,0.148448,11.578424,0.757343,7.245640,4.332784,0.277477,0.198841
22.166667,12.649793,1.481102,0.811551,0.517232,-0.049172,0.148617,11.567671,0.756222,7.238109,4.329561,0.277289,0.198747
22.200000,12.662814,1.492503,0.816510,0.516509,-0.049204,0.148776,11.557378,0.755023,7.230656,4.326723,0.277104,0.198664
22.233333,12.675763,1.503950,0.821475,0.515800,-0.049233,0.148922,11.547545,0.753743,7.223279,4.324266,0.276920,0.198592
22.266667,12.688639,1.515443,0.826443,0.515104,-0.049260,0.149058,11.538169,0.752385,7.215979,4.322190,0.276738,0.198531
22.300000,12.701444,1.526983,0.831416,0.514423,-0.049285,0.149182,11.529251,0.750948,7.208756,4.320495,0.276557,0.198481
22.333333,12.714176,1.538569,0.836392,0.513755,-0.049307,0.149294,11.520789,0.749433,7.201611,4.319177,0.276379,0.198442
22.366667,12.726836,1.550202,0.841372,0.513101,-0.049326,0.149395,11.512782,0.747840,7.194545,4.318237,0.276203,0.198415
22.400000,12.739424,1.561881,0.846355,0.512462,-0.049344,0.149483,11.505229,0.746170,7.187557,4.317673,0.276028,0.198398
22.433333,12.751941,1.573606,0.851340,0.511836,-0.049359,0.149561,11.498129,0.744423,7.180648,4.317481,0.275856,0.198392
22.466667,12.764385,1.585378,0.856328,0.511225,-0.049371,0.149626,11.491481,0.742601,7.173818,4.317662,0.275685,0.198398
22.500000,12.776758,1.597196,0.861317,0.510628,-0.049381,0.149679,11.485282,0.740703,7.167069,4.318213,0.275516,0.198414
22.533333,12.789059,1.609061,0.866308,0.510045,-0.049388,0.149721,11.479533,0.738730,7.160401,4.319132,0.275349,0.198441
22.566667,12.801289,1.620972,0.871300,0.509477,-0.049393,0.149750,11.474231,0.736683,7.153814,4.320417,0.275185,0.198479
22.600000,12.813447,1.632930,0.876292,0.508923,-0.049396,0.149768,11.469376,0.734563,7.147310,4.322066,0.275022,0.198527
22.633333,12.825533,1.644934,0.881284,0.508383,-0.049396,0.149774,11.464964,0.732371,7.140888,4.324076,0.274861,0.198586
22.666667,12.837548,1.656985,0.886277,0.507857,-0.049394,0.149767,11.460996,0.730108,7.134551,4.326445,0.274702,0.198655
22.700000,12.849492,1.669082,0.891268,0.507346,-0.049389,0.149749,11.457469,0.727773,7.128298,4.329171,0.274546,0.198735
22.733333,12.861365,1.681226,0.896259,0.506850,-0.049382,0.149719,11.454382,0.725369,7.122132,4.332250,0.274391,0.198826
22.766667,12.873166,1.693416,0.901248,0.506368,-0.049372,0.149677,11.451733,0.722896,7.116051,4.335681,0.274239,0.198926
22.800000,12.884897,1.705652,0.906235,0.505900,-0.049360,0.149622,11.449519,0.720355,7.110058,4.339461,0.274088,0.199037
22.833333,12.896556,1.717936,0.911221,0.505447,-0.049345,0.149556,11.447741,0.717748,7.104154,4.343586,0.273940,0.199158
22.866667,12.908145,1.730265,0.916203,0.505009,-0.049328,0.149478,11.446394,0.715074,7.098340,4.348055,0.273794,0.199289
22.900000,12.919663,1.742641,0.921183,0.504585,-0.049308,0.149387,11.445478,0.712336,7.092616,4.352863,0.273651,0.199430
22.933333,12.931110,1.755064,0.926159,0.504176,-0.049286,0.149285,11.444991,0.709534,7.086984,4.358008,0.273509,0.199581
22.966667,12.942487,1.767533,0.931131,0.503781,-0.049261,0.149171,11.444931,0.706669,7.081444,4.363486,0.273370,0.199741
23.000000,12.953793,1.780049,0.936099,0.503401,-0.049234,0.149045,11.445295,0.703743,7.075999,4.369295,0.273233,0.199911
23.033333,12.965029,1.792612,0.941063,0.503036,-0.049205,0.148907,11.446081,0.700757,7.070649,4.375431,0.273099,0.200091
23.066667,12.976195,1.805220,0.946022,0.502685,-0.049173,0.148757,11.447287,0.697711,7.065396,4.381891,0.272967,0.200279
23.100000,12.987290,1.817876,0.950975,0.502349,-0.049138,0.148596,11.448912,0.694608,7.060240,4.388672,0.272837,0.200478
23.133333,12.998315,1.830578,0.955922,0.502028,-0.049102,0.148423,11.450952,0.691448,7.055183,4.395769,0.272710,0.200685
23.166667,13.009270,1.843326,0.960863,0.501721,-0.049062,0.148238,11.453407,0.688232,7.050226,4.403180,0.272585,0.200902
23.200000,13.020156,1.856121,0.965798,0.501429,-0.049021,0.148042,11.456272,0.684962,7.045371,4.410901,0.272463,0.201127
23.233333,13.030971,1.868963,0.970726,0.501151,-0.048977,0.147834,11.459546,0.681640,7.040619,4.418928,0.272343,0.201361
23.266667,13.041717,1.881851,0.975646,0.500888,-0.048930,0.147614,11.463227,0.678265,7.035970,4.427257,0.272226,0.201604
23.300000,13.052393,1.894785,0.980559,0.500640,-0.048881,0.147384,11.467312,0.674841,7.031427,4.435885,0.272112,0.201856
23.333333,13.063000,1.907766,0.985464,0.500407,-0.048830,0.147142,11.471798,0.671367,7.026990,4.444808,0.272000,0.202116
23.366667,13.073538,1.920793,0.990360,0.500188,-0.048776,0.146889,11.476684,0.667846,7.022661,4.454023,0.271891,0.202384
23.400000,13.084006,1.933867,0.995248,0.499983,-0.048720,0.146624,11.481966,0.664279,7.018442,4.463524,0.271785,0.202661
23.433333,13.094405,1.946988,1.000126,0.499793,-0.048662,0.146349,11.487642,0.660666,7.014333,4.473309,0.271681,0.202945
23.466667,13.104735,1.960155,1.004995,0.499618,-0.048601,0.146062,11.493710,0.657010,7.010336,4.483374,0.271581,0.203238
23.500000,13.114996,1.973368,1.009854,0.499457,-0.048538,0.145765,11.500166,0.653312,7.006452,4.493715,0.271483,0.203538
23.533333,13.125189,1.986628,1.014702,0.499310,-0.048473,0.145457,11.507009,0.649573,7.002682,4.504327,0.271388,0.203846
23.566667,13.135312,1.999934,1.019540,0.499178,-0.048405,0.145139,11.514235,0.645794,6.999029,4.515206,0.271295,0.204162
23.600000,13.145368,2.013286,1.024367,0.499061,-0.048335,0.144810,11.521842,0.641977,6.995492,4.526350,0.271206,0.204485
23.633333,13.155354,2.026685,1.029183,0.498957,-0.048263,0.144470,11.529826,0.638124,6.992074,4.537752,0.271120,0.204815
23.666667,13.165273,2.040131,1.033987,0.498868,-0.048189,0.144121,11.538186,0.634235,6.988775,4.549411,0.271037,0.205153
23.700000,13.175123,2.053622,1.038779,0.498794,-0.048112,0.143761,11.546919,0.630312,6.985598,4.561321,0.270956,0.205498
23.733333,13.184905,2.067160,1.043559,0.498734,-0.048033,0.143391,11.556020,0.626357,6.982542,4.573478,0.270879,0.205849
23.766667,13.194620,2.080745,1.048326,0.498687,-0.047952,0.143011,11.565489,0.622370,6.979610,4.585879,0.270805,0.206207
23.800000,13.204266,2.094376,1.053080,0.498655,-0.047869,0.142621,11.575321,0.618354,6.976802,4.598519,0.270734,0.206572
23.833333,13.213845,2.108053,1.057820,0.498638,-0.047783,0.142222,11.585514,0.614309,6.974120,4.611394,0.270667,0.206944
23.866667,13.223356,2.121776,1.062547,0.498634,-0.047696,0.141813,11.596066,0.610237,6.971565,4.624500,0.270602,0.207322
23.900000,13.232800,2.135546,1.067261,0.498644,-0.047606,0.141394,11.606972,0.606139,6.969138,4.637834,0.270541,0.207706
23.933333,13.242177,2.149361,1.071959,0.498668,-0.047514,0.140967,11.618230,0.602017,6.966840,4.651390,0.270483,0.208096
23.966667,13.251486,2.163224,1.076644,0.498706,-0.047421,0.140530,11.629837,0.597872,6.964672,4.665165,0.270428,0.208492
24.000000,13.260728,2.177132,1.081313,0.498758,-0.047325,0.140085,11.641790,0.593705,6.962635,4.679155,0.270376,0.208894
24.033333,13.269904,2.191086,1.085968,0.498824,-0.047227,0.139630,11.654087,0.589517,6.960731,4.693356,0.270328,0.209302
24.066667,13.279013,2.205087,1.090607,0.498903,-0.047127,0.139167,11.666723,0.585311,6.958959,4.707764,0.270284,0.209715
24.100000,13.288055,2.219134,1.095230,0.498996,-0.047025,0.138695,11.679696,0.581086,6.957322,4.722374,0.270242,0.210134
24.133333,13.297031,2.233227,1.099837,0.499103,-0.046921,0.138215,11.693003,0.576846,6.955820,4.737183,0.270204,0.210558
24.166667,13.305940,2.247365,1.104428,0.499223,-0.046815,0.137727,11.706640,0.572589,6.954454,4.752187,0.270170,0.210987
24.200000,13.314783,2.261551,1.109002,0.499357,-0.046707,0.137231,11.720606,0.568319,6.953224,4.767382,0.270139,0.211421
24.233333,13.323561,2.275782,1.113560,0.499504,-0.046597,0.136727,11.734895,0.564036,6.952132,4.782763,0.270111,0.211860
24.266667,13.332272,2.290059,1.118100,0.499664,-0.046486,0.136215,11.749506,0.559741,6.951179,4.798328,0.270087,0.212304
24.300000,13.340917,2.304382,1.122623,0.499838,-0.046372,0.135695,11.764435,0.555436,6.950364,4.814071,0.270066,0.212753
24.333333,13.349497,2.318751,1.127129,0.500024,-0.046257,0.135169,11.779680,0.551122,6.949689,4.829990,0.270049,0.213207
24.366667,13.358012,2.333165,1.131617,0.500224,-0.046140,0.134634,11.795236,0.546799,6.949155,4.846081,0.270036,0.213664
24.400000,13.366461,2.347626,1.136087,0.500437,-0.046021,0.134093,11.811100,0.542470,6.948762,4.862338,0.270026,0.214126
24.433333,13.374845,2.362133,1.140538,0.500662,-0.045900,0.133545,11.827270,0.538135,6.948510,4.878760,0.270019,0.214593
24.466667,13.383164,2.376685,1.144971,0.500901,-0.045777,0.132990,11.843743,0.533795,6.948400,4.895342,0.270017,0.215063
24.500000,13.391418,2.391284,1.149385,0.501152,-0.045653,0.132428,11.860514,0.529452,6.948433,4.912080,0.270017,0.215538
24.533333,13.399608,2.405928,1.153781,0.501416,-0.045527,0.131860,11.877581,0.525106,6.948609,4.928972,0.270022,0.216016
24.566667,13.407733,2.420617,1.158157,0.501692,-0.045400,0.131286,11.894941,0.520758,6.948929,4.946012,0.270030,0.216498
24.600000,13.415793,2.435353,1.162514,0.501981,-0.045271,0.130706,11.912590,0.516411,6.949392,4.963198,0.270042,0.216983
24.633333,13.423790,2.450134,1.166851,0.502282,-0.045140,0.130119,11.930525,0.512063,6.949999,4.980525,0.270057,0.217473
24.666667,13.431722,2.464960,1.171169,0.502595,-0.045007,0.129527,11.948743,0.507717,6.950751,4.997992,0.270076,0.217965
24.700000,13.439590,2.479832,1.175466,0.502921,-0.044873,0.128929,11.967240,0.503374,6.951647,5.015593,0.270099,0.218461
24.733333,13.447395,2.494750,1.179744,0.503258,-0.044738,0.128326,11.986014,0.499034,6.952688,5.033326,0.270125,0.218960
24.766667,13.455136,2.509713,1.184001,0.503608,-0.044601,0.127718,12.005061,0.494699,6.953874,5.051187,0.270155,0.219462
24.800000,13.462814,2.524722,1.188238,0.503969,-0.044462,0.127104,12.024377,0.490368,6.955205,5.069172,0.270189,0.219967
24.833333,13.470428,2.539776,1.192454,0.504342,-0.044322,0.126485,12.043960,0.486044,6.956680,5.087280,0.270226,0.220475
24.866667,13.477979,2.554875,1.196650,0.504727,-0.044181,0.125862,12.063806,0.481727,6.958301,5.105505,0.270267,0.220986
24.900000,13.485467,2.570020,1.200824,0.505124,-0.044038,0.125234,12.083912,0.477417,6.960067,5.123846,0.270312,0.221499
24.933333,13.492893,2.585210,1.204977,0.505532,-0.043894,0.124601,12.104275,0.473117,6.961977,5.142298,0.270360,0.222015
24.966667,13.500256,2.600446,1.209110,0.505951,-0.043748,0.123965,12.124891,0.468825,6.964032,5.160859,0.270412,0.222534
25.000000,13.507556,2.615726,1.213220,0.506381,-0.043601,0.123323,12.145758,0.464544,6.966232,5.179525,0.270467,0.223054
25.033333,13.514794,2.631052,1.217310,0.506823,-0.043453,0.122678,12.166871,0.460273,6.968576,5.198294,0.270527,0.223578
25.066667,13.521970,2.646422,1.221377,0.507275,-0.043303,0.122029,12.188227,0.456014,6.971064,5.217163,0.270589,0.224103
25.100000,13.529085,2.661838,1.225423,0.507739,-0.043152,0.121377,12.209824,0.451768,6.973696,5.236128,0.270656,0.224630
25.133333,13.536137,2.677299,1.229447,0.508213,-0.043000,0.120721,12.231657,0.447534,6.976471,5.255186,0.270726,0.225160
25.166667,13.543128,2.692804,1.233449,0.508698,-0.042847,0.120061,12.253724,0.443314,6.979389,5.274335,0.270800,0.225691
25.200000,13.550057,2.708355,1.237429,0.509194,-0.042693,0.119398,12.276022,0.439108,6.982450,5.293572,0.270877,0.226225
25.233333,13.556926,2.723950,1.241387,0.509700,-0.042537,0.118732,12.298547,0.434917,6.985652,5.312894,0.270958,0.226760
25.266667,13.563733,2.739591,1.245322,0.510216,-0.042380,0.118064,12.321295,0.430742,6.988997,5.332298,0.271042,0.227296
25.300000,13.570479,2.755276,1.249235,0.510742,-0.042222,0.117392,12.344264,0.426582,6.992482,5.351782,0.271130,0.227835
25.333333,13.577165,2.771005,1.253126,0.511279,-0.042063,0.116718,12.367450,0.422439,6.996108,5.371342,0.271222,0.228374
25.366667,13.583790,2.786779,1.256994,0.511826,-0.041903,0.116041,12.390850,0.418313,6.999873,5.390977,0.271317,0.228916
25.400000,13.590354,2.802598,1.260839,0.512382,-0.041742,0.115362,12.414460,0.414205,7.003778,5.410683,0.271415,0.229458
25.433333,13.596859,2.818462,1.264662,0.512949,-0.041580,0.114680,12.438278,0.410114,7.007821,5.430458,0.271517,0.230002
25.466667,13.603304,2.834370,1.268462,0.513524,-0.041417,0.113997,12.462301,0.406043,7.012002,5.450299,0.271623,0.230547
25.500000,13.609688,2.850322,1.272239,0.514110,-0.041253,0.113311,12.486524,0.401990,7.016319,5.470204,0.271731,0.231093
25.533333,13.616014,2.866318,1.275993,0.514705,-0.041088,0.112624,12.510944,0.397956,7.020773,5.490171,0.271844,0.231641
25.566667,13.622279,2.882359,1.279724,0.515309,-0.040922,0.111935,12.535559,0.393943,7.025362,5.510197,0.271959,0.232189
25.600000,13.628486,2.898444,1.283433,0.515922,-0.040755,0.111245,12.560365,0.389949,7.030085,5.530280,0.272078,0.232738
25.633333,13.634633,2.914574,1.287118,0.516544,-0.040588,0.110553,12.585358,0.385977,7.034942,5.550417,0.272201,0.233288
25.666667,13.640722,2.930747,1.290780,0.517176,-0.040419,0.109860,12.610537,0.382025,7.039931,5.570606,0.272326,0.233839
25.700000,13.646752,2.946964,1.294418,0.517816,-0.040250,0.109165,12.635896,0.378094,7.045052,5.590844,0.272455,0.234391
25.733333,13.652723,2.963226,1.298034,0.518464,-0.040080,0.108470,12.661434,0.374185,7.050303,5.611131,0.272587,0.234943
25.766667,13.658637,2.979531,1.301627,0.519121,-0.039909,0.107774,12.687146,0.370298,7.055684,5.631462,0.272723,0.235496
25.800000,13.664492,2.995880,1.305196,0.519787,-0.039737,0.107077,12.713031,0.366433,7.061193,5.651837,0.272861,0.236049
25.833333,13.670289,3.012273,1.308742,0.520461,-0.039565,0.106379,12.739083,0.362590,7.066830,5.672253,0.273003,0.236603
25.866667,13.676028,3.028709,1.312264,0.521143,-0.039392,0.105680,12.765301,0.358770,7.072593,5.692708,0.273148,0.237157
25.900000,13.681710,3.045190,1.315764,0.521833,-0.039218,0.104982,12.791680,0.354973,7.078480,5.713200,0.273296,0.237712
25.933333,13.687335,3.061713,1.319240,0.522531,-0.039044,0.104282,12.818219,0.351199,7.084492,5.733727,0.273447,0.238267
25.966667,13.692902,3.078281,1.322693,0.523237,-0.038869,0.103583,12.844913,0.347449,7.090627,5.754286,0.273601,0.238822
26.000000,13.698413,3.094891,1.326122,0.523951,-0.038693,0.102883,12.871759,0.343722,7.096882,5.774877,0.273758,0.239378
26.033333,13.703866,3.111546,1.329528,0.524672,-0.038516,0.102184,12.898755,0.340018,7.103259,5.795496,0.273918,0.239933
26.066667,13.709263,3.128243,1.332911,0.525400,-0.038340,0.101484,12.925896,0.336339,7.109754,5.816142,0.274081,0.240489
26.100000,13.714604,3.144984,1.336271,0.526136,-0.038162,0.100785,12.953180,0.332684,7.116366,5.836814,0.274247,0.241044
26.133333,13.719889,3.161767,1.339607,0.526879,-0.037984,0.100086,12.980604,0.329052,7.123095,5.857509,0.274415,0.241600
26.166667,13.725118,3.178594,1.342920,0.527629,-0.037806,0.099387,13.008165,0.325446,7.129940,5.878225,0.274587,0.242156
26.200000,13.730291,3.195464,1.346209,0.528386,-0.037627,0.098689,13.035859,0.321863,7.136897,5.898961,0.274761,0.242711
26.233333,13.735408,3.212376,1.349476,0.529150,-0.037447,0.097991,13.063683,0.318306,7.143967,5.919715,0.274938,0.243266
26.266667,13.740470,3.229332,1.352719,0.529920,-0.037267,0.097294,13.091634,0.314772,7.151148,5.940485,0.275118,0.243821
26.300000,13.745477,3.246330,1.355939,0.530697,-0.037087,0.096597,13.119709,0.311264,7.158439,5.961270,0.275300,0.244376
26.333333,13.750429,3.263371,1.359135,0.531481,-0.036906,0.095902,13.147904,0.307780,7.165837,5.982067,0.275485,0.244931
26.366667,13.755326,3.280455,1.362309,0.532270,-0.036725,0.095207,13.176218,0.304321,7.173342,6.002875,0.275673,0.245485
26.400000,13.760169,3.297581,1.365459,0.533066,-0.036543,0.094514,13.204646,0.300887,7.180952,6.023693,0.275863,0.246039
26.433333,13.764958,3.314749,1.368587,0.533868,-0.036361,0.093821,13.233185,0.297478,7.188666,6.044519,0.276056,0.246592
26.466667,13.769692,3.331960,1.371691,0.534676,-0.036179,0.093130,13.261832,0.294094,7.196482,6.065350,0.276251,0.247145
26.500000,13.774372,3.349213,1.374772,0.535490,-0.035996,0.092439,13.290585,0.290735,7.204399,6.086186,0.276449,0.247697
26.533333,13.778999,3.366508,1.377831,0.536309,-0.035813,0.091751,13.319440,0.287401,7.212415,6.107025,0.276649,0.248249
26.566667,13.783572,3.383845,1.380866,0.537134,-0.035630,0.091063,13.348394,0.284092,7.220529,6.127866,0.276851,0.248800
26.600000,13.788092,3.401224,1.383879,0.537965,-0.035446,0.090377,13.377444,0.280808,7.228738,6.148706,0.277056,0.249351
26.633333,13.792559,3.418646,1.386868,0.538800,-0.035262,0.089692,13.406587,0.277549,7.237042,6.169545,0.277263,0.249901
26.666667,13.796973,3.436109,1.389835,0.539641,-0.035078,0.089009,13.435820,0.274315,7.245439,6.190381,0.277472,0.250450
26.700000,13.801334,3.453613,1.392780,0.540487,-0.034894,0.088328,13.465140,0.271106,7.253928,6.211212,0.277683,0.250999
26.733333,13.805643,3.471160,1.395701,0.541338,-0.034710,0.087648,13.494543,0.267922,7.262506,6.232037,0.277897,0.251546
26.766667,13.809899,3.488748,1.398600,0.542194,-0.034525,0.086970,13.524027,0.264763,7.271173,6.252854,0.278112,0.252093
26.800000,13.814104,3.506377,1.401477,0.543054,-0.034340,0.086294,13.553589,0.261628,7.279926,6.273663,0.278330,0.252639
26.833333,13.818257,3.524048,1.404331,0.543920,-0.034155,0.085620,13.583225,0.258519,7.288764,6.294461,0.278550,0.253184
26.866667,13.822358,3.541760,1.407162,0.544789,-0.033970,0.084947,13.612933,0.255434,7.297685,6.315248,0.278771,0.253729
26.900000,13.826408,3.559513,1.409972,0.545663,-0.033784,0.084277,13.642710,0.252373,7.306688,6.336022,0.278995,0.254272
26.933333,13.830407,3.577307,1.412758,0.546541,-0.033599,0.083608,13.672552,0.249338,7.315771,6.356781,0.279220,0.254814
26.966667,13.834354,3.595142,1.415523,0.547423,-0.033413,0.082942,13.702457,0.246326,7.324933,6.377524,0.279448,0.255355
27.000000,13.838251,3.613018,1.418266,0.548310,-0.033228,0.082278,13.732422,0.243339,7.334171,6.398250,0.279677,0.255895
27.033333,13.842098,3.630935,1.420986,0.549200,-0.033042,0.081616,13.762443,0.240377,7.343485,6.418958,0.279908,0.256435
27.066667,13.845894,3.648893,1.423685,0.550094,-0.032856,0.080956,13.792518,0.237439,7.352872,6.439646,0.280140,0.256973
27.100000,13.849640,3.666891,1.426362,0.550991,-0.032670,0.080299,13.822644,0.234525,7.362331,6.460313,0.280374,0.257509
27.133333,13.853337,3.684930,1.429016,0.551892,-0.032484,0.079644,13.852818,0.231635,7.371860,6.480958,0.280610,0.258045
27.166667,13.856983,3.703009,1.431649,0.552797,-0.032298,0.078991,13.883036,0.228768,7.381457,6.501579,0.280848,0.258579
27.200000,13.860580,3.721128,1.434261,0.553705,-0.032112,0.078340,13.913297,0.225926,7.391122,6.522175,0.281087,0.259113
27.233333,13.864129,3.739287,1.436850,0.554616,-0.031926,0.077692,13.943596,0.223108,7.400851,6.542745,0.281327,0.259645
27.266667,13.867628,3.757487,1.439419,0.555530,-0.031740,0.077047,13.973931,0.220313,7.410644,6.563287,0.281569,0.260175
27.300000,13.871078,3.775726,1.441965,0.556447,-0.031554,0.076404,14.004300,0.217541,7.420498,6.583801,0.281812,0.260705
27.333333,13.874480,3.794006,1.444491,0.557367,-0.031368,0.075763,14.034699,0.214793,7.430413,6.604286,0.282057,0.261233
27.366667,13.877833,3.812325,1.446995,0.558289,-0.031182,0.075125,14.065125,0.212068,7.440386,6.624739,0.282303,0.261759
27.400000,13.881139,3.830683,1.449478,0.559214,-0.030996,0.074490,14.095575,0.209367,7.450416,6.645160,0.282550,0.262284
27.433333,13.884397,3.849081,1.451940,0.560142,-0.030811,0.073857,14.126047,0.206688,7.460500,6.665547,0.282799,0.262808
27.466667,13.887607,3.867519,1.454381,0.561072,-0.030625,0.073227,14.156538,0.204032,7.470638,6.685900,0.283048,0.263330
27.500000,13.890769,3.885996,1.456801,0.562004,-0.030439,0.072600,14.187044,0.201399,7.480828,6.706217,0.283299,0.263851
27.533333,13.893885,3.904512,1.459200,0.562939,-0.030254,0.071975,14.217564,0.198788,7.491067,6.726497,0.283551,0.264371
27.566667,13.896953,3.923067,1.461579,0.563875,-0.030068,0.071353,14.248093,0.196200,7.501355,6.746738,0.283804,0.264888
27.600000,13.899975,3.941661,1.463936,0.564814,-0.029883,0.070734,14.278630,0.193634,7.511689,6.766941,0.284058,0.265405
27.633333,13.902950,3.960294,1.466274,0.565754,-0.029698,0.070118,14.309171,0.191091,7.522067,6.787103,0.284313,0.265919
27.666667,13.905879,3.978966,1.468590,0.566696,-0.029513,0.069504,14.339713,0.188569,7.532489,6.807224,0.284569,0.266432
27.700000,13.908762,3.997676,1.470887,0.567640,-0.029328,0.068893,14.370254,0.186069,7.542953,6.827301,0.284825,0.266944
27.733333,13.911599,4.016424,1.473163,0.568585,-0.029143,0.068285,14.400791,0.183591,7.553456,6.847335,0.285083,0.267453
27.766667,13.914391,4.035211,1.475419,0.569532,-0.028959,0.067680,14.431321,0.181135,7.563997,6.867324,0.285341,0.267961
27.800000,13.917137,4.054037,1.477655,0.570480,-0.028774,0.067078,14.461842,0.178700,7.574575,6.887267,0.285600,0.268468
27.833333,13.919838,4.072900,1.479871,0.571429,-0.028590,0.066479,14.492350,0.176286,7.585187,6.907163,0.285860,0.268972
27.866667,13.922494,4.091802,1.482067,0.572380,-0.028406,0.065882,14.522842,0.173894,7.595832,6.927010,0.286121,0.269475
27.900000,13.925106,4.110741,1.484243,0.573331,-0.028222,0.065289,14.553316,0.171522,7.606508,6.946808,0.286382,0.269976
27.933333,13.927673,4.129718,1.486400,0.574283,-0.028039,0.064698,14.583770,0.169171,7.617215,6.966555,0.286643,0.270476
27.966667,13.930196,4.148733,1.488537,0.575236,-0.027855,0.064110,14.614200,0.166841,7.627948,6.986251,0.286906,0.270973
28.000000,13.932675,4.167785,1.490654,0.576190,-0.027672,0.063525,14.644603,0.164532,7.638709,7.005894,0.287168,0.271469
28.033333,13.935110,4.186874,1.492752,0.577144,-0.027489,0.062944,14.674977,0.162243,7.649493,7.025484,0.287431,0.271962
28.066667,13.937502,4.206001,1.494831,0.578099,-0.027307,0.062365,14.705319,0.159974,7.660301,7.045018,0.287695,0.272454
28.100000,13.939850,4.225165,1.496891,0.579054,-0.027124,0.061789,14.735627,0.157725,7.671130,7.064497,0.287959,0.272944
28.133333,13.942155,4.244366,1.498931,0.580009,-0.026942,0.061216,14.765897,0.155496,7.681979,7.083919,0.288223,0.273432
28.166667,13.944418,4.263603,1.500953,0.580965,-0.026760,0.060646,14.796127,0.153286,7.692845,7.103282,0.288488,0.273918
28.200000,13.946638,4.282878,1.502956,0.581920,-0.026578,0.060079,14.826314,0.151097,7.703727,7.122587,0.288753,0.274402
28.233333,13.948816,4.302188,1.504940,0.582876,-0.026397,0.059515,14.856456,0.148926,7.714625,7.141831,0.289018,0.274885
28.266667,13.950951,4.321536,1.506905,0.583832,-0.026216,0.058954,14.886549,0.146775,7.725535,7.161014,0.289283,0.275365
28.300000,13.953045,4.340920,1.508851,0.584787,-0.026035,0.058397,14.916592,0.144643,7.736456,7.180135,0.289548,0.275843
28.333333,13.955097,4.360339,1.510779,0.585742,-0.025855,0.057842,14.946580,0.142531,7.747387,7.199193,0.289814,0.276319
28.366667,13.957108,4.379795,1.512689,0.586697,-0.025674,0.057290,14.976513,0.140436,7.758326,7.218186,0.290079,0.276793
28.400000,13.959077,4.399287,1.514580,0.587651,-0.025494,0.056741,15.006386,0.138361,7.769272,7.237114,0.290345,0.277265
28.433333,13.961006,4.418815,1.516453,0.588605,-0.025315,0.056195,15.036198,0.136304,7.780222,7.255976,0.290610,0.277734
28.466667,13.962894,4.438378,1.518309,0.589558,-0.025136,0.055652,15.065945,0.134265,7.791175,7.274770,0.290876,0.278202
28.500000,13.964742,4.457976,1.520146,0.590510,-0.024957,0.055112,15.095625,0.132245,7.802130,7.293495,0.291141,0.278667
28.533333,13.966549,4.477610,1.521965,0.591461,-0.024778,0.054576,15.125236,0.130243,7.813084,7.312152,0.291406,0.279131
28.566667,13.968316,4.497279,1.523766,0.592411,-0.024600,0.054042,15.154775,0.128258,7.824037,7.330737,0.291671,0.279592
28.600000,13.970044,4.516984,1.525550,0.593361,-0.024422,0.053511,15.184238,0.126291,7.834987,7.349251,0.291936,0.280051
28.633333,13.971732,4.536723,1.527316,0.594309,-0.024244,0.052983,15.213624,0.124342,7.845931,7.367693,0.292200,0.280507
28.666667,13.973381,4.556496,1.529065,0.595256,-0.024067,0.052458,15.242930,0.122410,7.856869,7.386061,0.292464,0.280962
28.700000,13.974991,4.576305,1.530796,0.596201,-0.023890,0.051937,15.272153,0.120496,7.867799,7.404354,0.292728,0.281414
28.733333,13.976562,4.596148,1.532510,0.597146,-0.023713,0.051418,15.301291,0.118598,7.878719,7.422572,0.292991,0.281863
28.766667,13.978094,4.616025,1.534207,0.598088,-0.023537,0.050902,15.330341,0.116718,7.889628,7.440713,0.293254,0.282311
28.800000,13.979589,4.635936,1.535886,0.599030,-0.023361,0.050389,15.359300,0.114854,7.900523,7.458777,0.293517,0.282756
28.833333,13.981045,4.655881,1.537549,0.599969,-0.023186,0.049879,15.388166,0.113007,7.911405,7.476762,0.293779,0.283199
28.866667,13.982463,4.675860,1.539195,0.600907,-0.023011,0.049373,15.416937,0.111177,7.922270,7.494667,0.294040,0.283639
28.900000,13.983844,4.695873,1.540824,0.601843,-0.022836,0.048869,15.445609,0.109363,7.933117,7.512492,0.294301,0.284078
28.933333,13.985187,4.715920,1.542436,0.602777,-0.022662,0.048368,15.474180,0.107565,7.943946,7.530235,0.294562,0.284513
28.966667,13.986494,4.735999,1.544031,0.603709,-0.022488,0.047870,15.502649,0.105783,7.954753,7.547895,0.294821,0.284947
29.000000,13.987763,4.756112,1.545611,0.604639,-0.022315,0.047375,15.531011,0.104017,7.965538,7.565472,0.295080,0.285377
29.033333,13.988996,4.776258,1.547173,0.605566,-0.022142,0.046883,15.559265,0.102267,7.976300,7.582965,0.295339,0.285806
29.066667,13.990193,4.796437,1.548720,0.606492,-0.021969,0.046393,15.587407,0.100533,7.987036,7.600372,0.295596,0.286232
29.100000,13.991353,4.816649,1.550250,0.607415,-0.021797,0.045907,15.615437,0.098814,7.997745,7.617692,0.295853,0.286655
29.133333,13.992477,4.836893,1.551764,0.608336,-0.021625,0.045424,15.643350,0.097110,8.008425,7.634925,0.296109,0.287076
29.166667,13.993566,4.857170,1.553262,0.609254,-0.021453,0.044943,15.671145,0.095422,8.019076,7.652069,0.296364,0.287494
29.200000,13.994620,4.877479,1.554744,0.610169,-0.021282,0.044466,15.698818,0.093749,8.029695,7.669123,0.296618,0.287910
29.233333,13.995638,4.897820,1.556211,0.611082,-0.021112,0.043991,15.726369,0.092090,8.040281,7.686088,0.296872,0.288323
29.266667,13.996621,4.918192,1.557661,0.611992,-0.020941,0.043520,15.753793,0.090447,8.050832,7.702960,0.297124,0.288734
29.300000,13.997570,4.938597,1.559097,0.612900,-0.020772,0.043051,15.781089,0.088818,8.061348,7.719741,0.297375,0.289142
29.333333,13.998484,4.959033,1.560516,0.613804,-0.020602,0.042585,15.808254,0.087204,8.071826,7.736428,0.297626,0.289548
29.366667,13.999364,4.979501,1.561920,0.614706,-0.020433,0.042121,15.835285,0.085604,8.082265,7.753020,0.297875,0.289950
29.400000,14.000210,5.000000,1.563309,0.615604,-0.020265,0.041661,15.862181,0.084017,8.092662,7.769519,0.298123,0.290351
29.433333,14.001022,5.020530,1.564682,0.616499,-0.020097,0.041203,15.888938,0.082441,8.103010,7.785928,0.298370,0.290748
29.466667,14.001801,5.041091,1.566040,0.617391,-0.019929,0.040749,15.915555,0.080872,8.113301,7.802254,0.298615,0.291144
29.500000,14.002547,5.061683,1.567384,0.618280,-0.019762,0.040297,15.942029,0.079312,8.123537,7.818492,0.298859,0.291537
29.533333,14.003259,5.082305,1.568712,0.619166,-0.019595,0.039847,15.968358,0.077760,8.133718,7.834641,0.299102,0.291927
29.566667,14.003939,5.102957,1.570025,0.620048,-0.019429,0.039400,15.994541,0.076218,8.143844,7.850697,0.299343,0.292315
29.600000,14.004587,5.123640,1.571324,0.620926,-0.019263,0.038956,16.020574,0.074686,8.153914,7.866660,0.299582,0.292700
29.633333,14.005202,5.144353,1.572608,0.621801,-0.019098,0.038515,16.046455,0.073165,8.163929,7.882526,0.299821,0.293083
29.666667,14.005785,5.165096,1.573877,0.622672,-0.018933,0.038076,16.072184,0.071653,8.173887,7.898297,0.300057,0.293463
29.700000,14.006336,5.185868,1.575131,0.623540,-0.018768,0.037640,16.097756,0.070153,8.183787,7.913969,0.300292,0.293841
29.733333,14.006856,5.206670,1.576372,0.624403,-0.018604,0.037206,16.123171,0.068662,8.193629,7.929543,0.300526,0.294215
29.766667,14.007344,5.227501,1.577597,0.625263,-0.018441,0.036774,16.148427,0.067182,8.203410,7.945016,0.300758,0.294587
29.800000,14.007802,5.248362,1.578809,0.626119,-0.018277,0.036346,16.173520,0.065713,8.213131,7.960389,0.300989,0.294957
29.833333,14.008228,5.269251,1.580006,0.626971,-0.018115,0.035919,16.198450,0.064253,8.222789,7.975661,0.301218,0.295323
29.866667,14.008624,5.290169,1.581190,0.627819,-0.017952,0.035495,16.223214,0.062804,8.232383,7.990831,0.301445,0.295687
29.900000,14.008990,5.311116,1.582359,0.628662,-0.017791,0.035074,16.247810,0.061364,8.241913,8.005897,0.301671,0.296049
29.933333,14.009326,5.332091,1.583514,0.629502,-0.017629,0.034655,16.272236,0.059934,8.251376,8.020860,0.301895,0.296407
29.966667,14.009632,5.353094,1.584655,0.630337,-0.017468,0.034238,16.296491,0.058514,8.260773,8.035718,0.302118,0.296763
30.000000,14.009908,5.374125,1.585783,0.631168,-0.017308,0.033824,16.320572,0.057103,8.270100,8.050472,0.302338,0.297115
30.033333,14.010155,5.395184,1.586896,0.631994,-0.017147,0.033412,16.344477,0.055702,8.279358,8.065119,0.302557,0.297466
30.066667,14.010373,5.416271,1.587996,0.632816,-0.016988,0.033002,16.368205,0.054310,8.288545,8.079660,0.302774,0.297813
30.100000,14.010562,5.437385,1.589083,0.633634,-0.016829,0.032595,16.391753,0.052927,8.297659,8.094093,0.302990,0.298157
30.133333,14.010722,5.458527,1.590156,0.634447,-0.016670,0.032190,16.415119,0.051553,8.306700,8.108419,0.303203,0.298499
30.166667,14.010854,5.479695,1.591215,0.635255,-0.016511,0.031787,16.438303,0.050188,8.315667,8.122636,0.303415,0.298838
30.200000,14.010958,5.500890,1.592262,0.636058,-0.016353,0.031387,16.461301,0.048831,8.324557,8.136744,0.303625,0.299174
30.233333,14.011034,5.522113,1.593295,0.636857,-0.016196,0.030989,16.484113,0.047483,8.333370,8.150742,0.303832,0.299507
30.266667,14.011083,5.543361,1.594314,0.637651,-0.016039,0.030593,16.506735,0.046144,8.342106,8.164630,0.304038,0.299837
30.300000,14.011104,5.564636,1.595321,0.638440,-0.015882,0.030199,16.529168,0.044812,8.350761,8.178406,0.304242,0.300165
30.333333,14.011097,5.585937,1.596315,0.639224,-0.015726,0.029807,16.551407,0.043489,8.359337,8.192071,0.304444,0.300489
30.366667,14.011064,5.607264,1.597295,0.640004,-0.015570,0.029417,16.573453,0.042174,8.367830,8.205623,0.304644,0.300811
30.400000,14.011005,5.628616,1.598263,0.640778,-0.015415,0.029030,16.595303,0.040867,8.376241,8.219062,0.304842,0.301130
30.433333,14.010919,5.649994,1.599218,0.641547,-0.015260,0.028645,16.616955,0.039567,8.384568,8.232387,0.305038,0.301445
30.466667,14.010806,5.671398,1.600160,0.642310,-0.015105,0.028261,16.638408,0.038275,8.392810,8.245598,0.305232,0.301758
30.500000,14.010668,5.692826,1.601089,0.643069,-0.014951,0.027880,16.659659,0.036991,8.400966,8.258694,0.305424,0.302068
30.533333,14.010504,5.714279,1.602006,0.643822,-0.014797,0.027501,16.680708,0.035714,8.409034,8.271674,0.305613,0.302376
30.566667,14.010315,5.735757,1.602910,0.644570,-0.014644,0.027124,16.701553,0.034444,8.417014,8.284538,0.305801,0.302680
30.600000,14.010100,5.757260,1.603801,0.645313,-0.014491,0.026748,16.722191,0.033181,8.424905,8.297286,0.305986,0.302981
30.633333,14.009861,5.778787,1.604681,0.646050,-0.014339,0.026375,16.742622,0.031925,8.432706,8.309917,0.306169,0.303279
30.666667,14.009597,5.800337,1.605547,0.646782,-0.014186,0.026004,16.762844,0.030676,8.440415,8.322429,0.306350,0.303574
30.700000,14.009308,5.821912,1.606402,0.647508,-0.014035,0.025634,16.782854,0.029434,8.448031,8.334823,0.306528,0.303867
30.733333,14.008995,5.843511,1.607244,0.648229,-0.013883,0.025267,16.802653,0.028199,8.455554,8.347098,0.306705,0.304156
30.766667,14.008658,5.865132,1.608074,0.648944,-0.013733,0.024901,16.822237,0.026970,8.462983,8.359254,0.306879,0.304442
30.800000,14.008298,5.886777,1.608892,0.649653,-0.013582,0.024538,16.841605,0.025747,8.470316,8.371289,0.307051,0.304726
30.833333,14.007913,5.908446,1.609698,0.650357,-0.013432,0.024176,16.860756,0.024531,8.477552,8.383204,0.307220,0.305006
30.866667,14.007506,5.930137,1.610492,0.651055,-0.013282,0.023816,16.879689,0.023320,8.484691,8.394998,0.307387,0.305283
30.900000,14.007076,5.951850,1.611274,0.651747,-0.013133,0.023457,16.898402,0.022116,8.491732,8.406670,0.307552,0.305558
30.933333,14.006623,5.973586,1.612044,0.652433,-0.012984,0.023101,16.916892,0.020918,8.498673,8.418220,0.307714,0.305829
30.966667,14.006147,5.995344,1.612802,0.653113,-0.012835,0.022746,16.935160,0.019725,8.505513,8.429647,0.307874,0.306097
31.000000,14.005649,6.017124,1.613548,0.653788,-0.012687,0.022393,16.953203,0.018538,8.512253,8.440951,0.308032,0.306362
31.033333,14.005130,6.038926,1.614283,0.654456,-0.012539,0.022042,16.971021,0.017357,8.518890,8.452131,0.308187,0.306624
31.066667,14.004588,6.060750,1.615006,0.655118,-0.012392,0.021692,16.988610,0.016181,8.525423,8.463187,0.308339,0.306884
31.100000,14.004025,6.082595,1.615718,0.655775,-0.012245,0.021344,17.005971,0.015011,8.531853,8.474118,0.308490,0.307140
31.133333,14.003440,6.104461,1.616418,0.656425,-0.012098,0.020998,17.023102,0.013846,8.538178,8.484925,0.308637,0.307393
31.166667,14.002835,6.126347,1.617106,0.657069,-0.011952,0.020654,17.040002,0.012686,8.544397,8.495605,0.308782,0.307642
31.200000,14.002208,6.148255,1.617783,0.657706,-0.011806,0.020311,17.056668,0.011531,8.550509,8.506160,0.308925,0.307889
31.233333,14.001562,6.170183,1.618449,0.658338,-0.011660,0.019969,17.073100,0.010381,8.556513,8.516587,0.309065,0.308133
31.266667,14.000894,6.192131,1.619103,0.658963,-0.011515,0.019629,17.089297,0.009235,8.562409,8.526888,0.309203,0.308374
31.300000,14.000207,6.214100,1.619746,0.659582,-0.011370,0.019291,17.105257,0.008095,8.568195,8.537062,0.309338,0.308611
31.333333,13.999500,6.236088,1.620378,0.660194,-0.011226,0.018954,17.120979,0.006959,8.573872,8.547108,0.309470,0.308846
31.366667,13.998773,6.258096,1.620998,0.660800,-0.011082,0.018619,17.136462,0.005827,8.579437,8.557025,0.309600,0.309077
31.400000,13.998027,6.280123,1.621608,0.661400,-0.010938,0.018285,17.151704,0.004700,8.584891,8.566814,0.309727,0.309305
31.433333,13.997262,6.302169,1.622206,0.661993,-0.010794,0.017953,17.166705,0.003577,8.590232,8.576473,0.309851,0.309530
31.466667,13.996478,6.324234,1.622794,0.662580,-0.010651,0.017622,17.181462,0.002459,8.595459,8.586003,0.309973,0.309752
31.500000,13.995676,6.346318,1.623370,0.663160,-0.010509,0.017293,17.195976,0.001344,8.600572,8.595403,0.310092,0.309971
31.533333,13.994855,6.368420,1.623936,0.663733,-0.010366,0.016965,17.210244,0.000233,8.605571,8.604673,0.310208,0.310187
31.566667,13.994016,6.390541,1.624490,0.664300,-0.010224,0.016638,17.224266,-0.000873,8.610453,8.613813,0.310322,0.310400
31.600000,13.993159,6.412680,1.625034,0.664860,-0.010082,0.016313,17.238040,-0.001976,8.615219,8.622821,0.310432,0.310609
31.633333,13.992284,6.434836,1.625567,0.665414,-0.009941,0.015989,17.251565,-0.003076,8.619868,8.631698,0.310541,0.310816
31.666667,13.991392,6.457010,1.626089,0.665961,-0.009800,0.015666,17.264841,-0.004172,8.624398,8.640443,0.310646,0.311019
31.700000,13.990483,6.479202,1.626601,0.666501,-0.009659,0.015345,17.277866,-0.005264,8.628810,8.649056,0.310748,0.311219
31.733333,13.989557,6.501411,1.627102,0.667034,-0.009519,0.015025,17.290639,-0.006353,8.633103,8.657536,0.310848,0.311416
31.766667,13.988614,6.523636,1.627592,0.667560,-0.009379,0.014706,17.303159,-0.007438,8.637275,8.665884,0.310945,0.311609
31.800000,13.987655,6.545878,1.628071,0.668080,-0.009239,0.014389,17.315426,-0.008521,8.641327,8.674099,0.311039,0.311800
31.833333,13.986679,6.568137,1.628541,0.668593,-0.009099,0.014073,17.327437,-0.009600,8.645257,8.682180,0.311131,0.311987
31.866667,13.985688,6.590412,1.628999,0.669098,-0.008960,0.013758,17.339192,-0.010676,8.649065,8.690128,0.311219,0.312171
31.900000,13.984681,6.612703,1.629447,0.669597,-0.008821,0.013444,17.350691,-0.011750,8.652750,8.697941,0.311304,0.312352
31.933333,13.983658,6.635009,1.629885,0.670089,-0.008683,0.013131,17.361932,-0.012821,8.656311,8.705621,0.311387,0.312530
31.966667,13.982621,6.657331,1.630312,0.670574,-0.008545,0.012820,17.372914,-0.013888,8.659748,8.713165,0.311467,0.312705
32.000000,13.981568,6.679669,1.630729,0.671052,-0.008407,0.012510,17.383636,-0.014954,8.663061,8.720575,0.311544,0.312877
32.033333,13.980501,6.702021,1.631136,0.671522,-0.008269,0.012200,17.394098,-0.016017,8.666248,8.727850,0.311618,0.313045
32.066667,13.979419,6.724389,1.631532,0.671986,-0.008132,0.011892,17.404299,-0.017077,8.669309,8.734990,0.311689,0.313210
32.100000,13.978323,6.746771,1.631919,0.672443,-0.007995,0.011585,17.414237,-0.018135,8.672243,8.741994,0.311757,0.313372
32.133333,13.977212,6.769167,1.632295,0.672892,-0.007858,0.011279,17.423912,-0.019191,8.675051,8.748862,0.311822,0.313531
32.166667,13.976089,6.791577,1.632660,0.673334,-0.007721,0.010974,17.433324,-0.020245,8.677730,8.755594,0.311884,0.313686
32.200000,13.974951,6.814002,1.633016,0.673769,-0.007585,0.010670,17.442471,-0.021296,8.680281,8.762189,0.311943,0.313838
32.233333,13.973800,6.836440,1.633362,0.674197,-0.007449,0.010368,17.451352,-0.022346,8.682703,8.768649,0.311999,0.313988
32.266667,13.972637,6.858891,1.633697,0.674617,-0.007314,0.010066,17.459967,-0.023394,8.684996,8.774971,0.312053,0.314134
32.300000,13.971460,6.881356,1.634023,0.675031,-0.007178,0.009765,17.468315,-0.024440,8.687158,8.781157,0.312103,0.314276
32.333333,13.970271,6.903833,1.634338,0.675437,-0.007043,0.009465,17.476396,-0.025484,8.689191,8.787205,0.312150,0.314416
32.366667,13.969069,6.926324,1.634644,0.675835,-0.006908,0.009166,17.484208,-0.026526,8.691091,8.793116,0.312194,0.314552
32.400000,13.967856,6.948827,1.634939,0.676227,-0.006774,0.008867,17.491751,-0.027568,8.692861,8.798890,0.312235,0.314685
32.433333,13.966630,6.971342,1.635225,0.676611,-0.006639,0.008570,17.499024,-0.028607,8.694498,8.804526,0.312273,0.314815
32.466667,13.965393,6.993869,1.635501,0.676987,-0.006505,0.008274,17.506027,-0.029646,8.696003,8.810025,0.312308,0.314942
32.500000,13.964145,7.016408,1.635767,0.677356,-0.006372,0.007978,17.512759,-0.030683,8.697374,8.815385,0.312339,0.315065
32.533333,13.962886,7.038958,1.636023,0.677718,-0.006238,0.007683,17.519220,-0.031719,8.698613,8.820607,0.312368,0.315186
32.566667,13.961615,7.061520,1.636269,0.678072,-0.006105,0.007390,17.525408,-0.032753,8.699717,8.825692,0.312394,0.315303
32.600000,13.960334,7.084093,1.636506,0.678419,-0.005972,0.007097,17.531324,-0.033787,8.700686,8.830638,0.312416,0.315417
32.633333,13.959043,7.106676,1.636732,0.678759,-0.005839,0.006804,17.536966,-0.034820,8.701521,8.835445,0.312435,0.315527
32.666667,13.957741,7.129270,1.636949,0.679090,-0.005706,0.006513,17.542335,-0.035852,8.702221,8.840114,0.312452,0.315635
32.700000,13.956430,7.151875,1.637157,0.679415,-0.005574,0.006222,17.547429,-0.036884,8.702784,8.844645,0.312465,0.315739
32.733333,13.955109,7.174490,1.637355,0.679732,-0.005442,0.005932,17.552248,-0.037914,8.703212,8.849036,0.312475,0.315840
32.766667,13.953778,7.197114,1.637543,0.680041,-0.005310,0.005643,17.556792,-0.038944,8.703503,8.853289,0.312481,0.315938
32.800000,13.952438,7.219748,1.637721,0.680342,-0.005178,0.005354,17.561061,-0.039974,8.703657,8.857404,0.312485,0.316032
32.833333,13.951089,7.242392,1.637890,0.680637,-0.005047,0.005066,17.565053,-0.041003,8.703674,8.861379,0.312485,0.316124
32.866667,13.949732,7.265044,1.638049,0.680923,-0.004916,0.004779,17.568769,-0.042032,8.703553,8.865215,0.312482,0.316212
32.900000,13.948366,7.287706,1.638199,0.681202,-0.004785,0.004492,17.572207,-0.043061,8.703294,8.868913,0.312476,0.316297
32.933333,13.946991,7.310376,1.638339,0.681473,-0.004654,0.004206,17.575368,-0.044089,8.702897,8.872471,0.312467,0.316378
32.966667,13.945609,7.333055,1.638470,0.681737,-0.004524,0.003921,17.578252,-0.045118,8.702361,8.875891,0.312455,0.316457
33.000000,13.944219,7.355742,1.638591,0.681992,-0.004393,0.003636,17.580857,-0.046146,8.701686,8.879171,0.312439,0.316532
33.033333,13.942821,7.378436,1.638703,0.682241,-0.004263,0.003352,17.583184,-0.047175,8.700872,8.882313,0.312420,0.316605
33.066667,13.941416,7.401139,1.638805,0.682481,-0.004133,0.003068,17.585233,-0.048203,8.699918,8.885315,0.312398,0.316673
33.100000,13.940004,7.423848,1.638898,0.682714,-0.004003,0.002785,17.587002,-0.049232,8.698824,8.888178,0.312373,0.316739
33.133333,13.938586,7.446565,1.638981,0.682939,-0.003874,0.002502,17.588492,-0.050261,8.697589,8.890903,0.312344,0.316802
33.166667,13.937160,7.469289,1.639055,0.683156,-0.003745,0.002220,17.589703,-0.051291,8.696214,8.893488,0.312312,0.316861
33.200000,13.935728,7.492020,1.639120,0.683366,-0.003615,0.001938,17.590634,-0.052321,8.694699,8.895935,0.312277,0.316917
33.233333,13.934290,7.514757,1.639175,0.683568,-0.003486,0.001657,17.591285,-0.053352,8.693042,8.898243,0.312239,0.316970
33.266667,13.932847,7.537501,1.639221,0.683762,-0.003358,0.001377,17.591656,-0.054384,8.691244,8.900412,0.312197,0.317020
33.300000,13.931397,7.560250,1.639258,0.683948,-0.003229,0.001096,17.591746,-0.055416,8.689304,8.902442,0.312152,0.317066
33.333333,13.929942,7.583005,1.639285,0.684126,-0.003101,0.000816,17.591556,-0.056449,8.687223,8.904333,0.312104,0.317110
33.366667,13.928482,7.605765,1.639303,0.684297,-0.002972,0.000537,17.591086,-0.057483,8.685000,8.906087,0.312053,0.317150
33.400000,13.927017,7.628531,1.639311,0.684460,-0.002844,0.000258,17.590335,-0.058518,8.682634,8.907701,0.311998,0.317187
33.433333,13.925548,7.651302,1.639311,0.684615,-0.002716,-0.000021,17.589303,-0.059553,8.680126,8.909178,0.311940,0.317221
33.466667,13.924073,7.674077,1.639301,0.684762,-0.002589,-0.000299,17.587991,-0.060591,8.677474,8.910517,0.311878,0.317252
33.500000,13.922595,7.696857,1.639281,0.684902,-0.002461,-0.000577,17.586398,-0.061631,8.674678,8.911720,0.311813,0.317279
33.533333,13.921113,7.719642,1.639253,0.685033,-0.002334,-0.000855,17.584523,-0.062673,8.671737,8.912787,0.311745,0.317304
33.566667,13.919626,7.742430,1.639215,0.685157,-0.002207,-0.001132,17.582368,-0.063718,8.668650,8.913718,0.311673,0.317325
33.600000,13.918137,7.765222,1.639168,0.685273,-0.002079,-0.001409,17.579932,-0.064764,8.665419,8.914513,0.311599,0.317343
33.633333,13.916644,7.788017,1.639112,0.685381,-0.001952,-0.001686,17.577215,-0.065814,8.662043,8.915173,0.311520,0.317358
33.666667,13.915148,7.810816,1.639047,0.685481,-0.001826,-0.001963,17.574217,-0.066866,8.658521,8.915697,0.311438,0.317370
33.700000,13.913649,7.833618,1.638972,0.685573,-0.001699,-0.002239,17.570939,-0.067920,8.654853,8.916085,0.311353,0.317379
33.733333,13.912147,7.856423,1.638888,0.685657,-0.001572,-0.002515,17.567380,-0.068978,8.651040,8.916339,0.311265,0.317385
33.766667,13.910643,7.879230,1.638795,0.685734,-0.001446,-0.002791,17.563540,-0.070038,8.647082,8.916458,0.311173,0.317388
33.800000,13.909137,7.902039,1.638693,0.685802,-0.001320,-0.003067,17.559419,-0.071101,8.642977,8.916442,0.311078,0.317388
33.833333,13.907629,7.924850,1.638582,0.685863,-0.001194,-0.003342,17.555019,-0.072167,8.638727,8.916292,0.310979,0.317384
33.866667,13.906120,7.947663,1.638461,0.685916,-0.001068,-0.003617,17.550338,-0.073236,8.634331,8.916007,0.310877,0.317378
33.900000,13.904609,7.970478,1.638331,0.685961,-0.000942,-0.003893,17.545377,-0.074308,8.629789,8.915589,0.310771,0.317368
33.933333,13.903096,7.993294,1.638192,0.685998,-0.000816,-0.004168,17.540137,-0.075383,8.625100,8.915036,0.310662,0.317355
33.966667,13.901583,8.016111,1.638044,0.686027,-0.000691,-0.004443,17.534617,-0.076462,8.620266,8.914351,0.310550,0.317340
34.000000,13.900069,8.038929,1.637887,0.686048,-0.000565,-0.004718,17.528817,-0.077544,8.615286,8.913532,0.310434,0.317321
34.033333,13.898554,8.061747,1.637721,0.686061,-0.000440,-0.004992,17.522739,-0.078629,8.610159,8.912580,0.310315,0.317299
34.066667,13.897040,8.084566,1.637545,0.686067,-0.000314,-0.005267,17.516382,-0.079718,8.604887,8.911495,0.310192,0.317274
34.100000,13.895525,8.107384,1.637360,0.686064,-0.000189,-0.005542,17.509746,-0.080811,8.599468,8.910278,0.310066,0.317246
34.133333,13.894010,8.130203,1.637166,0.686054,-0.000064,-0.005817,17.502832,-0.081906,8.593904,8.908928,0.309936,0.317215
34.166667,13.892496,8.153021,1.636963,0.686035,0.000061,-0.006091,17.495640,-0.083005,8.588195,8.907445,0.309804,0.317181
34.200000,13.890982,8.175838,1.636751,0.686009,0.000186,-0.006366,17.488171,-0.084107,8.582342,8.905829,0.309667,0.317144
34.233333,13.889469,8.198654,1.636530,0.685975,0.000310,-0.006641,17.480425,-0.085212,8.576342,8.904082,0.309527,0.317104
34.266667,13.887958,8.221469,1.636299,0.685932,0.000435,-0.006915,17.472401,-0.086323,8.570196,8.902206,0.309384,0.317061
34.300000,13.886447,8.244283,1.636060,0.685882,0.000560,-0.007190,17.464102,-0.087437,8.563902,8.900200,0.309237,0.317015
34.333333,13.884938,8.267095,1.635811,0.685825,0.000684,-0.007465,17.455527,-0.088556,8.557463,8.898064,0.309087,0.316966
34.366667,13.883431,8.289905,1.635553,0.685759,0.000808,-0.007740,17.446676,-0.089680,8.550877,8.895799,0.308934,0.316914
34.400000,13.881926,8.312713,1.635286,0.685685,0.000933,-0.008015,17.437550,-0.090807,8.544146,8.893404,0.308777,0.316859
34.433333,13.880423,8.335518,1.635009,0.685603,0.001057,-0.008290,17.428150,-0.091939,8.537268,8.890882,0.308616,0.316801
34.466667,13.878923,8.358321,1.634724,0.685514,0.001181,-0.008565,17.418476,-0.093076,8.530245,8.888230,0.308452,0.316740
34.500000,13.877425,8.381121,1.634429,0.685416,0.001305,-0.008841,17.408528,-0.094217,8.523077,8.885451,0.308285,0.316677
34.533333,13.875931,8.403917,1.634125,0.685311,0.001429,-0.009116,17.398307,-0.095363,8.515763,8.882544,0.308114,0.316610
34.566667,13.874439,8.426710,1.633812,0.685198,0.001553,-0.009392,17.387815,-0.096514,8.508304,8.879511,0.307939,0.316540
34.600000,13.872951,8.449500,1.633490,0.685077,0.001677,-0.009668,17.377050,-0.097669,8.500700,8.876350,0.307762,0.316468
34.633333,13.871466,8.472285,1.633158,0.684948,0.001801,-0.009944,17.366014,-0.098829,8.492951,8.873063,0.307580,0.316392
34.666667,13.869985,8.495067,1.632818,0.684811,0.001925,-0.010221,17.354708,-0.099994,8.485057,8.869651,0.307396,0.316314
34.700000,13.868508,8.517844,1.632468,0.684666,0.002048,-0.010497,17.343131,-0.101164,8.477019,8.866113,0.307208,0.316232
34.733333,13.867036,8.540616,1.632109,0.684514,0.002172,-0.010774,17.331286,-0.102340,8.468836,8.862450,0.307016,0.316148
34.766667,13.865568,8.563383,1.631740,0.684353,0.002296,-0.011051,17.319172,-0.103520,8.460509,8.858663,0.306821,0.316061
34.800000,13.864104,8.586145,1.631363,0.684185,0.002419,-0.011329,17.306790,-0.104706,8.452038,8.854752,0.306622,0.315971
34.833333,13.862646,8.608902,1.630976,0.684009,0.002543,-0.011606,17.294141,-0.105897,8.443423,8.850718,0.306420,0.315879
34.866667,13.861193,8.631653,1.630580,0.683825,0.002666,-0.011884,17.281226,-0.107093,8.434665,8.846561,0.306215,0.315783
34.900000,13.859745,8.654398,1.630174,0.683634,0.002790,-0.012163,17.268044,-0.108295,8.425763,8.842282,0.306006,0.315684
34.933333,13.858302,8.677137,1.629759,0.683434,0.002913,-0.012442,17.254598,-0.109502,8.416718,8.837880,0.305794,0.315583
34.966667,13.856866,8.699870,1.629335,0.683227,0.003036,-0.012721,17.240888,-0.110715,8.407530,8.833358,0.305578,0.315479
35.000000,13.855436,8.722596,1.628902,0.683012,0.003160,-0.013000,17.226915,-0.111934,8.398199,8.828716,0.305359,0.315372
35.033333,13.854012,8.745315,1.628459,0.682789,0.003283,-0.013280,17.212679,-0.113159,8.388726,8.823953,0.305136,0.315263
35.066667,13.852594,8.768027,1.628007,0.682559,0.003406,-0.013561,17.198182,-0.114389,8.379111,8.819070,0.304910,0.315150
35.100000,13.851183,8.790731,1.627546,0.682320,0.003530,-0.013841,17.183423,-0.115626,8.369354,8.814069,0.304680,0.315035
35.133333,13.849779,8.813428,1.627075,0.682074,0.003653,-0.014123,17.168405,-0.116868,8.359456,8.808950,0.304447,0.314917
35.166667,13.848382,8.836117,1.626595,0.681820,0.003776,-0.014404,17.153129,-0.118117,8.349416,8.803713,0.304211,0.314796
35.200000,13.846993,8.858798,1.626106,0.681559,0.003899,-0.014686,17.137594,-0.119372,8.339235,8.798359,0.303971,0.314673
35.233333,13.845611,8.881470,1.625607,0.681290,0.004022,-0.014969,17.121801,-0.120633,8.328913,8.792888,0.303727,0.314547
35.266667,13.844237,8.904134,1.625098,0.681013,0.004146,-0.015252,17.105753,-0.121901,8.318451,8.787302,0.303481,0.314418
35.300000,13.842871,8.926789,1.624580,0.680728,0.004269,-0.015536,17.089450,-0.123175,8.307849,8.781601,0.303230,0.314287
35.333333,13.841513,8.949435,1.624053,0.680436,0.004392,-0.015820,17.072892,-0.124456,8.297108,8.775785,0.302977,0.314152
35.366667,13.840164,8.972072,1.623516,0.680136,0.004515,-0.016105,17.056082,-0.125743,8.286227,8.769855,0.302720,0.314015
35.400000,13.838823,8.994699,1.622970,0.679828,0.004638,-0.016390,17.039019,-0.127038,8.275207,8.763813,0.302459,0.313876
35.433333,13.837492,9.017316,1.622414,0.679513,0.004761,-0.016676,17.021705,-0.128338,8.264048,8.757657,0.302195,0.313734
35.466667,13.836169,9.039923,1.621849,0.679190,0.004885,-0.016963,17.004142,-0.129646,8.252751,8.751391,0.301928,0.313589
35.500000,13.834856,9.062519,1.621274,0.678860,0.005008,-0.017250,16.986329,-0.130961,8.241316,8.745013,0.301657,0.313442
35.533333,13.833552,9.085105,1.620689,0.678522,0.005131,-0.017538,16.968269,-0.132283,8.229744,8.738525,0.301383,0.313292
35.566667,13.832258,9.107681,1.620095,0.678176,0.005254,-0.017826,16.949962,-0.133612,8.218035,8.731927,0.301105,0.313139
35.600000,13.830974,9.130245,1.619491,0.677823,0.005377,-0.018115,16.931409,-0.134948,8.206189,8.725220,0.300824,0.312984
35.633333,13.829701,9.152798,1.618877,0.677463,0.005501,-0.018405,16.912613,-0.136292,8.194207,8.718406,0.300540,0.312826
35.666667,13.828438,9.175339,1.618254,0.677095,0.005624,-0.018695,16.893573,-0.137643,8.182089,8.711484,0.300252,0.312666
35.700000,13.827185,9.197869,1.617621,0.676719,0.005747,-0.018986,16.874291,-0.139001,8.169836,8.704455,0.299961,0.312503
35.733333,13.825943,9.220386,1.616979,0.676336,0.005871,-0.019278,16.854768,-0.140367,8.157447,8.697321,0.299666,0.312338
35.766667,13.824712,9.242892,1.616326,0.675945,0.005994,-0.019571,16.835006,-0.141741,8.144925,8.690081,0.299369,0.312170
35.800000,13.823493,9.265384,1.615664,0.675547,0.006117,-0.019864,16.815006,-0.143122,8.132268,8.682738,0.299067,0.312000
35.833333,13.822285,9.287864,1.614992,0.675142,0.006241,-0.020159,16.794768,-0.144511,8.119478,8.675291,0.298763,0.311827
35.866667,13.821089,9.310331,1.614310,0.674729,0.006364,-0.020454,16.774295,-0.145908,8.106554,8.667741,0.298455,0.311652
35.900000,13.819905,9.332785,1.613619,0.674309,0.006488,-0.020749,16.753588,-0.147314,8.093498,8.660089,0.298143,0.311475
35.933333,13.818732,9.355226,1.612917,0.673882,0.006611,-0.021046,16.732647,-0.148727,8.080311,8.652337,0.297828,0.311295
35.966667,13.817572,9.377652,1.612206,0.673447,0.006735,-0.021343,16.711475,-0.150148,8.066991,8.644484,0.297510,0.311113
36.000000,13.816425,9.400065,1.611484,0.673005,0.006859,-0.021642,16.690073,-0.151578,8.053541,8.636532,0.297189,0.310928
36.033333,13.815291,9.422463,1.610753,0.672555,0.006982,-0.021941,16.668441,-0.153016,8.039960,8.628482,0.296864,0.310741
36.066667,13.814169,9.444847,1.610012,0.672099,0.007106,-0.022241,16.646582,-0.154462,8.026249,8.620333,0.296536,0.310551
36.100000,13.813061,9.467217,1.609260,0.671635,0.007230,-0.022542,16.624497,-0.155917,8.012408,8.612089,0.296205,0.310360
36.133333,13.811966,9.489571,1.608499,0.671164,0.007354,-0.022844,16.602187,-0.157380,7.998439,8.603748,0.295870,0.310166
36.166667,13.810884,9.511911,1.607727,0.670685,0.007478,-0.023146,16.579654,-0.158852,7.984342,8.595312,0.295532,0.309969
36.200000,13.809817,9.534235,1.606946,0.670200,0.007602,-0.023450,16.556899,-0.160333,7.970116,8.586783,0.295190,0.309771
36.233333,13.808763,9.556543,1.606154,0.669707,0.007726,-0.023755,16.533924,-0.161823,7.955764,8.578160,0.294846,0.309570
36.266667,13.807724,9.578836,1.605352,0.669207,0.007850,-0.024060,16.510730,-0.163322,7.941285,8.569445,0.294498,0.309367
36.300000,13.806699,9.601112,1.604540,0.668700,0.007974,-0.024367,16.487318,-0.164829,7.926680,8.560638,0.294147,0.309161
36.333333,13.805688,9.623372,1.603717,0.668186,0.008098,-0.024675,16.463691,-0.166346,7.911950,8.551742,0.293792,0.308954
36.366667,13.804693,9.645616,1.602884,0.667665,0.008223,-0.024983,16.439850,-0.167872,7.897095,8.542755,0.293434,0.308744
36.400000,13.803713,9.667843,1.602041,0.667137,0.008347,-0.025293,16.415796,-0.169407,7.882116,8.533680,0.293073,0.308532
36.433333,13.802747,9.690053,1.601188,0.666602,0.008472,-0.025604,16.391531,-0.170951,7.867013,8.524518,0.292709,0.308318
36.466667,13.801798,9.712245,1.600324,0.666060,0.008596,-0.025916,16.367057,-0.172505,7.851788,8.515269,0.292341,0.308102
36.500000,13.800864,9.734420,1.599450,0.665511,0.008721,-0.026229,16.342375,-0.174069,7.836440,8.505935,0.291971,0.307884
36.533333,13.799946,9.756578,1.598565,0.664955,0.008846,-0.026543,16.317486,-0.175641,7.820971,8.496515,0.291597,0.307664
36.566667,13.799043,9.778717,1.597670,0.664392,0.008971,-0.026858,16.292394,-0.177224,7.805381,8.487012,0.291219,0.307441
36.600000,13.798158,9.800838,1.596764,0.663822,0.009095,-0.027174,16.267098,-0.178816,7.789671,8.477427,0.290839,0.307217
36.633333,13.797288,9.822941,1.595847,0.663246,0.009220,-0.027491,16.241601,-0.180419,7.773842,8.467760,0.290455,0.306991
36.666667,13.796436,9.845025,1.594920,0.662663,0.009346,-0.027810,16.215905,-0.182031,7.757893,8.458012,0.290069,0.306762
36.700000,13.795600,9.867091,1.593983,0.662073,0.009471,-0.028129,16.190011,-0.183653,7.741827,8.448184,0.289679,0.306532
36.733333,13.794781,9.889137,1.593034,0.661476,0.009596,-0.028450,16.163921,-0.185285,7.725643,8.438278,0.289286,0.306300
36.766667,13.793980,9.911164,1.592075,0.660872,0.009721,-0.028772,16.137637,-0.186927,7.709343,8.428294,0.288889,0.306065
36.800000,13.793196,9.933171,1.591106,0.660262,0.009847,-0.029096,16.111161,-0.188580,7.692927,8.418234,0.288490,0.305829
36.833333,13.792430,9.955159,1.590125,0.659645,0.009972,-0.029420,16.084494,-0.190243,7.676395,8.408099,0.288087,0.305591
36.866667,13.791681,9.977126,1.589133,0.659022,0.010098,-0.029746,16.057638,-0.191916,7.659750,8.397888,0.287682,0.305351
36.900000,13.790951,9.999074,1.588131,0.658392,0.010224,-0.030073,16.030595,-0.193600,7.642990,8.387605,0.287273,0.305109
36.933333,13.790239,10.021001,1.587117,0.657755,0.010350,-0.030401,16.003367,-0.195294,7.626118,8.377249,0.286861,0.304866
36.966667,13.789546,10.042907,1.586093,0.657112,0.010476,-0.030731,15.975956,-0.196999,7.609134,8.366822,0.286446,0.304620
37.000000,13.788871,10.064792,1.585058,0.656462,0.010602,-0.031062,15.948363,-0.198715,7.592038,8.356325,0.286028,0.304373
37.033333,13.788215,10.086656,1.584011,0.655806,0.010728,-0.031394,15.920591,-0.200441,7.574832,8.345759,0.285607,0.304124
37.066667,13.787578,10.108499,1.582954,0.655144,0.010855,-0.031728,15.892641,-0.202178,7.557516,8.335125,0.285182,0.303874
37.100000,13.786960,10.130321,1.581885,0.654475,0.010981,-0.032063,15.864515,-0.203926,7.540092,8.324424,0.284755,0.303621
37.133333,13.786362,10.152120,1.580805,0.653799,0.011108,-0.032399,15.836216,-0.205685,7.522559,8.313657,0.284325,0.303367
37.166667,13.785784,10.173898,1.579714,0.653118,0.011234,-0.032737,15.807745,-0.207456,7.504919,8.302826,0.283891,0.303112
37.200000,13.785225,10.195653,1.578611,0.652430,0.011361,-0.033076,15.779104,-0.209237,7.487173,8.291931,0.283455,0.302854
37.233333,13.784686,10.217386,1.577497,0.651736,0.011488,-0.033416,15.750295,-0.211030,7.469322,8.280974,0.283016,0.302595
37.266667,13.784168,10.239096,1.576372,0.651036,0.011615,-0.033758,15.721321,-0.212833,7.451365,8.269955,0.282574,0.302335
37.300000,13.783670,10.260783,1.575235,0.650329,0.011742,-0.034101,15.692182,-0.214649,7.433305,8.258877,0.282128,0.302073
37.333333,13.783193,10.282447,1.574087,0.649617,0.011870,-0.034446,15.662882,-0.216475,7.415142,8.247740,0.281680,0.301809
37.366667,13.782736,10.304088,1.572927,0.648898,0.011997,-0.034792,15.633422,-0.218313,7.396878,8.236544,0.281229,0.301544
37.400000,13.782301,10.325705,1.571756,0.648173,0.012125,-0.035140,15.603804,-0.220163,7.378512,8.225293,0.280775,0.301277
37.433333,13.781887,10.347298,1.570573,0.647442,0.012252,-0.035489,15.574031,-0.222024,7.360046,8.213985,0.280318,0.301009
37.466667,13.781494,10.368868,1.569378,0.646706,0.012380,-0.035840,15.544105,-0.223897,7.341481,8.202624,0.279858,0.300740
37.500000,13.781123,10.390413,1.568172,0.645963,0.012508,-0.036192,15.514026,-0.225782,7.322817,8.191209,0.279395,0.300469
37.533333,13.780773,10.411934,1.566954,0.645214,0.012636,-0.036546,15.483799,-0.227679,7.304056,8.179743,0.278930,0.300196
37.566667,13.780445,10.433430,1.565724,0.644460,0.012764,-0.036901,15.453425,-0.229587,7.285199,8.168226,0.278461,0.299923
37.600000,13.780140,10.454902,1.564482,0.643700,0.012893,-0.037258,15.422905,-0.231507,7.266246,8.156659,0.277990,0.299648
37.633333,13.779857,10.476348,1.563228,0.642934,0.013021,-0.037616,15.392243,-0.233440,7.247199,8.145044,0.277516,0.299371
37.666667,13.779596,10.497769,1.561962,0.642162,0.013150,-0.037976,15.361440,-0.235384,7.228059,8.133382,0.277039,0.299094
37.700000,13.779359,10.519165,1.560684,0.641384,0.013279,-0.038338,15.330499,-0.237340,7.208825,8.121673,0.276559,0.298815
37.733333,13.779144,10.540535,1.559394,0.640601,0.013408,-0.038701,15.299421,-0.239309,7.189501,8.109921,0.276077,0.298535
37.766667,13.778952,10.561879,1.558092,0.639812,0.013537,-0.039066,15.268210,-0.241290,7.170086,8.098124,0.275592,0.298253
37.800000,13.778783,10.583197,1.556778,0.639018,0.013666,-0.039432,15.236867,-0.243283,7.150582,8.086285,0.275104,0.297971
37.833333,13.778638,10.604489,1.555451,0.638218,0.013795,-0.039800,15.205394,-0.245288,7.130989,8.074406,0.274613,0.297687
37.866667,13.778517,10.625754,1.554112,0.637413,0.013925,-0.040170,15.173795,-0.247306,7.111309,8.062486,0.274120,0.297403
37.900000,13.778419,10.646992,1.552761,0.636602,0.014054,-0.040541,15.142070,-0.249336,7.091542,8.050528,0.273624,0.297117
37.933333,13.778345,10.668204,1.551397,0.635786,0.014184,-0.040915,15.110223,-0.251379,7.071690,8.038532,0.273125,0.296830
37.966667,13.778296,10.689388,1.550020,0.634965,0.014314,-0.041289,15.078255,-0.253434,7.051755,8.026501,0.272624,0.296542
38.000000,13.778271,10.710546,1.548632,0.634138,0.014444,-0.041666,15.046170,-0.255502,7.031736,8.014434,0.272120,0.296253
38.033333,13.778270,10.731675,1.547230,0.633306,0.014574,-0.042044,15.013969,-0.257582,7.011635,8.002334,0.271613,0.295963
38.066667,13.778294,10.752777,1.545816,0.632469,0.014704,-0.042424,14.981655,-0.259674,6.991453,7.990201,0.271104,0.295672
38.100000,13.778343,10.773851,1.544389,0.631626,0.014835,-0.042806,14.949229,-0.261780,6.971192,7.978037,0.270593,0.295380
38.133333,13.778418,10.794897,1.542949,0.630779,0.014966,-0.043189,14.916696,-0.263898,6.950852,7.965844,0.270079,0.295088
38.166667,13.778517,10.815914,1.541497,0.629926,0.015096,-0.043574,14.884056,-0.266029,6.930435,7.953621,0.269562,0.294794
38.200000,13.778642,10.836903,1.540032,0.629069,0.015227,-0.043961,14.851313,-0.268172,6.909941,7.941372,0.269043,0.294500
38.233333,13.778792,10.857864,1.538553,0.628206,0.015358,-0.044350,14.818468,-0.270328,6.889372,7.929096,0.268521,0.294205
38.266667,13.778969,10.878795,1.537062,0.627339,0.015489,-0.044740,14.785524,-0.272497,6.868729,7.916795,0.267997,0.293909
38.300000,13.779171,10.899697,1.535558,0.626466,0.015621,-0.045133,14.752485,-0.274679,6.848014,7.904471,0.267471,0.293612
38.333333,13.779399,10.920570,1.534040,0.625589,0.015752,-0.045527,14.719351,-0.276873,6.827227,7.892124,0.266942,0.293314
38.366667,13.779654,10.941413,1.532509,0.624708,0.015884,-0.045923,14.686126,-0.279081,6.806369,7.879756,0.266410,0.293016
38.400000,13.779936,10.962227,1.530965,0.623821,0.016016,-0.046320,14.652812,-0.281301,6.785443,7.867369,0.265877,0.292718
38.433333,13.780244,10.983011,1.529408,0.622930,0.016148,-0.046720,14.619411,-0.283534,6.764449,7.854963,0.265341,0.292418
38.466667,13.780578,11.003765,1.527837,0.622034,0.016280,-0.047121,14.585927,-0.285779,6.743388,7.842539,0.264803,0.292118
38.500000,13.780940,11.024488,1.526253,0.621133,0.016412,-0.047524,14.552361,-0.288038,6.722261,7.830100,0.264262,0.291817
38.533333,13.781329,11.045181,1.524655,0.620229,0.016544,-0.047930,14.518717,-0.290309,6.701071,7.817646,0.263719,0.291516
38.566667,13.781746,11.065844,1.523044,0.619319,0.016677,-0.048336,14.484996,-0.292594,6.679818,7.805178,0.263174,0.291215
38.600000,13.782190,11.086475,1.521419,0.618405,0.016809,-0.048745,14.451201,-0.294891,6.658503,7.792698,0.262627,0.290912
38.633333,13.782661,11.107076,1.519781,0.617487,0.016942,-0.049156,14.417335,-0.297200,6.637128,7.780207,0.262078,0.290610
38.666667,13.783161,11.127645,1.518128,0.616565,0.017075,-0.049569,14.383401,-0.299523,6.615695,7.767706,0.261526,0.290307
38.700000,13.783689,11.148183,1.516462,0.615638,0.017208,-0.049983,14.349401,-0.301858,6.594204,7.755197,0.260973,0.290003
38.733333,13.784244,11.168689,1.514782,0.614708,0.017341,-0.050399,14.315337,-0.304206,6.572656,7.742681,0.260417,0.289699
38.766667,13.784829,11.189164,1.513088,0.613773,0.017474,-0.050818,14.281213,-0.306567,6.551054,7.730159,0.259859,0.289395
38.800000,13.785441,11.209606,1.511381,0.612834,0.017608,-0.051238,14.247031,-0.308941,6.529399,7.717632,0.259300,0.289091
38.833333,13.786083,11.230017,1.509659,0.611891,0.017741,-0.051660,14.212793,-0.311327,6.507691,7.705102,0.258738,0.288786
38.866667,13.786753,11.250395,1.507922,0.610944,0.017875,-0.052084,14.178503,-0.313725,6.485933,7.692569,0.258174,0.288481
38.900000,13.787453,11.270741,1.506172,0.609993,0.018009,-0.052509,14.144162,-0.316137,6.464126,7.680036,0.257608,0.288176
38.933333,13.788181,11.291054,1.504408,0.609039,0.018143,-0.052937,14.109774,-0.318560,6.442271,7.667503,0.257041,0.287871
38.966667,13.788940,11.311334,1.502629,0.608080,0.018277,-0.053367,14.075341,-0.320996,6.420370,7.654972,0.256471,0.287565
39.000000,13.789727,11.331581,1.500835,0.607118,0.018411,-0.053798,14.040866,-0.323445,6.398424,7.642443,0.255900,0.287259
39.033333,13.790545,11.351795,1.499028,0.606152,0.018545,-0.054232,14.006352,-0.325906,6.376434,7.629918,0.255327,0.286954
39.066667,13.791392,11.371976,1.497205,0.605183,0.018680,-0.054667,13.971802,-0.328379,6.354403,7.617399,0.254752,0.286648
39.100000,13.792269,11.392123,1.495369,0.604210,0.018814,-0.055105,13.937217,-0.330864,6.332331,7.604886,0.254175,0.286342
39.133333,13.793176,11.412237,1.493517,0.603234,0.018949,-0.055544,13.902602,-0.333362,6.310221,7.592381,0.253597,0.286036
39.166667,13.794114,11.432316,1.491651,0.602254,0.019084,-0.055985,13.867958,-0.335871,6.288073,7.579885,0.253017,0.285730
39.200000,13.795083,11.452362,1.489770,0.601271,0.019219,-0.056428,13.833288,-0.338393,6.265889,7.567399,0.252435,0.285425
39.233333,13.796082,11.472373,1.487874,0.600285,0.019354,-0.056873,13.798596,-0.340926,6.243672,7.554924,0.251852,0.285119
39.266667,13.797112,11.492350,1.485964,0.599295,0.019489,-0.057320,13.763884,-0.343471,6.221421,7.542462,0.251267,0.284813
39.300000,13.798172,11.512293,1.484038,0.598303,0.019624,-0.057769,13.729154,-0.346027,6.199140,7.530014,0.250681,0.284508
39.333333,13.799264,11.532200,1.482097,0.597307,0.019759,-0.058220,13.694410,-0.348595,6.176830,7.517581,0.250093,0.284203
39.366667,13.800388,11.552073,1.480141,0.596308,0.019895,-0.058673,13.659655,-0.351175,6.154491,7.505163,0.249504,0.283897
39.400000,13.801543,11.571911,1.478171,0.595306,0.020030,-0.059127,13.624890,-0.353765,6.132127,7.492763,0.248913,0.283593
39.433333,13.802729,11.591714,1.476184,0.594302,0.020166,-0.059584,13.590120,-0.356367,6.109738,7.480382,0.248321,0.283288
39.466667,13.803947,11.611481,1.474183,0.593294,0.020301,-0.060042,13.555347,-0.358980,6.087327,7.468020,0.247728,0.282984
39.500000,13.805197,11.631212,1.472166,0.592284,0.020437,-0.060502,13.520573,-0.361604,6.064894,7.455678,0.247133,0.282680
39.533333,13.806479,11.650909,1.470134,0.591271,0.020573,-0.060964,13.485802,-0.364238,6.042443,7.443359,0.246537,0.282376
39.566667,13.807794,11.670569,1.468087,0.590255,0.020709,-0.061428,13.451036,-0.366883,6.019973,7.431062,0.245940,0.282073
39.600000,13.809141,11.690193,1.466023,0.589237,0.020845,-0.061894,13.416278,-0.369538,5.997488,7.418790,0.245342,0.281770
39.633333,13.810520,11.709781,1.463945,0.588217,0.020981,-0.062362,13.381532,-0.372204,5.974989,7.406543,0.244742,0.281468
39.666667,13.811932,11.729333,1.461850,0.587194,0.021117,-0.062831,13.346800,-0.374880,5.952478,7.394322,0.244142,0.281166
39.700000,13.813377,11.748848,1.459740,0.586168,0.021253,-0.063302,13.312084,-0.377565,5.929956,7.382129,0.243540,0.280864
39.733333,13.814855,11.768327,1.457614,0.585141,0.021389,-0.063776,13.277389,-0.380260,5.907425,7.369964,0.242938,0.280563
39.766667,13.816366,11.787769,1.455473,0.584111,0.021526,-0.064251,13.242716,-0.382964,5.884888,7.357828,0.242334,0.280263
39.800000,13.817910,11.807174,1.453315,0.583079,0.021662,-0.064727,13.208069,-0.385678,5.862346,7.345723,0.241730,0.279963
39.833333,13.819488,11.826542,1.451142,0.582045,0.021798,-0.065206,13.173451,-0.388401,5.839800,7.333650,0.241125,0.279664
39.866667,13.821100,11.845873,1.448952,0.581009,0.021934,-0.065686,13.138864,-0.391132,5.817254,7.321610,0.240519,0.279365
39.900000,13.822745,11.865167,1.446746,0.579971,0.022071,-0.066168,13.104311,-0.393872,5.794708,7.309603,0.239912,0.279067
39.933333,13.824424,11.884423,1.444525,0.578931,0.022207,-0.066652,13.069796,-0.396621,5.772166,7.297630,0.239304,0.278770
39.966667,13.826137,11.903641,1.442287,0.577889,0.022344,-0.067137,13.035321,-0.399377,5.749627,7.285694,0.238696,0.278473
40.000000,13.827884,11.922822,1.440033,0.576846,0.022480,-0.067624,13.000889,-0.402141,5.727096,7.273794,0.238088,0.278178
40.033333,13.829665,11.941965,1.437762,0.575801,0.022616,-0.068113,12.966504,-0.404913,5.704573,7.261931,0.237479,0.277883
40.066667,13.831481,11.961069,1.435475,0.574754,0.022753,-0.068604,12.932168,-0.407692,5.682060,7.250107,0.236869,0.277588
40.100000,13.833331,11.980136,1.433172,0.573706,0.022889,-0.069096,12.897884,-0.410478,5.659561,7.238323,0.236259,0.277295
40.133333,13.835217,11.999164,1.430853,0.572657,0.023026,-0.069589,12.863655,-0.413271,5.637076,7.226579,0.235648,0.277002
40.166667,13.837137,12.018154,1.428517,0.571606,0.023162,-0.070085,12.829484,-0.416070,5.614608,7.214876,0.235038,0.276710
40.200000,13.839092,12.037105,1.426164,0.570555,0.023298,-0.070581,12.795374,-0.418875,5.592159,7.203215,0.234427,0.276419
40.233333,13.841082,12.056018,1.423794,0.569501,0.023435,-0.071080,12.761328,-0.421685,5.569731,7.191597,0.233815,0.276129
40.266667,13.843107,12.074891,1.421409,0.568447,0.023571,-0.071579,12.727349,-0.424501,5.547326,7.180023,0.233204,0.275840
40.300000,13.845168,12.093726,1.419006,0.567392,0.023707,-0.072081,12.693440,-0.427322,5.524946,7.168494,0.232592,0.275552
40.333333,13.847265,12.112521,1.416586,0.566336,0.023843,-0.072583,12.659604,-0.430148,5.502594,7.157010,0.231981,0.275264
40.366667,13.849397,12.131278,1.414150,0.565279,0.023980,-0.073088,12.625844,-0.432978,5.480272,7.145572,0.231369,0.274978
40.400000,13.851565,12.149994,1.411697,0.564221,0.024116,-0.073593,12.592163,-0.435812,5.457982,7.134182,0.230758,0.274693
40.433333,13.853769,12.168672,1.409227,0.563163,0.024251,-0.074100,12.558564,-0.438650,5.435725,7.122839,0.230147,0.274409
40.466667,13.856009,12.187310,1.406740,0.562104,0.024387,-0.074608,12.525050,-0.441490,5.413506,7.111545,0.229536,0.274126
40.500000,13.858285,12.205908,1.404236,0.561044,0.024523,-0.075118,12.491624,-0.444333,5.391325,7.100299,0.228925,0.273843
40.533333,13.860598,12.224466,1.401715,0.559984,0.024659,-0.075628,12.458289,-0.447179,5.369185,7.089104,0.228315,0.273562
40.566667,13.862947,12.242984,1.399177,0.558924,0.024794,-0.076140,12.425047,-0.450027,5.347088,7.077959,0.227705,0.273283
40.600000,13.865333,12.261463,1.396622,0.557863,0.024930,-0.076653,12.391903,-0.452876,5.325037,7.066866,0.227095,0.273004
40.633333,13.867755,12.279900,1.394050,0.556802,0.025065,-0.077168,12.358858,-0.455725,5.303034,7.055824,0.226487,0.272726
40.666667,13.870214,12.298298,1.391460,0.555741,0.025200,-0.077683,12.325917,-0.458576,5.281082,7.044835,0.225878,0.272450
40.700000,13.872711,12.316655,1.388854,0.554680,0.025335,-0.078199,12.293081,-0.461426,5.259182,7.033899,0.225271,0.272174
40.733333,13.875244,12.334972,1.386230,0.553619,0.025470,-0.078716,12.260354,-0.464276,5.237338,7.023016,0.224664,0.271900
40.766667,13.877815,12.353248,1.383589,0.552558,0.025605,-0.079235,12.227740,-0.467125,5.215552,7.012187,0.224058,0.271627
40.800000,13.880423,12.371483,1.380930,0.551498,0.025739,-0.079754,12.195240,-0.469973,5.193826,7.001413,0.223453,0.271356
40.833333,13.883069,12.389678,1.378254,0.550437,0.025873,-0.080274,12.162858,-0.472818,5.172163,6.990695,0.222849,0.271085
40.866667,13.885752,12.407831,1.375561,0.549377,0.026008,-0.080795,12.130596,-0.475661,5.150565,6.980031,0.222246,0.270816
40.900000,13.888473,12.425943,1.372851,0.548318,0.026141,-0.081316,12.098459,-0.478501,5.129035,6.969424,0.221644,0.270548
40.933333,13.891232,12.444014,1.370123,0.547259,0.026275,-0.081839,12.066449,-0.481337,5.107576,6.958873,0.221044,0.270281
40.966667,13.894029,12.462044,1.367377,0.546201,0.026409,-0.082361,12.034568,-0.484169,5.086189,6.948379,0.220444,0.270016
41.000000,13.896864,12.480033,1.364615,0.545143,0.026542,-0.082885,12.002821,-0.486997,5.064878,6.937942,0.219847,0.269752
41.033333,13.899737,12.497980,1.361834,0.544087,0.026675,-0.083409,11.971209,-0.489818,5.043646,6.927563,0.219250,0.269489
41.066667,13.902649,12.515885,1.359037,0.543031,0.026807,-0.083933,11.939735,-0.492634,5.022494,6.917241,0.218655,0.269228
41.100000,13.905599,12.533749,1.356221,0.541976,0.026940,-0.084458,11.908404,-0.495443,5.001426,6.906978,0.218062,0.268968
41.133333,13.908588,12.551570,1.353388,0.540923,0.027072,-0.084984,11.877217,-0.498245,4.980444,6.896773,0.217470,0.268709
41.166667,13.911615,12.569350,1.350538,0.539870,0.027203,-0.085509,11.846178,-0.501039,4.959552,6.886626,0.216880,0.268451
41.200000,13.914682,12.587089,1.347670,0.538819,0.027335,-0.086035,11.815289,-0.503825,4.938751,6.876539,0.216292,0.268195
41.233333,13.917787,12.604784,1.344785,0.537769,0.027466,-0.086561,11.784554,-0.506601,4.918044,6.866510,0.215706,0.267941
41.266667,13.920931,12.622438,1.341882,0.536721,0.027597,-0.087087,11.753976,-0.509368,4.897435,6.856541,0.215123,0.267687
41.300000,13.924115,12.640050,1.338962,0.535674,0.027727,-0.087613,11.723556,-0.512123,4.876926,6.846631,0.214541,0.267435
41.333333,13.927337,12.657619,1.336024,0.534629,0.027857,-0.088139,11.693299,-0.514868,4.856520,6.836780,0.213961,0.267185
41.366667,13.930599,12.675146,1.333068,0.533585,0.027987,-0.088665,11.663208,-0.517600,4.836219,6.826989,0.213384,0.266936
41.400000,13.933901,12.692630,1.330095,0.532544,0.028116,-0.089190,11.633284,-0.520320,4.816027,6.817257,0.212809,0.266688
41.433333,13.937242,12.710072,1.327105,0.531504,0.028245,-0.089715,11.603531,-0.523026,4.795947,6.807584,0.212237,0.266441
41.466667,13.940623,12.727471,1.324097,0.530467,0.028374,-0.090240,11.573953,-0.525718,4.775981,6.797972,0.211667,0.266196
41.500000,13.944044,12.744828,1.321071,0.529431,0.028502,-0.090765,11.544551,-0.528394,4.756132,6.788418,0.211100,0.265953
41.533333,13.947505,12.762142,1.318028,0.528398,0.028629,-0.091289,11.515328,-0.531055,4.736404,6.778924,0.210535,0.265710
41.566667,13.951006,12.779412,1.314968,0.527367,0.028756,-0.091812,11.486288,-0.533700,4.716798,6.769490,0.209974,0.265470
41.600000,13.954547,12.796640,1.311890,0.526338,0.028883,-0.092335,11.457433,-0.536327,4.697319,6.760115,0.209415,0.265230
41.633333,13.958128,12.813825,1.308795,0.525312,0.029009,-0.092857,11.428767,-0.538936,4.677968,6.750798,0.208860,0.264992
41.666667,13.961750,12.830967,1.305682,0.524288,0.029134,-0.093378,11.400291,-0.541526,4.658750,6.741541,0.208307,0.264755
41.700000,13.965412,12.848065,1.302552,0.523268,0.029259,-0.093898,11.372009,-0.544096,4.639667,6.732342,0.207758,0.264520
41.733333,13.969115,12.865121,1.299405,0.522249,0.029384,-0.094417,11.343924,-0.546645,4.620722,6.723202,0.207213,0.264286
41.766667,13.972858,12.882133,1.296241,0.521234,0.029508,-0.094934,11.316037,-0.549173,4.601918,6.714120,0.206670,0.264054
41.800000,13.976643,12.899101,1.293059,0.520222,0.029631,-0.095451,11.288353,-0.551678,4.583258,6.705096,0.206132,0.263822
41.833333,13.980468,12.916027,1.289860,0.519213,0.029754,-0.095966,11.260874,-0.554160,4.564745,6.696129,0.205597,0.263593
41.866667,13.984334,12.932909,1.286644,0.518207,0.029876,-0.096480,11.233602,-0.556618,4.546382,6.687220,0.205065,0.263364
41.900000,13.988241,12.949747,1.283411,0.517204,0.029997,-0.096992,11.206540,-0.559051,4.528173,6.678368,0.204538,0.263137
41.933333,13.992189,12.966542,1.280161,0.516205,0.030118,-0.097503,11.179692,-0.561457,4.510120,6.669572,0.204014,0.262911
41.966667,13.996179,12.983293,1.276894,0.515209,0.030238,-0.098012,11.153059,-0.563837,4.492227,6.660832,0.203495,0.262687
42.000000,14.000210,13.000000,1.273610,0.514216,0.030358,-0.098519,11.126644,-0.566191,4.474493,6.652151,0.202980,0.262464
42.033333,14.004282,13.016664,1.270309,0.513228,0.030476,-0.099024,11.100450,-0.568525,4.456907,6.643542,0.202468,0.262243
42.066667,14.008397,13.033283,1.266991,0.512243,0.030594,-0.099527,11.074479,-0.570845,4.439461,6.635018,0.201960,0.262024
42.100000,14.012552,13.049859,1.263657,0.511261,0.030712,-0.100028,11.048733,-0.573148,4.422159,6.626574,0.201455,0.261806
42.133333,14.016750,13.066391,1.260306,0.510284,0.030828,-0.100527,11.023215,-0.575432,4.405007,6.618208,0.200955,0.261591
42.166667,14.020989,13.082880,1.256939,0.509311,0.030944,-0.101023,10.997927,-0.577695,4.388013,6.609915,0.200458,0.261378
42.200000,14.025270,13.099324,1.253555,0.508342,0.031059,-0.101518,10.972871,-0.579933,4.371179,6.601692,0.199966,0.261166
42.233333,14.029593,13.115724,1.250155,0.507377,0.031173,-0.102010,10.948050,-0.582147,4.354511,6.593539,0.199478,0.260956
42.266667,14.033959,13.132080,1.246738,0.506417,0.031286,-0.102500,10.923465,-0.584335,4.338012,6.585452,0.198995,0.260747
42.300000,14.038366,13.148392,1.243305,0.505461,0.031399,-0.102988,10.899118,-0.586494,4.321685,6.577433,0.198516,0.260540
42.333333,14.042816,13.164660,1.239856,0.504509,0.031511,-0.103473,10.875012,-0.588626,4.305533,6.569478,0.198042,0.260335
42.366667,14.047308,13.180883,1.236391,0.503563,0.031622,-0.103955,10.851148,-0.590728,4.289559,6.561588,0.197572,0.260131
42.400000,14.051843,13.197063,1.232910,0.502621,0.031732,-0.104435,10.827529,-0.592799,4.273766,6.553763,0.197107,0.259929
42.433333,14.056420,13.213198,1.229413,0.501683,0.031841,-0.104912,10.804156,-0.594839,4.258156,6.546000,0.196648,0.259729
42.466667,14.061040,13.229289,1.225900,0.500751,0.031949,-0.105386,10.781032,-0.596848,4.242732,6.538301,0.196193,0.259530
42.500000,14.065703,13.245336,1.222371,0.499823,0.032056,-0.105856,10.758159,-0.598824,4.227495,6.530664,0.195744,0.259332
42.533333,14.070408,13.261338,1.218827,0.498901,0.032162,-0.106324,10.735538,-0.600766,4.212449,6.523088,0.195299,0.259136
42.566667,14.075156,13.277296,1.215267,0.497984,0.032268,-0.106789,10.713171,-0.602674,4.197596,6.515575,0.194860,0.258942
42.600000,14.079948,13.293209,1.211692,0.497072,0.032372,-0.107250,10.691060,-0.604548,4.182938,6.508122,0.194427,0.258749
42.633333,14.084782,13.309079,1.208102,0.496166,0.032476,-0.107708,10.669206,-0.606386,4.168477,6.500729,0.193998,0.258557
42.666667,14.089659,13.324903,1.204497,0.495265,0.032578,-0.108162,10.647613,-0.608187,4.154216,6.493397,0.193576,0.258367
42.700000,14.094580,13.340684,1.200876,0.494369,0.032680,-0.108613,10.626280,-0.609952,4.140156,6.486124,0.193159,0.258179
42.733333,14.099544,13.356420,1.197241,0.493479,0.032780,-0.109060,10.605210,-0.611679,4.126300,6.478910,0.192747,0.257992
42.766667,14.104551,13.372111,1.193591,0.492595,0.032880,-0.109503,10.584405,-0.613367,4.112650,6.471755,0.192342,0.257806
42.800000,14.109601,13.387758,1.189926,0.491717,0.032978,-0.109943,10.563867,-0.615017,4.099209,6.464658,0.191942,0.257622
42.833333,14.114695,13.403360,1.186247,0.490845,0.033076,-0.110378,10.543596,-0.616627,4.085977,6.457619,0.191548,0.257439
42.866667,14.119833,13.418918,1.182553,0.489979,0.033172,-0.110809,10.523594,-0.618197,4.072957,6.450637,0.191160,0.257258
42.900000,14.125014,13.434432,1.178845,0.489118,0.033267,-0.111236,10.503863,-0.619725,4.060152,6.443711,0.190779,0.257078
42.933333,14.130240,13.449901,1.175123,0.488264,0.033361,-0.111659,10.484405,-0.621213,4.047563,6.436842,0.190403,0.256900
42.966667,14.135508,13.465325,1.171387,0.487417,0.033454,-0.112077,10.465220,-0.622658,4.035192,6.430029,0.190034,0.256723
43.000000,14.140821,13.480705,1.167638,0.486575,0.033546,-0.112491,10.446311,-0.624060,4.023040,6.423270,0.189671,0.256547
43.033333,14.146178,13.496040,1.163874,0.485740,0.033637,-0.112900,10.427678,-0.625419,4.011111,6.416567,0.189314,0.256372
43.066667,14.151578,13.511331,1.160098,0.484912,0.033726,-0.113304,10.409323,-0.626733,3.999406,6.409918,0.188964,0.256199
43.100000,14.157023,13.526577,1.156307,0.484090,0.033815,-0.113704,10.391248,-0.628003,3.987925,6.403322,0.188620,0.256028
43.133333,14.162512,13.541778,1.152504,0.483275,0.033902,-0.114098,10.373453,-0.629228,3.976672,6.396780,0.188283,0.255857
43.166667,14.168045,13.556935,1.148688,0.482467,0.033988,-0.114488,10.355940,-0.630407,3.965648,6.390291,0.187952,0.255688
43.200000,14.173622,13.572048,1.144859,0.481665,0.034073,-0.114872,10.338709,-0.631540,3.954855,6.383854,0.187628,0.255520
43.233333,14.179244,13.587116,1.141017,0.480871,0.034156,-0.115251,10.321763,-0.632626,3.944294,6.377470,0.187311,0.255354
43.266667,14.184910,13.602139,1.137163,0.480083,0.034239,-0.115625,10.305102,-0.633664,3.933966,6.371136,0.187001,0.255189
43.300000,14.190620,13.617118,1.133297,0.479303,0.034320,-0.115993,10.288728,-0.634655,3.923874,6.364854,0.186697,0.255025
43.333333,14.196375,13.632053,1.129418,0.478530,0.034400,-0.116356,10.272641,-0.635597,3.914019,6.358622,0.186401,0.254862
43.366667,14.202175,13.646943,1.125528,0.477764,0.034478,-0.116713,10.256842,-0.636490,3.904402,6.352441,0.186111,0.254701
43.400000,14.208019,13.661788,1.121626,0.477006,0.034555,-0.117064,10.241333,-0.637334,3.895024,6.346309,0.185829,0.254541
43.433333,14.213908,13.676589,1.117712,0.476255,0.034631,-0.117410,10.226115,-0.638128,3.885888,6.340227,0.185553,0.254382
43.466667,14.219842,13.691345,1.113787,0.475511,0.034706,-0.117749,10.211187,-0.638872,3.876994,6.334193,0.185285,0.254224
43.500000,14.225820,13.706057,1.109851,0.474775,0.034779,-0.118083,10.196552,-0.639565,3.868344,6.328208,0.185024,0.254068
43.533333,14.231844,13.720725,1.105904,0.474047,0.034851,-0.118410,10.182210,-0.640207,3.859938,6.322272,0.184770,0.253912
43.566667,14.237912,13.735348,1.101946,0.473327,0.034922,-0.118731,10.168161,-0.640797,3.851778,6.316383,0.184524,0.253758
43.600000,14.244025,13.749927,1.097978,0.472614,0.034991,-0.119046,10.154408,-0.641336,3.843866,6.310542,0.184285,0.253605
43.633333,14.250184,13.764461,1.093999,0.471909,0.035059,-0.119354,10.140949,-0.641822,3.836201,6.304748,0.184053,0.253454
43.666667,14.256387,13.778951,1.090011,0.471212,0.035125,-0.119656,10.127787,-0.642256,3.828786,6.299000,0.183829,0.253303
43.700000,14.262636,13.793397,1.086012,0.470523,0.035190,-0.119952,10.114921,-0.642637,3.821621,6.293300,0.183612,0.253154
43.733333,14.268929,13.807799,1.082004,0.469843,0.035254,-0.120240,10.102352,-0.642964,3.814706,6.287646,0.183403,0.253006
43.766667,14.275269,13.822156,1.077987,0.469170,0.035316,-0.120522,10.090081,-0.643238,3.808044,6.282038,0.183201,0.252859
43.800000,14.281653,13.836469,1.073961,0.468506,0.035377,-0.120797,10.078109,-0.643459,3.801633,6.276475,0.183006,0.252713
43.833333,14.288083,13.850737,1.069925,0.467850,0.035436,-0.121065,10.066435,-0.643625,3.795476,6.270959,0.182820,0.252568
43.866667,14.294558,13.864962,1.065881,0.467202,0.035494,-0.121326,10.055061,-0.643738,3.789573,6.265488,0.182641,0.252425
43.900000,14.301078,13.879142,1.061828,0.466563,0.035550,-0.121580,10.043987,-0.643796,3.783925,6.260062,0.182469,0.252282
43.933333,14.307645,13.893278,1.057767,0.465932,0.035605,-0.121826,10.033212,-0.643799,3.778531,6.254681,0.182306,0.252141
43.966667,14.314256,13.907370,1.053698,0.465310,0.035658,-0.122066,10.022739,-0.643748,3.773393,6.249346,0.182150,0.252001
44.000000,14.320914,13.921418,1.049622,0.464697,0.035710,-0.122298,10.012566,-0.643642,3.768510,6.244055,0.182002,0.251862
44.033333,14.327617,13.935423,1.045538,0.464092,0.035761,-0.122522,10.002694,-0.643481,3.763884,6.238809,0.181861,0.251724
44.066667,14.334365,13.949383,1.041446,0.463496,0.035809,-0.122739,9.993123,-0.643264,3.759515,6.233608,0.181728,0.251588
44.100000,14.341159,13.963299,1.037348,0.462909,0.035857,-0.122949,9.983854,-0.642993,3.755402,6.228452,0.181603,0.251452
44.133333,14.348000,13.977171,1.033243,0.462331,0.035902,-0.123151,9.974887,-0.642667,3.751546,6.223341,0.181486,0.251318
44.166667,14.354886,13.990999,1.029132,0.461761,0.035947,-0.123345,9.966221,-0.642285,3.747947,6.218274,0.181377,0.251184
44.200000,14.361817,14.004784,1.025014,0.461201,0.035989,-0.123531,9.957858,-0.641848,3.744605,6.213252,0.181275,0.251052
44.233333,14.368795,14.018525,1.020890,0.460650,0.036030,-0.123710,9.949796,-0.641356,3.741521,6.208275,0.181181,0.250921
44.266667,14.375819,14.032222,1.016761,0.460108,0.036070,-0.123880,9.942037,-0.640809,3.738693,6.203344,0.181095,0.250792
44.300000,14.382888,14.045875,1.012626,0.459575,0.036108,-0.124043,9.934579,-0.640207,3.736122,6.198457,0.181017,0.250663
44.333333,14.390004,14.059485,1.008486,0.459051,0.036144,-0.124197,9.927423,-0.639550,3.733808,6.193615,0.180946,0.250535
44.366667,14.397166,14.073051,1.004342,0.458536,0.036179,-0.124344,9.920570,-0.638838,3.731750,6.188819,0.180884,0.250409
44.400000,14.404374,14.086574,1.000192,0.458031,0.036212,-0.124483,9.914017,-0.638071,3.729949,6.184069,0.180829,0.250284
44.433333,14.411628,14.100053,0.996038,0.457535,0.036243,-0.124613,9.907767,-0.637250,3.728403,6.179364,0.180782,0.250160
44.466667,14.418928,14.113489,0.991881,0.457049,0.036273,-0.124735,9.901818,-0.636374,3.727112,6.174706,0.180742,0.250037
44.500000,14.426274,14.126881,0.987719,0.456572,0.036301,-0.124849,9.896170,-0.635445,3.726076,6.170094,0.180711,0.249915
44.533333,14.433667,14.140230,0.983554,0.456104,0.036328,-0.124954,9.890823,-0.634461,3.725294,6.165529,0.180687,0.249795
44.566667,14.441105,14.153536,0.979385,0.455646,0.036353,-0.125051,9.885776,-0.633424,3.724765,6.161011,0.180671,0.249676
44.600000,14.448590,14.166798,0.975214,0.455198,0.036377,-0.125140,9.881030,-0.632333,3.724490,6.156540,0.180663,0.249558
44.633333,14.456122,14.180018,0.971040,0.454759,0.036398,-0.125221,9.876583,-0.631189,3.724466,6.152117,0.180662,0.249441
44.666667,14.463700,14.193194,0.966864,0.454330,0.036418,-0.125293,9.872436,-0.629992,3.724694,6.147742,0.180669,0.249326
44.700000,14.471324,14.206327,0.962685,0.453910,0.036437,-0.125356,9.868589,-0.628743,3.725173,6.143416,0.180683,0.249211
44.733333,14.478995,14.219418,0.958505,0.453500,0.036454,-0.125411,9.865039,-0.627442,3.725900,6.139139,0.180706,0.249098
44.766667,14.486712,14.232465,0.954323,0.453100,0.036469,-0.125458,9.861788,-0.626089,3.726877,6.134911,0.180735,0.248987
44.800000,14.494475,14.245470,0.950140,0.452710,0.036482,-0.125496,9.858834,-0.624685,3.728100,6.130734,0.180773,0.248876
44.833333,14.502285,14.258432,0.945955,0.452330,0.036494,-0.125525,9.856178,-0.623230,3.729570,6.126607,0.180817,0.248767
44.866667,14.510142,14.271351,0.941771,0.451959,0.036504,-0.125546,9.853817,-0.621724,3.731286,6.122531,0.180870,0.248659
44.900000,14.518045,14.284227,0.937585,0.451599,0.036513,-0.125558,9.851753,-0.620168,3.733245,6.118508,0.180929,0.248553
44.933333,14.525995,14.297061,0.933400,0.451248,0.036520,-0.125562,9.849983,-0.618563,3.735447,6.114536,0.180996,0.248448
44.966667,14.533991,14.309852,0.929215,0.450908,0.036525,-0.125557,9.848508,-0.616909,3.737891,6.110617,0.181071,0.248344
45.000000,14.542034,14.322601,0.925030,0.450577,0.036528,-0.125543,9.847327,-0.615206,3.740574,6.106752,0.181152,0.248242
45.033333,14.550124,14.335308,0.920846,0.450256,0.036530,-0.125521,9.846438,-0.613456,3.743497,6.102941,0.181241,0.248141
45.066667,14.558260,14.347972,0.916663,0.449946,0.036530,-0.125490,9.845842,-0.611658,3.746656,6.099186,0.181337,0.248042
45.100000,14.566443,14.360594,0.912481,0.449645,0.036529,-0.125451,9.845537,-0.609813,3.750052,6.095485,0.181441,0.247944
45.133333,14.574673,14.373174,0.908301,0.449354,0.036526,-0.125403,9.845523,-0.607922,3.753681,6.091841,0.181551,0.247847
45.166667,14.582949,14.385712,0.904123,0.449074,0.036521,-0.125346,9.845798,-0.605985,3.757543,6.088255,0.181668,0.247752
45.200000,14.591272,14.398207,0.899947,0.448804,0.036514,-0.125281,9.846362,-0.604003,3.761636,6.084726,0.181793,0.247659
45.233333,14.599642,14.410661,0.895773,0.448543,0.036506,-0.125207,9.847214,-0.601977,3.765959,6.081255,0.181924,0.247567
45.266667,14.608059,14.423073,0.891602,0.448293,0.036496,-0.125125,9.848352,-0.599907,3.770508,6.077844,0.182062,0.247476
45.300000,14.616523,14.435443,0.887435,0.448053,0.036485,-0.125035,9.849777,-0.597794,3.775284,6.074493,0.182207,0.247387
45.333333,14.625033,14.447772,0.883270,0.447823,0.036472,-0.124935,9.851487,-0.595639,3.780283,6.071203,0.182359,0.247300
45.366667,14.633590,14.460059,0.879109,0.447604,0.036457,-0.124828,9.853480,-0.593442,3.785505,6.067975,0.182517,0.247215
45.400000,14.642195,14.472304,0.874952,0.447394,0.036441,-0.124712,9.855756,-0.591205,3.790946,6.064810,0.182682,0.247131
45.433333,14.650846,14.484508,0.870799,0.447195,0.036423,-0.124587,9.858314,-0.588927,3.796606,6.061708,0.182854,0.247048
45.466667,14.659543,14.496671,0.866651,0.447006,0.036403,-0.124455,9.861153,-0.586609,3.802482,6.058671,0.183032,0.246968
45.500000,14.668288,14.508792,0.862507,0.446827,0.036382,-0.124313,9.864271,-0.584253,3.808573,6.055698,0.183217,0.246889
45.533333,14.677080,14.520872,0.858368,0.446658,0.036359,-0.124164,9.867667,-0.581858,3.814875,6.052792,0.183408,0.246812
45.566667,14.685918,14.532912,0.854235,0.446500,0.036334,-0.124006,9.871341,-0.579427,3.821388,6.049953,0.183605,0.246736
45.600000,14.694804,14.544910,0.850107,0.446352,0.036308,-0.123841,9.875291,-0.576959,3.828109,6.047182,0.183808,0.246663
45.633333,14.703736,14.556867,0.845984,0.446214,0.036280,-0.123667,9.879515,-0.574455,3.835036,6.044479,0.184018,0.246591
45.666667,14.712716,14.568783,0.841868,0.446086,0.036251,-0.123485,9.884013,-0.571916,3.842167,6.041846,0.184233,0.246521
45.700000,14.721742,14.580658,0.837758,0.445968,0.036220,-0.123295,9.888783,-0.569344,3.849500,6.039284,0.184455,0.246453
45.733333,14.730815,14.592493,0.833655,0.445860,0.036188,-0.123097,9.893825,-0.566738,3.857032,6.036793,0.184683,0.246387
45.766667,14.739935,14.604288,0.829559,0.445763,0.036153,-0.122891,9.899136,-0.564099,3.864761,6.034374,0.184916,0.246323
45.800000,14.749103,14.616041,0.825470,0.445676,0.036118,-0.122677,9.904715,-0.561429,3.872686,6.032029,0.185155,0.246260
45.833333,14.758317,14.627755,0.821388,0.445599,0.036081,-0.122455,9.910561,-0.558728,3.880803,6.029758,0.185400,0.246200
45.866667,14.767578,14.639428,0.817313,0.445532,0.036042,-0.122226,9.916673,-0.555997,3.889111,6.027562,0.185651,0.246142
45.900000,14.776886,14.651061,0.813247,0.445475,0.036001,-0.121989,9.923049,-0.553237,3.897607,6.025442,0.185907,0.246085
45.933333,14.786241,14.662654,0.809189,0.445429,0.035959,-0.121744,9.929688,-0.550448,3.906290,6.023399,0.186168,0.246031
45.966667,14.795643,14.674206,0.805139,0.445392,0.035916,-0.121492,9.936589,-0.547632,3.915155,6.021434,0.186435,0.245979
46.000000,14.805093,14.685719,0.801098,0.445366,0.035871,-0.121233,9.943750,-0.544790,3.924202,6.019547,0.186707,0.245928
46.033333,14.814589,14.697193,0.797066,0.445350,0.035825,-0.120966,9.951169,-0.541921,3.933428,6.017740,0.186985,0.245880
46.066667,14.824132,14.708626,0.793043,0.445343,0.035777,-0.120692,9.958845,-0.539027,3.942831,6.016014,0.187267,0.245835
46.100000,14.833722,14.720020,0.789029,0.445347,0.035727,-0.120410,9.966777,-0.536110,3.952408,6.014369,0.187555,0.245791
46.133333,14.843359,14.731374,0.785025,0.445361,0.035676,-0.120122,9.974963,-0.533169,3.962157,6.012806,0.187847,0.245749
46.166667,14.853043,14.742689,0.781031,0.445385,0.035624,-0.119826,9.983401,-0.530205,3.972075,6.011326,0.188145,0.245710
46.200000,14.862774,14.753964,0.777047,0.445419,0.035570,-0.119523,9.992091,-0.527220,3.982161,6.009930,0.188447,0.245673
46.233333,14.872552,14.765201,0.773073,0.445462,0.035515,-0.119214,10.001030,-0.524214,3.992411,6.008619,0.188754,0.245638
46.266667,14.882377,14.776398,0.769110,0.445516,0.035458,-0.118898,10.010217,-0.521188,4.002824,6.007393,0.189066,0.245605
46.300000,14.892249,14.787556,0.765157,0.445579,0.035400,-0.118575,10.019651,-0.518143,4.013397,6.006254,0.189382,0.245575
46.333333,14.902168,14.798676,0.761216,0.445653,0.035340,-0.118245,10.029329,-0.515079,4.024127,6.005202,0.189703,0.245547
46.366667,14.912134,14.809756,0.757286,0.445736,0.035279,-0.117909,10.039251,-0.511999,4.035013,6.004238,0.190028,0.245521
46.400000,14.922147,14.820798,0.753367,0.445829,0.035217,-0.117567,10.049414,-0.508901,4.046051,6.003363,0.190358,0.245498
46.433333,14.932207,14.831801,0.749459,0.445932,0.035153,-0.117218,10.059818,-0.505788,4.057240,6.002577,0.190692,0.245477
46.466667,14.942314,14.842766,0.745564,0.446044,0.035088,-0.116863,10.070459,-0.502659,4.068577,6.001882,0.191030,0.245458
46.500000,14.952467,14.853693,0.741681,0.446166,0.035022,-0.116502,10.081338,-0.499516,4.080060,6.001277,0.191372,0.245442
46.533333,14.962668,14.864581,0.737809,0.446298,0.034954,-0.116135,10.092451,-0.496360,4.091687,6.000765,0.191718,0.245429
46.566667,14.972916,14.875431,0.733951,0.446440,0.034885,-0.115761,10.103798,-0.493192,4.103454,6.000344,0.192068,0.245418
46.600000,14.983210,14.886243,0.730105,0.446591,0.034815,-0.115383,10.115377,-0.490011,4.115360,6.000017,0.192422,0.245409
46.633333,14.993551,14.897017,0.726271,0.446751,0.034743,-0.114998,10.127186,-0.486819,4.127402,5.999784,0.192780,0.245403
46.666667,15.003940,14.907754,0.722451,0.446921,0.034670,-0.114608,10.139223,-0.483617,4.139578,5.999645,0.193142,0.245399
46.700000,15.014375,14.918452,0.718644,0.447101,0.034596,-0.114212,10.151487,-0.480406,4.151886,5.999601,0.193507,0.245398
46.733333,15.024857,14.929114,0.714850,0.447290,0.034520,-0.113810,10.163976,-0.477185,4.164324,5.999652,0.193875,0.245399
46.766667,15.035385,14.939737,0.711070,0.447488,0.034444,-0.113404,10.176688,-0.473957,4.176888,5.999800,0.194248,0.245403
46.800000,15.045961,14.950323,0.707304,0.447696,0.034366,-0.112992,10.189622,-0.470721,4.189578,6.000044,0.194623,0.245410
46.833333,15.056584,14.960872,0.703551,0.447912,0.034287,-0.112575,10.202776,-0.467479,4.202390,6.000386,0.195002,0.245419
46.866667,15.067253,14.971384,0.699813,0.448139,0.034206,-0.112153,10.216148,-0.464231,4.215322,6.000826,0.195384,0.245430
46.900000,15.077969,14.981859,0.696089,0.448374,0.034125,-0.111727,10.229736,-0.460978,4.228373,6.001364,0.195770,0.245445
46.933333,15.088731,14.992297,0.692379,0.448618,0.034042,-0.111295,10.243539,-0.457720,4.241539,6.002000,0.196158,0.245462
46.966667,15.099541,15.002698,0.688684,0.448872,0.033958,-0.110859,10.257555,-0.454459,4.254819,6.002736,0.196549,0.245481
47.000000,15.110397,15.013063,0.685003,0.449134,0.033874,-0.110418,10.271782,-0.451194,4.268210,6.003572,0.196944,0.245503
47.033333,15.121300,15.023391,0.681337,0.449406,0.033787,-0.109973,10.286219,-0.447927,4.281711,6.004508,0.197341,0.245528
47.066667,15.132250,15.033683,0.677686,0.449686,0.033700,-0.109523,10.300863,-0.444658,4.295319,6.005544,0.197741,0.245556
47.100000,15.143246,15.043938,0.674051,0.449976,0.033612,-0.109069,10.315713,-0.441389,4.309032,6.006681,0.198144,0.245586
47.133333,15.154289,15.054157,0.670430,0.450274,0.033523,-0.108611,10.330767,-0.438118,4.322848,6.007919,0.198550,0.245619
47.166667,15.165378,15.064340,0.666825,0.450581,0.033432,-0.108149,10.346023,-0.434848,4.336765,6.009259,0.198958,0.245655
47.200000,15.176514,15.074487,0.663236,0.450897,0.033341,-0.107683,10.361480,-0.431579,4.350780,6.010700,0.199369,0.245693
47.233333,15.187697,15.084599,0.659662,0.451221,0.033249,-0.107213,10.377136,-0.428311,4.364893,6.012244,0.199782,0.245734
47.266667,15.198926,15.094674,0.656104,0.451554,0.033155,-0.106740,10.392989,-0.425045,4.379100,6.013889,0.200198,0.245778
47.300000,15.210202,15.104714,0.652562,0.451895,0.033061,-0.106263,10.409037,-0.421782,4.393399,6.015638,0.200616,0.245825
47.333333,15.221524,15.114719,0.649036,0.452245,0.032965,-0.105782,10.425279,-0.418522,4.407790,6.017489,0.201036,0.245874
47.366667,15.232893,15.124688,0.645526,0.452603,0.032869,-0.105298,10.441712,-0.415265,4.422269,6.019443,0.201459,0.245926
47.400000,15.244308,15.134622,0.642032,0.452970,0.032772,-0.104811,10.458335,-0.412013,4.436835,6.021500,0.201883,0.245980
47.433333,15.255769,15.144521,0.638555,0.453345,0.032674,-0.104320,10.475146,-0.408765,4.451486,6.023660,0.202310,0.246038
47.466667,15.267277,15.154385,0.635094,0.453728,0.032574,-0.103827,10.492144,-0.405523,4.466220,6.025924,0.202739,0.246098
47.500000,15.278832,15.164215,0.631650,0.454120,0.032474,-0.103330,10.509326,-0.402287,4.481035,6.028291,0.203170,0.246161
47.533333,15.290432,15.174009,0.628222,0.454519,0.032373,-0.102831,10.526690,-0.399057,4.495929,6.030762,0.203602,0.246227
47.566667,15.302079,15.183769,0.624811,0.454927,0.032272,-0.102329,10.544236,-0.395833,4.510900,6.033336,0.204037,0.246295
47.600000,15.313772,15.193495,0.621417,0.455342,0.032169,-0.101824,10.561961,-0.392617,4.525948,6.036013,0.204473,0.246366
47.633333,15.325512,15.203186,0.618040,0.455766,0.032066,-0.101317,10.579863,-0.389409,4.541069,6.038794,0.204911,0.246440
47.666667,15.337297,15.212843,0.614680,0.456197,0.031961,-0.100807,10.597941,-0.386209,4.556262,6.041679,0.205351,0.246517
47.700000,15.349129,15.222466,0.611337,0.456636,0.031856,-0.100295,10.616192,-0.383017,4.571525,6.044667,0.205793,0.246596
47.733333,15.361007,15.232055,0.608010,0.457083,0.031750,-0.099781,10.634616,-0.379834,4.586857,6.047759,0.206236,0.246678
47.766667,15.372931,15.241610,0.604702,0.457538,0.031644,-0.099264,10.653209,-0.376661,4.602256,6.050954,0.206680,0.246763
47.800000,15.384901,15.251132,0.601410,0.458000,0.031536,-0.098745,10.671971,-0.373498,4.617720,6.054252,0.207126,0.246851
47.833333,15.396918,15.260619,0.598136,0.458469,0.031428,-0.098225,10.690900,-0.370345,4.633247,6.057653,0.207573,0.246941
47.866667,15.408980,15.270074,0.594879,0.458946,0.031319,-0.097703,10.709993,-0.367203,4.648837,6.061157,0.208022,0.247034
47.900000,15.421088,15.279495,0.591640,0.459431,0.031210,-0.097178,10.729250,-0.364072,4.664487,6.064763,0.208472,0.247129
47.933333,15.433242,15.288883,0.588418,0.459923,0.031100,-0.096653,10.748668,-0.360952,4.680195,6.068473,0.208924,0.247228
47.966667,15.445442,15.298239,0.585214,0.460422,0.030989,-0.096125,10.768245,-0.357844,4.695961,6.072284,0.209376,0.247329
48.000000,15.457688,15.307561,0.582027,0.460928,0.030877,-0.095597,10.787980,-0.354748,4.711782,6.076198,0.209830,0.247433
48.033333,15.469979,15.316850,0.578859,0.461441,0.030765,-0.095066,10.807871,-0.351664,4.727658,6.080213,0.210285,0.247539
48.066667,15.482317,15.326107,0.575707,0.461962,0.030652,-0.094535,10.827916,-0.348594,4.743586,6.084330,0.210741,0.247648
48.100000,15.494700,15.335331,0.572574,0.462489,0.030539,-0.094002,10.848114,-0.345536,4.759565,6.088549,0.211198,0.247760
48.133333,15.507129,15.344523,0.569458,0.463023,0.030425,-0.093468,10.868462,-0.342491,4.775594,6.092868,0.211656,0.247874
48.166667,15.519603,15.353683,0.566361,0.463564,0.030310,-0.092934,10.888959,-0.339460,4.791671,6.097288,0.212115,0.247991
48.200000,15.532124,15.362811,0.563281,0.464112,0.030195,-0.092398,10.909603,-0.336443,4.807795,6.101808,0.212574,0.248111
48.233333,15.544689,15.371906,0.560219,0.464667,0.030079,-0.091861,10.930393,-0.333441,4.823964,6.106429,0.213035,0.248233
48.266667,15.557300,15.380970,0.557175,0.465228,0.029963,-0.091324,10.951326,-0.330452,4.840178,6.111148,0.213496,0.248358
48.300000,15.569957,15.390002,0.554148,0.465795,0.029846,-0.090786,10.972401,-0.327479,4.856434,6.115967,0.213959,0.248486
48.333333,15.582659,15.399003,0.551140,0.466370,0.029729,-0.090247,10.993616,-0.324520,4.872731,6.120885,0.214422,0.248616
48.366667,15.595407,15.407972,0.548150,0.466950,0.029611,-0.089708,11.014970,-0.321576,4.889069,6.125901,0.214885,0.248748
48.400000,15.608200,15.416910,0.545178,0.467537,0.029492,-0.089168,11.036460,-0.318648,4.905445,6.131015,0.215350,0.248884
48.433333,15.621038,15.425816,0.542223,0.468130,0.029374,-0.088628,11.058085,-0.315735,4.921859,6.136226,0.215814,0.249021
48.466667,15.633921,15.434692,0.539287,0.468730,0.029254,-0.088088,11.079843,-0.312838,4.938309,6.141534,0.216280,0.249162
48.500000,15.646850,15.443537,0.536369,0.469335,0.029135,-0.087548,11.101733,-0.309958,4.954794,6.146938,0.216746,0.249304
48.533333,15.659824,15.452351,0.533469,0.469947,0.029015,-0.087007,11.123752,-0.307093,4.971313,6.152439,0.217213,0.249450
48.566667,15.672843,15.461134,0.530586,0.470564,0.028894,-0.086466,11.145899,-0.304244,4.987864,6.158035,0.217680,0.249597
48.600000,15.685907,15.469887,0.527722,0.471188,0.028773,-0.085926,11.168173,-0.301412,5.004447,6.163726,0.218147,0.249747
48.633333,15.699016,15.478610,0.524876,0.471817,0.028652,-0.085385,11.190571,-0.298597,5.021060,6.169511,0.218615,0.249900
48.666667,15.712170,15.487303,0.522048,0.472452,0.028531,-0.084845,11.213092,-0.295799,5.037702,6.175390,0.219083,0.250055
48.700000,15.725369,15.495965,0.519238,0.473093,0.028409,-0.084305,11.235734,-0.293017,5.054372,6.181362,0.219551,0.250213
48.733333,15.738613,15.504597,0.516445,0.473739,0.028286,-0.083765,11.258496,-0.290253,5.071069,6.187427,0.220020,0.250372
48.766667,15.751901,15.513200,0.513671,0.474391,0.028164,-0.083226,11.281375,-0.287506,5.087792,6.193583,0.220489,0.250535
48.800000,15.765235,15.521773,0.510915,0.475048,0.028041,-0.082687,11.304371,-0.284776,5.104539,6.199832,0.220959,0.250699
48.833333,15.778613,15.530316,0.508177,0.475711,0.027918,-0.082148,11.327480,-0.282064,5.121310,6.206171,0.221428,0.250866
48.866667,15.792035,15.538831,0.505456,0.476379,0.027794,-0.081610,11.350703,-0.279369,5.138103,6.212600,0.221898,0.251035
48.900000,15.805503,15.547315,0.502754,0.477052,0.027670,-0.081073,11.374037,-0.276692,5.154918,6.219118,0.222368,0.251207
48.933333,15.819015,15.555771,0.500069,0.477730,0.027546,-0.080536,11.397480,-0.274033,5.171753,6.225726,0.222838,0.251380
48.966667,15.832571,15.564198,0.497403,0.478414,0.027422,-0.080001,11.421030,-0.271392,5.188608,6.232422,0.223308,0.251556
49.000000,15.846172,15.572596,0.494754,0.479102,0.027297,-0.079465,11.444687,-0.268768,5.205482,6.239205,0.223778,0.251735
49.033333,15.859817,15.580965,0.492123,0.479796,0.027173,-0.078931,11.468448,-0.266163,5.222373,6.246076,0.224248,0.251915
49.066667,15.873506,15.589306,0.489510,0.480494,0.027048,-0.078398,11.492312,-0.263576,5.239280,6.253032,0.224718,0.252098
49.100000,15.887240,15.597619,0.486914,0.481197,0.026922,-0.077866,11.516277,-0.261006,5.256203,6.260074,0.225188,0.252283
49.133333,15.901018,15.605903,0.484336,0.481905,0.026797,-0.077335,11.540341,-0.258456,5.273141,6.267201,0.225658,0.252470
49.166667,15.914840,15.614159,0.481776,0.482618,0.026671,-0.076804,11.564503,-0.255923,5.290092,6.274411,0.226128,0.252659
49.200000,15.928707,15.622387,0.479234,0.483335,0.026546,-0.076275,11.588762,-0.253409,5.307056,6.281706,0.226598,0.252850
49.233333,15.942617,15.630587,0.476709,0.484057,0.026420,-0.075748,11.613115,-0.250913,5.324032,6.289083,0.227068,0.253043
49.266667,15.956571,15.638759,0.474201,0.484783,0.026294,-0.075221,11.637561,-0.248436,5.341020,6.296541,0.227537,0.253239
49.300000,15.970569,15.646904,0.471711,0.485514,0.026168,-0.074696,11.662098,-0.245977,5.358017,6.304081,0.228007,0.253436
49.333333,15.984611,15.655021,0.469239,0.486249,0.026042,-0.074172,11.686725,-0.243536,5.375024,6.311702,0.228476,0.253636
49.366667,15.998697,15.663111,0.466784,0.486988,0.025915,-0.073649,11.711440,-0.241114,5.392039,6.319402,0.228945,0.253837
49.400000,16.012826,15.671174,0.464346,0.487731,0.025789,-0.073128,11.736242,-0.238711,5.409061,6.327180,0.229414,0.254041
49.433333,16.026999,15.679210,0.461926,0.488479,0.025662,-0.072609,11.761129,-0.236326,5.426091,6.335037,0.229882,0.254246
49.466667,16.041216,15.687219,0.459523,0.489230,0.025536,-0.072090,11.786098,-0.233960,5.443127,6.342972,0.230350,0.254453
49.500000,16.055476,15.695202,0.457137,0.489986,0.025409,-0.071574,11.811150,-0.231612,5.460167,6.350983,0.230818,0.254663
49.533333,16.069780,15.703158,0.454769,0.490745,0.025283,-0.071059,11.836282,-0.229283,5.477212,6.359070,0.231286,0.254874
49.566667,16.084127,15.711087,0.452417,0.491508,0.025156,-0.070546,11.861493,-0.226972,5.494261,6.367232,0.231753,0.255087
49.600000,16.098517,15.718990,0.450083,0.492275,0.025029,-0.070034,11.886780,-0.224680,5.511312,6.375468,0.232219,0.255302
49.633333,16.112951,15.726867,0.447765,0.493046,0.024902,-0.069524,11.912143,-0.222407,5.528366,6.383778,0.232686,0.255518
49.666667,16.127428,15.734717,0.445465,0.493820,0.024775,-0.069016,11.937580,-0.220152,5.545420,6.392160,0.233152,0.255737
49.700000,16.141948,15.742542,0.443181,0.494598,0.024649,-0.068510,11.963090,-0.217916,5.562476,6.400614,0.233617,0.255957
49.733333,16.156511,15.750341,0.440914,0.495379,0.024522,-0.068005,11.988670,-0.215698,5.579531,6.409139,0.234082,0.256179
49.766667,16.171117,15.758115,0.438664,0.496164,0.024395,-0.067502,12.014320,-0.213499,5.596585,6.417735,0.234547,0.256403
49.800000,16.185766,15.765863,0.436431,0.496952,0.024269,-0.067002,12.040037,-0.211318,5.613637,6.426400,0.235011,0.256628
49.833333,16.200458,15.773586,0.434214,0.497744,0.024142,-0.066503,12.065820,-0.209156,5.630687,6.435133,0.235475,0.256855
49.866667,16.215192,15.781283,0.432014,0.498538,0.024015,-0.066006,12.091669,-0.207012,5.647734,6.443935,0.235938,0.257084
49.900000,16.229970,15.788955,0.429830,0.499336,0.023889,-0.065511,12.117580,-0.204887,5.664777,6.452803,0.236400,0.257314
49.933333,16.244790,15.796603,0.427663,0.500137,0.023762,-0.065018,12.143553,-0.202780,5.681816,6.461738,0.236862,0.257546
49.966667,16.259652,15.804226,0.425512,0.500941,0.023636,-0.064528,12.169587,-0.200691,5.698849,6.470738,0.237324,0.257780
50.000000,16.274557,15.811824,0.423377,0.501747,0.023509,-0.064039,12.195679,-0.198621,5.715877,6.479802,0.237784,0.258015
50.033333,16.289505,15.819397,0.421259,0.502557,0.023383,-0.063552,12.221828,-0.196568,5.732898,6.488930,0.238245,0.258252
50.066667,16.304495,15.826946,0.419157,0.503370,0.023257,-0.063068,12.248033,-0.194535,5.749911,6.498121,0.238704,0.258490
50.100000,16.319527,15.834471,0.417070,0.504185,0.023131,-0.062586,12.274292,-0.192519,5.766917,6.507375,0.239163,0.258730
50.133333,16.334601,15.841972,0.415000,0.505003,0.023005,-0.062105,12.300604,-0.190521,5.783915,6.516689,0.239621,0.258971
50.166667,16.349717,15.849449,0.412946,0.505823,0.022880,-0.061628,12.326967,-0.188542,5.800903,6.526064,0.240079,0.259213
50.200000,16.364876,15.856902,0.410908,0.506647,0.022754,-0.061152,12.353380,-0.186580,5.817881,6.535498,0.240535,0.259457
50.233333,16.380076,15.864331,0.408885,0.507472,0.022628,-0.060679,12.379841,-0.184637,5.834849,6.544992,0.240992,0.259703
50.266667,16.395319,15.871737,0.406878,0.508300,0.022503,-0.060207,12.406349,-0.182712,5.851806,6.554543,0.241447,0.259949
50.300000,16.410603,15.879119,0.404887,0.509131,0.022378,-0.059739,12.432902,-0.180804,5.868751,6.564151,0.241902,0.260198
50.333333,16.425929,15.886479,0.402911,0.509964,0.022253,-0.059272,12.459500,-0.178914,5.885684,6.573816,0.242355,0.260447
50.366667,16.441296,15.893815,0.400951,0.510799,0.022128,-0.058808,12.486140,-0.177042,5.902604,6.583536,0.242809,0.260698
50.400000,16.456705,15.901128,0.399006,0.511636,0.022004,-0.058346,12.512821,-0.175188,5.919511,6.593310,0.243261,0.260950
50.433333,16.472156,15.908418,0.397076,0.512475,0.021879,-0.057887,12.539541,-0.173351,5.936403,6.603138,0.243712,0.261203
50.466667,16.487648,15.915685,0.395162,0.513317,0.021755,-0.057430,12.566300,-0.171532,5.953280,6.613020,0.244163,0.261457
50.500000,16.503181,15.922930,0.393263,0.514160,0.021631,-0.056975,12.593096,-0.169731,5.970143,6.622953,0.244613,0.261713
50.533333,16.518756,15.930153,0.391379,0.515005,0.021507,-0.056523,12.619927,-0.167947,5.986989,6.632938,0.245062,0.261970
50.566667,16.534372,15.937353,0.389510,0.515853,0.021384,-0.056073,12.646792,-0.166180,6.003819,6.642973,0.245510,0.262228
50.600000,16.550029,15.944531,0.387655,0.516702,0.021261,-0.055626,12.673689,-0.164431,6.020631,6.653058,0.245957,0.262487
50.633333,16.565727,15.951686,0.385816,0.517553,0.021137,-0.055181,12.700618,-0.162699,6.037426,6.663191,0.246404,0.262748
50.666667,16.581466,15.958820,0.383991,0.518405,0.021015,-0.054739,12.727576,-0.160984,6.054203,6.673373,0.246849,0.263009
50.700000,16.597246,15.965933,0.382181,0.519259,0.020892,-0.054299,12.754563,-0.159287,6.070961,6.683602,0.247294,0.263271
50.733333,16.613066,15.973023,0.380386,0.520115,0.020770,-0.053862,12.781576,-0.157606,6.087700,6.693877,0.247737,0.263535
50.766667,16.628927,15.980092,0.378605,0.520973,0.020648,-0.053427,12.808616,-0.155943,6.104418,6.704197,0.248180,0.263799
50.800000,16.644829,15.987140,0.376839,0.521831,0.020526,-0.052995,12.835679,-0.154296,6.121116,6.714563,0.248622,0.264065
50.833333,16.660771,15.994166,0.375086,0.522692,0.020405,-0.052566,12.862765,-0.152666,6.137793,6.724972,0.249063,0.264332
50.866667,16.676754,16.001172,0.373348,0.523553,0.020283,-0.052139,12.889873,-0.151054,6.154449,6.735424,0.249503,0.264599
50.900000,16.692777,16.008156,0.371625,0.524416,0.020162,-0.051714,12.917001,-0.149457,6.171082,6.745919,0.249942,0.264867
50.933333,16.708841,16.015119,0.369915,0.525280,0.020042,-0.051292,12.944147,-0.147878,6.187693,6.756454,0.250379,0.265137
50.966667,16.724944,16.022062,0.368219,0.526146,0.019922,-0.050873,12.971311,-0.146315,6.204280,6.767031,0.250816,0.265407
51.000000,16.741088,16.028984,0.366537,0.527012,0.019802,-0.050456,12.998491,-0.144769,6.220844,6.777647,0.251252,0.265678
51.033333,16.757271,16.035886,0.364869,0.527880,0.019682,-0.050042,13.025686,-0.143239,6.237383,6.788303,0.251687,0.265950
51.066667,16.773495,16.042768,0.363215,0.528749,0.019563,-0.049631,13.052894,-0.141726,6.253898,6.798996,0.252121,0.266222
51.100000,16.789758,16.049629,0.361574,0.529618,0.019444,-0.049222,13.080114,-0.140228,6.270387,6.809727,0.252553,0.266496
51.133333,16.806061,16.056470,0.359947,0.530489,0.019325,-0.048815,13.107345,-0.138747,6.286850,6.820494,0.252985,0.266770
51.166667,16.822404,16.063292,0.358333,0.531360,0.019207,-0.048412,13.134585,-0.137283,6.303287,6.831298,0.253415,0.267045
51.200000,16.838786,16.070093,0.356733,0.532232,0.019089,-0.048011,13.161833,-0.135834,6.319697,6.842136,0.253845,0.267321
51.233333,16.855208,16.076875,0.355146,0.533105,0.018971,-0.047613,13.189088,-0.134402,6.336079,6.853008,0.254273,0.267598
51.266667,16.871669,16.083637,0.353572,0.533979,0.018854,-0.047217,13.216348,-0.132985,6.352434,6.863914,0.254701,0.267875
51.300000,16.888169,16.090380,0.352011,0.534853,0.018737,-0.046824,13.243612,-0.131584,6.368760,6.874853,0.255127,0.268153
51.333333,16.904708,16.097104,0.350463,0.535728,0.018621,-0.046434,13.270879,-0.130199,6.385057,6.885823,0.255552,0.268431
51.366667,16.921287,16.103808,0.348928,0.536604,0.018505,-0.046046,13.298148,-0.128830,6.401324,6.896824,0.255976,0.268710
51.400000,16.937905,16.110494,0.347406,0.537480,0.018389,-0.045661,13.325417,-0.127476,6.417561,6.907856,0.256398,0.268990
51.433333,16.954561,16.117160,0.345897,0.538356,0.018273,-0.045279,13.352685,-0.126139,6.433768,6.918917,0.256820,0.269270
51.466667,16.971256,16.123808,0.344400,0.539233,0.018159,-0.044900,13.379950,-0.124816,6.449944,6.930006,0.257240,0.269551
51.500000,16.987990,16.130438,0.342916,0.540110,0.018044,-0.044523,13.407212,-0.123509,6.466088,6.941124,0.257659,0.269832
51.533333,17.004763,16.137048,0.341445,0.540988,0.017930,-0.044148,13.434469,-0.122218,6.482200,6.952269,0.258077,0.270114
51.566667,17.021574,16.143640,0.339985,0.541865,0.017816,-0.043777,13.461720,-0.120942,6.498280,6.963440,0.258494,0.270397
51.600000,17.038423,16.150215,0.338539,0.542743,0.017703,-0.043408,13.488963,-0.119681,6.514326,6.974636,0.258910,0.270680
51.633333,17.055311,16.156770,0.337104,0.543621,0.017590,-0.043042,13.516197,-0.118435,6.530339,6.985858,0.259324,0.270963
51.666667,17.072237,16.163308,0.335681,0.544500,0.017477,-0.042679,13.543422,-0.117204,6.546318,6.997103,0.259737,0.271247
51.700000,17.089201,16.169828,0.334271,0.545378,0.017365,-0.042318,13.570635,-0.115988,6.562263,7.008372,0.260149,0.271531
51.733333,17.106203,16.176330,0.332872,0.546256,0.017254,-0.041960,13.597836,-0.114788,6.578172,7.019664,0.260559,0.271816
51.766667,17.123243,16.182815,0.331485,0.547134,0.017143,-0.041605,13.625023,-0.113602,6.594046,7.030977,0.260969,0.272101
51.800000,17.140321,16.189282,0.330110,0.548013,0.017032,-0.041252,13.652195,-0.112431,6.609884,7.042311,0.261377,0.272386
51.833333,17.157437,16.195732,0.328747,0.548891,0.016922,-0.040902,13.679351,-0.111275,6.625685,7.053666,0.261784,0.272672
51.866667,17.174590,16.202164,0.327395,0.549768,0.016812,-0.040555,13.706490,-0.110134,6.641450,7.065040,0.262189,0.272958
51.900000,17.191781,16.208579,0.326054,0.550646,0.016703,-0.040211,13.733610,-0.109007,6.657176,7.076433,0.262593,0.273244
51.933333,17.209009,16.214977,0.324725,0.551523,0.016594,-0.039869,13.760709,-0.107894,6.672865,7.087844,0.262996,0.273531
51.966667,17.226274,16.221358,0.323408,0.552400,0.016485,-0.039530,13.787788,-0.106797,6.688516,7.099272,0.263397,0.273818
52.000000,17.243577,16.227723,0.322101,0.553277,0.016377,-0.039193,13.814845,-0.105713,6.704127,7.110717,0.263798,0.274105
52.033333,17.260917,16.234071,0.320806,0.554153,0.016270,-0.038860,13.841878,-0.104644,6.719700,7.122178,0.264197,0.274392
52.066667,17.278294,16.240402,0.319522,0.555029,0.016163,-0.038529,13.868886,-0.103590,6.735232,7.133654,0.264594,0.274680
52.100000,17.295707,16.246716,0.318248,0.555905,0.016056,-0.038201,13.895868,-0.102549,6.750724,7.145145,0.264990,0.274968
52.133333,17.313158,16.253015,0.316986,0.556779,0.015950,-0.037875,13.922824,-0.101523,6.766175,7.156649,0.265385,0.275255
52.166667,17.330645,16.259297,0.315734,0.557654,0.015845,-0.037552,13.949750,-0.100511,6.781585,7.168166,0.265778,0.275544
52.200000,17.348169,16.265563,0.314493,0.558527,0.015740,-0.037232,13.976648,-0.099513,6.796952,7.179695,0.266170,0.275832
52.233333,17.365730,16.271813,0.313263,0.559400,0.015635,-0.036914,14.003514,-0.098529,6.812278,7.191236,0.266561,0.276120
52.266667,17.383326,16.278047,0.312043,0.560272,0.015531,-0.036600,14.030349,-0.097559,6.827561,7.202788,0.266950,0.276409
52.300000,17.400959,16.284265,0.310833,0.561144,0.015428,-0.036288,14.057150,-0.096603,6.842801,7.214350,0.267338,0.276697
52.333333,17.418629,16.290468,0.309634,0.562014,0.015325,-0.035978,14.083918,-0.095660,6.857997,7.225921,0.267724,0.276986
52.366667,17.436334,16.296655,0.308445,0.562884,0.015222,-0.035672,14.110649,-0.094732,6.873149,7.237501,0.268109,0.277274
52.400000,17.454075,16.302827,0.307266,0.563753,0.015120,-0.035368,14.137345,-0.093817,6.888256,7.249089,0.268493,0.277563
52.433333,17.471852,16.308983,0.306097,0.564621,0.015019,-0.035066,14.164002,-0.092915,6.903318,7.260684,0.268875,0.277851
52.466667,17.489665,16.315124,0.304938,0.565488,0.014918,-0.034768,14.190621,-0.092028,6.918334,7.272286,0.269255,0.278140
52.500000,17.507514,16.321250,0.303789,0.566354,0.014818,-0.034472,14.217199,-0.091153,6.933305,7.283894,0.269635,0.278429
52.533333,17.525398,16.327362,0.302650,0.567219,0.014718,-0.034178,14.243736,-0.090292,6.948229,7.295507,0.270012,0.278717
52.566667,17.543317,16.333458,0.301520,0.568083,0.014619,-0.033888,14.270231,-0.089445,6.963106,7.307125,0.270388,0.279006
52.600000,17.561272,16.339539,0.300400,0.568946,0.014520,-0.033600,14.296682,-0.088611,6.977935,7.318747,0.270763,0.279294
52.633333,17.579262,16.345606,0.299290,0.569808,0.014422,-0.033315,14.323089,-0.087790,6.992717,7.330372,0.271136,0.279583
52.666667,17.597287,16.351658,0.298189,0.570668,0.014324,-0.033032,14.349449,-0.086983,7.007450,7.341999,0.271508,0.279871
52.700000,17.615347,16.357696,0.297097,0.571528,0.014227,-0.032752,14.375763,-0.086189,7.022134,7.353629,0.271878,0.280159
52.733333,17.633442,16.363719,0.296014,0.572386,0.014131,-0.032475,14.402028,-0.085407,7.036769,7.365259,0.272247,0.280447
52.766667,17.651571,16.369728,0.294941,0.573242,0.014035,-0.032200,14.428245,-0.084639,7.051354,7.376891,0.272614,0.280735
52.800000,17.669736,16.375723,0.293877,0.574097,0.013939,-0.031928,14.454411,-0.083884,7.065889,7.388522,0.272979,0.281022
52.833333,17.687934,16.381704,0.292821,0.574951,0.013845,-0.031659,14.480525,-0.083142,7.080373,7.400152,0.273343,0.281310
52.866667,17.706168,16.387671,0.291775,0.575804,0.013750,-0.031392,14.506587,-0.082413,7.094806,7.411781,0.273706,0.281597
52.900000,17.724435,16.393624,0.290737,0.576655,0.013657,-0.031128,14.532595,-0.081697,7.109188,7.423408,0.274066,0.281884
52.933333,17.742737,16.399564,0.289709,0.577504,0.013564,-0.030867,14.558549,-0.080994,7.123517,7.435032,0.274426,0.282171
52.966667,17.761073,16.405489,0.288688,0.578352,0.013471,-0.030608,14.584446,-0.080303,7.137794,7.446652,0.274783,0.282457
53.000000,17.779443,16.411402,0.287677,0.579199,0.013379,-0.030352,14.610286,-0.079625,7.152017,7.458269,0.275140,0.282744
53.033333,17.797846,16.417300,0.286673,0.580044,0.013288,-0.030098,14.636069,-0.078960,7.166187,7.469881,0.275494,0.283030
53.066667,17.816283,16.423186,0.285678,0.580887,0.013197,-0.029847,14.661792,-0.078308,7.180304,7.481488,0.275847,0.283315
53.100000,17.834754,16.429058,0.284692,0.581728,0.013107,-0.029599,14.687454,-0.077668,7.194365,7.493089,0.276198,0.283601
53.133333,17.853259,16.434917,0.283713,0.582568,0.013018,-0.029353,14.713055,-0.077041,7.208372,7.504683,0.276548,0.283886
53.166667,17.871797,16.440763,0.282743,0.583406,0.012929,-0.029110,14.738594,-0.076426,7.222324,7.516270,0.276896,0.284170
53.200000,17.890368,16.446595,0.281781,0.584242,0.012841,-0.028870,14.764069,-0.075824,7.236219,7.527850,0.277242,0.284455
53.233333,17.908972,16.452415,0.280826,0.585077,0.012753,-0.028632,14.789479,-0.075234,7.250059,7.539420,0.277587,0.284739
53.266667,17.927609,16.458223,0.279880,0.585909,0.012666,-0.028397,14.814824,-0.074657,7.263841,7.550982,0.277930,0.285022
53.300000,17.946279,16.464017,0.278941,0.586740,0.012580,-0.028164,14.840102,-0.074092,7.277567,7.562535,0.278271,0.285305
53.333333,17.964982,16.469799,0.278010,0.587569,0.012494,-0.027934,14.865311,-0.073539,7.291235,7.574076,0.278611,0.285588
53.366667,17.983718,16.475568,0.277086,0.588396,0.012409,-0.027707,14.890452,-0.072998,7.304845,7.585608,0.278949,0.285870
53.400000,18.002486,16.481325,0.276170,0.589220,0.012325,-0.027482,14.915523,-0.072470,7.318396,7.597127,0.279286,0.286152
53.433333,18.021287,16.487070,0.275262,0.590043,0.012241,-0.027260,14.940522,-0.071954,7.331888,7.608635,0.279620,0.286434
53.466667,18.040120,16.492802,0.274360,0.590864,0.012157,-0.027040,14.965450,-0.071450,7.345320,7.620129,0.279953,0.286715
53.500000,18.058985,16.498522,0.273466,0.591683,0.012075,-0.026823,14.990304,-0.070959,7.358693,7.631611,0.280284,0.286995
53.533333,18.077882,16.504230,0.272579,0.592499,0.011993,-0.026608,15.015084,-0.070479,7.372005,7.643079,0.280614,0.287275
53.566667,18.096811,16.509926,0.271699,0.593314,0.011912,-0.026396,15.039788,-0.070012,7.385256,7.654532,0.280942,0.287554
53.600000,18.115772,16.515610,0.270826,0.594126,0.011831,-0.026187,15.064416,-0.069556,7.398446,7.665970,0.281268,0.287833
53.633333,18.134765,16.521283,0.269960,0.594936,0.011751,-0.025980,15.088967,-0.069113,7.411575,7.677393,0.281592,0.288112
53.666667,18.153789,16.526943,0.269101,0.595743,0.011672,-0.025776,15.113439,-0.068681,7.424641,7.688799,0.281915,0.288389
53.700000,18.172845,16.532592,0.268249,0.596549,0.011593,-0.025574,15.137832,-0.068262,7.437644,7.700188,0.282235,0.288667
53.733333,18.191932,16.538229,0.267403,0.597352,0.011515,-0.025375,15.162144,-0.067854,7.450584,7.711560,0.282554,0.288943
53.766667,18.211050,16.543855,0.266564,0.598153,0.011438,-0.025178,15.186375,-0.067458,7.463460,7.722915,0.282872,0.289219
53.800000,18.230199,16.549469,0.265731,0.598951,0.011361,-0.024984,15.210523,-0.067074,7.476273,7.734250,0.283187,0.289495
53.833333,18.249380,16.555072,0.264904,0.599747,0.011285,-0.024793,15.234587,-0.066702,7.489020,7.745567,0.283501,0.289770
53.866667,18.268591,16.560664,0.264084,0.600541,0.011210,-0.024604,15.258567,-0.066342,7.501703,7.756864,0.283812,0.290044
53.900000,18.287833,16.566244,0.263270,0.601332,0.011136,-0.024418,15.282460,-0.065993,7.514320,7.768140,0.284122,0.290317
53.933333,18.307105,16.571813,0.262462,0.602121,0.011062,-0.024234,15.306268,-0.065656,7.526872,7.779396,0.284431,0.290590
53.966667,18.326408,16.577371,0.261661,0.602907,0.010989,-0.024052,15.329987,-0.065331,7.539356,7.790631,0.284737,0.290862
54.000000,18.345741,16.582918,0.260865,0.603690,0.010916,-0.023874,15.353618,-0.065018,7.551774,7.801843,0.285042,0.291134
54.033333,18.365105,16.588454,0.260075,0.604471,0.010844,-0.023697,15.377159,-0.064716,7.564125,7.813034,0.285344,0.291405
54.066667,18.384498,16.593980,0.259291,0.605250,0.010773,-0.023524,15.400609,-0.064426,7.576408,7.824201,0.285645,0.291675
54.100000,18.403921,16.599494,0.258512,0.606025,0.010703,-0.023352,15.423968,-0.064148,7.588623,7.835345,0.285944,0.291944
54.133333,18.423375,16.604998,0.257740,0.606799,0.010633,-0.023184,15.447233,-0.063881,7.600769,7.846464,0.286241,0.292213
54.166667,18.442858,16.610491,0.256972,0.607569,0.010564,-0.023018,15.470405,-0.063626,7.612846,7.857559,0.286537,0.292481
54.200000,18.462370,16.615973,0.256211,0.608337,0.010496,-0.022854,15.493482,-0.063382,7.624853,7.868629,0.286830,0.292748
54.233333,18.481912,16.621445,0.255454,0.609101,0.010428,-0.022693,15.516464,-0.063150,7.636790,7.879674,0.287121,0.293014
54.266667,18.501484,16.626907,0.254703,0.609864,0.010361,-0.022534,15.539349,-0.062929,7.648657,7.890692,0.287411,0.293280
54.300000,18.521084,16.632358,0.253957,0.610623,0.010295,-0.022378,15.562136,-0.062720,7.660452,7.901683,0.287699,0.293545
54.333333,18.540714,16.637799,0.253216,0.611379,0.010230,-0.022224,15.584824,-0.062522,7.672176,7.912648,0.287985,0.293809
54.366667,18.560372,16.643229,0.252481,0.612133,0.010165,-0.022073,15.607413,-0.062336,7.683829,7.923584,0.288268,0.294072
54.400000,18.580059,16.648649,0.251750,0.612884,0.010101,-0.021925,15.629901,-0.062162,7.695408,7.934492,0.288550,0.294334
54.433333,18.599775,16.654059,0.251024,0.613631,0.010038,-0.021778,15.652287,-0.061999,7.706915,7.945371,0.288830,0.294596
54.466667,18.619520,16.659459,0.250303,0.614376,0.009976,-0.021635,15.674571,-0.061847,7.718349,7.956221,0.289108,0.294857
54.500000,18.639293,16.664849,0.249586,0.615118,0.009914,-0.021494,15.696751,-0.061707,7.729709,7.967042,0.289384,0.295117
54.533333,18.659094,16.670229,0.248874,0.615857,0.009853,-0.021355,15.718826,-0.061578,7.740995,7.977832,0.289659,0.295376
54.566667,18.678923,16.675598,0.248167,0.616593,0.009793,-0.021219,15.740796,-0.061460,7.752206,7.988591,0.289931,0.295634
54.600000,18.698780,16.680958,0.247464,0.617326,0.009734,-0.021085,15.762660,-0.061354,7.763341,7.999319,0.290201,0.295891
54.633333,18.718665,16.686308,0.246766,0.618055,0.009675,-0.020954,15.784416,-0.061259,7.774402,8.010015,0.290469,0.296147
54.666667,18.738578,16.691649,0.246072,0.618782,0.009617,-0.020826,15.806064,-0.061176,7.785386,8.020678,0.290735,0.296403
54.700000,18.758518,16.696979,0.245382,0.619505,0.009560,-0.020699,15.827603,-0.061104,7.796293,8.031309,0.290999,0.296657
54.733333,18.778486,16.702300,0.244696,0.620226,0.009504,-0.020576,15.849031,-0.061044,7.807124,8.041907,0.291262,0.296911
54.766667,18.798482,16.707611,0.244014,0.620943,0.009448,-0.020454,15.870348,-0.060994,7.817877,8.052471,0.291522,0.297163
54.800000,18.818504,16.712912,0.243336,0.621657,0.009393,-0.020336,15.891553,-0.060957,7.828552,8.063001,0.291780,0.297415
54.833333,18.838554,16.718204,0.242662,0.622368,0.009339,-0.020220,15.912645,-0.060930,7.839149,8.073496,0.292036,0.297666
54.866667,18.858630,16.723486,0.241992,0.623075,0.009286,-0.020106,15.933622,-0.060915,7.849667,8.083955,0.292290,0.297915
54.900000,18.878733,16.728759,0.241325,0.623779,0.009233,-0.019995,15.954485,-0.060911,7.860105,8.094380,0.292542,0.298164
54.933333,18.898863,16.734023,0.240663,0.624480,0.009182,-0.019886,15.975232,-0.060919,7.870464,8.104768,0.292792,0.298412
54.966667,18.919019,16.739277,0.240003,0.625178,0.009131,-0.019779,15.995862,-0.060938,7.880743,8.115119,0.293040,0.298659
55.000000,18.939202,16.744521,0.239347,0.625872,0.009080,-0.019676,16.016374,-0.060968,7.890941,8.125434,0.293286,0.298904
55.033333,18.959411,16.749756,0.238695,0.626563,0.009031,-0.019574,16.036768,-0.061010,7.901057,8.135710,0.293530,0.299149
55.066667,18.979646,16.754982,0.238046,0.627250,0.008983,-0.019475,16.057042,-0.061063,7.911092,8.145949,0.293771,0.299393
55.100000,18.999907,16.760199,0.237400,0.627934,0.008935,-0.019379,16.077195,-0.061127,7.921045,8.156150,0.294011,0.299636
55.133333,19.020194,16.765406,0.236757,0.628614,0.008888,-0.019285,16.097227,-0.061203,7.930916,8.166312,0.294248,0.299877
55.166667,19.040507,16.770604,0.236117,0.629292,0.008842,-0.019194,16.117137,-0.061290,7.940703,8.176434,0.294484,0.300118
55.200000,19.060845,16.775793,0.235480,0.629965,0.008797,-0.019105,16.136923,-0.061389,7.950407,8.186517,0.294717,0.300357
55.233333,19.081209,16.780973,0.234846,0.630635,0.008752,-0.019018,16.156586,-0.061498,7.960026,8.196559,0.294948,0.300596
55.266667,19.101598,16.786144,0.234215,0.631302,0.008709,-0.018934,16.176123,-0.061620,7.969562,8.206561,0.295177,0.300833
55.300000,19.122012,16.791305,0.233587,0.631964,0.008666,-0.018853,16.195534,-0.061752,7.979012,8.216522,0.295404,0.301069
55.333333,19.142451,16.796458,0.232961,0.632624,0.008624,-0.018774,16.214819,-0.061897,7.988377,8.226441,0.295629,0.301305
55.366667,19.162914,16.801601,0.232338,0.633279,0.008583,-0.018698,16.233975,-0.062052,7.997657,8.236319,0.295851,0.301539
55.400000,19.183403,16.806735,0.231717,0.633931,0.008542,-0.018624,16.253003,-0.062219,8.006850,8.246154,0.296071,0.301772
55.433333,19.203916,16.811861,0.231098,0.634580,0.008503,-0.018552,16.271902,-0.062397,8.015956,8.255946,0.296290,0.302003
55.466667,19.224454,16.816977,0.230482,0.635225,0.008464,-0.018483,16.290670,-0.062587,8.024975,8.265695,0.296505,0.302234
55.500000,19.245016,16.822085,0.229869,0.635866,0.008426,-0.018416,16.309307,-0.062789,8.033906,8.275401,0.296719,0.302464
55.533333,19.265602,16.827183,0.229257,0.636503,0.008390,-0.018352,16.327812,-0.063001,8.042749,8.285063,0.296931,0.302692
55.566667,19.286212,16.832272,0.228647,0.637136,0.008353,-0.018291,16.346184,-0.063226,8.051504,8.294680,0.297140,0.302919
55.600000,19.306846,16.837353,0.228039,0.637766,0.008318,-0.018232,16.364421,-0.063462,8.060169,8.304252,0.297347,0.303145
55.633333,19.327503,16.842425,0.227434,0.638392,0.008284,-0.018175,16.382525,-0.063709,8.068745,8.313780,0.297552,0.303370
55.666667,19.348185,16.847487,0.226829,0.639014,0.008250,-0.018121,16.400492,-0.063968,8.077231,8.323261,0.297755,0.303594
55.700000,19.368889,16.852541,0.226227,0.639632,0.008218,-0.018069,16.418323,-0.064239,8.085626,8.332697,0.297955,0.303817
55.733333,19.389617,16.857586,0.225626,0.640247,0.008186,-0.018020,16.436017,-0.064521,8.093930,8.342087,0.298153,0.304038
55.766667,19.410368,16.862622,0.225027,0.640857,0.008155,-0.017974,16.453573,-0.064814,8.102143,8.351430,0.298349,0.304258
55.800000,19.431143,16.867649,0.224430,0.641464,0.008125,-0.017930,16.470989,-0.065120,8.110264,8.360725,0.298543,0.304477
55.833333,19.451940,16.872667,0.223833,0.642067,0.008096,-0.017888,16.488266,-0.065437,8.118292,8.369973,0.298734,0.304695
55.866667,19.472759,16.877676,0.223238,0.642665,0.008068,-0.017849,16.505402,-0.065766,8.126228,8.379174,0.298923,0.304911
55.900000,19.493602,16.882677,0.222645,0.643260,0.008041,-0.017813,16.522396,-0.066106,8.134071,8.388326,0.299110,0.305126
55.933333,19.514466,16.887668,0.222052,0.643851,0.008014,-0.017779,16.539248,-0.066459,8.141819,8.397429,0.299295,0.305340
55.966667,19.535354,16.892651,0.221460,0.644438,0.007989,-0.017747,16.555957,-0.066823,8.149473,8.406484,0.299477,0.305553
56.000000,19.556263,16.897625,0.220870,0.645021,0.007964,-0.017718,16.572522,-0.067199,8.157033,8.415489,0.299657,0.305765
56.033333,19.577194,16.902590,0.220280,0.645599,0.007941,-0.017692,16.588942,-0.067586,8.164497,8.424445,0.299834,0.305975
56.066667,19.598147,16.907546,0.219691,0.646174,0.007918,-0.017668,16.605216,-0.067986,8.171866,8.433350,0.300009,0.306184
56.100000,19.619122,16.912493,0.219103,0.646744,0.007896,-0.017647,16.621344,-0.068397,8.179139,8.442205,0.300182,0.306392
56.133333,19.640118,16.917431,0.218515,0.647311,0.007875,-0.017628,16.637325,-0.068821,8.186315,8.451010,0.300353,0.306598
56.166667,19.661136,16.922360,0.217928,0.647873,0.007855,-0.017612,16.653157,-0.069256,8.193394,8.459764,0.300521,0.306803
56.200000,19.682175,16.927281,0.217342,0.648431,0.007836,-0.017598,16.668841,-0.069704,8.200375,8.468466,0.300686,0.307007
56.233333,19.703235,16.932192,0.216756,0.648985,0.007818,-0.017587,16.684375,-0.070163,8.207259,8.477116,0.300850,0.307210
56.266667,19.724316,16.937095,0.216170,0.649535,0.007801,-0.017578,16.699758,-0.070635,8.214043,8.485715,0.301011,0.307411
56.300000,19.745418,16.941988,0.215584,0.650081,0.007784,-0.017572,16.714990,-0.071118,8.220729,8.494261,0.301169,0.307611
56.333333,19.766540,16.946872,0.214998,0.650622,0.007769,-0.017569,16.730070,-0.071614,8.227316,8.502754,0.301325,0.307810
56.366667,19.787683,16.951748,0.214413,0.651159,0.007755,-0.017568,16.744998,-0.072122,8.233803,8.511195,0.301479,0.308007
56.400000,19.808847,16.956614,0.213827,0.651692,0.007741,-0.017570,16.759771,-0.072642,8.240189,8.519582,0.301630,0.308203
56.433333,19.830030,16.961472,0.213241,0.652220,0.007729,-0.017574,16.774391,-0.073175,8.246474,8.527916,0.301779,0.308398
56.466667,19.851234,16.966320,0.212655,0.652745,0.007717,-0.017581,16.788855,-0.073720,8.252659,8.536196,0.301926,0.308591
56.500000,19.872458,16.971159,0.212069,0.653265,0.007707,-0.017590,16.803163,-0.074277,8.258741,8.544422,0.302070,0.308783
56.533333,19.893701,16.975989,0.211482,0.653780,0.007697,-0.017602,16.817315,-0.074847,8.264721,8.552593,0.302211,0.308974
56.566667,19.914964,16.980809,0.210895,0.654291,0.007689,-0.017617,16.831309,-0.075429,8.270599,8.560710,0.302350,0.309163
56.600000,19.936247,16.985621,0.210307,0.654798,0.007681,-0.017634,16.845145,-0.076024,8.276373,8.568771,0.302487,0.309351
56.633333,19.957549,16.990423,0.209719,0.655300,0.007674,-0.017654,16.858822,-0.076631,8.282044,8.576778,0.302621,0.309538
56.666667,19.978870,16.995216,0.209129,0.655798,0.007669,-0.017677,16.872339,-0.077251,8.287611,8.584729,0.302752,0.309723
56.700000,20.000210,17.000000,0.208539,0.656292,0.007664,-0.017702,16.885696,-0.077881,8.293077,8.592619,0.302881,0.309907
56.733333,20.021569,17.004774,0.207948,0.656781,0.007661,-0.017730,16.898892,-0.078510,8.298466,8.600427,0.303009,0.310088
56.766667,20.042947,17.009539,0.207356,0.657266,0.007658,-0.017760,16.911927,-0.079128,8.303793,8.608133,0.303135,0.310268
56.800000,20.064343,17.014295,0.206763,0.657746,0.007656,-0.017793,16.924799,-0.079739,8.309054,8.615744,0.303259,0.310445
56.833333,20.085758,17.019041,0.206169,0.658221,0.007656,-0.017828,16.937508,-0.080347,8.314240,8.623268,0.303381,0.310620
56.866667,20.107190,17.023777,0.205573,0.658692,0.007656,-0.017865,16.950053,-0.080954,8.319345,8.630708,0.303502,0.310793
56.900000,20.128641,17.028504,0.204977,0.659159,0.007657,-0.017904,16.962435,-0.081563,8.324365,8.638070,0.303620,0.310964
56.933333,20.150110,17.033222,0.204378,0.659621,0.007660,-0.017946,16.974652,-0.082175,8.329297,8.645355,0.303736,0.311133
56.966667,20.171597,17.037929,0.203779,0.660078,0.007663,-0.017990,16.986704,-0.082791,8.334139,8.652565,0.303851,0.311300
57.000000,20.193102,17.042627,0.203178,0.660531,0.007667,-0.018036,16.998590,-0.083411,8.338889,8.659701,0.303962,0.311466
57.033333,20.214624,17.047316,0.202575,0.660979,0.007673,-0.018084,17.010310,-0.084037,8.343546,8.666764,0.304072,0.311630
57.066667,20.236163,17.051994,0.201970,0.661422,0.007679,-0.018134,17.021863,-0.084668,8.348109,8.673754,0.304180,0.311792
57.100000,20.257719,17.056663,0.201364,0.661861,0.007686,-0.018186,17.033248,-0.085304,8.352578,8.680670,0.304285,0.311952
57.133333,20.279293,17.061321,0.200756,0.662296,0.007694,-0.018240,17.044466,-0.085946,8.356952,8.687514,0.304388,0.312111
57.166667,20.300883,17.065970,0.200146,0.662725,0.007703,-0.018297,17.055516,-0.086594,8.361231,8.694285,0.304489,0.312268
57.200000,20.322491,17.070608,0.199534,0.663150,0.007713,-0.018355,17.066397,-0.087248,8.365413,8.700983,0.304587,0.312423
57.233333,20.344114,17.075237,0.198921,0.663570,0.007724,-0.018415,17.077108,-0.087908,8.369500,8.707608,0.304684,0.312576
57.266667,20.365754,17.079855,0.198305,0.663986,0.007736,-0.018478,17.087650,-0.088574,8.373491,8.714159,0.304777,0.312728
57.300000,20.387411,17.084463,0.197687,0.664396,0.007749,-0.018542,17.098022,-0.089246,8.377385,8.720637,0.304869,0.312878
57.333333,20.409083,17.089061,0.197066,0.664802,0.007763,-0.018608,17.108223,-0.089923,8.381182,8.727041,0.304958,0.313026
57.366667,20.430772,17.093648,0.196444,0.665203,0.007778,-0.018676,17.118252,-0.090607,8.384882,8.733370,0.305045,0.313172
57.400000,20.452476,17.098225,0.195819,0.665600,0.007793,-0.018747,17.128111,-0.091296,8.388485,8.739625,0.305130,0.313317
57.433333,20.474196,17.102791,0.195192,0.665991,0.007810,-0.018819,17.137797,-0.091992,8.391991,8.745806,0.305213,0.313460
57.466667,20.495931,17.107347,0.194562,0.666378,0.007828,-0.018893,17.147311,-0.092693,8.395399,8.751912,0.305293,0.313601
57.500000,20.517682,17.111892,0.193930,0.666760,0.007846,-0.018969,17.156652,-0.093401,8.398709,8.757943,0.305371,0.313740
57.533333,20.539448,17.116427,0.193295,0.667137,0.007865,-0.019047,17.165820,-0.094114,8.401922,8.763899,0.305446,0.313878
57.566667,20.561229,17.120951,0.192657,0.667510,0.007886,-0.019127,17.174815,-0.094833,8.405036,8.769779,0.305519,0.314014
57.600000,20.583024,17.125463,0.192017,0.667877,0.007907,-0.019209,17.183635,-0.095558,8.408052,8.775583,0.305590,0.314148
57.633333,20.604835,17.129965,0.191374,0.668240,0.007929,-0.019292,17.192282,-0.096289,8.410970,8.781312,0.305659,0.314280
57.666667,20.626660,17.134456,0.190728,0.668598,0.007952,-0.019378,17.200753,-0.097026,8.413789,8.786964,0.305725,0.314410
57.700000,20.648499,17.138935,0.190079,0.668951,0.007975,-0.019465,17.209050,-0.097768,8.416509,8.792541,0.305789,0.314539
57.733333,20.670353,17.143404,0.189427,0.669299,0.008000,-0.019555,17.217171,-0.098516,8.419131,8.798040,0.305850,0.314666
57.766667,20.692221,17.147861,0.188772,0.669642,0.008026,-0.019646,17.225117,-0.099271,8.421654,8.803464,0.305909,0.314791
57.800000,20.714102,17.152307,0.188114,0.669980,0.008052,-0.019739,17.232887,-0.100031,8.424077,8.808810,0.305966,0.314914
57.833333,20.735997,17.156741,0.187453,0.670313,0.008079,-0.019833,17.240481,-0.100796,8.426401,8.814079,0.306021,0.315035
57.866667,20.757906,17.161164,0.186789,0.670641,0.008107,-0.019930,17.247898,-0.101568,8.428626,8.819272,0.306073,0.315155
57.900000,20.779829,17.165575,0.186121,0.670965,0.008136,-0.020028,17.255138,-0.102345,8.430751,8.824387,0.306123,0.315273
57.933333,20.801764,17.169974,0.185450,0.671283,0.008166,-0.020129,17.262201,-0.103128,8.432777,8.829424,0.306171,0.315389
57.966667,20.823713,17.174362,0.184776,0.671597,0.008197,-0.020231,17.269087,-0.103917,8.434703,8.834384,0.306216,0.315503
58.000000,20.845675,17.178737,0.184098,0.671905,0.008229,-0.020334,17.275795,-0.104712,8.436529,8.839266,0.306259,0.315615
58.033333,20.867649,17.183101,0.183417,0.672209,0.008261,-0.020440,17.282326,-0.105512,8.438255,8.844071,0.306299,0.315726
58.066667,20.889637,17.187452,0.182732,0.672507,0.008294,-0.020547,17.288678,-0.106318,8.439881,8.848797,0.306337,0.315834
58.100000,20.911636,17.191792,0.182043,0.672800,0.008328,-0.020656,17.294852,-0.107130,8.441407,8.853445,0.306373,0.315941
58.133333,20.933648,17.196119,0.181351,0.673089,0.008363,-0.020767,17.300848,-0.107947,8.442833,8.858015,0.306406,0.316046
58.166667,20.955672,17.200433,0.180655,0.673372,0.008399,-0.020880,17.306665,-0.108771,8.444158,8.862507,0.306438,0.316150
58.200000,20.977709,17.204735,0.179955,0.673651,0.008435,-0.020994,17.312303,-0.109600,8.445383,8.866920,0.306466,0.316251
58.233333,20.999757,17.209025,0.179252,0.673924,0.008473,-0.021110,17.317762,-0.110434,8.446507,8.871255,0.306493,0.316351
58.266667,21.021816,17.213301,0.178544,0.674193,0.008511,-0.021228,17.323042,-0.111275,8.447531,8.875511,0.306517,0.316448
58.300000,21.043887,17.217565,0.177832,0.674456,0.008550,-0.021347,17.328143,-0.112121,8.448454,8.879689,0.306538,0.316544
58.333333,21.065970,17.221816,0.177117,0.674714,0.008590,-0.021468,17.333064,-0.112973,8.449277,8.883788,0.306558,0.316638
58.366667,21.088064,17.226054,0.176397,0.674967,0.008630,-0.021591,17.337806,-0.113830,8.449998,8.887808,0.306574,0.316731
58.400000,21.110168,17.230279,0.175673,0.675216,0.008671,-0.021716,17.342367,-0.114694,8.450619,8.891749,0.306589,0.316821
58.433333,21.132284,17.234491,0.174945,0.675459,0.008714,-0.021842,17.346749,-0.115563,8.451139,8.895611,0.306601,0.316910
58.466667,21.154411,17.238689,0.174213,0.675697,0.008757,-0.021970,17.350951,-0.116437,8.451558,8.899394,0.306611,0.316997
58.500000,21.176548,17.242873,0.173476,0.675929,0.008800,-0.022099,17.354974,-0.117318,8.451876,8.903098,0.306618,0.317082
58.533333,21.198695,17.247045,0.172735,0.676157,0.008845,-0.022230,17.358815,-0.118204,8.452093,8.906723,0.306624,0.317165
58.566667,21.220852,17.251202,0.171990,0.676380,0.008890,-0.022363,17.362477,-0.119095,8.452209,8.910268,0.306626,0.317246
58.600000,21.243020,17.255346,0.171240,0.676598,0.008936,-0.022498,17.365959,-0.119993,8.452224,8.913735,0.306627,0.317325
58.633333,21.265198,17.259475,0.170485,0.676810,0.008983,-0.022634,17.369260,-0.120896,8.452138,8.917123,0.306625,0.317403
58.666667,21.287385,17.263591,0.169726,0.677018,0.009031,-0.022772,17.372381,-0.121805,8.451950,8.920431,0.306620,0.317479
58.700000,21.309582,17.267693,0.168963,0.677220,0.009079,-0.022911,17.375322,-0.122720,8.451662,8.923660,0.306613,0.317553
58.733333,21.331788,17.271780,0.168194,0.677417,0.009128,-0.023052,17.378083,-0.123640,8.451272,8.926810,0.306604,0.317625
58.766667,21.354004,17.275853,0.167421,0.677609,0.009178,-0.023195,17.380663,-0.124566,8.450782,8.929881,0.306593,0.317695
58.800000,21.376229,17.279911,0.166643,0.677796,0.009229,-0.023339,17.383063,-0.125497,8.450190,8.932873,0.306579,0.317764
58.833333,21.398462,17.283954,0.165860,0.677978,0.009280,-0.023485,17.385282,-0.126435,8.449497,8.935785,0.306563,0.317831
58.866667,21.420705,17.287983,0.165073,0.678155,0.009332,-0.023632,17.387322,-0.127378,8.448703,8.938618,0.306544,0.317896
58.900000,21.442956,17.291997,0.164280,0.678326,0.009385,-0.023782,17.389181,-0.128327,8.447808,8.941373,0.306523,0.317959
58.933333,21.465215,17.295996,0.163482,0.678493,0.009438,-0.023932,17.390860,-0.129281,8.446812,8.944048,0.306500,0.318020
58.966667,21.487483,17.299980,0.162679,0.678654,0.009493,-0.024084,17.392360,-0.130242,8.445715,8.946644,0.306474,0.318079
59.000000,21.509759,17.303948,0.161871,0.678810,0.009548,-0.024238,17.393679,-0.131208,8.444517,8.949162,0.306446,0.318137
59.033333,21.532043,17.307901,0.161058,0.678961,0.009604,-0.024394,17.394819,-0.132179,8.443219,8.951600,0.306415,0.318193
59.066667,21.554334,17.311839,0.160240,0.679107,0.009660,-0.024551,17.395778,-0.133157,8.441819,8.953960,0.306383,0.318247
59.100000,21.576634,17.315761,0.159416,0.679248,0.009717,-0.024709,17.396559,-0.134140,8.440318,8.956240,0.306347,0.318299
59.133333,21.598940,17.319667,0.158587,0.679383,0.009775,-0.024869,17.397159,-0.135129,8.438717,8.958443,0.306310,0.318349
59.166667,21.621255,17.323557,0.157753,0.679514,0.009834,-0.025031,17.397581,-0.136123,8.437015,8.960566,0.306270,0.318398
59.200000,21.643576,17.327431,0.156913,0.679639,0.009893,-0.025194,17.397823,-0.137124,8.435212,8.962611,0.306228,0.318445
59.233333,21.665904,17.331289,0.156068,0.679759,0.009953,-0.025359,17.397887,-0.138130,8.433309,8.964578,0.306183,0.318490
59.266667,21.688239,17.335130,0.155217,0.679874,0.010014,-0.025525,17.397771,-0.139142,8.431305,8.966466,0.306136,0.318533
59.300000,21.710581,17.338955,0.154361,0.679984,0.010075,-0.025693,17.397477,-0.140159,8.429201,8.968276,0.306087,0.318574
59.333333,21.732929,17.342764,0.153499,0.680089,0.010137,-0.025862,17.397005,-0.141183,8.426997,8.970008,0.306035,0.318614
59.366667,21.755284,17.346555,0.152631,0.680189,0.010200,-0.026033,17.396354,-0.142212,8.424692,8.971662,0.305981,0.318652
59.400000,21.777644,17.350330,0.151757,0.680283,0.010264,-0.026205,17.395526,-0.143247,8.422288,8.973238,0.305924,0.318688
59.433333,21.800011,17.354088,0.150878,0.680372,0.010328,-0.026379,17.394520,-0.144288,8.419783,8.974736,0.305866,0.318722
59.466667,21.822384,17.357828,0.149993,0.680456,0.010393,-0.026555,17.393336,-0.145334,8.417179,8.976157,0.305804,0.318754
59.500000,21.844762,17.361552,0.149102,0.680536,0.010458,-0.026732,17.391976,-0.146387,8.414475,8.977501,0.305741,0.318785
59.533333,21.867146,17.365257,0.148205,0.680609,0.010524,-0.026910,17.390438,-0.147445,8.411671,8.978767,0.305675,0.318814
59.566667,21.889535,17.368946,0.147302,0.680678,0.010591,-0.027090,17.388724,-0.148509,8.408768,8.979956,0.305607,0.318841
59.600000,21.911929,17.372616,0.146393,0.680742,0.010659,-0.027271,17.386833,-0.149579,8.405766,8.981068,0.305536,0.318867
59.633333,21.934328,17.376268,0.145478,0.680801,0.010727,-0.027454,17.384767,-0.150654,8.402664,8.982103,0.305463,0.318890
59.666667,21.956733,17.379903,0.144556,0.680854,0.010796,-0.027639,17.382525,-0.151736,8.399463,8.983062,0.305388,0.318912
59.700000,21.979142,17.383519,0.143629,0.680902,0.010865,-0.027824,17.380108,-0.152823,8.396164,8.983944,0.305311,0.318932
59.733333,22.001555,17.387117,0.142695,0.680946,0.010935,-0.028012,17.377515,-0.153916,8.392766,8.984750,0.305231,0.318951
59.766667,22.023973,17.390697,0.141755,0.680984,0.011006,-0.028201,17.374749,-0.155015,8.389269,8.985480,0.305149,0.318967
59.800000,22.046395,17.394258,0.140809,0.681017,0.011078,-0.028391,17.371808,-0.156119,8.385674,8.986134,0.305064,0.318982
59.833333,22.068821,17.397800,0.139856,0.681045,0.011150,-0.028583,17.368693,-0.157230,8.381981,8.986712,0.304977,0.318996
59.866667,22.091251,17.401323,0.138897,0.681067,0.011222,-0.028776,17.365405,-0.158346,8.378190,8.987215,0.304888,0.319007
59.900000,22.113684,17.404827,0.137931,0.681085,0.011296,-0.028971,17.361944,-0.159469,8.374301,8.987643,0.304797,0.319017
59.933333,22.136122,17.408312,0.136959,0.681098,0.011370,-0.029167,17.358310,-0.160597,8.370315,8.987995,0.304703,0.319025
59.966667,22.158562,17.411777,0.135980,0.681105,0.011444,-0.029364,17.354505,-0.161731,8.366231,8.988273,0.304607,0.319031
60.000000,22.181006,17.415223,0.134995,0.681108,0.011519,-0.029563,17.350528,-0.162871,8.362051,8.988477,0.304508,0.319036
60.033333,22.203453,17.418649,0.134002,0.681105,0.011595,-0.029764,17.346379,-0.164017,8.357773,8.988606,0.304407,0.319039
60.066667,22.225903,17.422055,0.133004,0.681098,0.011672,-0.029966,17.342060,-0.165168,8.353399,8.988662,0.304304,0.319040
60.100000,22.248355,17.425442,0.131998,0.681085,0.011749,-0.030169,17.337571,-0.166326,8.348928,8.988643,0.304199,0.319040
60.133333,22.270810,17.428808,0.130985,0.681067,0.011826,-0.030374,17.332912,-0.167489,8.344361,8.988551,0.304091,0.319038
60.166667,22.293268,17.432154,0.129966,0.681044,0.011904,-0.030580,17.328084,-0.168659,8.339698,8.988386,0.303982,0.319034
60.200000,22.315727,17.435479,0.128940,0.681017,0.011983,-0.030788,17.323087,-0.169834,8.334940,8.988148,0.303869,0.319028
60.233333,22.338189,17.438784,0.127907,0.680984,0.012063,-0.030997,17.317923,-0.171015,8.330086,8.987837,0.303755,0.319021
60.266667,22.360653,17.442067,0.126866,0.680946,0.012143,-0.031208,17.312590,-0.172202,8.325137,8.987454,0.303638,0.319013
60.300000,22.383118,17.445330,0.125819,0.680903,0.012223,-0.031419,17.307091,-0.173395,8.320093,8.986998,0.303519,0.319002
60.333333,22.405585,17.448572,0.124765,0.680855,0.012305,-0.031633,17.301426,-0.174594,8.314955,8.986471,0.303398,0.318990
60.366667,22.428054,17.451793,0.123703,0.680803,0.012386,-0.031848,17.295595,-0.175799,8.309722,8.985873,0.303274,0.318976
60.400000,22.450523,17.454992,0.122634,0.680745,0.012469,-0.032064,17.289598,-0.177010,8.304395,8.985203,0.303149,0.318961
60.433333,22.472994,17.458169,0.121558,0.680682,0.012552,-0.032281,17.283437,-0.178227,8.298975,8.984462,0.303021,0.318944
60.466667,22.495466,17.461325,0.120475,0.680614,0.012635,-0.032500,17.277113,-0.179449,8.293461,8.983651,0.302890,0.318926
60.500000,22.517938,17.464459,0.119384,0.680542,0.012719,-0.032721,17.270625,-0.180678,8.287855,8.982770,0.302758,0.318906
60.533333,22.540411,17.467570,0.118286,0.680464,0.012804,-0.032943,17.263974,-0.181913,8.282155,8.981819,0.302623,0.318884
60.566667,22.562885,17.470660,0.117181,0.680382,0.012889,-0.033166,17.257162,-0.183153,8.276363,8.980798,0.302486,0.318861
60.600000,22.585358,17.473727,0.116068,0.680294,0.012975,-0.033390,17.250188,-0.184399,8.270480,8.979708,0.302347,0.318836
60.633333,22.607832,17.476771,0.114947,0.680202,0.013061,-0.033616,17.243054,-0.185652,8.264504,8.978550,0.302206,0.318809
60.666667,22.630306,17.479793,0.113819,0.680105,0.013148,-0.033844,17.235760,-0.186910,8.258437,8.977322,0.302062,0.318781
60.700000,22.652779,17.482791,0.112683,0.680003,0.013236,-0.034073,17.228307,-0.188174,8.252280,8.976027,0.301917,0.318751
60.733333,22.675253,17.485767,0.111540,0.679896,0.013324,-0.034303,17.220695,-0.189445,8.246031,8.974664,0.301769,0.318720
60.766667,22.697725,17.488719,0.110389,0.679784,0.013412,-0.034534,17.212927,-0.190721,8.239693,8.973234,0.301619,0.318688
60.800000,22.720197,17.491648,0.109230,0.679667,0.013501,-0.034767,17.205001,-0.192003,8.233264,8.971736,0.301466,0.318653
60.833333,22.742668,17.494553,0.108063,0.679546,0.013591,-0.035001,17.196919,-0.193291,8.226747,8.970172,0.301312,0.318618
60.866667,22.765138,17.497435,0.106888,0.679419,0.013681,-0.035237,17.188682,-0.194585,8.220140,8.968542,0.301155,0.318580
60.900000,22.787607,17.500292,0.105706,0.679288,0.013772,-0.035474,17.180291,-0.195885,8.213444,8.966846,0.300996,0.318542
60.933333,22.810074,17.503126,0.104516,0.679153,0.013863,-0.035712,17.171746,-0.197190,8.206661,8.965085,0.300835,0.318501
60.966667,22.832540,17.505935,0.103317,0.679012,0.013954,-0.035952,17.163048,-0.198502,8.199789,8.963259,0.300672,0.318460
61.000000,22.855004,17.508720,0.102111,0.678867,0.014047,-0.036193,17.154198,-0.199820,8.192830,8.961368,0.300507,0.318416
61.033333,22.877467,17.511480,0.100896,0.678716,0.014139,-0.036435,17.145197,-0.201143,8.185785,8.959412,0.300340,0.318372
61.066667,22.899927,17.514215,0.099674,0.678562,0.014233,-0.036679,17.136046,-0.202473,8.178652,8.957394,0.300171,0.318325
61.100000,22.922385,17.516925,0.098443,0.678402,0.014326,-0.036924,17.126745,-0.203808,8.171434,8.955311,0.299999,0.318278
61.133333,22.944841,17.519610,0.097204,0.678238,0.014421,-0.037171,17.117296,-0.205149,8.164130,8.953166,0.299825,0.318229
61.166667,22.967294,17.522270,0.095956,0.678069,0.014515,-0.037418,17.107700,-0.206497,8.156741,8.950959,0.299650,0.318178
61.200000,22.989745,17.524905,0.094701,0.677895,0.014611,-0.037668,17.097957,-0.207850,8.149267,8.948689,0.299472,0.318126
61.233333,23.012193,17.527513,0.093437,0.677717,0.014706,-0.037918,17.088068,-0.209209,8.141710,8.946358,0.299292,0.318073
61.266667,23.034637,17.530096,0.092165,0.677534,0.014803,-0.038170,17.078034,-0.210574,8.134068,8.943966,0.299110,0.318018
61.300000,23.057079,17.532653,0.090884,0.677347,0.014899,-0.038423,17.067857,-0.211944,8.126343,8.941513,0.298926,0.317962
61.333333,23.079517,17.535184,0.089595,0.677155,0.014996,-0.038677,17.057537,-0.213321,8.118536,8.939000,0.298740,0.317904
61.366667,23.101952,17.537688,0.088297,0.676958,0.015094,-0.038933,17.047074,-0.214703,8.110647,8.936428,0.298552,0.317845
61.400000,23.124383,17.540166,0.086990,0.676757,0.015192,-0.039190,17.036472,-0.216091,8.102675,8.933796,0.298362,0.317785
61.433333,23.146811,17.542617,0.085676,0.676551,0.015291,-0.039448,17.025729,-0.217485,8.094623,8.931105,0.298170,0.317724
61.466667,23.169234,17.545041,0.084352,0.676341,0.015390,-0.039708,17.014847,-0.218885,8.086490,8.928357,0.297976,0.317661
61.500000,23.191653,17.547438,0.083020,0.676126,0.015490,-0.039969,17.003828,-0.220291,8.078278,8.925550,0.297780,0.317596
61.533333,23.214068,17.549808,0.081679,0.675907,0.015590,-0.040231,16.992671,-0.221702,8.069985,8.922686,0.297582,0.317531
61.566667,23.236478,17.552150,0.080329,0.675683,0.015690,-0.040495,16.981379,-0.223119,8.061614,8.919765,0.297382,0.317464
61.600000,23.258884,17.554465,0.078970,0.675455,0.015791,-0.040760,16.969953,-0.224542,8.053164,8.916788,0.297180,0.317395
61.633333,23.281285,17.556752,0.077603,0.675222,0.015892,-0.041026,16.958393,-0.225971,8.044637,8.913756,0.296976,0.317326
61.666667,23.303681,17.559011,0.076226,0.674986,0.015994,-0.041293,16.946700,-0.227405,8.036033,8.910668,0.296770,0.317255
61.700000,23.326072,17.561242,0.074841,0.674744,0.016096,-0.041562,16.934876,-0.228845,8.027351,8.907525,0.296562,0.317183
61.733333,23.348458,17.563444,0.073446,0.674499,0.016199,-0.041832,16.922922,-0.230291,8.018594,8.904328,0.296353,0.317110
61.766667,23.370839,17.565618,0.072043,0.674249,0.016302,-0.042103,16.910839,-0.231742,8.009761,8.901077,0.296141,0.317035
61.800000,23.393213,17.567764,0.070630,0.673994,0.016406,-0.042375,16.898627,-0.233199,8.000854,8.897773,0.295928,0.316959
61.833333,23.415582,17.569880,0.069209,0.673736,0.016509,-0.042649,16.886289,-0.234661,7.991873,8.894417,0.295712,0.316882
61.866667,23.437945,17.571968,0.067778,0.673473,0.016614,-0.042924,16.873825,-0.236130,7.982817,8.891008,0.295495,0.316804
61.900000,23.460302,17.574026,0.066338,0.673206,0.016719,-0.043200,16.861237,-0.237603,7.973689,8.887548,0.295276,0.316725
61.933333,23.482653,17.576055,0.064889,0.672934,0.016824,-0.043478,16.848526,-0.239082,7.964489,8.884037,0.295055,0.316644
61.966667,23.504997,17.578054,0.063430,0.672659,0.016929,-0.043756,16.835692,-0.240567,7.955217,8.880475,0.294833,0.316562
62.000000,23.527335,17.580024,0.061962,0.672379,0.017035,-0.044036,16.822738,-0.242057,7.945874,8.876863,0.294608,0.316479
62.033333,23.549666,17.581963,0.060485,0.672095,0.017142,-0.044317,16.809664,-0.243553,7.936461,8.873202,0.294382,0.316395
62.066667,23.571990,17.583873,0.058998,0.671807,0.017249,-0.044600,16.796471,-0.245054,7.926979,8.869493,0.294154,0.316310
62.100000,23.594308,17.585752,0.057502,0.671515,0.017356,-0.044883,16.783162,-0.246560,7.917427,8.865735,0.293924,0.316224
62.133333,23.616618,17.587601,0.055997,0.671219,0.017463,-0.045168,16.769736,-0.248072,7.907807,8.861929,0.293692,0.316136
62.166667,23.638920,17.589419,0.054482,0.670919,0.017571,-0.045454,16.756196,-0.249589,7.898120,8.858076,0.293459,0.316048
62.200000,23.661215,17.591206,0.052957,0.670615,0.017680,-0.045741,16.742543,-0.251111,7.888366,8.854177,0.293224,0.315958
62.233333,23.683503,17.592962,0.051423,0.670306,0.017788,-0.046030,16.728777,-0.252638,7.878546,8.850231,0.292987,0.315867
62.266667,23.705782,17.594687,0.049879,0.669994,0.017898,-0.046319,16.714901,-0.254171,7.868660,8.846241,0.292749,0.315776
62.300000,23.728054,17.596381,0.048325,0.669678,0.018007,-0.046610,16.700915,-0.255709,7.858710,8.842205,0.292509,0.315683
62.333333,23.750317,17.598043,0.046761,0.669358,0.018117,-0.046902,16.686822,-0.257252,7.848696,8.838126,0.292267,0.315589
62.366667,23.772572,17.599673,0.045188,0.669034,0.018227,-0.047195,16.672621,-0.258800,7.838619,8.834002,0.292023,0.315494
62.400000,23.794819,17.601271,0.043605,0.668706,0.018338,-0.047490,16.658315,-0.260353,7.828480,8.829836,0.291778,0.315398
62.433333,23.817057,17.602838,0.042012,0.668375,0.018448,-0.047785,16.643906,-0.261911,7.818279,8.825627,0.291532,0.315301
62.466667,23.839286,17.604372,0.040410,0.668039,0.018560,-0.048082,16.629393,-0.263474,7.808017,8.821376,0.291283,0.315203
62.500000,23.861507,17.605873,0.038797,0.667700,0.018671,-0.048379,16.614779,-0.265041,7.797695,8.817085,0.291033,0.315104
62.533333,23.883718,17.607342,0.037175,0.667357,0.018783,-0.048678,16.600066,-0.266614,7.787314,8.812752,0.290782,0.315005
62.566667,23.905920,17.608778,0.035542,0.667011,0.018895,-0.048978,16.585254,-0.268191,7.776874,8.808379,0.290529,0.314904
62.600000,23.928112,17.610181,0.033899,0.666660,0.019008,-0.049279,16.570344,-0.269773,7.766377,8.803967,0.290274,0.314802
62.633333,23.950295,17.611551,0.032247,0.666306,0.019121,-0.049581,16.555340,-0.271360,7.755823,8.799517,0.290018,0.314700
62.666667,23.972469,17.612887,0.030584,0.665949,0.019234,-0.049885,16.540241,-0.272952,7.745213,8.795028,0.289761,0.314596
62.700000,23.994632,17.614190,0.028911,0.665587,0.019348,-0.050189,16.525049,-0.274548,7.734548,8.790501,0.289502,0.314492
62.733333,24.016785,17.615459,0.027228,0.665223,0.019461,-0.050494,16.509766,-0.276148,7.723829,8.785937,0.289242,0.314387
62.766667,24.038928,17.616694,0.025534,0.664854,0.019575,-0.050801,16.494393,-0.277753,7.713056,8.781337,0.288980,0.314280
62.800000,24.061061,17.617895,0.023831,0.664483,0.019690,-0.051109,16.478932,-0.279362,7.702231,8.776702,0.288716,0.314173
62.833333,24.083183,17.619062,0.022117,0.664107,0.019805,-0.051417,16.463384,-0.280976,7.691353,8.772031,0.288452,0.314066
62.866667,24.105295,17.620194,0.020393,0.663728,0.019920,-0.051727,16.447751,-0.282594,7.680426,8.767325,0.288185,0.313957
62.900000,24.127395,17.621292,0.018658,0.663346,0.020035,-0.052038,16.432034,-0.284216,7.669448,8.762586,0.287918,0.313848
62.933333,24.149485,17.622355,0.016913,0.662961,0.020150,-0.052350,16.416234,-0.285842,7.658421,8.757814,0.287649,0.313737
62.966667,24.171564,17.623382,0.015158,0.662572,0.020266,-0.052662,16.400354,-0.287472,7.647346,8.753008,0.287379,0.313626
63.000000,24.193631,17.624375,0.013392,0.662180,0.020382,-0.052976,16.384395,-0.289107,7.636223,8.748171,0.287108,0.313515
63.033333,24.215687,17.625332,0.011615,0.661784,0.020499,-0.053291,16.368357,-0.290745,7.625055,8.743303,0.286835,0.313402
63.066667,24.237731,17.626254,0.009828,0.661386,0.020615,-0.053607,16.352244,-0.292386,7.613840,8.738404,0.286561,0.313289
63.100000,24.259764,17.627140,0.008031,0.660984,0.020732,-0.053924,16.336056,-0.294032,7.602582,8.733474,0.286286,0.313175
63.133333,24.281784,17.627990,0.006223,0.660579,0.020849,-0.054241,16.319795,-0.295681,7.591280,8.728515,0.286009,0.313060
63.166667,24.303793,17.628804,0.004404,0.660171,0.020967,-0.054560,16.303463,-0.297334,7.579935,8.723528,0.285732,0.312945
63.200000,24.325789,17.629581,0.002575,0.659759,0.021084,-0.054880,16.287061,-0.298990,7.568549,8.718512,0.285453,0.312829
63.233333,24.347773,17.630323,0.000735,0.659345,0.021202,-0.055200,16.270590,-0.300650,7.557122,8.713468,0.285173,0.312712
63.266667,24.369744,17.631027,-0.001116,0.658928,0.021320,-0.055522,16.254053,-0.302313,7.545655,8.708398,0.284892,0.312595
63.300000,24.391703,17.631695,-0.002977,0.658507,0.021438,-0.055844,16.237451,-0.303979,7.534150,8.703301,0.284609,0.312477
63.333333,24.413649,17.632326,-0.004850,0.658084,0.021557,-0.056168,16.220786,-0.305649,7.522607,8.698179,0.284326,0.312358
63.366667,24.435581,17.632919,-0.006733,0.657658,0.021676,-0.056492,16.204059,-0.307321,7.511027,8.693031,0.284042,0.312239
63.400000,24.457501,17.633475,-0.008627,0.657229,0.021795,-0.056817,16.187271,-0.308996,7.499412,8.687860,0.283756,0.312119
63.433333,24.479408,17.633994,-0.010531,0.656797,0.021914,-0.057143,16.170426,-0.310675,7.487762,8.682664,0.283470,0.311998
63.466667,24.501300,17.634475,-0.012447,0.656362,0.022033,-0.057470,16.153523,-0.312355,7.476078,8.677445,0.283182,0.311877
63.500000,24.523180,17.634918,-0.014374,0.655925,0.022152,-0.057798,16.136565,-0.314039,7.464362,8.672204,0.282894,0.311756
63.533333,24.545045,17.635323,-0.016311,0.655484,0.022272,-0.058126,16.119554,-0.315725,7.452614,8.666941,0.282604,0.311634
63.566667,24.566897,17.635690,-0.018260,0.655041,0.022392,-0.058455,16.102491,-0.317414,7.440835,8.661656,0.282314,0.311511
63.600000,24.588735,17.636018,-0.020219,0.654596,0.022512,-0.058785,16.085378,-0.319104,7.429027,8.656351,0.282023,0.311388
63.633333,24.610558,17.636308,-0.022190,0.654148,0.022632,-0.059116,16.068217,-0.320797,7.417191,8.651026,0.281731,0.311264
63.666667,24.632367,17.636559,-0.024171,0.653697,0.022752,-0.059448,16.051009,-0.322492,7.405327,8.645682,0.281438,0.311140
63.700000,24.654162,17.636771,-0.026164,0.653243,0.022873,-0.059780,16.033756,-0.324189,7.393437,8.640319,0.281144,0.311016
63.733333,24.675942,17.636944,-0.028168,0.652788,0.022994,-0.060113,16.016460,-0.325888,7.381522,8.634938,0.280849,0.310891
63.766667,24.697707,17.637078,-0.030183,0.652329,0.023114,-0.060447,15.999122,-0.327589,7.369582,8.629539,0.280554,0.310765
63.800000,24.719457,17.637172,-0.032209,0.651869,0.023235,-0.060782,15.981744,-0.329291,7.357620,8.624124,0.280258,0.310639
63.833333,24.741192,17.637226,-0.034246,0.651406,0.023356,-0.061117,15.964328,-0.330995,7.345636,8.618692,0.279961,0.310513
63.866667,24.762912,17.637241,-0.036294,0.650940,0.023477,-0.061453,15.946876,-0.332700,7.333631,8.613245,0.279663,0.310387
63.900000,24.784616,17.637216,-0.038354,0.650473,0.023599,-0.061790,15.929390,-0.334406,7.321607,8.607783,0.279365,0.310259
63.933333,24.806305,17.637150,-0.040425,0.650003,0.023720,-0.062127,15.911870,-0.336113,7.309564,8.602306,0.279066,0.310132
63.966667,24.827978,17.637044,-0.042507,0.649531,0.023841,-0.062465,15.894319,-0.337821,7.297503,8.596816,0.278767,0.310004
64.000000,24.849636,17.636898,-0.044601,0.649056,0.023963,-0.062803,15.876739,-0.339530,7.285426,8.591313,0.278467,0.309876
64.033333,24.871277,17.636711,-0.046705,0.648580,0.024085,-0.063142,15.859132,-0.341240,7.273335,8.585797,0.278166,0.309748
64.066667,24.892902,17.636483,-0.048821,0.648102,0.024206,-0.063481,15.841499,-0.342950,7.261229,8.580269,0.277865,0.309619
64.100000,24.914511,17.636214,-0.050949,0.647621,0.024328,-0.063822,15.823841,-0.344661,7.249111,8.574730,0.277563,0.309490
64.133333,24.936103,17.635904,-0.053087,0.647139,0.024450,-0.064162,15.806162,-0.346372,7.236981,8.569181,0.277261,0.309361
64.166667,24.957679,17.635553,-0.055238,0.646654,0.024572,-0.064503,15.788462,-0.348083,7.224841,8.563621,0.276959,0.309231
64.200000,24.979238,17.635160,-0.057399,0.646168,0.024694,-0.064845,15.770743,-0.349794,7.212691,8.558052,0.276656,0.309101
64.233333,25.000780,17.634725,-0.059572,0.645680,0.024816,-0.065187,15.753007,-0.351504,7.200534,8.552474,0.276352,0.308971
64.266667,25.022306,17.634248,-0.061756,0.645190,0.024938,-0.065530,15.735257,-0.353215,7.188369,8.546888,0.276048,0.308841
64.300000,25.043814,17.633729,-0.063952,0.644698,0.025060,-0.065873,15.717493,-0.354925,7.176199,8.541294,0.275744,0.308710
64.333333,25.065304,17.633169,-0.066159,0.644204,0.025182,-0.066216,15.699718,-0.356634,7.164025,8.535693,0.275440,0.308579
64.366667,25.086778,17.632565,-0.068378,0.643709,0.025304,-0.066560,15.681933,-0.358342,7.151848,8.530085,0.275135,0.308448
64.400000,25.108233,17.631919,-0.070608,0.643213,0.025426,-0.066904,15.664140,-0.360049,7.139668,8.524472,0.274830,0.308317
64.433333,25.129671,17.631231,-0.072850,0.642714,0.025549,-0.067248,15.646341,-0.361755,7.127488,8.518853,0.274525,0.308186
64.466667,25.151091,17.630499,-0.075103,0.642214,0.025671,-0.067593,15.628538,-0.363459,7.115309,8.513229,0.274220,0.308055
64.500000,25.172493,17.629725,-0.077367,0.641713,0.025793,-0.067938,15.610733,-0.365162,7.103131,8.507602,0.273915,0.307923
64.533333,25.193877,17.628907,-0.079643,0.641210,0.025915,-0.068283,15.592927,-0.366864,7.090956,8.501970,0.273609,0.307791
64.566667,25.215242,17.628046,-0.081931,0.640706,0.026037,-0.068629,15.575122,-0.368563,7.078786,8.496336,0.273303,0.307660
64.600000,25.236589,17.627141,-0.084230,0.640200,0.026159,-0.068975,15.557320,-0.370260,7.066621,8.490699,0.272998,0.307528
64.633333,25.257918,17.626193,-0.086541,0.639693,0.026281,-0.069321,15.539523,-0.371955,7.054463,8.485060,0.272692,0.307396
64.666667,25.279227,17.625201,-0.088863,0.639185,0.026403,-0.069667,15.521733,-0.373648,7.042313,8.479420,0.272386,0.307264
64.700000,25.300518,17.624165,-0.091197,0.638676,0.026525,-0.070013,15.503952,-0.375338,7.030173,8.473779,0.272080,0.307132
64.733333,25.321790,17.623084,-0.093542,0.638165,0.026647,-0.070360,15.486181,-0.377025,7.018043,8.468138,0.271775,0.307000
64.766667,25.343042,17.621959,-0.095899,0.637654,0.026768,-0.070706,15.468422,-0.378709,7.005925,8.462497,0.271469,0.306867
64.800000,25.364275,17.620790,-0.098268,0.637141,0.026890,-0.071053,15.450677,-0.380390,6.993820,8.456857,0.271164,0.306735
64.833333,25.385489,17.619576,-0.100648,0.636627,0.027012,-0.071400,15.432948,-0.382067,6.981730,8.451218,0.270859,0.306603
64.866667,25.406683,17.618317,-0.103039,0.636112,0.027133,-0.071747,15.415237,-0.383741,6.969656,8.445581,0.270554,0.306471
64.900000,25.427858,17.617013,-0.105442,0.635597,0.027255,-0.072093,15.397546,-0.385410,6.957599,8.439947,0.270249,0.306339
64.933333,25.449012,17.615664,-0.107857,0.635080,0.027376,-0.072440,15.379875,-0.387076,6.945560,8.434315,0.269945,0.306207
64.966667,25.470147,17.614270,-0.110283,0.634563,0.027497,-0.072787,15.362228,-0.388738,6.933542,8.428687,0.269641,0.306075
65.000000,25.491261,17.612830,-0.112721,0.634045,0.027618,-0.073133,15.344606,-0.390395,6.921544,8.423063,0.269337,0.305943
65.033333,25.512355,17.611345,-0.115170,0.633526,0.027739,-0.073480,15.327011,-0.392047,6.909569,8.417443,0.269033,0.305811
65.066667,25.533429,17.609814,-0.117631,0.633007,0.027860,-0.073826,15.309445,-0.393695,6.897617,8.411828,0.268730,0.305679
65.100000,25.554482,17.608237,-0.120103,0.632487,0.027980,-0.074172,15.291909,-0.395337,6.885691,8.406218,0.268428,0.305547
65.133333,25.575514,17.606614,-0.122587,0.631966,0.028100,-0.074518,15.274405,-0.396974,6.873791,8.400615,0.268126,0.305415
65.166667,25.596526,17.604944,-0.125083,0.631445,0.028221,-0.074863,15.256936,-0.398606,6.861918,8.395017,0.267824,0.305284
65.200000,25.617517,17.603228,-0.127590,0.630923,0.028341,-0.075209,15.239502,-0.400231,6.850075,8.389427,0.267523,0.305152
65.233333,25.638486,17.601466,-0.130108,0.630401,0.028461,-0.075554,15.222107,-0.401851,6.838263,8.383844,0.267223,0.305021
65.266667,25.659434,17.599657,-0.132638,0.629879,0.028580,-0.075899,15.204751,-0.403465,6.826482,8.378269,0.266923,0.304890
65.300000,25.680361,17.597801,-0.135180,0.629356,0.028700,-0.076243,15.187436,-0.405072,6.814734,8.372702,0.266624,0.304759
65.333333,25.701266,17.595898,-0.137733,0.628833,0.028819,-0.076587,15.170164,-0.406672,6.803021,8.367144,0.266325,0.304628
65.366667,25.722150,17.593948,-0.140297,0.628310,0.028938,-0.076931,15.152938,-0.408265,6.791343,8.361595,0.266027,0.304497
65.400000,25.743012,17.591951,-0.142873,0.627786,0.029057,-0.077274,15.135758,-0.409852,6.779703,8.356055,0.265730,0.304367
65.433333,25.763852,17.589907,-0.145460,0.627263,0.029175,-0.077617,15.118627,-0.411431,6.768101,8.350526,0.265434,0.304237
65.466667,25.784670,17.587814,-0.148059,0.626739,0.029293,-0.077959,15.101546,-0.413002,6.756539,8.345007,0.265139,0.304107
65.500000,25.805465,17.585674,-0.150669,0.626216,0.029411,-0.078300,15.084518,-0.414565,6.745019,8.339499,0.264844,0.303977
65.533333,25.826239,17.583486,-0.153290,0.625692,0.029529,-0.078641,15.067543,-0.416120,6.733541,8.334003,0.264551,0.303847
65.566667,25.846989,17.581251,-0.155923,0.625169,0.029646,-0.078982,15.050624,-0.417667,6.722107,8.328518,0.264258,0.303718
65.600000,25.867718,17.578967,-0.158567,0.624645,0.029763,-0.079321,15.033763,-0.419205,6.710718,8.323045,0.263967,0.303589
65.633333,25.888423,17.576634,-0.161222,0.624122,0.029880,-0.079660,15.016961,-0.420734,6.699376,8.317585,0.263676,0.303460
65.666667,25.909106,17.574254,-0.163889,0.623600,0.029997,-0.079999,15.000219,-0.422254,6.688082,8.312137,0.263386,0.303331
65.700000,25.929766,17.571824,-0.166567,0.623077,0.030113,-0.080336,14.983541,-0.423765,6.676837,8.306704,0.263098,0.303203
65.733333,25.950402,17.569346,-0.169256,0.622555,0.030229,-0.080673,14.966927,-0.425266,6.665643,8.301283,0.262811,0.303075
65.766667,25.971016,17.566819,-0.171956,0.622033,0.030344,-0.081009,14.950379,-0.426758,6.654502,8.295877,0.262524,0.302948
65.800000,25.991606,17.564244,-0.174667,0.621512,0.030459,-0.081344,14.933899,-0.428239,6.643413,8.290485,0.262239,0.302820
65.833333,26.012172,17.561619,-0.177390,0.620991,0.030574,-0.081678,14.917489,-0.429709,6.632380,8.285109,0.261956,0.302693
65.866667,26.032715,17.558945,-0.180124,0.620471,0.030689,-0.082011,14.901150,-0.431170,6.621403,8.279747,0.261673,0.302566
65.900000,26.053234,17.556221,-0.182869,0.619952,0.030803,-0.082343,14.884884,-0.432619,6.610483,8.274401,0.261392,0.302440
65.933333,26.073730,17.553448,-0.185624,0.619433,0.030916,-0.082674,14.868692,-0.434057,6.599622,8.269070,0.261112,0.302314
65.966667,26.094201,17.550625,-0.188391,0.618915,0.031029,-0.083005,14.852578,-0.435483,6.588821,8.263756,0.260834,0.302188
66.000000,26.114648,17.547753,-0.191169,0.618397,0.031142,-0.083334,14.836541,-0.436898,6.578082,8.258459,0.260557,0.302063
66.033333,26.135071,17.544830,-0.193958,0.617881,0.031255,-0.083661,14.820584,-0.438301,6.567406,8.253178,0.260282,0.301938
66.066667,26.155469,17.541858,-0.196757,0.617365,0.031367,-0.083988,14.804708,-0.439691,6.556794,8.247915,0.260008,0.301813
66.100000,26.175843,17.538835,-0.199568,0.616850,0.031478,-0.084314,14.788916,-0.441070,6.546247,8.242669,0.259735,0.301689
66.133333,26.196192,17.535762,-0.202389,0.616337,0.031589,-0.084638,14.773208,-0.442435,6.535767,8.237441,0.259464,0.301565
66.166667,26.216517,17.532638,-0.205221,0.615824,0.031700,-0.084961,14.757586,-0.443787,6.525356,8.232231,0.259195,0.301442
66.200000,26.236816,17.529464,-0.208064,0.615312,0.031810,-0.085282,14.742053,-0.445126,6.515014,8.227039,0.258927,0.301319
66.233333,26.257091,17.526240,-0.210917,0.614802,0.031920,-0.085602,14.726608,-0.446452,6.504743,8.221866,0.258661,0.301196
66.266667,26.277340,17.522964,-0.213781,0.614293,0.032029,-0.085921,14.711255,-0.447764,6.494544,8.216712,0.258397,0.301074
66.300000,26.297564,17.519638,-0.216656,0.613785,0.032137,-0.086238,14.695995,-0.449061,6.484418,8.211577,0.258135,0.300952
66.333333,26.317763,17.516261,-0.219541,0.613278,0.032246,-0.086554,14.680829,-0.450345,6.474367,8.206462,0.257874,0.300831
66.366667,26.337936,17.512832,-0.222437,0.612773,0.032353,-0.086869,14.665758,-0.451613,6.464392,8.201366,0.257615,0.300710
66.400000,26.358084,17.509352,-0.225343,0.612269,0.032460,-0.087181,14.650785,-0.452867,6.454494,8.196291,0.257358,0.300589
66.433333,26.378206,17.505821,-0.228259,0.611767,0.032567,-0.087492,14.635911,-0.454106,6.444675,8.191235,0.257103,0.300469
66.466667,26.398302,17.502238,-0.231186,0.611266,0.032673,-0.087802,14.621137,-0.455329,6.434936,8.186201,0.256850,0.300350
66.500000,26.418372,17.498604,-0.234123,0.610767,0.032778,-0.088109,14.606464,-0.456536,6.425278,8.181187,0.256599,0.300231
66.533333,26.438416,17.494918,-0.237070,0.610269,0.032883,-0.088415,14.591895,-0.457728,6.415702,8.176194,0.256350,0.300112
66.566667,26.458433,17.491180,-0.240027,0.609773,0.032987,-0.088719,14.577431,-0.458903,6.406209,8.171222,0.256103,0.299994
66.600000,26.478425,17.487390,-0.242995,0.609279,0.033091,-0.089022,14.563073,-0.460062,6.396802,8.166272,0.255858,0.299876
66.633333,26.498389,17.483548,-0.245972,0.608787,0.033194,-0.089322,14.548823,-0.461204,6.387480,8.161343,0.255615,0.299759
66.666667,26.518328,17.479653,-0.248959,0.608296,0.033296,-0.089621,14.534682,-0.462329,6.378246,8.156436,0.255374,0.299642
66.700000,26.538239,17.475707,-0.251957,0.607807,0.033398,-0.089917,14.520651,-0.463437,6.369100,8.151551,0.255136,0.299526
66.733333,26.558124,17.471708,-0.254964,0.607321,0.033499,-0.090212,14.506732,-0.464528,6.360043,8.146688,0.254899,0.299411
66.766667,26.577981,17.467656,-0.257980,0.606836,0.033599,-0.090504,14.492926,-0.465600,6.351078,8.141848,0.254665,0.299295
66.800000,26.597812,17.463552,-0.261007,0.606353,0.033699,-0.090795,14.479235,-0.466655,6.342204,8.137031,0.254433,0.299181
66.833333,26.617616,17.459395,-0.264043,0.605872,0.033798,-0.091083,14.465660,-0.467691,6.333424,8.132236,0.254204,0.299066
66.866667,26.637392,17.455186,-0.267089,0.605394,0.033897,-0.091369,14.452202,-0.468709,6.324738,8.127464,0.253977,0.298953
66.900000,26.657141,17.450923,-0.270144,0.604918,0.033995,-0.091653,14.438862,-0.469708,6.316147,8.122715,0.253752,0.298840
66.933333,26.676862,17.446607,-0.273208,0.604444,0.034092,-0.091934,14.425642,-0.470687,6.307653,8.117989,0.253530,0.298727
66.966667,26.696555,17.442239,-0.276282,0.603972,0.034188,-0.092213,14.412544,-0.471648,6.299256,8.113287,0.253310,0.298615
67.000000,26.716221,17.437817,-0.279365,0.603502,0.034283,-0.092490,14.399567,-0.472589,6.290959,8.108609,0.253093,0.298504
67.033333,26.735859,17.433341,-0.282457,0.603035,0.034378,-0.092765,14.386715,-0.473510,6.282761,8.103954,0.252878,0.298393
67.066667,26.755469,17.428813,-0.285558,0.602571,0.034472,-0.093037,14.373987,-0.474411,6.274664,8.099323,0.252665,0.298282
67.100000,26.775051,17.424230,-0.288669,0.602109,0.034566,-0.093306,14.361384,-0.475292,6.266668,8.094716,0.252456,0.298172
67.133333,26.794605,17.419595,-0.291788,0.601649,0.034658,-0.093573,14.348909,-0.476153,6.258776,8.090133,0.252249,0.298063
67.166667,26.814130,17.414905,-0.294916,0.601192,0.034750,-0.093838,14.336563,-0.476993,6.250988,8.085575,0.252044,0.297954
67.200000,26.833627,17.410162,-0.298052,0.600738,0.034841,-0.094100,14.324345,-0.477811,6.243305,8.081040,0.251842,0.297846
67.233333,26.853096,17.405365,-0.301198,0.600286,0.034931,-0.094359,14.312258,-0.478609,6.235728,8.076531,0.251643,0.297738
67.266667,26.872536,17.400513,-0.304351,0.599838,0.035021,-0.094615,14.300303,-0.479385,6.228258,8.072045,0.251447,0.297631
67.300000,26.891947,17.395608,-0.307514,0.599391,0.035109,-0.094869,14.288480,-0.480139,6.220895,8.067585,0.251253,0.297524
67.333333,26.911329,17.390649,-0.310684,0.598948,0.035197,-0.095120,14.276791,-0.480872,6.213642,8.063149,0.251063,0.297418
67.366667,26.930682,17.385635,-0.313863,0.598508,0.035284,-0.095368,14.265237,-0.481582,6.206499,8.058738,0.250875,0.297313
67.400000,26.950007,17.380567,-0.317050,0.598070,0.035370,-0.095613,14.253818,-0.482270,6.199466,8.054352,0.250689,0.297208
67.433333,26.969302,17.375445,-0.320246,0.597636,0.035455,-0.095855,14.242536,-0.482936,6.192545,8.049991,0.250507,0.297104
67.466667,26.988567,17.370269,-0.323449,0.597204,0.035539,-0.096095,14.231391,-0.483579,6.185736,8.045655,0.250328,0.297000
67.500000,27.007804,17.365037,-0.326660,0.596776,0.035622,-0.096331,14.220385,-0.484199,6.179040,8.041345,0.250151,0.296897
67.533333,27.027011,17.359751,-0.329879,0.596351,0.035705,-0.096564,14.209518,-0.484796,6.172459,8.037059,0.249978,0.296795
67.566667,27.046188,17.354411,-0.333105,0.595928,0.035786,-0.096795,14.198792,-0.485370,6.165993,8.032799,0.249807,0.296693
67.600000,27.065335,17.349016,-0.336339,0.595509,0.035867,-0.097022,14.188207,-0.485920,6.159642,8.028564,0.249640,0.296591
67.633333,27.084453,17.343566,-0.339581,0.595094,0.035947,-0.097245,14.177764,-0.486446,6.153408,8.024355,0.249475,0.296491
67.666667,27.103541,17.338060,-0.342830,0.594681,0.036025,-0.097466,14.167463,-0.486949,6.147292,8.020171,0.249314,0.296390
67.700000,27.122599,17.332500,-0.346086,0.594272,0.036103,-0.097683,14.157306,-0.487427,6.141293,8.016013,0.249155,0.296291
67.733333,27.141626,17.326885,-0.349349,0.593866,0.036180,-0.097898,14.147294,-0.487881,6.135413,8.011880,0.249000,0.296192
67.766667,27.160624,17.321215,-0.352619,0.593464,0.036256,-0.098108,14.137426,-0.488311,6.129653,8.007773,0.248848,0.296094
67.800000,27.179591,17.315490,-0.355896,0.593065,0.036331,-0.098316,14.127705,-0.488717,6.124012,8.003692,0.248699,0.295996
67.833333,27.198528,17.309709,-0.359180,0.592670,0.036405,-0.098520,14.118129,-0.489097,6.118493,7.999636,0.248553,0.295898
67.866667,27.217434,17.303874,-0.362471,0.592278,0.036478,-0.098720,14.108701,-0.489453,6.113094,7.995607,0.248410,0.295802
67.900000,27.236310,17.297982,-0.365768,0.591889,0.036550,-0.098917,14.099420,-0.489784,6.107818,7.991602,0.248270,0.295706
67.933333,27.255155,17.292036,-0.369072,0.591505,0.036620,-0.099111,14.090288,-0.490089,6.102664,7.987624,0.248134,0.295610
67.966667,27.273969,17.286034,-0.372382,0.591124,0.036690,-0.099301,14.081305,-0.490370,6.097634,7.983671,0.248001,0.295516
68.000000,27.292752,17.279976,-0.375698,0.590746,0.036759,-0.099487,14.072471,-0.490625,6.092726,7.979744,0.247871,0.295421
68.033333,27.311504,17.273863,-0.379021,0.590373,0.036827,-0.099670,14.063787,-0.490854,6.087944,7.975843,0.247744,0.295328
68.066667,27.330225,17.267694,-0.382349,0.590003,0.036894,-0.099849,14.055253,-0.491058,6.083285,7.971968,0.247621,0.295235
68.100000,27.348915,17.261469,-0.385683,0.589637,0.036959,-0.100024,14.046871,-0.491235,6.078752,7.968119,0.247500,0.295142
68.133333,27.367573,17.255189,-0.389023,0.589274,0.037024,-0.100195,14.038639,-0.491387,6.074344,7.964295,0.247384,0.295051
68.166667,27.386201,17.248853,-0.392368,0.588916,0.037087,-0.100363,14.030560,-0.491513,6.070062,7.960498,0.247270,0.294959
68.200000,27.404796,17.242461,-0.395719,0.588561,0.037150,-0.100527,14.022632,-0.491613,6.065907,7.956726,0.247160,0.294869
68.233333,27.423360,17.236013,-0.399075,0.588211,0.037211,-0.100687,14.014857,-0.491686,6.061878,7.952980,0.247053,0.294779
68.266667,27.441893,17.229510,-0.402437,0.587864,0.037271,-0.100843,14.007235,-0.491734,6.057976,7.949259,0.246949,0.294689
68.300000,27.460394,17.222950,-0.405803,0.587522,0.037330,-0.100995,13.999766,-0.491755,6.054201,7.945565,0.246849,0.294601
68.333333,27.478862,17.216334,-0.409175,0.587183,0.037388,-0.101144,13.992450,-0.491749,6.050554,7.941896,0.246752,0.294512
68.366667,27.497299,17.209662,-0.412551,0.586848,0.037445,-0.101288,13.985287,-0.491717,6.047034,7.938253,0.246659,0.294425
68.400000,27.515704,17.202935,-0.415932,0.586518,0.037500,-0.101428,13.978279,-0.491658,6.043643,7.934635,0.246569,0.294338
68.433333,27.534077,17.196151,-0.419318,0.586192,0.037555,-0.101564,13.971424,-0.491572,6.040380,7.931044,0.246482,0.294251
68.466667,27.552417,17.189311,-0.422707,0.585870,0.037608,-0.101696,13.964723,-0.491460,6.037246,7.927478,0.246399,0.294166
68.500000,27.570725,17.182415,-0.426102,0.585552,0.037660,-0.101824,13.958177,-0.491321,6.034240,7.923937,0.246319,0.294081
68.533333,27.589001,17.175462,-0.429500,0.585238,0.037711,-0.101948,13.951784,-0.491156,6.031362,7.920422,0.246243,0.293996
68.566667,27.607244,17.168453,-0.432902,0.584928,0.037761,-0.102068,13.945546,-0.490963,6.028614,7.916933,0.246170,0.293912
68.600000,27.625455,17.161388,-0.436308,0.584623,0.037810,-0.102183,13.939463,-0.490743,6.025994,7.913469,0.246100,0.293829
68.633333,27.643633,17.154267,-0.439718,0.584322,0.037857,-0.102295,13.933533,-0.490497,6.023503,7.910030,0.246034,0.293746
68.666667,27.661779,17.147090,-0.443131,0.584026,0.037903,-0.102402,13.927758,-0.490224,6.021141,7.906617,0.245971,0.293664
68.700000,27.679891,17.139856,-0.446548,0.583733,0.037948,-0.102504,13.922137,-0.489923,6.018908,7.903229,0.245912,0.293582
68.733333,27.697971,17.132566,-0.449968,0.583445,0.037992,-0.102603,13.916670,-0.489596,6.016804,7.899866,0.245856,0.293501
68.766667,27.716017,17.125219,-0.453392,0.583162,0.038034,-0.102697,13.911357,-0.489242,6.014829,7.896529,0.245803,0.293421
68.800000,27.734031,17.117816,-0.456818,0.582882,0.038076,-0.102787,13.906198,-0.488861,6.012982,7.893216,0.245754,0.293341
68.833333,27.752011,17.110357,-0.460247,0.582608,0.038116,-0.102872,13.901192,-0.488453,6.011264,7.889929,0.245708,0.293262
68.866667,27.769958,17.102841,-0.463679,0.582337,0.038154,-0.102953,13.896340,-0.488018,6.009674,7.886666,0.245666,0.293183
68.900000,27.787872,17.095269,-0.467113,0.582072,0.038192,-0.103029,13.891641,-0.487556,6.008212,7.883429,0.245627,0.293105
68.933333,27.805753,17.087640,-0.470550,0.581810,0.038228,-0.103102,13.887094,-0.487068,6.006879,7.880216,0.245591,0.293027
68.966667,27.823600,17.079955,-0.473989,0.581553,0.038263,-0.103169,13.882700,-0.486552,6.005673,7.877027,0.245559,0.292951
69.000000,27.841413,17.072214,-0.477430,0.581301,0.038297,-0.103232,13.878458,-0.486010,6.004594,7.873864,0.245531,0.292874
69.033333,27.859193,17.064416,-0.480873,0.581053,0.038329,-0.103291,13.874368,-0.485441,6.003643,7.870725,0.245505,0.292798
69.066667,27.876939,17.056561,-0.484318,0.580810,0.038360,-0.103345,13.870429,-0.484846,6.002819,7.867610,0.245483,0.292723
69.100000,27.894651,17.048650,-0.487764,0.580571,0.038390,-0.103395,13.866640,-0.484224,6.002121,7.864519,0.245465,0.292649
69.133333,27.912329,17.040683,-0.491212,0.580337,0.038419,-0.103440,13.863002,-0.483575,6.001549,7.861453,0.245450,0.292575
69.166667,27.929974,17.032659,-0.494661,0.580107,0.038446,-0.103480,13.859514,-0.482900,6.001103,7.858411,0.245438,0.292501
69.200000,27.947584,17.024579,-0.498112,0.579882,0.038472,-0.103516,13.856175,-0.482198,6.000783,7.855392,0.245429,0.292428
69.233333,27.965160,17.016442,-0.501564,0.579662,0.038496,-0.103548,13.852984,-0.481471,6.000587,7.852397,0.245424,0.292356
69.266667,27.982702,17.008249,-0.505016,0.579446,0.038520,-0.103574,13.849942,-0.480717,6.000515,7.849426,0.245422,0.292284
69.300000,28.000210,17.000000,-0.508469,0.579235,0.038542,-0.103597,13.847047,-0.479940,6.000562,7.846485,0.245423,0.292213
69.333333,28.017683,16.991694,-0.511923,0.579029,0.038562,-0.103614,13.844298,-0.479154,6.000699,7.843599,0.245427,0.292144
69.366667,28.035123,16.983332,-0.515377,0.578827,0.038582,-0.103627,13.841695,-0.478370,6.000905,7.840790,0.245432,0.292076
69.400000,28.052527,16.974913,-0.518832,0.578629,0.038599,-0.103636,13.839238,-0.477586,6.001185,7.838053,0.245440,0.292010
69.433333,28.069897,16.966438,-0.522286,0.578437,0.038616,-0.103641,13.836925,-0.476796,6.001547,7.835378,0.245450,0.291945
69.466667,28.087233,16.957907,-0.525741,0.578249,0.038631,-0.103641,13.834757,-0.475998,6.001998,7.832759,0.245462,0.291882
69.500000,28.104534,16.949320,-0.529196,0.578065,0.038645,-0.103637,13.832732,-0.475189,6.002541,7.830190,0.245476,0.291820
69.533333,28.121800,16.940676,-0.532650,0.577887,0.038658,-0.103629,13.830849,-0.474367,6.003180,7.827669,0.245493,0.291759
69.566667,28.139031,16.931976,-0.536104,0.577713,0.038669,-0.103618,13.829108,-0.473532,6.003916,7.825192,0.245513,0.291699
69.600000,28.156227,16.923219,-0.539557,0.577543,0.038679,-0.103602,13.827509,-0.472683,6.004749,7.822759,0.245535,0.291640
69.633333,28.173389,16.914407,-0.543010,0.577379,0.038688,-0.103582,13.826050,-0.471819,6.005681,7.820369,0.245560,0.291582
69.666667,28.190515,16.905538,-0.546462,0.577219,0.038696,-0.103559,13.824730,-0.470940,6.006710,7.818020,0.245587,0.291525
69.700000,28.207606,16.896613,-0.549913,0.577063,0.038702,-0.103531,13.823549,-0.470047,6.007838,7.815712,0.245617,0.291469
69.733333,28.224663,16.887633,-0.553363,0.576912,0.038707,-0.103500,13.822506,-0.469139,6.009062,7.813444,0.245650,0.291415
69.766667,28.241684,16.878596,-0.556812,0.576766,0.038710,-0.103464,13.821600,-0.468217,6.010384,7.811217,0.245685,0.291361
69.800000,28.258669,16.869503,-0.560259,0.576625,0.038713,-0.103425,13.820831,-0.467280,6.011801,7.809030,0.245722,0.291308
69.833333,28.275620,16.860354,-0.563706,0.576488,0.038714,-0.103383,13.820196,-0.466328,6.013313,7.806883,0.245763,0.291256
69.866667,28.292535,16.851149,-0.567150,0.576355,0.038714,-0.103336,13.819696,-0.465362,6.014920,7.804776,0.245805,0.291205
69.900000,28.309414,16.841888,-0.570593,0.576228,0.038713,-0.103286,13.819329,-0.464383,6.016621,7.802709,0.245851,0.291155
69.933333,28.326258,16.832572,-0.574034,0.576105,0.038710,-0.103232,13.819095,-0.463390,6.018414,7.800681,0.245898,0.291106
69.966667,28.343066,16.823200,-0.577473,0.575986,0.038706,-0.103174,13.818992,-0.462383,6.020298,7.798693,0.245948,0.291058
70.000000,28.359839,16.813771,-0.580910,0.575872,0.038701,-0.103113,13.819019,-0.461362,6.022274,7.796745,0.246001,0.291010
70.033333,28.376576,16.804288,-0.584345,0.575763,0.038695,-0.103048,13.819176,-0.460329,6.024339,7.794837,0.246056,0.290964
70.066667,28.393277,16.794748,-0.587778,0.575658,0.038688,-0.102979,13.819461,-0.459283,6.026494,7.792968,0.246113,0.290919
70.100000,28.409943,16.785153,-0.591208,0.575557,0.038679,-0.102907,13.819874,-0.458225,6.028736,7.791138,0.246173,0.290875
70.133333,28.426572,16.775503,-0.594636,0.575462,0.038669,-0.102832,13.820413,-0.457154,6.031065,7.789348,0.246235,0.290831
70.166667,28.443166,16.765797,-0.598061,0.575370,0.038658,-0.102752,13.821077,-0.456071,6.033479,7.787597,0.246299,0.290789
70.200000,28.459724,16.756036,-0.601483,0.575284,0.038646,-0.102670,13.821865,-0.454976,6.035979,7.785886,0.246365,0.290747
70.233333,28.476245,16.746219,-0.604903,0.575201,0.038633,-0.102584,13.822776,-0.453869,6.038562,7.784214,0.246434,0.290707
70.266667,28.492731,16.736347,-0.608319,0.575123,0.038618,-0.102494,13.823809,-0.452752,6.041228,7.782581,0.246505,0.290667
70.300000,28.509180,16.726420,-0.611733,0.575050,0.038603,-0.102402,13.824962,-0.451623,6.043976,7.780987,0.246578,0.290629
70.333333,28.525593,16.716438,-0.615143,0.574981,0.038586,-0.102305,13.826235,-0.450483,6.046804,7.779432,0.246653,0.290591
70.366667,28.541970,16.706400,-0.618550,0.574916,0.038568,-0.102206,13.827627,-0.449333,6.049711,7.777915,0.246730,0.290554
70.400000,28.558310,16.696308,-0.621953,0.574856,0.038549,-0.102103,13.829135,-0.448173,6.052697,7.776438,0.246809,0.290518
70.433333,28.574615,16.686161,-0.625353,0.574800,0.038529,-0.101997,13.830760,-0.447002,6.055761,7.774999,0.246891,0.290484
70.466667,28.590882,16.675959,-0.628749,0.574749,0.038508,-0.101888,13.832499,-0.445821,6.058900,7.773598,0.246974,0.290450
70.500000,28.607113,16.665702,-0.632142,0.574702,0.038486,-0.101776,13.834351,-0.444631,6.062115,7.772236,0.247059,0.290417
70.533333,28.623308,16.655390,-0.635530,0.574659,0.038463,-0.101660,13.836316,-0.443432,6.065404,7.770912,0.247146,0.290384
70.566667,28.639466,16.645024,-0.638915,0.574620,0.038438,-0.101542,13.838392,-0.442224,6.068766,7.769626,0.247236,0.290353
70.600000,28.655588,16.634603,-0.642296,0.574586,0.038413,-0.101420,13.840577,-0.441006,6.072199,7.768378,0.247327,0.290323
70.633333,28.671673,16.624128,-0.645672,0.574556,0.038387,-0.101295,13.842871,-0.439781,6.075703,7.767167,0.247420,0.290294
70.666667,28.687721,16.613599,-0.649044,0.574530,0.038359,-0.101167,13.845271,-0.438547,6.079277,7.765994,0.247514,0.290265
70.700000,28.703732,16.603015,-0.652412,0.574508,0.038331,-0.101037,13.847778,-0.437304,6.082919,7.764859,0.247611,0.290238
70.733333,28.719706,16.592377,-0.655776,0.574490,0.038301,-0.100903,13.850388,-0.436054,6.086628,7.763760,0.247709,0.290211
70.766667,28.735644,16.581685,-0.659135,0.574477,0.038270,-0.100767,13.853102,-0.434797,6.090403,7.762699,0.247809,0.290185
70.800000,28.751545,16.570938,-0.662489,0.574468,0.038239,-0.100627,13.855918,-0.433532,6.094244,7.761674,0.247911,0.290160
70.833333,28.767408,16.560138,-0.665838,0.574462,0.038206,-0.100485,13.858833,-0.432260,6.098148,7.760686,0.248014,0.290136
70.866667,28.783235,16.549284,-0.669183,0.574461,0.038173,-0.100340,13.861848,-0.430981,6.102114,7.759734,0.248119,0.290113
70.900000,28.799025,16.538377,-0.672523,0.574464,0.038138,-0.100193,13.864960,-0.429696,6.106142,7.758818,0.248226,0.290091
70.933333,28.814777,16.527415,-0.675858,0.574470,0.038103,-0.100042,13.868169,-0.428404,6.110231,7.757938,0.248334,0.290070
70.966667,28.830493,16.516401,-0.679187,0.574481,0.038067,-0.099889,13.871472,-0.427106,6.114378,7.757094,0.248444,0.290049
71.000000,28.846171,16.505332,-0.682512,0.574495,0.038029,-0.099734,13.874868,-0.425802,6.118584,7.756285,0.248555,0.290030
71.033333,28.861812,16.494211,-0.685831,0.574514,0.037991,-0.099575,13.878356,-0.424493,6.122846,7.755511,0.248668,0.290011
71.066667,28.877416,16.483036,-0.689145,0.574536,0.037952,-0.099415,13.881935,-0.423178,6.127164,7.754772,0.248782,0.289993
71.100000,28.892983,16.471808,-0.692453,0.574562,0.037912,-0.099251,13.885603,-0.421858,6.131536,7.754067,0.248897,0.289976
71.133333,28.908512,16.460527,-0.695756,0.574592,0.037871,-0.099086,13.889358,-0.420533,6.135961,7.753397,0.249014,0.289960
71.166667,28.924003,16.449193,-0.699053,0.574625,0.037829,-0.098917,13.893199,-0.419204,6.140439,7.752760,0.249133,0.289944
71.200000,28.939458,16.437806,-0.702345,0.574662,0.037786,-0.098747,13.897125,-0.417870,6.144967,7.752158,0.249252,0.289930
71.233333,28.954874,16.426367,-0.705631,0.574703,0.037743,-0.098574,13.901134,-0.416531,6.149545,7.751589,0.249373,0.289916
71.266667,28.970254,16.414875,-0.708911,0.574748,0.037698,-0.098399,13.905224,-0.415189,6.154172,7.751052,0.249495,0.289903
71.300000,28.985596,16.403330,-0.712185,0.574796,0.037653,-0.098221,13.909394,-0.413843,6.158846,7.750549,0.249619,0.289890
71.333333,29.000900,16.391733,-0.715453,0.574848,0.037607,-0.098041,13.913644,-0.412493,6.163566,7.750078,0.249743,0.289879
71.366667,29.016166,16.380084,-0.718715,0.574903,0.037560,-0.097859,13.917970,-0.411140,6.168330,7.749639,0.249869,0.289868
71.400000,29.031395,16.368383,-0.721970,0.574961,0.037512,-0.097675,13.922371,-0.409784,6.173139,7.749232,0.249996,0.289859
71.433333,29.046586,16.356630,-0.725220,0.575023,0.037464,-0.097489,13.926847,-0.408425,6.177990,7.748856,0.250124,0.289849
71.466667,29.061740,16.344824,-0.728463,0.575089,0.037414,-0.097301,13.931395,-0.407063,6.182883,7.748512,0.250253,0.289841
71.500000,29.076856,16.332968,-0.731700,0.575158,0.037364,-0.097110,13.936013,-0.405699,6.187816,7.748198,0.250383,0.289833
71.533333,29.091934,16.321059,-0.734931,0.575230,0.037313,-0.096918,13.940702,-0.404333,6.192788,7.747914,0.250514,0.289827
71.566667,29.106974,16.309099,-0.738155,0.575305,0.037262,-0.096724,13.945458,-0.402964,6.197797,7.747660,0.250646,0.289820
71.600000,29.121976,16.297087,-0.741373,0.575384,0.037209,-0.096527,13.950280,-0.401594,6.202844,7.747436,0.250778,0.289815
71.633333,29.136940,16.285025,-0.744584,0.575466,0.037156,-0.096329,13.955166,-0.400222,6.207926,7.747241,0.250912,0.289810
71.666667,29.151866,16.272911,-0.747788,0.575551,0.037102,-0.096129,13.960116,-0.398849,6.213042,7.747075,0.251047,0.289806
71.700000,29.166755,16.260746,-0.750986,0.575639,0.037048,-0.095928,13.965128,-0.397474,6.218191,7.746937,0.251182,0.289803
71.733333,29.181605,16.248530,-0.754176,0.575730,0.036992,-0.095724,13.970199,-0.396098,6.223372,7.746827,0.251319,0.289800
71.766667,29.196418,16.236264,-0.757360,0.575825,0.036936,-0.095519,13.975328,-0.394722,6.228584,7.746744,0.251456,0.289798
71.800000,29.211192,16.223947,-0.760537,0.575922,0.036880,-0.095312,13.980514,-0.393345,6.233825,7.746689,0.251593,0.289797
71.833333,29.225928,16.211579,-0.763708,0.576022,0.036822,-0.095103,13.985756,-0.391967,6.239095,7.746661,0.251732,0.289796
71.866667,29.240626,16.199161,-0.766871,0.576125,0.036764,-0.094893,13.991050,-0.390589,6.244392,7.746658,0.251871,0.289796
71.900000,29.255286,16.186693,-0.770027,0.576231,0.036705,-0.094682,13.996397,-0.389211,6.249715,7.746682,0.252011,0.289797
71.933333,29.269908,16.174175,-0.773176,0.576340,0.036646,-0.094468,14.001794,-0.387833,6.255063,7.746730,0.252151,0.289798
71.966667,29.284491,16.161607,-0.776317,0.576451,0.036586,-0.094253,14.007239,-0.386456,6.260435,7.746804,0.252292,0.289800
72.000000,29.299036,16.148989,-0.779452,0.576565,0.036526,-0.094037,14.012732,-0.385079,6.265830,7.746902,0.252434,0.289802
72.033333,29.313543,16.136321,-0.782579,0.576682,0.036464,-0.093820,14.018270,-0.383702,6.271246,7.747024,0.252576,0.289805
72.066667,29.328012,16.123604,-0.785699,0.576801,0.036402,-0.093601,14.023851,-0.382327,6.276682,7.747170,0.252718,0.289808
72.100000,29.342442,16.110838,-0.788812,0.576924,0.036340,-0.093380,14.029475,-0.380952,6.282137,7.747338,0.252861,0.289813
72.133333,29.356834,16.098022,-0.791917,0.577048,0.036277,-0.093159,14.035140,-0.379579,6.287610,7.747529,0.253005,0.289817
72.166667,29.371188,16.085158,-0.795015,0.577175,0.036213,-0.092936,14.040843,-0.378207,6.293101,7.747742,0.253149,0.289822
72.200000,29.385503,16.072244,-0.798106,0.577305,0.036149,-0.092712,14.046583,-0.376836,6.298606,7.747977,0.253293,0.289828
72.233333,29.399780,16.059282,-0.801188,0.577436,0.036084,-0.092486,14.052360,-0.375467,6.304127,7.748233,0.253437,0.289834
72.266667,29.414018,16.046271,-0.804264,0.577571,0.036019,-0.092260,14.058170,-0.374100,6.309661,7.748509,0.253582,0.289841
72.300000,29.428218,16.033212,-0.807332,0.577707,0.035953,-0.092032,14.064012,-0.372735,6.315207,7.748805,0.253727,0.289848
72.333333,29.442380,16.020105,-0.810392,0.577846,0.035887,-0.091803,14.069885,-0.371373,6.320765,7.749121,0.253873,0.289856
72.366667,29.456502,16.006949,-0.813444,0.577987,0.035820,-0.091574,14.075787,-0.370012,6.326332,7.749455,0.254018,0.289864
72.400000,29.470587,15.993745,-0.816489,0.578130,0.035753,-0.091343,14.081717,-0.368654,6.331909,7.749808,0.254164,0.289873
72.433333,29.484632,15.980494,-0.819526,0.578275,0.035685,-0.091111,14.087673,-0.367298,6.337493,7.750179,0.254310,0.289882
72.466667,29.498639,15.967195,-0.822555,0.578422,0.035617,-0.090879,14.093652,-0.365946,6.343085,7.750567,0.254456,0.289891
72.500000,29.512608,15.953848,-0.825577,0.578571,0.035548,-0.090645,14.099654,-0.364596,6.348681,7.750973,0.254603,0.289901
72.533333,29.526538,15.940454,-0.828590,0.578722,0.035479,-0.090411,14.105677,-0.363249,6.354283,7.751394,0.254749,0.289911
72.566667,29.540429,15.927013,-0.831596,0.578875,0.035409,-0.090175,14.111719,-0.361905,6.359888,7.751831,0.254895,0.289922
72.600000,29.554281,15.913525,-0.834594,0.579030,0.035339,-0.089939,14.117779,-0.360565,6.365495,7.752283,0.255041,0.289933
72.633333,29.568095,15.899990,-0.837584,0.579186,0.035268,-0.089703,14.123854,-0.359228,6.371104,7.752750,0.255188,0.289944
72.666667,29.581870,15.886409,-0.840566,0.579345,0.035197,-0.089465,14.129944,-0.357895,6.376713,7.753231,0.255334,0.289956
72.700000,29.595606,15.872781,-0.843541,0.579505,0.035126,-0.089227,14.136046,-0.356565,6.382321,7.753726,0.255480,0.289968
72.733333,29.609304,15.859106,-0.846507,0.579666,0.035054,-0.088988,14.142160,-0.355240,6.387927,7.754233,0.255626,0.289980
72.766667,29.622962,15.845386,-0.849465,0.579830,0.034982,-0.088749,14.148283,-0.353918,6.393530,7.754752,0.255772,0.289992
72.800000,29.636582,15.831619,-0.852416,0.579995,0.034909,-0.088509,14.154413,-0.352600,6.399129,7.755284,0.255918,0.290005
72.833333,29.650163,15.817807,-0.855358,0.580161,0.034836,-0.088268,14.160550,-0.351287,6.404723,7.755826,0.256064,0.290019
72.866667,29.663706,15.803949,-0.858292,0.580329,0.034763,-0.088027,14.166691,-0.349978,6.410311,7.756379,0.256210,0.290032
72.900000,29.677209,15.790045,-0.861218,0.580498,0.034689,-0.087785,14.172835,-0.348673,6.415892,7.756942,0.256355,0.290046
72.933333,29.690674,15.776096,-0.864136,0.580668,0.034615,-0.087543,14.178980,-0.347373,6.421465,7.757515,0.256500,0.290060
72.966667,29.704099,15.762102,-0.867046,0.580840,0.034541,-0.087300,14.185124,-0.346078,6.427028,7.758096,0.256644,0.290074
73.000000,29.717486,15.748063,-0.869948,0.581013,0.034466,-0.087057,14.191267,-0.344787,6.432581,7.758685,0.256789,0.290088
73.033333,29.730834,15.733980,-0.872842,0.581187,0.034391,-0.086814,14.197406,-0.343501,6.438123,7.759282,0.256933,0.290102
73.066667,29.744143,15.719851,-0.875728,0.581362,0.034315,-0.086571,14.203539,-0.342221,6.443653,7.759886,0.257077,0.290117
73.100000,29.757412,15.705679,-0.878605,0.581539,0.034240,-0.086327,14.209666,-0.340945,6.449169,7.760497,0.257220,0.290132
73.133333,29.770643,15.691462,-0.881475,0.581716,0.034164,-0.086082,14.215784,-0.339675,6.454671,7.761113,0.257363,0.290147
73.166667,29.783835,15.677201,-0.884336,0.581894,0.034088,-0.085838,14.221892,-0.338410,6.460158,7.761734,0.257505,0.290162
73.200000,29.796988,15.662896,-0.887189,0.582074,0.034011,-0.085593,14.227988,-0.337150,6.465628,7.762360,0.257647,0.290177
73.233333,29.810102,15.648548,-0.890034,0.582254,0.033934,-0.085348,14.234071,-0.335896,6.471081,7.762990,0.257789,0.290192
73.266667,29.823177,15.634156,-0.892871,0.582435,0.033857,-0.085103,14.240139,-0.334648,6.476516,7.763623,0.257930,0.290208
73.300000,29.836213,15.619720,-0.895699,0.582617,0.033780,-0.084858,14.246191,-0.333405,6.481932,7.764259,0.258070,0.290223
73.333333,29.849210,15.605242,-0.898520,0.582799,0.033702,-0.084613,14.252224,-0.332168,6.487327,7.764897,0.258210,0.290239
73.366667,29.862167,15.590721,-0.901332,0.582982,0.033625,-0.084368,14.258238,-0.330937,6.492702,7.765536,0.258349,0.290254
73.400000,29.875086,15.576157,-0.904136,0.583166,0.033547,-0.084122,14.264230,-0.329712,6.498054,7.766176,0.258488,0.290270
73.433333,29.887966,15.561550,-0.906932,0.583350,0.033468,-0.083877,14.270199,-0.328493,6.503383,7.766816,0.258626,0.290285
73.466667,29.900806,15.546901,-0.909720,0.583535,0.033390,-0.083632,14.276144,-0.327280,6.508688,7.767456,0.258764,0.290301
73.500000,29.913607,15.532210,-0.912499,0.583720,0.033311,-0.083386,14.282063,-0.326073,6.513968,7.768095,0.258900,0.290316
73.533333,29.926370,15.517477,-0.915271,0.583906,0.033233,-0.083141,14.287954,-0.324873,6.519222,7.768732,0.259036,0.290332
73.566667,29.939093,15.502702,-0.918034,0.584092,0.033154,-0.082896,14.293817,-0.323679,6.524449,7.769367,0.259172,0.290347
73.600000,29.951777,15.487885,-0.920789,0.584278,0.033075,-0.082651,14.299648,-0.322491,6.529649,7.769999,0.259306,0.290362
73.633333,29.964421,15.473028,-0.923536,0.584465,0.032995,-0.082406,14.305447,-0.321310,6.534820,7.770627,0.259440,0.290378
73.666667,29.977027,15.458129,-0.926274,0.584652,0.032916,-0.082161,14.311213,-0.320135,6.539961,7.771251,0.259573,0.290393
73.700000,29.989593,15.443189,-0.929005,0.584839,0.032836,-0.081917,14.316943,-0.318968,6.545072,7.771871,0.259705,0.290408
73.733333,30.002121,15.428208,-0.931727,0.585026,0.032756,-0.081673,14.322636,-0.317807,6.550152,7.772484,0.259836,0.290423
73.766667,30.014609,15.413186,-0.934442,0.585213,0.032676,-0.081429,14.328291,-0.316652,6.555199,7.773092,0.259966,0.290437
73.800000,30.027058,15.398124,-0.937148,0.585400,0.032596,-0.081185,14.333906,-0.315505,6.560213,7.773693,0.260096,0.290452
73.833333,30.039467,15.383023,-0.939846,0.585587,0.032516,-0.080941,14.339479,-0.314364,6.565193,7.774287,0.260224,0.290466
73.866667,30.051838,15.367881,-0.942536,0.585774,0.032436,-0.080698,14.345010,-0.313231,6.570138,7.774872,0.260352,0.290480
73.900000,30.064169,15.352699,-0.945218,0.585961,0.032356,-0.080455,14.350496,-0.312104,6.575047,7.775449,0.260479,0.290494
73.933333,30.076461,15.337477,-0.947892,0.586147,0.032275,-0.080213,14.355936,-0.310985,6.579920,7.776017,0.260604,0.290508
73.966667,30.088714,15.322217,-0.950557,0.586334,0.032195,-0.079971,14.361329,-0.309873,6.584755,7.776574,0.260729,0.290522
74.000000,30.100927,15.306917,-0.953215,0.586520,0.032114,-0.079729,14.366673,-0.308768,6.589552,7.777122,0.260853,0.290535
74.033333,30.113101,15.291578,-0.955864,0.586705,0.032034,-0.079488,14.371967,-0.307671,6.594309,7.777658,0.260975,0.290548
74.066667,30.125236,15.276200,-0.958506,0.586891,0.031953,-0.079248,14.377209,-0.306580,6.599027,7.778182,0.261097,0.290561
74.100000,30.137332,15.260784,-0.961140,0.587075,0.031872,-0.079007,14.382397,-0.305497,6.603703,7.778694,0.261218,0.290573
74.133333,30.149388,15.245330,-0.963765,0.587260,0.031791,-0.078768,14.387531,-0.304422,6.608338,7.779192,0.261337,0.290585
74.166667,30.161405,15.229837,-0.966383,0.587444,0.031710,-0.078528,14.392608,-0.303354,6.612931,7.779677,0.261455,0.290597
74.200000,30.173383,15.214306,-0.968992,0.587627,0.031629,-0.078290,14.397628,-0.302294,6.617480,7.780148,0.261572,0.290608
74.233333,30.185322,15.198738,-0.971594,0.587809,0.031549,-0.078052,14.402589,-0.301241,6.621985,7.780604,0.261688,0.290619
74.266667,30.197221,15.183132,-0.974188,0.587991,0.031468,-0.077814,14.407490,-0.300196,6.626445,7.781044,0.261803,0.290630
74.300000,30.209081,15.167489,-0.976774,0.588172,0.031387,-0.077577,14.412328,-0.299158,6.630859,7.781469,0.261917,0.290640
74.333333,30.220902,15.151809,-0.979352,0.588353,0.031306,-0.077341,14.417103,-0.298129,6.635227,7.781876,0.262029,0.290650
74.366667,30.232683,15.136092,-0.981922,0.588532,0.031225,-0.077105,14.421814,-0.297107,6.639548,7.782266,0.262140,0.290660
74.400000,30.244425,15.120339,-0.984484,0.588711,0.031144,-0.076870,14.426458,-0.296093,6.643820,7.782638,0.262250,0.290669
74.433333,30.256128,15.104549,-0.987039,0.588888,0.031063,-0.076636,14.431035,-0.295086,6.648044,7.782991,0.262358,0.290677
74.466667,30.267791,15.088722,-0.989586,0.589065,0.030982,-0.076402,14.435543,-0.294088,6.652217,7.783326,0.262466,0.290685
74.500000,30.279415,15.072860,-0.992125,0.589240,0.030901,-0.076169,14.439981,-0.293098,6.656341,7.783640,0.262572,0.290693
74.533333,30.291000,15.056962,-0.994656,0.589415,0.030820,-0.075937,14.444347,-0.292115,6.660413,7.783934,0.262676,0.290700
74.566667,30.302545,15.041028,-0.997179,0.589588,0.030739,-0.075706,14.448640,-0.291141,6.664434,7.784206,0.262780,0.290707
74.600000,30.314052,15.025059,-0.999695,0.589760,0.030659,-0.075475,14.452859,-0.290175,6.668402,7.784458,0.262881,0.290713
74.633333,30.325518,15.009055,-1.002203,0.589931,0.030578,-0.075245,14.457003,-0.289216,6.672316,7.784686,0.262982,0.290718
74.666667,30.336946,14.993016,-1.004704,0.590101,0.030497,-0.075016,14.461069,-0.288266,6.676177,7.784893,0.263081,0.290723
74.700000,30.348334,14.976943,-1.007197,0.590270,0.030417,-0.074788,14.465058,-0.287324,6.679983,7.785075,0.263179,0.290728
74.733333,30.359683,14.960835,-1.009682,0.590437,0.030336,-0.074561,14.468966,-0.286390,6.683733,7.785234,0.263275,0.290732
74.766667,30.370992,14.944692,-1.012160,0.590602,0.030256,-0.074334,14.472794,-0.285465,6.687427,7.785368,0.263370,0.290735
74.800000,30.382262,14.928516,-1.014630,0.590767,0.030175,-0.074109,14.476540,-0.284547,6.691064,7.785476,0.263463,0.290737
74.833333,30.393493,14.912306,-1.017093,0.590929,0.030095,-0.073884,14.480203,-0.283638,6.694643,7.785559,0.263555,0.290739
74.866667,30.404684,14.896062,-1.019549,0.591090,0.030015,-0.073660,14.483780,-0.282737,6.698164,7.785616,0.263645,0.290741
74.900000,30.415837,14.879785,-1.021997,0.591250,0.029935,-0.073437,14.487272,-0.281845,6.701626,7.785646,0.263734,0.290742
74.933333,30.426949,14.863475,-1.024437,0.591408,0.029855,-0.073215,14.490677,-0.280961,6.705029,7.785648,0.263821,0.290742
74.966667,30.438023,14.847132,-1.026870,0.591564,0.029775,-0.072995,14.493993,-0.280085,6.708371,7.785622,0.263906,0.290741
75.000000,30.449057,14.830756,-1.029296,0.591719,0.029695,-0.072774,14.497220,-0.279218,6.711652,7.785567,0.263990,0.290740
75.033333,30.460052,14.814348,-1.031715,0.591871,0.029616,-0.072555,14.500355,-0.278359,6.714872,7.785484,0.264073,0.290738
75.066667,30.471007,14.797907,-1.034126,0.592022,0.029536,-0.072337,14.503399,-0.277509,6.718029,7.785370,0.264154,0.290735
75.100000,30.481923,14.781435,-1.036530,0.592172,0.029457,-0.072120,14.506349,-0.276667,6.721123,7.785227,0.264233,0.290731
75.133333,30.492800,14.764931,-1.038927,0.592319,0.029378,-0.071904,14.509205,-0.275834,6.724154,7.785052,0.264311,0.290727
75.166667,30.503637,14.748395,-1.041316,0.592464,0.029299,-0.071689,14.511966,-0.275009,6.727120,7.784846,0.264386,0.290722
75.200000,30.514435,14.731828,-1.043699,0.592607,0.029220,-0.071476,14.514629,-0.274193,6.730021,7.784608,0.264461,0.290716
75.233333,30.525194,14.715230,-1.046074,0.592749,0.029141,-0.071263,14.517195,-0.273385,6.732857,7.784338,0.264533,0.290710
75.266667,30.535913,14.698602,-1.048443,0.592888,0.029063,-0.071051,14.519662,-0.272586,6.735627,7.784034,0.264604,0.290703
75.300000,30.546593,14.681942,-1.050804,0.593025,0.028985,-0.070840,14.522028,-0.271795,6.738331,7.783697,0.264673,0.290694
75.333333,30.557234,14.665252,-1.053158,0.593160,0.028906,-0.070631,14.524293,-0.271014,6.740966,7.783326,0.264741,0.290685
75.366667,30.567835,14.648532,-1.055506,0.593293,0.028828,-0.070422,14.526455,-0.270240,6.743534,7.782921,0.264806,0.290676
75.400000,30.578398,14.631783,-1.057846,0.593423,0.028751,-0.070215,14.528514,-0.269476,6.746034,7.782480,0.264870,0.290665
75.433333,30.588920,14.615003,-1.060180,0.593552,0.028673,-0.070009,14.530469,-0.268720,6.748464,7.782004,0.264932,0.290653
75.466667,30.599404,14.598194,-1.062507,0.593678,0.028596,-0.069804,14.532317,-0.267973,6.750825,7.781492,0.264993,0.290641
75.500000,30.609848,14.581356,-1.064827,0.593801,0.028518,-0.069600,14.534059,-0.267235,6.753116,7.780943,0.265051,0.290628
75.533333,30.620253,14.564489,-1.067140,0.593923,0.028441,-0.069398,14.535693,-0.266506,6.755336,7.780357,0.265108,0.290613
75.566667,30.630618,14.547593,-1.069446,0.594041,0.028365,-0.069196,14.537218,-0.265785,6.757484,7.779733,0.265163,0.290598
75.600000,30.640944,14.530669,-1.071746,0.594158,0.028288,-0.068996,14.538632,-0.265073,6.759561,7.779072,0.265216,0.290582
75.633333,30.651231,14.513716,-1.074039,0.594272,0.028212,-0.068797,14.539936,-0.264370,6.761565,7.778372,0.265267,0.290565
75.666667,30.661479,14.496736,-1.076326,0.594383,0.028136,-0.068599,14.541128,-0.263676,6.763496,7.777633,0.265317,0.290547
75.700000,30.671687,14.479727,-1.078606,0.594492,0.028060,-0.068402,14.542207,-0.262990,6.765353,7.776854,0.265364,0.290529
75.733333,30.681856,14.462691,-1.080880,0.594598,0.027984,-0.068207,14.543172,-0.262314,6.767137,7.776035,0.265410,0.290509
75.766667,30.691986,14.445628,-1.083147,0.594701,0.027909,-0.068013,14.544023,-0.261646,6.768846,7.775176,0.265453,0.290488
75.800000,30.702077,14.428538,-1.085408,0.594802,0.027833,-0.067820,14.544757,-0.260987,6.770480,7.774277,0.265495,0.290466
75.833333,30.712128,14.411421,-1.087662,0.594900,0.027758,-0.067629,14.545374,-0.260337,6.772038,7.773336,0.265535,0.290443
75.866667,30.722140,14.394277,-1.089910,0.594996,0.027684,-0.067439,14.545873,-0.259696,6.773521,7.772353,0.265573,0.290419
75.900000,30.732112,14.377107,-1.092151,0.595088,0.027609,-0.067250,14.546254,-0.259064,6.774926,7.771328,0.265608,0.290395
75.933333,30.742046,14.359911,-1.094387,0.595178,0.027535,-0.067062,14.546515,-0.258441,6.776255,7.770260,0.265642,0.290369
75.966667,30.751940,14.342689,-1.096616,0.595265,0.027461,-0.066876,14.546655,-0.257827,6.777506,7.769149,0.265674,0.290342
76.000000,30.761795,14.325441,-1.098839,0.595349,0.027388,-0.066691,14.546674,-0.257222,6.778679,7.767995,0.265704,0.290314
76.033333,30.771610,14.308168,-1.101056,0.595429,0.027314,-0.066507,14.546571,-0.256626,6.779774,7.766797,0.265732,0.290285
76.066667,30.781387,14.290869,-1.103267,0.595507,0.027241,-0.066325,14.546344,-0.256039,6.780789,7.765555,0.265758,0.290255
76.100000,30.791124,14.273546,-1.105472,0.595582,0.027169,-0.066144,14.545993,-0.255461,6.781725,7.764268,0.265782,0.290223
76.133333,30.800822,14.256198,-1.107670,0.595654,0.027096,-0.065965,14.545518,-0.254892,6.782582,7.762936,0.265804,0.290191
76.166667,30.810480,14.238826,-1.109863,0.595723,0.027024,-0.065786,14.544916,-0.254332,6.783358,7.761559,0.265824,0.290158
76.200000,30.820100,14.221430,-1.112050,0.595789,0.026952,-0.065610,14.544188,-0.253781,6.784053,7.760135,0.265841,0.290123
76.233333,30.829680,14.204009,-1.114231,0.595852,0.026881,-0.065434,14.543333,-0.253240,6.784667,7.758666,0.265857,0.290087
76.266667,30.839221,14.186565,-1.116407,0.595911,0.026809,-0.065260,14.542349,-0.252707,6.785199,7.757150,0.265871,0.290051
76.300000,30.848723,14.169098,-1.118576,0.595967,0.026738,-0.065088,14.541237,-0.252184,6.785650,7.755587,0.265882,0.290013
76.333333,30.858186,14.151607,-1.120740,0.596020,0.026668,-0.064917,14.539994,-0.251669,6.786018,7.753976,0.265891,0.289974
76.366667,30.867609,14.134093,-1.122899,0.596070,0.026597,-0.064747,14.538621,-0.251164,6.786303,7.752318,0.265899,0.289933
76.400000,30.876993,14.116557,-1.125051,0.596116,0.026527,-0.064579,14.537117,-0.250668,6.786505,7.750613,0.265904,0.289892
76.433333,30.886338,14.098998,-1.127198,0.596159,0.026458,-0.064412,14.535481,-0.250181,6.786623,7.748858,0.265907,0.289849
76.466667,30.895644,14.081416,-1.129340,0.596199,0.026388,-0.064247,14.533712,-0.249704,6.786657,7.747055,0.265908,0.289806
76.500000,30.904911,14.063813,-1.131476,0.596236,0.026319,-0.064083,14.531810,-0.249235,6.786607,7.745203,0.265906,0.289761
76.533333,30.914138,14.046188,-1.133607,0.596268,0.026251,-0.063920,14.529774,-0.248776,6.786472,7.743302,0.265903,0.289715
76.566667,30.923327,14.028542,-1.135732,0.596298,0.026182,-0.063759,14.527603,-0.248326,6.786252,7.741351,0.265897,0.289667
76.600000,30.932476,14.010874,-1.137852,0.596324,0.026114,-0.063600,14.525296,-0.247885,6.785946,7.739350,0.265890,0.289619
76.633333,30.941586,13.993185,-1.139967,0.596346,0.026047,-0.063442,14.522854,-0.247454,6.785555,7.737299,0.265880,0.289569
76.666667,30.950657,13.975476,-1.142076,0.596365,0.025979,-0.063285,14.520274,-0.247031,6.785077,7.735198,0.265867,0.289518
76.700000,30.959689,13.957746,-1.144180,0.596381,0.025912,-0.063130,14.517558,-0.246619,6.784512,7.733045,0.265853,0.289465
76.733333,30.968682,13.939996,-1.146280,0.596392,0.025846,-0.062977,14.514703,-0.246215,6.783861,7.730842,0.265836,0.289412
76.766667,30.977635,13.922225,-1.148374,0.596401,0.025780,-0.062825,14.511710,-0.245821,6.783123,7.728587,0.265818,0.289357
76.800000,30.986550,13.904435,-1.150463,0.596405,0.025714,-0.062675,14.508577,-0.245436,6.782297,7.726281,0.265797,0.289301
76.833333,30.995425,13.886626,-1.152547,0.596406,0.025648,-0.062526,14.505305,-0.245060,6.781383,7.723922,0.265773,0.289244
76.866667,31.004261,13.868797,-1.154626,0.596403,0.025583,-0.062378,14.501893,-0.244694,6.780381,7.721512,0.265748,0.289185
76.900000,31.013058,13.850949,-1.156701,0.596397,0.025519,-0.062233,14.498339,-0.244337,6.779290,7.719049,0.265720,0.289125
76.933333,31.021816,13.833082,-1.158770,0.596386,0.025454,-0.062088,14.494645,-0.243990,6.778111,7.716534,0.265690,0.289064
76.966667,31.030536,13.815197,-1.160835,0.596372,0.025390,-0.061946,14.490808,-0.243652,6.776842,7.713966,0.265657,0.289002
77.000000,31.039215,13.797293,-1.162895,0.596354,0.025327,-0.061805,14.486829,-0.243324,6.775485,7.711345,0.265623,0.288938
77.033333,31.047856,13.779371,-1.164951,0.596333,0.025264,-0.061665,14.482707,-0.243005,6.774037,7.708670,0.265586,0.288873
77.066667,31.056458,13.761432,-1.167002,0.596307,0.025201,-0.061527,14.478442,-0.242695,6.772500,7.705942,0.265546,0.288807
77.100000,31.065021,13.743475,-1.169048,0.596278,0.025138,-0.061391,14.474033,-0.242395,6.770872,7.703161,0.265505,0.288739
77.133333,31.073545,13.725501,-1.171090,0.596244,0.025076,-0.061256,14.469480,-0.242105,6.769154,7.700326,0.265461,0.288670
77.166667,31.082029,13.707509,-1.173128,0.596207,0.025015,-0.061123,14.464782,-0.241824,6.767346,7.697436,0.265415,0.288600
77.200000,31.090475,13.689501,-1.175161,0.596166,0.024954,-0.060992,14.459939,-0.241552,6.765446,7.694493,0.265366,0.288528
77.233333,31.098882,13.671476,-1.177189,0.596121,0.024893,-0.060862,14.454950,-0.241290,6.763455,7.691495,0.265315,0.288455
77.266667,31.107249,13.653435,-1.179214,0.596072,0.024832,-0.060734,14.449815,-0.241038,6.761373,7.688442,0.265262,0.288381
77.300000,31.115578,13.635378,-1.181234,0.596019,0.024773,-0.060607,14.444534,-0.240795,6.759199,7.685335,0.265207,0.288305
77.333333,31.123868,13.617305,-1.183250,0.595961,0.024713,-0.060482,14.439106,-0.240562,6.756933,7.682173,0.265149,0.288228
77.366667,31.132118,13.599216,-1.185262,0.595900,0.024654,-0.060359,14.433532,-0.240339,6.754575,7.678956,0.265089,0.288150
77.400000,31.140330,13.581112,-1.187270,0.595835,0.024595,-0.060237,14.427810,-0.240125,6.752125,7.675684,0.265026,0.288070
77.433333,31.148503,13.562993,-1.189274,0.595766,0.024537,-0.060117,14.421940,-0.239921,6.749582,7.672357,0.264961,0.287989
77.466667,31.156637,13.544860,-1.191274,0.595692,0.024479,-0.059999,14.415922,-0.239727,6.746947,7.668975,0.264894,0.287906
77.500000,31.164731,13.526711,-1.193270,0.595615,0.024422,-0.059882,14.409756,-0.239543,6.744219,7.665537,0.264824,0.287823
77.533333,31.172787,13.508548,-1.195262,0.595533,0.024365,-0.059767,14.403441,-0.239368,6.741398,7.662043,0.264752,0.287738
77.566667,31.180804,13.490372,-1.197251,0.595447,0.024308,-0.059654,14.396977,-0.239203,6.738483,7.658494,0.264677,0.287651
77.600000,31.188782,13.472181,-1.199235,0.595357,0.024252,-0.059543,14.390365,-0.239048,6.735475,7.654890,0.264600,0.287563
77.633333,31.196721,13.453977,-1.201216,0.595263,0.024197,-0.059433,14.383602,-0.238902,6.732374,7.651229,0.264521,0.287474
77.666667,31.204621,13.435759,-1.203194,0.595164,0.024142,-0.059325,14.376691,-0.238767,6.729178,7.647513,0.264439,0.287383
77.700000,31.212482,13.417528,-1.205168,0.595062,0.024087,-0.059218,14.369629,-0.238641,6.725889,7.643740,0.264355,0.287291
77.733333,31.220304,13.399285,-1.207138,0.594955,0.024033,-0.059113,14.362418,-0.238526,6.722506,7.639912,0.264268,0.287198
77.766667,31.228088,13.381029,-1.209105,0.594844,0.023979,-0.059010,14.355056,-0.238420,6.719029,7.636028,0.264179,0.287103
77.800000,31.235832,13.362760,-1.211069,0.594728,0.023925,-0.058909,14.347544,-0.238324,6.715457,7.632087,0.264088,0.287007
77.833333,31.243538,13.344479,-1.213029,0.594608,0.023873,-0.058810,14.339882,-0.238238,6.711791,7.628091,0.263994,0.286909
77.866667,31.251204,13.326187,-1.214986,0.594484,0.023820,-0.058712,14.332069,-0.238162,6.708030,7.624039,0.263898,0.286810
77.900000,31.258832,13.307883,-1.216940,0.594356,0.023768,-0.058616,14.324105,-0.238096,6.704175,7.619930,0.263799,0.286710
77.933333,31.266421,13.289567,-1.218891,0.594223,0.023717,-0.058522,14.315991,-0.238041,6.700225,7.615766,0.263698,0.286608
77.966667,31.273971,13.271241,-1.220839,0.594086,0.023666,-0.058429,14.307725,-0.237995,6.696180,7.611545,0.263594,0.286505
78.000000,31.281482,13.252903,-1.222783,0.593945,0.023615,-0.058338,14.299308,-0.237959,6.692040,7.607268,0.263488,0.286400
78.033333,31.288955,13.234555,-1.224725,0.593799,0.023565,-0.058249,14.290741,-0.237934,6.687805,7.602936,0.263379,0.286294
78.066667,31.296388,13.216197,-1.226664,0.593649,0.023516,-0.058162,14.282022,-0.237919,6.683475,7.598547,0.263268,0.286187
78.100000,31.303783,13.197828,-1.228599,0.593494,0.023466,-0.058077,14.273152,-0.237914,6.679050,7.594102,0.263155,0.286078
78.133333,31.311139,13.179449,-1.230533,0.593335,0.023418,-0.057993,14.264131,-0.237919,6.674529,7.589601,0.263039,0.285968
78.166667,31.318456,13.161061,-1.232463,0.593171,0.023370,-0.057911,14.254958,-0.237934,6.669914,7.585045,0.262920,0.285857
78.200000,31.325734,13.142664,-1.234391,0.593003,0.023322,-0.057832,14.245635,-0.237960,6.665202,7.580432,0.262799,0.285744
78.233333,31.332973,13.124257,-1.236316,0.592831,0.023275,-0.057753,14.236160,-0.237996,6.660396,7.575764,0.262676,0.285629
78.266667,31.340174,13.105841,-1.238238,0.592654,0.023228,-0.057677,14.226534,-0.238042,6.655494,7.571040,0.262550,0.285514
78.300000,31.347335,13.087417,-1.240158,0.592473,0.023182,-0.057603,14.216757,-0.238099,6.650496,7.566261,0.262421,0.285397
78.333333,31.354458,13.068984,-1.242076,0.592287,0.023137,-0.057530,14.206829,-0.238166,6.645403,7.561426,0.262291,0.285278
78.366667,31.361543,13.050543,-1.243991,0.592097,0.023092,-0.057459,14.196750,-0.238244,6.640214,7.556536,0.262157,0.285158
78.400000,31.368588,13.032095,-1.245904,0.591902,0.023047,-0.057390,14.186520,-0.238332,6.634930,7.551590,0.262021,0.285037
78.433333,31.375595,13.013638,-1.247815,0.591703,0.023003,-0.057323,14.176140,-0.238430,6.629550,7.546590,0.261883,0.284914
78.466667,31.382562,12.995174,-1.249724,0.591499,0.022959,-0.057258,14.165609,-0.238539,6.624075,7.541534,0.261742,0.284790
78.500000,31.389491,12.976703,-1.251630,0.591291,0.022916,-0.057195,14.154927,-0.238659,6.618504,7.536424,0.261599,0.284665
78.533333,31.396382,12.958225,-1.253535,0.591078,0.022874,-0.057133,14.144095,-0.238790,6.612837,7.531258,0.261453,0.284538
78.566667,31.403233,12.939740,-1.255437,0.590861,0.022832,-0.057074,14.133114,-0.238931,6.607075,7.526039,0.261304,0.284410
78.600000,31.410046,12.921249,-1.257338,0.590639,0.022790,-0.057016,14.121982,-0.239082,6.601217,7.520764,0.261154,0.284281
78.633333,31.416820,12.902752,-1.259236,0.590412,0.022749,-0.056960,14.110700,-0.239245,6.595264,7.515436,0.261000,0.284150
78.666667,31.423556,12.884248,-1.261133,0.590181,0.022709,-0.056906,14.099269,-0.239418,6.589216,7.510053,0.260844,0.284018
78.700000,31.430252,12.865739,-1.263028,0.589946,0.022669,-0.056854,14.087689,-0.239602,6.583072,7.504617,0.260686,0.283884
78.733333,31.436910,12.847224,-1.264922,0.589706,0.022629,-0.056804,14.075959,-0.239797,6.576832,7.499127,0.260525,0.283749
78.766667,31.443529,12.828705,-1.266814,0.589461,0.022590,-0.056756,14.064081,-0.240002,6.570498,7.493583,0.260361,0.283613
78.800000,31.450110,12.810180,-1.268704,0.589212,0.022552,-0.056710,14.052054,-0.240219,6.564068,7.487987,0.260195,0.283475
78.833333,31.456651,12.791650,-1.270593,0.588958,0.022514,-0.056666,14.039880,-0.240447,6.557543,7.482337,0.260027,0.283336
78.866667,31.463154,12.773116,-1.272480,0.588699,0.022477,-0.056623,14.027557,-0.240685,6.550922,7.476634,0.259856,0.283196
78.900000,31.469619,12.754577,-1.274366,0.588436,0.022440,-0.056583,14.015086,-0.240935,6.544207,7.470879,0.259682,0.283054
78.933333,31.476044,12.736035,-1.276251,0.588169,0.022404,-0.056545,14.002469,-0.241195,6.537397,7.465072,0.259506,0.282911
78.966667,31.482431,12.717488,-1.278135,0.587897,0.022368,-0.056508,13.989704,-0.241467,6.530492,7.459212,0.259328,0.282767
79.000000,31.488779,12.698938,-1.280017,0.587620,0.022333,-0.056474,13.976793,-0.241750,6.523492,7.453301,0.259147,0.282621
79.033333,31.495089,12.680385,-1.281899,0.587338,0.022299,-0.056441,13.963736,-0.242044,6.516398,7.447338,0.258963,0.282474
79.066667,31.501360,12.661829,-1.283779,0.587052,0.022265,-0.056411,13.950533,-0.242350,6.509209,7.441324,0.258777,0.282326
79.100000,31.507592,12.643270,-1.285658,0.586762,0.022232,-0.056382,13.937185,-0.242667,6.501926,7.435259,0.258588,0.282176
79.133333,31.513785,12.624708,-1.287537,0.586467,0.022199,-0.056356,13.923692,-0.242995,6.494548,7.429144,0.258397,0.282026
79.166667,31.519940,12.606144,-1.289415,0.586167,0.022166,-0.056332,13.910055,-0.243334,6.487077,7.422978,0.258204,0.281873
79.200000,31.526056,12.587577,-1.291292,0.585862,0.022135,-0.056309,13.896273,-0.243685,6.479511,7.416762,0.258007,0.281720
79.233333,31.532134,12.569009,-1.293168,0.585554,0.022103,-0.056289,13.882348,-0.244048,6.471852,7.410496,0.257809,0.281565
79.266667,31.538172,12.550439,-1.295044,0.585240,0.022073,-0.056270,13.868280,-0.244421,6.464099,7.404181,0.257608,0.281409
79.300000,31.544172,12.531868,-1.296919,0.584922,0.022043,-0.056254,13.854069,-0.244807,6.456252,7.397817,0.257404,0.281252
79.333333,31.550134,12.513295,-1.298794,0.584599,0.022013,-0.056240,13.839716,-0.245204,6.448312,7.391404,0.257198,0.281094
79.366667,31.556057,12.494722,-1.300668,0.584272,0.021985,-0.056228,13.825222,-0.245613,6.440279,7.384943,0.256989,0.280934
79.400000,31.561941,12.476147,-1.302542,0.583940,0.021956,-0.056218,13.810587,-0.246033,6.432153,7.378434,0.256778,0.280773
79.433333,31.567786,12.457573,-1.304415,0.583603,0.021929,-0.056210,13.795812,-0.246465,6.423934,7.371878,0.256564,0.280611
79.466667,31.573593,12.438998,-1.306289,0.583262,0.021901,-0.056204,13.780896,-0.246909,6.415622,7.365274,0.256348,0.280447
79.500000,31.579361,12.420423,-1.308162,0.582917,0.021875,-0.056200,13.765842,-0.247365,6.407218,7.358624,0.256129,0.280283
79.533333,31.585091,12.401848,-1.310035,0.582566,0.021849,-0.056198,13.750649,-0.247833,6.398722,7.351927,0.255908,0.280117
79.566667,31.590782,12.383273,-1.311909,0.582212,0.021823,-0.056199,13.735318,-0.248313,6.390134,7.345184,0.255684,0.279950
79.600000,31.596434,12.364700,-1.313782,0.581852,0.021799,-0.056201,13.719849,-0.248805,6.381454,7.338395,0.255458,0.279782
79.633333,31.602047,12.346127,-1.315656,0.581488,0.021774,-0.056206,13.704244,-0.249309,6.372683,7.331562,0.255229,0.279612
79.666667,31.607622,12.327555,-1.317529,0.581120,0.021751,-0.056212,13.688503,-0.249824,6.363820,7.324683,0.254998,0.279442
79.700000,31.613158,12.308985,-1.319403,0.580747,0.021728,-0.056221,13.672627,-0.250353,6.354866,7.317761,0.254764,0.279270
79.733333,31.618656,12.290416,-1.321278,0.580369,0.021705,-0.056232,13.656616,-0.250893,6.345822,7.310794,0.254528,0.279097
79.766667,31.624115,12.271849,-1.323153,0.579987,0.021683,-0.056246,13.640471,-0.251445,6.336687,7.303785,0.254289,0.278923
79.800000,31.629535,12.253284,-1.325028,0.579601,0.021662,-0.056261,13.624193,-0.252010,6.327461,7.296732,0.254048,0.278748
79.833333,31.634917,12.234722,-1.326904,0.579210,0.021642,-0.056279,13.607783,-0.252588,6.318146,7.289637,0.253804,0.278571
79.866667,31.640260,12.216162,-1.328781,0.578814,0.021622,-0.056298,13.591240,-0.253177,6.308741,7.282500,0.253558,0.278394
79.900000,31.645564,12.197604,-1.330658,0.578414,0.021602,-0.056320,13.574567,-0.253780,6.299246,7.275321,0.253310,0.278216
79.933333,31.650830,12.179050,-1.332536,0.578009,0.021583,-0.056344,13.557764,-0.254394,6.289662,7.268102,0.253059,0.278036
79.966667,31.656057,12.160498,-1.334415,0.577600,0.021565,-0.056371,13.540832,-0.255022,6.279990,7.260842,0.252805,0.277855
80.000000,31.661245,12.141951,-1.336295,0.577187,0.021548,-0.056399,13.523771,-0.255661,6.270229,7.253542,0.252549,0.277674
80.033333,31.666395,12.123406,-1.338176,0.576769,0.021531,-0.056430,13.506582,-0.256314,6.260379,7.246203,0.252291,0.277491
80.066667,31.671506,12.104866,-1.340058,0.576346,0.021514,-0.056463,13.489267,-0.256980,6.250442,7.238825,0.252030,0.277307
80.100000,31.676579,12.086330,-1.341941,0.575919,0.021499,-0.056499,13.471825,-0.257658,6.240417,7.231408,0.251767,0.277122
80.133333,31.681612,12.067798,-1.343826,0.575488,0.021483,-0.056536,13.454259,-0.258349,6.230305,7.223954,0.251501,0.276937
80.166667,31.686607,12.049270,-1.345712,0.575052,0.021469,-0.056576,13.436569,-0.259053,6.220106,7.216463,0.251233,0.276750
80.200000,31.691564,12.030747,-1.347599,0.574612,0.021455,-0.056618,13.418755,-0.259770,6.209820,7.208935,0.250962,0.276562
80.233333,31.696482,12.012230,-1.349488,0.574168,0.021442,-0.056663,13.400819,-0.260500,6.199448,7.201371,0.250689,0.276373
80.266667,31.701361,11.993717,-1.351378,0.573719,0.021429,-0.056709,13.382762,-0.261243,6.188990,7.193771,0.250414,0.276183
80.300000,31.706201,11.975210,-1.353270,0.573266,0.021417,-0.056758,13.364584,-0.261999,6.178447,7.186137,0.250136,0.275993
80.333333,31.711003,11.956708,-1.355164,0.572808,0.021406,-0.056810,13.346287,-0.262769,6.167819,7.178468,0.249855,0.275801
80.366667,31.715766,11.938212,-1.357059,0.572346,0.021395,-0.056863,13.327871,-0.263552,6.157106,7.170765,0.249573,0.275609
80.400000,31.720490,11.919723,-1.358957,0.571880,0.021385,-0.056919,13.309338,-0.264348,6.146308,7.163030,0.249288,0.275415
80.433333,31.725176,11.901239,-1.360856,0.571409,0.021376,-0.056978,13.290688,-0.265157,6.135427,7.155261,0.249000,0.275221
80.466667,31.729823,11.882762,-1.362757,0.570935,0.021367,-0.057038,13.271923,-0.265980,6.124462,7.147461,0.248710,0.275026
80.500000,31.734431,11.864292,-1.364661,0.570455,0.021359,-0.057101,13.253044,-0.266816,6.113414,7.139630,0.248418,0.274829
80.533333,31.739000,11.845828,-1.366566,0.569972,0.021351,-0.057167,13.234052,-0.267666,6.102283,7.131768,0.248124,0.274633
80.566667,31.743531,11.827372,-1.368474,0.569485,0.021344,-0.057235,13.214947,-0.268530,6.091070,7.123877,0.247827,0.274435
80.600000,31.748023,11.808923,-1.370384,0.568993,0.021338,-0.057305,13.195731,-0.269407,6.079775,7.115956,0.247527,0.274236
80.633333,31.752477,11.790482,-1.372297,0.568497,0.021332,-0.057377,13.176405,-0.270298,6.068399,7.108006,0.247226,0.274037
80.666667,31.756891,11.772048,-1.374212,0.567996,0.021327,-0.057452,13.156970,-0.271202,6.056942,7.100029,0.246922,0.273837
80.700000,31.761267,11.753622,-1.376129,0.567492,0.021323,-0.057530,13.137428,-0.272121,6.045404,7.092024,0.246616,0.273636
80.733333,31.765604,11.735205,-1.378050,0.566984,0.021319,-0.057610,13.117779,-0.273053,6.033787,7.083992,0.246307,0.273434
80.766667,31.769903,11.716796,-1.379973,0.566471,0.021316,-0.057692,13.098025,-0.274000,6.022090,7.075935,0.245996,0.273232
80.800000,31.774162,11.698395,-1.381899,0.565954,0.021314,-0.057776,13.078166,-0.274960,6.010313,7.067853,0.245683,0.273029
80.833333,31.778383,11.680004,-1.383827,0.565433,0.021312,-0.057864,13.058204,-0.275935,5.998459,7.059746,0.245367,0.272825
80.866667,31.782565,11.661621,-1.385759,0.564909,0.021311,-0.057953,13.038141,-0.276923,5.986526,7.051615,0.245050,0.272620
80.900000,31.786709,11.643247,-1.387694,0.564380,0.021311,-0.058045,13.017977,-0.277926,5.974516,7.043461,0.244729,0.272415
80.933333,31.790813,11.624883,-1.389632,0.563847,0.021311,-0.058140,12.997714,-0.278943,5.962428,7.035285,0.244407,0.272209
80.966667,31.794879,11.606529,-1.391573,0.563310,0.021312,-0.058237,12.977352,-0.279974,5.950265,7.027088,0.244083,0.272003
81.000000,31.798906,11.588184,-1.393518,0.562769,0.021314,-0.058337,12.956894,-0.281020,5.938025,7.018869,0.243756,0.271796
81.033333,31.802894,11.569849,-1.395466,0.562224,0.021316,-0.058439,12.936340,-0.282080,5.925709,7.010631,0.243427,0.271588
81.066667,31.806843,11.551525,-1.397417,0.561675,0.021319,-0.058544,12.915692,-0.283154,5.913319,7.002373,0.243095,0.271380
81.100000,31.810754,11.533211,-1.399372,0.561122,0.021323,-0.058651,12.894951,-0.284243,5.900855,6.994096,0.242762,0.271171
81.133333,31.814625,11.514908,-1.401331,0.560566,0.021327,-0.058760,12.874119,-0.285346,5.888317,6.985802,0.242426,0.270962
81.166667,31.818458,11.496615,-1.403293,0.560005,0.021332,-0.058873,12.853197,-0.286464,5.875705,6.977491,0.242088,0.270752
81.200000,31.822252,11.478334,-1.405260,0.559441,0.021337,-0.058988,12.832185,-0.287597,5.863022,6.969164,0.241748,0.270541
81.233333,31.826007,11.460064,-1.407230,0.558873,0.021344,-0.059105,12.811086,-0.288744,5.850266,6.960821,0.241406,0.270331
81.266667,31.829723,11.441805,-1.409204,0.558301,0.021351,-0.059225,12.789901,-0.289906,5.837438,6.952463,0.241061,0.270119
81.300000,31.833400,11.423557,-1.411182,0.557725,0.021358,-0.059348,12.768632,-0.291083,5.824540,6.944092,0.240714,0.269908
81.333333,31.837038,11.405322,-1.413165,0.557146,0.021367,-0.059473,12.747279,-0.292275,5.811572,6.935707,0.240366,0.269695
81.366667,31.840637,11.387099,-1.415151,0.556563,0.021376,-0.059601,12.725845,-0.293482,5.798534,6.927310,0.240015,0.269483
81.400000,31.844198,11.368887,-1.417142,0.555976,0.021385,-0.059731,12.704330,-0.294703,5.785428,6.918902,0.239662,0.269270
81.433333,31.847719,11.350688,-1.419138,0.555385,0.021396,-0.059864,12.682736,-0.295940,5.772253,6.910483,0.239307,0.269056
81.466667,31.851201,11.332502,-1.421138,0.554791,0.021407,-0.060000,12.661065,-0.297192,5.759010,6.902055,0.238950,0.268843
81.500000,31.854645,11.314329,-1.423142,0.554194,0.021418,-0.060138,12.639318,-0.298458,5.745701,6.893617,0.238590,0.268629
81.533333,31.858049,11.296168,-1.425152,0.553593,0.021431,-0.060279,12.617497,-0.299740,5.732325,6.885172,0.238229,0.268414
81.566667,31.861415,11.278021,-1.427166,0.552988,0.021444,-0.060423,12.595603,-0.301037,5.718884,6.876719,0.237866,0.268200
81.600000,31.864741,11.259886,-1.429185,0.552380,0.021458,-0.060569,12.573638,-0.302349,5.705378,6.868260,0.237500,0.267985
81.633333,31.868028,11.241766,-1.431209,0.551768,0.021472,-0.060718,12.551603,-0.303677,5.691808,6.859795,0.237133,0.267770
81.666667,31.871276,11.223659,-1.433238,0.551153,0.021487,-0.060870,12.529499,-0.305019,5.678174,6.851325,0.236764,0.267555
81.700000,31.874486,11.205566,-1.435272,0.550534,0.021503,-0.061024,12.507330,-0.306377,5.664478,6.842852,0.236392,0.267339
81.733333,31.877656,11.187487,-1.437311,0.549912,0.021520,-0.061182,12.485095,-0.307750,5.650720,6.834375,0.236019,0.267124
81.766667,31.880787,11.169422,-1.439356,0.549287,0.021537,-0.061341,12.462797,-0.309139,5.636900,6.825897,0.235644,0.266908
81.800000,31.883878,11.151372,-1.441406,0.548659,0.021555,-0.061504,12.440438,-0.310543,5.623021,6.817417,0.235266,0.266692
81.833333,31.886931,11.133336,-1.443462,0.548027,0.021573,-0.061669,12.418018,-0.311962,5.609081,6.808937,0.234887,0.266476
81.866667,31.889945,11.115315,-1.445523,0.547392,0.021593,-0.061837,12.395540,-0.313397,5.595083,6.800457,0.234506,0.266260
81.900000,31.892919,11.097309,-1.447590,0.546753,0.021613,-0.062008,12.373005,-0.314848,5.581026,6.791979,0.234123,0.266044
81.933333,31.895854,11.079319,-1.449663,0.546112,0.021633,-0.062182,12.350416,-0.316314,5.566912,6.783503,0.233738,0.265827
81.966667,31.898750,11.061343,-1.451741,0.545467,0.021655,-0.062358,12.327773,-0.317795,5.552742,6.775031,0.233352,0.265611
82.000000,31.901607,11.043383,-1.453826,0.544820,0.021677,-0.062537,12.305078,-0.319292,5.538516,6.766562,0.232963,0.265395
82.033333,31.904424,11.025439,-1.455916,0.544169,0.021699,-0.062719,12.282334,-0.320804,5.524235,6.758098,0.232573,0.265179
82.066667,31.907202,11.007510,-1.458013,0.543515,0.021723,-0.062904,12.259542,-0.322332,5.509901,6.749641,0.232181,0.264962
82.100000,31.909941,10.989597,-1.460116,0.542859,0.021747,-0.063091,12.236703,-0.323876,5.495513,6.741190,0.231787,0.264746
82.133333,31.912640,10.971701,-1.462226,0.542199,0.021772,-0.063282,12.213820,-0.325435,5.481073,6.732747,0.231391,0.264530
82.166667,31.915301,10.953821,-1.464342,0.541536,0.021797,-0.063475,12.190894,-0.327010,5.466582,6.724312,0.230994,0.264315
82.200000,31.917921,10.935957,-1.466464,0.540871,0.021823,-0.063671,12.167927,-0.328600,5.452040,6.715887,0.230595,0.264099
82.233333,31.920503,10.918111,-1.468593,0.540203,0.021850,-0.063869,12.144921,-0.330206,5.437449,6.707473,0.230194,0.263883
82.266667,31.923045,10.900281,-1.470729,0.539532,0.021878,-0.064071,12.121878,-0.331828,5.422809,6.699070,0.229792,0.263668
82.300000,31.925547,10.882468,-1.472871,0.538858,0.021906,-0.064275,12.098800,-0.333465,5.408121,6.690679,0.229388,0.263453
82.333333,31.928010,10.864672,-1.475020,0.538181,0.021935,-0.064482,12.075688,-0.335118,5.393387,6.682301,0.228982,0.263238
82.366667,31.930434,10.846893,-1.477177,0.537502,0.021965,-0.064693,12.052545,-0.336786,5.378607,6.673938,0.228575,0.263024
82.400000,31.932818,10.829132,-1.479340,0.536820,0.021995,-0.064905,12.029372,-0.338470,5.363782,6.665589,0.228166,0.262809
82.433333,31.935163,10.811389,-1.481511,0.536136,0.022026,-0.065121,12.006171,-0.340169,5.348914,6.657257,0.227755,0.262595
82.466667,31.937468,10.793663,-1.483689,0.535449,0.022058,-0.065340,11.982944,-0.341884,5.334003,6.648942,0.227343,0.262382
82.500000,31.939733,10.775955,-1.485874,0.534759,0.022091,-0.065561,11.959694,-0.343615,5.319050,6.640644,0.226930,0.262168
82.533333,31.941959,10.758266,-1.488067,0.534067,0.022124,-0.065786,11.936421,-0.345360,5.304056,6.632365,0.226515,0.261955
82.566667,31.944145,10.740595,-1.490268,0.533373,0.022158,-0.066013,11.913129,-0.347122,5.289023,6.624106,0.226098,0.261743
82.600000,31.946292,10.722942,-1.492476,0.532676,0.022192,-0.066243,11.889819,-0.348898,5.273951,6.615868,0.225681,0.261531
82.633333,31.948399,10.705308,-1.494692,0.531977,0.022228,-0.066476,11.866492,-0.350690,5.258841,6.607651,0.225261,0.261319
82.666667,31.950466,10.687692,-1.496915,0.531276,0.022263,-0.066712,11.843152,-0.352498,5.243696,6.599456,0.224841,0.261108
82.700000,31.952493,10.670095,-1.499147,0.530573,0.022300,-0.066951,11.819800,-0.354320,5.228514,6.591285,0.224419,0.260898
82.733333,31.954481,10.652518,-1.501387,0.529867,0.022337,-0.067192,11.796438,-0.356158,5.213299,6.583139,0.223995,0.260687
82.766667,31.956429,10.634959,-1.503635,0.529159,0.022375,-0.067437,11.773068,-0.358011,5.198051,6.575017,0.223571,0.260478
82.800000,31.958337,10.617420,-1.505891,0.528449,0.022414,-0.067684,11.749693,-0.359879,5.182771,6.566922,0.223145,0.260269
82.833333,31.960205,10.599900,-1.508155,0.527737,0.022453,-0.067934,11.726314,-0.361762,5.167460,6.558854,0.222718,0.260061
82.866667,31.962033,10.582400,-1.510428,0.527023,0.022494,-0.068187,11.702933,-0.363661,5.152119,6.550814,0.222290,0.259853
82.900000,31.963821,10.564920,-1.512710,0.526307,0.022534,-0.068443,11.679553,-0.365573,5.136751,6.542802,0.221860,0.259646
82.933333,31.965570,10.547460,-1.515000,0.525590,0.022576,-0.068702,11.656176,-0.367501,5.121355,6.534821,0.221429,0.259440
82.966667,31.967278,10.530019,-1.517299,0.524870,0.022618,-0.068964,11.632804,-0.369444,5.105933,6.526870,0.220998,0.259234
83.000000,31.968946,10.512599,-1.519606,0.524149,0.022661,-0.069229,11.609439,-0.371401,5.090487,6.518951,0.220565,0.259029
83.033333,31.970575,10.495199,-1.521923,0.523426,0.022704,-0.069496,11.586083,-0.373372,5.075018,6.511065,0.220131,0.258825
83.066667,31.972163,10.477820,-1.524248,0.522701,0.022748,-0.069766,11.562738,-0.375358,5.059526,6.503212,0.219696,0.258622
83.100000,31.973711,10.460461,-1.526583,0.521975,0.022793,-0.070040,11.539408,-0.377359,5.044014,6.495393,0.219260,0.258419
83.133333,31.975219,10.443123,-1.528927,0.521247,0.022838,-0.070316,11.516093,-0.379373,5.028483,6.487610,0.218824,0.258217
83.166667,31.976687,10.425805,-1.531280,0.520517,0.022885,-0.070595,11.492796,-0.381402,5.012933,6.479863,0.218386,0.258017
83.200000,31.978114,10.408509,-1.533643,0.519786,0.022931,-0.070876,11.469520,-0.383444,4.997367,6.472153,0.217947,0.257817
83.233333,31.979502,10.391234,-1.536015,0.519054,0.022979,-0.071161,11.446266,-0.385501,4.981786,6.464480,0.217508,0.257618
83.266667,31.980849,10.373980,-1.538396,0.518320,0.023027,-0.071449,11.423037,-0.387571,4.966190,6.456847,0.217068,0.257419
83.300000,31.982155,10.356747,-1.540787,0.517585,0.023076,-0.071739,11.399836,-0.389654,4.950583,6.449253,0.216627,0.257222
83.333333,31.983422,10.339536,-1.543189,0.516849,0.023125,-0.072032,11.376664,-0.391751,4.934964,6.441699,0.216185,0.257026
83.366667,31.984648,10.322346,-1.545599,0.516112,0.023176,-0.072328,11.353524,-0.393861,4.919336,6.434187,0.215743,0.256831
83.400000,31.985833,10.305178,-1.548020,0.515373,0.023226,-0.072627,11.330418,-0.395984,4.903701,6.426717,0.215300,0.256636
83.433333,31.986978,10.288032,-1.550451,0.514633,0.023278,-0.072928,11.307349,-0.398120,4.888058,6.419290,0.214857,0.256443
83.466667,31.988083,10.270908,-1.552892,0.513893,0.023330,-0.073233,11.284318,-0.400269,4.872411,6.411907,0.214413,0.256251
83.500000,31.989147,10.253806,-1.555344,0.513151,0.023382,-0.073540,11.261329,-0.402430,4.856760,6.404569,0.213968,0.256060
83.533333,31.990170,10.236726,-1.557805,0.512409,0.023436,-0.073849,11.238384,-0.404604,4.841108,6.397276,0.213523,0.255870
83.566667,31.991153,10.219668,-1.560277,0.511666,0.023490,-0.074162,11.215484,-0.406789,4.825455,6.390029,0.213077,0.255681
83.600000,31.992095,10.202633,-1.562760,0.510922,0.023544,-0.074477,11.192634,-0.408987,4.809804,6.382830,0.212632,0.255494
83.633333,31.992996,10.185621,-1.565253,0.510177,0.023600,-0.074795,11.169834,-0.411196,4.794156,6.375678,0.212185,0.255307
83.666667,31.993856,10.168631,-1.567757,0.509432,0.023656,-0.075116,11.147087,-0.413416,4.778512,6.368575,0.211739,0.255122
83.700000,31.994676,10.151664,-1.570272,0.508686,0.023712,-0.075439,11.124397,-0.415648,4.762875,6.361522,0.211292,0.254938
83.733333,31.995455,10.134719,-1.572797,0.507939,0.023769,-0.075766,11.101765,-0.417891,4.747246,6.354518,0.210846,0.254755
83.766667,31.996193,10.117798,-1.575334,0.507192,0.023827,-0.076094,11.079193,-0.420144,4.731628,6.347566,0.210399,0.254573
83.800000,31.996890,10.100900,-1.577881,0.506445,0.023885,-0.076426,11.056685,-0.422408,4.716020,6.340665,0.209951,0.254393
83.833333,31.997546,10.084025,-1.580440,0.505698,0.023944,-0.076760,11.034243,-0.424681,4.700427,6.333816,0.209504,0.254214
83.866667,31.998161,10.067173,-1.583010,0.504950,0.024004,-0.077096,11.011869,-0.426965,4.684848,6.327021,0.209057,0.254036
83.900000,31.998735,10.050344,-1.585591,0.504202,0.024064,-0.077435,10.989566,-0.429258,4.669287,6.320279,0.208610,0.253860
83.933333,31.999268,10.033539,-1.588183,0.503454,0.024125,-0.077777,10.967337,-0.431561,4.653744,6.313592,0.208163,0.253685
83.966667,31.999760,10.016758,-1.590788,0.502705,0.024186,-0.078121,10.945183,-0.433872,4.638223,6.306961,0.207717,0.253512
84.000000,32.000210,10.000000,-1.593403,0.501957,0.024248,-0.078468,10.923108,-0.436190,4.622727,6.300382,0.207270,0.253339
84.033333,32.000619,9.983266,-1.596030,0.501209,0.024310,-0.078817,10.901115,-0.438508,4.607273,6.293842,0.206825,0.253168
84.066667,32.000987,9.966556,-1.598669,0.500461,0.024373,-0.079168,10.879205,-0.440819,4.591874,6.287331,0.206380,0.252998
84.100000,32.001314,9.949870,-1.601320,0.499714,0.024437,-0.079522,10.857380,-0.443124,4.576528,6.280852,0.205937,0.252828
84.133333,32.001599,9.933207,-1.603983,0.498966,0.024501,-0.079878,10.835643,-0.445426,4.561233,6.274410,0.205495,0.252659
84.166667,32.001842,9.916569,-1.606657,0.498219,0.024566,-0.080235,10.813997,-0.447726,4.545986,6.268011,0.205054,0.252491
84.200000,32.002045,9.899955,-1.609344,0.497473,0.024631,-0.080595,10.792443,-0.450026,4.530787,6.261656,0.204614,0.252324
84.233333,32.002205,9.883366,-1.612042,0.496727,0.024697,-0.080957,10.770984,-0.452326,4.515635,6.255349,0.204174,0.252159
84.266667,32.002324,9.866801,-1.614753,0.495981,0.024763,-0.081321,10.749621,-0.454625,4.500531,6.249090,0.203736,0.251994
84.300000,32.002401,9.850260,-1.617476,0.495237,0.024830,-0.081687,10.728357,-0.456925,4.485477,6.242881,0.203299,0.251831
84.333333,32.002437,9.833744,-1.620211,0.494493,0.024897,-0.082054,10.707195,-0.459225,4.470472,6.236723,0.202863,0.251669
84.366667,32.002431,9.817252,-1.622958,0.493749,0.024965,-0.082423,10.686136,-0.461525,4.455519,6.230617,0.202428,0.251509
84.400000,32.002383,9.800785,-1.625718,0.493007,0.025033,-0.082794,10.665183,-0.463825,4.440620,6.224563,0.201994,0.251350
84.433333,32.002293,9.784343,-1.628490,0.492265,0.025102,-0.083167,10.644338,-0.466125,4.425775,6.218563,0.201561,0.251192
84.466667,32.002161,9.767925,-1.631275,0.491525,0.025171,-0.083541,10.623602,-0.468424,4.410986,6.212616,0.201129,0.251036
84.500000,32.001987,9.751533,-1.634072,0.490786,0.025240,-0.083916,10.602979,-0.470721,4.396256,6.206723,0.200699,0.250881
84.533333,32.001771,9.735165,-1.636882,0.490048,0.025310,-0.084294,10.582471,-0.473017,4.381586,6.200884,0.200271,0.250727
84.566667,32.001514,9.718823,-1.639704,0.489311,0.025380,-0.084672,10.562079,-0.475312,4.366979,6.195100,0.199843,0.250575
84.600000,32.001213,9.702506,-1.642540,0.488575,0.025451,-0.085052,10.541806,-0.477603,4.352435,6.189371,0.199417,0.250424
84.633333,32.000871,9.686214,-1.645387,0.487841,0.025522,-0.085433,10.521654,-0.479892,4.337957,6.183697,0.198993,0.250274
84.666667,32.000487,9.669947,-1.648248,0.487108,0.025594,-0.085816,10.501625,-0.482178,4.323547,6.178078,0.198570,0.250126
84.700000,32.000060,9.653705,-1.651121,0.486377,0.025666,-0.086200,10.481721,-0.484460,4.309206,6.172515,0.198149,0.249979
84.733333,31.999590,9.637489,-1.654007,0.485647,0.025738,-0.086585,10.461945,-0.486738,4.294938,6.167007,0.197730,0.249834
84.766667,31.999079,9.621298,-1.656906,0.484919,0.025810,-0.086971,10.442299,-0.489011,4.280743,6.161555,0.197313,0.249690
84.800000,31.998524,9.605133,-1.659818,0.484193,0.025883,-0.087358,10.422784,-0.491279,4.266624,6.156160,0.196897,0.249548
84.833333,31.997927,9.588993,-1.662743,0.483468,0.025956,-0.087746,10.403403,-0.493542,4.252583,6.150820,0.196484,0.249407
84.866667,31.997288,9.572879,-1.665681,0.482746,0.026030,-0.088135,10.384158,-0.495798,4.238622,6.145537,0.196072,0.249267
84.900000,31.996606,9.556790,-1.668632,0.482025,0.026103,-0.088524,10.365052,-0.498048,4.224742,6.140310,0.195662,0.249129
84.933333,31.995881,9.540727,-1.671596,0.481307,0.026177,-0.088915,10.346086,-0.500290,4.210947,6.135139,0.195255,0.248993
84.966667,31.995113,9.524690,-1.674572,0.480590,0.026252,-0.089306,10.327262,-0.502525,4.197237,6.130025,0.194850,0.248858
85.000000,31.994303,9.508679,-1.677562,0.479876,0.026326,-0.089698,10.308583,-0.504751,4.183615,6.124967,0.194447,0.248724
85.033333,31.993449,9.492694,-1.680565,0.479164,0.026401,-0.090091,10.290050,-0.506969,4.170084,6.119966,0.194046,0.248592
85.066667,31.992553,9.476734,-1.683582,0.478455,0.026476,-0.090484,10.271666,-0.509178,4.156645,6.115021,0.193648,0.248461
85.100000,31.991613,9.460801,-1.686611,0.477748,0.026551,-0.090878,10.253433,-0.511377,4.143300,6.110133,0.193252,0.248331
85.133333,31.990630,9.444893,-1.689653,0.477043,0.026626,-0.091272,10.235353,-0.513565,4.130051,6.105302,0.192859,0.248204
85.166667,31.989604,9.429012,-1.692709,0.476341,0.026702,-0.091666,10.217427,-0.515743,4.116901,6.100527,0.192468,0.248077
85.200000,31.988535,9.413157,-1.695777,0.475641,0.026777,-0.092061,10.199659,-0.517909,4.103851,6.095808,0.192080,0.247952
85.233333,31.987423,9.397327,-1.698859,0.474945,0.026853,-0.092455,10.182050,-0.520063,4.090904,6.091146,0.191695,0.247829
85.266667,31.986267,9.381524,-1.701954,0.474251,0.026929,-0.092850,10.164601,-0.522204,4.078062,6.086540,0.191313,0.247707
85.300000,31.985068,9.365747,-1.705062,0.473560,0.027005,-0.093245,10.147316,-0.524333,4.065326,6.081990,0.190933,0.247586
85.333333,31.983825,9.349997,-1.708184,0.472872,0.027081,-0.093640,10.130196,-0.526447,4.052700,6.077496,0.190556,0.247467
85.366667,31.982539,9.334272,-1.711318,0.472186,0.027158,-0.094035,10.113243,-0.528547,4.040185,6.073059,0.190183,0.247349
85.400000,31.981209,9.318574,-1.714466,0.471504,0.027234,-0.094429,10.096460,-0.530632,4.027783,6.068677,0.189812,0.247233
85.433333,31.979835,9.302903,-1.717627,0.470826,0.027310,-0.094824,10.079847,-0.532702,4.015496,6.064351,0.189445,0.247118
85.466667,31.978418,9.287257,-1.720801,0.470150,0.027387,-0.095218,10.063407,-0.534756,4.003327,6.060080,0.189081,0.247005
85.500000,31.976956,9.271638,-1.723988,0.469478,0.027463,-0.095611,10.047143,-0.536793,3.991278,6.055865,0.188720,0.246893
85.533333,31.975451,9.256046,-1.727188,0.468809,0.027540,-0.096004,10.031056,-0.538812,3.979350,6.051705,0.188363,0.246783
85.566667,31.973902,9.240480,-1.730401,0.468144,0.027616,-0.096397,10.015147,-0.540814,3.967547,6.047601,0.188009,0.246674
85.600000,31.972309,9.224941,-1.733627,0.467482,0.027693,-0.096788,9.999420,-0.542797,3.955869,6.043551,0.187659,0.246566
85.633333,31.970671,9.209428,-1.736867,0.466824,0.027769,-0.097179,9.983875,-0.544761,3.944320,6.039555,0.187312,0.246460
85.666667,31.968990,9.193941,-1.740119,0.466169,0.027845,-0.097570,9.968515,-0.546706,3.932901,6.035614,0.186969,0.246356
85.700000,31.967264,9.178481,-1.743384,0.465519,0.027922,-0.097959,9.953342,-0.548630,3.921614,6.031728,0.186629,0.246252
85.733333,31.965494,9.163048,-1.746662,0.464872,0.027998,-0.098347,9.938357,-0.550533,3.910462,6.027895,0.186294,0.246150
85.766667,31.963679,9.147641,-1.749954,0.464229,0.028074,-0.098734,9.923563,-0.552414,3.899447,6.024116,0.185962,0.246050
85.800000,31.961820,9.132261,-1.753258,0.463590,0.028150,-0.099120,9.908961,-0.554273,3.888571,6.020390,0.185634,0.245951
85.833333,31.959917,9.116908,-1.756574,0.462956,0.028226,-0.099505,9.894553,-0.556109,3.877835,6.016718,0.185311,0.245853
85.866667,31.957969,9.101581,-1.759904,0.462325,0.028302,-0.099888,9.880341,-0.557922,3.867243,6.013098,0.184991,0.245757
85.900000,31.955976,9.086281,-1.763246,0.461699,0.028378,-0.100270,9.866326,-0.559711,3.856796,6.009531,0.184675,0.245662
85.933333,31.953939,9.071007,-1.766601,0.461077,0.028453,-0.100651,9.852512,-0.561475,3.846496,6.006016,0.184364,0.245569
85.966667,31.951857,9.055761,-1.769969,0.460459,0.028529,-0.101030,9.838898,-0.563214,3.836345,6.002553,0.184057,0.245476
86.000000,31.949729,9.040541,-1.773349,0.459846,0.028604,-0.101407,9.825488,-0.564927,3.826346,5.999142,0.183755,0.245386
86.033333,31.947557,9.025347,-1.776742,0.459237,0.028679,-0.101782,9.812283,-0.566613,3.816501,5.995782,0.183457,0.245296
86.066667,31.945340,9.010181,-1.780147,0.458633,0.028754,-0.102156,9.799284,-0.568272,3.806811,5.992473,0.183163,0.245208
86.100000,31.943078,8.995041,-1.783565,0.458034,0.028828,-0.102527,9.786494,-0.569904,3.797278,5.989216,0.182874,0.245121
86.133333,31.940771,8.979928,-1.786995,0.457440,0.028902,-0.102896,9.773914,-0.571507,3.787906,5.986008,0.182590,0.245036
86.166667,31.938418,8.964842,-1.790437,0.456850,0.028976,-0.103264,9.761545,-0.573080,3.778695,5.982850,0.182311,0.244952
86.200000,31.936020,8.949782,-1.793891,0.456265,0.029050,-0.103629,9.749390,-0.574625,3.769648,5.979743,0.182036,0.244869
86.233333,31.933577,8.934749,-1.797357,0.455686,0.029124,-0.103991,9.737450,-0.576139,3.760766,5.976684,0.181766,0.244787
86.266667,31.931088,8.919743,-1.800836,0.455111,0.029197,-0.104351,9.725727,-0.577622,3.752052,5.973675,0.181501,0.244707
86.300000,31.928554,8.904764,-1.804326,0.454542,0.029269,-0.104709,9.714223,-0.579074,3.743508,5.970715,0.181242,0.244628
86.333333,31.925974,8.889811,-1.807828,0.453978,0.029342,-0.105064,9.702938,-0.580493,3.735136,5.967803,0.180987,0.244550
86.366667,31.923348,8.874886,-1.811342,0.453419,0.029414,-0.105416,9.691875,-0.581881,3.726937,5.964939,0.180737,0.244474
86.400000,31.920677,8.859987,-1.814868,0.452865,0.029485,-0.105765,9.681035,-0.583234,3.718913,5.962122,0.180493,0.244399
86.433333,31.917960,8.845115,-1.818405,0.452317,0.029557,-0.106112,9.670420,-0.584555,3.711067,5.959354,0.180254,0.244325
86.466667,31.915197,8.830269,-1.821953,0.451775,0.029627,-0.106455,9.660032,-0.585840,3.703400,5.956632,0.180020,0.244252
86.500000,31.912388,8.815450,-1.825513,0.451238,0.029698,-0.106796,9.649871,-0.587091,3.695914,5.953957,0.179792,0.244181
86.533333,31.909533,8.800658,-1.829084,0.450707,0.029768,-0.107133,9.639939,-0.588306,3.688611,5.951328,0.179569,0.244111
86.566667,31.906632,8.785893,-1.832666,0.450181,0.029837,-0.107467,9.630239,-0.589486,3.681493,5.948746,0.179351,0.244042
86.600000,31.903684,8.771154,-1.836260,0.449661,0.029906,-0.107797,9.620770,-0.590628,3.674561,5.946209,0.179140,0.243974
86.633333,31.900691,8.756443,-1.839864,0.449148,0.029975,-0.108124,9.611535,-0.591734,3.667818,5.943718,0.178934,0.243908
86.666667,31.897651,8.741757,-1.843479,0.448640,0.030043,-0.108447,9.602536,-0.592802,3.661264,5.941271,0.178733,0.243842
86.700000,31.894565,8.727099,-1.847104,0.448138,0.030110,-0.108767,9.593773,-0.593832,3.654903,5.938870,0.178539,0.243778
86.733333,31.891432,8.712467,-1.850740,0.447642,0.030177,-0.109083,9.585248,-0.594823,3.648734,5.936514,0.178350,0.243715
86.766667,31.888253,8.697862,-1.854387,0.447153,0.030244,-0.109395,9.576962,-0.595774,3.642761,5.934201,0.178167,0.243654
86.800000,31.885027,8.683283,-1.858044,0.446670,0.030309,-0.109703,9.568917,-0.596687,3.636984,5.931933,0.177990,0.243593
86.833333,31.881754,8.668732,-1.861710,0.446193,0.030375,-0.110006,9.561114,-0.597559,3.631406,5.929708,0.177819,0.243533
86.866667,31.878434,8.654206,-1.865387,0.445723,0.030439,-0.110306,9.553554,-0.598390,3.626027,5.927527,0.177654,0.243475
86.900000,31.875068,8.639708,-1.869074,0.445259,0.030503,-0.110602,9.546239,-0.599180,3.620850,5.925389,0.177496,0.243418
86.933333,31.871655,8.625235,-1.872770,0.444801,0.030567,-0.110893,9.539169,-0.599929,3.615875,5.923294,0.177343,0.243362
86.966667,31.868194,8.610790,-1.876476,0.444351,0.030630,-0.111179,9.532347,-0.600636,3.611105,5.921242,0.177197,0.243307
87.000000,31.864687,8.596371,-1.880192,0.443906,0.030692,-0.111461,9.525773,-0.601300,3.606540,5.919233,0.177057,0.243253
87.033333,31.861133,8.581978,-1.883916,0.443469,0.030753,-0.111739,9.519448,-0.601922,3.602182,5.917266,0.176923,0.243201
87.066667,31.857531,8.567612,-1.887650,0.443039,0.030814,-0.112012,9.513374,-0.602500,3.598033,5.915341,0.176796,0.243149
87.100000,31.853882,8.553273,-1.891393,0.442615,0.030874,-0.112280,9.507552,-0.603035,3.594094,5.913458,0.176675,0.243099
87.133333,31.850185,8.538959,-1.895144,0.442198,0.030933,-0.112543,9.501983,-0.603525,3.590365,5.911617,0.176560,0.243050
87.166667,31.846441,8.524673,-1.898904,0.441789,0.030991,-0.112801,9.496667,-0.603972,3.586849,5.909818,0.176452,0.243002
87.200000,31.842650,8.510412,-1.902673,0.441386,0.031049,-0.113054,9.491607,-0.604374,3.583546,5.908060,0.176351,0.242955
87.233333,31.838811,8.496178,-1.906449,0.440991,0.031106,-0.113301,9.486803,-0.604730,3.580458,5.906345,0.176256,0.242909
87.266667,31.834924,8.481970,-1.910234,0.440603,0.031163,-0.113544,9.482256,-0.605042,3.577586,5.904670,0.176168,0.242864
87.300000,31.830990,8.467789,-1.914027,0.440222,0.031218,-0.113781,9.477967,-0.605308,3.574930,5.903037,0.176086,0.242820
87.333333,31.827008,8.453634,-1.917827,0.439848,0.031273,-0.114013,9.473937,-0.605528,3.572492,5.901445,0.176011,0.242777
87.366667,31.822977,8.439505,-1.921635,0.439482,0.031326,-0.114239,9.470168,-0.605702,3.570273,5.899895,0.175943,0.242736
87.400000,31.818899,8.425402,-1.925451,0.439124,0.031379,-0.114460,9.466659,-0.605829,3.568274,5.898386,0.175881,0.242696
87.433333,31.814773,8.411325,-1.929273,0.438773,0.031431,-0.114675,9.463413,-0.605910,3.566495,5.896918,0.175826,0.242656
87.466667,31.810598,8.397275,-1.933103,0.438429,0.031483,-0.114884,9.460429,-0.605944,3.564937,5.895492,0.175779,0.242618
87.500000,31.806376,8.383250,-1.936939,0.438094,0.031533,-0.115088,9.457709,-0.605931,3.563602,5.894107,0.175737,0.242581
87.533333,31.802105,8.369252,-1.940782,0.437766,0.031583,-0.115285,9.455253,-0.605871,3.562490,5.892763,0.175703,0.242545
87.566667,31.797786,8.355279,-1.944631,0.437446,0.031631,-0.115477,9.453063,-0.605763,3.561602,5.891461,0.175676,0.242510
87.600000,31.793418,8.341333,-1.948486,0.437133,0.031679,-0.115662,9.451139,-0.605608,3.560938,5.890201,0.175655,0.242476
87.633333,31.789002,8.327412,-1.952348,0.436829,0.031726,-0.115842,9.449482,-0.605406,3.560499,5.888983,0.175642,0.242444
87.666667,31.784537,8.313517,-1.956215,0.436533,0.031771,-0.116015,9.448092,-0.605155,3.560286,5.887806,0.175635,0.242412
87.700000,31.780024,8.299648,-1.960088,0.436244,0.031816,-0.116182,9.446971,-0.604857,3.560299,5.886672,0.175636,0.242382
87.733333,31.775462,8.285805,-1.963966,0.435964,0.031860,-0.116342,9.446119,-0.604511,3.560539,5.885580,0.175643,0.242353
87.766667,31.770851,8.271988,-1.967849,0.435692,0.031903,-0.116497,9.445536,-0.604117,3.561005,5.884531,0.175658,0.242325
87.800000,31.766191,8.258196,-1.971737,0.435428,0.031945,-0.116644,9.445224,-0.603675,3.561699,5.883525,0.175679,0.242298
87.833333,31.761482,8.244430,-1.975630,0.435172,0.031986,-0.116786,9.445182,-0.603185,3.562621,5.882562,0.175707,0.242272
87.866667,31.756724,8.230690,-1.979527,0.434925,0.032026,-0.116920,9.445413,-0.602647,3.563770,5.881642,0.175743,0.242247
87.900000,31.751917,8.216975,-1.983429,0.434686,0.032065,-0.117048,9.445915,-0.602061,3.565148,5.880766,0.175785,0.242224
87.933333,31.747061,8.203286,-1.987334,0.434455,0.032102,-0.117170,9.446689,-0.601427,3.566755,5.879935,0.175834,0.242201
87.966667,31.742156,8.189622,-1.991244,0.434233,0.032139,-0.117284,9.447737,-0.600745,3.568589,5.879148,0.175891,0.242180
88.000000,31.737201,8.175984,-1.995157,0.434020,0.032175,-0.117392,9.449058,-0.600016,3.570653,5.878405,0.175954,0.242160
88.033333,31.732197,8.162371,-1.999073,0.433815,0.032210,-0.117493,9.450654,-0.599238,3.572945,5.877709,0.176025,0.242142
88.066667,31.727143,8.148783,-2.002993,0.433619,0.032243,-0.117587,9.452523,-0.598414,3.575466,5.877058,0.176102,0.242124
88.100000,31.722040,8.135221,-2.006915,0.433431,0.032276,-0.117674,9.454668,-0.597542,3.578215,5.876453,0.176187,0.242108
88.133333,31.716887,8.121683,-2.010841,0.433252,0.032307,-0.117754,9.457088,-0.596622,3.581193,5.875895,0.176278,0.242093
88.166667,31.711685,8.108171,-2.014768,0.433082,0.032337,-0.117827,9.459783,-0.595656,3.584399,5.875384,0.176377,0.242079
88.200000,31.706433,8.094684,-2.018698,0.432921,0.032366,-0.117893,9.462754,-0.594643,3.587833,5.874921,0.176482,0.242067
88.233333,31.701131,8.081222,-2.022630,0.432768,0.032395,-0.117952,9.466002,-0.593583,3.591495,5.874507,0.176595,0.242056
88.266667,31.695779,8.067785,-2.026563,0.432625,0.032421,-0.118004,9.469526,-0.592477,3.595384,5.874141,0.176714,0.242046
88.300000,31.690377,8.054373,-2.030498,0.432490,0.032447,-0.118048,9.473326,-0.591324,3.599501,5.873825,0.176841,0.242038
88.333333,31.684925,8.040986,-2.034434,0.432364,0.032472,-0.118086,9.477404,-0.590126,3.603844,5.873560,0.176974,0.242030
88.366667,31.679423,8.027624,-2.038372,0.432248,0.032495,-0.118116,9.481758,-0.588882,3.608414,5.873345,0.177114,0.242025
88.400000,31.673870,8.014286,-2.042309,0.432140,0.032518,-0.118139,9.486390,-0.587593,3.613209,5.873182,0.177261,0.242020
88.433333,31.668268,8.000974,-2.046248,0.432042,0.032539,-0.118155,9.491300,-0.586259,3.618229,5.873071,0.177415,0.242017
88.466667,31.662615,7.987685,-2.050187,0.431953,0.032559,-0.118163,9.496487,-0.584880,3.623474,5.873013,0.177576,0.242016
88.500000,31.656911,7.974422,-2.054126,0.431873,0.032578,-0.118164,9.501951,-0.583457,3.628943,5.873009,0.177744,0.242016
88.533333,31.651158,7.961182,-2.058064,0.431802,0.032595,-0.118158,9.507694,-0.581990,3.634635,5.873059,0.177918,0.242017
88.566667,31.645353,7.947968,-2.062002,0.431741,0.032612,-0.118144,9.513714,-0.580480,3.640549,5.873165,0.178099,0.242020
88.600000,31.639498,7.934777,-2.065940,0.431688,0.032627,-0.118123,9.520012,-0.578927,3.646686,5.873327,0.178287,0.242024
88.633333,31.633592,7.921611,-2.069876,0.431645,0.032641,-0.118095,9.526588,-0.577331,3.653043,5.873545,0.178482,0.242030
88.666667,31.627636,7.908469,-2.073811,0.431612,0.032653,-0.118059,9.533442,-0.575692,3.659620,5.873822,0.178683,0.242038
88.700000,31.621628,7.895352,-2.077745,0.431588,0.032665,-0.118016,9.540573,-0.574012,3.666416,5.874157,0.178891,0.242046
88.733333,31.615570,7.882258,-2.081677,0.431573,0.032675,-0.117965,9.547982,-0.572291,3.673431,5.874551,0.179105,0.242057
88.766667,31.609461,7.869189,-2.085608,0.431568,0.032685,-0.117907,9.555669,-0.570529,3.680663,5.875006,0.179326,0.242069
88.800000,31.603301,7.856143,-2.089536,0.431572,0.032692,-0.117842,9.563633,-0.568727,3.688111,5.875522,0.179553,0.242083
88.833333,31.597089,7.843122,-2.093461,0.431586,0.032699,-0.117769,9.571874,-0.566885,3.695774,5.876101,0.179787,0.242099
88.866667,31.590827,7.830124,-2.097384,0.431609,0.032704,-0.117689,9.580393,-0.565004,3.703651,5.876742,0.180028,0.242116
88.900000,31.584513,7.817150,-2.101304,0.431642,0.032709,-0.117602,9.589189,-0.563084,3.711741,5.877448,0.180274,0.242135
88.933333,31.578147,7.804200,-2.105221,0.431685,0.032712,-0.117507,9.598261,-0.561126,3.720042,5.878218,0.180527,0.242155
88.966667,31.571731,7.791273,-2.109135,0.431737,0.032713,-0.117405,9.607610,-0.559130,3.728555,5.879055,0.180786,0.242178
89.000000,31.565263,7.778370,-2.113045,0.431799,0.032714,-0.117296,9.617235,-0.557098,3.737276,5.879959,0.181052,0.242202
89.033333,31.558743,7.765491,-2.116951,0.431870,0.032713,-0.117179,9.627136,-0.555029,3.746205,5.880931,0.181324,0.242228
89.066667,31.552172,7.752634,-2.120853,0.431951,0.032711,-0.117055,9.637312,-0.552924,3.755341,5.881971,0.181601,0.242256
89.100000,31.545549,7.739802,-2.124750,0.432042,0.032708,-0.116924,9.647765,-0.550784,3.764682,5.883082,0.181885,0.242286
89.133333,31.538875,7.726992,-2.128643,0.432142,0.032703,-0.116786,9.658492,-0.548609,3.774228,5.884264,0.182175,0.242317
89.166667,31.532148,7.714206,-2.132531,0.432252,0.032697,-0.116641,9.669493,-0.546401,3.783975,5.885518,0.182471,0.242351
89.200000,31.525370,7.701442,-2.136414,0.432372,0.032690,-0.116488,9.680769,-0.544159,3.793924,5.886845,0.182773,0.242387
89.233333,31.518540,7.688702,-2.140291,0.432502,0.032682,-0.116328,9.692319,-0.541885,3.804073,5.888246,0.183080,0.242424
89.266667,31.511658,7.675985,-2.144164,0.432641,0.032672,-0.116161,9.704142,-0.539579,3.814420,5.889723,0.183394,0.242464
89.300000,31.504724,7.663290,-2.148030,0.432791,0.032661,-0.115988,9.716238,-0.537241,3.824963,5.891275,0.183713,0.242505
89.333333,31.497737,7.650619,-2.151890,0.432950,0.032649,-0.115807,9.728607,-0.534873,3.835702,5.892905,0.184038,0.242549
89.366667,31.490699,7.637970,-2.155744,0.433118,0.032636,-0.115619,9.741248,-0.532475,3.846634,5.894614,0.184368,0.242595
89.400000,31.483608,7.625343,-2.159591,0.433297,0.032621,-0.115424,9.754160,-0.530047,3.857758,5.896402,0.184705,0.242642
89.433333,31.476465,7.612740,-2.163432,0.433485,0.032605,-0.115223,9.767343,-0.527591,3.869073,5.898270,0.185046,0.242693
89.466667,31.469269,7.600158,-2.167266,0.433684,0.032588,-0.115015,9.780796,-0.525107,3.880576,5.900220,0.185393,0.242745
89.500000,31.462021,7.587599,-2.171093,0.433892,0.032570,-0.114799,9.794520,-0.522596,3.892267,5.902253,0.185746,0.242799
89.533333,31.454721,7.575063,-2.174912,0.434109,0.032551,-0.114578,9.808512,-0.520059,3.904143,5.904369,0.186103,0.242856
89.566667,31.447368,7.562548,-2.178724,0.434337,0.032530,-0.114349,9.822773,-0.517496,3.916203,5.906570,0.186466,0.242915
89.600000,31.439963,7.550056,-2.182527,0.434575,0.032508,-0.114114,9.837303,-0.514907,3.928445,5.908857,0.186835,0.242976
89.633333,31.432504,7.537586,-2.186323,0.434822,0.032484,-0.113873,9.852099,-0.512294,3.940868,5.911231,0.187208,0.243039
89.666667,31.424993,7.525138,-2.190111,0.435079,0.032460,-0.113625,9.867162,-0.509658,3.953470,5.913693,0.187587,0.243105
89.700000,31.417429,7.512712,-2.193890,0.435346,0.032434,-0.113370,9.882492,-0.506999,3.966248,5.916243,0.187970,0.243173
89.733333,31.409813,7.500307,-2.197660,0.435623,0.032407,-0.113109,9.898086,-0.504317,3.979202,5.918884,0.188358,0.243244
89.766667,31.402143,7.487924,-2.201421,0.435910,0.032379,-0.112842,9.913945,-0.501614,3.992330,5.921615,0.188752,0.243317
89.800000,31.394421,7.475563,-2.205174,0.436206,0.032350,-0.112569,9.930068,-0.498890,4.005629,5.924439,0.189150,0.243393
89.833333,31.386645,7.463223,-2.208917,0.436512,0.032319,-0.112290,9.946455,-0.496147,4.019099,5.927356,0.189553,0.243471
89.866667,31.378816,7.450905,-2.212650,0.436828,0.032287,-0.112004,9.963103,-0.493384,4.032737,5.930366,0.189960,0.243551
89.900000,31.370934,7.438609,-2.216374,0.437154,0.032254,-0.111713,9.980013,-0.490602,4.046541,5.933472,0.190373,0.243634
89.933333,31.362999,7.426333,-2.220088,0.437490,0.032220,-0.111415,9.997184,-0.487802,4.060511,5.936673,0.190789,0.243720
89.966667,31.355011,7.414079,-2.223792,0.437835,0.032185,-0.111112,10.014615,-0.484986,4.074643,5.939972,0.191211,0.243808
90.000000,31.346969,7.401845,-2.227485,0.438190,0.032148,-0.110803,10.032305,-0.482152,4.088937,5.943368,0.191636,0.243898
90.033333,31.338874,7.389633,-2.231168,0.438555,0.032110,-0.110489,10.050253,-0.479303,4.103390,5.946864,0.192066,0.243992
90.066667,31.330725,7.377442,-2.234840,0.438930,0.032072,-0.110168,10.068459,-0.476439,4.118000,5.950459,0.192501,0.244088
90.100000,31.322523,7.365271,-2.238502,0.439314,0.032031,-0.109842,10.086921,-0.473561,4.132767,5.954155,0.192939,0.244186
90.133333,31.314268,7.353122,-2.242152,0.439708,0.031990,-0.109511,10.105639,-0.470669,4.147687,5.957952,0.193382,0.244288
90.166667,31.305959,7.340993,-2.245791,0.440112,0.031948,-0.109174,10.124612,-0.467764,4.162760,5.961852,0.193829,0.244392
90.200000,31.297596,7.328884,-2.249419,0.440525,0.031904,-0.108832,10.143839,-0.464846,4.177984,5.965855,0.194280,0.244499
90.233333,31.289179,7.316796,-2.253035,0.440948,0.031860,-0.108485,10.163318,-0.461918,4.193356,5.969962,0.194735,0.244608
90.266667,31.280709,7.304728,-2.256639,0.441380,0.031814,-0.108133,10.183049,-0.458978,4.208875,5.974174,0.195194,0.244720
90.300000,31.272185,7.292681,-2.260232,0.441823,0.031767,-0.107775,10.203032,-0.456028,4.224539,5.978493,0.195656,0.244835
90.333333,31.263607,7.280654,-2.263812,0.442274,0.031719,-0.107413,10.223265,-0.453068,4.240347,5.982917,0.196123,0.244953
90.366667,31.254975,7.268647,-2.267381,0.442736,0.031670,-0.107046,10.243746,-0.450100,4.256297,5.987450,0.196593,0.245074
90.400000,31.246289,7.256659,-2.270936,0.443206,0.031620,-0.106674,10.264476,-0.447123,4.272386,5.992090,0.197067,0.245198
90.433333,31.237549,7.244692,-2.274480,0.443687,0.031569,-0.106297,10.285453,-0.444139,4.288613,5.996839,0.197544,0.245324
90.466667,31.228755,7.232745,-2.278010,0.444176,0.031516,-0.105916,10.306675,-0.441147,4.304977,6.001698,0.198025,0.245454
90.500000,31.219907,7.220817,-2.281528,0.444675,0.031463,-0.105531,10.328143,-0.438150,4.321476,6.006667,0.198510,0.245586
90.533333,31.211004,7.208909,-2.285033,0.445184,0.031408,-0.105140,10.349855,-0.435146,4.338107,6.011747,0.198998,0.245721
90.566667,31.202048,7.197020,-2.288524,0.445702,0.031353,-0.104746,10.371809,-0.432138,4.354870,6.016939,0.199489,0.245859
90.600000,31.193037,7.185151,-2.292002,0.446229,0.031296,-0.104347,10.394006,-0.429125,4.371762,6.022244,0.199983,0.246000
90.633333,31.183972,7.173301,-2.295467,0.446766,0.031239,-0.103944,10.416443,-0.426108,4.388782,6.027661,0.200481,0.246144
90.666667,31.174853,7.161470,-2.298918,0.447312,0.031180,-0.103537,10.439120,-0.423088,4.405928,6.033191,0.200982,0.246291
90.700000,31.165679,7.149658,-2.302356,0.447867,0.031121,-0.103127,10.462035,-0.420066,4.423199,6.038836,0.201486,0.246441
90.733333,31.156451,7.137866,-2.305780,0.448431,0.031060,-0.102712,10.485188,-0.417041,4.440592,6.044595,0.201993,0.246594
90.766667,31.147168,7.126092,-2.309189,0.449005,0.030998,-0.102293,10.508577,-0.414014,4.458107,6.050470,0.202503,0.246750
90.800000,31.137831,7.114337,-2.312585,0.449587,0.030936,-0.101871,10.532201,-0.410987,4.475741,6.056460,0.203016,0.246909
90.833333,31.128439,7.102601,-2.315967,0.450179,0.030872,-0.101445,10.556059,-0.407959,4.493493,6.062567,0.203532,0.247071
90.866667,31.118992,7.090884,-2.319334,0.450780,0.030808,-0.101016,10.580151,-0.404931,4.511361,6.068790,0.204050,0.247236
90.900000,31.109491,7.079185,-2.322687,0.451390,0.030742,-0.100583,10.604473,-0.401904,4.529344,6.075130,0.204572,0.247404
90.933333,31.099935,7.067504,-2.326025,0.452008,0.030676,-0.100147,10.629027,-0.398878,4.547439,6.081587,0.205096,0.247576
90.966667,31.090325,7.055842,-2.329348,0.452636,0.030608,-0.099708,10.653809,-0.395854,4.565647,6.088163,0.205623,0.247750
91.000000,31.080659,7.044198,-2.332657,0.453273,0.030540,-0.099266,10.678820,-0.392832,4.583964,6.094856,0.206152,0.247927
91.033333,31.070939,7.032572,-2.335951,0.453918,0.030471,-0.098820,10.704058,-0.389813,4.602389,6.101669,0.206684,0.248107
91.066667,31.061164,7.020964,-2.339230,0.454573,0.030401,-0.098372,10.729522,-0.386796,4.620922,6.108600,0.207218,0.248291
91.100000,31.051334,7.009374,-2.342494,0.455236,0.030330,-0.097921,10.755210,-0.383784,4.639559,6.115650,0.207755,0.248477
91.133333,31.041449,6.997802,-2.345743,0.455908,0.030258,-0.097467,10.781121,-0.380775,4.658301,6.122820,0.208294,0.248667
91.166667,31.031509,6.986248,-2.348977,0.456588,0.030185,-0.097010,10.807254,-0.377771,4.677144,6.130110,0.208836,0.248860
91.200000,31.021515,6.974711,-2.352195,0.457277,0.030112,-0.096551,10.833608,-0.374772,4.696089,6.137519,0.209380,0.249056
91.233333,31.011465,6.963192,-2.355398,0.457975,0.030038,-0.096089,10.860182,-0.371778,4.715133,6.145049,0.209926,0.249254
91.266667,31.001360,6.951690,-2.358586,0.458681,0.029962,-0.095625,10.886974,-0.368790,4.734275,6.152699,0.210474,0.249456
91.300000,30.991200,6.940205,-2.361758,0.459396,0.029886,-0.095158,10.913982,-0.365809,4.753513,6.160469,0.211025,0.249662
91.333333,30.980984,6.928738,-2.364914,0.460120,0.029809,-0.094689,10.941207,-0.362834,4.772846,6.168360,0.211577,0.249870
91.366667,30.970714,6.917287,-2.368055,0.460851,0.029732,-0.094218,10.968646,-0.359866,4.792273,6.176372,0.212132,0.250081
91.400000,30.960388,6.905854,-2.371179,0.461591,0.029653,-0.093746,10.996298,-0.356905,4.811793,6.184505,0.212688,0.250295
91.433333,30.950008,6.894438,-2.374288,0.462339,0.029574,-0.093271,11.024161,-0.353952,4.831403,6.192759,0.213247,0.250513
91.466667,30.939571,6.883038,-2.377382,0.463096,0.029494,-0.092794,11.052236,-0.351008,4.851103,6.201133,0.213807,0.250733
91.500000,30.929080,6.871655,-2.380459,0.463861,0.029413,-0.092315,11.080519,-0.348072,4.870890,6.209629,0.214369,0.250957
91.533333,30.918533,6.860288,-2.383520,0.464633,0.029332,-0.091835,11.109010,-0.345145,4.890765,6.218245,0.214933,0.251184
91.566667,30.907931,6.848938,-2.386565,0.465414,0.029250,-0.091353,11.137708,-0.342227,4.910726,6.226983,0.215499,0.251413
91.600000,30.897274,6.837605,-2.389594,0.466203,0.029167,-0.090870,11.166611,-0.339318,4.930770,6.235841,0.216067,0.251646
91.633333,30.886561,6.826287,-2.392607,0.467000,0.029083,-0.090385,11.195718,-0.336420,4.950898,6.244820,0.216636,0.251882
91.666667,30.875792,6.814986,-2.395603,0.467805,0.028999,-0.089898,11.225027,-0.333531,4.971107,6.253920,0.217207,0.252121
91.700000,30.864968,6.803701,-2.398584,0.468618,0.028914,-0.089411,11.254537,-0.330653,4.991396,6.263140,0.217779,0.252363
91.733333,30.854089,6.792432,-2.401548,0.469438,0.028828,-0.088922,11.284246,-0.327786,5.011765,6.272481,0.218353,0.252608
91.766667,30.843154,6.781178,-2.404496,0.470267,0.028742,-0.088432,11.314155,-0.324930,5.032212,6.281943,0.218929,0.252856
91.800000,30.832164,6.769941,-2.407427,0.471103,0.028655,-0.087941,11.344259,-0.322085,5.052735,6.291524,0.219506,0.253107
91.833333,30.821118,6.758719,-2.410342,0.471946,0.028567,-0.087448,11.374560,-0.319252,5.073335,6.301225,0.220084,0.253361
91.866667,30.810017,6.747512,-2.413240,0.472798,0.028479,-0.086955,11.405055,-0.316430,5.094008,6.311047,0.220664,0.253619
91.900000,30.798859,6.736321,-2.416122,0.473656,0.028390,-0.086462,11.435742,-0.313620,5.114755,6.320987,0.221245,0.253879
91.933333,30.787647,6.725145,-2.418988,0.474522,0.028300,-0.085967,11.466620,-0.310823,5.135573,6.331047,0.221827,0.254142
91.966667,30.776378,6.713984,-2.421837,0.475396,0.028210,-0.085472,11.497689,-0.308038,5.156463,6.341226,0.222411,0.254408
92.000000,30.765054,6.702838,-2.424670,0.476277,0.028119,-0.084976,11.528945,-0.305266,5.177422,6.351524,0.222996,0.254677
92.033333,30.753675,6.691708,-2.427486,0.477165,0.028028,-0.084479,11.560389,-0.302507,5.198450,6.361940,0.223582,0.254949
92.066667,30.742239,6.680592,-2.430285,0.478061,0.027936,-0.083982,11.592019,-0.299761,5.219545,6.372474,0.224169,0.255224
92.100000,30.730748,6.669491,-2.433068,0.478963,0.027844,-0.083485,11.623832,-0.297029,5.240707,6.383125,0.224758,0.255501
92.133333,30.719201,6.658405,-2.435834,0.479873,0.027751,-0.082987,11.655828,-0.294310,5.261934,6.393894,0.225347,0.255782
92.166667,30.707599,6.647333,-2.438584,0.480790,0.027658,-0.082489,11.688005,-0.291604,5.283225,6.404780,0.225938,0.256066
92.200000,30.695940,6.636275,-2.441317,0.481713,0.027564,-0.081991,11.720362,-0.288913,5.304579,6.415782,0.226529,0.256352
92.233333,30.684226,6.625232,-2.444033,0.482644,0.027469,-0.081493,11.752897,-0.286235,5.325996,6.426901,0.227122,0.256641
92.266667,30.672456,6.614203,-2.446733,0.483582,0.027374,-0.080994,11.785608,-0.283572,5.347474,6.438135,0.227716,0.256933
92.300000,30.660631,6.603189,-2.449416,0.484526,0.027279,-0.080496,11.818495,-0.280923,5.369011,6.449484,0.228310,0.257228
92.333333,30.648749,6.592188,-2.452083,0.485477,0.027183,-0.079998,11.851556,-0.278289,5.390608,6.460948,0.228905,0.257526
92.366667,30.636812,6.581201,-2.454733,0.486434,0.027086,-0.079499,11.884789,-0.275669,5.412262,6.472526,0.229502,0.257826
92.400000,30.624819,6.570228,-2.457366,0.487399,0.026989,-0.079001,11.918192,-0.273063,5.433974,6.484218,0.230099,0.258130
92.433333,30.612770,6.559269,-2.459983,0.488369,0.026892,-0.078503,11.951765,-0.270473,5.455742,6.496023,0.230697,0.258436
92.466667,30.600665,6.548323,-2.462583,0.489347,0.026794,-0.078006,11.985506,-0.267898,5.477565,6.507941,0.231295,0.258744
92.500000,30.588505,6.537390,-2.465167,0.490330,0.026696,-0.077509,12.019412,-0.265338,5.499441,6.519971,0.231895,0.259056
92.533333,30.576288,6.526471,-2.467734,0.491320,0.026598,-0.077012,12.053483,-0.262793,5.521371,6.532112,0.232495,0.259370
92.566667,30.564016,6.515566,-2.470284,0.492317,0.026499,-0.076515,12.087717,-0.260263,5.543353,6.544364,0.233095,0.259686
92.600000,30.551688,6.504673,-2.472818,0.493319,0.026399,-0.076020,12.122113,-0.257749,5.565386,6.556727,0.233697,0.260006
92.633333,30.539304,6.493793,-2.475336,0.494328,0.026300,-0.075524,12.156669,-0.255250,5.587470,6.569199,0.234299,0.260328
92.666667,30.526864,6.482927,-2.477837,0.495342,0.026199,-0.075030,12.191382,-0.252766,5.609602,6.581780,0.234901,0.260652
92.700000,30.514368,6.472073,-2.480321,0.496363,0.026099,-0.074536,12.226253,-0.250298,5.631783,6.594470,0.235505,0.260980
92.733333,30.501817,6.461232,-2.482789,0.497390,0.025998,-0.074042,12.261279,-0.247846,5.654012,6.607267,0.236108,0.261309
92.766667,30.489210,6.450403,-2.485241,0.498422,0.025897,-0.073550,12.296459,-0.245410,5.676287,6.620171,0.236712,0.261642
92.800000,30.476546,6.439587,-2.487676,0.499460,0.025795,-0.073058,12.331790,-0.242989,5.698608,6.633182,0.237317,0.261976
92.833333,30.463827,6.428784,-2.490095,0.500504,0.025693,-0.072567,12.367272,-0.240585,5.720973,6.646299,0.237922,0.262314
92.866667,30.451052,6.417992,-2.492498,0.501554,0.025591,-0.072077,12.402903,-0.238196,5.743383,6.659520,0.238528,0.262653
92.900000,30.438222,6.407213,-2.494884,0.502609,0.025489,-0.071588,12.438681,-0.235823,5.765835,6.672846,0.239134,0.262995
92.933333,30.425335,6.396446,-2.497254,0.503670,0.025386,-0.071100,12.474605,-0.233466,5.788329,6.686275,0.239740,0.263340
92.966667,30.412393,6.385691,-2.499608,0.504736,0.025283,-0.070614,12.510672,-0.231125,5.810865,6.699807,0.240347,0.263687
93.000000,30.399395,6.374947,-2.501945,0.505808,0.025180,-0.070128,12.546882,-0.228800,5.833441,6.713441,0.240954,0.264036
93.033333,30.386341,6.364215,-2.504267,0.506885,0.025076,-0.069643,12.583233,-0.226491,5.856057,6.727176,0.241561,0.264388
93.066667,30.373231,6.353495,-2.506572,0.507967,0.024972,-0.069159,12.619722,-0.224198,5.878711,6.741011,0.242169,0.264742
93.100000,30.360065,6.342787,-2.508861,0.509055,0.024868,-0.068677,12.656349,-0.221921,5.901403,6.754947,0.242776,0.265098
93.133333,30.346844,6.332090,-2.511135,0.510147,0.024764,-0.068196,12.693112,-0.219661,5.924131,6.768981,0.243384,0.265457
93.166667,30.333567,6.321404,-2.513392,0.511245,0.024659,-0.067716,12.730009,-0.217416,5.946896,6.783112,0.243993,0.265817
93.200000,30.320234,6.310730,-2.515633,0.512347,0.024554,-0.067238,12.767038,-0.215188,5.969696,6.797342,0.244601,0.266180
93.233333,30.306845,6.300066,-2.517858,0.513455,0.024449,-0.066760,12.804198,-0.212975,5.992531,6.811667,0.245210,0.266545
93.266667,30.293401,6.289414,-2.520068,0.514567,0.024344,-0.066285,12.841486,-0.210779,6.015399,6.826088,0.245818,0.266913
93.300000,30.279901,6.278772,-2.522262,0.515684,0.024239,-0.065810,12.878903,-0.208599,6.038299,6.840603,0.246427,0.267282
93.333333,30.266345,6.268141,-2.524439,0.516806,0.024133,-0.065337,12.916444,-0.206435,6.061232,6.855212,0.247036,0.267654
93.366667,30.252734,6.257521,-2.526602,0.517933,0.024027,-0.064866,12.954110,-0.204287,6.084196,6.869914,0.247645,0.268027
93.400000,30.239067,6.246911,-2.528748,0.519064,0.023921,-0.064396,12.991898,-0.202155,6.107189,6.884708,0.248254,0.268403
93.433333,30.225345,6.236312,-2.530879,0.520199,0.023815,-0.063927,13.029806,-0.200039,6.130213,6.899593,0.248862,0.268780
93.466667,30.211566,6.225723,-2.532994,0.521339,0.023709,-0.063461,13.067833,-0.197939,6.153264,6.914568,0.249471,0.269160
93.500000,30.197733,6.215145,-2.535094,0.522484,0.023602,-0.062995,13.105977,-0.195855,6.176344,6.929633,0.250080,0.269542
93.533333,30.183843,6.204576,-2.537179,0.523632,0.023496,-0.062532,13.144236,-0.193787,6.199451,6.944785,0.250689,0.269925
93.566667,30.169899,6.194018,-2.539248,0.524785,0.023389,-0.062070,13.182609,-0.191735,6.222583,6.960025,0.251298,0.270310
93.600000,30.155898,6.183469,-2.541301,0.525942,0.023282,-0.061610,13.221093,-0.189699,6.245741,6.975352,0.251906,0.270698
93.633333,30.141843,6.172931,-2.543340,0.527103,0.023175,-0.061151,13.259687,-0.187678,6.268924,6.990763,0.252515,0.271087
93.666667,30.127731,6.162402,-2.545363,0.528268,0.023068,-0.060694,13.298389,-0.185674,6.292130,7.006260,0.253123,0.271478
93.700000,30.113565,6.151882,-2.547371,0.529437,0.022961,-0.060239,13.337198,-0.183685,6.315359,7.021839,0.253731,0.271871
93.733333,30.099343,6.141372,-2.549364,0.530610,0.022854,-0.059786,13.376111,-0.181712,6.338610,7.037502,0.254339,0.272265
93.766667,30.085066,6.130872,-2.551341,0.531786,0.022746,-0.059334,13.415127,-0.179755,6.361882,7.053245,0.254947,0.272661
93.800000,30.070733,6.120381,-2.553304,0.532967,0.022639,-0.058885,13.454244,-0.177813,6.385174,7.069070,0.255555,0.273059
93.833333,30.056345,6.109899,-2.555252,0.534151,0.022531,-0.058437,13.493460,-0.175887,6.408487,7.084973,0.256162,0.273459
93.866667,30.041902,6.099426,-2.557185,0.535338,0.022424,-0.057991,13.532773,-0.173976,6.431818,7.100956,0.256769,0.273860
93.900000,30.027404,6.088962,-2.559103,0.536529,0.022316,-0.057547,13.572182,-0.172081,6.455167,7.117015,0.257376,0.274263
93.933333,30.012850,6.078507,-2.561007,0.537724,0.022209,-0.057105,13.611684,-0.170201,6.478533,7.133152,0.257982,0.274667
93.966667,29.998242,6.068061,-2.562896,0.538922,0.022101,-0.056664,13.651279,-0.168337,6.501915,7.149363,0.258588,0.275073
94.000000,29.983578,6.057623,-2.564770,0.540123,0.021993,-0.056226,13.690963,-0.166487,6.525313,7.165649,0.259194,0.275481
94.033333,29.968859,6.047194,-2.566630,0.541328,0.021885,-0.055790,13.730735,-0.164654,6.548726,7.182009,0.259799,0.275890
94.066667,29.954085,6.036774,-2.568475,0.542535,0.021777,-0.055355,13.770593,-0.162835,6.572152,7.198440,0.260404,0.276300
94.100000,29.939257,6.026361,-2.570306,0.543746,0.021670,-0.054923,13.810535,-0.161031,6.595592,7.214943,0.261009,0.276712
94.133333,29.924373,6.015958,-2.572122,0.544960,0.021562,-0.054492,13.850560,-0.159243,6.619044,7.231516,0.261613,0.277125
94.166667,29.909435,6.005562,-2.573924,0.546176,0.021454,-0.054064,13.890665,-0.157469,6.642507,7.248158,0.262216,0.277540
94.200000,29.894441,5.995174,-2.575712,0.547396,0.021346,-0.053637,13.930849,-0.155711,6.665981,7.264868,0.262819,0.277956
94.233333,29.879393,5.984794,-2.577486,0.548618,0.021238,-0.053213,13.971109,-0.153967,6.689464,7.281645,0.263422,0.278373
94.266667,29.864290,5.974423,-2.579245,0.549843,0.021130,-0.052791,14.011444,-0.152238,6.712957,7.298488,0.264024,0.278791
94.300000,29.849133,5.964059,-2.580991,0.551071,0.021022,-0.052370,14.051852,-0.150524,6.736457,7.315395,0.264625,0.279211
94.333333,29.833921,5.953702,-2.582723,0.552301,0.020915,-0.051952,14.092331,-0.148824,6.759965,7.332366,0.265226,0.279632
94.366667,29.818654,5.943353,-2.584441,0.553534,0.020807,-0.051536,14.132878,-0.147139,6.783479,7.349399,0.265827,0.280054
94.400000,29.803333,5.933012,-2.586145,0.554769,0.020699,-0.051122,14.173493,-0.145469,6.806999,7.366494,0.266426,0.280478
94.433333,29.787957,5.922678,-2.587835,0.556007,0.020591,-0.050710,14.214172,-0.143813,6.830523,7.383649,0.267026,0.280902
94.466667,29.772527,5.912351,-2.589512,0.557247,0.020484,-0.050300,14.254914,-0.142171,6.854052,7.400863,0.267624,0.281327
94.500000,29.757043,5.902032,-2.591175,0.558489,0.020376,-0.049892,14.295718,-0.140543,6.877583,7.418135,0.268222,0.281754
94.533333,29.741504,5.891719,-2.592824,0.559734,0.020268,-0.049487,14.336580,-0.138930,6.901116,7.435463,0.268819,0.282182
94.566667,29.725911,5.881414,-2.594461,0.560980,0.020161,-0.049083,14.377499,-0.137331,6.924651,7.452848,0.269415,0.282610
94.600000,29.710264,5.871115,-2.596083,0.562229,0.020053,-0.048682,14.418473,-0.135746,6.948186,7.470286,0.270011,0.283040
94.633333,29.694563,5.860823,-2.597693,0.563479,0.019946,-0.048283,14.459500,-0.134175,6.971721,7.487778,0.270606,0.283470
94.666667,29.678808,5.850538,-2.599289,0.564732,0.019839,-0.047886,14.500577,-0.132618,6.995255,7.505323,0.271200,0.283901
94.700000,29.662999,5.840259,-2.600872,0.565986,0.019732,-0.047491,14.541704,-0.131074,7.018786,7.522918,0.271794,0.284334
94.733333,29.647136,5.829987,-2.602442,0.567242,0.019625,-0.047098,14.582877,-0.129545,7.042314,7.540563,0.272386,0.284767
94.766667,29.631219,5.819721,-2.603999,0.568500,0.019517,-0.046707,14.624095,-0.128029,7.065839,7.558256,0.272978,0.285201
94.800000,29.615248,5.809462,-2.605543,0.569759,0.019411,-0.046319,14.665355,-0.126526,7.089358,7.575997,0.273569,0.285635
94.833333,29.599224,5.799209,-2.607074,0.571020,0.019304,-0.045932,14.706656,-0.125037,7.112872,7.593784,0.274159,0.286070
94.866667,29.583146,5.788962,-2.608592,0.572282,0.019197,-0.045548,14.747995,-0.123562,7.136379,7.611616,0.274748,0.286507
94.900000,29.567014,5.778721,-2.610098,0.573546,0.019090,-0.045166,14.789371,-0.122099,7.159879,7.629492,0.275336,0.286943
94.933333,29.550829,5.768485,-2.611591,0.574811,0.018984,-0.044787,14.830781,-0.120650,7.183370,7.647410,0.275924,0.287381
94.966667,29.534590,5.758256,-2.613071,0.576077,0.018878,-0.044409,14.872223,-0.119215,7.206853,7.665370,0.276510,0.287819
95.000000,29.518299,5.748033,-2.614539,0.577344,0.018771,-0.044034,14.913695,-0.117792,7.230324,7.683370,0.277095,0.288257
95.033333,29.501954,5.737815,-2.615994,0.578613,0.018665,-0.043660,14.955194,-0.116382,7.253785,7.701409,0.277680,0.288696
95.066667,29.485555,5.727602,-2.617437,0.579882,0.018559,-0.043289,14.996719,-0.114985,7.277234,7.719485,0.278263,0.289136
95.100000,29.469104,5.717395,-2.618868,0.581153,0.018453,-0.042921,15.038268,-0.113601,7.300670,7.737598,0.278846,0.289576
95.133333,29.452600,5.707194,-2.620286,0.582424,0.018348,-0.042554,15.079838,-0.112230,7.324091,7.755746,0.279427,0.290017
95.166667,29.436043,5.696998,-2.621692,0.583697,0.018242,-0.042189,15.121427,-0.110872,7.347498,7.773928,0.280007,0.290458
95.200000,29.419433,5.686807,-2.623087,0.584970,0.018137,-0.041827,15.163033,-0.109526,7.370890,7.792143,0.280586,0.290899
95.233333,29.402770,5.676621,-2.624469,0.586243,0.018032,-0.041467,15.204653,-0.108192,7.394264,7.810389,0.281164,0.291341
95.266667,29.386054,5.666440,-2.625839,0.587518,0.017926,-0.041109,15.246286,-0.106871,7.417621,7.828665,0.281741,0.291783
95.300000,29.369286,5.656264,-2.627198,0.588793,0.017822,-0.040753,15.287929,-0.105563,7.440959,7.846970,0.282317,0.292225
95.333333,29.352466,5.646093,-2.628544,0.590068,0.017717,-0.040400,15.329581,-0.104266,7.464278,7.865303,0.282892,0.292668
95.366667,29.335593,5.635926,-2.629879,0.591344,0.017612,-0.040048,15.371238,-0.102982,7.487576,7.883662,0.283465,0.293110
95.400000,29.318668,5.625765,-2.631203,0.592620,0.017508,-0.039699,15.412898,-0.101710,7.510853,7.902046,0.284037,0.293554
95.433333,29.301690,5.615608,-2.632514,0.593896,0.017404,-0.039352,15.454560,-0.100450,7.534107,7.920453,0.284608,0.293997
95.466667,29.284661,5.605455,-2.633814,0.595173,0.017299,-0.039007,15.496221,-0.099202,7.557337,7.938883,0.285178,0.294440
95.500000,29.267579,5.595307,-2.635103,0.596450,0.017196,-0.038664,15.537878,-0.097966,7.580544,7.957334,0.285746,0.294883
95.533333,29.250446,5.585163,-2.636381,0.597727,0.017092,-0.038324,15.579530,-0.096741,7.603724,7.975805,0.286314,0.295327
95.566667,29.233260,5.575023,-2.637647,0.599003,0.016988,-0.037985,15.621173,-0.095528,7.626879,7.994295,0.286879,0.295770
95.600000,29.216023,5.564888,-2.638902,0.600280,0.016885,-0.037649,15.662807,-0.094327,7.650005,8.012801,0.287444,0.296214
95.633333,29.198735,5.554756,-2.640146,0.601557,0.016782,-0.037315,15.704428,-0.093137,7.673104,8.031324,0.288007,0.296657
95.666667,29.181395,5.544629,-2.641378,0.602833,0.016679,-0.036983,15.746034,-0.091959,7.696173,8.049861,0.288569,0.297101
95.700000,29.164003,5.534505,-2.642600,0.604109,0.016576,-0.036653,15.787622,-0.090792,7.719211,8.068411,0.289129,0.297544
95.733333,29.146560,5.524386,-2.643811,0.605385,0.016474,-0.036325,15.829191,-0.089636,7.742218,8.086973,0.289688,0.297987
95.766667,29.129067,5.514270,-2.645011,0.606660,0.016372,-0.036000,15.870738,-0.088492,7.765192,8.105546,0.290246,0.298430
95.800000,29.111521,5.504158,-2.646200,0.607935,0.016270,-0.035676,15.912260,-0.087359,7.788132,8.124128,0.290802,0.298873
95.833333,29.093925,5.494049,-2.647379,0.609209,0.016168,-0.035355,15.953756,-0.086237,7.811038,8.142717,0.291356,0.299316
95.866667,29.076279,5.483944,-2.648547,0.610483,0.016066,-0.035036,15.995222,-0.085125,7.833909,8.161313,0.291909,0.299758
95.900000,29.058581,5.473842,-2.649704,0.611756,0.015965,-0.034719,16.036656,-0.084025,7.856742,8.179914,0.292461,0.300201
95.933333,29.040833,5.463744,-2.650851,0.613028,0.015864,-0.034404,16.078057,-0.082935,7.879538,8.198519,0.293011,0.300642
95.966667,29.023034,5.453649,-2.651987,0.614299,0.015763,-0.034091,16.119421,-0.081856,7.902294,8.217126,0.293560,0.301084
96.000000,29.005185,5.443557,-2.653113,0.615569,0.015662,-0.033780,16.160746,-0.080788,7.925011,8.235735,0.294106,0.301525
96.033333,28.987286,5.433469,-2.654229,0.616839,0.015562,-0.033471,16.202029,-0.079730,7.947687,8.254342,0.294652,0.301965
96.066667,28.969336,5.423383,-2.655334,0.618107,0.015461,-0.033165,16.243269,-0.078683,7.970320,8.272948,0.295195,0.302406
96.100000,28.951337,5.413300,-2.656430,0.619374,0.015361,-0.032860,16.284462,-0.077647,7.992910,8.291551,0.295737,0.302845
96.133333,28.933287,5.403221,-2.657515,0.620640,0.015262,-0.032558,16.325606,-0.076620,8.015456,8.310149,0.296278,0.303285
96.166667,28.915188,5.393144,-2.658590,0.621905,0.015162,-0.032257,16.366698,-0.075604,8.037957,8.328741,0.296816,0.303723
96.200000,28.897039,5.383070,-2.659655,0.623168,0.015063,-0.031959,16.407737,-0.074598,8.060411,8.347326,0.297353,0.304161
96.233333,28.878841,5.372998,-2.660711,0.624430,0.014964,-0.031663,16.448719,-0.073602,8.082817,8.365902,0.297888,0.304599
96.266667,28.860594,5.362929,-2.661757,0.625690,0.014865,-0.031369,16.489642,-0.072616,8.105174,8.384468,0.298422,0.305036
96.300000,28.842297,5.352863,-2.662792,0.626949,0.014767,-0.031076,16.530504,-0.071641,8.127482,8.403022,0.298953,0.305472
96.333333,28.823951,5.342799,-2.663819,0.628206,0.014668,-0.030786,16.571301,-0.070675,8.149738,8.421563,0.299483,0.305907
96.366667,28.805556,5.332738,-2.664835,0.629462,0.014570,-0.030498,16.612031,-0.069718,8.171942,8.440090,0.300011,0.306342
96.400000,28.787112,5.322679,-2.665842,0.630716,0.014473,-0.030212,16.652693,-0.068772,8.194092,8.458600,0.300537,0.306776
96.433333,28.768619,5.312622,-2.666840,0.631968,0.014375,-0.029928,16.693282,-0.067835,8.216189,8.477093,0.301061,0.307209
96.466667,28.750078,5.302567,-2.667828,0.633218,0.014278,-0.029646,16.733796,-0.066908,8.238229,8.495568,0.301584,0.307642
96.500000,28.731489,5.292515,-2.668807,0.634466,0.014181,-0.029365,16.774234,-0.065990,8.260212,8.514022,0.302104,0.308073
96.533333,28.712851,5.282465,-2.669776,0.635712,0.014085,-0.029087,16.814592,-0.065082,8.282138,8.532454,0.302623,0.308504
96.566667,28.694165,5.272416,-2.670737,0.636956,0.013988,-0.028811,16.854867,-0.064183,8.304004,8.550863,0.303139,0.308933
96.600000,28.675431,5.262370,-2.671688,0.638198,0.013892,-0.028537,16.895057,-0.063294,8.325810,8.569247,0.303654,0.309362
96.633333,28.656649,5.252325,-2.672630,0.639438,0.013796,-0.028264,16.935159,-0.062414,8.347554,8.587606,0.304167,0.309790
96.666667,28.637820,5.242283,-2.673563,0.640675,0.013701,-0.027994,16.975171,-0.061542,8.369235,8.605936,0.304677,0.310216
96.700000,28.618943,5.232242,-2.674488,0.641910,0.013606,-0.027726,17.015089,-0.060680,8.390852,8.624238,0.305186,0.310642
96.733333,28.600019,5.222203,-2.675403,0.643142,0.013511,-0.027459,17.054912,-0.059827,8.412404,8.642509,0.305692,0.311067
96.766667,28.581047,5.212165,-2.676309,0.644372,0.013416,-0.027195,17.094636,-0.058983,8.433889,8.660747,0.306197,0.311490
96.800000,28.562029,5.202129,-2.677207,0.645599,0.013322,-0.026932,17.134259,-0.058148,8.455306,8.678953,0.306699,0.311912
96.833333,28.542963,5.192094,-2.678096,0.646824,0.013227,-0.026671,17.173777,-0.057322,8.476655,8.697123,0.307199,0.312334
96.866667,28.523851,5.182061,-2.678977,0.648046,0.013134,-0.026413,17.213189,-0.056504,8.497933,8.715256,0.307697,0.312753
96.900000,28.504692,5.172030,-2.679848,0.649265,0.013040,-0.026156,17.252492,-0.055695,8.519140,8.733352,0.308193,0.313172
96.933333,28.485487,5.161999,-2.680712,0.650481,0.012947,-0.025901,17.291681,-0.054895,8.540274,8.751407,0.308686,0.313589
96.966667,28.466235,5.151970,-2.681567,0.651694,0.012854,-0.025647,17.330756,-0.054103,8.561334,8.769422,0.309178,0.314005
97.000000,28.446938,5.141943,-2.682413,0.652904,0.012761,-0.025396,17.369713,-0.053320,8.582319,8.787394,0.309667,0.314420
97.033333,28.427594,5.131916,-2.683251,0.654111,0.012669,-0.025147,17.408549,-0.052545,8.603227,8.805322,0.310153,0.314833
97.066667,28.408205,5.121891,-2.684081,0.655315,0.012577,-0.024899,17.447261,-0.051778,8.624057,8.823204,0.310638,0.315245
97.100000,28.388770,5.111866,-2.684903,0.656516,0.012485,-0.024653,17.485847,-0.051020,8.644808,8.841039,0.311120,0.315656
97.133333,28.369290,5.101843,-2.685717,0.657713,0.012394,-0.024409,17.524304,-0.050270,8.665479,8.858825,0.311600,0.316065
97.166667,28.349764,5.091821,-2.686522,0.658907,0.012303,-0.024167,17.562628,-0.049528,8.686068,8.876560,0.312077,0.316472
97.200000,28.330194,5.081799,-2.687320,0.660098,0.012212,-0.023927,17.600818,-0.048794,8.706574,8.894244,0.312552,0.316878
97.233333,28.310578,5.071779,-2.688110,0.661285,0.012122,-0.023689,17.638870,-0.048068,8.726996,8.911874,0.313025,0.317283
97.266667,28.290918,5.061759,-2.688891,0.662468,0.012031,-0.023452,17.676781,-0.047351,8.747332,8.929449,0.313495,0.317686
97.300000,28.271213,5.051740,-2.689665,0.663648,0.011942,-0.023217,17.714548,-0.046641,8.767580,8.946967,0.313963,0.318087
97.333333,28.251464,5.041722,-2.690431,0.664824,0.011852,-0.022984,17.752168,-0.045939,8.787741,8.964428,0.314428,0.318486
97.366667,28.231671,5.031704,-2.691190,0.665996,0.011763,-0.022753,17.789640,-0.045244,8.807812,8.981828,0.314891,0.318884
97.400000,28.211834,5.021687,-2.691941,0.667165,0.011674,-0.022523,17.826958,-0.044558,8.827791,8.999167,0.315351,0.319280
97.433333,28.191953,5.011671,-2.692684,0.668329,0.011585,-0.022295,17.864122,-0.043879,8.847678,9.016443,0.315809,0.319674
97.466667,28.172028,5.001655,-2.693419,0.669489,0.011497,-0.022069,17.901127,-0.043208,8.867472,9.033655,0.316264,0.320067
97.500000,28.152060,4.991640,-2.694148,0.670646,0.011409,-0.021845,17.937970,-0.042544,8.887170,9.050800,0.316716,0.320458
97.533333,28.132049,4.981625,-2.694868,0.671798,0.011322,-0.021622,17.974650,-0.041888,8.906772,9.067878,0.317166,0.320846
97.566667,28.111995,4.971611,-2.695582,0.672946,0.011234,-0.021401,18.011162,-0.041239,8.926275,9.084886,0.317613,0.321233
97.600000,28.091898,4.961597,-2.696288,0.674089,0.011147,-0.021182,18.047503,-0.040597,8.945680,9.101823,0.318057,0.321618
97.633333,28.071758,4.951583,-2.696987,0.675229,0.011061,-0.020965,18.083672,-0.039963,8.964984,9.118688,0.318499,0.322002
97.666667,28.051576,4.941570,-2.697678,0.676363,0.010974,-0.020749,18.119664,-0.039336,8.984185,9.135479,0.318938,0.322383
97.700000,28.031352,4.931557,-2.698363,0.677494,0.010888,-0.020535,18.155476,-0.038717,9.003283,9.152193,0.319374,0.322762
97.733333,28.011086,4.921544,-2.699040,0.678619,0.010803,-0.020322,18.191107,-0.038104,9.022276,9.168830,0.319808,0.323139
97.766667,27.990778,4.911532,-2.699710,0.679740,0.010717,-0.020111,18.226551,-0.037499,9.041163,9.185388,0.320238,0.323514
97.800000,27.970428,4.901519,-2.700374,0.680857,0.010632,-0.019902,18.261807,-0.036900,9.059942,9.201865,0.320666,0.323886
97.833333,27.950037,4.891507,-2.701030,0.681968,0.010548,-0.019695,18.296872,-0.036309,9.078612,9.218260,0.321091,0.324257
97.866667,27.929605,4.881495,-2.701680,0.683075,0.010464,-0.019489,18.331742,-0.035724,9.097171,9.234571,0.321513,0.324625
97.900000,27.909132,4.871483,-2.702323,0.684176,0.010380,-0.019285,18.366413,-0.035146,9.115617,9.250796,0.321932,0.324992
97.933333,27.888618,4.861471,-2.702959,0.685273,0.010296,-0.019082,18.400884,-0.034576,9.133951,9.266934,0.322348,0.325356
97.966667,27.868063,4.851459,-2.703588,0.686365,0.010213,-0.018881,18.435151,-0.034012,9.152169,9.282982,0.322761,0.325717
98.000000,27.847468,4.841447,-2.704211,0.687451,0.010130,-0.018682,18.469211,-0.033454,9.170270,9.298940,0.323171,0.326077
98.033333,27.826834,4.831435,-2.704827,0.688532,0.010047,-0.018484,18.503060,-0.032903,9.188254,9.314806,0.323578,0.326434
98.066667,27.806159,4.821423,-2.705437,0.689608,0.009965,-0.018288,18.536695,-0.032359,9.206118,9.330577,0.323983,0.326789
98.100000,27.785444,4.811411,-2.706040,0.690678,0.009883,-0.018093,18.570114,-0.031822,9.223861,9.346253,0.324384,0.327141
98.133333,27.764691,4.801399,-2.706636,0.691743,0.009801,-0.017900,18.603313,-0.031291,9.241482,9.361831,0.324781,0.327491
98.166667,27.743898,4.791386,-2.707227,0.692803,0.009720,-0.017709,18.636289,-0.030766,9.258979,9.377310,0.325176,0.327838
98.200000,27.723066,4.781374,-2.707811,0.693857,0.009639,-0.017519,18.669038,-0.030248,9.276350,9.392688,0.325568,0.328183
98.233333,27.702195,4.771361,-2.708388,0.694905,0.009559,-0.017330,18.701558,-0.029736,9.293594,9.407964,0.325956,0.328525
98.266667,27.681286,4.761348,-2.708960,0.695947,0.009479,-0.017144,18.733846,-0.029231,9.310710,9.423136,0.326342,0.328865
98.300000,27.660338,4.751335,-2.709525,0.696984,0.009399,-0.016958,18.765897,-0.028732,9.327695,9.438201,0.326724,0.329202
98.333333,27.639353,4.741322,-2.710084,0.698015,0.009319,-0.016775,18.797709,-0.028239,9.344550,9.453159,0.327103,0.329536
98.366667,27.618329,4.731308,-2.710637,0.699039,0.009240,-0.016592,18.829279,-0.027752,9.361271,9.468008,0.327478,0.329868
98.400000,27.597268,4.721294,-2.711184,0.700058,0.009161,-0.016411,18.860602,-0.027271,9.377857,9.482745,0.327850,0.330197
98.433333,27.576170,4.711280,-2.711726,0.701071,0.009083,-0.016232,18.891677,-0.026796,9.394307,9.497370,0.328219,0.330524
98.466667,27.555035,4.701266,-2.712261,0.702077,0.009005,-0.016054,18.922500,-0.026328,9.410620,9.511880,0.328585,0.330847
98.500000,27.533863,4.691251,-2.712790,0.703077,0.008927,-0.015878,18.953067,-0.025865,9.426793,9.526274,0.328947,0.331168
98.533333,27.512654,4.681236,-2.713313,0.704071,0.008850,-0.015703,18.983375,-0.025408,9.442825,9.540550,0.329305,0.331486
98.566667,27.491409,4.671221,-2.713831,0.705058,0.008773,-0.015530,19.013421,-0.024958,9.458715,9.554706,0.329660,0.331801
98.600000,27.470128,4.661205,-2.714343,0.706039,0.008696,-0.015358,19.043201,-0.024513,9.474461,9.568740,0.330012,0.332113
98.633333,27.448811,4.651189,-2.714849,0.707013,0.008620,-0.015187,19.072713,-0.024073,9.490061,9.582652,0.330360,0.332422
98.666667,27.427459,4.641173,-2.715350,0.707981,0.008544,-0.015018,19.101952,-0.023640,9.505514,9.596438,0.330705,0.332728
98.700000,27.406071,4.631156,-2.715845,0.708942,0.008469,-0.014851,19.130916,-0.023212,9.520819,9.610097,0.331046,0.333032
98.733333,27.384649,4.621139,-2.716334,0.709896,0.008393,-0.014685,19.159601,-0.022791,9.535972,9.623628,0.331384,0.333332
98.766667,27.363191,4.611121,-2.716818,0.710844,0.008318,-0.014520,19.188003,-0.022374,9.550974,9.637029,0.331718,0.333629
98.800000,27.341699,4.601104,-2.717297,0.711784,0.008244,-0.014356,19.216120,-0.021963,9.565823,9.650298,0.332048,0.333923
98.833333,27.320173,4.591085,-2.717770,0.712717,0.008170,-0.014194,19.243948,-0.021558,9.580516,9.663432,0.332375,0.334214
98.866667,27.298613,4.581067,-2.718238,0.713644,0.008096,-0.014034,19.271483,-0.021159,9.595052,9.676431,0.332698,0.334501
98.900000,27.277019,4.571048,-2.718700,0.714563,0.008023,-0.013875,19.298723,-0.020764,9.609430,9.689293,0.333017,0.334786
98.933333,27.255391,4.561029,-2.719158,0.715475,0.007950,-0.013717,19.325663,-0.020376,9.623647,9.702016,0.333332,0.335067
98.966667,27.233731,4.551009,-2.719610,0.716379,0.007877,-0.013560,19.352301,-0.019992,9.637703,9.714597,0.333644,0.335345
99.000000,27.212037,4.540989,-2.720056,0.717277,0.007805,-0.013405,19.378632,-0.019614,9.651596,9.727036,0.333951,0.335619
99.033333,27.190311,4.530969,-2.720498,0.718166,0.007733,-0.013252,19.404654,-0.019242,9.665324,9.739330,0.334255,0.335891
99.066667,27.168553,4.520948,-2.720935,0.719049,0.007662,-0.013099,19.430363,-0.018874,9.678884,9.751478,0.334556,0.336159
99.100000,27.146762,4.510927,-2.721366,0.719923,0.007590,-0.012948,19.455755,-0.018512,9.692277,9.763478,0.334852,0.336423
99.133333,27.124940,4.500906,-2.721793,0.720790,0.007520,-0.012798,19.480827,-0.018155,9.705499,9.775328,0.335144,0.336684
99.166667,27.103087,4.490884,-2.722215,0.721649,0.007449,-0.012650,19.505576,-0.017804,9.718550,9.787026,0.335432,0.336942
99.200000,27.081202,4.480862,-2.722631,0.722500,0.007379,-0.012503,19.529998,-0.017457,9.731428,9.798571,0.335716,0.337196
99.233333,27.059286,4.470840,-2.723043,0.723344,0.007309,-0.012357,19.554090,-0.017116,9.744130,9.809960,0.335997,0.337446
99.266667,27.037340,4.460817,-2.723450,0.724179,0.007240,-0.012213,19.577848,-0.016779,9.756656,9.821192,0.336273,0.337693
99.300000,27.015363,4.450795,-2.723853,0.725007,0.007171,-0.012070,19.601268,-0.016448,9.769004,9.832265,0.336545,0.337936
99.333333,26.993356,4.440772,-2.724250,0.725826,0.007103,-0.011928,19.624348,-0.016122,9.781171,9.843177,0.336813,0.338176
99.366667,26.971320,4.430748,-2.724643,0.726637,0.007035,-0.011787,19.647083,-0.015800,9.793156,9.853926,0.337077,0.338412
99.400000,26.949254,4.420725,-2.725032,0.727439,0.006967,-0.011648,19.669470,-0.015484,9.804958,9.864511,0.337336,0.338644
99.433333,26.927159,4.410701,-2.725415,0.728234,0.006899,-0.011510,19.691505,-0.015172,9.816575,9.874930,0.337592,0.338873
99.466667,26.905035,4.400678,-2.725794,0.729019,0.006832,-0.011373,19.713186,-0.014866,9.828005,9.885181,0.337843,0.339097
99.500000,26.882883,4.390654,-2.726169,0.729797,0.006766,-0.011238,19.734508,-0.014564,9.839247,9.895261,0.338090,0.339318
99.533333,26.860702,4.380630,-2.726539,0.730565,0.006699,-0.011104,19.755468,-0.014267,9.850298,9.905170,0.338332,0.339535
99.566667,26.838494,4.370605,-2.726905,0.731325,0.006634,-0.010971,19.776062,-0.013975,9.861157,9.914905,0.338571,0.339748
99.600000,26.816258,4.360581,-2.727266,0.732076,0.006568,-0.010839,19.796287,-0.013687,9.871822,9.924465,0.338805,0.339957
99.633333,26.793995,4.350557,-2.727623,0.732819,0.006503,-0.010709,19.816139,-0.013404,9.882292,9.933847,0.339034,0.340163
99.666667,26.771705,4.340533,-2.727976,0.733552,0.006438,-0.010579,19.835615,-0.013126,9.892564,9.943050,0.339259,0.340364
99.700000,26.749388,4.330509,-2.728324,0.734277,0.006374,-0.010451,19.854710,-0.012853,9.902638,9.952072,0.339480,0.340561
99.733333,26.727045,4.320484,-2.728668,0.734992,0.006310,-0.010324,19.873422,-0.012584,9.912511,9.960912,0.339696,0.340754
99.766667,26.704676,4.310460,-2.729008,0.735698,0.006246,-0.010199,19.891747,-0.012320,9.922181,9.969566,0.339907,0.340943
99.800000,26.682281,4.300436,-2.729344,0.736395,0.006183,-0.010074,19.909681,-0.012061,9.931647,9.978034,0.340114,0.341128
99.833333,26.659861,4.290412,-2.729676,0.737083,0.006120,-0.009951,19.927221,-0.011806,9.940907,9.986314,0.340317,0.341308
99.866667,26.637416,4.280389,-2.730003,0.737761,0.006058,-0.009829,19.944363,-0.011555,9.949960,9.994403,0.340515,0.341485
99.900000,26.614946,4.270365,-2.730327,0.738430,0.005996,-0.009708,19.961103,-0.011309,9.958802,10.002300,0.340708,0.341657
99.933333,26.592452,4.260342,-2.730646,0.739089,0.005934,-0.009589,19.977438,-0.011068,9.967434,10.010004,0.340896,0.341825
99.966667,26.569934,4.250320,-2.730962,0.739738,0.005873,-0.009470,19.993364,-0.010831,9.975853,10.017511,0.341080,0.341988
100.000000,26.547392,4.240297,-2.731274,0.740378,0.005812,-0.009353,20.008877,-0.010599,9.984057,10.024821,0.341259,0.342148
100.033333,26.524827,4.230275,-2.731582,0.741008,0.005751,-0.009237,20.023975,-0.010371,9.992044,10.031931,0.341433,0.342302
100.066667,26.502239,4.220253,-2.731886,0.741628,0.005691,-0.009122,20.038652,-0.010147,9.999813,10.038839,0.341603,0.342453
100.100000,26.479628,4.210232,-2.732186,0.742239,0.005632,-0.009008,20.052906,-0.009928,10.007362,10.045545,0.341767,0.342599
100.133333,26.456995,4.200212,-2.732483,0.742839,0.005572,-0.008895,20.066734,-0.009713,10.014689,10.052045,0.341927,0.342740
100.166667,26.434340,4.190192,-2.732775,0.743429,0.005513,-0.008784,20.080130,-0.009502,10.021792,10.058338,0.342082,0.342877
100.200000,26.411664,4.180172,-2.733065,0.744009,0.005455,-0.008674,20.093092,-0.009296,10.028670,10.064422,0.342231,0.343009
100.233333,26.388966,4.170154,-2.733350,0.744578,0.005397,-0.008564,20.105616,-0.009094,10.035320,10.070296,0.342376,0.343137
100.266667,26.366248,4.160136,-2.733632,0.745137,0.005339,-0.008456,20.117699,-0.008896,10.041742,10.075957,0.342516,0.343260
100.300000,26.343508,4.150119,-2.733910,0.745686,0.005282,-0.008349,20.129336,-0.008703,10.047932,10.081403,0.342651,0.343378
100.333333,26.320749,4.140103,-2.734185,0.746225,0.005225,-0.008243,20.140524,-0.008513,10.053890,10.086634,0.342780,0.343492
100.366667,26.297970,4.130087,-2.734456,0.746752,0.005168,-0.008139,20.151259,-0.008328,10.059614,10.091646,0.342905,0.343600
100.400000,26.275172,4.120073,-2.734724,0.747269,0.005112,-0.008035,20.161538,-0.008147,10.065101,10.096437,0.343024,0.343704
100.433333,26.252354,4.110060,-2.734989,0.747775,0.005056,-0.007933,20.171357,-0.007971,10.070350,10.101007,0.343138,0.343804
100.466667,26.229518,4.100047,-2.735250,0.748271,0.005001,-0.007831,20.180713,-0.007798,10.075359,10.105353,0.343247,0.343898
100.500000,26.206663,4.090036,-2.735507,0.748755,0.004946,-0.007731,20.189601,-0.007630,10.080127,10.109474,0.343350,0.343987
100.533333,26.183791,4.080026,-2.735762,0.749228,0.004891,-0.007632,20.198018,-0.007466,10.084651,10.113367,0.343449,0.344072
100.566667,26.160901,4.070018,-2.736013,0.749691,0.004837,-0.007533,20.205960,-0.007306,10.088930,10.117030,0.343541,0.344151
100.600000,26.137993,4.060011,-2.736261,0.750142,0.004783,-0.007436,20.213424,-0.007150,10.092962,10.120463,0.343629,0.344226
100.633333,26.115069,4.050005,-2.736505,0.750582,0.004730,-0.007340,20.220406,-0.006998,10.096745,10.123662,0.343711,0.344295
100.666667,26.092129,4.040001,-2.736747,0.751010,0.004677,-0.007246,20.226903,-0.006851,10.100277,10.126626,0.343788,0.344359
100.700000,26.069172,4.029998,-2.736985,0.751427,0.004625,-0.007152,20.232909,-0.006707,10.103556,10.129353,0.343859,0.344418
100.733333,26.046200,4.019997,-2.737221,0.751833,0.004572,-0.007059,20.238423,-0.006568,10.106581,10.131842,0.343925,0.344472
100.766667,26.023212,4.009998,-2.737453,0.752227,0.004521,-0.006967,20.243440,-0.006432,10.109350,10.134090,0.343985,0.344521
100.800000,26.000210,4.000000,-2.737682,0.752609,0.004469,-0.006877,20.247957,-0.006300,10.111862,10.136095,0.344039,0.344564
100.833333,25.977193,3.990004,-2.737908,0.752980,0.004419,-0.006787,20.251970,-0.006169,10.114121,10.137848,0.344088,0.344602
100.866667,25.954162,3.980011,-2.738132,0.753338,0.004368,-0.006699,20.255476,-0.006036,10.116130,10.139346,0.344132,0.344635
100.900000,25.931118,3.970019,-2.738352,0.753685,0.004318,-0.006611,20.258472,-0.005902,10.117886,10.140586,0.344170,0.344662
100.933333,25.908060,3.960029,-2.738569,0.754020,0.004268,-0.006525,20.260956,-0.005768,10.119387,10.141570,0.344202,0.344683
100.966667,25.884989,3.950042,-2.738784,0.754343,0.004219,-0.006439,20.262926,-0.005634,10.120629,10.142297,0.344229,0.344699
101.000000,25.861905,3.940057,-2.738996,0.754653,0.004170,-0.006355,20.264378,-0.005501,10.121610,10.142768,0.344250,0.344709
101.033333,25.838810,3.930074,-2.739205,0.754951,0.004122,-0.006271,20.265311,-0.005370,10.122329,10.142982,0.344266,0.344714
101.066667,25.815703,3.920094,-2.739411,0.755237,0.004073,-0.006188,20.265722,-0.005240,10.122784,10.142938,0.344276,0.344713
101.100000,25.792585,3.910117,-2.739615,0.755511,0.004026,-0.006106,20.265607,-0.005112,10.122973,10.142634,0.344280,0.344706
101.133333,25.769456,3.900142,-2.739816,0.755772,0.003978,-0.006025,20.264966,-0.004986,10.122895,10.142071,0.344278,0.344694
101.166667,25.746316,3.890169,-2.740014,0.756020,0.003932,-0.005945,20.263796,-0.004861,10.122550,10.141246,0.344271,0.344676
101.200000,25.723167,3.880200,-2.740209,0.756256,0.003885,-0.005866,20.262094,-0.004738,10.121935,10.140159,0.344257,0.344652
101.233333,25.700007,3.870233,-2.740402,0.756479,0.003839,-0.005787,20.259858,-0.004617,10.121049,10.138808,0.344238,0.344623
101.266667,25.676839,3.860270,-2.740592,0.756689,0.003793,-0.005709,20.257086,-0.004498,10.119892,10.137193,0.344213,0.344588
101.300000,25.653662,3.850309,-2.740780,0.756887,0.003748,-0.005633,20.253776,-0.004381,10.118463,10.135313,0.344182,0.344547
101.333333,25.630477,3.840352,-2.740965,0.757072,0.003703,-0.005557,20.249925,-0.004266,10.116760,10.133166,0.344145,0.344501
101.366667,25.607284,3.830399,-2.741148,0.757243,0.003658,-0.005482,20.245533,-0.004152,10.114782,10.130751,0.344102,0.344449
101.400000,25.584083,3.820448,-2.741328,0.757402,0.003614,-0.005407,20.240596,-0.004040,10.112529,10.128067,0.344054,0.344390
101.433333,25.560875,3.810501,-2.741506,0.757547,0.003570,-0.005334,20.235113,-0.003930,10.109999,10.125114,0.343999,0.344326
101.466667,25.537661,3.800558,-2.741682,0.757679,0.003527,-0.005261,20.229082,-0.003821,10.107193,10.121890,0.343938,0.344257
101.500000,25.514441,3.790619,-2.741855,0.757798,0.003484,-0.005189,20.222501,-0.003714,10.104108,10.118394,0.343871,0.344181
101.533333,25.491215,3.780683,-2.742025,0.757904,0.003441,-0.005118,20.215368,-0.003609,10.100743,10.114625,0.343798,0.344099
101.566667,25.467983,3.770751,-2.742193,0.757996,0.003399,-0.005048,20.207682,-0.003506,10.097100,10.110583,0.343719,0.344011
101.600000,25.444747,3.760824,-2.742359,0.758075,0.003357,-0.004978,20.199441,-0.003404,10.093175,10.106266,0.343634,0.343918
101.633333,25.421506,3.750900,-2.742523,0.758140,0.003315,-0.004909,20.190643,-0.003303,10.088969,10.101674,0.343542,0.343818
101.666667,25.398262,3.740981,-2.742684,0.758192,0.003274,-0.004841,20.181286,-0.003204,10.084481,10.096805,0.343445,0.343712
101.700000,25.375014,3.731067,-2.742843,0.758230,0.003233,-0.004773,20.171369,-0.003107,10.079710,10.091659,0.343341,0.343601
101.733333,25.351763,3.721156,-2.743000,0.758255,0.003192,-0.004707,20.160891,-0.003011,10.074655,10.086236,0.343231,0.343483
101.766667,25.328509,3.711251,-2.743155,0.758265,0.003152,-0.004641,20.149850,-0.002917,10.069316,10.080534,0.343115,0.343359
101.800000,25.305253,3.701350,-2.743308,0.758262,0.003112,-0.004576,20.138244,-0.002824,10.063692,10.074552,0.342993,0.343229
101.833333,25.281995,3.691454,-2.743458,0.758245,0.003073,-0.004511,20.126073,-0.002732,10.057783,10.068291,0.342865,0.343093
101.866667,25.258737,3.681563,-2.743606,0.758214,0.003034,-0.004447,20.113335,-0.002642,10.051587,10.061748,0.342730,0.342951
101.900000,25.235477,3.671677,-2.743752,0.758169,0.002995,-0.004384,20.100029,-0.002553,10.045105,10.054924,0.342589,0.342803
101.933333,25.212217,3.661797,-2.743896,0.758110,0.002957,-0.004322,20.086153,-0.002466,10.038335,10.047818,0.342442,0.342648
101.966667,25.188957,3.651921,-2.744038,0.758037,0.002919,-0.004260,20.071706,-0.002379,10.031277,10.040429,0.342288,0.342487
102.000000,25.165698,3.642052,-2.744178,0.757950,0.002881,-0.004199,20.056688,-0.002295,10.023932,10.032757,0.342128,0.342320
102.033333,25.142440,3.632187,-2.744316,0.757849,0.002843,-0.004138,20.041097,-0.002211,10.016297,10.024800,0.341962,0.342147
102.066667,25.119183,3.622329,-2.744452,0.757733,0.002806,-0.004079,20.024933,-0.002129,10.008373,10.016560,0.341789,0.341968
102.100000,25.095928,3.612476,-2.744586,0.757604,0.002770,-0.004020,20.008193,-0.002047,10.000159,10.008034,0.341610,0.341782
102.133333,25.072676,3.602630,-2.744718,0.757460,0.002733,-0.003961,19.990878,-0.001967,9.991656,9.999223,0.341425,0.341590
102.166667,25.049427,3.592789,-2.744848,0.757301,0.002697,-0.003903,19.972987,-0.001889,9.982861,9.990126,0.341233,0.341391
102.200000,25.026180,3.582955,-2.744977,0.757128,0.002662,-0.003846,19.954519,-0.001811,9.973776,9.980742,0.341035,0.341187
102.233333,25.002938,3.573127,-2.745103,0.756941,0.002626,-0.003789,19.935473,-0.001735,9.964400,9.971072,0.340830,0.340976
102.266667,24.979700,3.563306,-2.745227,0.756739,0.002591,-0.003733,19.915848,-0.001659,9.954733,9.961115,0.340619,0.340758
102.300000,24.956467,3.553491,-2.745350,0.756522,0.002556,-0.003678,19.895644,-0.001585,9.944773,9.950870,0.340401,0.340535
102.333333,24.933239,3.543683,-2.745471,0.756291,0.002522,-0.003623,19.874860,-0.001512,9.934522,9.940338,0.340177,0.340304
102.366667,24.910017,3.533882,-2.745590,0.756046,0.002488,-0.003569,19.853496,-0.001440,9.923979,9.929517,0.339947,0.340068
102.400000,24.886801,3.524088,-2.745707,0.755785,0.002454,-0.003516,19.831551,-0.001369,9.913143,9.918408,0.339710,0.339825
102.433333,24.863592,3.514301,-2.745822,0.755510,0.002421,-0.003463,19.809025,-0.001299,9.902015,9.907011,0.339466,0.339575
102.466667,24.840389,3.504521,-2.745936,0.755220,0.002387,-0.003410,19.785918,-0.001230,9.890594,9.895324,0.339216,0.339320
102.500000,24.817195,3.494749,-2.746048,0.754915,0.002355,-0.003358,19.762229,-0.001162,9.878880,9.883349,0.338959,0.339057
102.533333,24.794008,3.484985,-2.746158,0.754596,0.002322,-0.003307,19.737958,-0.001095,9.866873,9.871085,0.338696,0.338788
102.566667,24.770830,3.475228,-2.746267,0.754262,0.002290,-0.003256,19.713104,-0.001029,9.854574,9.858531,0.338426,0.338513
102.600000,24.747662,3.465479,-2.746374,0.753912,0.002258,-0.003206,19.687669,-0.000964,9.841981,9.845688,0.338150,0.338231
102.633333,24.724502,3.455738,-2.746479,0.753548,0.002226,-0.003157,19.661650,-0.000900,9.829095,9.832555,0.337867,0.337943
102.666667,24.701353,3.446006,-2.746582,0.753169,0.002195,-0.003108,19.635050,-0.000836,9.815917,9.819133,0.337577,0.337648
102.700000,24.678214,3.436281,-2.746684,0.752775,0.002164,-0.003059,19.607866,-0.000774,9.802445,9.805421,0.337281,0.337346
102.733333,24.655086,3.426565,-2.746785,0.752365,0.002133,-0.003011,19.580101,-0.000712,9.788681,9.791420,0.336978,0.337038
102.766667,24.631970,3.416858,-2.746884,0.751941,0.002103,-0.002964,19.551753,-0.000651,9.774624,9.777129,0.336669,0.336724
102.800000,24.608865,3.407159,-2.746981,0.751502,0.002073,-0.002917,19.522823,-0.000592,9.760274,9.762549,0.336353,0.336403
102.833333,24.585773,3.397469,-2.747076,0.751047,0.002043,-0.002870,19.493312,-0.000533,9.745632,9.747680,0.336030,0.336075
102.866667,24.562694,3.387788,-2.747171,0.750578,0.002013,-0.002824,19.463219,-0.000474,9.730697,9.732522,0.335700,0.335741
102.900000,24.539629,3.378117,-2.747263,0.750093,0.001984,-0.002779,19.432545,-0.000417,9.715471,9.717074,0.335364,0.335400
102.933333,24.516577,3.368454,-2.747354,0.749593,0.001955,-0.002734,19.401290,-0.000360,9.699952,9.701338,0.335021,0.335052
102.966667,24.493539,3.358802,-2.747444,0.749077,0.001926,-0.002690,19.369455,-0.000304,9.684142,9.685312,0.334672,0.334698
103.000000,24.470517,3.349158,-2.747532,0.748547,0.001898,-0.002646,19.337040,-0.000249,9.668041,9.668999,0.334316,0.334337
103.033333,24.447510,3.339525,-2.747619,0.748001,0.001870,-0.002602,19.304046,-0.000195,9.651648,9.652397,0.333953,0.333969
103.066667,24.424519,3.329901,-2.747704,0.747440,0.001842,-0.002559,19.270473,-0.000141,9.634965,9.635508,0.333583,0.333595
103.100000,24.401544,3.320288,-2.747788,0.746863,0.001814,-0.002517,19.236323,-0.000088,9.617992,9.618331,0.333207,0.333214
103.133333,24.378585,3.310685,-2.747871,0.746271,0.001787,-0.002475,19.201595,-0.000036,9.600729,9.600866,0.332824,0.332827
103.166667,24.355645,3.301092,-2.747952,0.745664,0.001760,-0.002433,19.166291,0.000016,9.583176,9.583115,0.332434,0.332432
103.200000,24.332722,3.291510,-2.748031,0.745042,0.001733,-0.002392,19.130412,0.000067,9.565335,9.565077,0.332037,0.332031
103.233333,24.309817,3.281938,-2.748110,0.744404,0.001707,-0.002351,19.093958,0.000117,9.547205,9.546754,0.331634,0.331624
103.266667,24.286931,3.272377,-2.748187,0.743750,0.001681,-0.002311,19.056931,0.000167,9.528786,9.528145,0.331224,0.331209
103.300000,24.264064,3.262828,-2.748263,0.743081,0.001655,-0.002271,19.019331,0.000216,9.510081,9.509250,0.330807,0.330788
103.333333,24.241218,3.253289,-2.748337,0.742397,0.001629,-0.002232,18.981159,0.000264,9.491088,9.490071,0.330383,0.330361
103.366667,24.218391,3.243762,-2.748410,0.741697,0.001604,-0.002193,18.942418,0.000312,9.471809,9.470609,0.329953,0.329926
103.400000,24.195585,3.234246,-2.748482,0.740982,0.001579,-0.002155,18.903107,0.000359,9.452244,9.450862,0.329516,0.329485
103.433333,24.172801,3.224742,-2.748552,0.740251,0.001554,-0.002116,18.863228,0.000406,9.432394,9.430833,0.329072,0.329037
103.466667,24.150038,3.215249,-2.748622,0.739505,0.001529,-0.002079,18.822782,0.000452,9.412260,9.410522,0.328621,0.328582
103.500000,24.127298,3.205769,-2.748690,0.738743,0.001505,-0.002042,18.781771,0.000497,9.391842,9.389929,0.328164,0.328121
103.533333,24.104580,3.196300,-2.748757,0.737966,0.001480,-0.002005,18.740197,0.000542,9.371141,9.369055,0.327700,0.327653
103.566667,24.081885,3.186844,-2.748822,0.737173,0.001457,-0.001968,18.698059,0.000587,9.350158,9.347901,0.327229,0.327178
103.600000,24.059215,3.177401,-2.748887,0.736365,0.001433,-0.001932,18.655361,0.000631,9.328893,9.326468,0.326751,0.326696
103.633333,24.036568,3.167969,-2.748950,0.735541,0.001409,-0.001897,18.612104,0.000674,9.307348,9.304756,0.326266,0.326208
103.666667,24.013946,3.158551,-2.749012,0.734701,0.001386,-0.001861,18.568288,0.000717,9.285523,9.282766,0.325775,0.325713
103.700000,23.991350,3.149146,-2.749073,0.733846,0.001363,-0.001827,18.523917,0.000759,9.263418,9.260499,0.325276,0.325211
103.733333,23.968779,3.139753,-2.749133,0.732976,0.001341,-0.001792,18.478992,0.000801,9.241036,9.237955,0.324771,0.324702
103.766667,23.946234,3.130374,-2.749191,0.732089,0.001318,-0.001758,18.433513,0.000842,9.218377,9.215137,0.324260,0.324186
103.800000,23.923716,3.121008,-2.749249,0.731188,0.001296,-0.001724,18.387485,0.000883,9.195441,9.192044,0.323741,0.323664
103.833333,23.901225,3.111656,-2.749305,0.730270,0.001274,-0.001691,18.340907,0.000924,9.172230,9.168677,0.323216,0.323135
103.866667,23.878762,3.102317,-2.749360,0.729337,0.001252,-0.001658,18.293782,0.000964,9.148744,9.145038,0.322683,0.322599
103.900000,23.856327,3.092993,-2.749414,0.728389,0.001231,-0.001625,18.246113,0.001003,9.124986,9.121127,0.322144,0.322057
103.933333,23.833921,3.083682,-2.749468,0.727425,0.001210,-0.001593,18.197901,0.001042,9.100955,9.096946,0.321599,0.321508
103.966667,23.811544,3.074386,-2.749520,0.726445,0.001189,-0.001561,18.149148,0.001081,9.076653,9.072495,0.321046,0.320952
104.000000,23.789197,3.065104,-2.749571,0.725450,0.001168,-0.001530,18.099857,0.001119,9.052080,9.047776,0.320487,0.320389
104.033333,23.766880,3.055836,-2.749620,0.724439,0.001147,-0.001498,18.050029,0.001157,9.027239,9.022790,0.319921,0.319819
104.066667,23.744593,3.046584,-2.749669,0.723413,0.001127,-0.001468,17.999667,0.001194,9.002130,8.997537,0.319348,0.319243
104.100000,23.722338,3.037346,-2.749717,0.722371,0.001107,-0.001437,17.948774,0.001231,8.976755,8.972019,0.318768,0.318660
104.133333,23.700114,3.028123,-2.749764,0.721314,0.001087,-0.001407,17.897351,0.001268,8.951114,8.946237,0.318182,0.318070
104.166667,23.677923,3.018915,-2.749810,0.720241,0.001067,-0.001377,17.845401,0.001304,8.925209,8.920192,0.317588,0.317473
104.200000,23.655764,3.009723,-2.749855,0.719152,0.001048,-0.001347,17.792927,0.001340,8.899041,8.893886,0.316988,0.316870
104.233333,23.633638,3.000546,-2.749899,0.718048,0.001028,-0.001318,17.739931,0.001376,8.872611,8.867320,0.316382,0.316260
104.266667,23.611546,2.991385,-2.749942,0.716929,0.001009,-0.001289,17.686416,0.001411,8.845921,8.840495,0.315768,0.315643
104.300000,23.589487,2.982240,-2.749984,0.715794,0.000991,-0.001261,17.632384,0.001446,8.818972,8.813412,0.315148,0.315020
104.333333,23.567464,2.973111,-2.750025,0.714643,0.000972,-0.001233,17.577838,0.001480,8.791765,8.786073,0.314521,0.314390
104.366667,23.545475,2.963998,-2.750065,0.713477,0.000954,-0.001205,17.522781,0.001514,8.764303,8.758478,0.313887,0.313753
104.400000,23.523523,2.954901,-2.750104,0.712295,0.000935,-0.001177,17.467215,0.001548,8.736585,8.730630,0.313247,0.313109
104.433333,23.501606,2.945821,-2.750143,0.711099,0.000917,-0.001150,17.411144,0.001582,8.708613,8.702530,0.312600,0.312459
104.466667,23.479725,2.936758,-2.750180,0.709886,0.000900,-0.001123,17.354570,0.001615,8.680390,8.674180,0.311946,0.311802
104.500000,23.457882,2.927711,-2.750217,0.708658,0.000882,-0.001096,17.297496,0.001648,8.651917,8.645580,0.311285,0.311138
104.533333,23.436077,2.918682,-2.750252,0.707415,0.000865,-0.001070,17.239926,0.001680,8.623194,8.616732,0.310618,0.310468
104.566667,23.414309,2.909669,-2.750287,0.706157,0.000847,-0.001043,17.181862,0.001712,8.594224,8.587638,0.309944,0.309791
104.600000,23.392580,2.900674,-2.750321,0.704883,0.000830,-0.001018,17.123307,0.001744,8.565008,8.558299,0.309263,0.309107
104.633333,23.370889,2.891697,-2.750354,0.703593,0.000814,-0.000992,17.064265,0.001776,8.535548,8.528717,0.308576,0.308416
104.666667,23.349239,2.882737,-2.750386,0.702289,0.000797,-0.000967,17.004738,0.001807,8.505845,8.498893,0.307882,0.307719
104.700000,23.327628,2.873796,-2.750418,0.700969,0.000781,-0.000942,16.944730,0.001839,8.475901,8.468830,0.307181,0.307016
104.733333,23.306057,2.864872,-2.750448,0.699633,0.000764,-0.000917,16.884245,0.001869,8.445718,8.438528,0.306474,0.306305
104.766667,23.284528,2.855966,-2.750478,0.698283,0.000748,-0.000893,16.823285,0.001900,8.415297,8.407989,0.305760,0.305589
104.800000,23.263040,2.847079,-2.750507,0.696917,0.000733,-0.000868,16.761855,0.001930,8.384639,8.377215,0.305040,0.304865
104.833333,23.241593,2.838211,-2.750535,0.695536,0.000717,-0.000844,16.699957,0.001960,8.353748,8.346208,0.304313,0.304135
104.866667,23.220190,2.829361,-2.750563,0.694140,0.000701,-0.000821,16.637594,0.001990,8.322624,8.314970,0.303579,0.303398
104.900000,23.198828,2.820530,-2.750589,0.692729,0.000686,-0.000797,16.574771,0.002020,8.291270,8.283502,0.302839,0.302655
104.933333,23.177511,2.811718,-2.750615,0.691303,0.000671,-0.000774,16.511492,0.002049,8.259686,8.251805,0.302092,0.301905
104.966667,23.156237,2.802925,-2.750640,0.689861,0.000656,-0.000751,16.447758,0.002078,8.227876,8.219883,0.301339,0.301149
105.000000,23.135007,2.794152,-2.750664,0.688405,0.000641,-0.000729,16.383576,0.002107,8.195840,8.187736,0.300579,0.300386
105.033333,23.113822,2.785398,-2.750688,0.686933,0.000627,-0.000706,16.318947,0.002136,8.163580,8.155366,0.299812,0.299617
105.066667,23.092682,2.776664,-2.750711,0.685446,0.000613,-0.000684,16.253876,0.002164,8.131100,8.122776,0.299039,0.298841
105.100000,23.071588,2.767950,-2.750733,0.683945,0.000598,-0.000662,16.188367,0.002192,8.098399,8.089968,0.298260,0.298059
105.133333,23.050540,2.759256,-2.750754,0.682428,0.000584,-0.000641,16.122423,0.002220,8.065481,8.056942,0.297474,0.297270
105.166667,23.029539,2.750582,-2.750775,0.680897,0.000570,-0.000619,16.056049,0.002248,8.032348,8.023701,0.296682,0.296475
105.200000,23.008584,2.741928,-2.750795,0.679351,0.000557,-0.000598,15.989248,0.002276,7.999000,7.990248,0.295883,0.295673
105.233333,22.987677,2.733295,-2.750814,0.677789,0.000543,-0.000577,15.922025,0.002303,7.965441,7.956584,0.295078,0.294865
105.266667,22.966819,2.724683,-2.750832,0.676214,0.000530,-0.000557,15.854383,0.002330,7.931672,7.922710,0.294267,0.294051
105.300000,22.946008,2.716092,-2.750850,0.674623,0.000517,-0.000536,15.786326,0.002357,7.897696,7.888630,0.293449,0.293230
105.333333,22.925247,2.707522,-2.750868,0.673017,0.000504,-0.000516,15.717859,0.002384,7.863514,7.854345,0.292625,0.292403
105.366667,22.904535,2.698972,-2.750884,0.671397,0.000491,-0.000496,15.648986,0.002410,7.829128,7.819858,0.291794,0.291570
105.400000,22.883873,2.690445,-2.750900,0.669763,0.000478,-0.000476,15.579711,0.002437,7.794542,7.785169,0.290957,0.290730
105.433333,22.863261,2.681939,-2.750915,0.668113,0.000466,-0.000457,15.510038,0.002463,7.759755,7.750282,0.290114,0.289884
105.466667,22.842700,2.673454,-2.750930,0.666449,0.000453,-0.000437,15.439971,0.002489,7.724772,7.715199,0.289264,0.289032
105.500000,22.822190,2.664992,-2.750944,0.664771,0.000441,-0.000418,15.369516,0.002515,7.689594,7.679922,0.288409,0.288173
105.533333,22.801732,2.656551,-2.750957,0.663078,0.000429,-0.000399,15.298676,0.002541,7.654224,7.644452,0.287547,0.287308
105.566667,22.781326,2.648133,-2.750970,0.661371,0.000417,-0.000380,15.227455,0.002566,7.618662,7.608793,0.286679,0.286438
105.600000,22.760973,2.639737,-2.750982,0.659649,0.000406,-0.000362,15.155859,0.002591,7.582913,7.572946,0.285804,0.285560
105.633333,22.740673,2.631364,-2.750993,0.657913,0.000394,-0.000344,15.083891,0.002617,7.546978,7.536913,0.284924,0.284677
105.666667,22.720426,2.623013,-2.751004,0.656163,0.000383,-0.000325,15.011556,0.002642,7.510858,7.500698,0.284037,0.283788
105.700000,22.700233,2.614686,-2.751014,0.654398,0.000371,-0.000308,14.938860,0.002667,7.474558,7.464302,0.283145,0.282892
105.733333,22.680094,2.606381,-2.751024,0.652619,0.000360,-0.000290,14.865805,0.002691,7.438078,7.427727,0.282246,0.281991
105.766667,22.660011,2.598099,-2.751033,0.650827,0.000349,-0.000272,14.792398,0.002716,7.401422,7.390976,0.281341,0.281083
105.800000,22.639982,2.589841,-2.751042,0.649020,0.000339,-0.000255,14.718642,0.002740,7.364591,7.354051,0.280430,0.280169
105.833333,22.620009,2.581606,-2.751049,0.647199,0.000328,-0.000238,14.644542,0.002765,7.327588,7.316955,0.279514,0.279250
105.866667,22.600093,2.573395,-2.751057,0.645364,0.000317,-0.000221,14.570104,0.002789,7.290415,7.279689,0.278591,0.278324
105.900000,22.580233,2.565208,-2.751064,0.643515,0.000307,-0.000204,14.495332,0.002813,7.253075,7.242257,0.277662,0.277393
105.933333,22.560430,2.557045,-2.751070,0.641652,0.000297,-0.000188,14.420231,0.002837,7.215570,7.204660,0.276727,0.276455
105.966667,22.540684,2.548906,-2.751076,0.639775,0.000287,-0.000171,14.344805,0.002860,7.177903,7.166902,0.275787,0.275512
106.000000,22.520997,2.540791,-2.751081,0.637885,0.000277,-0.000155,14.269060,0.002884,7.140076,7.128984,0.274841,0.274563
106.033333,22.501368,2.532701,-2.751085,0.635981,0.000267,-0.000139,14.193000,0.002907,7.102091,7.090909,0.273888,0.273608
106.066667,22.481797,2.524636,-2.751090,0.634063,0.000257,-0.000123,14.116631,0.002931,7.063952,7.052680,0.272930,0.272647
106.100000,22.462286,2.516595,-2.751093,0.632132,0.000248,-0.000108,14.039958,0.002954,7.025659,7.014298,0.271967,0.271680
106.133333,22.442834,2.508579,-2.751096,0.630187,0.000238,-0.000092,13.962985,0.002977,6.987217,6.975768,0.270997,0.270708
106.166667,22.423442,2.500588,-2.751099,0.628229,0.000229,-0.000077,13.885718,0.003000,6.948628,6.937090,0.270022,0.269730
106.200000,22.404111,2.492623,-2.751101,0.626257,0.000220,-0.000062,13.808161,0.003023,6.909894,6.898268,0.269041,0.268747
106.233333,22.384840,2.484683,-2.751102,0.624272,0.000211,-0.000047,13.730321,0.003045,6.871017,6.859304,0.268055,0.267758
106.266667,22.365631,2.476768,-2.751103,0.622274,0.000202,-0.000032,13.652201,0.003068,6.832000,6.820201,0.267063,0.266763
106.300000,22.346483,2.468879,-2.751104,0.620262,0.000193,-0.000017,13.573808,0.003090,6.792847,6.780961,0.266066,0.265762
106.333333,22.327398,2.461017,-2.751104,0.618238,0.000185,-0.000003,13.495146,0.003113,6.753559,6.741587,0.265063,0.264757
106.366667,22.308375,2.453180,-2.751104,0.616200,0.000176,0.000011,13.416221,0.003135,6.714139,6.702082,0.264054,0.263745
106.400000,22.289415,2.445369,-2.751103,0.614149,0.000168,0.000026,13.337038,0.003157,6.674590,6.662448,0.263040,0.262729
106.433333,22.270518,2.437585,-2.751102,0.612085,0.000160,0.000039,13.257602,0.003179,6.634915,6.622688,0.262021,0.261706
106.466667,22.251685,2.429827,-2.751100,0.610009,0.000152,0.000053,13.177920,0.003201,6.595115,6.582804,0.260996,0.260679
106.500000,22.232916,2.422096,-2.751098,0.607919,0.000144,0.000067,13.097995,0.003223,6.555195,6.542800,0.259966,0.259646
106.533333,22.214212,2.414391,-2.751095,0.605817,0.000136,0.000081,13.017833,0.003244,6.515156,6.502677,0.258931,0.258608
106.566667,22.195572,2.406714,-2.751092,0.603703,0.000128,0.000094,12.937441,0.003266,6.475001,6.462440,0.257891,0.257565
106.600000,22.176998,2.399063,-2.751088,0.601575,0.000120,0.000107,12.856822,0.003287,6.434733,6.422089,0.256845,0.256516
106.633333,22.158490,2.391440,-2.751084,0.599435,0.000113,0.000120,12.775984,0.003309,6.394355,6.381629,0.255794,0.255462
106.666667,22.140047,2.383844,-2.751080,0.597283,0.000106,0.000133,12.694931,0.003330,6.353869,6.341062,0.254738,0.254404
106.700000,22.121672,2.376276,-2.751075,0.595118,0.000098,0.000146,12.613669,0.003351,6.313279,6.300390,0.253677,0.253340
106.733333,22.103363,2.368736,-2.751070,0.592941,0.000091,0.000159,12.532203,0.003372,6.272586,6.259616,0.252611,0.252271
106.766667,22.085121,2.361223,-2.751064,0.590752,0.000084,0.000171,12.450539,0.003393,6.231795,6.218744,0.251540,0.251197
106.800000,22.066947,2.353738,-2.751058,0.588551,0.000077,0.000183,12.368683,0.003414,6.190907,6.177776,0.250464,0.250118
106.833333,22.048840,2.346281,-2.751051,0.586338,0.000070,0.000196,12.286639,0.003435,6.149925,6.136715,0.249383,0.249034
106.866667,22.030803,2.338853,-2.751044,0.584112,0.000064,0.000208,12.204415,0.003455,6.108852,6.095563,0.248298,0.247946
106.900000,22.012834,2.331453,-2.751037,0.581875,0.000057,0.000220,12.122015,0.003476,6.067692,6.054323,0.247207,0.246852
106.933333,21.994934,2.324081,-2.751029,0.579626,0.000051,0.000231,12.039445,0.003496,6.026447,6.012999,0.246112,0.245754
106.966667,21.977103,2.316739,-2.751021,0.577365,0.000044,0.000243,11.956712,0.003517,5.985119,5.971593,0.245012,0.244652
107.000000,21.959343,2.309425,-2.751013,0.575093,0.000038,0.000255,11.873819,0.003537,5.943712,5.930108,0.243908,0.243544
107.033333,21.941652,2.302139,-2.751004,0.572809,0.000032,0.000266,11.790774,0.003557,5.902228,5.888546,0.242798,0.242432
107.066667,21.924032,2.294883,-2.750995,0.570513,0.000026,0.000277,11.707582,0.003577,5.860671,5.846912,0.241685,0.241316
107.100000,21.906483,2.287657,-2.750985,0.568206,0.000020,0.000288,11.624249,0.003597,5.819042,5.805207,0.240567,0.240194
107.133333,21.889006,2.280459,-2.750975,0.565888,0.000014,0.000299,11.540781,0.003617,5.777346,5.763434,0.239444,0.239069
107.166667,21.871600,2.273291,-2.750965,0.563559,0.000008,0.000310,11.457183,0.003637,5.735586,5.721597,0.238317,0.237939
107.200000,21.854266,2.266153,-2.750954,0.561218,0.000003,0.000321,11.373461,0.003657,5.693763,5.679698,0.237186,0.236805
107.233333,21.837004,2.259045,-2.750943,0.558867,-0.000003,0.000332,11.289621,0.003676,5.651880,5.637741,0.236050,0.235666
107.266667,21.819815,2.251966,-2.750931,0.556504,-0.000008,0.000342,11.205669,0.003696,5.609942,5.595727,0.234911,0.234524
107.300000,21.802699,2.244917,-2.750920,0.554131,-0.000014,0.000353,11.121612,0.003715,5.567951,5.553661,0.233767,0.233377
107.333333,21.785656,2.237899,-2.750908,0.551747,-0.000019,0.000363,11.037453,0.003735,5.525909,5.511545,0.232619,0.232226
107.366667,21.768687,2.230911,-2.750895,0.549352,-0.000024,0.000373,10.953201,0.003754,5.483819,5.469381,0.231467,0.231071
107.400000,21.751792,2.223953,-2.750882,0.546947,-0.000029,0.000383,10.868859,0.003773,5.441686,5.427174,0.230311,0.229912
107.433333,21.734971,2.217026,-2.750869,0.544531,-0.000034,0.000393,10.784436,0.003792,5.399510,5.384925,0.229151,0.228749
107.466667,21.718225,2.210129,-2.750856,0.542105,-0.000039,0.000403,10.699935,0.003811,5.357297,5.342638,0.227987,0.227582
107.500000,21.701554,2.203263,-2.750842,0.539668,-0.000044,0.000413,10.615364,0.003830,5.315048,5.300316,0.226819,0.226411
107.533333,21.684958,2.196429,-2.750828,0.537221,-0.000048,0.000422,10.530728,0.003849,5.272766,5.257962,0.225648,0.225237
107.566667,21.668438,2.189625,-2.750814,0.534765,-0.000053,0.000432,10.446033,0.003868,5.230454,5.215579,0.224473,0.224059
107.600000,21.651993,2.182852,-2.750799,0.532298,-0.000057,0.000441,10.361286,0.003886,5.188116,5.173169,0.223294,0.222877
107.633333,21.635625,2.176111,-2.750784,0.529821,-0.000062,0.000451,10.276491,0.003905,5.145755,5.130736,0.222112,0.221692
107.666667,21.619334,2.169401,-2.750769,0.527335,-0.000066,0.000460,10.191656,0.003923,5.103373,5.088283,0.220926,0.220503
107.700000,21.603119,2.162722,-2.750753,0.524839,-0.000070,0.000469,10.106785,0.003942,5.060973,5.045812,0.219737,0.219311
107.733333,21.586981,2.156075,-2.750737,0.522333,-0.000074,0.000478,10.021886,0.003960,5.018558,5.003327,0.218544,0.218115
107.766667,21.570921,2.149460,-2.750721,0.519818,-0.000078,0.000487,9.936964,0.003978,4.976132,4.960831,0.217349,0.216917
107.800000,21.554939,2.142877,-2.750704,0.517293,-0.000082,0.000496,9.852024,0.003996,4.933698,4.918327,0.216150,0.215714
107.833333,21.539034,2.136326,-2.750687,0.514759,-0.000086,0.000504,9.767074,0.004014,4.891257,4.875817,0.214947,0.214509
107.866667,21.523208,2.129807,-2.750670,0.512216,-0.000090,0.000513,9.682119,0.004032,4.848814,4.833305,0.213742,0.213301
107.900000,21.507460,2.123320,-2.750653,0.509664,-0.000094,0.000521,9.597165,0.004050,4.806372,4.790794,0.212534,0.212090
107.933333,21.491792,2.116865,-2.750635,0.507103,-0.000097,0.000530,9.512219,0.004068,4.763932,4.748286,0.211323,0.210875
107.966667,21.476202,2.110443,-2.750617,0.504533,-0.000101,0.000538,9.427285,0.004086,4.721500,4.705785,0.210108,0.209658
108.000000,21.460692,2.104053,-2.750599,0.501955,-0.000104,0.000546,9.342371,0.004103,4.679076,4.663294,0.208892,0.208438
108.033333,21.445261,2.097696,-2.750581,0.499367,-0.000108,0.000554,9.257481,0.004121,4.636665,4.620816,0.207672,0.207215
108.066667,21.429911,2.091372,-2.750562,0.496772,-0.000111,0.000562,9.172623,0.004138,4.594270,4.578354,0.206450,0.205990
108.100000,21.414640,2.085080,-2.750543,0.494168,-0.000114,0.000570,9.087803,0.004156,4.551893,4.535910,0.205225,0.204762
108.133333,21.399450,2.078822,-2.750524,0.491555,-0.000117,0.000578,9.003025,0.004173,4.509537,4.493488,0.203997,0.203532
108.166667,21.384341,2.072596,-2.750504,0.488935,-0.000121,0.000586,8.918297,0.004190,4.467206,4.451091,0.202768,0.202299
108.200000,21.369313,2.066404,-2.750484,0.486306,-0.000124,0.000593,8.833624,0.004207,4.424902,4.408721,0.201535,0.201063
108.233333,21.354366,2.060245,-2.750464,0.483670,-0.000126,0.000601,8.749012,0.004224,4.382629,4.366383,0.200301,0.199826
108.266667,21.339500,2.054119,-2.750444,0.481025,-0.000129,0.000608,8.664468,0.004241,4.340390,4.324078,0.199064,0.198586
108.300000,21.324716,2.048027,-2.750424,0.478373,-0.000132,0.000616,8.579997,0.004258,4.298186,4.281810,0.197826,0.197344
108.333333,21.310014,2.041968,-2.750403,0.475714,-0.000135,0.000623,8.495605,0.004274,4.256023,4.239582,0.196585,0.196100
108.366667,21.295395,2.035943,-2.750382,0.473047,-0.000137,0.000630,8.411299,0.004291,4.213901,4.197397,0.195342,0.194854
108.400000,21.280857,2.029951,-2.750361,0.470372,-0.000140,0.000637,8.327084,0.004308,4.171826,4.155258,0.194098,0.193607
108.433333,21.266402,2.023994,-2.750339,0.467691,-0.000143,0.000644,8.242966,0.004324,4.129798,4.113168,0.192851,0.192357
108.466667,21.252030,2.018070,-2.750317,0.465002,-0.000145,0.000651,8.158951,0.004340,4.087823,4.071129,0.191603,0.191106
108.500000,21.237742,2.012180,-2.750295,0.462306,-0.000147,0.000658,8.075046,0.004357,4.045901,4.029145,0.190354,0.189853
108.533333,21.223536,2.006325,-2.750273,0.459604,-0.000150,0.000665,7.991256,0.004373,4.004037,3.987219,0.189102,0.188599
108.566667,21.209414,2.000503,-2.750251,0.456895,-0.000152,0.000672,7.907587,0.004389,3.962234,3.945353,0.187850,0.187343
108.600000,21.195375,1.994716,-2.750228,0.454179,-0.000154,0.000678,7.824046,0.004405,3.920494,3.903552,0.186596,0.186086
108.633333,21.181421,1.988963,-2.750206,0.451456,-0.000156,0.000685,7.740637,0.004421,3.878820,3.861817,0.185340,0.184827
108.666667,21.167550,1.983244,-2.750182,0.448728,-0.000158,0.000691,7.657367,0.004437,3.837215,3.820152,0.184084,0.183567
108.700000,21.153764,1.977560,-2.750159,0.445993,-0.000160,0.000698,7.574242,0.004452,3.795683,3.778559,0.182826,0.182307
108.733333,21.140062,1.971911,-2.750136,0.443252,-0.000162,0.000704,7.491268,0.004468,3.754226,3.737042,0.181567,0.181045
108.766667,21.126445,1.966296,-2.750112,0.440505,-0.000164,0.000710,7.408450,0.004483,3.712847,3.695603,0.180308,0.179782
108.800000,21.112913,1.960716,-2.750088,0.437753,-0.000166,0.000716,7.325795,0.004499,3.671549,3.654246,0.179048,0.178518
108.833333,21.099466,1.955170,-2.750064,0.434994,-0.000167,0.000722,7.243309,0.004514,3.630335,3.612973,0.177786,0.177254
108.866667,21.086104,1.949660,-2.750040,0.432230,-0.000169,0.000729,7.160996,0.004529,3.589208,3.571788,0.176525,0.175989
108.900000,21.072827,1.944184,-2.750015,0.429461,-0.000171,0.000734,7.078864,0.004544,3.548171,3.530693,0.175262,0.174724
108.933333,21.059636,1.938743,-2.749991,0.426687,-0.000172,0.000740,6.996917,0.004559,3.507227,3.489690,0.174000,0.173458
108.966667,21.046530,1.933338,-2.749966,0.423907,-0.000174,0.000746,6.915162,0.004574,3.466378,3.448784,0.172736,0.172191
109.000000,21.033510,1.927967,-2.749941,0.421122,-0.000175,0.000752,6.833605,0.004589,3.425628,3.407977,0.171473,0.170925
109.033333,21.020577,1.922632,-2.749915,0.418333,-0.000176,0.000758,6.752251,0.004604,3.384979,3.367272,0.170210,0.169658
109.066667,21.007729,1.917332,-2.749890,0.415538,-0.000178,0.000763,6.671106,0.004619,3.344435,3.326671,0.168946,0.168391
109.100000,20.994968,1.912067,-2.749864,0.412739,-0.000179,0.000769,6.590175,0.004633,3.303997,3.286178,0.167682,0.167124
109.133333,20.982293,1.906838,-2.749839,0.409936,-0.000180,0.000774,6.509465,0.004648,3.263670,3.245795,0.166419,0.165858
109.166667,20.969705,1.901644,-2.749813,0.407128,-0.000181,0.000780,6.428981,0.004662,3.223455,3.205525,0.165156,0.164591
109.200000,20.957203,1.896485,-2.749786,0.404317,-0.000182,0.000785,6.348729,0.004676,3.183357,3.165372,0.163893,0.163325
109.233333,20.944788,1.891362,-2.749760,0.401501,-0.000183,0.000790,6.268714,0.004690,3.143376,3.125337,0.162630,0.162059
109.266667,20.932460,1.886275,-2.749734,0.398681,-0.000184,0.000796,6.188942,0.004704,3.103517,3.085425,0.161368,0.160794
109.300000,20.920220,1.881223,-2.749707,0.395858,-0.000185,0.000801,6.109419,0.004718,3.063782,3.045636,0.160107,0.159530
109.333333,20.908066,1.876207,-2.749680,0.393031,-0.000186,0.000806,6.030150,0.004732,3.024174,3.005975,0.158846,0.158266
109.366667,20.895999,1.871226,-2.749653,0.390200,-0.000187,0.000811,5.951141,0.004745,2.984696,2.966445,0.157586,0.157003
109.400000,20.884020,1.866282,-2.749626,0.387366,-0.000188,0.000816,5.872397,0.004759,2.945350,2.927047,0.156327,0.155741
109.433333,20.872129,1.861373,-2.749598,0.384530,-0.000189,0.000821,5.793924,0.004772,2.906140,2.887785,0.155070,0.154480
109.466667,20.860325,1.856500,-2.749571,0.381690,-0.000189,0.000826,5.715728,0.004786,2.867067,2.848661,0.153813,0.153220
109.500000,20.848608,1.851663,-2.749543,0.378847,-0.000190,0.000830,5.637813,0.004799,2.828135,2.809678,0.152558,0.151961
109.533333,20.836980,1.846861,-2.749515,0.376002,-0.000190,0.000835,5.560186,0.004812,2.789347,2.770839,0.151303,0.150704
109.566667,20.825439,1.842096,-2.749487,0.373154,-0.000191,0.000840,5.482851,0.004825,2.750704,2.732147,0.150051,0.149448
109.600000,20.813986,1.837367,-2.749459,0.370303,-0.000191,0.000844,5.405815,0.004838,2.712210,2.693604,0.148800,0.148194
109.633333,20.802621,1.832674,-2.749431,0.367451,-0.000192,0.000849,5.329082,0.004850,2.673868,2.655213,0.147550,0.146941
109.666667,20.791344,1.828016,-2.749403,0.364596,-0.000192,0.000853,5.252657,0.004863,2.635680,2.616977,0.146303,0.145691
109.700000,20.780155,1.823395,-2.749374,0.361740,-0.000193,0.000858,5.176547,0.004875,2.597649,2.578898,0.145057,0.144442
109.733333,20.769054,1.818810,-2.749345,0.358881,-0.000193,0.000862,5.100757,0.004888,2.559778,2.540979,0.143814,0.143195
109.766667,20.758042,1.814261,-2.749316,0.356021,-0.000193,0.000867,5.025291,0.004900,2.522068,2.503223,0.142572,0.141950
109.800000,20.747118,1.809749,-2.749287,0.353160,-0.000194,0.000871,4.950155,0.004912,2.484523,2.465632,0.141333,0.140708
109.833333,20.736282,1.805272,-2.749258,0.350297,-0.000194,0.000875,4.875354,0.004924,2.447146,2.428208,0.140096,0.139468
109.866667,20.725534,1.800831,-2.749229,0.347434,-0.000194,0.000879,4.800893,0.004935,2.409938,2.390955,0.138861,0.138230
109.900000,20.714875,1.796427,-2.749199,0.344569,-0.000194,0.000883,4.726778,0.004947,2.372902,2.353875,0.137629,0.136995
109.933333,20.704304,1.792059,-2.749170,0.341703,-0.000194,0.000888,4.653013,0.004958,2.336042,2.316971,0.136400,0.135763
109.966667,20.693821,1.787727,-2.749140,0.338837,-0.000194,0.000892,4.579604,0.004970,2.299359,2.280245,0.135174,0.134533
110.000000,20.683427,1.783432,-2.749110,0.335970,-0.000194,0.000895,4.506556,0.004981,2.262857,2.243699,0.133950,0.133307
110.033333,20.673121,1.779172,-2.749080,0.333103,-0.000194,0.000899,4.433873,0.004992,2.226536,2.207337,0.132730,0.132083
110.066667,20.662904,1.774949,-2.749050,0.330236,-0.000194,0.000903,4.361561,0.005003,2.190401,2.171160,0.131512,0.130863
110.100000,20.652775,1.770763,-2.749020,0.327369,-0.000194,0.000907,4.289625,0.005013,2.154453,2.135171,0.130298,0.129645
110.133333,20.642735,1.766612,-2.748989,0.324502,-0.000194,0.000911,4.218069,0.005024,2.118696,2.099373,0.129087,0.128432
110.166667,20.632783,1.762498,-2.748959,0.321636,-0.000193,0.000914,4.146899,0.005034,2.083130,2.063768,0.127880,0.127221
110.200000,20.622919,1.758419,-2.748928,0.318770,-0.000193,0.000918,4.076118,0.005044,2.047760,2.028359,0.126676,0.126015
110.233333,20.613144,1.754378,-2.748898,0.315904,-0.000193,0.000922,4.005734,0.005054,2.012586,1.993147,0.125476,0.124812
110.266667,20.603457,1.750372,-2.748867,0.313040,-0.000193,0.000925,3.935749,0.005064,1.977612,1.958136,0.124280,0.123613
110.300000,20.593858,1.746403,-2.748836,0.310176,-0.000192,0.000929,3.866168,0.005073,1.942841,1.923328,0.123088,0.122418
110.333333,20.584348,1.742469,-2.748805,0.307314,-0.000192,0.000932,3.796997,0.005083,1.908273,1.888724,0.121900,0.121227
110.366667,20.574926,1.738572,-2.748774,0.304453,-0.000191,0.000936,3.728240,0.005092,1.873912,1.854328,0.120716,0.120040
110.400000,20.565592,1.734712,-2.748742,0.301594,-0.000191,0.000939,3.659902,0.005101,1.839760,1.820142,0.119536,0.118857
110.433333,20.556346,1.730887,-2.748711,0.298737,-0.000190,0.000942,3.591987,0.005109,1.805819,1.786168,0.118361,0.117679
110.466667,20.547189,1.727099,-2.748679,0.295881,-0.000190,0.000945,3.524500,0.005118,1.772092,1.752408,0.117190,0.116506
110.500000,20.538119,1.723346,-2.748648,0.293027,-0.000189,0.000949,3.457446,0.005126,1.738581,1.718865,0.116024,0.115337
110.533333,20.529138,1.719630,-2.748616,0.290176,-0.000189,0.000952,3.390828,0.005134,1.705287,1.685541,0.114863,0.114173
110.566667,20.520244,1.715950,-2.748584,0.287327,-0.000188,0.000955,3.324652,0.005142,1.672214,1.652438,0.113707,0.113014
110.600000,20.511438,1.712306,-2.748552,0.284481,-0.000188,0.000958,3.258922,0.005149,1.639363,1.619559,0.112556,0.111860
110.633333,20.502720,1.708698,-2.748520,0.281638,-0.000187,0.000961,3.193642,0.005156,1.606737,1.586905,0.111409,0.110711
110.666667,20.494089,1.705126,-2.748488,0.278797,-0.000186,0.000964,3.128816,0.005163,1.574337,1.554479,0.110268,0.109568
110.700000,20.485546,1.701589,-2.748456,0.275960,-0.000186,0.000967,3.064450,0.005169,1.542166,1.522284,0.109133,0.108430
110.733333,20.477091,1.698089,-2.748424,0.273126,-0.000185,0.000970,3.000547,0.005176,1.510227,1.490320,0.108003,0.107297
110.766667,20.468722,1.694625,-2.748391,0.270296,-0.000184,0.000972,2.937111,0.005182,1.478520,1.458591,0.106878,0.106170
110.800000,20.460441,1.691196,-2.748359,0.267469,-0.000183,0.000975,2.874147,0.005187,1.447048,1.427098,0.105760,0.105049
110.833333,20.452247,1.687804,-2.748326,0.264647,-0.000182,0.000978,2.811658,0.005192,1.415814,1.395844,0.104647,0.103934
110.866667,20.444140,1.684447,-2.748293,0.261828,-0.000182,0.000980,2.749650,0.005197,1.384819,1.364831,0.103540,0.102825
110.900000,20.436120,1.681125,-2.748261,0.259014,-0.000181,0.000983,2.688125,0.005201,1.354066,1.334060,0.102439,0.101722
110.933333,20.428187,1.677840,-2.748228,0.256204,-0.000180,0.000985,2.627089,0.005205,1.323555,1.303534,0.101345,0.100625
110.966667,20.420340,1.674589,-2.748195,0.253399,-0.000179,0.000988,2.566545,0.005209,1.293290,1.273255,0.100256,0.099535
111.000000,20.412579,1.671375,-2.748162,0.250598,-0.000178,0.000990,2.506497,0.005212,1.263272,1.243225,0.099175,0.098451
111.033333,20.404905,1.668196,-2.748129,0.247803,-0.000177,0.000993,2.446949,0.005215,1.233503,1.213446,0.098099,0.097374
111.066667,20.397317,1.665052,-2.748096,0.245013,-0.000176,0.000995,2.387904,0.005217,1.203985,1.183919,0.097031,0.096303
111.100000,20.389815,1.661944,-2.748062,0.242228,-0.000175,0.000997,2.329368,0.005219,1.174720,1.154648,0.095969,0.095240
111.133333,20.382398,1.658871,-2.748029,0.239449,-0.000174,0.000999,2.271343,0.005220,1.145709,1.125633,0.094914,0.094183
111.166667,20.375067,1.655833,-2.747996,0.236676,-0.000173,0.001001,2.213833,0.005220,1.116956,1.096878,0.093867,0.093134
111.200000,20.367822,1.652830,-2.747962,0.233909,-0.000171,0.001003,2.156843,0.005220,1.088460,1.068383,0.092826,0.092092
111.233333,20.360662,1.649862,-2.747929,0.231148,-0.000170,0.001005,2.100375,0.005220,1.060225,1.040150,0.091793,0.091057
111.266667,20.353586,1.646930,-2.747895,0.228394,-0.000169,0.001007,2.044434,0.005218,1.032252,1.012182,0.090767,0.090029
111.300000,20.346596,1.644032,-2.747862,0.225646,-0.000168,0.001009,1.989023,0.005216,1.004542,0.984480,0.089749,0.089010
111.333333,20.339690,1.641169,-2.747828,0.222905,-0.000167,0.001011,1.934145,0.005213,0.977098,0.957047,0.088738,0.087998
111.366667,20.332868,1.638341,-2.747794,0.220171,-0.000166,0.001012,1.879805,0.005210,0.949921,0.929883,0.087735,0.086994
111.400000,20.326131,1.635547,-2.747760,0.217444,-0.000164,0.001014,1.826005,0.005206,0.923013,0.902992,0.086740,0.085998
111.433333,20.319478,1.632788,-2.747726,0.214724,-0.000163,0.001016,1.772749,0.005200,0.896376,0.876374,0.085752,0.085010
111.466667,20.312908,1.630064,-2.747693,0.212013,-0.000162,0.001017,1.720041,0.005194,0.870010,0.850032,0.084773,0.084030
111.500000,20.306422,1.627373,-2.747659,0.209309,-0.000161,0.001018,1.667884,0.005187,0.843918,0.823967,0.083802,0.083058
111.533333,20.300019,1.624718,-2.747625,0.206613,-0.000159,0.001020,1.616282,0.005179,0.818101,0.798181,0.082840,0.082096
111.566667,20.293698,1.622096,-2.747591,0.203925,-0.000158,0.001021,1.565236,0.005170,0.792561,0.772675,0.081885,0.081141
111.600000,20.287461,1.619508,-2.747557,0.201246,-0.000157,0.001022,1.514752,0.005160,0.767299,0.747453,0.080940,0.080195
111.633333,20.281306,1.616955,-2.747522,0.198575,-0.000155,0.001023,1.464832,0.005149,0.742317,0.722514,0.080003,0.079259
111.666667,20.275233,1.614435,-2.747488,0.195913,-0.000154,0.001024,1.415479,0.005136,0.717617,0.697862,0.079074,0.078331
111.700000,20.269242,1.611949,-2.747454,0.193260,-0.000152,0.001025,1.366696,0.005122,0.693199,0.673497,0.078155,0.077412
111.733333,20.263333,1.609497,-2.747420,0.190617,-0.000151,0.001026,1.318487,0.005107,0.669065,0.649422,0.077245,0.076502
111.766667,20.257505,1.607078,-2.747386,0.187983,-0.000149,0.001026,1.270855,0.005091,0.645217,0.625638,0.076343,0.075602
111.800000,20.251758,1.604693,-2.747352,0.185359,-0.000148,0.001027,1.223802,0.005072,0.621656,0.602146,0.075451,0.074711
111.833333,20.246092,1.602340,-2.747317,0.182744,-0.000147,0.001027,1.177332,0.005053,0.598383,0.578949,0.074568,0.073830
111.866667,20.240506,1.600022,-2.747283,0.180140,-0.000145,0.001027,1.131448,0.005031,0.575399,0.556048,0.073695,0.072958
111.900000,20.235000,1.597736,-2.747249,0.177546,-0.000143,0.001027,1.086152,0.005008,0.552707,0.533445,0.072831,0.072096
111.933333,20.229574,1.595483,-2.747215,0.174963,-0.000142,0.001027,1.041447,0.004983,0.530306,0.511141,0.071976,0.071244
111.966667,20.224228,1.593263,-2.747180,0.172391,-0.000140,0.001027,0.997337,0.004956,0.508199,0.489138,0.071131,0.070402
112.000000,20.218960,1.591075,-2.747146,0.169829,-0.000139,0.001027,0.953824,0.004927,0.486386,0.467437,0.070297,0.069570
112.033333,20.213772,1.588920,-2.747112,0.167279,-0.000137,0.001026,0.910911,0.004895,0.464870,0.446041,0.069472,0.068748
112.066667,20.208661,1.586798,-2.747078,0.164740,-0.000136,0.001026,0.868600,0.004862,0.443650,0.424951,0.068656,0.067937
112.100000,20.203629,1.584707,-2.747044,0.162213,-0.000134,0.001025,0.826895,0.004826,0.422727,0.404167,0.067852,0.067136
112.133333,20.198674,1.582649,-2.747009,0.159697,-0.000132,0.001024,0.785798,0.004787,0.402105,0.383693,0.067057,0.066346
112.166667,20.193797,1.580622,-2.746975,0.157194,-0.000131,0.001023,0.745311,0.004746,0.381782,0.363529,0.066272,0.065567
112.200000,20.188997,1.578628,-2.746941,0.154703,-0.000129,0.001021,0.705438,0.004701,0.361760,0.343678,0.065498,0.064798
112.233333,20.184273,1.576665,-2.746907,0.152224,-0.000127,0.001020,0.666180,0.004654,0.342041,0.324139,0.064735,0.064040
112.266667,20.179625,1.574733,-2.746873,0.149759,-0.000126,0.001018,0.627541,0.004604,0.322625,0.304917,0.063982,0.063294
112.300000,20.175053,1.572833,-2.746839,0.147306,-0.000124,0.001016,0.589523,0.004550,0.303512,0.286011,0.063239,0.062558
112.333333,20.170557,1.570964,-2.746806,0.144867,-0.000122,0.001014,0.552128,0.004494,0.284705,0.267423,0.062507,0.061834
112.366667,20.166135,1.569126,-2.746772,0.142441,-0.000121,0.001011,0.515359,0.004433,0.266204,0.249155,0.061787,0.061121
112.400000,20.161788,1.567319,-2.746738,0.140028,-0.000119,0.001008,0.479219,0.004369,0.248010,0.231208,0.061077,0.060420
112.433333,20.157515,1.565543,-2.746705,0.137630,-0.000117,0.001005,0.443708,0.004300,0.230124,0.213584,0.060378,0.059730
112.466667,20.153316,1.563796,-2.746671,0.135245,-0.000115,0.001002,0.408831,0.004228,0.212546,0.196285,0.059690,0.059052
112.500000,20.149190,1.562081,-2.746638,0.132875,-0.000114,0.000998,0.374590,0.004151,0.195278,0.179312,0.059013,0.058386
112.533333,20.145136,1.560395,-2.746605,0.130520,-0.000112,0.000994,0.340986,0.004070,0.178320,0.162666,0.058347,0.057732
112.566667,20.141155,1.558739,-2.746572,0.128180,-0.000110,0.000990,0.308022,0.003984,0.161673,0.146348,0.057693,0.057090
112.600000,20.137246,1.557113,-2.746539,0.125854,-0.000108,0.000985,0.275700,0.003894,0.145338,0.130362,0.057050,0.056460
112.633333,20.133408,1.555517,-2.746507,0.123544,-0.000106,0.000980,0.244022,0.003798,0.129315,0.114706,0.056419,0.055842
112.666667,20.129642,1.553950,-2.746474,0.121249,-0.000105,0.000975,0.212991,0.003698,0.113606,0.099385,0.055799,0.055237
112.700000,20.125945,1.552412,-2.746442,0.118970,-0.000103,0.000969,0.182609,0.003592,0.098211,0.084397,0.055191,0.054644
112.733333,20.122319,1.550903,-2.746410,0.116707,-0.000101,0.000963,0.152877,0.003480,0.083131,0.069746,0.054594,0.054064
112.766667,20.118762,1.549423,-2.746378,0.114461,-0.000099,0.000956,0.123799,0.003363,0.068367,0.055432,0.054010,0.053497
112.800000,20.115273,1.547971,-2.746346,0.112231,-0.000097,0.000949,0.095376,0.003240,0.053919,0.041457,0.053437,0.052942
112.833333,20.111854,1.546548,-2.746315,0.110017,-0.000095,0.000941,0.067610,0.003112,0.039789,0.027821,0.052876,0.052400
112.866667,20.108502,1.545152,-2.746284,0.107821,-0.000093,0.000933,0.040503,0.002977,0.025976,0.014527,0.052327,0.051871
112.900000,20.105217,1.543785,-2.746253,0.105641,-0.000091,0.000925,0.014058,0.002836,0.012483,0.001575,0.051790,0.051355
112.933333,20.102000,1.542446,-2.746222,0.103480,-0.000089,0.000916,-0.011724,0.002689,-0.000691,-0.011034,0.000000,-0.043925
112.966667,20.098848,1.541134,-2.746192,0.101335,-0.000088,0.000906,-0.036841,0.002536,-0.013543,-0.023297,-0.044056,-0.044564
113.000000,20.095763,1.539849,-2.746162,0.099209,-0.000086,0.000896,-0.061290,0.002377,-0.026074,-0.035216,-0.044709,-0.045184
113.033333,20.092743,1.538591,-2.746133,0.097101,-0.000084,0.000885,-0.085070,0.002211,-0.038282,-0.046788,-0.045344,-0.045785
113.066667,20.089787,1.537360,-2.746104,0.095012,-0.000082,0.000874,-0.108179,0.002040,-0.050167,-0.058012,-0.045961,-0.046368
113.100000,20.086895,1.536156,-2.746075,0.092941,-0.000080,0.000862,-0.130614,0.001862,-0.061726,-0.068888,-0.046560,-0.046931
113.133333,20.084067,1.534978,-2.746047,0.090889,-0.000078,0.000849,-0.152374,0.001679,-0.072958,-0.079416,-0.047142,-0.047476
113.166667,20.081301,1.533826,-2.746019,0.088856,-0.000076,0.000836,-0.173457,0.001490,-0.083864,-0.089594,-0.047706,-0.048002
113.200000,20.078598,1.532700,-2.745991,0.086842,-0.000074,0.000822,-0.193861,0.001295,-0.094440,-0.099422,-0.048252,-0.048509
113.233333,20.075957,1.531599,-2.745964,0.084849,-0.000072,0.000807,-0.213585,0.001096,-0.104685,-0.108900,-0.048780,-0.048997
113.266667,20.073377,1.530524,-2.745938,0.082875,-0.000070,0.000792,-0.232625,0.000891,-0.114598,-0.118027,-0.049291,-0.049467
113.300000,20.070857,1.529474,-2.745912,0.080921,-0.000068,0.000776,-0.250981,0.000683,-0.124177,-0.126804,-0.049784,-0.049919
113.333333,20.068397,1.528449,-2.745887,0.078988,-0.000066,0.000759,-0.268650,0.000470,-0.133421,-0.135229,-0.050259,-0.050352
113.366667,20.065996,1.527448,-2.745862,0.077075,-0.000064,0.000742,-0.285631,0.000254,-0.142326,-0.143305,-0.050716,-0.050766
113.400000,20.063654,1.526472,-2.745838,0.075184,-0.000062,0.000724,-0.301921,0.000036,-0.150892,-0.151029,-0.051155,-0.051162
113.433333,20.061369,1.525520,-2.745814,0.073313,-0.000060,0.000705,-0.317520,-0.000185,-0.159115,-0.158404,-0.051576,-0.051540
113.466667,20.059142,1.524591,-2.745792,0.071464,-0.000058,0.000686,-0.332424,-0.000407,-0.166994,-0.165429,-0.051979,-0.051899
113.500000,20.056972,1.523686,-2.745769,0.069637,-0.000056,0.000666,-0.346632,-0.000629,-0.174526,-0.172106,-0.052364,-0.052241
113.533333,20.054857,1.522805,-2.745748,0.067832,-0.000054,0.000646,-0.360143,-0.000851,-0.181709,-0.178434,-0.052731,-0.052564
113.566667,20.052798,1.521946,-2.745727,0.066048,-0.000053,0.000624,-0.372953,-0.001072,-0.188538,-0.184415,-0.053080,-0.052869
113.600000,20.050793,1.521110,-2.745707,0.064288,-0.000051,0.000602,-0.385063,-0.001291,-0.195013,-0.190049,-0.053410,-0.053157
113.633333,20.048842,1.520296,-2.745688,0.062550,-0.000049,0.000580,-0.396468,-0.001506,-0.201130,-0.195338,-0.053722,-0.053426
113.666667,20.046944,1.519505,-2.745669,0.060835,-0.000047,0.000557,-0.407169,-0.001717,-0.206886,-0.200283,-0.054015,-0.053678
113.700000,20.045098,1.518735,-2.745651,0.059144,-0.000045,0.000534,-0.417162,-0.001922,-0.212277,-0.204885,-0.054289,-0.053913
113.733333,20.043305,1.517987,-2.745634,0.057475,-0.000043,0.000510,-0.426446,-0.002121,-0.217301,-0.209145,-0.054544,-0.054130
113.766667,20.041562,1.517260,-2.745618,0.055831,-0.000042,0.000486,-0.435019,-0.002312,-0.221955,-0.213064,-0.054781,-0.054329
113.800000,20.039869,1.516553,-2.745603,0.054211,-0.000040,0.000461,-0.442879,-0.002494,-0.226236,-0.216644,-0.054998,-0.054511
113.833333,20.038226,1.515868,-2.745588,0.052615,-0.000038,0.000436,-0.450024,-0.002666,-0.230139,-0.219885,-0.055196,-0.054676
113.866667,20.036632,1.515203,-2.745575,0.051044,-0.000036,0.000411,-0.456452,-0.002827,-0.233663,-0.222789,-0.055375,-0.054823
113.900000,20.035085,1.514557,-2.745562,0.049497,-0.000035,0.000386,-0.462162,-0.002976,-0.236804,-0.225357,-0.055534,-0.054954
113.933333,20.033586,1.513932,-2.745550,0.047976,-0.000033,0.000360,-0.467150,-0.003112,-0.239560,-0.227590,-0.055674,-0.055067
113.966667,20.032133,1.513325,-2.745538,0.046480,-0.000032,0.000335,-0.471415,-0.003234,-0.241927,-0.229488,-0.055794,-0.055163
114.000000,20.030726,1.512738,-2.745528,0.045010,-0.000030,0.000310,-0.474955,-0.003341,-0.243902,-0.231053,-0.055894,-0.055243
114.033333,20.029364,1.512170,-2.745519,0.043566,-0.000029,0.000285,-0.477768,-0.003432,-0.245485,-0.232284,-0.055974,-0.055305
114.066667,20.028046,1.511619,-2.745510,0.042148,-0.000027,0.000260,-0.479852,-0.003507,-0.246671,-0.233181,-0.056034,-0.055351
114.100000,20.026771,1.511087,-2.745502,0.040756,-0.000026,0.000235,-0.481205,-0.003566,-0.247459,-0.233745,-0.056074,-0.055379
114.133333,20.025538,1.510572,-2.745495,0.039392,-0.000025,0.000211,-0.481824,-0.003607,-0.247848,-0.233976,-0.056094,-0.055391
114.166667,20.024347,1.510075,-2.745489,0.038054,-0.000023,0.000187,-0.481707,-0.003631,-0.247836,-0.233871,-0.056093,-0.055386
114.200000,20.023197,1.509595,-2.745483,0.036744,-0.000022,0.000163,-0.480852,-0.003637,-0.247421,-0.233432,-0.056072,-0.055363
114.233333,20.022086,1.509131,-2.745479,0.035461,-0.000021,0.000141,-0.479257,-0.003626,-0.246602,-0.232655,-0.056031,-0.055324
114.266667,20.021015,1.508684,-2.745475,0.034206,-0.000020,0.000118,-0.476920,-0.003598,-0.245379,-0.231540,-0.055969,-0.055267
114.300000,20.019982,1.508253,-2.745472,0.032979,-0.000019,0.000097,-0.473837,-0.003553,-0.243752,-0.230085,-0.055887,-0.055194
114.333333,20.018986,1.507837,-2.745469,0.031781,-0.000018,0.000077,-0.470007,-0.003492,-0.241720,-0.228287,-0.055784,-0.055102
114.366667,20.018026,1.507436,-2.745467,0.030611,-0.000017,0.000057,-0.465428,-0.003416,-0.239283,-0.226144,-0.055660,-0.054994
114.400000,20.017102,1.507050,-2.745466,0.029471,-0.000016,0.000038,-0.460096,-0.003325,-0.236443,-0.223653,-0.055516,-0.054867
114.433333,20.016213,1.506679,-2.745465,0.028360,-0.000015,0.000021,-0.454009,-0.003221,-0.233199,-0.220810,-0.055352,-0.054723
114.466667,20.015357,1.506322,-2.745465,0.027278,-0.000015,0.000004,-0.447165,-0.003104,-0.229552,-0.217613,-0.055167,-0.054560
114.500000,20.014535,1.505978,-2.745465,0.026226,-0.000014,-0.000012,-0.439560,-0.002976,-0.225504,-0.214057,-0.054961,-0.054379
114.533333,20.013744,1.505648,-2.745466,0.025204,-0.000013,-0.000026,-0.431193,-0.002838,-0.221055,-0.210138,-0.054735,-0.054180
114.566667,20.012984,1.505330,-2.745468,0.024213,-0.000013,-0.000040,-0.422061,-0.002692,-0.216208,-0.205853,-0.054489,-0.053962
114.600000,20.012254,1.505025,-2.745469,0.023252,-0.000012,-0.000052,-0.412160,-0.002539,-0.210963,-0.201197,-0.054222,-0.053725
114.633333,20.011553,1.504733,-2.745472,0.022323,-0.000012,-0.000064,-0.401487,-0.002380,-0.205321,-0.196166,-0.053935,-0.053469
114.666667,20.010880,1.504452,-2.745474,0.021425,-0.000012,-0.000074,-0.390041,-0.002218,-0.199286,-0.190755,-0.053628,-0.053193
114.700000,20.010235,1.504182,-2.745477,0.020558,-0.000011,-0.000083,-0.377817,-0.002053,-0.192857,-0.184960,-0.053300,-0.052897
114.733333,20.009615,1.503924,-2.745480,0.019723,-0.000011,-0.000091,-0.364813,-0.001888,-0.186036,-0.178777,-0.052952,-0.052582
114.766667,20.009021,1.503676,-2.745483,0.018920,-0.000011,-0.000098,-0.351025,-0.001722,-0.178825,-0.172200,-0.052584,-0.052246
114.800000,20.008451,1.503437,-2.745487,0.018150,-0.000011,-0.000104,-0.336451,-0.001559,-0.171224,-0.165227,-0.052196,-0.051889
114.833333,20.007904,1.503209,-2.745490,0.017413,-0.000011,-0.000109,-0.321087,-0.001400,-0.163235,-0.157852,-0.051787,-0.051512
114.866667,20.007379,1.502990,-2.745494,0.016708,-0.000011,-0.000113,-0.304929,-0.001244,-0.154857,-0.150072,-0.051358,-0.051113
114.900000,20.006876,1.502780,-2.745498,0.016037,-0.000011,-0.000116,-0.287974,-0.001094,-0.146091,-0.141883,-0.050909,-0.050693
114.933333,20.006392,1.502578,-2.745502,0.015400,-0.000011,-0.000118,-0.270218,-0.000951,-0.136937,-0.133281,-0.050439,-0.050252
114.966667,20.005928,1.502384,-2.745506,0.014796,-0.000011,-0.000120,-0.251658,-0.000814,-0.127394,-0.124264,-0.049949,-0.049788
115.000000,20.005482,1.502198,-2.745510,0.014227,-0.000011,-0.000120,-0.232291,-0.000685,-0.117462,-0.114829,-0.049438,-0.049303
115.033333,20.005052,1.502019,-2.745514,0.013692,-0.000011,-0.000121,-0.212111,-0.000563,-0.107139,-0.104972,-0.048907,-0.048795
115.066667,20.004639,1.501846,-2.745518,0.013192,-0.000011,-0.000120,-0.191116,-0.000450,-0.096423,-0.094693,-0.048354,-0.048265
115.100000,20.004240,1.501680,-2.745522,0.012727,-0.000011,-0.000119,-0.169300,-0.000344,-0.085312,-0.083988,-0.047781,-0.047712
115.133333,20.003856,1.501520,-2.745526,0.012298,-0.000011,-0.000118,-0.146661,-0.000246,-0.073803,-0.072858,-0.047186,-0.047137
115.166667,20.003483,1.501364,-2.745529,0.011904,-0.000011,-0.000116,-0.123193,-0.000154,-0.061892,-0.061301,-0.046569,-0.046538
115.200000,20.003123,1.501214,-2.745533,0.011547,-0.000012,-0.000113,-0.098893,-0.000067,-0.049576,-0.049317,-0.045930,-0.045917
115.233333,20.002773,1.501068,-2.745537,0.011225,-0.000012,-0.000110,-0.073755,0.000015,-0.036849,-0.036906,-0.045269,-0.045272
115.266667,20.002432,1.500926,-2.745540,0.010941,-0.000012,-0.000107,-0.047776,0.000094,-0.023707,-0.024069,-0.044585,-0.044604
115.300000,20.002099,1.500787,-2.745544,0.010693,-0.000012,-0.000104,-0.020950,0.000173,-0.010143,-0.010808,-0.043878,-0.043913
115.333333,20.001773,1.500651,-2.745547,0.010482,-0.000012,-0.000100,0.006727,0.000253,0.003850,0.002877,0.051446,0.051407
115.366667,20.001453,1.500518,-2.745550,0.010310,-0.000012,-0.000096,0.035260,0.000337,0.018278,0.016982,0.052020,0.051969
115.400000,20.001138,1.500387,-2.745554,0.010175,-0.000012,-0.000092,0.064655,0.000427,0.033150,0.031505,0.052612,0.052547
115.433333,20.000827,1.500257,-2.745556,0.010078,-0.000012,-0.000087,0.094917,0.000528,0.048474,0.046442,0.053221,0.053140
115.466667,20.000518,1.500128,-2.745559,0.010019,-0.000012,-0.000082,0.126050,0.000643,0.064261,0.061789,0.053847,0.053749
115.500000,20.000210,1.500000,-2.745562,0.010000,-0.000012,-0.000076,0.141835,0.000718,0.072299,0.069536,0.054165,0.054056
