t,x_ref,y_ref,psi_ref,u_ref,v_ref,r_ref,tau_u_ref,tau_r_ref,T1_ref,T2_ref,cmd_left_ref,cmd_right_ref
0.000000,0.000163,-0.000000,-0.047140,-0.000036,-0.000002,0.000000,-0.001322,0.000000,-0.000661,-0.000661,0.000000,0.000000
0.033333,0.000162,-0.000000,-0.047140,-0.000011,-0.000002,-0.000000,0.031321,-0.000013,0.015636,0.015685,0.051915,0.051917
0.066667,0.000163,-0.000000,-0.047140,0.000064,-0.000003,-0.000000,0.065585,-0.000025,0.032745,0.032841,0.052596,0.052600
0.100000,0.000167,-0.000000,-0.047140,0.000188,-0.000005,-0.000000,0.101459,-0.000037,0.050659,0.050801,0.053307,0.053313
0.133333,0.000176,-0.000001,-0.047140,0.000362,-0.000008,-0.000000,0.138930,-0.000049,0.069372,0.069559,0.054049,0.054057
0.166667,0.000192,-0.000002,-0.047140,0.000585,-0.000012,-0.000001,0.177986,-0.000060,0.088878,0.089108,0.054822,0.054831
0.200000,0.000215,-0.000004,-0.047140,0.000856,-0.000016,-0.000001,0.218615,-0.000071,0.109171,0.109443,0.055624,0.055635
0.233333,0.000249,-0.000006,-0.047140,0.001175,-0.000021,-0.000001,0.260803,-0.000081,0.130246,0.130557,0.056456,0.056468
0.266667,0.000294,-0.000009,-0.047140,0.001542,-0.000027,-0.000002,0.304540,-0.000091,0.152095,0.152444,0.057316,0.057330
0.300000,0.000352,-0.000013,-0.047140,0.001957,-0.000033,-0.000002,0.349811,-0.000100,0.174713,0.175098,0.058206,0.058221
0.333333,0.000425,-0.000017,-0.047140,0.002419,-0.000041,-0.000003,0.396607,-0.000109,0.198094,0.198513,0.059123,0.059140
0.366667,0.000514,-0.000023,-0.047140,0.002928,-0.000048,-0.000003,0.444913,-0.000117,0.222231,0.222681,0.060069,0.060086
0.400000,0.000620,-0.000030,-0.047140,0.003483,-0.000057,-0.000003,0.494718,-0.000124,0.247119,0.247598,0.061042,0.061060
0.433333,0.000746,-0.000038,-0.047141,0.004085,-0.000066,-0.000004,0.546009,-0.000131,0.272752,0.273257,0.062042,0.062061
0.466667,0.000892,-0.000047,-0.047141,0.004732,-0.000076,-0.000004,0.598774,-0.000137,0.299123,0.299651,0.063068,0.063089
0.500000,0.001061,-0.000058,-0.047141,0.005425,-0.000087,-0.000005,0.653000,-0.000143,0.326226,0.326774,0.064121,0.064143
0.533333,0.001254,-0.000070,-0.047141,0.006163,-0.000098,-0.000005,0.708677,-0.000147,0.354055,0.354621,0.065200,0.065222
0.566667,0.001472,-0.000084,-0.047141,0.006946,-0.000110,-0.000006,0.765790,-0.000151,0.382605,0.383185,0.066304,0.066327
0.600000,0.001717,-0.000099,-0.047141,0.007773,-0.000122,-0.000006,0.824328,-0.000154,0.411868,0.412460,0.067433,0.067456
0.633333,0.001990,-0.000116,-0.047142,0.008645,-0.000135,-0.000007,0.884278,-0.000156,0.441840,0.442439,0.068587,0.068610
0.666667,0.002292,-0.000135,-0.047142,0.009560,-0.000148,-0.000007,0.945629,-0.000157,0.472513,0.473116,0.069765,0.069788
0.700000,0.002626,-0.000156,-0.047142,0.010519,-0.000162,-0.000008,1.008367,-0.000157,0.503882,0.504485,0.070966,0.070989
0.733333,0.002993,-0.000179,-0.047142,0.011522,-0.000177,-0.000008,1.072481,-0.000156,0.535941,0.536541,0.072191,0.072214
0.766667,0.003393,-0.000204,-0.047143,0.012567,-0.000192,-0.000009,1.137958,-0.000154,0.568683,0.569276,0.073439,0.073462
0.800000,0.003830,-0.000231,-0.047143,0.013654,-0.000208,-0.000009,1.204787,-0.000151,0.602102,0.602684,0.074709,0.074731
0.833333,0.004303,-0.000261,-0.047143,0.014784,-0.000224,-0.000009,1.272953,-0.000147,0.636193,0.636760,0.076002,0.076023
0.866667,0.004814,-0.000293,-0.047144,0.015956,-0.000241,-0.000010,1.342446,-0.000142,0.670950,0.671497,0.077316,0.077336
0.900000,0.005365,-0.000327,-0.047144,0.017169,-0.000258,-0.000010,1.413253,-0.000136,0.706365,0.706888,0.078651,0.078671
0.933333,0.005957,-0.000364,-0.047144,0.018423,-0.000275,-0.000010,1.485362,-0.000129,0.742434,0.742928,0.080007,0.080026
0.966667,0.006591,-0.000403,-0.047145,0.019718,-0.000293,-0.000010,1.558760,-0.000120,0.779149,0.779611,0.081384,0.081401
1.000000,0.007269,-0.000445,-0.047145,0.021054,-0.000312,-0.000010,1.633435,-0.000110,0.816506,0.816929,0.082780,0.082796
1.033333,0.007993,-0.000490,-0.047145,0.022429,-0.000331,-0.000010,1.709375,-0.000099,0.854497,0.854878,0.084196,0.084210
1.066667,0.008762,-0.000538,-0.047146,0.023845,-0.000350,-0.000010,1.786567,-0.000087,0.893117,0.893450,0.085631,0.085644
1.100000,0.009580,-0.000589,-0.047146,0.025300,-0.000370,-0.000010,1.864999,-0.000073,0.932360,0.932639,0.087085,0.087096
1.133333,0.010447,-0.000642,-0.047146,0.026795,-0.000390,-0.000010,1.944659,-0.000058,0.972219,0.972440,0.088558,0.088566
1.166667,0.011363,-0.000699,-0.047147,0.028328,-0.000410,-0.000010,2.025535,-0.000041,1.012688,1.012846,0.090048,0.090054
1.200000,0.012332,-0.000758,-0.047147,0.029899,-0.000431,-0.000009,2.107614,-0.000023,1.053762,1.053851,0.091556,0.091559
1.233333,0.013354,-0.000821,-0.047147,0.031509,-0.000452,-0.000009,2.190883,-0.000004,1.095434,1.095449,0.093081,0.093082
1.266667,0.014429,-0.000888,-0.047147,0.033157,-0.000474,-0.000008,2.275331,0.000017,1.137699,1.137633,0.094623,0.094620
1.300000,0.015560,-0.000957,-0.047148,0.034842,-0.000496,-0.000008,2.360946,0.000040,1.180549,1.180397,0.096181,0.096175
1.333333,0.016748,-0.001030,-0.047148,0.036564,-0.000518,-0.000007,2.447714,0.000064,1.223980,1.223735,0.097755,0.097746
1.366667,0.017994,-0.001106,-0.047148,0.038323,-0.000540,-0.000006,2.535624,0.000089,1.267984,1.267641,0.099345,0.099332
1.400000,0.019299,-0.001186,-0.047148,0.040119,-0.000563,-0.000005,2.624664,0.000116,1.312556,1.312108,0.100950,0.100933
1.433333,0.020664,-0.001270,-0.047149,0.041950,-0.000586,-0.000004,2.714820,0.000145,1.357690,1.357131,0.102569,0.102549
1.466667,0.022091,-0.001357,-0.047149,0.043818,-0.000609,-0.000003,2.806081,0.000176,1.403379,1.402702,0.104203,0.104179
1.500000,0.023581,-0.001448,-0.047149,0.045721,-0.000633,-0.000002,2.898435,0.000208,1.449618,1.448817,0.105851,0.105823
1.533333,0.025134,-0.001543,-0.047149,0.047659,-0.000656,-0.000000,2.991869,0.000242,1.496400,1.495468,0.107513,0.107480
1.566667,0.026753,-0.001642,-0.047149,0.049632,-0.000680,0.000001,3.086370,0.000278,1.543720,1.542650,0.109188,0.109150
1.600000,0.028438,-0.001744,-0.047149,0.051639,-0.000704,0.000003,3.181927,0.000316,1.591571,1.590356,0.110876,0.110833
1.633333,0.030190,-0.001851,-0.047148,0.053681,-0.000729,0.000005,3.278527,0.000355,1.639947,1.638580,0.112576,0.112528
1.666667,0.032011,-0.001962,-0.047148,0.055756,-0.000753,0.000007,3.376158,0.000397,1.688842,1.687316,0.114289,0.114235
1.700000,0.033901,-0.002076,-0.047148,0.057865,-0.000778,0.000009,3.474807,0.000440,1.738250,1.736557,0.116013,0.115954
1.733333,0.035862,-0.002195,-0.047148,0.060007,-0.000803,0.000011,3.574463,0.000485,1.788165,1.786298,0.117749,0.117684
1.766667,0.037895,-0.002318,-0.047147,0.062182,-0.000827,0.000014,3.675112,0.000533,1.838581,1.836532,0.119495,0.119425
1.800000,0.040000,-0.002446,-0.047147,0.064389,-0.000853,0.000016,3.776744,0.000582,1.889491,1.887252,0.121253,0.121176
1.833333,0.042180,-0.002577,-0.047146,0.066629,-0.000878,0.000019,3.879344,0.000633,1.940890,1.938454,0.123021,0.122937
1.866667,0.044435,-0.002713,-0.047146,0.068900,-0.000903,0.000022,3.982902,0.000687,1.992772,1.990130,0.124799,0.124709
1.900000,0.046766,-0.002854,-0.047145,0.071203,-0.000928,0.000025,4.087404,0.000743,2.045130,2.042274,0.126587,0.126489
1.933333,0.049174,-0.002999,-0.047144,0.073537,-0.000954,0.000028,4.192838,0.000800,2.097958,2.094880,0.128384,0.128279
1.966667,0.051660,-0.003149,-0.047143,0.075901,-0.000979,0.000032,4.299193,0.000860,2.151251,2.147942,0.130190,0.130078
2.000000,0.054226,-0.003303,-0.047142,0.078296,-0.001005,0.000035,4.406455,0.000922,2.205001,2.201454,0.132004,0.131885
2.033333,0.056871,-0.003462,-0.047141,0.080721,-0.001031,0.000039,4.514613,0.000987,2.259204,2.255408,0.133827,0.133700
2.066667,0.059598,-0.003625,-0.047139,0.083176,-0.001056,0.000043,4.623654,0.001054,2.313853,2.309800,0.135659,0.135523
2.100000,0.062407,-0.003793,-0.047138,0.085661,-0.001082,0.000047,4.733565,0.001123,2.368942,2.364623,0.137497,0.137354
2.133333,0.065300,-0.003966,-0.047136,0.088174,-0.001108,0.000052,4.844335,0.001194,2.424464,2.419871,0.139344,0.139191
2.166667,0.068276,-0.004144,-0.047134,0.090717,-0.001133,0.000056,4.955952,0.001268,2.480415,2.475537,0.141197,0.141036
2.200000,0.071337,-0.004327,-0.047132,0.093288,-0.001159,0.000061,5.068402,0.001345,2.536787,2.531615,0.143057,0.142887
2.233333,0.074485,-0.004514,-0.047130,0.095887,-0.001185,0.000066,5.181674,0.001423,2.593574,2.588099,0.144924,0.144744
2.266667,0.077719,-0.004707,-0.047128,0.098513,-0.001211,0.000071,5.295755,0.001505,2.650771,2.644984,0.146796,0.146607
2.300000,0.081042,-0.004904,-0.047125,0.101167,-0.001236,0.000077,5.410633,0.001589,2.708372,2.702261,0.148675,0.148476
2.333333,0.084453,-0.005107,-0.047123,0.103849,-0.001262,0.000082,5.526295,0.001675,2.766369,2.759926,0.150559,0.150350
2.366667,0.087954,-0.005314,-0.047120,0.106557,-0.001287,0.000088,5.642730,0.001764,2.824758,2.817972,0.152448,0.152229
2.400000,0.091545,-0.005527,-0.047117,0.109291,-0.001313,0.000095,5.759925,0.001856,2.883533,2.876393,0.154343,0.154113
2.433333,0.095228,-0.005745,-0.047114,0.112052,-0.001338,0.000101,5.877868,0.001951,2.942686,2.935182,0.156242,0.156002
2.466667,0.099003,-0.005968,-0.047110,0.114838,-0.001363,0.000108,5.996546,0.002048,3.002212,2.994334,0.158146,0.157894
2.500000,0.102871,-0.006196,-0.047106,0.117650,-0.001388,0.000114,6.115947,0.002148,3.062105,3.053843,0.160053,0.159791
2.533333,0.106833,-0.006430,-0.047102,0.120487,-0.001413,0.000122,6.236059,0.002251,3.122359,3.113701,0.161965,0.161691
2.566667,0.110891,-0.006669,-0.047098,0.123348,-0.001438,0.000129,6.356870,0.002357,3.182967,3.173902,0.163880,0.163594
2.600000,0.115043,-0.006913,-0.047094,0.126235,-0.001463,0.000137,6.478366,0.002466,3.243925,3.234442,0.165799,0.165501
2.633333,0.119293,-0.007162,-0.047089,0.129145,-0.001487,0.000145,6.600537,0.002577,3.305225,3.295312,0.167721,0.167410
2.666667,0.123639,-0.007417,-0.047084,0.132079,-0.001512,0.000153,6.723369,0.002692,3.366861,3.356508,0.169645,0.169323
2.700000,0.128084,-0.007677,-0.047079,0.135036,-0.001536,0.000161,6.846850,0.002809,3.428828,3.418022,0.171572,0.171237
2.733333,0.132627,-0.007943,-0.047073,0.138017,-0.001560,0.000170,6.970968,0.002930,3.491119,3.479849,0.173502,0.173153
2.766667,0.137270,-0.008214,-0.047068,0.141020,-0.001584,0.000179,7.095711,0.003054,3.553728,3.541982,0.175434,0.175072
2.800000,0.142013,-0.008491,-0.047062,0.144046,-0.001608,0.000188,7.221066,0.003181,3.616650,3.604416,0.177367,0.176992
2.833333,0.146857,-0.008773,-0.047055,0.147093,-0.001631,0.000198,7.347021,0.003311,3.679878,3.667143,0.179302,0.178913
2.866667,0.151804,-0.009061,-0.047048,0.150163,-0.001654,0.000208,7.473563,0.003444,3.743406,3.730158,0.181238,0.180835
2.900000,0.156852,-0.009354,-0.047041,0.153254,-0.001678,0.000218,7.600681,0.003581,3.807227,3.793454,0.183176,0.182758
2.933333,0.162004,-0.009653,-0.047034,0.156366,-0.001700,0.000229,7.728362,0.003721,3.871337,3.857025,0.185114,0.184682
2.966667,0.167260,-0.009957,-0.047026,0.159499,-0.001723,0.000239,7.856594,0.003864,3.935728,3.920866,0.187054,0.186607
3.000000,0.172620,-0.010267,-0.047018,0.162652,-0.001745,0.000250,7.985364,0.004011,4.000395,3.984969,0.188993,0.188531
3.033333,0.178086,-0.010583,-0.047009,0.165825,-0.001767,0.000262,8.114660,0.004161,4.065332,4.049328,0.190933,0.190456
3.066667,0.183658,-0.010905,-0.047000,0.169018,-0.001789,0.000274,8.244470,0.004315,4.130533,4.113938,0.192873,0.192380
3.100000,0.189336,-0.011232,-0.046991,0.172231,-0.001811,0.000286,8.374782,0.004472,4.195991,4.178791,0.194813,0.194304
3.133333,0.195122,-0.011565,-0.046981,0.175462,-0.001832,0.000298,8.505583,0.004632,4.261700,4.243883,0.196752,0.196227
3.166667,0.201015,-0.011903,-0.046971,0.178712,-0.001853,0.000311,8.636860,0.004797,4.327655,4.309206,0.198691,0.198149
3.200000,0.207017,-0.012247,-0.046961,0.181981,-0.001874,0.000324,8.768603,0.004965,4.393849,4.374754,0.200629,0.200071
3.233333,0.213128,-0.012597,-0.046950,0.185268,-0.001895,0.000337,8.900797,0.005136,4.460276,4.440521,0.202566,0.201991
3.266667,0.219349,-0.012953,-0.046938,0.188572,-0.001915,0.000351,9.033431,0.005312,4.526930,4.506501,0.204502,0.203909
3.300000,0.225680,-0.013315,-0.046926,0.191894,-0.001935,0.000365,9.166493,0.005491,4.593806,4.572688,0.206436,0.205826
3.333333,0.232122,-0.013682,-0.046914,0.195233,-0.001954,0.000380,9.299971,0.005674,4.660896,4.639074,0.208369,0.207741
3.366667,0.238675,-0.014055,-0.046901,0.198589,-0.001973,0.000394,9.433851,0.005860,4.728196,4.705655,0.210300,0.209654
3.400000,0.245341,-0.014434,-0.046887,0.201961,-0.001992,0.000410,9.568122,0.006051,4.795698,4.772424,0.212229,0.211565
3.433333,0.252119,-0.014819,-0.046874,0.205349,-0.002011,0.000425,9.702771,0.006246,4.863397,4.839375,0.214157,0.213474
3.466667,0.259010,-0.015210,-0.046859,0.208753,-0.002029,0.000441,9.837787,0.006444,4.931287,4.906500,0.216081,0.215379
3.500000,0.266014,-0.015606,-0.046844,0.212172,-0.002047,0.000457,9.973156,0.006647,4.999361,4.973795,0.218004,0.217283
3.533333,0.273133,-0.016008,-0.046829,0.215606,-0.002065,0.000474,10.108867,0.006854,5.067614,5.041253,0.219923,0.219183
3.566667,0.280366,-0.016417,-0.046813,0.219055,-0.002082,0.000491,10.244907,0.007065,5.136039,5.108867,0.221840,0.221080
3.600000,0.287714,-0.016830,-0.046796,0.222519,-0.002099,0.000508,10.381263,0.007280,5.204631,5.176632,0.223754,0.222974
3.633333,0.295178,-0.017250,-0.046779,0.225996,-0.002116,0.000526,10.517934,0.007499,5.273388,5.244546,0.225665,0.224864
3.666667,0.302757,-0.017676,-0.046761,0.229487,-0.002132,0.000545,10.654932,0.007723,5.342317,5.312615,0.227573,0.226752
3.700000,0.310454,-0.018107,-0.046742,0.232992,-0.002148,0.000563,10.792250,0.007950,5.411414,5.380836,0.229478,0.228636
3.733333,0.318267,-0.018545,-0.046723,0.236510,-0.002163,0.000582,10.929876,0.008182,5.480673,5.449202,0.231380,0.230517
3.766667,0.326197,-0.018988,-0.046704,0.240041,-0.002178,0.000602,11.067800,0.008419,5.550090,5.517710,0.233279,0.232394
3.800000,0.334245,-0.019437,-0.046683,0.243584,-0.002193,0.000621,11.206013,0.008660,5.619660,5.586353,0.235175,0.234268
3.833333,0.342412,-0.019892,-0.046662,0.247140,-0.002207,0.000642,11.344504,0.008905,5.689377,5.655127,0.237067,0.236138
3.866667,0.350697,-0.020352,-0.046640,0.250708,-0.002221,0.000662,11.483262,0.009155,5.759237,5.724025,0.238956,0.238005
3.900000,0.359101,-0.020819,-0.046618,0.254288,-0.002235,0.000683,11.622278,0.009409,5.829234,5.793044,0.240841,0.239867
3.933333,0.367624,-0.021291,-0.046595,0.257879,-0.002248,0.000705,11.761542,0.009668,5.899364,5.862178,0.242722,0.241725
3.966667,0.376267,-0.021769,-0.046571,0.261482,-0.002261,0.000727,11.901042,0.009932,5.969621,5.931421,0.244599,0.243579
4.000000,0.385030,-0.022253,-0.046546,0.265095,-0.002273,0.000749,12.040769,0.010200,6.040001,6.000768,0.246472,0.245429
4.033333,0.393914,-0.022743,-0.046521,0.268719,-0.002285,0.000772,12.180712,0.010474,6.110498,6.070215,0.248341,0.247274
4.066667,0.402919,-0.023239,-0.046495,0.272354,-0.002297,0.000796,12.320862,0.010751,6.181107,6.139755,0.250206,0.249115
4.100000,0.412044,-0.023740,-0.046468,0.275999,-0.002308,0.000819,12.461208,0.011034,6.251823,6.209385,0.252066,0.250951
4.133333,0.421292,-0.024247,-0.046440,0.279653,-0.002318,0.000843,12.601740,0.011322,6.322642,6.279098,0.253922,0.252782
4.166667,0.430661,-0.024760,-0.046412,0.283318,-0.002328,0.000868,12.742447,0.011614,6.393558,6.348889,0.255773,0.254608
4.200000,0.440152,-0.025278,-0.046382,0.286991,-0.002338,0.000893,12.883319,0.011911,6.464566,6.418753,0.257620,0.256429
4.233333,0.449766,-0.025803,-0.046352,0.290673,-0.002347,0.000919,13.024347,0.012214,6.535661,6.488685,0.259461,0.258245
4.266667,0.459502,-0.026333,-0.046321,0.294365,-0.002356,0.000945,13.165519,0.012521,6.606839,6.558680,0.261298,0.260056
4.300000,0.469362,-0.026868,-0.046289,0.298064,-0.002365,0.000971,13.306826,0.012834,6.678093,6.628732,0.263130,0.261862
4.333333,0.479345,-0.027410,-0.046256,0.301772,-0.002373,0.000998,13.448257,0.013152,6.749420,6.698837,0.264957,0.263662
4.366667,0.489451,-0.027956,-0.046223,0.305488,-0.002380,0.001026,13.589802,0.013475,6.820813,6.768988,0.266778,0.265457
4.400000,0.499682,-0.028509,-0.046188,0.309212,-0.002387,0.001054,13.731451,0.013803,6.892269,6.839182,0.268595,0.267246
4.433333,0.510036,-0.029067,-0.046152,0.312942,-0.002394,0.001082,13.873193,0.014136,6.963781,6.909412,0.270405,0.269029
4.466667,0.520515,-0.029631,-0.046116,0.316680,-0.002400,0.001111,14.015019,0.014475,7.035346,6.979673,0.272211,0.270807
4.500000,0.531118,-0.030200,-0.046078,0.320425,-0.002406,0.001141,14.156918,0.014819,7.106957,7.049961,0.274011,0.272579
4.533333,0.541847,-0.030775,-0.046040,0.324176,-0.002411,0.001171,14.298879,0.015169,7.178610,7.120269,0.275805,0.274344
4.566667,0.552700,-0.031356,-0.046000,0.327933,-0.002416,0.001201,14.440894,0.015524,7.250300,7.190594,0.277593,0.276104
4.600000,0.563678,-0.031941,-0.045960,0.331697,-0.002421,0.001232,14.582950,0.015884,7.322021,7.260929,0.279376,0.277858
4.633333,0.574782,-0.032533,-0.045918,0.335466,-0.002424,0.001263,14.725039,0.016250,7.393770,7.331269,0.281152,0.279605
4.666667,0.586012,-0.033129,-0.045875,0.339240,-0.002428,0.001295,14.867150,0.016622,7.465540,7.401610,0.282923,0.281346
4.700000,0.597367,-0.033732,-0.045832,0.343020,-0.002431,0.001328,15.009272,0.016999,7.537326,7.471945,0.284687,0.283080
4.733333,0.608848,-0.034339,-0.045787,0.346804,-0.002434,0.001361,15.151395,0.017382,7.609125,7.542270,0.286446,0.284809
4.766667,0.620456,-0.034952,-0.045741,0.350593,-0.002436,0.001395,15.293510,0.017771,7.680930,7.612580,0.288198,0.286530
4.800000,0.632189,-0.035570,-0.045694,0.354386,-0.002437,0.001429,15.435606,0.018165,7.752736,7.682869,0.289944,0.288245
4.833333,0.644049,-0.036193,-0.045646,0.358183,-0.002439,0.001463,15.577672,0.018566,7.824539,7.753133,0.291683,0.289953
4.866667,0.656036,-0.036822,-0.045596,0.361984,-0.002440,0.001499,15.719699,0.018972,7.896334,7.823365,0.293416,0.291655
4.900000,0.668149,-0.037456,-0.045546,0.365789,-0.002440,0.001534,15.861675,0.019384,7.968114,7.893561,0.295142,0.293349
4.933333,0.680389,-0.038095,-0.045494,0.369596,-0.002440,0.001571,16.003592,0.019802,8.039877,7.963715,0.296862,0.295037
4.966667,0.692756,-0.038739,-0.045441,0.373407,-0.002440,0.001607,16.145439,0.020226,8.111615,8.033823,0.298575,0.296717
5.000000,0.705250,-0.039388,-0.045387,0.377220,-0.002439,0.001645,16.287205,0.020656,8.183325,8.103879,0.300282,0.298391
5.033333,0.717871,-0.040042,-0.045331,0.381035,-0.002437,0.001683,16.428880,0.021092,8.255002,8.173878,0.301981,0.300057
5.066667,0.730619,-0.040701,-0.045275,0.384852,-0.002436,0.001721,16.570454,0.021534,8.326639,8.243815,0.303674,0.301716
5.100000,0.743494,-0.041366,-0.045217,0.388672,-0.002434,0.001760,16.711917,0.021983,8.398233,8.313684,0.305359,0.303368
5.133333,0.756497,-0.042035,-0.045157,0.392492,-0.002431,0.001800,16.853258,0.022438,8.469778,8.383480,0.307038,0.305012
5.166667,0.769626,-0.042709,-0.045097,0.396314,-0.002428,0.001840,16.994468,0.022898,8.541269,8.453199,0.308709,0.306649
5.200000,0.782883,-0.043387,-0.045035,0.400137,-0.002425,0.001881,17.135536,0.023366,8.612702,8.522834,0.310374,0.308279
5.233333,0.796268,-0.044071,-0.044971,0.403961,-0.002421,0.001923,17.276451,0.023839,8.684070,8.592381,0.312031,0.309901
5.266667,0.809780,-0.044759,-0.044906,0.407785,-0.002417,0.001965,17.417204,0.024319,8.755369,8.661835,0.313681,0.311515
5.300000,0.823419,-0.045452,-0.044840,0.411609,-0.002413,0.002007,17.557785,0.024805,8.826595,8.731190,0.315323,0.313122
5.333333,0.837185,-0.046150,-0.044773,0.415433,-0.002408,0.002051,17.698182,0.025298,8.897741,8.800441,0.316959,0.314721
5.366667,0.851079,-0.046852,-0.044704,0.419256,-0.002403,0.002094,17.838387,0.025797,8.968803,8.869584,0.318586,0.316312
5.400000,0.865101,-0.047559,-0.044633,0.423079,-0.002397,0.002139,17.978388,0.026303,9.039776,8.938611,0.320206,0.317895
5.433333,0.879249,-0.048270,-0.044561,0.426900,-0.002391,0.002184,18.118175,0.026815,9.110655,9.007520,0.321819,0.319471
5.466667,0.893525,-0.048986,-0.044487,0.430721,-0.002385,0.002230,18.257739,0.027334,9.181435,9.076304,0.323424,0.321038
5.500000,0.907929,-0.049706,-0.044412,0.434539,-0.002379,0.002276,18.397068,0.027860,9.252110,9.144958,0.325021,0.322598
5.533333,0.922459,-0.050431,-0.044336,0.438356,-0.002372,0.002323,18.536153,0.028392,9.322676,9.213477,0.326611,0.324149
5.566667,0.937117,-0.051160,-0.044257,0.442171,-0.002365,0.002370,18.674984,0.028931,9.393128,9.281856,0.328193,0.325692
5.600000,0.951901,-0.051892,-0.044178,0.445984,-0.002357,0.002419,18.813550,0.029476,9.463460,9.350090,0.329767,0.327227
5.633333,0.966813,-0.052630,-0.044096,0.449793,-0.002349,0.002467,18.951841,0.030029,9.533668,9.418173,0.331333,0.328754
5.666667,0.981851,-0.053371,-0.044013,0.453600,-0.002341,0.002517,19.089847,0.030588,9.603747,9.486100,0.332891,0.330272
5.700000,0.997017,-0.054116,-0.043928,0.457404,-0.002333,0.002567,19.227557,0.031154,9.673691,9.553867,0.334441,0.331782
5.733333,1.012309,-0.054865,-0.043842,0.461204,-0.002325,0.002618,19.364962,0.031727,9.743495,9.621467,0.335983,0.333284
5.766667,1.027727,-0.055618,-0.043754,0.465000,-0.002316,0.002669,19.502051,0.032307,9.813155,9.688896,0.337516,0.334777
5.800000,1.043272,-0.056375,-0.043664,0.468792,-0.002307,0.002721,19.638813,0.032894,9.882665,9.756149,0.339042,0.336262
5.833333,1.058944,-0.057136,-0.043572,0.472580,-0.002297,0.002774,19.775240,0.033488,9.952020,9.823220,0.340560,0.337738
5.866667,1.074741,-0.057901,-0.043479,0.476363,-0.002288,0.002827,19.911320,0.034089,10.021216,9.890104,0.342069,0.339205
5.900000,1.090664,-0.058669,-0.043384,0.480142,-0.002278,0.002881,20.047043,0.034697,10.090247,9.956796,0.343570,0.340664
5.933333,1.106714,-0.059441,-0.043287,0.483915,-0.002268,0.002936,20.182399,0.035312,10.159108,10.023291,0.345063,0.342114
5.966667,1.122889,-0.060216,-0.043188,0.487682,-0.002258,0.002992,20.317377,0.035935,10.227794,10.089584,0.346547,0.343556
6.000000,1.139189,-0.060995,-0.043088,0.491444,-0.002248,0.003048,20.451969,0.036564,10.296300,10.155669,0.348023,0.344988
6.033333,1.155615,-0.061777,-0.042985,0.495200,-0.002237,0.003104,20.586163,0.037201,10.364621,10.221542,0.349490,0.346412
6.066667,1.172165,-0.062562,-0.042881,0.498950,-0.002227,0.003162,20.719948,0.037844,10.432752,10.287196,0.350949,0.347827
6.100000,1.188841,-0.063351,-0.042774,0.502693,-0.002216,0.003220,20.853316,0.038495,10.500688,10.352628,0.352399,0.349233
6.133333,1.205641,-0.064143,-0.042666,0.506429,-0.002205,0.003279,20.986255,0.039154,10.568424,10.417832,0.353841,0.350630
6.166667,1.222566,-0.064938,-0.042556,0.510158,-0.002194,0.003339,21.118756,0.039820,10.635954,10.482802,0.355274,0.352018
6.200000,1.239614,-0.065736,-0.042443,0.513880,-0.002183,0.003399,21.250808,0.040493,10.703274,10.547534,0.356698,0.353397
6.233333,1.256787,-0.066537,-0.042329,0.517594,-0.002172,0.003460,21.382401,0.041173,10.770379,10.612022,0.358114,0.354767
6.266667,1.274084,-0.067341,-0.042213,0.521299,-0.002161,0.003522,21.513525,0.041861,10.837264,10.676262,0.359521,0.356127
6.300000,1.291503,-0.068148,-0.042094,0.524997,-0.002150,0.003584,21.644170,0.042556,10.903923,10.740247,0.360919,0.357479
6.333333,1.309046,-0.068957,-0.041974,0.528686,-0.002139,0.003647,21.774325,0.043258,10.970352,10.803973,0.362308,0.358821
6.366667,1.326712,-0.069769,-0.041851,0.532367,-0.002127,0.003711,21.903980,0.043968,11.036545,10.867435,0.363688,0.360154
6.400000,1.344500,-0.070584,-0.041726,0.536038,-0.002116,0.003776,22.033125,0.044686,11.102497,10.930628,0.365059,0.361477
6.433333,1.362411,-0.071401,-0.041599,0.539700,-0.002105,0.003841,22.161750,0.045411,11.168204,10.993546,0.366421,0.362792
6.466667,1.380443,-0.072220,-0.041470,0.543352,-0.002094,0.003907,22.289844,0.046144,11.233660,11.056184,0.367775,0.364097
6.500000,1.398597,-0.073042,-0.041339,0.546995,-0.002082,0.003974,22.417398,0.046884,11.298861,11.118537,0.369119,0.365392
6.533333,1.416873,-0.073866,-0.041205,0.550627,-0.002071,0.004042,22.544401,0.047632,11.363800,11.180601,0.370454,0.366678
6.566667,1.435269,-0.074692,-0.041069,0.554249,-0.002060,0.004110,22.670843,0.048387,11.428474,11.242369,0.371780,0.367955
6.600000,1.453786,-0.075520,-0.040931,0.557860,-0.002049,0.004179,22.796713,0.049150,11.492876,11.303837,0.373097,0.369221
6.633333,1.472423,-0.076350,-0.040791,0.561460,-0.002038,0.004249,22.922002,0.049921,11.557003,11.364999,0.374404,0.370479
6.666667,1.491179,-0.077182,-0.040648,0.565048,-0.002027,0.004320,23.046700,0.050699,11.620849,11.425851,0.375703,0.371726
6.700000,1.510056,-0.078016,-0.040503,0.568626,-0.002017,0.004391,23.170795,0.051486,11.684408,11.486387,0.376992,0.372964
6.733333,1.529051,-0.078851,-0.040355,0.572191,-0.002006,0.004463,23.294279,0.052279,11.747676,11.546602,0.378272,0.374193
6.766667,1.548165,-0.079689,-0.040205,0.575744,-0.001996,0.004536,23.417140,0.053081,11.810649,11.606491,0.379542,0.375411
6.800000,1.567398,-0.080527,-0.040053,0.579285,-0.001986,0.004610,23.539368,0.053890,11.873319,11.666049,0.380803,0.376620
6.833333,1.586748,-0.081367,-0.039898,0.582813,-0.001976,0.004684,23.660954,0.054707,11.935684,11.725271,0.382055,0.377819
6.866667,1.606215,-0.082209,-0.039741,0.586328,-0.001966,0.004760,23.781887,0.055532,11.997736,11.784151,0.383297,0.379008
6.900000,1.625800,-0.083051,-0.039581,0.589829,-0.001957,0.004836,23.902157,0.056365,12.059473,11.842685,0.384529,0.380187
6.933333,1.645501,-0.083895,-0.039418,0.593318,-0.001947,0.004913,24.021754,0.057205,12.120888,11.900867,0.385752,0.381356
6.966667,1.665319,-0.084740,-0.039253,0.596792,-0.001938,0.004990,24.140668,0.058054,12.181976,11.958692,0.386966,0.382516
7.000000,1.685252,-0.085585,-0.039085,0.600253,-0.001930,0.005069,24.258887,0.058910,12.242732,12.016155,0.388170,0.383665
7.033333,1.705300,-0.086432,-0.038915,0.603699,-0.001921,0.005148,24.376403,0.059774,12.303152,12.073251,0.389364,0.384804
7.066667,1.725462,-0.087279,-0.038742,0.607130,-0.001913,0.005228,24.493205,0.060646,12.363230,12.129975,0.390548,0.385933
7.100000,1.745740,-0.088127,-0.038567,0.610546,-0.001905,0.005309,24.609282,0.061526,12.422961,12.186321,0.391723,0.387052
7.133333,1.766130,-0.088975,-0.038388,0.613948,-0.001898,0.005391,24.724626,0.062414,12.482340,12.242285,0.392888,0.388161
7.166667,1.786634,-0.089824,-0.038207,0.617334,-0.001891,0.005474,24.839224,0.063310,12.541362,12.297862,0.394043,0.389259
7.200000,1.807251,-0.090673,-0.038023,0.620704,-0.001884,0.005557,24.953068,0.064214,12.600022,12.353046,0.395189,0.390348
7.233333,1.827980,-0.091523,-0.037837,0.624058,-0.001878,0.005641,25.066158,0.065126,12.658321,12.407837,0.396325,0.391426
7.266667,1.848820,-0.092372,-0.037647,0.627395,-0.001872,0.005726,25.178576,0.066046,12.716299,12.462277,0.397451,0.392495
7.300000,1.869771,-0.093222,-0.037455,0.630717,-0.001866,0.005812,25.290336,0.066974,12.773964,12.516372,0.398569,0.393555
7.333333,1.890833,-0.094071,-0.037260,0.634022,-0.001861,0.005899,25.401436,0.067910,12.831315,12.570122,0.399679,0.394605
7.366667,1.912005,-0.094920,-0.037062,0.637311,-0.001857,0.005987,25.511872,0.068855,12.888349,12.623523,0.400780,0.395647
7.400000,1.933287,-0.095769,-0.036861,0.640583,-0.001853,0.006075,25.621641,0.069808,12.945066,12.676575,0.401872,0.396680
7.433333,1.954677,-0.096617,-0.036657,0.643838,-0.001849,0.006165,25.730739,0.070769,13.001464,12.729275,0.402955,0.397703
7.466667,1.976176,-0.097465,-0.036450,0.647077,-0.001846,0.006255,25.839163,0.071739,13.057540,12.781623,0.404030,0.398718
7.500000,1.997782,-0.098312,-0.036240,0.650299,-0.001844,0.006346,25.946910,0.072717,13.113294,12.833615,0.405097,0.399723
7.533333,2.019496,-0.099159,-0.036027,0.653503,-0.001841,0.006438,26.053976,0.073703,13.168724,12.885252,0.406155,0.400720
7.566667,2.041316,-0.100004,-0.035810,0.656691,-0.001840,0.006531,26.160359,0.074697,13.223828,12.936530,0.407204,0.401708
7.600000,2.063243,-0.100849,-0.035591,0.659862,-0.001839,0.006625,26.266054,0.075701,13.278605,12.987449,0.408245,0.402686
7.633333,2.085275,-0.101692,-0.035369,0.663015,-0.001839,0.006719,26.371059,0.076712,13.333053,13.038006,0.409278,0.403656
7.666667,2.107412,-0.102534,-0.035143,0.666151,-0.001839,0.006815,26.475370,0.077732,13.387170,13.088200,0.410302,0.404617
7.700000,2.129653,-0.103375,-0.034915,0.669270,-0.001840,0.006911,26.578984,0.078761,13.440955,13.138029,0.411317,0.405569
7.733333,2.151998,-0.104214,-0.034683,0.672371,-0.001841,0.007009,26.681898,0.079798,13.494406,13.187492,0.412324,0.406512
7.766667,2.174446,-0.105052,-0.034447,0.675455,-0.001843,0.007107,26.784108,0.080843,13.547521,13.236586,0.413323,0.407447
7.800000,2.196997,-0.105888,-0.034209,0.678521,-0.001846,0.007206,26.885611,0.081897,13.600300,13.285311,0.414313,0.408372
7.833333,2.219650,-0.106722,-0.033967,0.681569,-0.001849,0.007306,26.986404,0.082960,13.652740,13.333664,0.415295,0.409289
7.866667,2.242404,-0.107554,-0.033722,0.684599,-0.001853,0.007407,27.086483,0.084031,13.704840,13.381643,0.416269,0.410197
7.900000,2.265260,-0.108384,-0.033473,0.687612,-0.001858,0.007509,27.185845,0.085111,13.756597,13.429248,0.417234,0.411096
7.933333,2.288215,-0.109212,-0.033221,0.690606,-0.001863,0.007612,27.284487,0.086199,13.808012,13.476476,0.418191,0.411987
7.966667,2.311270,-0.110037,-0.032966,0.693582,-0.001869,0.007716,27.382406,0.087296,13.859081,13.523325,0.419140,0.412868
8.000000,2.334425,-0.110860,-0.032707,0.696541,-0.001876,0.007821,27.479598,0.088402,13.909803,13.569795,0.420080,0.413741
8.033333,2.357677,-0.111681,-0.032444,0.699480,-0.001883,0.007927,27.576060,0.089517,13.960177,13.615882,0.421012,0.414605
8.066667,2.381028,-0.112498,-0.032178,0.702402,-0.001892,0.008033,27.671789,0.090640,14.010202,13.661587,0.421936,0.415461
8.100000,2.404476,-0.113313,-0.031909,0.705304,-0.001901,0.008141,27.766781,0.091772,14.059875,13.706906,0.422852,0.416307
8.133333,2.428020,-0.114125,-0.031635,0.708189,-0.001911,0.008250,27.861033,0.092912,14.109194,13.751839,0.423759,0.417145
8.166667,2.451660,-0.114934,-0.031359,0.711054,-0.001921,0.008359,27.954542,0.094062,14.158159,13.796383,0.424658,0.417975
8.200000,2.475396,-0.115739,-0.031078,0.713901,-0.001933,0.008470,28.047305,0.095220,14.206768,13.840537,0.425549,0.418795
8.233333,2.499227,-0.116542,-0.030794,0.716729,-0.001945,0.008582,28.139318,0.096387,14.255019,13.884299,0.426432,0.419607
8.266667,2.523151,-0.117340,-0.030506,0.719538,-0.001958,0.008694,28.230578,0.097563,14.302910,13.927668,0.427307,0.420411
8.300000,2.547169,-0.118135,-0.030214,0.722328,-0.001972,0.008808,28.321082,0.098748,14.350440,13.970641,0.428173,0.421206
8.333333,2.571280,-0.118926,-0.029919,0.725099,-0.001987,0.008923,28.410826,0.099941,14.397608,14.013218,0.429032,0.421992
8.366667,2.595483,-0.119714,-0.029619,0.727851,-0.002003,0.009038,28.499808,0.101144,14.444411,14.055397,0.429882,0.422769
8.400000,2.619778,-0.120497,-0.029316,0.730583,-0.002020,0.009155,28.588024,0.102355,14.490848,14.097175,0.430724,0.423538
8.433333,2.644164,-0.121276,-0.029009,0.733297,-0.002037,0.009272,28.675470,0.103575,14.536918,14.138552,0.431558,0.424298
8.466667,2.668640,-0.122050,-0.028698,0.735990,-0.002056,0.009391,28.762144,0.104805,14.582619,14.179525,0.432384,0.425050
8.500000,2.693206,-0.122821,-0.028383,0.738664,-0.002075,0.009511,28.848042,0.106043,14.627949,14.220093,0.433201,0.425793
8.533333,2.717860,-0.123586,-0.028064,0.741319,-0.002096,0.009631,28.933161,0.107290,14.672907,14.260254,0.434011,0.426528
8.566667,2.742603,-0.124347,-0.027741,0.743953,-0.002117,0.009753,29.017498,0.108546,14.717491,14.300007,0.434813,0.427254
8.600000,2.767434,-0.125103,-0.027414,0.746568,-0.002140,0.009876,29.101050,0.109811,14.761700,14.339350,0.435606,0.427971
8.633333,2.792352,-0.125854,-0.027082,0.749163,-0.002163,0.010000,29.183812,0.111085,14.805532,14.378281,0.436392,0.428680
8.666667,2.817356,-0.126599,-0.026747,0.751738,-0.002188,0.010125,29.265783,0.112368,14.848985,14.416799,0.437169,0.429380
8.700000,2.842445,-0.127340,-0.026408,0.754292,-0.002213,0.010251,29.346959,0.113661,14.892058,14.454901,0.437938,0.430072
8.733333,2.867620,-0.128075,-0.026064,0.756827,-0.002240,0.010378,29.427336,0.114962,14.934749,14.492587,0.438700,0.430755
8.766667,2.892879,-0.128804,-0.025716,0.759341,-0.002267,0.010506,29.506911,0.116273,14.977057,14.529855,0.439453,0.431430
8.800000,2.918222,-0.129527,-0.025363,0.761835,-0.002296,0.010635,29.585682,0.117592,15.018980,14.566702,0.440198,0.432096
8.833333,2.943648,-0.130245,-0.025007,0.764309,-0.002326,0.010765,29.663644,0.118921,15.060516,14.603128,0.440936,0.432754
8.866667,2.969156,-0.130956,-0.024646,0.766762,-0.002357,0.010896,29.740796,0.120259,15.101665,14.639131,0.441665,0.433403
8.900000,2.994746,-0.131662,-0.024280,0.769194,-0.002389,0.011029,29.817132,0.121606,15.142424,14.674708,0.442386,0.434043
8.933333,3.020416,-0.132360,-0.023910,0.771605,-0.002422,0.011162,29.892651,0.122962,15.182792,14.709859,0.443100,0.434675
8.966667,3.046167,-0.133053,-0.023536,0.773996,-0.002456,0.011297,29.967349,0.124328,15.222767,14.744582,0.443805,0.435299
9.000000,3.071998,-0.133738,-0.023157,0.776366,-0.002491,0.011432,30.041223,0.125703,15.262347,14.778875,0.444503,0.435914
9.033333,3.097907,-0.134417,-0.022774,0.778715,-0.002528,0.011569,30.114269,0.127087,15.301532,14.812737,0.445192,0.436521
9.066667,3.123894,-0.135089,-0.022386,0.781043,-0.002566,0.011707,30.186485,0.128480,15.340320,14.846165,0.445874,0.437119
9.100000,3.149959,-0.135754,-0.021993,0.783349,-0.002604,0.011846,30.257867,0.129883,15.378708,14.879158,0.446547,0.437708
9.133333,3.176101,-0.136411,-0.021596,0.785635,-0.002645,0.011986,30.328412,0.131295,15.416696,14.911715,0.447213,0.438289
9.166667,3.202319,-0.137061,-0.021194,0.787899,-0.002686,0.012127,30.398117,0.132716,15.454282,14.943834,0.447870,0.438862
9.200000,3.228612,-0.137703,-0.020788,0.790141,-0.002728,0.012270,30.466978,0.134147,15.491464,14.975514,0.448520,0.439426
9.233333,3.254979,-0.138338,-0.020376,0.792362,-0.002772,0.012413,30.534993,0.135587,15.528242,15.006751,0.449162,0.439981
9.266667,3.281421,-0.138964,-0.019960,0.794562,-0.002817,0.012558,30.602158,0.137037,15.564612,15.037546,0.449796,0.440528
9.300000,3.307936,-0.139583,-0.019539,0.796739,-0.002863,0.012703,30.668471,0.138496,15.600574,15.067897,0.450421,0.441067
9.333333,3.334523,-0.140193,-0.019113,0.798895,-0.002911,0.012850,30.733927,0.139965,15.636127,15.097801,0.451039,0.441597
9.366667,3.361182,-0.140795,-0.018682,0.801029,-0.002960,0.012999,30.798525,0.141443,15.671268,15.127257,0.451649,0.442118
9.400000,3.387911,-0.141388,-0.018247,0.803142,-0.003010,0.013148,30.862260,0.142931,15.705996,15.156263,0.452252,0.442631
9.433333,3.414712,-0.141972,-0.017806,0.805232,-0.003061,0.013298,30.925129,0.144428,15.740310,15.184818,0.452846,0.443136
9.466667,3.441581,-0.142547,-0.017360,0.807300,-0.003114,0.013450,30.987130,0.145935,15.774209,15.212921,0.453432,0.443632
9.500000,3.468520,-0.143114,-0.016909,0.809345,-0.003168,0.013603,31.048258,0.147451,15.807689,15.240569,0.454010,0.444119
9.533333,3.495526,-0.143671,-0.016453,0.811369,-0.003223,0.013756,31.108512,0.148977,15.840751,15.267761,0.454581,0.444598
9.566667,3.522600,-0.144219,-0.015992,0.813370,-0.003280,0.013912,31.167888,0.150513,15.873392,15.294496,0.455143,0.445068
9.600000,3.549740,-0.144757,-0.015526,0.815348,-0.003337,0.014068,31.226383,0.152059,15.905612,15.320771,0.455698,0.445530
9.633333,3.576946,-0.145285,-0.015054,0.817304,-0.003397,0.014225,31.283993,0.153614,15.937408,15.346585,0.456245,0.445984
9.666667,3.604217,-0.145803,-0.014577,0.819237,-0.003457,0.014384,31.340716,0.155179,15.968779,15.371937,0.456783,0.446428
9.700000,3.631552,-0.146311,-0.014095,0.821148,-0.003519,0.014544,31.396548,0.156754,15.999724,15.396824,0.457314,0.446865
9.733333,3.658951,-0.146809,-0.013608,0.823036,-0.003582,0.014705,31.451486,0.158338,16.030240,15.421246,0.457837,0.447292
9.766667,3.686413,-0.147297,-0.013115,0.824900,-0.003647,0.014868,31.505528,0.159933,16.060328,15.445200,0.458352,0.447712
9.800000,3.713936,-0.147774,-0.012617,0.826742,-0.003713,0.015031,31.558670,0.161538,16.089984,15.468686,0.458859,0.448122
9.833333,3.741521,-0.148240,-0.012113,0.828561,-0.003780,0.015196,31.610908,0.163152,16.119208,15.491700,0.459359,0.448524
9.866667,3.769167,-0.148695,-0.011604,0.830356,-0.003849,0.015362,31.662241,0.164776,16.147998,15.514243,0.459850,0.448918
9.900000,3.796871,-0.149138,-0.011089,0.832129,-0.003919,0.015529,31.712664,0.166411,16.176353,15.536311,0.460333,0.449302
9.933333,3.824635,-0.149571,-0.010568,0.833877,-0.003990,0.015698,31.762175,0.168055,16.204271,15.557904,0.460809,0.449679
9.966667,3.852457,-0.149992,-0.010042,0.835603,-0.004063,0.015867,31.810770,0.169710,16.231751,15.579020,0.461276,0.450046
10.000000,3.880336,-0.150401,-0.009510,0.837305,-0.004137,0.016038,31.858447,0.171375,16.258791,15.599657,0.461736,0.450406
10.033333,3.908272,-0.150798,-0.008973,0.838983,-0.004212,0.016211,31.905203,0.173050,16.285390,15.619813,0.462188,0.450756
10.066667,3.936263,-0.151184,-0.008430,0.840638,-0.004289,0.016384,31.951034,0.174735,16.311546,15.639488,0.462632,0.451098
10.100000,3.964310,-0.151557,-0.007881,0.842268,-0.004367,0.016559,31.995937,0.176430,16.337258,15.658679,0.463067,0.451431
10.133333,3.992410,-0.151917,-0.007326,0.843875,-0.004447,0.016735,32.039910,0.178136,16.362525,15.677385,0.463495,0.451756
10.166667,4.020564,-0.152265,-0.006765,0.845458,-0.004528,0.016912,32.082949,0.179852,16.387345,15.695604,0.463915,0.452072
10.200000,4.048771,-0.152600,-0.006198,0.847017,-0.004610,0.017091,32.125051,0.181579,16.411716,15.713335,0.464327,0.452379
10.233333,4.077029,-0.152922,-0.005626,0.848552,-0.004694,0.017271,32.166214,0.183316,16.435638,15.730576,0.464731,0.452677
10.266667,4.105338,-0.153231,-0.005047,0.850063,-0.004779,0.017452,32.206433,0.185064,16.459108,15.747325,0.465128,0.452967
10.300000,4.133697,-0.153527,-0.004462,0.851549,-0.004865,0.017635,32.245707,0.186822,16.482126,15.763581,0.465516,0.453248
10.333333,4.162105,-0.153809,-0.003871,0.853011,-0.004953,0.017818,32.284032,0.188591,16.504690,15.779342,0.465896,0.453521
10.366667,4.190562,-0.154077,-0.003274,0.854448,-0.005042,0.018003,32.321405,0.190370,16.526799,15.794606,0.466268,0.453784
10.400000,4.219067,-0.154332,-0.002671,0.855861,-0.005132,0.018190,32.357823,0.192160,16.548451,15.809373,0.466632,0.454039
10.433333,4.247618,-0.154572,-0.002062,0.857249,-0.005224,0.018378,32.393284,0.193961,16.569644,15.823639,0.466989,0.454286
10.466667,4.276216,-0.154798,-0.001446,0.858613,-0.005317,0.018567,32.427783,0.195773,16.590378,15.837405,0.467337,0.454523
10.500000,4.304858,-0.155009,-0.000824,0.859952,-0.005411,0.018757,32.461319,0.197596,16.610651,15.850668,0.467677,0.454752
10.533333,4.333545,-0.155205,-0.000195,0.861266,-0.005506,0.018949,32.493888,0.199429,16.630462,15.863426,0.468010,0.454972
10.566667,4.362276,-0.155387,0.000440,0.862554,-0.005603,0.019142,32.525488,0.201274,16.649810,15.875678,0.468334,0.455183
10.600000,4.391049,-0.155554,0.001081,0.863818,-0.005701,0.019336,32.556115,0.203130,16.668692,15.887423,0.468651,0.455385
10.633333,4.419864,-0.155705,0.001729,0.865057,-0.005801,0.019532,32.585766,0.204997,16.687108,15.898658,0.468959,0.455578
10.666667,4.448720,-0.155841,0.002383,0.866270,-0.005901,0.019729,32.614439,0.206875,16.705056,15.909383,0.469259,0.455763
10.700000,4.477616,-0.155961,0.003044,0.867459,-0.006003,0.019927,32.642130,0.208765,16.722536,15.919595,0.469551,0.455938
10.733333,4.506551,-0.156065,0.003711,0.868621,-0.006106,0.020127,32.668837,0.210666,16.739545,15.929293,0.469836,0.456105
10.766667,4.535525,-0.156153,0.004386,0.869759,-0.006211,0.020328,32.694557,0.212578,16.756082,15.938475,0.470112,0.456263
10.800000,4.564536,-0.156224,0.005067,0.870870,-0.006316,0.020531,32.719287,0.214502,16.772146,15.947140,0.470380,0.456412
10.833333,4.593584,-0.156280,0.005754,0.871956,-0.006423,0.020735,32.743024,0.216437,16.787737,15.955287,0.470640,0.456552
10.866667,4.622667,-0.156318,0.006449,0.873017,-0.006531,0.020940,32.765836,0.218383,16.802885,15.962951,0.470893,0.456683
10.900000,4.651786,-0.156340,0.007150,0.874052,-0.006639,0.021147,32.787761,0.220339,16.817610,15.970151,0.471138,0.456807
10.933333,4.680939,-0.156344,0.007859,0.875061,-0.006750,0.021355,32.808803,0.222306,16.831912,15.976891,0.471377,0.456923
10.966667,4.710125,-0.156331,0.008574,0.876045,-0.006861,0.021564,32.828965,0.224282,16.845794,15.983171,0.471608,0.457030
11.000000,4.739343,-0.156300,0.009296,0.877003,-0.006974,0.021775,32.848250,0.226268,16.859257,15.988993,0.471832,0.457130
11.033333,4.768593,-0.156252,0.010026,0.877936,-0.007088,0.021987,32.866662,0.228265,16.872302,15.994360,0.472049,0.457222
11.066667,4.797874,-0.156186,0.010762,0.878844,-0.007203,0.022201,32.884203,0.230271,16.884930,15.999272,0.472259,0.457307
11.100000,4.827184,-0.156102,0.011506,0.879727,-0.007319,0.022415,32.900877,0.232287,16.897145,16.003732,0.472462,0.457383
11.133333,4.856524,-0.155999,0.012257,0.880585,-0.007437,0.022632,32.916687,0.234313,16.908946,16.007741,0.472658,0.457452
11.166667,4.885892,-0.155878,0.013015,0.881418,-0.007557,0.022849,32.931637,0.236349,16.920336,16.011301,0.472847,0.457513
11.200000,4.915286,-0.155738,0.013780,0.882226,-0.007677,0.023068,32.945729,0.238395,16.931316,16.014413,0.473029,0.457566
11.233333,4.944708,-0.155579,0.014553,0.883010,-0.007799,0.023289,32.958966,0.240450,16.941887,16.017079,0.473205,0.457612
11.266667,4.974155,-0.155401,0.015333,0.883768,-0.007922,0.023510,32.971353,0.242515,16.952052,16.019301,0.473373,0.457650
11.300000,5.003627,-0.155204,0.016120,0.884503,-0.008047,0.023733,32.982892,0.244590,16.961811,16.021081,0.473535,0.457680
11.333333,5.033122,-0.154987,0.016915,0.885212,-0.008173,0.023958,32.993586,0.246674,16.971166,16.022420,0.473690,0.457703
11.366667,5.062641,-0.154751,0.017717,0.885897,-0.008301,0.024183,33.003439,0.248768,16.980120,16.023320,0.473839,0.457719
11.400000,5.092182,-0.154494,0.018527,0.886558,-0.008430,0.024410,33.012454,0.250871,16.988672,16.023782,0.473980,0.457727
11.433333,5.121745,-0.154217,0.019344,0.887195,-0.008561,0.024639,33.020635,0.252985,16.996826,16.023809,0.474115,0.457727
11.466667,5.151328,-0.153921,0.020170,0.887807,-0.008693,0.024869,33.027984,0.255107,17.004582,16.023401,0.474244,0.457720
11.500000,5.180932,-0.153603,0.021002,0.888396,-0.008827,0.025100,33.034504,0.257239,17.011943,16.022562,0.474366,0.457706
11.533333,5.210554,-0.153265,0.021843,0.888960,-0.008962,0.025332,33.040200,0.259381,17.018909,16.021291,0.474481,0.457684
11.566667,5.240194,-0.152906,0.022691,0.889500,-0.009098,0.025566,33.045074,0.261531,17.025482,16.019592,0.474590,0.457655
11.600000,5.269852,-0.152526,0.023547,0.890017,-0.009236,0.025801,33.049129,0.263692,17.031664,16.017465,0.474692,0.457618
11.633333,5.299527,-0.152124,0.024411,0.890510,-0.009376,0.026037,33.052370,0.265862,17.037457,16.014913,0.474788,0.457575
11.666667,5.329217,-0.151702,0.025283,0.890979,-0.009517,0.026275,33.054798,0.268041,17.042862,16.011936,0.474877,0.457524
11.700000,5.358922,-0.151257,0.026163,0.891425,-0.009660,0.026514,33.056418,0.270229,17.047881,16.008538,0.474960,0.457465
11.733333,5.388641,-0.150791,0.027051,0.891847,-0.009804,0.026754,33.057233,0.272427,17.052515,16.004719,0.475037,0.457400
11.766667,5.418374,-0.150302,0.027947,0.892246,-0.009950,0.026996,33.057246,0.274634,17.056766,16.000481,0.475107,0.457327
11.800000,5.448119,-0.149792,0.028851,0.892622,-0.010098,0.027239,33.056461,0.276850,17.060635,15.995826,0.475171,0.457248
11.833333,5.477877,-0.149258,0.029763,0.892974,-0.010247,0.027483,33.054880,0.279076,17.064125,15.990755,0.475228,0.457161
11.866667,5.507645,-0.148703,0.030683,0.893303,-0.010397,0.027729,33.052507,0.281311,17.067237,15.985270,0.475280,0.457066
11.900000,5.537423,-0.148124,0.031611,0.893609,-0.010549,0.027976,33.049346,0.283555,17.069972,15.979374,0.475325,0.456965
11.933333,5.567211,-0.147523,0.032548,0.893893,-0.010703,0.028224,33.045399,0.285809,17.072332,15.973067,0.475364,0.456857
11.966667,5.597007,-0.146898,0.033493,0.894153,-0.010858,0.028474,33.040670,0.288072,17.074319,15.966351,0.475397,0.456742
12.000000,5.626812,-0.146250,0.034446,0.894391,-0.011015,0.028724,33.035163,0.290344,17.075935,15.959228,0.475424,0.456620
12.033333,5.656623,-0.145578,0.035408,0.894606,-0.011173,0.028977,33.028881,0.292625,17.077181,15.951700,0.475444,0.456490
12.066667,5.686441,-0.144883,0.036378,0.894798,-0.011333,0.029230,33.021827,0.294916,17.078059,15.943768,0.475459,0.456354
12.100000,5.716264,-0.144164,0.037356,0.894968,-0.011495,0.029485,33.014004,0.297215,17.078570,15.935434,0.475467,0.456211
12.133333,5.746092,-0.143420,0.038344,0.895115,-0.011658,0.029741,33.005417,0.299524,17.078717,15.926700,0.475469,0.456061
12.166667,5.775924,-0.142653,0.039339,0.895240,-0.011822,0.029998,32.996067,0.301843,17.078500,15.917567,0.475466,0.455904
12.200000,5.805759,-0.141861,0.040343,0.895343,-0.011988,0.030257,32.985959,0.304170,17.077922,15.908037,0.475456,0.455740
12.233333,5.835597,-0.141044,0.041356,0.895424,-0.012156,0.030516,32.975097,0.306507,17.076985,15.898112,0.475441,0.455569
12.266667,5.865436,-0.140202,0.042378,0.895482,-0.012325,0.030778,32.963483,0.308853,17.075689,15.887793,0.475419,0.455391
12.300000,5.895277,-0.139336,0.043408,0.895519,-0.012496,0.031040,32.951120,0.311208,17.074038,15.877083,0.475392,0.455207
12.333333,5.925117,-0.138444,0.044447,0.895534,-0.012668,0.031304,32.938013,0.313573,17.072031,15.865982,0.475359,0.455016
12.366667,5.954957,-0.137526,0.045495,0.895527,-0.012841,0.031569,32.924165,0.315947,17.069672,15.854493,0.475320,0.454818
12.400000,5.984796,-0.136584,0.046552,0.895498,-0.013016,0.031835,32.909579,0.318330,17.066962,15.842617,0.475275,0.454613
12.433333,6.014633,-0.135615,0.047617,0.895447,-0.013193,0.032102,32.894259,0.320722,17.063903,15.830356,0.475225,0.454402
12.466667,6.044466,-0.134621,0.048692,0.895375,-0.013371,0.032371,32.878207,0.323124,17.060496,15.817712,0.475168,0.454183
12.500000,6.074297,-0.133600,0.049775,0.895282,-0.013550,0.032641,32.861428,0.325535,17.056743,15.804686,0.475106,0.453959
12.533333,6.104123,-0.132553,0.050868,0.895167,-0.013731,0.032913,32.843925,0.327955,17.052646,15.791280,0.475039,0.453727
12.566667,6.133944,-0.131480,0.051970,0.895031,-0.013914,0.033185,32.825702,0.330385,17.048207,15.777495,0.474965,0.453489
12.600000,6.163759,-0.130380,0.053080,0.894874,-0.014097,0.033459,32.806761,0.332824,17.043427,15.763334,0.474886,0.453244
12.633333,6.193568,-0.129253,0.054200,0.894696,-0.014282,0.033734,32.787107,0.335273,17.038309,15.748799,0.474802,0.452993
12.666667,6.223369,-0.128099,0.055329,0.894497,-0.014469,0.034010,32.766743,0.337731,17.032853,15.733890,0.474712,0.452735
12.700000,6.253162,-0.126918,0.056468,0.894277,-0.014657,0.034288,32.745672,0.340198,17.027063,15.718609,0.474616,0.452470
12.733333,6.282947,-0.125710,0.057615,0.894036,-0.014846,0.034567,32.723898,0.342675,17.020939,15.702959,0.474514,0.452199
12.766667,6.312723,-0.124474,0.058772,0.893774,-0.015036,0.034847,32.701425,0.345161,17.014484,15.686941,0.474408,0.451921
12.800000,6.342488,-0.123211,0.059938,0.893492,-0.015228,0.035128,32.678255,0.347657,17.007699,15.670556,0.474295,0.451637
12.833333,6.372242,-0.121919,0.061114,0.893189,-0.015420,0.035411,32.654393,0.350163,17.000586,15.653807,0.474178,0.451346
12.866667,6.401985,-0.120600,0.062299,0.892866,-0.015614,0.035695,32.629842,0.352678,16.993147,15.636695,0.474054,0.451049
12.900000,6.431716,-0.119252,0.063494,0.892522,-0.015810,0.035980,32.604606,0.355202,16.985384,15.619221,0.473926,0.450746
12.933333,6.461434,-0.117876,0.064698,0.892159,-0.016006,0.036266,32.578687,0.357737,16.977299,15.601389,0.473792,0.450436
12.966667,6.491137,-0.116472,0.065911,0.891775,-0.016204,0.036554,32.552091,0.360281,16.968893,15.583198,0.473652,0.450119
13.000000,6.520827,-0.115038,0.067135,0.891371,-0.016403,0.036842,32.524820,0.362834,16.960168,15.564652,0.473508,0.449796
13.033333,6.550501,-0.113576,0.068368,0.890947,-0.016602,0.037132,32.496877,0.365398,16.951127,15.545751,0.473358,0.449467
13.066667,6.580160,-0.112085,0.069610,0.890503,-0.016803,0.037424,32.468268,0.367971,16.941770,15.526497,0.473203,0.449131
13.100000,6.609802,-0.110564,0.070863,0.890039,-0.017005,0.037716,32.438994,0.370554,16.932101,15.506893,0.473042,0.448789
13.133333,6.639427,-0.109015,0.072125,0.889556,-0.017208,0.038010,32.409060,0.373147,16.922120,15.486940,0.472877,0.448441
13.166667,6.669034,-0.107435,0.073397,0.889053,-0.017412,0.038305,32.378470,0.375750,16.911830,15.466639,0.472706,0.448086
13.200000,6.698623,-0.105826,0.074678,0.888530,-0.017617,0.038601,32.347226,0.378362,16.901233,15.445993,0.472530,0.447725
13.233333,6.728192,-0.104187,0.075970,0.887989,-0.017822,0.038898,32.315334,0.380985,16.890331,15.425003,0.472348,0.447358
13.266667,6.757741,-0.102518,0.077271,0.887427,-0.018029,0.039196,32.282795,0.383618,16.879124,15.403671,0.472162,0.446985
13.300000,6.787270,-0.100818,0.078583,0.886847,-0.018236,0.039496,32.249615,0.386261,16.867617,15.381998,0.471971,0.446605
13.333333,6.816777,-0.099088,0.079905,0.886248,-0.018445,0.039797,32.215797,0.388914,16.855809,15.359987,0.471774,0.446219
13.366667,6.846262,-0.097328,0.081236,0.885629,-0.018654,0.040099,32.181343,0.391577,16.843704,15.337639,0.471573,0.445827
13.400000,6.875725,-0.095537,0.082578,0.884992,-0.018863,0.040403,32.146259,0.394250,16.831303,15.314956,0.471366,0.445428
13.433333,6.905164,-0.093714,0.083930,0.884335,-0.019074,0.040707,32.110548,0.396934,16.818609,15.291940,0.471155,0.445023
13.466667,6.934579,-0.091861,0.085292,0.883660,-0.019285,0.041013,32.074214,0.399628,16.805622,15.268592,0.470938,0.444613
13.500000,6.963970,-0.089977,0.086664,0.882967,-0.019496,0.041320,32.037260,0.402332,16.792345,15.244914,0.470717,0.444196
13.533333,6.993335,-0.088061,0.088046,0.882254,-0.019708,0.041628,31.999690,0.405047,16.778781,15.220909,0.470491,0.443772
13.566667,7.022674,-0.086114,0.089439,0.881524,-0.019921,0.041937,31.961507,0.407772,16.764931,15.196577,0.470260,0.443343
13.600000,7.051987,-0.084135,0.090842,0.880775,-0.020134,0.042248,31.922717,0.410508,16.750796,15.171921,0.470024,0.442908
13.633333,7.081272,-0.082124,0.092256,0.880008,-0.020348,0.042559,31.883322,0.413254,16.736380,15.146942,0.469783,0.442466
13.666667,7.110529,-0.080081,0.093679,0.879222,-0.020562,0.042872,31.843326,0.416011,16.721684,15.121642,0.469537,0.442019
13.700000,7.139758,-0.078005,0.095114,0.878419,-0.020776,0.043186,31.802734,0.418779,16.706710,15.096023,0.469287,0.441565
13.733333,7.168957,-0.075898,0.096559,0.877597,-0.020991,0.043501,31.761548,0.421557,16.691460,15.070087,0.469032,0.441106
13.766667,7.198127,-0.073758,0.098014,0.876758,-0.021206,0.043818,31.719773,0.424346,16.675937,15.043836,0.468772,0.440640
13.800000,7.227265,-0.071585,0.099480,0.875901,-0.021421,0.044135,31.677413,0.427146,16.660141,15.017271,0.468507,0.440168
13.833333,7.256373,-0.069379,0.100956,0.875027,-0.021637,0.044454,31.634471,0.429957,16.644076,14.990395,0.468238,0.439690
13.866667,7.285449,-0.067141,0.102443,0.874135,-0.021852,0.044774,31.590952,0.432779,16.627743,14.963209,0.467964,0.439207
13.900000,7.314492,-0.064869,0.103941,0.873225,-0.022067,0.045095,31.546859,0.435612,16.611145,14.935714,0.467686,0.438717
13.933333,7.343502,-0.062564,0.105450,0.872298,-0.022283,0.045417,31.502196,0.438456,16.594283,14.907913,0.467403,0.438221
13.966667,7.372478,-0.060225,0.106969,0.871354,-0.022498,0.045741,31.456967,0.441311,16.577159,14.879808,0.467115,0.437720
14.000000,7.401420,-0.057853,0.108499,0.870392,-0.022714,0.046065,31.411177,0.444178,16.559776,14.851401,0.466823,0.437212
14.033333,7.430327,-0.055447,0.110040,0.869414,-0.022929,0.046391,31.364829,0.447055,16.542136,14.822692,0.466526,0.436699
14.066667,7.459198,-0.053007,0.111592,0.868419,-0.023144,0.046718,31.317927,0.449945,16.524241,14.793685,0.466225,0.436179
14.100000,7.488033,-0.050533,0.113155,0.867406,-0.023359,0.047046,31.270474,0.452845,16.506093,14.764381,0.465920,0.435654
14.133333,7.516831,-0.048025,0.114728,0.866378,-0.023573,0.047375,31.222477,0.455757,16.487694,14.734782,0.465610,0.435123
14.166667,7.545592,-0.045482,0.116313,0.865332,-0.023787,0.047706,31.173937,0.458681,16.469046,14.704890,0.465295,0.434586
14.200000,7.574314,-0.042905,0.117909,0.864270,-0.024001,0.048037,31.124859,0.461616,16.450152,14.674707,0.464976,0.434043
14.233333,7.602998,-0.040293,0.119516,0.863192,-0.024214,0.048370,31.075248,0.464562,16.431013,14.644234,0.464653,0.433495
14.266667,7.631642,-0.037646,0.121133,0.862097,-0.024427,0.048704,31.025107,0.467521,16.411632,14.613474,0.464326,0.432940
14.300000,7.660246,-0.034965,0.122762,0.860986,-0.024639,0.049038,30.974440,0.470491,16.392011,14.582429,0.463994,0.432380
14.333333,7.688810,-0.032248,0.124403,0.859859,-0.024850,0.049374,30.923252,0.473474,16.372152,14.551100,0.463658,0.431814
14.366667,7.717332,-0.029496,0.126054,0.858716,-0.025061,0.049712,30.871547,0.476468,16.352057,14.519489,0.463318,0.431242
14.400000,7.745813,-0.026708,0.127717,0.857557,-0.025271,0.050050,30.819328,0.479474,16.331729,14.487599,0.462974,0.430665
14.433333,7.774252,-0.023885,0.129391,0.856382,-0.025480,0.050389,30.766600,0.482492,16.311170,14.455431,0.462625,0.430082
14.466667,7.802647,-0.021026,0.131076,0.855191,-0.025688,0.050730,30.713387,0.485521,16.290388,14.422999,0.462273,0.429493
14.500000,7.830999,-0.018131,0.132773,0.853986,-0.025895,0.051072,30.659726,0.488559,16.269400,14.390326,0.461916,0.428899
14.533333,7.859307,-0.015200,0.134481,0.852764,-0.026101,0.051414,30.605623,0.491605,16.248206,14.357417,0.461556,0.428300
14.566667,7.887570,-0.012233,0.136200,0.851528,-0.026307,0.051758,30.551086,0.494660,16.226812,14.324273,0.461192,0.427696
14.600000,7.915787,-0.009230,0.137931,0.850277,-0.026511,0.052103,30.496121,0.497723,16.205220,14.290901,0.460825,0.427088
14.633333,7.943959,-0.006190,0.139674,0.849011,-0.026715,0.052449,30.440736,0.500794,16.183433,14.257303,0.460454,0.426474
14.666667,7.972085,-0.003113,0.141428,0.847730,-0.026917,0.052796,30.384937,0.503873,16.161454,14.223482,0.460079,0.425855
14.700000,8.000163,-0.000000,0.143194,0.846435,-0.027119,0.053144,30.328731,0.506959,16.139287,14.189444,0.459701,0.425232
14.733333,8.028194,0.003150,0.144971,0.845126,-0.027320,0.053493,30.272126,0.510053,16.116935,14.155191,0.459320,0.424604
14.766667,8.056177,0.006337,0.146760,0.843803,-0.027519,0.053843,30.215127,0.513155,16.094400,14.120727,0.458935,0.423971
14.800000,8.084111,0.009561,0.148560,0.842466,-0.027718,0.054193,30.157743,0.516264,16.071686,14.086057,0.458547,0.423334
14.833333,8.111996,0.012823,0.150373,0.841115,-0.027916,0.054545,30.099980,0.519379,16.048796,14.051183,0.458155,0.422692
14.866667,8.139831,0.016122,0.152197,0.839751,-0.028112,0.054898,30.041844,0.522502,16.025734,14.016110,0.457760,0.422045
14.900000,8.167616,0.019458,0.154033,0.838374,-0.028308,0.055251,29.983344,0.525632,16.002502,13.980842,0.457362,0.421394
14.933333,8.195350,0.022832,0.155880,0.836984,-0.028503,0.055606,29.924485,0.528768,15.979103,13.945382,0.456961,0.420739
14.966667,8.223033,0.026244,0.157740,0.835581,-0.028696,0.055961,29.865275,0.531910,15.955542,13.909733,0.456556,0.420079
15.000000,8.250664,0.029693,0.159611,0.834165,-0.028889,0.056317,29.805720,0.535059,15.931820,13.873900,0.456149,0.419415
15.033333,8.278243,0.033181,0.161494,0.832737,-0.029080,0.056674,29.745828,0.538214,15.907941,13.837887,0.455738,0.418746
15.066667,8.305769,0.036706,0.163389,0.831296,-0.029271,0.057031,29.685605,0.541375,15.883908,13.801697,0.455324,0.418074
15.100000,8.333242,0.040270,0.165296,0.829843,-0.029460,0.057390,29.625059,0.544542,15.859725,13.765334,0.454908,0.417397
15.133333,8.360661,0.043872,0.167215,0.828379,-0.029648,0.057749,29.564195,0.547714,15.835394,13.728801,0.454488,0.416716
15.166667,8.388026,0.047513,0.169146,0.826902,-0.029835,0.058109,29.503022,0.550892,15.810919,13.692103,0.454066,0.416031
15.200000,8.415336,0.051192,0.171089,0.825414,-0.030021,0.058469,29.441546,0.554075,15.786302,13.655244,0.453641,0.415342
15.233333,8.442591,0.054909,0.173044,0.823915,-0.030206,0.058830,29.379774,0.557263,15.761547,13.618226,0.453213,0.414649
15.266667,8.469790,0.058666,0.175011,0.822405,-0.030390,0.059192,29.317712,0.560457,15.736658,13.581054,0.452783,0.413952
15.300000,8.496933,0.062461,0.176990,0.820883,-0.030572,0.059555,29.255368,0.563655,15.711636,13.543732,0.452349,0.413252
15.333333,8.524019,0.066295,0.178982,0.819351,-0.030753,0.059918,29.192749,0.566858,15.686486,13.506263,0.451913,0.412547
15.366667,8.551049,0.070168,0.180985,0.817808,-0.030933,0.060282,29.129861,0.570065,15.661210,13.468651,0.451475,0.411839
15.400000,8.578020,0.074080,0.183000,0.816255,-0.031112,0.060646,29.066712,0.573277,15.635812,13.430900,0.451034,0.411127
15.433333,8.604934,0.078031,0.185028,0.814692,-0.031290,0.061011,29.003308,0.576493,15.610294,13.393013,0.450591,0.410412
15.466667,8.631790,0.082022,0.187068,0.813118,-0.031466,0.061376,28.939656,0.579713,15.584661,13.354995,0.450145,0.409693
15.500000,8.658586,0.086052,0.189120,0.811535,-0.031641,0.061742,28.875763,0.582937,15.558914,13.316849,0.449696,0.408971
15.533333,8.685324,0.090121,0.191184,0.809942,-0.031815,0.062109,28.811635,0.586165,15.533057,13.278578,0.449246,0.408245
15.566667,8.712001,0.094230,0.193260,0.808339,-0.031987,0.062476,28.747281,0.589396,15.507094,13.240187,0.448793,0.407515
15.600000,8.738619,0.098378,0.195349,0.806727,-0.032159,0.062844,28.682706,0.592630,15.481026,13.201679,0.448338,0.406783
15.633333,8.765176,0.102566,0.197450,0.805107,-0.032328,0.063212,28.617917,0.595868,15.454858,13.163059,0.447880,0.406047
15.666667,8.791673,0.106794,0.199563,0.803477,-0.032497,0.063580,28.552922,0.599109,15.428593,13.124329,0.447421,0.405308
15.700000,8.818108,0.111062,0.201689,0.801838,-0.032664,0.063949,28.487726,0.602352,15.402233,13.085493,0.446959,0.404565
15.733333,8.844481,0.115369,0.203826,0.800191,-0.032830,0.064318,28.422338,0.605599,15.375782,13.046556,0.446496,0.403820
15.766667,8.870792,0.119716,0.205976,0.798536,-0.032994,0.064688,28.356763,0.608848,15.349242,13.007521,0.446030,0.403072
15.800000,8.897041,0.124104,0.208139,0.796872,-0.033157,0.065057,28.291009,0.612099,15.322618,12.968391,0.445563,0.402320
15.833333,8.923227,0.128531,0.210314,0.795201,-0.033319,0.065428,28.225082,0.615352,15.295911,12.929171,0.445093,0.401566
15.866667,8.949350,0.132999,0.212501,0.793522,-0.033479,0.065798,28.158989,0.618608,15.269125,12.889864,0.444622,0.400809
15.900000,8.975409,0.137507,0.214700,0.791835,-0.033638,0.066169,28.092737,0.621865,15.242263,12.850474,0.444149,0.400049
15.933333,9.001405,0.142055,0.216912,0.790141,-0.033795,0.066540,28.026332,0.625124,15.215328,12.811004,0.443674,0.399286
15.966667,9.027336,0.146643,0.219136,0.788439,-0.033951,0.066912,27.959782,0.628385,15.188324,12.771459,0.443198,0.398521
16.000000,9.053202,0.151272,0.221373,0.786731,-0.034106,0.067284,27.893094,0.631647,15.161252,12.731841,0.442719,0.397753
16.033333,9.079004,0.155941,0.223622,0.785015,-0.034259,0.067656,27.826273,0.634910,15.134117,12.692156,0.442240,0.396982
16.066667,9.104740,0.160651,0.225883,0.783293,-0.034410,0.068028,27.759327,0.638174,15.106921,12.652405,0.441758,0.396209
16.100000,9.130411,0.165401,0.228157,0.781565,-0.034560,0.068400,27.692262,0.641439,15.079668,12.612594,0.441275,0.395434
16.133333,9.156015,0.170192,0.230443,0.779830,-0.034708,0.068773,27.625085,0.644705,15.052359,12.572726,0.440791,0.394656
16.166667,9.181553,0.175023,0.232742,0.778089,-0.034855,0.069145,27.557803,0.647971,15.024999,12.532804,0.440305,0.393876
16.200000,9.207025,0.179895,0.235053,0.776343,-0.035001,0.069518,27.490423,0.651237,14.997590,12.492832,0.439818,0.393094
16.233333,9.232430,0.184807,0.237376,0.774590,-0.035145,0.069891,27.422951,0.654503,14.970136,12.452815,0.439330,0.392309
16.266667,9.257767,0.189761,0.239712,0.772832,-0.035287,0.070264,27.355393,0.657770,14.942639,12.412755,0.438840,0.391523
16.300000,9.283037,0.194755,0.242061,0.771069,-0.035428,0.070637,27.287757,0.661036,14.915101,12.372656,0.438350,0.390734
16.333333,9.308239,0.199790,0.244421,0.769301,-0.035567,0.071010,27.220049,0.664302,14.887528,12.332521,0.437858,0.389943
16.366667,9.333373,0.204865,0.246795,0.767527,-0.035704,0.071383,27.152276,0.667567,14.859920,12.292356,0.437364,0.389151
16.400000,9.358439,0.209982,0.249180,0.765749,-0.035841,0.071756,27.084444,0.670831,14.832281,12.252163,0.436870,0.388356
16.433333,9.383435,0.215139,0.251578,0.763966,-0.035975,0.072129,27.016560,0.674094,14.804615,12.211945,0.436375,0.387560
16.466667,9.408363,0.220337,0.253989,0.762179,-0.036108,0.072502,26.948630,0.677356,14.776923,12.171707,0.435879,0.386762
16.500000,9.433222,0.225576,0.256412,0.760388,-0.036239,0.072875,26.880662,0.680617,14.749209,12.131452,0.435382,0.385962
16.533333,9.458011,0.230857,0.258847,0.758592,-0.036369,0.073248,26.812661,0.683876,14.721476,12.091184,0.434884,0.385161
16.566667,9.482731,0.236178,0.261295,0.756793,-0.036497,0.073621,26.744634,0.687133,14.693727,12.050907,0.434385,0.384358
16.600000,9.507380,0.241540,0.263755,0.754990,-0.036624,0.073994,26.676588,0.690389,14.665964,12.010623,0.433886,0.383554
16.633333,9.531959,0.246943,0.266228,0.753183,-0.036749,0.074367,26.608528,0.693642,14.638191,11.970337,0.433386,0.382749
16.666667,9.556468,0.252386,0.268713,0.751373,-0.036872,0.074739,26.540463,0.696893,14.610410,11.930053,0.432885,0.381942
16.700000,9.580905,0.257871,0.271211,0.749560,-0.036994,0.075112,26.472397,0.700141,14.582624,11.889773,0.432384,0.381134
16.733333,9.605272,0.263397,0.273720,0.747744,-0.037114,0.075484,26.404337,0.703387,14.554836,11.849501,0.431882,0.380324
16.766667,9.629568,0.268964,0.276243,0.745926,-0.037233,0.075856,26.336291,0.706630,14.527049,11.809242,0.431379,0.379514
16.800000,9.653792,0.274572,0.278778,0.744104,-0.037350,0.076228,26.268263,0.709869,14.499265,11.768998,0.430876,0.378702
16.833333,9.677945,0.280221,0.281325,0.742281,-0.037466,0.076599,26.200261,0.713106,14.471488,11.728773,0.430373,0.377890
16.866667,9.702026,0.285911,0.283884,0.740455,-0.037580,0.076970,26.132291,0.716339,14.443719,11.688571,0.429869,0.377076
16.900000,9.726034,0.291642,0.286456,0.738627,-0.037692,0.077341,26.064358,0.719568,14.415963,11.648395,0.429365,0.376262
16.933333,9.749971,0.297414,0.289040,0.736797,-0.037803,0.077712,25.996471,0.722793,14.388221,11.608249,0.428861,0.375447
16.966667,9.773835,0.303227,0.291637,0.734966,-0.037912,0.078083,25.928634,0.726014,14.360497,11.568136,0.428356,0.374631
17.000000,9.797626,0.309082,0.294246,0.733133,-0.038020,0.078453,25.860853,0.729230,14.332793,11.528060,0.427852,0.373815
17.033333,9.821345,0.314977,0.296867,0.731298,-0.038127,0.078822,25.793136,0.732443,14.305112,11.488025,0.427347,0.372998
17.066667,9.844990,0.320913,0.299501,0.729463,-0.038231,0.079192,25.725488,0.735650,14.277456,11.448033,0.426842,0.372180
17.100000,9.868563,0.326889,0.302146,0.727626,-0.038335,0.079561,25.657916,0.738852,14.249828,11.408088,0.426337,0.371363
17.133333,9.892062,0.332907,0.304805,0.725789,-0.038437,0.079929,25.590425,0.742050,14.222231,11.368194,0.425832,0.370544
17.166667,9.915487,0.338966,0.307475,0.723951,-0.038537,0.080297,25.523022,0.745241,14.194667,11.328354,0.425328,0.369726
17.200000,9.938839,0.345066,0.310158,0.722113,-0.038636,0.080665,25.455712,0.748428,14.167140,11.288572,0.424823,0.368907
17.233333,9.962117,0.351206,0.312853,0.720275,-0.038734,0.081032,25.388502,0.751608,14.139651,11.248851,0.424319,0.368088
17.266667,9.985321,0.357388,0.315560,0.718436,-0.038830,0.081399,25.321398,0.754782,14.112204,11.209194,0.423814,0.367269
17.300000,10.008451,0.363610,0.318279,0.716598,-0.038925,0.081765,25.254406,0.757951,14.084800,11.169606,0.423311,0.366450
17.333333,10.031507,0.369873,0.321011,0.714759,-0.039018,0.082131,25.187531,0.761112,14.057443,11.130088,0.422807,0.365632
17.366667,10.054489,0.376176,0.323755,0.712921,-0.039111,0.082496,25.120779,0.764267,14.030134,11.090645,0.422304,0.364813
17.400000,10.077396,0.382521,0.326511,0.711084,-0.039201,0.082861,25.054158,0.767415,14.002877,11.051280,0.421801,0.363995
17.433333,10.100228,0.388906,0.329279,0.709248,-0.039291,0.083225,24.987671,0.770556,13.975674,11.011997,0.421299,0.363176
17.466667,10.122985,0.395332,0.332059,0.707412,-0.039379,0.083588,24.921325,0.773690,13.948527,10.972798,0.420797,0.362359
17.500000,10.145668,0.401798,0.334851,0.705578,-0.039467,0.083951,24.855126,0.776816,13.921439,10.933687,0.420296,0.361541
17.533333,10.168276,0.408305,0.337656,0.703745,-0.039553,0.084313,24.789080,0.779934,13.894412,10.894667,0.419795,0.360725
17.566667,10.190809,0.414852,0.340472,0.701913,-0.039637,0.084674,24.723191,0.783044,13.867449,10.855742,0.419295,0.359908
17.600000,10.213267,0.421440,0.343301,0.700083,-0.039721,0.085035,24.657467,0.786146,13.840552,10.816915,0.418796,0.359093
17.633333,10.235649,0.428068,0.346141,0.698255,-0.039804,0.085395,24.591911,0.789239,13.813723,10.778188,0.418297,0.358278
17.666667,10.257956,0.434737,0.348994,0.696428,-0.039885,0.085754,24.526531,0.792324,13.786965,10.739566,0.417800,0.357464
17.700000,10.280188,0.441446,0.351858,0.694604,-0.039966,0.086113,24.461331,0.795399,13.760280,10.701051,0.417303,0.356651
17.733333,10.302344,0.448195,0.354734,0.692782,-0.040046,0.086471,24.396318,0.798466,13.733670,10.662648,0.416807,0.355839
17.766667,10.324425,0.454985,0.357623,0.690962,-0.040124,0.086828,24.331495,0.801523,13.707138,10.624357,0.416312,0.355028
17.800000,10.346430,0.461814,0.360523,0.689146,-0.040202,0.087184,24.266870,0.804570,13.680685,10.586184,0.415818,0.354218
17.833333,10.368360,0.468684,0.363435,0.687331,-0.040279,0.087540,24.202446,0.807608,13.654315,10.548131,0.415325,0.353409
17.866667,10.390214,0.475593,0.366359,0.685520,-0.040355,0.087894,24.138230,0.810635,13.628029,10.510201,0.414833,0.352602
17.900000,10.411992,0.482543,0.369295,0.683712,-0.040431,0.088248,24.074227,0.813652,13.601829,10.472398,0.414342,0.351796
17.933333,10.433695,0.489532,0.372242,0.681907,-0.040506,0.088601,24.010441,0.816658,13.575718,10.434723,0.413852,0.350991
17.966667,10.455321,0.496562,0.375201,0.680106,-0.040580,0.088953,23.946878,0.819654,13.549697,10.397182,0.413364,0.350188
18.000000,10.476872,0.503631,0.378172,0.678308,-0.040653,0.089304,23.883544,0.822638,13.523769,10.359775,0.412877,0.349386
18.033333,10.498347,0.510739,0.381155,0.676513,-0.040726,0.089655,23.820443,0.825611,13.497936,10.322507,0.412391,0.348586
18.066667,10.519747,0.517888,0.384149,0.674723,-0.040799,0.090004,23.757571,0.828573,13.472195,10.285377,0.411906,0.347788
18.100000,10.541070,0.525075,0.387155,0.672937,-0.040871,0.090352,23.694901,0.831522,13.446531,10.248370,0.411422,0.346991
18.133333,10.562317,0.532303,0.390173,0.671154,-0.040942,0.090699,23.632430,0.834458,13.420942,10.211488,0.410939,0.346195
18.166667,10.583489,0.539569,0.393202,0.669376,-0.041013,0.091046,23.570162,0.837382,13.395431,10.174731,0.410458,0.345401
18.200000,10.604585,0.546875,0.396242,0.667602,-0.041084,0.091391,23.508100,0.840293,13.369997,10.138103,0.409977,0.344608
18.233333,10.625604,0.554220,0.399295,0.665832,-0.041153,0.091735,23.446246,0.843190,13.344643,10.101603,0.409497,0.343817
18.266667,10.646548,0.561604,0.402358,0.664067,-0.041222,0.092078,23.384604,0.846075,13.319369,10.065235,0.409018,0.343027
18.300000,10.667416,0.569027,0.405433,0.662306,-0.041291,0.092420,23.323177,0.848946,13.294177,10.029000,0.408541,0.342239
18.333333,10.688208,0.576490,0.408519,0.660550,-0.041358,0.092761,23.261967,0.851804,13.269067,9.992900,0.408064,0.341452
18.366667,10.708924,0.583991,0.411617,0.658798,-0.041424,0.093101,23.200977,0.854647,13.244041,9.956936,0.407589,0.340667
18.400000,10.729565,0.591531,0.414726,0.657051,-0.041490,0.093439,23.140210,0.857477,13.219100,9.921110,0.407114,0.339884
18.433333,10.750129,0.599109,0.417846,0.655309,-0.041555,0.093776,23.079670,0.860293,13.194245,9.885425,0.406641,0.339103
18.466667,10.770617,0.606727,0.420978,0.653571,-0.041619,0.094113,23.019359,0.863095,13.169477,9.849882,0.406169,0.338323
18.500000,10.791030,0.614383,0.424120,0.651839,-0.041681,0.094447,22.959279,0.865882,13.144797,9.814483,0.405698,0.337546
18.533333,10.811367,0.622077,0.427274,0.650112,-0.041743,0.094781,22.899435,0.868654,13.120206,9.779229,0.405229,0.336770
18.566667,10.831627,0.629810,0.430439,0.648389,-0.041804,0.095113,22.839829,0.871412,13.095706,9.744122,0.404761,0.335996
18.600000,10.851812,0.637581,0.433615,0.646672,-0.041863,0.095444,22.780463,0.874155,13.071298,9.709165,0.404294,0.335225
18.633333,10.871922,0.645391,0.436802,0.644961,-0.041922,0.095774,22.721341,0.876882,13.046982,9.674358,0.403828,0.334455
18.666667,10.891955,0.653239,0.440000,0.643254,-0.041979,0.096102,22.662465,0.879595,13.022761,9.639705,0.403364,0.333688
18.700000,10.911913,0.661124,0.443209,0.641553,-0.042035,0.096429,22.603839,0.882291,12.998634,9.605206,0.402901,0.332923
18.733333,10.931795,0.669049,0.446429,0.639858,-0.042090,0.096755,22.545465,0.884972,12.974603,9.570863,0.402440,0.332160
18.766667,10.951601,0.677011,0.449659,0.638168,-0.042143,0.097079,22.487347,0.887638,12.950669,9.536678,0.401980,0.331400
18.800000,10.971331,0.685011,0.452901,0.636484,-0.042195,0.097402,22.429486,0.890287,12.926833,9.502653,0.401521,0.330641
18.833333,10.990986,0.693048,0.456153,0.634806,-0.042246,0.097723,22.371887,0.892919,12.903096,9.468791,0.401064,0.329886
18.866667,11.010565,0.701124,0.459415,0.633133,-0.042296,0.098043,22.314551,0.895536,12.879460,9.435091,0.400608,0.329132
18.900000,11.030069,0.709238,0.462689,0.631467,-0.042344,0.098361,22.257482,0.898136,12.855925,9.401557,0.400154,0.328382
18.933333,11.049497,0.717389,0.465973,0.629806,-0.042391,0.098678,22.200682,0.900718,12.832492,9.368190,0.399702,0.327633
18.966667,11.068849,0.725577,0.469267,0.628152,-0.042436,0.098993,22.144155,0.903284,12.809163,9.334992,0.399251,0.326888
19.000000,11.088126,0.733803,0.472572,0.626504,-0.042480,0.099307,22.087903,0.905833,12.785938,9.301965,0.398801,0.326145
19.033333,11.107327,0.742067,0.475888,0.624862,-0.042522,0.099619,22.031929,0.908364,12.762819,9.269110,0.398354,0.325405
19.066667,11.126453,0.750368,0.479214,0.623226,-0.042563,0.099929,21.976236,0.910878,12.739806,9.236430,0.397907,0.324667
19.100000,11.145504,0.758706,0.482550,0.621597,-0.042602,0.100238,21.920827,0.913374,12.716901,9.203926,0.397463,0.323933
19.133333,11.164479,0.767082,0.485896,0.619974,-0.042640,0.100545,21.865704,0.915851,12.694105,9.171599,0.397020,0.323201
19.166667,11.183379,0.775495,0.489253,0.618358,-0.042676,0.100850,21.810870,0.918311,12.671418,9.139452,0.396579,0.322473
19.200000,11.202204,0.783944,0.492619,0.616749,-0.042710,0.101154,21.756329,0.920752,12.648842,9.107487,0.396140,0.321747
19.233333,11.220954,0.792431,0.495996,0.615146,-0.042743,0.101456,21.702082,0.923175,12.626377,9.075705,0.395703,0.321025
19.266667,11.239628,0.800955,0.499383,0.613551,-0.042774,0.101756,21.648132,0.925579,12.604025,9.044107,0.395267,0.320305
19.300000,11.258227,0.809516,0.502780,0.611962,-0.042804,0.102054,21.594483,0.927963,12.581786,9.012697,0.394833,0.319589
19.333333,11.276752,0.818113,0.506187,0.610380,-0.042832,0.102351,21.541137,0.930329,12.559662,8.981475,0.394401,0.318876
19.366667,11.295201,0.826748,0.509603,0.608805,-0.042859,0.102646,21.488097,0.932675,12.537653,8.950443,0.393971,0.318166
19.400000,11.313576,0.835419,0.513030,0.607237,-0.042883,0.102939,21.435365,0.935001,12.515761,8.919603,0.393543,0.317460
19.433333,11.331875,0.844126,0.516466,0.605677,-0.042906,0.103230,21.382944,0.937308,12.493987,8.888957,0.393116,0.316757
19.466667,11.350100,0.852871,0.519912,0.604124,-0.042928,0.103519,21.330837,0.939594,12.472330,8.858507,0.392692,0.316058
19.500000,11.368250,0.861651,0.523367,0.602578,-0.042947,0.103806,21.279046,0.941860,12.450793,8.828253,0.392270,0.315362
19.533333,11.386326,0.870469,0.526832,0.601040,-0.042965,0.104091,21.227575,0.944106,12.429376,8.798199,0.391849,0.314669
19.566667,11.404326,0.879322,0.530306,0.599510,-0.042982,0.104375,21.176425,0.946331,12.408080,8.768345,0.391431,0.313981
19.600000,11.422253,0.888212,0.533790,0.597987,-0.042996,0.104656,21.125599,0.948535,12.386906,8.738694,0.391014,0.313296
19.633333,11.440105,0.897138,0.537284,0.596471,-0.043009,0.104935,21.075101,0.950718,12.365854,8.709247,0.390600,0.312614
19.666667,11.457882,0.906101,0.540786,0.594964,-0.043020,0.105213,21.024932,0.952880,12.344927,8.680005,0.390188,0.311937
19.700000,11.475586,0.915099,0.544298,0.593464,-0.043029,0.105488,20.975095,0.955020,12.324124,8.650971,0.389778,0.311263
19.733333,11.493215,0.924134,0.547819,0.591973,-0.043037,0.105761,20.925593,0.957138,12.303446,8.622147,0.389370,0.310594
19.766667,11.510770,0.933204,0.551348,0.590489,-0.043043,0.106033,20.876428,0.959234,12.282895,8.593533,0.388964,0.309928
19.800000,11.528251,0.942311,0.554887,0.589013,-0.043047,0.106302,20.827602,0.961308,12.262471,8.565132,0.388560,0.309266
19.833333,11.545657,0.951453,0.558435,0.587546,-0.043050,0.106568,20.779119,0.963360,12.242174,8.536945,0.388159,0.308609
19.866667,11.562991,0.960631,0.561992,0.586087,-0.043051,0.106833,20.730980,0.965389,12.222007,8.508974,0.387759,0.307955
19.900000,11.580250,0.969845,0.565557,0.584636,-0.043050,0.107096,20.683189,0.967395,12.201969,8.481220,0.387362,0.307306
19.933333,11.597435,0.979094,0.569132,0.583194,-0.043048,0.107356,20.635747,0.969378,12.182061,8.453686,0.386967,0.306661
19.966667,11.614547,0.988380,0.572714,0.581760,-0.043043,0.107614,20.588656,0.971337,12.162284,8.426372,0.386575,0.306020
20.000000,11.631586,0.997700,0.576306,0.580334,-0.043038,0.107870,20.541921,0.973273,12.142639,8.399281,0.386185,0.305384
20.033333,11.648551,1.007057,0.579906,0.578917,-0.043030,0.108124,20.495541,0.975185,12.123127,8.372414,0.385797,0.304752
20.066667,11.665443,1.016448,0.583514,0.577509,-0.043021,0.108375,20.449521,0.977074,12.103748,8.345773,0.385411,0.304125
20.100000,11.682261,1.025875,0.587131,0.576110,-0.043010,0.108624,20.403862,0.978938,12.084503,8.319359,0.385028,0.303502
20.133333,11.699006,1.035338,0.590756,0.574719,-0.042998,0.108871,20.358567,0.980777,12.065393,8.293173,0.384647,0.302884
20.166667,11.715679,1.044835,0.594389,0.573338,-0.042984,0.109115,20.313637,0.982592,12.046419,8.267219,0.384269,0.302270
20.200000,11.732278,1.054368,0.598030,0.571965,-0.042969,0.109357,20.269076,0.984382,12.027580,8.241496,0.383893,0.301661
20.233333,11.748805,1.063936,0.601679,0.570601,-0.042952,0.109596,20.224885,0.986147,12.008878,8.216007,0.383519,0.301057
20.266667,11.765259,1.073539,0.605336,0.569247,-0.042933,0.109833,20.181066,0.987886,11.990314,8.190752,0.383148,0.300458
20.300000,11.781640,1.083178,0.609001,0.567902,-0.042913,0.110068,20.137622,0.989600,11.971887,8.165735,0.382780,0.299864
20.333333,11.797949,1.092851,0.612674,0.566566,-0.042891,0.110300,20.094555,0.991288,11.953600,8.140955,0.382414,0.299274
20.366667,11.814185,1.102559,0.616355,0.565239,-0.042868,0.110530,20.051867,0.992949,11.935451,8.116415,0.382050,0.298690
20.400000,11.830350,1.112302,0.620043,0.563921,-0.042844,0.110757,20.009559,0.994585,11.917443,8.092116,0.381689,0.298110
20.433333,11.846442,1.122079,0.623738,0.562614,-0.042818,0.110982,19.967635,0.996194,11.899575,8.068060,0.381330,0.297536
20.466667,11.862462,1.131892,0.627442,0.561315,-0.042790,0.111204,19.926096,0.997776,11.881848,8.044248,0.380974,0.296967
20.500000,11.878410,1.141739,0.631152,0.560026,-0.042762,0.111423,19.884944,0.999331,11.864263,8.020681,0.380621,0.296403
20.533333,11.894287,1.151621,0.634870,0.558747,-0.042732,0.111640,19.844181,1.000859,11.846819,7.997362,0.380270,0.295844
20.566667,11.910091,1.161537,0.638595,0.557478,-0.042700,0.111854,19.803808,1.002359,11.829518,7.974290,0.379922,0.295291
20.600000,11.925825,1.171488,0.642327,0.556218,-0.042668,0.112066,19.763829,1.003832,11.812361,7.951468,0.379577,0.294743
20.633333,11.941486,1.181473,0.646066,0.554968,-0.042634,0.112275,19.724244,1.005277,11.795347,7.928898,0.379234,0.294200
20.666667,11.957077,1.191493,0.649812,0.553728,-0.042599,0.112481,19.685056,1.006693,11.778476,7.906580,0.378893,0.293663
20.700000,11.972597,1.201547,0.653564,0.552498,-0.042563,0.112684,19.646266,1.008081,11.761751,7.884515,0.378556,0.293131
20.733333,11.988045,1.211636,0.657324,0.551278,-0.042525,0.112885,19.607876,1.009441,11.745170,7.862706,0.378221,0.292605
20.766667,12.003423,1.221758,0.661090,0.550068,-0.042487,0.113083,19.569888,1.010771,11.728734,7.841154,0.377889,0.292085
20.800000,12.018730,1.231915,0.664863,0.548869,-0.042447,0.113278,19.532304,1.012072,11.712445,7.819859,0.377559,0.291570
20.833333,12.033966,1.242106,0.668642,0.547679,-0.042407,0.113470,19.495125,1.013344,11.696301,7.798824,0.377233,0.291061
20.866667,12.049132,1.252331,0.672427,0.546500,-0.042365,0.113660,19.458352,1.014586,11.680304,7.778049,0.376909,0.290557
20.900000,12.064228,1.262591,0.676219,0.545331,-0.042323,0.113847,19.421989,1.015798,11.664453,7.757536,0.376588,0.290060
20.933333,12.079253,1.272884,0.680017,0.544172,-0.042279,0.114030,19.386035,1.016981,11.648749,7.737285,0.376269,0.289568
20.966667,12.094208,1.283211,0.683821,0.543024,-0.042235,0.114211,19.350492,1.018132,11.633193,7.717299,0.375953,0.289083
21.000000,12.109094,1.293572,0.687631,0.541886,-0.042190,0.114389,19.315363,1.019254,11.617784,7.697578,0.375641,0.288603
21.033333,12.123910,1.303967,0.691447,0.540759,-0.042144,0.114564,19.280647,1.020344,11.602524,7.678124,0.375331,0.288129
21.066667,12.138656,1.314395,0.695269,0.539642,-0.042098,0.114736,19.246348,1.021403,11.587411,7.658937,0.375023,0.287662
21.100000,12.153333,1.324858,0.699096,0.538536,-0.042051,0.114905,19.212466,1.022431,11.572447,7.640020,0.374719,0.287200
21.133333,12.167941,1.335354,0.702929,0.537441,-0.042003,0.115071,19.179003,1.023427,11.557631,7.621372,0.374417,0.286745
21.166667,12.182480,1.345883,0.706767,0.536356,-0.041954,0.115234,19.145959,1.024392,11.542964,7.602996,0.374119,0.286296
21.200000,12.196949,1.356446,0.710611,0.535282,-0.041906,0.115394,19.113337,1.025324,11.528445,7.584891,0.373823,0.285853
21.233333,12.211350,1.367043,0.714460,0.534219,-0.041856,0.115551,19.081136,1.026224,11.514076,7.567060,0.373530,0.285416
21.266667,12.225683,1.377673,0.718315,0.533167,-0.041806,0.115705,19.049360,1.027092,11.499856,7.549504,0.373239,0.284986
21.300000,12.239946,1.388337,0.722174,0.532125,-0.041756,0.115856,19.018007,1.027926,11.485785,7.532223,0.372952,0.284562
21.333333,12.254142,1.399034,0.726038,0.531095,-0.041706,0.116003,18.987081,1.028728,11.471863,7.515218,0.372668,0.284145
21.366667,12.268270,1.409765,0.729907,0.530075,-0.041655,0.116148,18.956581,1.029496,11.458091,7.498491,0.372386,0.283733
21.400000,12.282329,1.420528,0.733781,0.529067,-0.041604,0.116289,18.926509,1.030231,11.444467,7.482042,0.372107,0.283329
21.433333,12.296321,1.431325,0.737660,0.528070,-0.041553,0.116427,18.896866,1.030932,11.430994,7.465872,0.371832,0.282931
21.466667,12.310246,1.442155,0.741543,0.527084,-0.041502,0.116561,18.867652,1.031598,11.417669,7.449983,0.371559,0.282539
21.500000,12.324102,1.453019,0.745431,0.526108,-0.041451,0.116693,18.838869,1.032231,11.404494,7.434375,0.371289,0.282155
21.533333,12.337892,1.463915,0.749323,0.525145,-0.041400,0.116821,18.810517,1.032829,11.391468,7.419049,0.371022,0.281777
21.566667,12.351615,1.474844,0.753219,0.524192,-0.041349,0.116946,18.782598,1.033392,11.378591,7.404006,0.370758,0.281405
21.600000,12.365271,1.485807,0.757119,0.523251,-0.041298,0.117067,18.755111,1.033920,11.365863,7.389247,0.370496,0.281040
21.633333,12.378860,1.496802,0.761023,0.522320,-0.041248,0.117186,18.728057,1.034413,11.353284,7.374773,0.370238,0.280682
21.666667,12.392382,1.507831,0.764931,0.521402,-0.041197,0.117300,18.701437,1.034870,11.340854,7.360583,0.369983,0.280331
21.700000,12.405839,1.518892,0.768843,0.520494,-0.041147,0.117412,18.675230,1.035296,11.328569,7.346661,0.369730,0.279986
21.733333,12.419229,1.529986,0.772759,0.519598,-0.041098,0.117520,18.649429,1.035691,11.316427,7.333002,0.369480,0.279648
21.766667,12.432553,1.541113,0.776678,0.518713,-0.041048,0.117625,18.624035,1.036054,11.304430,7.319605,0.369234,0.279316
21.800000,12.445812,1.552272,0.780600,0.517840,-0.040999,0.117726,18.599046,1.036387,11.292575,7.306470,0.368990,0.278990
21.833333,12.459005,1.563465,0.784526,0.516978,-0.040950,0.117824,18.574462,1.036690,11.280865,7.293597,0.368748,0.278670
21.866667,12.472132,1.574689,0.788455,0.516127,-0.040901,0.117918,18.550284,1.036961,11.269298,7.280986,0.368510,0.278356
21.900000,12.485195,1.585947,0.792387,0.515287,-0.040853,0.118009,18.526510,1.037202,11.257874,7.268636,0.368274,0.278049
21.933333,12.498192,1.597237,0.796323,0.514459,-0.040805,0.118097,18.503140,1.037412,11.246593,7.256547,0.368042,0.277749
21.966667,12.511125,1.608560,0.800260,0.513642,-0.040756,0.118182,18.480175,1.037591,11.235456,7.244719,0.367812,0.277454
22.000000,12.523993,1.619915,0.804201,0.512836,-0.040708,0.118263,18.457613,1.037740,11.224461,7.233152,0.367585,0.277166
22.033333,12.536796,1.631303,0.808145,0.512041,-0.040661,0.118340,18.435455,1.037859,11.213610,7.221845,0.367361,0.276884
22.066667,12.549535,1.642723,0.812091,0.511258,-0.040613,0.118415,18.413699,1.037947,11.202901,7.210798,0.367139,0.276608
22.100000,12.562210,1.654176,0.816039,0.510486,-0.040565,0.118486,18.392347,1.038004,11.192335,7.200012,0.366921,0.276339
22.133333,12.574821,1.665661,0.819990,0.509725,-0.040517,0.118553,18.371396,1.038031,11.181912,7.189485,0.366705,0.276076
22.166667,12.587368,1.677178,0.823942,0.508975,-0.040470,0.118617,18.350849,1.038028,11.171631,7.179217,0.366492,0.275820
22.200000,12.599852,1.688728,0.827897,0.508236,-0.040422,0.118678,18.330703,1.037994,11.161493,7.169210,0.366282,0.275570
22.233333,12.612272,1.700310,0.831854,0.507509,-0.040375,0.118736,18.310959,1.037930,11.151498,7.159461,0.366075,0.275326
22.266667,12.624629,1.711925,0.835813,0.506792,-0.040327,0.118790,18.291616,1.037835,11.141645,7.149971,0.365871,0.275088
22.300000,12.636923,1.723571,0.839774,0.506087,-0.040280,0.118841,18.272674,1.037710,11.131934,7.140740,0.365670,0.274857
22.333333,12.649154,1.735250,0.843736,0.505393,-0.040233,0.118888,18.254134,1.037555,11.122365,7.131768,0.365471,0.274633
22.366667,12.661322,1.746961,0.847699,0.504710,-0.040185,0.118932,18.235994,1.037370,11.112939,7.123054,0.365276,0.274414
22.400000,12.673427,1.758705,0.851665,0.504039,-0.040137,0.118973,18.218254,1.037155,11.103655,7.114599,0.365083,0.274202
22.433333,12.685470,1.770481,0.855631,0.503378,-0.040090,0.119011,18.200915,1.036909,11.094513,7.106402,0.364893,0.273997
22.466667,12.697451,1.782289,0.859599,0.502729,-0.040042,0.119045,18.183976,1.036633,11.085513,7.098462,0.364706,0.273797
22.500000,12.709369,1.794129,0.863567,0.502090,-0.039994,0.119075,18.167436,1.036327,11.076656,7.090781,0.364522,0.273605
22.533333,12.721226,1.806001,0.867537,0.501463,-0.039947,0.119103,18.151297,1.035992,11.067940,7.083357,0.364341,0.273418
22.566667,12.733020,1.817905,0.871507,0.500847,-0.039899,0.119127,18.135557,1.035626,11.059366,7.076191,0.364163,0.273238
22.600000,12.744753,1.829842,0.875479,0.500241,-0.039851,0.119148,18.120216,1.035230,11.050934,7.069282,0.363987,0.273064
22.633333,12.756425,1.841811,0.879451,0.499647,-0.039802,0.119165,18.105274,1.034804,11.042644,7.062630,0.363815,0.272897
22.666667,12.768035,1.853812,0.883423,0.499064,-0.039754,0.119179,18.090731,1.034348,11.034496,7.056235,0.363645,0.272736
22.700000,12.779584,1.865845,0.887396,0.498492,-0.039705,0.119190,18.076586,1.033862,11.026489,7.050097,0.363478,0.272582
22.733333,12.791072,1.877910,0.891369,0.497932,-0.039657,0.119197,18.062841,1.033346,11.018625,7.044216,0.363315,0.272434
22.766667,12.802499,1.890007,0.895342,0.497382,-0.039608,0.119202,18.049494,1.032801,11.010902,7.038592,0.363154,0.272292
22.800000,12.813866,1.902137,0.899316,0.496843,-0.039559,0.119202,18.036545,1.032225,11.003321,7.033224,0.362996,0.272157
22.833333,12.825171,1.914299,0.903289,0.496315,-0.039510,0.119200,18.023994,1.031620,10.995882,7.028112,0.362840,0.272029
22.866667,12.836416,1.926492,0.907262,0.495798,-0.039460,0.119194,18.011841,1.030985,10.988584,7.023257,0.362688,0.271906
22.900000,12.847601,1.938718,0.911235,0.495293,-0.039410,0.119185,18.000087,1.030320,10.981428,7.018658,0.362539,0.271790
22.933333,12.858726,1.950976,0.915208,0.494798,-0.039361,0.119172,17.988730,1.029626,10.974414,7.014315,0.362392,0.271681
22.966667,12.869791,1.963267,0.919180,0.494314,-0.039310,0.119156,17.977770,1.028901,10.967542,7.010229,0.362249,0.271578
23.000000,12.880796,1.975589,0.923152,0.493841,-0.039260,0.119137,17.967209,1.028148,10.960811,7.006398,0.362108,0.271481
23.033333,12.891741,1.987944,0.927122,0.493380,-0.039209,0.119115,17.957044,1.027364,10.954222,7.002822,0.361971,0.271391
23.066667,12.902627,2.000331,0.931093,0.492929,-0.039158,0.119089,17.947278,1.026551,10.947775,6.999503,0.361836,0.271307
23.100000,12.913453,2.012750,0.935062,0.492489,-0.039107,0.119060,17.937908,1.025708,10.941469,6.996439,0.361704,0.271230
23.133333,12.924219,2.025201,0.939030,0.492060,-0.039056,0.119028,17.928936,1.024836,10.935306,6.993630,0.361575,0.271159
23.166667,12.934927,2.037684,0.942997,0.491643,-0.039004,0.118992,17.920361,1.023934,10.929284,6.991077,0.361449,0.271095
23.200000,12.945575,2.050200,0.946963,0.491236,-0.038952,0.118953,17.912183,1.023002,10.923404,6.988780,0.361326,0.271037
23.233333,12.956165,2.062748,0.950927,0.490840,-0.038900,0.118911,17.904403,1.022041,10.917665,6.986737,0.361206,0.270985
23.266667,12.966696,2.075328,0.954890,0.490455,-0.038847,0.118866,17.897019,1.021051,10.912069,6.984950,0.361089,0.270940
23.300000,12.977168,2.087941,0.958851,0.490081,-0.038794,0.118817,17.890032,1.020031,10.906614,6.983418,0.360975,0.270901
23.333333,12.987582,2.100586,0.962811,0.489718,-0.038741,0.118765,17.883442,1.018982,10.901302,6.982141,0.360864,0.270869
23.366667,12.997937,2.113263,0.966769,0.489366,-0.038687,0.118709,17.877250,1.017903,10.896131,6.981119,0.360755,0.270843
23.400000,13.008234,2.125973,0.970725,0.489025,-0.038633,0.118651,17.871454,1.016795,10.891102,6.980352,0.360650,0.270824
23.433333,13.018473,2.138715,0.974679,0.488695,-0.038579,0.118589,17.866055,1.015658,10.886215,6.979839,0.360548,0.270811
23.466667,13.028654,2.151489,0.978631,0.488376,-0.038524,0.118523,17.861053,1.014491,10.881471,6.979582,0.360448,0.270805
23.500000,13.038776,2.164296,0.982581,0.488068,-0.038469,0.118455,17.856447,1.013295,10.876868,6.979579,0.360352,0.270805
23.533333,13.048842,2.177135,0.986528,0.487770,-0.038413,0.118383,17.852239,1.012070,10.872408,6.979831,0.360258,0.270811
23.566667,13.058849,2.190007,0.990473,0.487484,-0.038357,0.118308,17.848428,1.010815,10.868089,6.980338,0.360168,0.270824
23.600000,13.068799,2.202912,0.994415,0.487209,-0.038301,0.118230,17.845013,1.009532,10.863914,6.981100,0.360080,0.270843
23.633333,13.078692,2.215849,0.998355,0.486944,-0.038244,0.118148,17.841996,1.008219,10.859880,6.982116,0.359995,0.270869
23.666667,13.088527,2.228818,1.002291,0.486691,-0.038187,0.118063,17.839375,1.006877,10.855989,6.983386,0.359914,0.270901
23.700000,13.098305,2.241821,1.006225,0.486448,-0.038130,0.117975,17.837152,1.005505,10.852240,6.984911,0.359835,0.270939
23.733333,13.108026,2.254856,1.010156,0.486216,-0.038072,0.117883,17.835325,1.004105,10.848634,6.986691,0.359759,0.270984
23.766667,13.117691,2.267923,1.014084,0.485996,-0.038013,0.117789,17.833896,1.002676,10.845171,6.988725,0.359687,0.271035
23.800000,13.127298,2.281024,1.018009,0.485786,-0.037955,0.117691,17.832864,1.001217,10.841850,6.991014,0.359617,0.271093
23.833333,13.136849,2.294157,1.021930,0.485587,-0.037895,0.117590,17.832229,0.999730,10.838672,6.993557,0.359550,0.271157
23.866667,13.146343,2.307323,1.025848,0.485399,-0.037836,0.117485,17.831991,0.998213,10.835637,6.996355,0.359486,0.271228
23.900000,13.155780,2.320522,1.029763,0.485222,-0.037775,0.117377,17.832151,0.996668,10.832744,6.999407,0.359426,0.271305
23.933333,13.165161,2.333754,1.033673,0.485056,-0.037715,0.117266,17.832708,0.995093,10.829995,7.002713,0.359368,0.271388
23.966667,13.174486,2.347019,1.037580,0.484900,-0.037654,0.117152,17.833663,0.993490,10.827389,7.006274,0.359313,0.271478
24.000000,13.183755,2.360317,1.041483,0.484756,-0.037592,0.117034,17.835016,0.991858,10.824926,7.010090,0.359261,0.271574
24.033333,13.192968,2.373648,1.045383,0.484623,-0.037530,0.116914,17.836766,0.990196,10.822607,7.014159,0.359213,0.271677
24.066667,13.202124,2.387013,1.049278,0.484500,-0.037467,0.116790,17.838914,0.988506,10.820431,7.018484,0.359167,0.271786
24.100000,13.211225,2.400410,1.053169,0.484389,-0.037404,0.116662,17.841460,0.986787,10.818398,7.023062,0.359124,0.271901
24.133333,13.220270,2.413841,1.057055,0.484288,-0.037340,0.116532,17.844404,0.985040,10.816509,7.027895,0.359084,0.272023
24.166667,13.229260,2.427305,1.060937,0.484198,-0.037276,0.116398,17.847747,0.983263,10.814764,7.032983,0.359048,0.272151
24.200000,13.238194,2.440802,1.064815,0.484120,-0.037212,0.116261,17.851487,0.981458,10.813163,7.038325,0.359014,0.272286
24.233333,13.247072,2.454333,1.068688,0.484052,-0.037146,0.116121,17.855627,0.979624,10.811705,7.043921,0.358983,0.272427
24.266667,13.255895,2.467898,1.072556,0.483995,-0.037080,0.115977,17.860164,0.977761,10.810392,7.049772,0.358956,0.272574
24.300000,13.264663,2.481496,1.076420,0.483949,-0.037014,0.115831,17.865101,0.975870,10.809223,7.055877,0.358931,0.272727
24.333333,13.273376,2.495127,1.080278,0.483914,-0.036947,0.115681,17.870436,0.973950,10.808199,7.062238,0.358910,0.272887
24.366667,13.282033,2.508792,1.084132,0.483890,-0.036880,0.115528,17.876171,0.972001,10.807319,7.068852,0.358891,0.273054
24.400000,13.290636,2.522491,1.087980,0.483876,-0.036812,0.115371,17.882305,0.970024,10.806583,7.075721,0.358876,0.273226
24.433333,13.299184,2.536224,1.091823,0.483874,-0.036743,0.115212,17.888838,0.968018,10.805993,7.082845,0.358863,0.273405
24.466667,13.307677,2.549990,1.095661,0.483883,-0.036674,0.115049,17.895771,0.965984,10.805547,7.090224,0.358854,0.273591
24.500000,13.316115,2.563791,1.099493,0.483902,-0.036604,0.114883,17.903103,0.963921,10.805246,7.097857,0.358848,0.273782
24.533333,13.324499,2.577626,1.103320,0.483933,-0.036533,0.114713,17.910836,0.961830,10.805091,7.105745,0.358844,0.273980
24.566667,13.332828,2.591494,1.107141,0.483974,-0.036462,0.114541,17.918968,0.959710,10.805080,7.113888,0.358844,0.274184
24.600000,13.341102,2.605397,1.110956,0.484027,-0.036390,0.114365,17.927501,0.957562,10.805216,7.122285,0.358847,0.274395
24.633333,13.349323,2.619334,1.114765,0.484090,-0.036318,0.114186,17.936435,0.955385,10.805497,7.130938,0.358853,0.274612
24.666667,13.357489,2.633305,1.118568,0.484164,-0.036245,0.114004,17.945769,0.953180,10.805924,7.139846,0.358862,0.274835
24.700000,13.365601,2.647311,1.122365,0.484250,-0.036171,0.113819,17.955504,0.950947,10.806496,7.149008,0.358874,0.275064
24.733333,13.373658,2.661351,1.126156,0.484346,-0.036096,0.113630,17.965641,0.948685,10.807215,7.158426,0.358889,0.275300
24.766667,13.381662,2.675426,1.129940,0.484453,-0.036021,0.113438,17.976179,0.946395,10.808081,7.168098,0.358907,0.275542
24.800000,13.389612,2.689536,1.133718,0.484571,-0.035945,0.113243,17.987118,0.944077,10.809092,7.178026,0.358929,0.275790
24.833333,13.397507,2.703680,1.137490,0.484700,-0.035869,0.113045,17.998460,0.941731,10.810251,7.188209,0.358953,0.276044
24.866667,13.405349,2.717859,1.141255,0.484840,-0.035791,0.112844,18.010204,0.939356,10.811556,7.198647,0.358980,0.276305
24.900000,13.413138,2.732072,1.145013,0.484991,-0.035713,0.112639,18.022350,0.936953,10.813008,7.209341,0.359011,0.276572
24.933333,13.420872,2.746321,1.148764,0.485153,-0.035635,0.112431,18.034898,0.934523,10.814608,7.220290,0.359044,0.276845
24.966667,13.428553,2.760605,1.152508,0.485326,-0.035555,0.112220,18.047850,0.932064,10.816355,7.231495,0.359081,0.277125
25.000000,13.436181,2.774924,1.156245,0.485510,-0.035475,0.112006,18.061204,0.929576,10.818249,7.242955,0.359121,0.277410
25.033333,13.443755,2.789278,1.159975,0.485705,-0.035394,0.111789,18.074963,0.927061,10.820292,7.254671,0.359164,0.277702
25.066667,13.451276,2.803668,1.163698,0.485911,-0.035312,0.111568,18.089124,0.924518,10.822482,7.266643,0.359210,0.278000
25.100000,13.458743,2.818093,1.167413,0.486128,-0.035229,0.111344,18.103690,0.921947,10.824820,7.278870,0.359259,0.278304
25.133333,13.466157,2.832553,1.171121,0.486356,-0.035145,0.111117,18.118660,0.919348,10.827307,7.291353,0.359311,0.278614
25.166667,13.473518,2.847050,1.174821,0.486595,-0.035061,0.110887,18.134035,0.916721,10.829943,7.304092,0.359367,0.278931
25.200000,13.480826,2.861581,1.178513,0.486845,-0.034976,0.110654,18.149815,0.914066,10.832727,7.317088,0.359425,0.279253
25.233333,13.488081,2.876149,1.182198,0.487106,-0.034889,0.110417,18.165999,0.911384,10.835660,7.330339,0.359487,0.279582
25.266667,13.495282,2.890753,1.185874,0.487379,-0.034802,0.110178,18.182590,0.908673,10.838743,7.343847,0.359552,0.279917
25.300000,13.502431,2.905392,1.189543,0.487662,-0.034714,0.109935,18.199565,0.905937,10.841968,7.357597,0.359619,0.280257
25.333333,13.509527,2.920068,1.193203,0.487956,-0.034625,0.109689,18.216906,0.903176,10.845330,7.371576,0.359690,0.280603
25.366667,13.516571,2.934780,1.196855,0.488261,-0.034536,0.109440,18.234611,0.900391,10.848827,7.385784,0.359763,0.280955
25.400000,13.523561,2.949528,1.200499,0.488577,-0.034446,0.109187,18.252676,0.897583,10.852459,7.400217,0.359840,0.281311
25.433333,13.530499,2.964313,1.204135,0.488903,-0.034354,0.108932,18.271100,0.894750,10.856224,7.414876,0.359919,0.281674
25.466667,13.537384,2.979134,1.207761,0.489241,-0.034263,0.108674,18.289880,0.891894,10.860121,7.429758,0.360000,0.282041
25.500000,13.544217,2.993992,1.211379,0.489589,-0.034171,0.108412,18.309013,0.889015,10.864151,7.444862,0.360085,0.282413
25.533333,13.550997,3.008887,1.214989,0.489948,-0.034078,0.108147,18.328497,0.886112,10.868310,7.460186,0.360172,0.282791
25.566667,13.557724,3.023818,1.218589,0.490317,-0.033985,0.107880,18.348329,0.883186,10.872600,7.475729,0.360262,0.283174
25.600000,13.564399,3.038787,1.222181,0.490697,-0.033891,0.107609,18.368507,0.880237,10.877018,7.491489,0.360355,0.283561
25.633333,13.571022,3.053792,1.225763,0.491087,-0.033797,0.107336,18.389028,0.877266,10.881563,7.507465,0.360450,0.283954
25.666667,13.577593,3.068834,1.229336,0.491488,-0.033702,0.107059,18.409890,0.874271,10.886235,7.523655,0.360548,0.284352
25.700000,13.584112,3.083914,1.232900,0.491899,-0.033608,0.106780,18.431089,0.871254,10.891032,7.540057,0.360649,0.284754
25.733333,13.590578,3.099030,1.236455,0.492321,-0.033513,0.106497,18.452623,0.868214,10.895954,7.556669,0.360752,0.285162
25.766667,13.596992,3.114184,1.240000,0.492752,-0.033417,0.106212,18.474490,0.865152,10.900999,7.573491,0.360857,0.285574
25.800000,13.603355,3.129376,1.243536,0.493194,-0.033322,0.105924,18.496687,0.862068,10.906167,7.590520,0.360966,0.285991
25.833333,13.609665,3.144605,1.247062,0.493645,-0.033226,0.105633,18.519211,0.858962,10.911455,7.607755,0.361076,0.286412
25.866667,13.615924,3.159872,1.250578,0.494107,-0.033131,0.105339,18.542058,0.855834,10.916864,7.625194,0.361189,0.286838
25.900000,13.622130,3.175176,1.254084,0.494579,-0.033035,0.105042,18.565228,0.852684,10.922392,7.642836,0.361305,0.287269
25.933333,13.628285,3.190518,1.257581,0.495060,-0.032939,0.104743,18.588716,0.849513,10.928037,7.660678,0.361423,0.287704
25.966667,13.634389,3.205897,1.261067,0.495552,-0.032844,0.104440,18.612519,0.846321,10.933800,7.678720,0.361544,0.288144
26.000000,13.640440,3.221315,1.264543,0.496053,-0.032748,0.104135,18.636636,0.843107,10.939678,7.696958,0.361667,0.288588
26.033333,13.646441,3.236771,1.268009,0.496564,-0.032653,0.103828,18.661062,0.839872,10.945670,7.715392,0.361792,0.289036
26.066667,13.652389,3.252264,1.271465,0.497084,-0.032557,0.103517,18.685796,0.836617,10.951776,7.734020,0.361920,0.289489
26.100000,13.658287,3.267796,1.274911,0.497614,-0.032462,0.103204,18.710834,0.833340,10.957994,7.752840,0.362050,0.289946
26.133333,13.664133,3.283366,1.278345,0.498153,-0.032367,0.102888,18.736174,0.830043,10.964323,7.771850,0.362182,0.290407
26.166667,13.669927,3.298974,1.281770,0.498702,-0.032272,0.102569,18.761812,0.826725,10.970763,7.791049,0.362316,0.290872
26.200000,13.675671,3.314621,1.285183,0.499260,-0.032178,0.102248,18.787745,0.823388,10.977310,7.810435,0.362453,0.291342
26.233333,13.681363,3.330305,1.288586,0.499827,-0.032083,0.101924,18.813971,0.820030,10.983966,7.830005,0.362592,0.291815
26.266667,13.687005,3.346029,1.291978,0.500403,-0.031989,0.101598,18.840487,0.816652,10.990728,7.849759,0.362733,0.292292
26.300000,13.692595,3.361790,1.295359,0.500989,-0.031895,0.101268,18.867289,0.813254,10.997595,7.869694,0.362876,0.292774
26.333333,13.698134,3.377591,1.298729,0.501583,-0.031802,0.100937,18.894375,0.809837,11.004566,7.889809,0.363022,0.293259
26.366667,13.703623,3.393430,1.302088,0.502187,-0.031709,0.100603,18.921742,0.806400,11.011640,7.910101,0.363169,0.293748
26.400000,13.709061,3.409307,1.305436,0.502799,-0.031616,0.100266,18.949386,0.802944,11.018816,7.930570,0.363319,0.294240
26.433333,13.714448,3.425223,1.308773,0.503420,-0.031524,0.099927,18.977305,0.799469,11.026092,7.951212,0.363470,0.294736
26.466667,13.719784,3.441179,1.312098,0.504050,-0.031432,0.099585,19.005495,0.795975,11.033468,7.972027,0.363624,0.295236
26.500000,13.725070,3.457173,1.315412,0.504688,-0.031341,0.099241,19.033954,0.792462,11.040941,7.993012,0.363779,0.295740
26.533333,13.730305,3.473205,1.318714,0.505335,-0.031250,0.098894,19.062678,0.788930,11.048512,8.014166,0.363937,0.296247
26.566667,13.735490,3.489277,1.322005,0.505990,-0.031159,0.098545,19.091664,0.785380,11.056178,8.035486,0.364096,0.296757
26.600000,13.740625,3.505388,1.325284,0.506654,-0.031069,0.098193,19.120910,0.781811,11.063938,8.056971,0.364258,0.297271
26.633333,13.745709,3.521538,1.328551,0.507326,-0.030980,0.097839,19.150411,0.778225,11.071792,8.078620,0.364421,0.297788
26.666667,13.750743,3.537727,1.331806,0.508006,-0.030891,0.097483,19.180166,0.774620,11.079738,8.100429,0.364586,0.298308
26.700000,13.755727,3.553955,1.335050,0.508694,-0.030802,0.097124,19.210171,0.770998,11.087774,8.122397,0.364753,0.298832
26.733333,13.760661,3.570222,1.338281,0.509391,-0.030714,0.096763,19.240423,0.767358,11.095900,8.144523,0.364922,0.299359
26.766667,13.765545,3.586529,1.341501,0.510095,-0.030627,0.096400,19.270918,0.763701,11.104114,8.166804,0.365093,0.299889
26.800000,13.770379,3.602874,1.344708,0.510808,-0.030540,0.096034,19.301654,0.760026,11.112415,8.189239,0.365265,0.300422
26.833333,13.775163,3.619259,1.347903,0.511528,-0.030454,0.095666,19.332628,0.756334,11.120802,8.211825,0.365439,0.300958
26.866667,13.779897,3.635684,1.351086,0.512256,-0.030368,0.095296,19.363835,0.752625,11.129274,8.234561,0.365615,0.301497
26.900000,13.784581,3.652148,1.354256,0.512991,-0.030283,0.094924,19.395274,0.748900,11.137829,8.257445,0.365792,0.302039
26.933333,13.789216,3.668651,1.357414,0.513735,-0.030198,0.094549,19.426941,0.745158,11.146467,8.280475,0.365971,0.302584
26.966667,13.793802,3.685193,1.360559,0.514485,-0.030114,0.094172,19.458833,0.741399,11.155185,8.303648,0.366152,0.303131
27.000000,13.798338,3.701776,1.363692,0.515243,-0.030030,0.093793,19.490947,0.737625,11.163983,8.326964,0.366334,0.303681
27.033333,13.802824,3.718397,1.366812,0.516009,-0.029947,0.093412,19.523279,0.733834,11.172859,8.350420,0.366518,0.304234
27.066667,13.807262,3.735059,1.369919,0.516782,-0.029865,0.093029,19.555826,0.730028,11.181812,8.374014,0.366703,0.304790
27.100000,13.811650,3.751759,1.373014,0.517561,-0.029783,0.092643,19.588586,0.726205,11.190842,8.397744,0.366890,0.305348
27.133333,13.815988,3.768500,1.376095,0.518348,-0.029702,0.092256,19.621555,0.722368,11.199946,8.421609,0.367078,0.305908
27.166667,13.820278,3.785280,1.379164,0.519142,-0.029621,0.091866,19.654729,0.718515,11.209123,8.445606,0.367268,0.306471
27.200000,13.824519,3.802100,1.382220,0.519943,-0.029541,0.091474,19.688107,0.714646,11.218373,8.469733,0.367459,0.307037
27.233333,13.828710,3.818959,1.385262,0.520751,-0.029461,0.091080,19.721684,0.710763,11.227694,8.493989,0.367652,0.307605
27.266667,13.832853,3.835858,1.388292,0.521565,-0.029382,0.090685,19.755457,0.706865,11.237085,8.518372,0.367845,0.308175
27.300000,13.836947,3.852797,1.391308,0.522387,-0.029303,0.090287,19.789423,0.702953,11.246544,8.542879,0.368041,0.308747
27.333333,13.840993,3.869776,1.394311,0.523214,-0.029225,0.089887,19.823580,0.699026,11.256071,8.567509,0.368237,0.309322
27.366667,13.844990,3.886794,1.397300,0.524048,-0.029147,0.089485,19.857923,0.695085,11.265664,8.592260,0.368435,0.309898
27.400000,13.848938,3.903852,1.400277,0.524889,-0.029070,0.089082,19.892451,0.691130,11.275322,8.617129,0.368634,0.310477
27.433333,13.852838,3.920950,1.403239,0.525736,-0.028993,0.088676,19.927158,0.687161,11.285043,8.642115,0.368834,0.311058
27.466667,13.856689,3.938088,1.406188,0.526589,-0.028917,0.088268,19.962043,0.683179,11.294827,8.667216,0.369036,0.311640
27.500000,13.860492,3.955266,1.409124,0.527449,-0.028841,0.087859,19.997102,0.679183,11.304672,8.692431,0.369239,0.312225
27.533333,13.864247,3.972484,1.412046,0.528314,-0.028765,0.087448,20.032333,0.675174,11.314577,8.717756,0.369442,0.312811
27.566667,13.867953,3.989741,1.414954,0.529186,-0.028690,0.087034,20.067731,0.671151,11.324541,8.743190,0.369647,0.313400
27.600000,13.871612,4.007038,1.417848,0.530063,-0.028615,0.086619,20.103294,0.667116,11.334563,8.768731,0.369853,0.313990
27.633333,13.875223,4.024375,1.420728,0.530946,-0.028541,0.086203,20.139018,0.663068,11.344641,8.794377,0.370061,0.314581
27.666667,13.878785,4.041752,1.423595,0.531835,-0.028467,0.085784,20.174901,0.659008,11.354774,8.820127,0.370269,0.315175
27.700000,13.882300,4.059169,1.426447,0.532730,-0.028393,0.085364,20.210939,0.654936,11.364961,8.845978,0.370478,0.315770
27.733333,13.885767,4.076626,1.429286,0.533630,-0.028320,0.084942,20.247129,0.650851,11.375201,8.871928,0.370688,0.316366
27.766667,13.889187,4.094123,1.432110,0.534536,-0.028246,0.084518,20.283468,0.646755,11.385493,8.897975,0.370899,0.316964
27.800000,13.892559,4.111659,1.434920,0.535447,-0.028173,0.084092,20.319953,0.642646,11.395835,8.924118,0.371111,0.317563
27.833333,13.895883,4.129236,1.437716,0.536363,-0.028101,0.083665,20.356580,0.638527,11.406226,8.950354,0.371324,0.318164
27.866667,13.899160,4.146852,1.440498,0.537285,-0.028028,0.083236,20.393348,0.634396,11.416666,8.976682,0.371538,0.318766
27.900000,13.902390,4.164508,1.443265,0.538212,-0.027956,0.082805,20.430251,0.630254,11.427152,9.003099,0.371753,0.319370
27.933333,13.905572,4.182204,1.446018,0.539143,-0.027883,0.082373,20.467288,0.626101,11.437684,9.029604,0.371969,0.319975
27.966667,13.908708,4.199940,1.448757,0.540080,-0.027811,0.081939,20.504455,0.621937,11.448261,9.056194,0.372185,0.320581
28.000000,13.911796,4.217716,1.451481,0.541022,-0.027739,0.081504,20.541749,0.617763,11.458881,9.082868,0.372402,0.321188
28.033333,13.914837,4.235532,1.454190,0.541968,-0.027667,0.081067,20.579167,0.613579,11.469543,9.109624,0.372620,0.321796
28.066667,13.917831,4.253387,1.456885,0.542920,-0.027595,0.080628,20.616707,0.609385,11.480247,9.136460,0.372839,0.322405
28.100000,13.920779,4.271283,1.459565,0.543876,-0.027522,0.080188,20.654363,0.605180,11.490990,9.163373,0.373058,0.323015
28.133333,13.923680,4.289218,1.462231,0.544836,-0.027450,0.079746,20.692135,0.600967,11.501772,9.190363,0.373279,0.323626
28.166667,13.926534,4.307193,1.464882,0.545801,-0.027378,0.079303,20.730018,0.596743,11.512592,9.217426,0.373499,0.324238
28.200000,13.929341,4.325208,1.467518,0.546770,-0.027305,0.078859,20.768010,0.592511,11.523449,9.244561,0.373721,0.324851
28.233333,13.932102,4.343263,1.470139,0.547744,-0.027233,0.078412,20.806107,0.588269,11.534341,9.271767,0.373943,0.325465
28.266667,13.934817,4.361357,1.472745,0.548722,-0.027160,0.077965,20.844307,0.584019,11.545267,9.299040,0.374165,0.326079
28.300000,13.937486,4.379491,1.475337,0.549704,-0.027087,0.077516,20.882606,0.579760,11.556226,9.326380,0.374389,0.326694
28.333333,13.940108,4.397665,1.477913,0.550690,-0.027013,0.077066,20.921002,0.575493,11.567218,9.353784,0.374612,0.327310
28.366667,13.942684,4.415878,1.480474,0.551680,-0.026939,0.076614,20.959491,0.571217,11.578240,9.381251,0.374837,0.327926
28.400000,13.945214,4.434132,1.483021,0.552674,-0.026865,0.076161,20.998070,0.566934,11.589292,9.408778,0.375062,0.328543
28.433333,13.947698,4.452425,1.485552,0.553672,-0.026791,0.075706,21.036737,0.562643,11.600373,9.436363,0.375287,0.329161
28.466667,13.950136,4.470757,1.488068,0.554673,-0.026716,0.075250,21.075487,0.558344,11.611482,9.464005,0.375513,0.329779
28.500000,13.952528,4.489129,1.490568,0.555678,-0.026640,0.074793,21.114319,0.554038,11.622617,9.491702,0.375739,0.330397
28.533333,13.954875,4.507541,1.493054,0.556687,-0.026564,0.074335,21.153230,0.549725,11.633778,9.519452,0.375965,0.331016
28.566667,13.957176,4.525992,1.495524,0.557699,-0.026487,0.073875,21.192215,0.545405,11.644963,9.547252,0.376192,0.331635
28.600000,13.959432,4.544483,1.497979,0.558715,-0.026410,0.073414,21.231273,0.541078,11.656172,9.575101,0.376420,0.332254
28.633333,13.961642,4.563013,1.500418,0.559733,-0.026332,0.072952,21.270401,0.536745,11.667403,9.602998,0.376647,0.332874
28.666667,13.963807,4.581582,1.502842,0.560755,-0.026253,0.072489,21.309594,0.532406,11.678655,9.630939,0.376875,0.333494
28.700000,13.965927,4.600191,1.505251,0.561781,-0.026174,0.072025,21.348851,0.528061,11.689928,9.658924,0.377104,0.334114
28.733333,13.968002,4.618840,1.507644,0.562809,-0.026094,0.071559,21.388169,0.523710,11.701219,9.686950,0.377332,0.334734
28.766667,13.970031,4.637527,1.510021,0.563840,-0.026013,0.071092,21.427544,0.519354,11.712529,9.715015,0.377561,0.335354
28.800000,13.972016,4.656254,1.512383,0.564874,-0.025930,0.070624,21.466974,0.514992,11.723856,9.743118,0.377790,0.335974
28.833333,13.973955,4.675020,1.514730,0.565911,-0.025847,0.070155,21.506455,0.510625,11.735199,9.771257,0.378020,0.336594
28.866667,13.975850,4.693826,1.517060,0.566951,-0.025763,0.069685,21.545985,0.506253,11.746556,9.799429,0.378249,0.337215
28.900000,13.977701,4.712670,1.519375,0.567993,-0.025678,0.069214,21.585557,0.501876,11.757925,9.827632,0.378479,0.337835
28.933333,13.979506,4.731554,1.521675,0.569038,-0.025592,0.068741,21.625156,0.497493,11.769296,9.855860,0.378708,0.338454
28.966667,13.981267,4.750477,1.523958,0.570086,-0.025505,0.068268,21.664778,0.493105,11.780667,9.884111,0.378938,0.339074
29.000000,13.982984,4.769438,1.526226,0.571136,-0.025417,0.067793,21.704418,0.488710,11.792036,9.912382,0.379167,0.339693
29.033333,13.984657,4.788439,1.528478,0.572188,-0.025327,0.067318,21.744073,0.484310,11.803401,9.940672,0.379396,0.340312
29.066667,13.986285,4.807479,1.530714,0.573242,-0.025237,0.066842,21.783738,0.479904,11.814761,9.968978,0.379625,0.340930
29.100000,13.987869,4.826557,1.532934,0.574298,-0.025146,0.066364,21.823410,0.475492,11.826112,9.997297,0.379854,0.341548
29.133333,13.989409,4.845674,1.535138,0.575356,-0.025054,0.065886,21.863083,0.471075,11.837455,10.025629,0.380082,0.342165
29.166667,13.990906,4.864830,1.537326,0.576416,-0.024961,0.065406,21.902754,0.466652,11.848785,10.053969,0.380310,0.342782
29.200000,13.992359,4.884025,1.539498,0.577477,-0.024867,0.064926,21.942419,0.462224,11.860103,10.082316,0.380537,0.343398
29.233333,13.993768,4.903258,1.541654,0.578540,-0.024772,0.064445,21.982074,0.457792,11.871405,10.110669,0.380765,0.344013
29.266667,13.995133,4.922530,1.543795,0.579605,-0.024676,0.063963,22.021714,0.453353,11.882690,10.139023,0.380991,0.344628
29.300000,13.996455,4.941840,1.545919,0.580671,-0.024580,0.063479,22.061334,0.448910,11.893957,10.167378,0.381218,0.345242
29.333333,13.997734,4.961188,1.548027,0.581738,-0.024482,0.062995,22.100932,0.444463,11.905202,10.195730,0.381443,0.345855
29.366667,13.998970,4.980575,1.550118,0.582807,-0.024384,0.062510,22.140502,0.440010,11.916424,10.224078,0.381668,0.346467
29.400000,14.000163,5.000000,1.552194,0.583876,-0.024285,0.062024,22.180041,0.435553,11.927622,10.252419,0.381893,0.347078
29.433333,14.001313,5.019463,1.554253,0.584947,-0.024185,0.061538,22.219544,0.431091,11.938793,10.280751,0.382117,0.347688
29.466667,14.002420,5.038964,1.556296,0.586018,-0.024084,0.061050,22.259007,0.426624,11.949935,10.309072,0.382340,0.348297
29.500000,14.003485,5.058504,1.558323,0.587090,-0.023983,0.060561,22.298426,0.422154,11.961047,10.337379,0.382563,0.348906
29.533333,14.004507,5.078081,1.560334,0.588162,-0.023880,0.060072,22.337796,0.417679,11.972126,10.365670,0.382784,0.349513
29.566667,14.005487,5.097696,1.562328,0.589235,-0.023777,0.059582,22.377114,0.413199,11.983171,10.393942,0.383005,0.350119
29.600000,14.006425,5.117348,1.564306,0.590309,-0.023673,0.059091,22.416374,0.408716,11.994180,10.422194,0.383226,0.350723
29.633333,14.007321,5.137038,1.566267,0.591382,-0.023568,0.058599,22.455573,0.404229,12.005150,10.450423,0.383445,0.351327
29.666667,14.008175,5.156766,1.568213,0.592456,-0.023463,0.058106,22.494707,0.399738,12.016081,10.478626,0.383663,0.351929
29.700000,14.008987,5.176531,1.570141,0.593530,-0.023357,0.057613,22.533771,0.395243,12.026969,10.506802,0.383881,0.352530
29.733333,14.009758,5.196334,1.572053,0.594604,-0.023250,0.057119,22.572762,0.390745,12.037814,10.534948,0.384097,0.353129
29.766667,14.010487,5.216173,1.573949,0.595677,-0.023142,0.056624,22.611674,0.386243,12.048612,10.563061,0.384313,0.353727
29.800000,14.011176,5.236050,1.575828,0.596750,-0.023034,0.056128,22.650503,0.381738,12.059363,10.591140,0.384527,0.354323
29.833333,14.011823,5.255964,1.577691,0.597823,-0.022924,0.055631,22.689246,0.377229,12.070064,10.619182,0.384740,0.354918
29.866667,14.012429,5.275915,1.579537,0.598895,-0.022815,0.055134,22.727897,0.372718,12.080713,10.647184,0.384953,0.355512
29.900000,14.012995,5.295902,1.581367,0.599967,-0.022704,0.054636,22.766454,0.368203,12.091309,10.675144,0.385164,0.356104
29.933333,14.013520,5.315926,1.583179,0.601038,-0.022593,0.054138,22.804910,0.363685,12.101849,10.703061,0.385374,0.356694
29.966667,14.014005,5.335987,1.584976,0.602108,-0.022480,0.053638,22.843264,0.359164,12.112332,10.730931,0.385582,0.357282
30.000000,14.014449,5.356084,1.586755,0.603177,-0.022368,0.053138,22.881509,0.354641,12.122756,10.758753,0.385789,0.357869
30.033333,14.014854,5.376217,1.588518,0.604245,-0.022254,0.052638,22.919641,0.350115,12.133118,10.786523,0.385996,0.358454
30.066667,14.015219,5.396387,1.590264,0.605311,-0.022140,0.052136,22.957657,0.345586,12.143417,10.814240,0.386200,0.359037
30.100000,14.015544,5.416592,1.591994,0.606377,-0.022025,0.051634,22.995553,0.341055,12.153651,10.841902,0.386404,0.359618
30.133333,14.015830,5.436834,1.593707,0.607440,-0.021909,0.051131,23.033323,0.336522,12.163818,10.869505,0.386605,0.360197
30.166667,14.016077,5.457111,1.595403,0.608503,-0.021793,0.050628,23.070964,0.331986,12.173917,10.897048,0.386806,0.360775
30.200000,14.016284,5.477424,1.597082,0.609563,-0.021675,0.050124,23.108472,0.327448,12.183944,10.924528,0.387005,0.361350
30.233333,14.016453,5.497773,1.598744,0.610622,-0.021557,0.049620,23.145841,0.322908,12.193898,10.951943,0.387202,0.361923
30.266667,14.016584,5.518156,1.600390,0.611679,-0.021439,0.049115,23.183069,0.318367,12.203778,10.979290,0.387398,0.362494
30.300000,14.016675,5.538576,1.602019,0.612734,-0.021320,0.048609,23.220150,0.313824,12.213582,11.006568,0.387592,0.363063
30.333333,14.016729,5.559030,1.603631,0.613786,-0.021199,0.048103,23.257081,0.309278,12.223307,11.033774,0.387785,0.363630
30.366667,14.016745,5.579519,1.605225,0.614837,-0.021079,0.047596,23.293857,0.304732,12.232952,11.060906,0.387976,0.364195
30.400000,14.016723,5.600043,1.606804,0.615885,-0.020957,0.047089,23.330475,0.300184,12.242514,11.087961,0.388165,0.364757
30.433333,14.016663,5.620602,1.608365,0.616930,-0.020835,0.046581,23.366929,0.295635,12.251992,11.114936,0.388353,0.365317
30.466667,14.016566,5.641195,1.609909,0.617973,-0.020712,0.046072,23.403215,0.291084,12.261385,11.141831,0.388539,0.365875
30.500000,14.016432,5.661822,1.611436,0.619013,-0.020588,0.045563,23.439330,0.286532,12.270689,11.168641,0.388723,0.366431
30.533333,14.016261,5.682484,1.612946,0.620051,-0.020464,0.045054,23.475270,0.281980,12.279904,11.195366,0.388905,0.366983
30.566667,14.016053,5.703180,1.614440,0.621085,-0.020338,0.044544,23.511029,0.277426,12.289026,11.222003,0.389085,0.367534
30.600000,14.015809,5.723909,1.615916,0.622117,-0.020213,0.044033,23.546604,0.272872,12.298056,11.248548,0.389263,0.368082
30.633333,14.015529,5.744673,1.617375,0.623145,-0.020086,0.043523,23.581991,0.268317,12.306990,11.275001,0.389440,0.368627
30.666667,14.015212,5.765469,1.618818,0.624170,-0.019958,0.043011,23.617185,0.263761,12.315826,11.301359,0.389614,0.369170
30.700000,14.014860,5.786300,1.620243,0.625191,-0.019830,0.042500,23.652183,0.259206,12.324564,11.327619,0.389786,0.369711
30.733333,14.014473,5.807163,1.621651,0.626209,-0.019701,0.041987,23.686980,0.254649,12.333200,11.353780,0.389957,0.370248
30.766667,14.014050,5.828060,1.623042,0.627223,-0.019572,0.041475,23.721571,0.250093,12.341733,11.379838,0.390125,0.370783
30.800000,14.013592,5.848989,1.624416,0.628234,-0.019441,0.040962,23.755954,0.245536,12.350162,11.405792,0.390291,0.371315
30.833333,14.013100,5.869951,1.625773,0.629240,-0.019310,0.040448,23.790123,0.240980,12.358484,11.431639,0.390455,0.371845
30.866667,14.012573,5.890946,1.627112,0.630243,-0.019178,0.039934,23.824075,0.236423,12.366697,11.457378,0.390617,0.372372
30.900000,14.012011,5.911973,1.628435,0.631241,-0.019045,0.039420,23.857805,0.231867,12.374801,11.483005,0.390776,0.372895
30.933333,14.011416,5.933032,1.629740,0.632236,-0.018912,0.038906,23.891310,0.227311,12.382791,11.508518,0.390933,0.373416
30.966667,14.010787,5.954123,1.631029,0.633226,-0.018778,0.038391,23.924585,0.222756,12.390668,11.533916,0.391088,0.373934
31.000000,14.010124,5.975245,1.632300,0.634211,-0.018643,0.037876,23.957626,0.218201,12.398429,11.559196,0.391241,0.374449
31.033333,14.009429,5.996400,1.633554,0.635192,-0.018507,0.037360,23.990429,0.213646,12.406073,11.584356,0.391391,0.374961
31.066667,14.008700,6.017586,1.634790,0.636168,-0.018370,0.036844,24.022990,0.209093,12.413596,11.609393,0.391539,0.375470
31.100000,14.007939,6.038802,1.636010,0.637140,-0.018233,0.036328,24.055304,0.204540,12.420999,11.634306,0.391685,0.375976
31.133333,14.007145,6.060050,1.637212,0.638106,-0.018095,0.035812,24.087369,0.199989,12.428278,11.659091,0.391828,0.376479
31.166667,14.006319,6.081329,1.638397,0.639068,-0.017956,0.035295,24.119180,0.195438,12.435432,11.683747,0.391968,0.376979
31.200000,14.005462,6.102638,1.639565,0.640024,-0.017817,0.034778,24.150732,0.190889,12.442460,11.708272,0.392106,0.377475
31.233333,14.004572,6.123978,1.640716,0.640975,-0.017676,0.034261,24.182022,0.186341,12.449358,11.732663,0.392241,0.377968
31.266667,14.003652,6.145348,1.641849,0.641921,-0.017535,0.033743,24.213045,0.181794,12.456127,11.756919,0.392374,0.378458
31.300000,14.002700,6.166748,1.642965,0.642861,-0.017393,0.033225,24.243798,0.177249,12.462763,11.781036,0.392504,0.378945
31.333333,14.001718,6.188177,1.644064,0.643796,-0.017251,0.032707,24.274277,0.172705,12.469265,11.805013,0.392632,0.379429
31.366667,14.000706,6.209636,1.645146,0.644725,-0.017107,0.032189,24.304478,0.168164,12.475631,11.828847,0.392757,0.379909
31.400000,13.999663,6.231125,1.646210,0.645648,-0.016963,0.031671,24.334397,0.163624,12.481859,11.852537,0.392879,0.380385
31.433333,13.998590,6.252642,1.647257,0.646565,-0.016818,0.031152,24.364029,0.159086,12.487948,11.876080,0.392998,0.380859
31.466667,13.997488,6.274189,1.648287,0.647477,-0.016673,0.030634,24.393371,0.154550,12.493896,11.899474,0.393115,0.381328
31.500000,13.996357,6.295764,1.649300,0.648382,-0.016526,0.030115,24.422419,0.150016,12.499701,11.922717,0.393228,0.381795
31.533333,13.995197,6.317367,1.650295,0.649281,-0.016379,0.029596,24.451168,0.145484,12.505362,11.945807,0.393339,0.382257
31.566667,13.994008,6.338999,1.651273,0.650173,-0.016231,0.029076,24.479616,0.140955,12.510875,11.968741,0.393447,0.382717
31.600000,13.992791,6.360659,1.652233,0.651059,-0.016083,0.028557,24.507758,0.136428,12.516241,11.991518,0.393552,0.383172
31.633333,13.991546,6.382346,1.653176,0.651938,-0.015933,0.028038,24.535591,0.131904,12.521456,12.014134,0.393654,0.383624
31.666667,13.990274,6.404061,1.654102,0.652811,-0.015783,0.027518,24.563110,0.127382,12.526520,12.036589,0.393753,0.384073
31.700000,13.988974,6.425804,1.655011,0.653677,-0.015633,0.026998,24.590311,0.122863,12.531430,12.058880,0.393849,0.384517
31.733333,13.987647,6.447573,1.655902,0.654536,-0.015481,0.026479,24.617191,0.118347,12.536185,12.081005,0.393942,0.384958
31.766667,13.986293,6.469369,1.656776,0.655388,-0.015329,0.025959,24.643746,0.113834,12.540784,12.102962,0.394032,0.385396
31.800000,13.984913,6.491192,1.657633,0.656232,-0.015176,0.025439,24.669972,0.109323,12.545223,12.124749,0.394119,0.385829
31.833333,13.983507,6.513041,1.658472,0.657070,-0.015023,0.024919,24.695865,0.104816,12.549502,12.146363,0.394203,0.386259
31.866667,13.982075,6.534916,1.659294,0.657900,-0.014869,0.024399,24.721422,0.100312,12.553619,12.167803,0.394283,0.386685
31.900000,13.980618,6.556817,1.660099,0.658723,-0.014714,0.023879,24.746638,0.095812,12.557572,12.189066,0.394360,0.387106
31.933333,13.979135,6.578743,1.660886,0.659538,-0.014559,0.023359,24.771510,0.091314,12.561359,12.210151,0.394434,0.387524
31.966667,13.977629,6.600695,1.661656,0.660345,-0.014402,0.022839,24.796035,0.086820,12.564980,12.231055,0.394505,0.387939
32.000000,13.976097,6.622672,1.662409,0.661145,-0.014246,0.022319,24.820208,0.082330,12.568431,12.251777,0.394572,0.388349
32.033333,13.974542,6.644673,1.663144,0.661936,-0.014089,0.021800,24.844026,0.077843,12.571712,12.272314,0.394636,0.388755
32.066667,13.972963,6.666699,1.663862,0.662720,-0.013931,0.021280,24.867485,0.073361,12.574820,12.292664,0.394697,0.389157
32.100000,13.971361,6.688749,1.664563,0.663495,-0.013772,0.020760,24.890581,0.068881,12.577755,12.312826,0.394754,0.389555
32.133333,13.969736,6.710824,1.665246,0.664263,-0.013614,0.020240,24.913311,0.064406,12.580514,12.332797,0.394808,0.389949
32.166667,13.968088,6.732922,1.665912,0.665022,-0.013454,0.019720,24.935671,0.059935,12.583095,12.352576,0.394859,0.390339
32.200000,13.966418,6.755043,1.666561,0.665772,-0.013294,0.019201,24.957658,0.055468,12.585498,12.372160,0.394906,0.390724
32.233333,13.964727,6.777188,1.667192,0.666514,-0.013134,0.018681,24.979267,0.051005,12.587720,12.391547,0.394949,0.391106
32.266667,13.963013,6.799355,1.667806,0.667248,-0.012973,0.018162,25.000496,0.046546,12.589760,12.410736,0.394989,0.391483
32.300000,13.961279,6.821546,1.668403,0.667972,-0.012812,0.017642,25.021340,0.042092,12.591616,12.429725,0.395025,0.391856
32.333333,13.959524,6.843758,1.668982,0.668688,-0.012650,0.017123,25.041797,0.037642,12.593286,12.448511,0.395058,0.392225
32.366667,13.957748,6.865993,1.669544,0.669395,-0.012488,0.016604,25.061862,0.033196,12.594769,12.467093,0.395086,0.392589
32.400000,13.955953,6.888249,1.670089,0.670092,-0.012325,0.016085,25.081533,0.028755,12.596064,12.485469,0.395112,0.392950
32.433333,13.954138,6.910527,1.670617,0.670781,-0.012162,0.015566,25.100805,0.024318,12.597168,12.503637,0.395133,0.393305
32.466667,13.952303,6.932826,1.671127,0.671460,-0.011999,0.015048,25.119675,0.019886,12.598081,12.521594,0.395151,0.393657
32.500000,13.950450,6.955146,1.671620,0.672130,-0.011836,0.014529,25.138145,0.015459,12.598801,12.539343,0.395165,0.394004
32.533333,13.948579,6.977486,1.672096,0.672791,-0.011672,0.014011,25.156244,0.011036,12.599344,12.556899,0.395176,0.394347
32.566667,13.946689,6.999847,1.672554,0.673442,-0.011508,0.013493,25.173977,0.006616,12.599711,12.574266,0.395183,0.394686
32.600000,13.944781,7.022228,1.672995,0.674083,-0.011344,0.012975,25.191344,0.002200,12.599902,12.591441,0.395187,0.395022
32.633333,13.942856,7.044629,1.673419,0.674715,-0.011179,0.012458,25.208343,-0.002212,12.599917,12.608426,0.395187,0.395353
32.666667,13.940915,7.067049,1.673826,0.675338,-0.011013,0.011940,25.224975,-0.006621,12.599755,12.625220,0.395184,0.395680
32.700000,13.938956,7.089488,1.674215,0.675950,-0.010847,0.011423,25.241238,-0.011025,12.599417,12.641821,0.395177,0.396003
32.733333,13.936982,7.111946,1.674587,0.676554,-0.010681,0.010906,25.257131,-0.015425,12.598902,12.658229,0.395167,0.396323
32.766667,13.934992,7.134422,1.674942,0.677147,-0.010514,0.010390,25.272654,-0.019821,12.598210,12.674444,0.395154,0.396638
32.800000,13.932986,7.156917,1.675280,0.677731,-0.010346,0.009873,25.287806,-0.024213,12.597340,12.690465,0.395137,0.396950
32.833333,13.930966,7.179430,1.675600,0.678305,-0.010177,0.009357,25.302586,-0.028600,12.596293,12.706293,0.395116,0.397257
32.866667,13.928931,7.201960,1.675904,0.678869,-0.010008,0.008841,25.316994,-0.032983,12.595069,12.721925,0.395092,0.397561
32.900000,13.926881,7.224508,1.676190,0.679424,-0.009838,0.008325,25.331028,-0.037361,12.593666,12.737362,0.395065,0.397860
32.933333,13.924818,7.247073,1.676459,0.679969,-0.009667,0.007810,25.344689,-0.041734,12.592086,12.752603,0.395034,0.398156
32.966667,13.922741,7.269654,1.676710,0.680503,-0.009496,0.007295,25.357976,-0.046103,12.590328,12.767648,0.395000,0.398447
33.000000,13.920652,7.292252,1.676945,0.681029,-0.009323,0.006780,25.370887,-0.050467,12.588391,12.782496,0.394962,0.398735
33.033333,13.918549,7.314866,1.677162,0.681544,-0.009149,0.006265,25.383423,-0.054827,12.586276,12.797148,0.394921,0.399018
33.066667,13.916435,7.337496,1.677363,0.682049,-0.008975,0.005751,25.395583,-0.059181,12.583982,12.811601,0.394876,0.399298
33.100000,13.914308,7.360142,1.677546,0.682544,-0.008799,0.005237,25.407366,-0.063530,12.581509,12.825857,0.394828,0.399573
33.133333,13.912170,7.382803,1.677712,0.683030,-0.008623,0.004723,25.418772,-0.067875,12.578858,12.839914,0.394776,0.399845
33.166667,13.910020,7.405478,1.677861,0.683505,-0.008445,0.004209,25.429801,-0.072214,12.576028,12.853773,0.394721,0.400113
33.200000,13.907860,7.428169,1.677992,0.683970,-0.008267,0.003696,25.440451,-0.076548,12.573018,12.867432,0.394662,0.400376
33.233333,13.905690,7.450873,1.678107,0.684426,-0.008087,0.003183,25.450722,-0.080876,12.569830,12.880892,0.394600,0.400636
33.266667,13.903510,7.473592,1.678205,0.684871,-0.007906,0.002671,25.460614,-0.085199,12.566462,12.894152,0.394534,0.400892
33.300000,13.901320,7.496325,1.678285,0.685306,-0.007724,0.002158,25.470127,-0.089517,12.562915,12.907211,0.394465,0.401143
33.333333,13.899120,7.519071,1.678349,0.685732,-0.007541,0.001646,25.479259,-0.093829,12.559188,12.920070,0.394392,0.401391
33.366667,13.896912,7.541830,1.678395,0.686147,-0.007357,0.001135,25.488011,-0.098136,12.555282,12.932729,0.394316,0.401635
33.400000,13.894696,7.564602,1.678424,0.686552,-0.007171,0.000623,25.496382,-0.102437,12.551197,12.945185,0.394236,0.401874
33.433333,13.892471,7.587386,1.678436,0.686946,-0.006984,0.000112,25.504372,-0.106732,12.546931,12.957441,0.394152,0.402110
33.466667,13.890239,7.610183,1.678432,0.687331,-0.006796,-0.000398,25.511980,-0.111022,12.542486,12.969494,0.394065,0.402342
33.500000,13.887999,7.632992,1.678410,0.687705,-0.006607,-0.000908,25.519206,-0.115306,12.537861,12.981345,0.393975,0.402569
33.533333,13.885752,7.655812,1.678371,0.688069,-0.006416,-0.001418,25.526050,-0.119584,12.533056,12.992994,0.393881,0.402793
33.566667,13.883499,7.678644,1.678315,0.688423,-0.006224,-0.001928,25.532511,-0.123856,12.528071,13.004440,0.393784,0.403013
33.600000,13.881240,7.701487,1.678243,0.688767,-0.006030,-0.002437,25.538590,-0.128122,12.522907,13.015683,0.393683,0.403228
33.633333,13.878975,7.724340,1.678153,0.689101,-0.005836,-0.002946,25.544285,-0.132382,12.517562,13.026723,0.393578,0.403440
33.666667,13.876704,7.747204,1.678046,0.689424,-0.005640,-0.003454,25.549597,-0.136636,12.512037,13.037559,0.393470,0.403648
33.700000,13.874429,7.770078,1.677923,0.689737,-0.005442,-0.003963,25.554524,-0.140884,12.506332,13.048192,0.393358,0.403851
33.733333,13.872149,7.792961,1.677782,0.690039,-0.005244,-0.004470,25.559068,-0.145125,12.500447,13.058621,0.393243,0.404051
33.766667,13.869864,7.815854,1.677625,0.690332,-0.005043,-0.004978,25.563228,-0.149361,12.494382,13.068846,0.393124,0.404247
33.800000,13.867576,7.838757,1.677450,0.690613,-0.004842,-0.005484,25.567004,-0.153590,12.488137,13.078867,0.393002,0.404439
33.833333,13.865284,7.861668,1.677259,0.690885,-0.004639,-0.005991,25.570395,-0.157812,12.481712,13.088683,0.392876,0.404626
33.866667,13.862989,7.884588,1.677051,0.691146,-0.004435,-0.006497,25.573401,-0.162029,12.475107,13.098294,0.392746,0.404810
33.900000,13.860692,7.907516,1.676826,0.691397,-0.004229,-0.007003,25.576022,-0.166239,12.468321,13.107701,0.392613,0.404990
33.933333,13.858392,7.930452,1.676584,0.691637,-0.004022,-0.007508,25.578258,-0.170442,12.461356,13.116903,0.392477,0.405166
33.966667,13.856090,7.953395,1.676325,0.691868,-0.003813,-0.008013,25.580110,-0.174639,12.454210,13.125899,0.392337,0.405338
34.000000,13.853786,7.976346,1.676050,0.692087,-0.003603,-0.008517,25.581576,-0.178830,12.446885,13.134691,0.392193,0.405506
34.033333,13.851482,7.999304,1.675757,0.692296,-0.003392,-0.009021,25.582656,-0.183014,12.439379,13.143277,0.392046,0.405669
34.066667,13.849176,8.022269,1.675448,0.692495,-0.003179,-0.009525,25.583351,-0.187191,12.431693,13.151658,0.391895,0.405829
34.100000,13.846870,8.045240,1.675122,0.692683,-0.002965,-0.010028,25.583661,-0.191361,12.423828,13.159833,0.391740,0.405985
34.133333,13.844564,8.068217,1.674780,0.692861,-0.002749,-0.010531,25.583585,-0.195525,12.415782,13.167803,0.391582,0.406137
34.166667,13.842258,8.091200,1.674420,0.693029,-0.002533,-0.011033,25.583124,-0.199683,12.407557,13.175567,0.391420,0.406285
34.200000,13.839953,8.114189,1.674044,0.693185,-0.002314,-0.011535,25.582277,-0.203833,12.399152,13.183126,0.391255,0.406429
34.233333,13.837649,8.137182,1.673651,0.693332,-0.002095,-0.012036,25.581045,-0.207977,12.390567,13.190478,0.391086,0.406569
34.266667,13.835346,8.160181,1.673242,0.693468,-0.001874,-0.012537,25.579427,-0.212114,12.381802,13.197625,0.390914,0.406705
34.300000,13.833045,8.183184,1.672816,0.693593,-0.001651,-0.013037,25.577424,-0.216244,12.372858,13.204566,0.390738,0.406838
34.333333,13.830746,8.206191,1.672373,0.693708,-0.001427,-0.013537,25.575036,-0.220367,12.363734,13.211301,0.390558,0.406966
34.366667,13.828450,8.229202,1.671913,0.693812,-0.001202,-0.014036,25.572262,-0.224484,12.354431,13.217831,0.390375,0.407090
34.400000,13.826157,8.252217,1.671437,0.693906,-0.000976,-0.014535,25.569103,-0.228593,12.344949,13.224154,0.390188,0.407210
34.433333,13.823867,8.275235,1.670944,0.693990,-0.000748,-0.015034,25.565558,-0.232696,12.335287,13.230272,0.389998,0.407327
34.466667,13.821581,8.298256,1.670435,0.694063,-0.000519,-0.015532,25.561629,-0.236792,12.325446,13.236183,0.389804,0.407439
34.500000,13.819299,8.321280,1.669909,0.694125,-0.000289,-0.016029,25.557315,-0.240881,12.315426,13.241889,0.389606,0.407548
34.533333,13.817022,8.344306,1.669366,0.694176,-0.000058,-0.016526,25.552617,-0.244962,12.305227,13.247390,0.389405,0.407652
34.566667,13.814749,8.367334,1.668807,0.694218,0.000175,-0.017022,25.547533,-0.249037,12.294849,13.252684,0.389200,0.407753
34.600000,13.812481,8.390363,1.668231,0.694248,0.000409,-0.017518,25.542066,-0.253105,12.284292,13.257773,0.388991,0.407850
34.633333,13.810219,8.413395,1.667639,0.694268,0.000644,-0.018014,25.536214,-0.257166,12.273557,13.262657,0.388779,0.407942
34.666667,13.807963,8.436427,1.667030,0.694278,0.000880,-0.018508,25.529979,-0.261220,12.262644,13.267335,0.388564,0.408031
34.700000,13.805714,8.459460,1.666405,0.694277,0.001117,-0.019003,25.523360,-0.265267,12.251552,13.271808,0.388344,0.408116
34.733333,13.803471,8.482493,1.665764,0.694265,0.001355,-0.019496,25.516357,-0.269306,12.240282,13.276076,0.388121,0.408197
34.766667,13.801235,8.505527,1.665105,0.694243,0.001595,-0.019989,25.508972,-0.273339,12.228834,13.280138,0.387895,0.408274
34.800000,13.799007,8.528560,1.664431,0.694210,0.001835,-0.020482,25.501203,-0.277365,12.217208,13.283996,0.387664,0.408347
34.833333,13.796786,8.551593,1.663740,0.694167,0.002077,-0.020974,25.493053,-0.281384,12.205404,13.287649,0.387430,0.408417
34.866667,13.794574,8.574626,1.663033,0.694113,0.002319,-0.021466,25.484520,-0.285395,12.193423,13.291097,0.387193,0.408482
34.900000,13.792370,8.597657,1.662309,0.694049,0.002563,-0.021957,25.475605,-0.289400,12.181264,13.294341,0.386952,0.408544
34.933333,13.790176,8.620686,1.661569,0.693974,0.002807,-0.022447,25.466309,-0.293398,12.168928,13.297380,0.386707,0.408601
34.966667,13.787990,8.643714,1.660813,0.693888,0.003052,-0.022937,25.456632,-0.297388,12.156416,13.300216,0.386458,0.408655
35.000000,13.785815,8.666740,1.660040,0.693792,0.003299,-0.023426,25.446574,-0.301372,12.143726,13.302848,0.386206,0.408705
35.033333,13.783649,8.689763,1.659251,0.693686,0.003546,-0.023914,25.436136,-0.305348,12.130860,13.305276,0.385951,0.408751
35.066667,13.781494,8.712784,1.658446,0.693568,0.003793,-0.024402,25.425318,-0.309317,12.117818,13.307500,0.385691,0.408793
35.100000,13.779350,8.735801,1.657624,0.693441,0.004042,-0.024890,25.414121,-0.313280,12.104599,13.309522,0.385428,0.408832
35.133333,13.777217,8.758815,1.656786,0.693302,0.004291,-0.025377,25.402546,-0.317235,12.091205,13.311341,0.385162,0.408866
35.166667,13.775095,8.781826,1.655932,0.693154,0.004541,-0.025863,25.390591,-0.321184,12.077635,13.312957,0.384891,0.408897
35.200000,13.772986,8.804832,1.655062,0.692994,0.004791,-0.026348,25.378260,-0.325125,12.063889,13.314370,0.384617,0.408924
35.233333,13.770889,8.827835,1.654176,0.692824,0.005042,-0.026833,25.365551,-0.329059,12.049969,13.315582,0.384340,0.408947
35.266667,13.768804,8.850832,1.653273,0.692644,0.005293,-0.027318,25.352465,-0.332987,12.035873,13.316592,0.384058,0.408966
35.300000,13.766733,8.873825,1.652355,0.692453,0.005545,-0.027801,25.339003,-0.336907,12.021603,13.317400,0.383774,0.408981
35.333333,13.764675,8.896812,1.651420,0.692252,0.005798,-0.028284,25.325166,-0.340821,12.007158,13.318008,0.383485,0.408992
35.366667,13.762631,8.919794,1.650469,0.692040,0.006051,-0.028767,25.310954,-0.344728,11.992539,13.318414,0.383193,0.409000
35.400000,13.760601,8.942769,1.649502,0.691818,0.006304,-0.029248,25.296367,-0.348627,11.977746,13.318621,0.382897,0.409004
35.433333,13.758586,8.965739,1.648519,0.691585,0.006557,-0.029730,25.281407,-0.352520,11.962780,13.318627,0.382597,0.409004
35.466667,13.756586,8.988702,1.647520,0.691341,0.006811,-0.030210,25.266074,-0.356406,11.947641,13.318433,0.382294,0.409001
35.500000,13.754601,9.011658,1.646505,0.691088,0.007064,-0.030690,25.250369,-0.360285,11.932329,13.318041,0.381987,0.408993
35.533333,13.752632,9.034607,1.645474,0.690823,0.007318,-0.031169,25.234293,-0.364157,11.916844,13.317449,0.381677,0.408982
35.566667,13.750678,9.057548,1.644427,0.690549,0.007572,-0.031647,25.217846,-0.368023,11.901186,13.316659,0.381363,0.408967
35.600000,13.748742,9.080481,1.643364,0.690264,0.007827,-0.032125,25.201029,-0.371882,11.885357,13.315671,0.381045,0.408948
35.633333,13.746822,9.103406,1.642285,0.689968,0.008081,-0.032602,25.183842,-0.375734,11.869357,13.314486,0.380723,0.408926
35.666667,13.744919,9.126323,1.641191,0.689662,0.008334,-0.033079,25.166288,-0.379579,11.853185,13.313103,0.380398,0.408900
35.700000,13.743034,9.149231,1.640080,0.689346,0.008588,-0.033554,25.148366,-0.383417,11.836842,13.311524,0.380070,0.408870
35.733333,13.741166,9.172129,1.638954,0.689019,0.008842,-0.034029,25.130077,-0.387249,11.820329,13.309748,0.379737,0.408836
35.766667,13.739317,9.195019,1.637812,0.688682,0.009095,-0.034503,25.111423,-0.391074,11.803646,13.307777,0.379401,0.408799
35.800000,13.737487,9.217898,1.636654,0.688335,0.009348,-0.034977,25.092404,-0.394893,11.786793,13.305611,0.379061,0.408757
35.833333,13.735676,9.240767,1.635480,0.687977,0.009601,-0.035450,25.073021,-0.398705,11.769771,13.303250,0.378718,0.408713
35.866667,13.733884,9.263626,1.634290,0.687609,0.009853,-0.035922,25.053275,-0.402510,11.752579,13.300695,0.378371,0.408664
35.900000,13.732112,9.286473,1.633085,0.687231,0.010104,-0.036393,25.033167,-0.406309,11.735220,13.297947,0.378020,0.408612
35.933333,13.730360,9.309310,1.631864,0.686843,0.010355,-0.036864,25.012698,-0.410101,11.717692,13.295005,0.377666,0.408556
35.966667,13.728628,9.332135,1.630627,0.686444,0.010606,-0.037334,24.991869,-0.413887,11.699997,13.291871,0.377308,0.408497
36.000000,13.726917,9.354949,1.629375,0.686035,0.010855,-0.037803,24.970681,-0.417667,11.682135,13.288545,0.376946,0.408434
36.033333,13.725228,9.377750,1.628107,0.685616,0.011104,-0.038272,24.949135,-0.421440,11.664106,13.285029,0.376581,0.408367
36.066667,13.723560,9.400539,1.626824,0.685186,0.011352,-0.038739,24.927233,-0.425206,11.645912,13.281321,0.376212,0.408297
36.100000,13.721915,9.423315,1.625525,0.684747,0.011599,-0.039206,24.904975,-0.428967,11.627551,13.277424,0.375839,0.408223
36.133333,13.720291,9.446078,1.624210,0.684297,0.011845,-0.039672,24.882387,-0.432720,11.609040,13.273348,0.375463,0.408145
36.166667,13.718691,9.468827,1.622880,0.683837,0.012090,-0.040138,24.859483,-0.436466,11.590384,13.269099,0.375084,0.408065
36.200000,13.717113,9.491563,1.621534,0.683368,0.012334,-0.040602,24.836266,-0.440203,11.571588,13.264678,0.374701,0.407981
36.233333,13.715559,9.514285,1.620173,0.682888,0.012577,-0.041066,24.812738,-0.443933,11.552651,13.260087,0.374316,0.407893
36.266667,13.714029,9.536992,1.618796,0.682399,0.012820,-0.041529,24.788903,-0.447655,11.533576,13.255327,0.373927,0.407803
36.300000,13.712523,9.559685,1.617404,0.681900,0.013061,-0.041991,24.764764,-0.451369,11.514364,13.250400,0.373535,0.407709
36.333333,13.711041,9.582362,1.615997,0.681391,0.013301,-0.042452,24.740323,-0.455075,11.495018,13.245306,0.373141,0.407613
36.366667,13.709584,9.605024,1.614574,0.680872,0.013540,-0.042913,24.715585,-0.458772,11.475538,13.240047,0.372743,0.407513
36.400000,13.708153,9.627670,1.613136,0.680344,0.013779,-0.043373,24.690551,-0.462461,11.455927,13.234624,0.372342,0.407410
36.433333,13.706747,9.650301,1.611683,0.679807,0.014017,-0.043831,24.665225,-0.466142,11.436186,13.229039,0.371938,0.407303
36.466667,13.705367,9.672915,1.610214,0.679260,0.014253,-0.044289,24.639609,-0.469814,11.416317,13.223293,0.371531,0.407194
36.500000,13.704013,9.695512,1.608730,0.678704,0.014489,-0.044746,24.613708,-0.473477,11.396321,13.217387,0.371121,0.407082
36.533333,13.702686,9.718092,1.607231,0.678139,0.014724,-0.045202,24.587523,-0.477131,11.376201,13.211322,0.370709,0.406966
36.566667,13.701385,9.740655,1.605717,0.677565,0.014958,-0.045657,24.561058,-0.480777,11.355958,13.205100,0.370293,0.406848
36.600000,13.700112,9.763201,1.604187,0.676982,0.015191,-0.046112,24.534316,-0.484414,11.335594,13.198723,0.369875,0.406726
36.633333,13.698867,9.785729,1.602643,0.676390,0.015423,-0.046565,24.507300,-0.488041,11.315110,13.192190,0.369453,0.406602
36.666667,13.697649,9.808238,1.601083,0.675788,0.015654,-0.047017,24.480013,-0.491659,11.294508,13.185505,0.369029,0.406475
36.700000,13.696459,9.830729,1.599508,0.675179,0.015885,-0.047468,24.452458,-0.495268,11.273790,13.178668,0.368603,0.406344
36.733333,13.695298,9.853201,1.597918,0.674560,0.016114,-0.047919,24.424638,-0.498868,11.252958,13.171680,0.368173,0.406211
36.766667,13.694166,9.875654,1.596314,0.673933,0.016343,-0.048368,24.396555,-0.502458,11.232013,13.164542,0.367741,0.406075
36.800000,13.693063,9.898087,1.594694,0.673297,0.016571,-0.048817,24.368214,-0.506038,11.210957,13.157257,0.367306,0.405936
36.833333,13.691989,9.920501,1.593059,0.672653,0.016797,-0.049264,24.339617,-0.509609,11.189791,13.149825,0.366868,0.405794
36.866667,13.690945,9.942894,1.591410,0.672000,0.017023,-0.049710,24.310766,-0.513170,11.168518,13.142248,0.366428,0.405650
36.900000,13.689931,9.965268,1.589745,0.671340,0.017248,-0.050156,24.281666,-0.516721,11.147139,13.134527,0.365985,0.405502
36.933333,13.688948,9.987621,1.588066,0.670671,0.017472,-0.050600,24.252319,-0.520262,11.125656,13.126663,0.365540,0.405352
36.966667,13.687995,10.009952,1.586372,0.669993,0.017696,-0.051043,24.222728,-0.523793,11.104070,13.118658,0.365092,0.405199
37.000000,13.687072,10.032263,1.584663,0.669308,0.017918,-0.051485,24.192896,-0.527314,11.082383,13.110513,0.364641,0.405044
37.033333,13.686181,10.054552,1.582939,0.668615,0.018139,-0.051927,24.162826,-0.530824,11.060597,13.102229,0.364188,0.404885
37.066667,13.685322,10.076819,1.581201,0.667914,0.018360,-0.052367,24.132522,-0.534325,11.038714,13.093808,0.363733,0.404724
37.100000,13.684494,10.099064,1.579448,0.667205,0.018579,-0.052805,24.101985,-0.537814,11.016734,13.085251,0.363275,0.404561
37.133333,13.683699,10.121287,1.577681,0.666488,0.018798,-0.053243,24.071220,-0.541294,10.994661,13.076559,0.362815,0.404395
37.166667,13.682935,10.143487,1.575899,0.665764,0.019016,-0.053680,24.040229,-0.544762,10.972495,13.067734,0.362352,0.404226
37.200000,13.682205,10.165664,1.574102,0.665032,0.019232,-0.054115,24.009015,-0.548220,10.950238,13.058776,0.361887,0.404054
37.233333,13.681507,10.187818,1.572291,0.664293,0.019448,-0.054550,23.977581,-0.551667,10.927893,13.049688,0.361420,0.403880
37.266667,13.680842,10.209948,1.570466,0.663547,0.019663,-0.054983,23.945930,-0.555103,10.905460,13.040470,0.360951,0.403703
37.300000,13.680211,10.232055,1.568626,0.662793,0.019877,-0.055415,23.914065,-0.558528,10.882941,13.031125,0.360479,0.403524
37.333333,13.679613,10.254137,1.566771,0.662031,0.020090,-0.055846,23.881990,-0.561942,10.860338,13.021652,0.360005,0.403343
37.366667,13.679049,10.276195,1.564903,0.661263,0.020302,-0.056276,23.849706,-0.565344,10.837653,13.012054,0.359529,0.403159
37.400000,13.678519,10.298228,1.563020,0.660488,0.020513,-0.056704,23.817218,-0.568736,10.814887,13.002331,0.359050,0.402972
37.433333,13.678024,10.320237,1.561122,0.659705,0.020723,-0.057131,23.784528,-0.572116,10.792042,12.992486,0.358570,0.402783
37.466667,13.677563,10.342220,1.559211,0.658916,0.020932,-0.057557,23.751639,-0.575484,10.769119,12.982519,0.358087,0.402592
37.500000,13.677138,10.364178,1.557285,0.658120,0.021140,-0.057982,23.718553,-0.578841,10.746121,12.972432,0.357603,0.402398
37.533333,13.676747,10.386110,1.555345,0.657317,0.021346,-0.058405,23.685275,-0.582186,10.723049,12.962226,0.357116,0.402202
37.566667,13.676392,10.408016,1.553391,0.656508,0.021552,-0.058828,23.651806,-0.585519,10.699905,12.951902,0.356627,0.402003
37.600000,13.676072,10.429895,1.551424,0.655692,0.021757,-0.059249,23.618151,-0.588841,10.676689,12.941461,0.356136,0.401803
37.633333,13.675789,10.451748,1.549442,0.654869,0.021961,-0.059668,23.584310,-0.592150,10.653405,12.930906,0.355644,0.401599
37.666667,13.675541,10.473574,1.547446,0.654041,0.022164,-0.060087,23.550289,-0.595448,10.630053,12.920236,0.355149,0.401394
37.700000,13.675330,10.495373,1.545436,0.653205,0.022365,-0.060504,23.516089,-0.598733,10.606635,12.909454,0.354652,0.401186
37.733333,13.675155,10.517145,1.543412,0.652364,0.022566,-0.060920,23.481714,-0.602006,10.583154,12.898561,0.354154,0.400977
37.766667,13.675017,10.538889,1.541375,0.651516,0.022766,-0.061334,23.447166,-0.605266,10.559609,12.887557,0.353654,0.400764
37.800000,13.674915,10.560605,1.539323,0.650663,0.022964,-0.061747,23.412449,-0.608515,10.536004,12.876445,0.353151,0.400550
37.833333,13.674851,10.582293,1.537258,0.649803,0.023161,-0.062159,23.377564,-0.611750,10.512339,12.865225,0.352648,0.400334
37.866667,13.674825,10.603953,1.535179,0.648938,0.023357,-0.062569,23.342516,-0.614973,10.488617,12.853899,0.352142,0.400115
37.900000,13.674836,10.625584,1.533087,0.648066,0.023553,-0.062978,23.307306,-0.618184,10.464839,12.842468,0.351634,0.399894
37.933333,13.674885,10.647186,1.530981,0.647189,0.023746,-0.063386,23.271939,-0.621381,10.441006,12.830933,0.351125,0.399672
37.966667,13.674972,10.668758,1.528861,0.646306,0.023939,-0.063792,23.236416,-0.624566,10.417120,12.819295,0.350615,0.399447
38.000000,13.675097,10.690302,1.526728,0.645418,0.024131,-0.064197,23.200740,-0.627737,10.393183,12.807557,0.350102,0.399220
38.033333,13.675260,10.711815,1.524581,0.644524,0.024321,-0.064600,23.164915,-0.630895,10.369197,12.795718,0.349588,0.398991
38.066667,13.675462,10.733299,1.522421,0.643625,0.024511,-0.065002,23.128943,-0.634041,10.345162,12.783780,0.349073,0.398760
38.100000,13.675703,10.754752,1.520248,0.642720,0.024699,-0.065402,23.092826,-0.637172,10.321082,12.771745,0.348556,0.398526
38.133333,13.675983,10.776175,1.518061,0.641810,0.024886,-0.065801,23.056569,-0.640291,10.296956,12.759613,0.348037,0.398291
38.166667,13.676302,10.797567,1.515861,0.640895,0.025071,-0.066199,23.020173,-0.643396,10.272787,12.747386,0.347517,0.398054
38.200000,13.676660,10.818929,1.513648,0.639975,0.025256,-0.066595,22.983641,-0.646487,10.248576,12.735065,0.346995,0.397816
38.233333,13.677058,10.840259,1.511422,0.639050,0.025439,-0.066989,22.946977,-0.649565,10.224325,12.722651,0.346472,0.397575
38.266667,13.677495,10.861558,1.509182,0.638120,0.025621,-0.067382,22.910182,-0.652629,10.200036,12.710146,0.345948,0.397332
38.300000,13.677972,10.882825,1.506929,0.637185,0.025802,-0.067774,22.873260,-0.655679,10.175709,12.697550,0.345422,0.397087
38.333333,13.678490,10.904060,1.504664,0.636245,0.025981,-0.068164,22.836213,-0.658715,10.151347,12.684865,0.344895,0.396841
38.366667,13.679047,10.925263,1.502385,0.635301,0.026159,-0.068552,22.799044,-0.661737,10.126952,12.672092,0.344366,0.396592
38.400000,13.679645,10.946433,1.500094,0.634352,0.026336,-0.068939,22.761755,-0.664744,10.102523,12.659232,0.343836,0.396342
38.433333,13.680283,10.967571,1.497789,0.633398,0.026512,-0.069324,22.724350,-0.667738,10.078064,12.646286,0.343305,0.396090
38.466667,13.680962,10.988676,1.495472,0.632440,0.026686,-0.069708,22.686832,-0.670717,10.053576,12.633255,0.342773,0.395837
38.500000,13.681682,11.009748,1.493142,0.631478,0.026860,-0.070090,22.649201,-0.673681,10.029060,12.620141,0.342240,0.395581
38.533333,13.682443,11.030787,1.490799,0.630511,0.027031,-0.070471,22.611463,-0.676631,10.004518,12.606945,0.341705,0.395324
38.566667,13.683245,11.051792,1.488444,0.629540,0.027202,-0.070850,22.573618,-0.679566,9.979951,12.593667,0.341170,0.395065
38.600000,13.684088,11.072763,1.486076,0.628565,0.027371,-0.071227,22.535670,-0.682487,9.955360,12.580309,0.340633,0.394804
38.633333,13.684973,11.093700,1.483696,0.627586,0.027539,-0.071603,22.497621,-0.685392,9.930748,12.566872,0.340095,0.394542
38.666667,13.685899,11.114603,1.481303,0.626603,0.027705,-0.071977,22.459473,-0.688283,9.906116,12.553358,0.339556,0.394278
38.700000,13.686867,11.135471,1.478897,0.625616,0.027870,-0.072349,22.421230,-0.691158,9.881464,12.539766,0.339016,0.394012
38.733333,13.687876,11.156305,1.476479,0.624625,0.028034,-0.072720,22.382894,-0.694019,9.856796,12.526098,0.338475,0.393745
38.766667,13.688928,11.177104,1.474049,0.623630,0.028196,-0.073089,22.344468,-0.696864,9.832112,12.512356,0.337933,0.393476
38.800000,13.690021,11.197868,1.471607,0.622632,0.028357,-0.073456,22.305953,-0.699693,9.807413,12.498540,0.337390,0.393206
38.833333,13.691157,11.218596,1.469152,0.621630,0.028516,-0.073821,22.267353,-0.702507,9.782701,12.484652,0.336846,0.392934
38.866667,13.692335,11.239288,1.466685,0.620625,0.028675,-0.074185,22.228670,-0.705306,9.757978,12.470692,0.336302,0.392660
38.900000,13.693556,11.259945,1.464207,0.619616,0.028831,-0.074548,22.189906,-0.708088,9.733244,12.456661,0.335756,0.392385
38.933333,13.694819,11.280566,1.461716,0.618603,0.028987,-0.074908,22.151064,-0.710855,9.708502,12.442561,0.335210,0.392108
38.966667,13.696124,11.301151,1.459213,0.617588,0.029140,-0.075267,22.112146,-0.713606,9.683753,12.428393,0.334663,0.391830
39.000000,13.697473,11.321699,1.456698,0.616569,0.029293,-0.075623,22.073154,-0.716341,9.658998,12.414157,0.334115,0.391550
39.033333,13.698864,11.342210,1.454171,0.615547,0.029444,-0.075979,22.034092,-0.719060,9.634238,12.399854,0.333567,0.391269
39.066667,13.700298,11.362685,1.451633,0.614522,0.029594,-0.076332,21.994962,-0.721763,9.609475,12.385486,0.333018,0.390986
39.100000,13.701775,11.383122,1.449082,0.613494,0.029742,-0.076683,21.955765,-0.724449,9.584711,12.371054,0.332468,0.390702
39.133333,13.703296,11.403523,1.446520,0.612463,0.029889,-0.077033,21.916504,-0.727119,9.559946,12.356557,0.331917,0.390417
39.166667,13.704860,11.423885,1.443947,0.611429,0.030034,-0.077381,21.877181,-0.729772,9.535183,12.341999,0.331366,0.390130
39.200000,13.706466,11.444210,1.441362,0.610392,0.030178,-0.077727,21.837799,-0.732409,9.510422,12.327378,0.330815,0.389842
39.233333,13.708117,11.464497,1.438765,0.609353,0.030320,-0.078071,21.798361,-0.735028,9.485664,12.312697,0.330262,0.389552
39.266667,13.709811,11.484746,1.436157,0.608310,0.030461,-0.078414,21.758867,-0.737631,9.460912,12.297955,0.329710,0.389261
39.300000,13.711548,11.504957,1.433537,0.607266,0.030601,-0.078754,21.719321,-0.740217,9.436166,12.283155,0.329156,0.388969
39.333333,13.713329,11.525129,1.430907,0.606219,0.030739,-0.079093,21.679724,-0.742786,9.411427,12.268297,0.328603,0.388675
39.366667,13.715154,11.545262,1.428265,0.605169,0.030875,-0.079430,21.640079,-0.745338,9.386698,12.253381,0.328048,0.388380
39.400000,13.717023,11.565357,1.425611,0.604117,0.031010,-0.079764,21.600388,-0.747872,9.361979,12.238409,0.327494,0.388084
39.433333,13.718935,11.585412,1.422947,0.603062,0.031144,-0.080097,21.560653,-0.750389,9.337272,12.223382,0.326939,0.387787
39.466667,13.720892,11.605428,1.420272,0.602006,0.031276,-0.080428,21.520877,-0.752888,9.312577,12.208300,0.326384,0.387488
39.500000,13.722892,11.625405,1.417585,0.600947,0.031407,-0.080757,21.481060,-0.755370,9.287896,12.193164,0.325828,0.387188
39.533333,13.724937,11.645341,1.414888,0.599886,0.031536,-0.081085,21.441206,-0.757833,9.263231,12.177975,0.325272,0.386886
39.566667,13.727025,11.665238,1.412180,0.598823,0.031664,-0.081410,21.401316,-0.760279,9.238583,12.162734,0.324716,0.386584
39.600000,13.729158,11.685095,1.409460,0.597758,0.031790,-0.081733,21.361393,-0.762707,9.213952,12.147441,0.324160,0.386280
39.633333,13.731335,11.704912,1.406731,0.596691,0.031915,-0.082054,21.321438,-0.765117,9.189340,12.132098,0.323603,0.385975
39.666667,13.733556,11.724688,1.403990,0.595623,0.032038,-0.082373,21.281453,-0.767509,9.164748,12.116705,0.323046,0.385669
39.700000,13.735822,11.744423,1.401239,0.594552,0.032160,-0.082690,21.241440,-0.769882,9.140178,12.101262,0.322489,0.385362
39.733333,13.738131,11.764118,1.398478,0.593480,0.032281,-0.083006,21.201414,-0.772237,9.115636,12.085778,0.321932,0.385054
39.766667,13.740486,11.783772,1.395705,0.592406,0.032400,-0.083319,21.161395,-0.774574,9.091133,12.070263,0.321375,0.384744
39.800000,13.742884,11.803384,1.392923,0.591331,0.032517,-0.083630,21.121388,-0.776892,9.066670,12.054718,0.320819,0.384434
39.833333,13.745327,11.822955,1.390130,0.590254,0.032633,-0.083939,21.081396,-0.779193,9.042250,12.039146,0.320263,0.384124
39.866667,13.747815,11.842485,1.387327,0.589176,0.032747,-0.084246,21.041422,-0.781475,9.017875,12.023548,0.319707,0.383812
39.900000,13.750347,11.861973,1.384514,0.588097,0.032859,-0.084551,21.001472,-0.783739,8.993546,12.007926,0.319152,0.383500
39.933333,13.752923,11.881419,1.381690,0.587017,0.032970,-0.084854,20.961548,-0.785984,8.969266,11.992282,0.318597,0.383188
39.966667,13.755544,11.900823,1.378857,0.585935,0.033079,-0.085154,20.921654,-0.788211,8.945037,11.976618,0.318043,0.382874
40.000000,13.758210,11.920184,1.376013,0.584853,0.033186,-0.085453,20.881795,-0.790419,8.920860,11.960935,0.317489,0.382560
40.033333,13.760921,11.939504,1.373160,0.583770,0.033292,-0.085750,20.841974,-0.792609,8.896739,11.945235,0.316936,0.382246
40.066667,13.763676,11.958780,1.370297,0.582687,0.033395,-0.086044,20.802194,-0.794780,8.872674,11.929520,0.316383,0.381931
40.100000,13.766475,11.978015,1.367424,0.581603,0.033497,-0.086336,20.762460,-0.796932,8.848668,11.913792,0.315831,0.381616
40.133333,13.769320,11.997206,1.364541,0.580519,0.033596,-0.086627,20.722776,-0.799066,8.824723,11.898053,0.315280,0.381300
40.166667,13.772209,12.016354,1.361649,0.579434,0.033694,-0.086915,20.683144,-0.801180,8.800841,11.882303,0.314730,0.380984
40.200000,13.775143,12.035459,1.358747,0.578349,0.033790,-0.087201,20.643569,-0.803276,8.777023,11.866546,0.314181,0.380667
40.233333,13.778121,12.054521,1.355835,0.577264,0.033883,-0.087484,20.604055,-0.805352,8.753273,11.850782,0.313633,0.380350
40.266667,13.781145,12.073540,1.352915,0.576179,0.033975,-0.087766,20.564605,-0.807410,8.729591,11.835014,0.313085,0.380033
40.300000,13.784213,12.092515,1.349984,0.575094,0.034064,-0.088045,20.525223,-0.809448,8.705980,11.819242,0.312539,0.379715
40.333333,13.787326,12.111446,1.347045,0.574010,0.034152,-0.088322,20.485912,-0.811467,8.682442,11.803470,0.311993,0.379397
40.366667,13.790484,12.130333,1.344096,0.572925,0.034237,-0.088597,20.446677,-0.813467,8.658979,11.787697,0.311449,0.379079
40.400000,13.793687,12.149176,1.341138,0.571841,0.034320,-0.088870,20.407520,-0.815447,8.635593,11.771927,0.310906,0.378761
40.433333,13.796935,12.167976,1.338172,0.570758,0.034401,-0.089141,20.368446,-0.817408,8.612286,11.756161,0.310364,0.378443
40.466667,13.800227,12.186731,1.335196,0.569675,0.034479,-0.089409,20.329459,-0.819349,8.589059,11.740400,0.309824,0.378125
40.500000,13.803565,12.205441,1.332211,0.568594,0.034556,-0.089675,20.290561,-0.821270,8.565915,11.724646,0.309284,0.377806
40.533333,13.806947,12.224108,1.329217,0.567513,0.034630,-0.089939,20.251757,-0.823172,8.542856,11.708901,0.308747,0.377488
40.566667,13.810375,12.242729,1.326215,0.566433,0.034702,-0.090201,20.213049,-0.825054,8.519883,11.693166,0.308210,0.377169
40.600000,13.813847,12.261306,1.323204,0.565354,0.034771,-0.090460,20.174442,-0.826915,8.496999,11.677443,0.307675,0.376851
40.633333,13.817364,12.279838,1.320184,0.564276,0.034838,-0.090717,20.135940,-0.828757,8.474206,11.661734,0.307142,0.376532
40.666667,13.820926,12.298325,1.317156,0.563199,0.034903,-0.090972,20.097545,-0.830579,8.451505,11.646040,0.306610,0.376214
40.700000,13.824533,12.316767,1.314120,0.562124,0.034966,-0.091224,20.059261,-0.832381,8.428898,11.630362,0.306080,0.375896
40.733333,13.828185,12.335164,1.311075,0.561051,0.035026,-0.091474,20.021091,-0.834162,8.406388,11.614703,0.305551,0.375578
40.766667,13.831882,12.353516,1.308021,0.559979,0.035084,-0.091722,19.983040,-0.835923,8.383977,11.599064,0.305024,0.375260
40.800000,13.835624,12.371822,1.304960,0.558908,0.035139,-0.091968,19.945111,-0.837663,8.361665,11.583446,0.304499,0.374943
40.833333,13.839410,12.390083,1.301890,0.557840,0.035192,-0.092211,19.907306,-0.839383,8.339455,11.567851,0.303976,0.374625
40.866667,13.843242,12.408298,1.298813,0.556773,0.035243,-0.092452,19.869631,-0.841082,8.317350,11.552281,0.303455,0.374308
40.900000,13.847119,12.426468,1.295727,0.555709,0.035291,-0.092690,19.832086,-0.842760,8.295350,11.536736,0.302935,0.373992
40.933333,13.851040,12.444592,1.292633,0.554646,0.035337,-0.092926,19.794678,-0.844418,8.273458,11.521219,0.302418,0.373675
40.966667,13.855007,12.462670,1.289532,0.553586,0.035380,-0.093160,19.757407,-0.846054,8.251676,11.505732,0.301902,0.373359
41.000000,13.859018,12.480702,1.286423,0.552528,0.035421,-0.093391,19.720279,-0.847670,8.230005,11.490274,0.301389,0.373044
41.033333,13.863075,12.498688,1.283306,0.551473,0.035460,-0.093620,19.683296,-0.849264,8.208447,11.474849,0.300878,0.372729
41.066667,13.867176,12.516628,1.280181,0.550420,0.035496,-0.093847,19.646461,-0.850837,8.187005,11.459456,0.300369,0.372414
41.100000,13.871322,12.534522,1.277049,0.549369,0.035530,-0.094071,19.609779,-0.852389,8.165680,11.444099,0.299862,0.372100
41.133333,13.875513,12.552370,1.273910,0.548321,0.035561,-0.094293,19.573251,-0.853919,8.144473,11.428778,0.299358,0.371786
41.166667,13.879749,12.570171,1.270763,0.547277,0.035590,-0.094512,19.536882,-0.855428,8.123387,11.413494,0.298856,0.371473
41.200000,13.884030,12.587926,1.267609,0.546235,0.035616,-0.094729,19.500674,-0.856915,8.102424,11.398250,0.298356,0.371161
41.233333,13.888355,12.605635,1.264448,0.545196,0.035640,-0.094943,19.464631,-0.858380,8.081585,11.383046,0.297859,0.370849
41.266667,13.892726,12.623297,1.261280,0.544160,0.035662,-0.095155,19.428755,-0.859823,8.060871,11.367884,0.297364,0.370538
41.300000,13.897141,12.640912,1.258104,0.543127,0.035681,-0.095364,19.393051,-0.861244,8.040286,11.352765,0.296872,0.370227
41.333333,13.901601,12.658481,1.254922,0.542098,0.035698,-0.095571,19.357520,-0.862644,8.019830,11.337690,0.296382,0.369918
41.366667,13.906105,12.676004,1.251733,0.541072,0.035712,-0.095776,19.322166,-0.864020,7.999505,11.322661,0.295895,0.369609
41.400000,13.910655,12.693479,1.248537,0.540049,0.035724,-0.095978,19.286993,-0.865375,7.979314,11.307679,0.295411,0.369300
41.433333,13.915249,12.710908,1.245334,0.539030,0.035734,-0.096177,19.252003,-0.866707,7.959257,11.292746,0.294930,0.368993
41.466667,13.919888,12.728290,1.242125,0.538015,0.035741,-0.096374,19.217199,-0.868017,7.939336,11.277862,0.294451,0.368686
41.500000,13.924571,12.745624,1.238910,0.537003,0.035746,-0.096569,19.182583,-0.869303,7.919554,11.263029,0.293975,0.368381
41.533333,13.929300,12.762913,1.235687,0.535996,0.035749,-0.096761,19.148160,-0.870568,7.899912,11.248248,0.293502,0.368076
41.566667,13.934072,12.780154,1.232459,0.534992,0.035749,-0.096950,19.113932,-0.871809,7.880411,11.233521,0.293032,0.367772
41.600000,13.938890,12.797348,1.229224,0.533992,0.035747,-0.097137,19.079901,-0.873027,7.861053,11.218848,0.292565,0.367469
41.633333,13.943752,12.814495,1.225983,0.532996,0.035743,-0.097321,19.046071,-0.874222,7.841840,11.204231,0.292101,0.367167
41.666667,13.948658,12.831595,1.222736,0.532005,0.035736,-0.097503,19.012444,-0.875394,7.822773,11.189671,0.291640,0.366866
41.700000,13.953609,12.848648,1.219483,0.531018,0.035728,-0.097682,18.979024,-0.876542,7.803854,11.175169,0.291183,0.366566
41.733333,13.958604,12.865653,1.216224,0.530035,0.035717,-0.097858,18.945812,-0.877667,7.785085,11.160727,0.290728,0.366267
41.766667,13.963644,12.882612,1.212959,0.529057,0.035704,-0.098032,18.912812,-0.878768,7.766468,11.146344,0.290277,0.365969
41.800000,13.968728,12.899523,1.209689,0.528083,0.035689,-0.098203,18.880026,-0.879845,7.748003,11.132023,0.289829,0.365672
41.833333,13.973857,12.916387,1.206412,0.527114,0.035672,-0.098372,18.847457,-0.880899,7.729692,11.117765,0.289384,0.365376
41.866667,13.979029,12.933204,1.203130,0.526150,0.035652,-0.098538,18.815107,-0.881929,7.711537,11.103570,0.288943,0.365081
41.900000,13.984247,12.949974,1.199843,0.525190,0.035631,-0.098701,18.782979,-0.882934,7.693539,11.089440,0.288505,0.364788
41.933333,13.989508,12.966697,1.196550,0.524235,0.035607,-0.098862,18.751076,-0.883915,7.675701,11.075376,0.288070,0.364496
41.966667,13.994813,12.983372,1.193252,0.523286,0.035582,-0.099020,18.719400,-0.884872,7.658023,11.061378,0.287639,0.364205
42.000000,14.000163,13.000000,1.189949,0.522341,0.035554,-0.099175,18.687954,-0.885805,7.640506,11.047448,0.287212,0.363915
42.033333,14.005557,13.016581,1.186641,0.521401,0.035525,-0.099328,18.656740,-0.886713,7.623153,11.033587,0.286788,0.363626
42.066667,14.010995,13.033114,1.183327,0.520467,0.035494,-0.099478,18.625759,-0.887596,7.605965,11.019795,0.286368,0.363339
42.100000,14.016476,13.049600,1.180009,0.519538,0.035461,-0.099625,18.595016,-0.888454,7.588942,11.006074,0.285952,0.363053
42.133333,14.022002,13.066039,1.176686,0.518614,0.035426,-0.099770,18.564511,-0.889287,7.572088,10.992424,0.285539,0.362768
42.166667,14.027572,13.082431,1.173358,0.517696,0.035389,-0.099912,18.534248,-0.890096,7.555402,10.978846,0.285131,0.362485
42.200000,14.033185,13.098775,1.170025,0.516783,0.035351,-0.100051,18.504229,-0.890879,7.538886,10.965342,0.284726,0.362203
42.233333,14.038843,13.115073,1.166688,0.515876,0.035311,-0.100187,18.474455,-0.891636,7.522542,10.951912,0.284324,0.361922
42.266667,14.044544,13.131323,1.163346,0.514974,0.035269,-0.100321,18.444929,-0.892368,7.506372,10.938557,0.283927,0.361643
42.300000,14.050288,13.147525,1.160000,0.514079,0.035225,-0.100452,18.415653,-0.893075,7.490375,10.925278,0.283534,0.361366
42.333333,14.056077,13.163681,1.156649,0.513189,0.035180,-0.100580,18.386629,-0.893755,7.474554,10.912075,0.283145,0.361089
42.366667,14.061909,13.179789,1.153294,0.512304,0.035134,-0.100705,18.357859,-0.894410,7.458910,10.898949,0.282759,0.360814
42.400000,14.067784,13.195851,1.149935,0.511426,0.035086,-0.100828,18.329345,-0.895039,7.443443,10.885901,0.282378,0.360541
42.433333,14.073703,13.211865,1.146572,0.510554,0.035036,-0.100947,18.301089,-0.895642,7.428156,10.872933,0.282001,0.360269
42.466667,14.079666,13.227832,1.143206,0.509688,0.034985,-0.101064,18.273093,-0.896218,7.413050,10.860043,0.281628,0.359999
42.500000,14.085671,13.243752,1.139835,0.508828,0.034933,-0.101179,18.245359,-0.896768,7.398125,10.847234,0.281260,0.359730
42.533333,14.091720,13.259625,1.136460,0.507974,0.034880,-0.101290,18.217889,-0.897292,7.383384,10.834505,0.280895,0.359463
42.566667,14.097812,13.275451,1.133082,0.507127,0.034825,-0.101398,18.190684,-0.897788,7.368826,10.821858,0.280535,0.359197
42.600000,14.103948,13.291230,1.129701,0.506286,0.034769,-0.101504,18.163747,-0.898258,7.354453,10.809293,0.280179,0.358933
42.633333,14.110126,13.306963,1.126315,0.505451,0.034712,-0.101607,18.137078,-0.898701,7.340267,10.796811,0.279828,0.358670
42.666667,14.116348,13.322648,1.122927,0.504623,0.034654,-0.101707,18.110680,-0.899117,7.326268,10.784412,0.279481,0.358409
42.700000,14.122612,13.338287,1.119535,0.503801,0.034595,-0.101804,18.084554,-0.899506,7.312457,10.772096,0.279138,0.358150
42.733333,14.128919,13.353878,1.116140,0.502986,0.034535,-0.101898,18.058702,-0.899868,7.298836,10.759865,0.278800,0.357892
42.766667,14.135270,13.369424,1.112742,0.502177,0.034474,-0.101989,18.033125,-0.900201,7.285406,10.747719,0.278466,0.357636
42.800000,14.141662,13.384922,1.109341,0.501375,0.034412,-0.102077,18.007824,-0.900508,7.272166,10.735658,0.278137,0.357382
42.833333,14.148098,13.400374,1.105937,0.500580,0.034350,-0.102163,17.982802,-0.900786,7.259120,10.723683,0.277813,0.357129
42.866667,14.154576,13.415779,1.102530,0.499792,0.034286,-0.102245,17.958060,-0.901037,7.246266,10.711793,0.277493,0.356878
42.900000,14.161097,13.431138,1.099120,0.499010,0.034222,-0.102325,17.933598,-0.901260,7.233607,10.699991,0.277177,0.356629
42.933333,14.167660,13.446451,1.095708,0.498236,0.034158,-0.102402,17.909418,-0.901454,7.221143,10.688275,0.276866,0.356381
42.966667,14.174265,13.461717,1.092294,0.497468,0.034093,-0.102475,17.885522,-0.901620,7.208876,10.676647,0.276560,0.356135
43.000000,14.180913,13.476937,1.088877,0.496707,0.034027,-0.102546,17.861911,-0.901758,7.196805,10.665106,0.276259,0.355891
43.033333,14.187602,13.492111,1.085457,0.495954,0.033961,-0.102614,17.838585,-0.901868,7.184932,10.653653,0.275963,0.355649
43.066667,14.194334,13.507239,1.082036,0.495207,0.033895,-0.102679,17.815546,-0.901948,7.173258,10.642289,0.275671,0.355408
43.100000,14.201108,13.522320,1.078612,0.494468,0.033828,-0.102740,17.792795,-0.902000,7.161783,10.631013,0.275384,0.355169
43.133333,14.207924,13.537356,1.075186,0.493736,0.033761,-0.102799,17.770333,-0.902022,7.150508,10.619825,0.275102,0.354932
43.166667,14.214782,13.552346,1.071759,0.493011,0.033694,-0.102855,17.748161,-0.902016,7.139434,10.608727,0.274825,0.354697
43.200000,14.221682,13.567290,1.068329,0.492293,0.033627,-0.102908,17.726280,-0.901980,7.128562,10.597718,0.274552,0.354463
43.233333,14.228623,13.582189,1.064898,0.491583,0.033560,-0.102958,17.704691,-0.901915,7.117893,10.586798,0.274285,0.354231
43.266667,14.235606,13.597042,1.061466,0.490880,0.033493,-0.103004,17.683393,-0.901821,7.107426,10.575967,0.274022,0.354001
43.300000,14.242630,13.611849,1.058031,0.490184,0.033426,-0.103048,17.662390,-0.901697,7.097163,10.565227,0.273765,0.353773
43.333333,14.249696,13.626611,1.054596,0.489496,0.033360,-0.103089,17.641675,-0.901543,7.087101,10.554575,0.273512,0.353546
43.366667,14.256803,13.641328,1.051159,0.488815,0.033293,-0.103126,17.621235,-0.901364,7.077226,10.544009,0.273264,0.353322
43.400000,14.263951,13.655999,1.047721,0.488142,0.033227,-0.103161,17.601066,-0.901158,7.067537,10.533529,0.273021,0.353099
43.433333,14.271141,13.670626,1.044281,0.487476,0.033161,-0.103192,17.581169,-0.900927,7.058033,10.523136,0.272782,0.352877
43.466667,14.278371,13.685207,1.040841,0.486818,0.033095,-0.103221,17.561545,-0.900670,7.048715,10.512830,0.272547,0.352658
43.500000,14.285642,13.699744,1.037400,0.486167,0.033029,-0.103246,17.542192,-0.900387,7.039582,10.502610,0.272317,0.352440
43.533333,14.292955,13.714235,1.033958,0.485523,0.032964,-0.103268,17.523111,-0.900079,7.030634,10.492476,0.272092,0.352224
43.566667,14.300308,13.728683,1.030516,0.484887,0.032898,-0.103288,17.504301,-0.899745,7.021871,10.482430,0.271871,0.352010
43.600000,14.307701,13.743085,1.027072,0.484258,0.032833,-0.103304,17.485764,-0.899386,7.013293,10.472471,0.271655,0.351797
43.633333,14.315136,13.757443,1.023629,0.483637,0.032768,-0.103318,17.467498,-0.899002,7.004899,10.462600,0.271443,0.351587
43.666667,14.322611,13.771757,1.020185,0.483023,0.032702,-0.103328,17.449504,-0.898593,6.996689,10.452815,0.271236,0.351378
43.700000,14.330126,13.786026,1.016740,0.482417,0.032637,-0.103336,17.431781,-0.898159,6.988662,10.443119,0.271034,0.351171
43.733333,14.337682,13.800251,1.013296,0.481818,0.032572,-0.103340,17.414330,-0.897699,6.980820,10.433510,0.270836,0.350965
43.766667,14.345277,13.814432,1.009851,0.481227,0.032507,-0.103342,17.397151,-0.897215,6.973161,10.423990,0.270642,0.350762
43.800000,14.352914,13.828570,1.006406,0.480643,0.032443,-0.103341,17.380243,-0.896707,6.965685,10.414557,0.270454,0.350560
43.833333,14.360590,13.842663,1.002961,0.480066,0.032378,-0.103337,17.363606,-0.896173,6.958393,10.405213,0.270269,0.350360
43.866667,14.368306,13.856712,0.999517,0.479497,0.032313,-0.103330,17.347240,-0.895615,6.951283,10.395957,0.270089,0.350162
43.900000,14.376062,13.870718,0.996073,0.478935,0.032248,-0.103320,17.331146,-0.895033,6.944356,10.386790,0.269914,0.349965
43.933333,14.383858,13.884680,0.992629,0.478381,0.032183,-0.103307,17.315322,-0.894426,6.937611,10.377711,0.269744,0.349771
43.966667,14.391694,13.898599,0.989186,0.477834,0.032118,-0.103291,17.299770,-0.893795,6.931049,10.368722,0.269577,0.349578
44.000000,14.399570,13.912475,0.985743,0.477295,0.032053,-0.103272,17.284489,-0.893140,6.924668,10.359821,0.269416,0.349387
44.033333,14.407485,13.926307,0.982301,0.476763,0.031988,-0.103251,17.269479,-0.892460,6.918469,10.351009,0.269259,0.349198
44.066667,14.415439,13.940096,0.978860,0.476239,0.031923,-0.103226,17.254739,-0.891757,6.912452,10.342287,0.269106,0.349011
44.100000,14.423434,13.953842,0.975419,0.475721,0.031858,-0.103199,17.240270,-0.891030,6.906616,10.333655,0.268958,0.348826
44.133333,14.431467,13.967545,0.971980,0.475212,0.031793,-0.103169,17.226072,-0.890279,6.900961,10.325111,0.268815,0.348642
44.166667,14.439540,13.981205,0.968541,0.474710,0.031728,-0.103136,17.212144,-0.889505,6.895486,10.316658,0.268676,0.348460
44.200000,14.447653,13.994822,0.965104,0.474215,0.031663,-0.103101,17.198487,-0.888706,6.890193,10.308294,0.268542,0.348281
44.233333,14.455804,14.008397,0.961668,0.473728,0.031597,-0.103062,17.185101,-0.887885,6.885080,10.300021,0.268412,0.348103
44.266667,14.463995,14.021929,0.958233,0.473248,0.031532,-0.103021,17.171984,-0.887040,6.880147,10.291837,0.268287,0.347927
44.300000,14.472224,14.035419,0.954800,0.472775,0.031466,-0.102977,17.159138,-0.886171,6.875394,10.283744,0.268166,0.347753
44.333333,14.480493,14.048867,0.951368,0.472310,0.031401,-0.102930,17.146562,-0.885279,6.870821,10.275741,0.268050,0.347580
44.366667,14.488800,14.062272,0.947938,0.471853,0.031335,-0.102881,17.134256,-0.884364,6.866427,10.267829,0.267939,0.347410
44.400000,14.497147,14.075635,0.944510,0.471403,0.031269,-0.102828,17.122219,-0.883427,6.862212,10.260007,0.267831,0.347241
44.433333,14.505532,14.088956,0.941083,0.470960,0.031203,-0.102773,17.110453,-0.882466,6.858177,10.252276,0.267729,0.347075
44.466667,14.513956,14.102235,0.937658,0.470524,0.031137,-0.102715,17.098956,-0.881482,6.854320,10.244636,0.267631,0.346910
44.500000,14.522418,14.115473,0.934235,0.470097,0.031071,-0.102655,17.087728,-0.880475,6.850642,10.237086,0.267537,0.346747
44.533333,14.530919,14.128669,0.930814,0.469676,0.031005,-0.102592,17.076770,-0.879446,6.847142,10.229628,0.267448,0.346587
44.566667,14.539459,14.141823,0.927396,0.469263,0.030939,-0.102526,17.066082,-0.878394,6.843821,10.222261,0.267364,0.346428
44.600000,14.548037,14.154935,0.923979,0.468857,0.030872,-0.102457,17.055662,-0.877320,6.840677,10.214985,0.267284,0.346271
44.633333,14.556654,14.168006,0.920565,0.468459,0.030805,-0.102386,17.045512,-0.876223,6.837711,10.207801,0.267208,0.346115
44.666667,14.565309,14.181036,0.917154,0.468068,0.030739,-0.102311,17.035631,-0.875104,6.834922,10.200708,0.267138,0.345962
44.700000,14.574002,14.194025,0.913745,0.467685,0.030672,-0.102235,17.026018,-0.873963,6.832311,10.193707,0.267071,0.345811
44.733333,14.582733,14.206973,0.910338,0.467309,0.030605,-0.102155,17.016674,-0.872800,6.829876,10.186798,0.267009,0.345662
44.766667,14.591503,14.219879,0.906934,0.466940,0.030537,-0.102073,17.007599,-0.871614,6.827618,10.179980,0.266952,0.345514
44.800000,14.600310,14.232745,0.903533,0.466579,0.030470,-0.101989,16.998792,-0.870407,6.825537,10.173255,0.266899,0.345369
44.833333,14.609156,14.245570,0.900135,0.466225,0.030403,-0.101901,16.990253,-0.869177,6.823632,10.166621,0.266850,0.345225
44.866667,14.618040,14.258355,0.896740,0.465879,0.030335,-0.101812,16.981982,-0.867926,6.821902,10.160080,0.266806,0.345084
44.900000,14.626962,14.271098,0.893348,0.465540,0.030267,-0.101719,16.973980,-0.866653,6.820349,10.153631,0.266767,0.344944
44.933333,14.635921,14.283802,0.889959,0.465208,0.030199,-0.101624,16.966245,-0.865359,6.818971,10.147274,0.266731,0.344806
44.966667,14.644919,14.296465,0.886573,0.464884,0.030131,-0.101526,16.958778,-0.864043,6.817768,10.141010,0.266701,0.344671
45.000000,14.653954,14.309088,0.883190,0.464567,0.030063,-0.101426,16.951578,-0.862705,6.816740,10.134838,0.266675,0.344537
45.033333,14.663027,14.321670,0.879811,0.464257,0.029994,-0.101323,16.944646,-0.861347,6.815887,10.128759,0.266653,0.344405
45.066667,14.672138,14.334213,0.876435,0.463955,0.029926,-0.101218,16.937981,-0.859967,6.815209,10.122772,0.266636,0.344276
45.100000,14.681286,14.346716,0.873063,0.463660,0.029857,-0.101110,16.931583,-0.858565,6.814705,10.116879,0.266623,0.344148
45.133333,14.690472,14.359179,0.869695,0.463373,0.029788,-0.100999,16.925452,-0.857143,6.814374,10.111078,0.266614,0.344022
45.166667,14.699695,14.371602,0.866330,0.463093,0.029719,-0.100886,16.919588,-0.855700,6.814218,10.105370,0.266610,0.343898
45.200000,14.708956,14.383986,0.862969,0.462820,0.029650,-0.100770,16.913990,-0.854235,6.814235,10.099755,0.266611,0.343776
45.233333,14.718255,14.396330,0.859612,0.462555,0.029581,-0.100652,16.908659,-0.852750,6.814425,10.094234,0.266616,0.343657
45.266667,14.727591,14.408635,0.856259,0.462297,0.029511,-0.100532,16.903594,-0.851244,6.814788,10.088806,0.266625,0.343539
45.300000,14.736964,14.420900,0.852910,0.462046,0.029442,-0.100408,16.898795,-0.849718,6.815324,10.083471,0.266639,0.343423
45.333333,14.746374,14.433127,0.849565,0.461803,0.029372,-0.100283,16.894262,-0.848171,6.816033,10.078229,0.266657,0.343309
45.366667,14.755822,14.445314,0.846224,0.461567,0.029302,-0.100155,16.889994,-0.846603,6.816913,10.073081,0.266679,0.343197
45.400000,14.765307,14.457463,0.842888,0.461338,0.029232,-0.100024,16.885992,-0.845016,6.817966,10.068026,0.266706,0.343087
45.433333,14.774829,14.469572,0.839556,0.461117,0.029162,-0.099891,16.882256,-0.843407,6.819190,10.063065,0.266737,0.342980
45.466667,14.784389,14.481643,0.836229,0.460903,0.029092,-0.099756,16.878784,-0.841779,6.820586,10.058198,0.266773,0.342874
45.500000,14.793985,14.493675,0.832906,0.460697,0.029021,-0.099618,16.875577,-0.840130,6.822153,10.053424,0.266812,0.342770
45.533333,14.803619,14.505669,0.829588,0.460497,0.028951,-0.099478,16.872636,-0.838462,6.823891,10.048744,0.266857,0.342668
45.566667,14.813290,14.517624,0.826274,0.460305,0.028880,-0.099335,16.869958,-0.836773,6.825800,10.044159,0.266905,0.342568
45.600000,14.822997,14.529541,0.822965,0.460121,0.028809,-0.099190,16.867546,-0.835065,6.827879,10.039667,0.266958,0.342471
45.633333,14.832742,14.541420,0.819661,0.459943,0.028738,-0.099042,16.865397,-0.833337,6.830128,10.035269,0.267016,0.342375
45.666667,14.842523,14.553261,0.816362,0.459773,0.028667,-0.098892,16.863512,-0.831589,6.832547,10.030965,0.267077,0.342281
45.700000,14.852342,14.565063,0.813069,0.459610,0.028596,-0.098740,16.861891,-0.829821,6.835135,10.026756,0.267143,0.342190
45.733333,14.862197,14.576828,0.809780,0.459455,0.028524,-0.098585,16.860534,-0.828034,6.837893,10.022640,0.267213,0.342100
45.766667,14.872089,14.588555,0.806496,0.459307,0.028453,-0.098428,16.859439,-0.826228,6.840820,10.018619,0.267288,0.342012
45.800000,14.882018,14.600245,0.803218,0.459166,0.028381,-0.098269,16.858608,-0.824402,6.843916,10.014693,0.267366,0.341927
45.833333,14.891984,14.611897,0.799945,0.459032,0.028309,-0.098107,16.858040,-0.822557,6.847180,10.010861,0.267449,0.341843
45.866667,14.901986,14.623511,0.796678,0.458906,0.028238,-0.097943,16.857735,-0.820693,6.850612,10.007123,0.267537,0.341762
45.900000,14.912025,14.635089,0.793416,0.458787,0.028166,-0.097776,16.857692,-0.818809,6.854213,10.003480,0.267628,0.341683
45.933333,14.922101,14.646629,0.790159,0.458675,0.028093,-0.097608,16.857912,-0.816907,6.857981,9.999931,0.267724,0.341605
45.966667,14.932214,14.658131,0.786908,0.458570,0.028021,-0.097437,16.858393,-0.814986,6.861916,9.996477,0.267824,0.341530
46.000000,14.942363,14.669597,0.783663,0.458473,0.027949,-0.097263,16.859136,-0.813046,6.866019,9.993118,0.267928,0.341457
46.033333,14.952548,14.681026,0.780424,0.458383,0.027877,-0.097088,16.860141,-0.811087,6.870288,9.989853,0.268037,0.341386
46.066667,14.962771,14.692419,0.777191,0.458300,0.027804,-0.096910,16.861408,-0.809109,6.874724,9.986683,0.268149,0.341316
46.100000,14.973030,14.703774,0.773964,0.458224,0.027731,-0.096729,16.862935,-0.807113,6.879327,9.983608,0.268266,0.341249
46.133333,14.983325,14.715093,0.770742,0.458156,0.027659,-0.096547,16.864723,-0.805099,6.884095,9.980629,0.268387,0.341184
46.166667,14.993657,14.726376,0.767527,0.458095,0.027586,-0.096362,16.866772,-0.803066,6.889029,9.977744,0.268512,0.341121
46.200000,15.004025,14.737622,0.764318,0.458041,0.027513,-0.096176,16.869082,-0.801015,6.894128,9.974954,0.268642,0.341060
46.233333,15.014430,14.748832,0.761116,0.457994,0.027440,-0.095986,16.871652,-0.798945,6.899393,9.972259,0.268775,0.341002
46.266667,15.024871,14.760006,0.757919,0.457954,0.027367,-0.095795,16.874481,-0.796857,6.904823,9.969659,0.268913,0.340945
46.300000,15.035349,14.771144,0.754729,0.457922,0.027294,-0.095601,16.877571,-0.794752,6.910417,9.967154,0.269055,0.340890
46.333333,15.045863,14.782246,0.751546,0.457897,0.027221,-0.095406,16.880920,-0.792628,6.916175,9.964745,0.269201,0.340838
46.366667,15.056414,14.793313,0.748369,0.457879,0.027147,-0.095208,16.884528,-0.790487,6.922098,9.962431,0.269351,0.340787
46.400000,15.067001,14.804343,0.745199,0.457868,0.027074,-0.095008,16.888396,-0.788327,6.928184,9.960212,0.269505,0.340739
46.433333,15.077624,14.815339,0.742035,0.457864,0.027000,-0.094805,16.892522,-0.786150,6.934433,9.958088,0.269663,0.340692
46.466667,15.088283,14.826298,0.738878,0.457868,0.026927,-0.094601,16.896906,-0.783956,6.940846,9.956060,0.269825,0.340648
46.500000,15.098979,14.837223,0.735728,0.457878,0.026853,-0.094394,16.901549,-0.781743,6.947422,9.954127,0.269992,0.340606
46.533333,15.109712,14.848112,0.732585,0.457896,0.026780,-0.094186,16.906450,-0.779514,6.954160,9.952290,0.270162,0.340566
46.566667,15.120480,14.858966,0.729449,0.457921,0.026706,-0.093975,16.911609,-0.777267,6.961061,9.950548,0.270337,0.340528
46.600000,15.131285,14.869785,0.726320,0.457953,0.026632,-0.093762,16.917025,-0.775003,6.968123,9.948902,0.270515,0.340492
46.633333,15.142126,14.880569,0.723199,0.457992,0.026558,-0.093547,16.922699,-0.772721,6.975347,9.947352,0.270698,0.340458
46.666667,15.153004,14.891318,0.720084,0.458039,0.026484,-0.093329,16.928630,-0.770423,6.982733,9.945897,0.270884,0.340426
46.700000,15.163917,14.902033,0.716977,0.458092,0.026410,-0.093110,16.934817,-0.768107,6.990280,9.944537,0.271075,0.340396
46.733333,15.174867,14.912713,0.713877,0.458153,0.026336,-0.092889,16.941261,-0.765775,6.997987,9.943274,0.271269,0.340369
46.766667,15.185853,14.923359,0.710784,0.458220,0.026262,-0.092665,16.947961,-0.763425,7.005855,9.942106,0.271468,0.340343
46.800000,15.196876,14.933971,0.707699,0.458295,0.026188,-0.092440,16.954918,-0.761059,7.013884,9.941034,0.271670,0.340320
46.833333,15.207934,14.944548,0.704621,0.458377,0.026114,-0.092212,16.962130,-0.758676,7.022072,9.940058,0.271876,0.340298
46.866667,15.219029,14.955091,0.701552,0.458466,0.026039,-0.091982,16.969597,-0.756277,7.030420,9.939178,0.272087,0.340279
46.900000,15.230160,14.965600,0.698489,0.458562,0.025965,-0.091751,16.977320,-0.753861,7.038927,9.938393,0.272301,0.340262
46.933333,15.241328,14.976076,0.695435,0.458665,0.025891,-0.091517,16.985297,-0.751429,7.047592,9.937705,0.272519,0.340247
46.966667,15.252531,14.986517,0.692388,0.458775,0.025816,-0.091281,16.993514,-0.748983,7.056405,9.937108,0.272741,0.340234
47.000000,15.263771,14.996925,0.689349,0.458893,0.025742,-0.091044,17.001965,-0.746523,7.065362,9.936603,0.272966,0.340223
47.033333,15.275047,15.007300,0.686319,0.459017,0.025667,-0.090804,17.010650,-0.744049,7.074461,9.936189,0.273195,0.340214
47.066667,15.286359,15.017641,0.683296,0.459148,0.025593,-0.090562,17.019567,-0.741563,7.083701,9.935865,0.273427,0.340207
47.100000,15.297707,15.027949,0.680281,0.459286,0.025518,-0.090319,17.028714,-0.739063,7.093082,9.935631,0.273662,0.340202
47.133333,15.309092,15.038223,0.677275,0.459431,0.025444,-0.090073,17.038090,-0.736550,7.102603,9.935488,0.273901,0.340198
47.166667,15.320513,15.048465,0.674276,0.459582,0.025369,-0.089826,17.047695,-0.734025,7.112261,9.935433,0.274144,0.340197
47.200000,15.331970,15.058673,0.671286,0.459741,0.025295,-0.089577,17.057525,-0.731487,7.122057,9.935468,0.274389,0.340198
47.233333,15.343463,15.068849,0.668305,0.459906,0.025221,-0.089326,17.067581,-0.728937,7.131989,9.935592,0.274638,0.340201
47.266667,15.354993,15.078992,0.665331,0.460078,0.025146,-0.089073,17.077860,-0.726375,7.142055,9.935805,0.274890,0.340205
47.300000,15.366558,15.089102,0.662366,0.460257,0.025072,-0.088818,17.088362,-0.723801,7.152256,9.936106,0.275146,0.340212
47.333333,15.378160,15.099180,0.659410,0.460442,0.024997,-0.088562,17.099084,-0.721215,7.162590,9.936495,0.275404,0.340220
47.366667,15.389798,15.109225,0.656462,0.460634,0.024923,-0.088304,17.110026,-0.718618,7.173056,9.936971,0.275666,0.340231
47.400000,15.401472,15.119238,0.653523,0.460833,0.024849,-0.088044,17.121187,-0.716010,7.183652,9.937535,0.275931,0.340243
47.433333,15.413183,15.129219,0.650593,0.461038,0.024775,-0.087782,17.132563,-0.713390,7.194378,9.938186,0.276199,0.340257
47.466667,15.424929,15.139168,0.647671,0.461249,0.024701,-0.087519,17.144155,-0.710760,7.205232,9.938923,0.276470,0.340274
47.500000,15.436712,15.149085,0.644758,0.461467,0.024627,-0.087254,17.155961,-0.708118,7.216215,9.939747,0.276744,0.340292
47.533333,15.448531,15.158970,0.641854,0.461692,0.024553,-0.086988,17.167980,-0.705467,7.227323,9.940657,0.277021,0.340311
47.566667,15.460386,15.168823,0.638959,0.461922,0.024479,-0.086719,17.180210,-0.702805,7.238557,9.941652,0.277301,0.340333
47.600000,15.472277,15.178645,0.636073,0.462160,0.024405,-0.086450,17.192649,-0.700133,7.249916,9.942733,0.277583,0.340357
47.633333,15.484205,15.188435,0.633196,0.462403,0.024331,-0.086178,17.205297,-0.697451,7.261397,9.943899,0.277869,0.340382
47.666667,15.496168,15.198193,0.630328,0.462653,0.024258,-0.085905,17.218151,-0.694759,7.273001,9.945150,0.278158,0.340410
47.700000,15.508168,15.207921,0.627469,0.462909,0.024184,-0.085631,17.231211,-0.692058,7.284726,9.946486,0.278449,0.340439
47.733333,15.520204,15.217617,0.624619,0.463171,0.024111,-0.085355,17.244476,-0.689347,7.296570,9.947905,0.278744,0.340470
47.766667,15.532276,15.227282,0.621778,0.463439,0.024037,-0.085078,17.257943,-0.686627,7.308534,9.949409,0.279041,0.340503
47.800000,15.544384,15.236916,0.618947,0.463714,0.023964,-0.084799,17.271611,-0.683899,7.320616,9.950995,0.279341,0.340537
47.833333,15.556528,15.246519,0.616125,0.463995,0.023891,-0.084519,17.285480,-0.681161,7.332814,9.952666,0.279643,0.340574
47.866667,15.568709,15.256091,0.613313,0.464281,0.023818,-0.084237,17.299547,-0.678416,7.345128,9.954419,0.279948,0.340612
47.900000,15.580925,15.265633,0.610509,0.464574,0.023745,-0.083954,17.313811,-0.675661,7.357557,9.956254,0.280256,0.340652
47.933333,15.593178,15.275144,0.607716,0.464872,0.023672,-0.083669,17.328271,-0.672899,7.370099,9.958172,0.280567,0.340694
47.966667,15.605467,15.284624,0.604931,0.465177,0.023599,-0.083383,17.342925,-0.670129,7.382754,9.960172,0.280880,0.340738
48.000000,15.617792,15.294074,0.602157,0.465487,0.023527,-0.083096,17.357773,-0.667351,7.395520,9.962253,0.281195,0.340783
48.033333,15.630153,15.303494,0.599392,0.465804,0.023454,-0.082808,17.372812,-0.664565,7.408396,9.964416,0.281513,0.340830
48.066667,15.642550,15.312884,0.596636,0.466126,0.023382,-0.082518,17.388041,-0.661772,7.421381,9.966660,0.281834,0.340879
48.100000,15.654983,15.322244,0.593891,0.466454,0.023310,-0.082227,17.403459,-0.658972,7.434475,9.968984,0.282157,0.340930
48.133333,15.667452,15.331573,0.591154,0.466787,0.023238,-0.081935,17.419065,-0.656165,7.447676,9.971389,0.282483,0.340983
48.166667,15.679958,15.340873,0.588428,0.467127,0.023166,-0.081641,17.434857,-0.653352,7.460983,9.973874,0.282811,0.341037
48.200000,15.692499,15.350143,0.585712,0.467472,0.023094,-0.081347,17.450834,-0.650532,7.474395,9.976439,0.283141,0.341093
48.233333,15.705077,15.359384,0.583005,0.467822,0.023022,-0.081051,17.466994,-0.647705,7.487910,9.979083,0.283473,0.341151
48.266667,15.717691,15.368595,0.580308,0.468178,0.022950,-0.080754,17.483336,-0.644872,7.501529,9.981807,0.283808,0.341210
48.300000,15.730340,15.377776,0.577622,0.468540,0.022879,-0.080456,17.499859,-0.642034,7.515249,9.984610,0.284145,0.341271
48.333333,15.743026,15.386929,0.574945,0.468907,0.022807,-0.080156,17.516561,-0.639189,7.529070,9.987491,0.284485,0.341334
48.366667,15.755748,15.396052,0.572278,0.469280,0.022736,-0.079856,17.533441,-0.636340,7.542990,9.990450,0.284826,0.341399
48.400000,15.768506,15.405145,0.569621,0.469658,0.022664,-0.079555,17.550497,-0.633484,7.557009,9.993488,0.285170,0.341465
48.433333,15.781300,15.414210,0.566974,0.470042,0.022593,-0.079252,17.567729,-0.630624,7.571126,9.996603,0.285516,0.341533
48.466667,15.794130,15.423246,0.564337,0.470431,0.022522,-0.078949,17.585135,-0.627759,7.585339,9.999796,0.285864,0.341602
48.500000,15.806996,15.432253,0.561711,0.470825,0.022451,-0.078644,17.602713,-0.624889,7.599647,10.003066,0.286214,0.341674
48.533333,15.819898,15.441231,0.559094,0.471225,0.022380,-0.078339,17.620463,-0.622015,7.614050,10.006413,0.286566,0.341747
48.566667,15.832836,15.450181,0.556488,0.471630,0.022309,-0.078033,17.638382,-0.619136,7.628545,10.009837,0.286920,0.341821
48.600000,15.845810,15.459102,0.553892,0.472040,0.022238,-0.077725,17.656470,-0.616253,7.643133,10.013337,0.287276,0.341897
48.633333,15.858821,15.467995,0.551307,0.472455,0.022168,-0.077417,17.674725,-0.613366,7.657813,10.016913,0.287634,0.341975
48.666667,15.871867,15.476859,0.548731,0.472875,0.022097,-0.077108,17.693146,-0.610476,7.672582,10.020565,0.287994,0.342055
48.700000,15.884949,15.485695,0.546166,0.473301,0.022026,-0.076798,17.711732,-0.607582,7.687440,10.024292,0.288356,0.342136
48.733333,15.898067,15.494503,0.543611,0.473731,0.021956,-0.076487,17.730481,-0.604684,7.702386,10.028095,0.288720,0.342219
48.766667,15.911221,15.503283,0.541067,0.474167,0.021885,-0.076176,17.749391,-0.601784,7.717419,10.031972,0.289086,0.342303
48.800000,15.924411,15.512035,0.538533,0.474607,0.021815,-0.075863,17.768463,-0.598880,7.732538,10.035924,0.289453,0.342389
48.833333,15.937637,15.520759,0.536009,0.475053,0.021745,-0.075550,17.787693,-0.595974,7.747742,10.039951,0.289822,0.342477
48.866667,15.950900,15.529456,0.533496,0.475503,0.021674,-0.075236,17.807082,-0.593066,7.763030,10.044052,0.290193,0.342566
48.900000,15.964198,15.538125,0.530994,0.475958,0.021604,-0.074921,17.826627,-0.590155,7.778400,10.048227,0.290566,0.342657
48.933333,15.977532,15.546766,0.528502,0.476418,0.021534,-0.074606,17.846328,-0.587242,7.793852,10.052476,0.290940,0.342749
48.966667,15.990902,15.555380,0.526020,0.476883,0.021464,-0.074290,17.866183,-0.584327,7.809385,10.056798,0.291316,0.342843
49.000000,16.004307,15.563966,0.523549,0.477353,0.021393,-0.073973,17.886190,-0.581411,7.824997,10.061193,0.291694,0.342939
49.033333,16.017749,15.572525,0.521088,0.477827,0.021323,-0.073656,17.906350,-0.578493,7.840688,10.065661,0.292073,0.343036
49.066667,16.031227,15.581057,0.518638,0.478306,0.021253,-0.073338,17.926659,-0.575574,7.856457,10.070202,0.292454,0.343135
49.100000,16.044741,15.589562,0.516199,0.478790,0.021183,-0.073019,17.947118,-0.572654,7.872302,10.074816,0.292837,0.343235
49.133333,16.058290,15.598040,0.513771,0.479279,0.021113,-0.072700,17.967724,-0.569732,7.888223,10.079501,0.293220,0.343337
49.166667,16.071876,15.606491,0.511353,0.479772,0.021042,-0.072380,17.988477,-0.566811,7.904218,10.084259,0.293606,0.343440
49.200000,16.085497,15.614916,0.508945,0.480269,0.020972,-0.072060,18.009375,-0.563888,7.920287,10.089088,0.293993,0.343545
49.233333,16.099155,15.623313,0.506549,0.480771,0.020902,-0.071739,18.030417,-0.560966,7.936428,10.093989,0.294381,0.343651
49.266667,16.112848,15.631684,0.504163,0.481278,0.020832,-0.071418,18.051601,-0.558043,7.952640,10.098961,0.294771,0.343759
49.300000,16.126577,15.640029,0.501787,0.481789,0.020761,-0.071096,18.072928,-0.555121,7.968923,10.104004,0.295162,0.343869
49.333333,16.140342,15.648347,0.499423,0.482304,0.020691,-0.070774,18.094394,-0.552199,7.985276,10.109118,0.295554,0.343980
49.366667,16.154142,15.656639,0.497069,0.482824,0.020620,-0.070451,18.115999,-0.549278,8.001697,10.114303,0.295948,0.344092
49.400000,16.167979,15.664904,0.494726,0.483348,0.020550,-0.070128,18.137743,-0.546357,8.018185,10.119558,0.296343,0.344206
49.433333,16.181852,15.673144,0.492394,0.483876,0.020479,-0.069805,18.159623,-0.543437,8.034740,10.124883,0.296739,0.344321
49.466667,16.195760,15.681357,0.490073,0.484409,0.020409,-0.069481,18.181638,-0.540519,8.051360,10.130278,0.297137,0.344438
49.500000,16.209704,15.689545,0.487762,0.484946,0.020338,-0.069157,18.203787,-0.537602,8.068044,10.135743,0.297535,0.344557
49.533333,16.223684,15.697706,0.485462,0.485487,0.020267,-0.068832,18.226070,-0.534686,8.084792,10.141278,0.297935,0.344677
49.566667,16.237700,15.705842,0.483173,0.486032,0.020196,-0.068508,18.248484,-0.531773,8.101602,10.146881,0.298336,0.344798
49.600000,16.251751,15.713952,0.480895,0.486581,0.020125,-0.068183,18.271029,-0.528861,8.118474,10.152554,0.298739,0.344921
49.633333,16.265839,15.722037,0.478628,0.487135,0.020053,-0.067857,18.293703,-0.525951,8.135406,10.158296,0.299142,0.345045
49.666667,16.279962,15.730096,0.476371,0.487692,0.019982,-0.067532,18.316505,-0.523044,8.152398,10.164107,0.299546,0.345171
49.700000,16.294121,15.738130,0.474125,0.488254,0.019910,-0.067206,18.339434,-0.520140,8.169448,10.169986,0.299952,0.345298
49.733333,16.308316,15.746138,0.471891,0.488819,0.019839,-0.066880,18.362490,-0.517238,8.186555,10.175934,0.300358,0.345427
49.766667,16.322546,15.754121,0.469667,0.489389,0.019767,-0.066554,18.385670,-0.514340,8.203720,10.181950,0.300766,0.345557
49.800000,16.336812,15.762079,0.467454,0.489962,0.019695,-0.066228,18.408973,-0.511445,8.220939,10.188034,0.301174,0.345688
49.833333,16.351114,15.770012,0.465252,0.490540,0.019623,-0.065902,18.432399,-0.508553,8.238213,10.194186,0.301584,0.345821
49.866667,16.365452,15.777921,0.463060,0.491121,0.019550,-0.065576,18.455946,-0.505665,8.255541,10.200405,0.301994,0.345956
49.900000,16.379826,15.785804,0.460880,0.491706,0.019478,-0.065249,18.479613,-0.502780,8.272921,10.206692,0.302405,0.346091
49.933333,16.394235,15.793662,0.458710,0.492294,0.019405,-0.064923,18.503400,-0.499900,8.290353,10.213046,0.302817,0.346229
49.966667,16.408680,15.801496,0.456552,0.492887,0.019332,-0.064596,18.527304,-0.497024,8.307836,10.219468,0.303230,0.346367
50.000000,16.423160,15.809305,0.454404,0.493483,0.019259,-0.064270,18.551325,-0.494153,8.325368,10.225956,0.303644,0.346507
50.033333,16.437676,15.817090,0.452267,0.494083,0.019185,-0.063943,18.575461,-0.491286,8.342950,10.232511,0.304058,0.346649
50.066667,16.452228,15.824850,0.450141,0.494687,0.019111,-0.063617,18.599712,-0.488424,8.360579,10.239133,0.304473,0.346792
50.100000,16.466816,15.832586,0.448026,0.495294,0.019037,-0.063290,18.624077,-0.485567,8.378255,10.245822,0.304890,0.346936
50.133333,16.481439,15.840298,0.445922,0.495905,0.018963,-0.062964,18.648553,-0.482716,8.395977,10.252577,0.305306,0.347081
50.166667,16.496098,15.847985,0.443828,0.496519,0.018888,-0.062638,18.673141,-0.479870,8.413743,10.259398,0.305724,0.347228
50.200000,16.510793,15.855649,0.441746,0.497137,0.018814,-0.062312,18.697839,-0.477030,8.431554,10.266285,0.306142,0.347377
50.233333,16.525523,15.863288,0.439674,0.497758,0.018739,-0.061986,18.722646,-0.474196,8.449408,10.273238,0.306561,0.347526
50.266667,16.540289,15.870904,0.437613,0.498383,0.018663,-0.061660,18.747561,-0.471367,8.467305,10.280257,0.306980,0.347678
50.300000,16.555090,15.878495,0.435563,0.499011,0.018587,-0.061335,18.772583,-0.468546,8.485242,10.287341,0.307400,0.347830
50.333333,16.569927,15.886063,0.433524,0.499643,0.018511,-0.061009,18.797711,-0.465730,8.503220,10.294491,0.307821,0.347984
50.366667,16.584800,15.893608,0.431496,0.500278,0.018435,-0.060684,18.822944,-0.462922,8.521237,10.301706,0.308242,0.348139
50.400000,16.599708,15.901128,0.429479,0.500916,0.018358,-0.060359,18.848280,-0.460120,8.539293,10.308987,0.308663,0.348296
50.433333,16.614652,15.908626,0.427472,0.501558,0.018281,-0.060035,18.873719,-0.457326,8.557386,10.316333,0.309086,0.348453
50.466667,16.629631,15.916100,0.425476,0.502203,0.018204,-0.059711,18.899259,-0.454539,8.575516,10.323744,0.309508,0.348613
50.500000,16.644646,15.923550,0.423491,0.502851,0.018126,-0.059387,18.924901,-0.451760,8.593681,10.331219,0.309931,0.348773
50.533333,16.659697,15.930978,0.421517,0.503503,0.018048,-0.059063,18.950642,-0.448988,8.611882,10.338760,0.310355,0.348935
50.566667,16.674783,15.938382,0.419554,0.504157,0.017969,-0.058740,18.976475,-0.446224,8.630114,10.346360,0.310779,0.349098
50.600000,16.689904,15.945763,0.417601,0.504815,0.017890,-0.058417,19.002393,-0.443467,8.648376,10.354017,0.311203,0.349263
50.633333,16.705061,15.953121,0.415659,0.505476,0.017811,-0.058095,19.028396,-0.440716,8.666667,10.361729,0.311627,0.349428
50.666667,16.720254,15.960457,0.413728,0.506140,0.017731,-0.057773,19.054481,-0.437973,8.684984,10.369496,0.312052,0.349595
50.700000,16.735482,15.967769,0.411808,0.506806,0.017651,-0.057451,19.080646,-0.435237,8.703328,10.377317,0.312477,0.349762
50.733333,16.750745,15.975059,0.409898,0.507476,0.017571,-0.057130,19.106889,-0.432509,8.721697,10.385192,0.312902,0.349931
50.766667,16.766044,15.982326,0.407999,0.508149,0.017491,-0.056809,19.133210,-0.429788,8.740090,10.393120,0.313328,0.350101
50.800000,16.781378,15.989571,0.406111,0.508824,0.017410,-0.056489,19.159606,-0.427075,8.758505,10.401101,0.313753,0.350272
50.833333,16.796748,15.996793,0.404233,0.509503,0.017329,-0.056169,19.186075,-0.424370,8.776942,10.409133,0.314179,0.350444
50.866667,16.812153,16.003992,0.402366,0.510184,0.017247,-0.055850,19.212616,-0.421672,8.795400,10.417216,0.314605,0.350617
50.900000,16.827594,16.011170,0.400510,0.510868,0.017166,-0.055531,19.239227,-0.418983,8.813877,10.425350,0.315031,0.350791
50.933333,16.843070,16.018325,0.398664,0.511554,0.017084,-0.055213,19.265906,-0.416302,8.832372,10.433534,0.315456,0.350966
50.966667,16.858581,16.025458,0.396829,0.512243,0.017002,-0.054896,19.292652,-0.413629,8.850885,10.441767,0.315882,0.351142
51.000000,16.874127,16.032569,0.395005,0.512935,0.016919,-0.054579,19.319462,-0.410965,8.869413,10.450049,0.316308,0.351319
51.033333,16.889709,16.039658,0.393190,0.513629,0.016837,-0.054262,19.346336,-0.408310,8.887956,10.458380,0.316734,0.351497
51.066667,16.905326,16.046725,0.391387,0.514325,0.016754,-0.053947,19.373271,-0.405663,8.906513,10.466757,0.317160,0.351675
51.100000,16.920979,16.053771,0.389594,0.515024,0.016671,-0.053632,19.400265,-0.403026,8.925083,10.475182,0.317586,0.351855
51.133333,16.936666,16.060794,0.387812,0.515726,0.016588,-0.053317,19.427317,-0.400397,8.943664,10.483653,0.318011,0.352036
51.166667,16.952389,16.067796,0.386040,0.516429,0.016505,-0.053003,19.454425,-0.397778,8.962256,10.492170,0.318437,0.352218
51.200000,16.968147,16.074777,0.384278,0.517135,0.016422,-0.052690,19.481588,-0.395167,8.980857,10.500731,0.318862,0.352400
51.233333,16.983940,16.081736,0.382527,0.517843,0.016338,-0.052378,19.508803,-0.392567,8.999466,10.509338,0.319287,0.352584
51.266667,16.999768,16.088673,0.380786,0.518554,0.016255,-0.052066,19.536070,-0.389976,9.018082,10.517988,0.319712,0.352768
51.300000,17.015631,16.095590,0.379056,0.519266,0.016171,-0.051755,19.563385,-0.387394,9.036704,10.526682,0.320136,0.352953
51.333333,17.031529,16.102485,0.377336,0.519981,0.016087,-0.051444,19.590749,-0.384823,9.055330,10.535418,0.320561,0.353139
51.366667,17.047463,16.109359,0.375626,0.520697,0.016003,-0.051135,19.618157,-0.382261,9.073961,10.544197,0.320985,0.353326
51.400000,17.063431,16.116212,0.373927,0.521416,0.015919,-0.050826,19.645611,-0.379710,9.092594,10.553017,0.321409,0.353513
51.433333,17.079434,16.123045,0.372238,0.522136,0.015835,-0.050518,19.673106,-0.377169,9.111228,10.561878,0.321832,0.353702
51.466667,17.095472,16.129856,0.370559,0.522859,0.015751,-0.050211,19.700642,-0.374638,9.129863,10.570779,0.322255,0.353891
51.500000,17.111545,16.136646,0.368890,0.523583,0.015667,-0.049904,19.728218,-0.372118,9.148498,10.579720,0.322678,0.354081
51.533333,17.127653,16.143416,0.367232,0.524309,0.015583,-0.049599,19.755830,-0.369608,9.167130,10.588700,0.323100,0.354272
51.566667,17.143795,16.150166,0.365584,0.525037,0.015499,-0.049294,19.783479,-0.367110,9.185759,10.597719,0.323522,0.354463
51.600000,17.159973,16.156895,0.363946,0.525766,0.015415,-0.048990,19.811161,-0.364622,9.204385,10.606776,0.323943,0.354655
51.633333,17.176185,16.163603,0.362318,0.526497,0.015331,-0.048687,19.838875,-0.362145,9.223005,10.615870,0.324364,0.354848
51.666667,17.192432,16.170291,0.360700,0.527230,0.015247,-0.048385,19.866620,-0.359679,9.241619,10.625001,0.324785,0.355042
51.700000,17.208713,16.176959,0.359092,0.527964,0.015163,-0.048083,19.894394,-0.357225,9.260226,10.634169,0.325204,0.355236
51.733333,17.225029,16.183607,0.357494,0.528700,0.015079,-0.047783,19.922195,-0.354782,9.278824,10.643372,0.325624,0.355431
51.766667,17.241379,16.190235,0.355907,0.529437,0.014995,-0.047484,19.950022,-0.352351,9.297412,10.652610,0.326042,0.355627
51.800000,17.257764,16.196842,0.354329,0.530176,0.014911,-0.047185,19.977873,-0.349932,9.315991,10.661882,0.326461,0.355823
51.833333,17.274184,16.203430,0.352761,0.530916,0.014827,-0.046888,20.005745,-0.347524,9.334557,10.671188,0.326878,0.356020
51.866667,17.290638,16.209998,0.351203,0.531657,0.014744,-0.046592,20.033639,-0.345129,9.353111,10.680528,0.327295,0.356217
51.900000,17.307126,16.216547,0.349655,0.532400,0.014660,-0.046296,20.061551,-0.342745,9.371650,10.689901,0.327711,0.356416
51.933333,17.323649,16.223076,0.348117,0.533144,0.014577,-0.046002,20.089480,-0.340374,9.390175,10.699305,0.328126,0.356614
51.966667,17.340205,16.229585,0.346588,0.533889,0.014493,-0.045708,20.117425,-0.338015,9.408684,10.708741,0.328541,0.356814
52.000000,17.356797,16.236075,0.345069,0.534635,0.014410,-0.045416,20.145384,-0.335669,9.427175,10.718209,0.328955,0.357014
52.033333,17.373422,16.242546,0.343560,0.535382,0.014327,-0.045125,20.173355,-0.333335,9.445649,10.727706,0.329368,0.357214
52.066667,17.390081,16.248997,0.342061,0.536131,0.014244,-0.044834,20.201337,-0.331014,9.464103,10.737234,0.329781,0.357415
52.100000,17.406775,16.255429,0.340571,0.536880,0.014162,-0.044545,20.229327,-0.328706,9.482537,10.746791,0.330193,0.357617
52.133333,17.423502,16.261842,0.339091,0.537630,0.014079,-0.044257,20.257325,-0.326411,9.500949,10.756376,0.330603,0.357819
52.166667,17.440263,16.268237,0.337621,0.538381,0.013997,-0.043970,20.285329,-0.324129,9.519339,10.765990,0.331013,0.358021
52.200000,17.457059,16.274612,0.336160,0.539133,0.013915,-0.043685,20.313337,-0.321861,9.537705,10.775632,0.331422,0.358224
52.233333,17.473888,16.280968,0.334708,0.539886,0.013833,-0.043400,20.341347,-0.319606,9.556047,10.785300,0.331831,0.358428
52.266667,17.490751,16.287306,0.333267,0.540640,0.013752,-0.043117,20.369358,-0.317364,9.574363,10.794995,0.332238,0.358632
52.300000,17.507647,16.293625,0.331834,0.541394,0.013671,-0.042835,20.397368,-0.315137,9.592652,10.804716,0.332644,0.358836
52.333333,17.524578,16.299926,0.330411,0.542149,0.013590,-0.042554,20.425376,-0.312923,9.610914,10.814462,0.333050,0.359041
52.366667,17.541542,16.306209,0.328997,0.542905,0.013509,-0.042274,20.453379,-0.310723,9.629146,10.824233,0.333454,0.359247
52.400000,17.558539,16.312473,0.327593,0.543661,0.013429,-0.041995,20.481377,-0.308537,9.647349,10.834028,0.333857,0.359453
52.433333,17.575570,16.318718,0.326197,0.544418,0.013349,-0.041718,20.509368,-0.306365,9.665521,10.843847,0.334260,0.359659
52.466667,17.592635,16.324946,0.324811,0.545175,0.013270,-0.041442,20.537350,-0.304207,9.683661,10.853689,0.334661,0.359865
52.500000,17.609733,16.331155,0.323435,0.545933,0.013190,-0.041168,20.565321,-0.302064,9.701767,10.863554,0.335061,0.360072
52.533333,17.626864,16.337347,0.322067,0.546691,0.013111,-0.040894,20.593281,-0.299936,9.719840,10.873441,0.335461,0.360280
52.566667,17.644028,16.343521,0.320708,0.547449,0.013033,-0.040622,20.621226,-0.297823,9.737878,10.883349,0.335859,0.360487
52.600000,17.661225,16.349677,0.319359,0.548208,0.012955,-0.040351,20.649157,-0.295724,9.755879,10.893278,0.336256,0.360696
52.633333,17.678456,16.355815,0.318018,0.548967,0.012877,-0.040082,20.677070,-0.293640,9.773843,10.903227,0.336651,0.360904
52.666667,17.695720,16.361936,0.316687,0.549726,0.012800,-0.039814,20.704966,-0.291571,9.791769,10.913197,0.337046,0.361113
52.700000,17.713016,16.368039,0.315364,0.550486,0.012723,-0.039547,20.732841,-0.289518,9.809656,10.923185,0.337440,0.361322
52.733333,17.730346,16.374125,0.314050,0.551245,0.012647,-0.039282,20.760695,-0.287480,9.827502,10.933193,0.337832,0.361531
52.766667,17.747708,16.380194,0.312745,0.552005,0.012571,-0.039018,20.788525,-0.285457,9.845307,10.943218,0.338223,0.361741
52.800000,17.765103,16.386245,0.311449,0.552765,0.012496,-0.038756,20.816331,-0.283450,9.863069,10.953261,0.338613,0.361951
52.833333,17.782531,16.392279,0.310161,0.553524,0.012421,-0.038495,20.844111,-0.281459,9.880789,10.963322,0.339001,0.362161
52.866667,17.799991,16.398296,0.308882,0.554284,0.012347,-0.038236,20.871862,-0.279483,9.898464,10.973399,0.339388,0.362371
52.900000,17.817484,16.404297,0.307612,0.555043,0.012274,-0.037978,20.899585,-0.277524,9.916093,10.983492,0.339774,0.362582
52.933333,17.835009,16.410280,0.306351,0.555803,0.012201,-0.037721,20.927276,-0.275580,9.933676,10.993600,0.340159,0.362793
52.966667,17.852567,16.416247,0.305097,0.556562,0.012128,-0.037466,20.954935,-0.273653,9.951212,11.003724,0.340542,0.363004
53.000000,17.870157,16.422197,0.303853,0.557321,0.012056,-0.037213,20.982561,-0.271742,9.968699,11.013862,0.340924,0.363215
53.033333,17.887779,16.428130,0.302617,0.558080,0.011985,-0.036961,21.010150,-0.269848,9.986137,11.024013,0.341304,0.363427
53.066667,17.905434,16.434047,0.301389,0.558838,0.011915,-0.036710,21.037703,-0.267970,10.003524,11.034179,0.341684,0.363639
53.100000,17.923120,16.439948,0.300169,0.559597,0.011845,-0.036461,21.065216,-0.266109,10.020860,11.044357,0.342061,0.363851
53.133333,17.940838,16.445833,0.298958,0.560354,0.011776,-0.036214,21.092690,-0.264265,10.038143,11.054547,0.342438,0.364063
53.166667,17.958589,16.451701,0.297755,0.561112,0.011708,-0.035969,21.120122,-0.262438,10.055373,11.064749,0.342812,0.364275
53.200000,17.976371,16.457553,0.296560,0.561868,0.011640,-0.035725,21.147511,-0.260628,10.072549,11.074963,0.343186,0.364487
53.233333,17.994185,16.463390,0.295373,0.562625,0.011573,-0.035482,21.174856,-0.258835,10.089669,11.085187,0.343557,0.364700
53.266667,18.012030,16.469210,0.294195,0.563380,0.011507,-0.035242,21.202154,-0.257059,10.106732,11.095421,0.343928,0.364912
53.300000,18.029907,16.475015,0.293024,0.564136,0.011442,-0.035003,21.229404,-0.255301,10.123739,11.105665,0.344297,0.365125
53.333333,18.047816,16.480804,0.291861,0.564890,0.011377,-0.034765,21.256605,-0.253560,10.140687,11.115918,0.344664,0.365338
53.366667,18.065756,16.486577,0.290706,0.565644,0.011314,-0.034530,21.283756,-0.251837,10.157575,11.126180,0.345030,0.365551
53.400000,18.083727,16.492335,0.289559,0.566397,0.011251,-0.034296,21.310854,-0.250132,10.174403,11.136450,0.345394,0.365764
53.433333,18.101729,16.498077,0.288420,0.567149,0.011189,-0.034064,21.337898,-0.248445,10.191170,11.146728,0.345756,0.365977
53.466667,18.119763,16.503805,0.287288,0.567900,0.011128,-0.033833,21.364888,-0.246776,10.207875,11.157013,0.346117,0.366190
53.500000,18.137827,16.509517,0.286164,0.568651,0.011068,-0.033604,21.391821,-0.245125,10.224517,11.167304,0.346476,0.366403
53.533333,18.155923,16.515214,0.285048,0.569401,0.011009,-0.033377,21.418695,-0.243492,10.241094,11.177601,0.346834,0.366616
53.566667,18.174049,16.520896,0.283939,0.570149,0.010952,-0.033152,21.445510,-0.241878,10.257606,11.187904,0.347190,0.366829
53.600000,18.192206,16.526563,0.282838,0.570897,0.010895,-0.032929,21.472264,-0.240282,10.274052,11.198212,0.347544,0.367042
53.633333,18.210394,16.532215,0.281744,0.571644,0.010839,-0.032708,21.498956,-0.238704,10.290431,11.208525,0.347897,0.367256
53.666667,18.228612,16.537852,0.280657,0.572389,0.010784,-0.032488,21.525583,-0.237146,10.306742,11.218841,0.348247,0.367469
53.700000,18.246861,16.543475,0.279578,0.573134,0.010730,-0.032270,21.552145,-0.235606,10.322984,11.229161,0.348596,0.367682
53.733333,18.265140,16.549084,0.278506,0.573877,0.010678,-0.032054,21.578640,-0.234085,10.339155,11.239484,0.348944,0.367895
53.766667,18.283450,16.554678,0.277441,0.574620,0.010626,-0.031840,21.605066,-0.232584,10.355256,11.249810,0.349289,0.368108
53.800000,18.301789,16.560257,0.276383,0.575360,0.010576,-0.031628,21.631423,-0.231101,10.371286,11.260137,0.349633,0.368321
53.833333,18.320159,16.565823,0.275332,0.576100,0.010527,-0.031418,21.657708,-0.229638,10.387242,11.270466,0.349975,0.368534
53.866667,18.338559,16.571374,0.274288,0.576838,0.010479,-0.031210,21.683921,-0.228194,10.403125,11.280796,0.350315,0.368747
53.900000,18.356988,16.576912,0.273252,0.577575,0.010433,-0.031003,21.710059,-0.226770,10.418933,11.291126,0.350653,0.368960
53.933333,18.375447,16.582435,0.272222,0.578311,0.010388,-0.030799,21.736122,-0.225366,10.434666,11.301456,0.350990,0.369172
53.966667,18.393936,16.587945,0.271198,0.579045,0.010344,-0.030597,21.762108,-0.223981,10.450322,11.311786,0.351324,0.369385
54.000000,18.412455,16.593441,0.270182,0.579778,0.010301,-0.030396,21.788015,-0.222616,10.465901,11.322114,0.351657,0.369597
54.033333,18.431002,16.598923,0.269172,0.580509,0.010260,-0.030198,21.813842,-0.221271,10.481401,11.332442,0.351988,0.369810
54.066667,18.449580,16.604392,0.268169,0.581238,0.010221,-0.030002,21.839588,-0.219946,10.496822,11.342766,0.352317,0.370022
54.100000,18.468186,16.609847,0.267172,0.581966,0.010182,-0.029808,21.865252,-0.218641,10.512163,11.353089,0.352644,0.370234
54.133333,18.486822,16.615290,0.266181,0.582692,0.010146,-0.029615,21.890831,-0.217356,10.527423,11.363408,0.352969,0.370446
54.166667,18.505486,16.620719,0.265197,0.583417,0.010110,-0.029425,21.916326,-0.216091,10.542603,11.373723,0.353292,0.370658
54.200000,18.524180,16.626134,0.264220,0.584140,0.010077,-0.029237,21.941737,-0.214844,10.557707,11.384031,0.353613,0.370869
54.233333,18.542902,16.631537,0.263248,0.584861,0.010045,-0.029051,21.967065,-0.213615,10.572735,11.394330,0.353932,0.371080
54.266667,18.561653,16.636927,0.262283,0.585580,0.010014,-0.028867,21.992307,-0.212403,10.587686,11.404622,0.354250,0.371291
54.300000,18.580432,16.642304,0.261324,0.586298,0.009984,-0.028686,22.017464,-0.211210,10.602559,11.414905,0.354566,0.371502
54.333333,18.599240,16.647668,0.260370,0.587014,0.009957,-0.028506,22.042533,-0.210034,10.617354,11.425178,0.354880,0.371713
54.366667,18.618077,16.653020,0.259423,0.587727,0.009930,-0.028329,22.067514,-0.208877,10.632071,11.435442,0.355192,0.371923
54.400000,18.636941,16.658359,0.258482,0.588439,0.009905,-0.028153,22.092405,-0.207737,10.646709,11.445697,0.355502,0.372133
54.433333,18.655834,16.663686,0.257546,0.589149,0.009881,-0.027980,22.117207,-0.206615,10.661267,11.455940,0.355810,0.372342
54.466667,18.674755,16.669001,0.256617,0.589857,0.009859,-0.027808,22.141917,-0.205511,10.675744,11.466173,0.356116,0.372551
54.500000,18.693703,16.674303,0.255692,0.590563,0.009837,-0.027639,22.166534,-0.204426,10.690141,11.476394,0.356421,0.372760
54.533333,18.712680,16.679593,0.254774,0.591267,0.009817,-0.027472,22.191059,-0.203358,10.704455,11.486603,0.356723,0.372969
54.566667,18.731684,16.684870,0.253861,0.591969,0.009799,-0.027307,22.215489,-0.202309,10.718688,11.496801,0.357024,0.373177
54.600000,18.750715,16.690136,0.252953,0.592668,0.009781,-0.027144,22.239824,-0.201278,10.732839,11.506985,0.357322,0.373385
54.633333,18.769774,16.695390,0.252051,0.593366,0.009765,-0.026984,22.264063,-0.200265,10.746906,11.517157,0.357619,0.373592
54.666667,18.788861,16.700632,0.251154,0.594061,0.009750,-0.026825,22.288204,-0.199271,10.760889,11.527315,0.357914,0.373800
54.700000,18.807974,16.705862,0.250263,0.594754,0.009736,-0.026669,22.312248,-0.198295,10.774788,11.537460,0.358207,0.374006
54.733333,18.827115,16.711081,0.249376,0.595445,0.009723,-0.026514,22.336192,-0.197337,10.788602,11.547590,0.358497,0.374213
54.766667,18.846283,16.716287,0.248495,0.596134,0.009712,-0.026362,22.360036,-0.196397,10.802331,11.557705,0.358786,0.374419
54.800000,18.865477,16.721483,0.247619,0.596821,0.009701,-0.026212,22.383780,-0.195476,10.815974,11.567806,0.359073,0.374624
54.833333,18.884699,16.726666,0.246748,0.597505,0.009692,-0.026064,22.407422,-0.194573,10.829531,11.577890,0.359358,0.374830
54.866667,18.903947,16.731839,0.245881,0.598187,0.009684,-0.025918,22.430960,-0.193689,10.843001,11.587960,0.359641,0.375034
54.900000,18.923221,16.736999,0.245020,0.598866,0.009676,-0.025774,22.454396,-0.192824,10.856383,11.598013,0.359922,0.375239
54.933333,18.942522,16.742149,0.244163,0.599543,0.009670,-0.025633,22.477727,-0.191977,10.869677,11.608049,0.360201,0.375443
54.966667,18.961849,16.747287,0.243311,0.600218,0.009665,-0.025493,22.500952,-0.191148,10.882883,11.618068,0.360478,0.375646
55.000000,18.981203,16.752415,0.242463,0.600890,0.009660,-0.025356,22.524071,-0.190338,10.896000,11.628071,0.360753,0.375849
55.033333,19.000582,16.757531,0.241621,0.601559,0.009657,-0.025221,22.547083,-0.189547,10.909028,11.638055,0.361025,0.376052
55.066667,19.019988,16.762636,0.240782,0.602227,0.009655,-0.025088,22.569987,-0.188775,10.921966,11.648021,0.361296,0.376254
55.100000,19.039419,16.767730,0.239948,0.602891,0.009653,-0.024957,22.592782,-0.188021,10.934813,11.657969,0.361565,0.376456
55.133333,19.058876,16.772813,0.239118,0.603553,0.009653,-0.024828,22.615467,-0.187286,10.947569,11.667898,0.361832,0.376657
55.166667,19.078358,16.777885,0.238293,0.604213,0.009653,-0.024701,22.638042,-0.186569,10.960234,11.677808,0.362096,0.376858
55.200000,19.097866,16.782946,0.237471,0.604870,0.009654,-0.024577,22.660505,-0.185872,10.972806,11.687699,0.362359,0.377059
55.233333,19.117400,16.787997,0.236654,0.605524,0.009657,-0.024455,22.682856,-0.185193,10.985287,11.697570,0.362619,0.377258
55.266667,19.136959,16.793036,0.235841,0.606175,0.009660,-0.024335,22.705094,-0.184534,10.997674,11.707420,0.362878,0.377458
55.300000,19.156542,16.798065,0.235032,0.606824,0.009663,-0.024217,22.727219,-0.183893,11.009969,11.717250,0.363134,0.377657
55.333333,19.176151,16.803084,0.234227,0.607471,0.009668,-0.024101,22.749228,-0.183271,11.022169,11.727059,0.363388,0.377855
55.366667,19.195785,16.808092,0.233425,0.608114,0.009673,-0.023987,22.771122,-0.182669,11.034275,11.736847,0.363641,0.378053
55.400000,19.215444,16.813089,0.232628,0.608755,0.009679,-0.023876,22.792900,-0.182085,11.046287,11.746613,0.363891,0.378250
55.433333,19.235127,16.818075,0.231833,0.609393,0.009686,-0.023766,22.814561,-0.181520,11.058203,11.756357,0.364139,0.378447
55.466667,19.254834,16.823052,0.231043,0.610028,0.009694,-0.023659,22.836103,-0.180975,11.070024,11.766080,0.364384,0.378643
55.500000,19.274567,16.828017,0.230256,0.610660,0.009702,-0.023554,22.857527,-0.180448,11.081748,11.775779,0.364628,0.378839
55.533333,19.294323,16.832973,0.229473,0.611289,0.009711,-0.023451,22.878832,-0.179941,11.093376,11.785456,0.364870,0.379034
55.566667,19.314104,16.837918,0.228693,0.611916,0.009721,-0.023351,22.900017,-0.179453,11.104907,11.795110,0.365109,0.379229
55.600000,19.333908,16.842852,0.227916,0.612540,0.009732,-0.023252,22.921080,-0.178984,11.116341,11.804740,0.365346,0.379423
55.633333,19.353737,16.847776,0.227143,0.613160,0.009743,-0.023156,22.942022,-0.178534,11.127676,11.814346,0.365582,0.379617
55.666667,19.373589,16.852690,0.226372,0.613778,0.009755,-0.023062,22.962842,-0.178104,11.138914,11.823928,0.365815,0.379810
55.700000,19.393465,16.857594,0.225605,0.614393,0.009767,-0.022970,22.983538,-0.177693,11.150052,11.833486,0.366046,0.380002
55.733333,19.413365,16.862488,0.224841,0.615004,0.009780,-0.022880,23.004111,-0.177301,11.161092,11.843019,0.366274,0.380194
55.766667,19.433288,16.867371,0.224080,0.615613,0.009794,-0.022793,23.024558,-0.176929,11.172032,11.852527,0.366501,0.380385
55.800000,19.453235,16.872244,0.223321,0.616219,0.009808,-0.022707,23.044881,-0.176576,11.182871,11.862009,0.366725,0.380576
55.833333,19.473205,16.877107,0.222566,0.616822,0.009823,-0.022624,23.065077,-0.176242,11.193611,11.871466,0.366947,0.380766
55.866667,19.493197,16.881959,0.221813,0.617421,0.009838,-0.022543,23.085146,-0.175928,11.204249,11.880897,0.367167,0.380955
55.900000,19.513213,16.886802,0.221063,0.618018,0.009854,-0.022464,23.105088,-0.175634,11.214787,11.890302,0.367385,0.381144
55.933333,19.533252,16.891634,0.220315,0.618611,0.009871,-0.022388,23.124902,-0.175359,11.225222,11.899680,0.367600,0.381332
55.966667,19.553313,16.896457,0.219570,0.619201,0.009888,-0.022313,23.144587,-0.175104,11.235556,11.909031,0.367814,0.381520
56.000000,19.573397,16.901269,0.218828,0.619788,0.009905,-0.022241,23.164142,-0.174868,11.245786,11.918355,0.368025,0.381707
56.033333,19.593504,16.906071,0.218088,0.620372,0.009924,-0.022171,23.183567,-0.174652,11.255915,11.927652,0.368234,0.381894
56.066667,19.613632,16.910863,0.217350,0.620952,0.009942,-0.022103,23.202860,-0.174455,11.265939,11.936921,0.368441,0.382079
56.100000,19.633784,16.915645,0.216614,0.621530,0.009961,-0.022038,23.222023,-0.174279,11.275860,11.946162,0.368645,0.382265
56.133333,19.653957,16.920417,0.215881,0.622104,0.009981,-0.021974,23.241052,-0.174121,11.285677,11.955375,0.368847,0.382449
56.166667,19.674152,16.925179,0.215149,0.622674,0.010001,-0.021913,23.259949,-0.173984,11.295390,11.964559,0.369047,0.382633
56.200000,19.694369,16.929931,0.214420,0.623242,0.010021,-0.021854,23.278712,-0.173867,11.304997,11.973715,0.369245,0.382816
56.233333,19.714608,16.934673,0.213692,0.623806,0.010042,-0.021798,23.297341,-0.173769,11.314500,11.982841,0.369441,0.382999
56.266667,19.734868,16.939405,0.212966,0.624367,0.010063,-0.021743,23.315835,-0.173691,11.323896,11.991938,0.369634,0.383181
56.300000,19.755150,16.944126,0.212243,0.624924,0.010085,-0.021691,23.334193,-0.173633,11.333187,12.001006,0.369825,0.383362
56.333333,19.775453,16.948838,0.211520,0.625478,0.010107,-0.021641,23.352414,-0.173595,11.342371,12.010043,0.370014,0.383543
56.366667,19.795778,16.953540,0.210800,0.626029,0.010130,-0.021593,23.370499,-0.173577,11.351448,12.019051,0.370200,0.383723
56.400000,19.816123,16.958231,0.210081,0.626576,0.010153,-0.021548,23.388446,-0.173578,11.360419,12.028028,0.370385,0.383902
56.433333,19.836490,16.962913,0.209363,0.627120,0.010176,-0.021504,23.406256,-0.173600,11.369281,12.036974,0.370567,0.384080
56.466667,19.856877,16.967584,0.208647,0.627661,0.010199,-0.021463,23.423926,-0.173642,11.378036,12.045890,0.370746,0.384258
56.500000,19.877285,16.972245,0.207932,0.628197,0.010223,-0.021424,23.441457,-0.173704,11.386683,12.054774,0.370924,0.384436
56.533333,19.897714,16.976896,0.207219,0.628731,0.010248,-0.021388,23.458847,-0.173786,11.395221,12.063627,0.371099,0.384612
56.566667,19.918164,16.981537,0.206506,0.629261,0.010272,-0.021353,23.476098,-0.173887,11.403650,12.072448,0.371272,0.384788
56.600000,19.938633,16.986168,0.205795,0.629787,0.010297,-0.021321,23.493206,-0.174010,11.411969,12.081237,0.371442,0.384963
56.633333,19.959123,16.990789,0.205085,0.630310,0.010323,-0.021291,23.510173,-0.174152,11.420179,12.089994,0.371610,0.385137
56.666667,19.979633,16.995400,0.204376,0.630829,0.010348,-0.021264,23.526998,-0.174314,11.428279,12.098719,0.371776,0.385311
56.700000,20.000163,17.000000,0.203667,0.631345,0.010374,-0.021238,23.543679,-0.174497,11.436269,12.107410,0.371940,0.385484
56.733333,20.020713,17.004590,0.202960,0.631857,0.010401,-0.021215,23.560217,-0.174700,11.444148,12.116069,0.372101,0.385656
56.766667,20.041282,17.009170,0.202253,0.632365,0.010427,-0.021194,23.576611,-0.174923,11.451916,12.124695,0.372260,0.385828
56.800000,20.061871,17.013740,0.201547,0.632870,0.010454,-0.021176,23.592860,-0.175166,11.459572,12.133288,0.372416,0.385999
56.833333,20.082480,17.018299,0.200841,0.633371,0.010481,-0.021159,23.608963,-0.175430,11.467116,12.141847,0.372571,0.386169
56.866667,20.103108,17.022848,0.200136,0.633868,0.010508,-0.021145,23.624921,-0.175714,11.474549,12.150372,0.372723,0.386338
56.900000,20.123755,17.027386,0.199432,0.634362,0.010536,-0.021133,23.640732,-0.176018,11.481869,12.158863,0.372872,0.386507
56.933333,20.144421,17.031915,0.198727,0.634852,0.010564,-0.021124,23.656396,-0.176343,11.489076,12.167320,0.373019,0.386675
56.966667,20.165107,17.036432,0.198023,0.635338,0.010592,-0.021116,23.671912,-0.176689,11.496171,12.175742,0.373164,0.386842
57.000000,20.185810,17.040940,0.197320,0.635820,0.010620,-0.021111,23.687281,-0.177054,11.503151,12.184129,0.373307,0.387009
57.033333,20.206533,17.045436,0.196616,0.636299,0.010649,-0.021109,23.702500,-0.177440,11.510019,12.192482,0.373447,0.387174
57.066667,20.227274,17.049923,0.195912,0.636774,0.010678,-0.021108,23.717571,-0.177847,11.516772,12.200799,0.373585,0.387339
57.100000,20.248034,17.054398,0.195209,0.637245,0.010707,-0.021110,23.732492,-0.178274,11.523410,12.209081,0.373720,0.387503
57.133333,20.268812,17.058863,0.194505,0.637712,0.010736,-0.021114,23.747262,-0.178722,11.529934,12.217327,0.373853,0.387667
57.166667,20.289608,17.063318,0.193801,0.638176,0.010765,-0.021120,23.761882,-0.179191,11.536344,12.225538,0.373984,0.387829
57.200000,20.310422,17.067761,0.193097,0.638635,0.010795,-0.021129,23.776350,-0.179680,11.542637,12.233712,0.374112,0.387991
57.233333,20.331254,17.072194,0.192392,0.639091,0.010825,-0.021140,23.790666,-0.180189,11.548816,12.241851,0.374238,0.388152
57.266667,20.352104,17.076616,0.191688,0.639543,0.010855,-0.021153,23.804831,-0.180719,11.554878,12.249953,0.374361,0.388313
57.300000,20.372972,17.081028,0.190982,0.639991,0.010885,-0.021168,23.818842,-0.181270,11.560824,12.258018,0.374482,0.388472
57.333333,20.393857,17.085428,0.190276,0.640435,0.010915,-0.021186,23.832700,-0.181842,11.566654,12.266046,0.374601,0.388631
57.366667,20.414759,17.089817,0.189570,0.640875,0.010946,-0.021206,23.846404,-0.182434,11.572366,12.274038,0.374717,0.388789
57.400000,20.435679,17.094195,0.188863,0.641311,0.010976,-0.021229,23.859954,-0.183048,11.577962,12.281992,0.374831,0.388946
57.433333,20.456616,17.098563,0.188154,0.641743,0.011007,-0.021253,23.873349,-0.183682,11.583441,12.289908,0.374943,0.389102
57.466667,20.477569,17.102919,0.187446,0.642172,0.011038,-0.021280,23.886589,-0.184336,11.588801,12.297788,0.375052,0.389258
57.500000,20.498540,17.107263,0.186736,0.642596,0.011069,-0.021310,23.899673,-0.185012,11.594044,12.305629,0.375158,0.389413
57.533333,20.519527,17.111597,0.186025,0.643016,0.011100,-0.021341,23.912601,-0.185708,11.599169,12.313432,0.375262,0.389567
57.566667,20.540531,17.115919,0.185313,0.643432,0.011132,-0.021375,23.925372,-0.186426,11.604175,12.321197,0.375364,0.389720
57.600000,20.561552,17.120230,0.184600,0.643845,0.011163,-0.021411,23.937987,-0.187164,11.609062,12.328924,0.375463,0.389872
57.633333,20.582588,17.124529,0.183886,0.644253,0.011195,-0.021450,23.950443,-0.187923,11.613831,12.336613,0.375560,0.390024
57.666667,20.603641,17.128817,0.183170,0.644657,0.011227,-0.021490,23.962742,-0.188703,11.618480,12.344262,0.375655,0.390175
57.700000,20.624710,17.133093,0.182453,0.645057,0.011259,-0.021534,23.974882,-0.189505,11.623009,12.351873,0.375747,0.390325
57.733333,20.645795,17.137358,0.181734,0.645452,0.011291,-0.021579,23.986863,-0.190327,11.627419,12.359445,0.375836,0.390474
57.766667,20.666896,17.141611,0.181014,0.645844,0.011323,-0.021627,23.998686,-0.191170,11.631709,12.366977,0.375923,0.390622
57.800000,20.688012,17.145852,0.180293,0.646232,0.011355,-0.021677,24.010356,-0.192031,11.635887,12.374469,0.376008,0.390770
57.833333,20.709144,17.150081,0.179569,0.646615,0.011388,-0.021729,24.021873,-0.192911,11.639954,12.381919,0.376091,0.390916
57.866667,20.730291,17.154298,0.178844,0.646995,0.011420,-0.021784,24.033238,-0.193809,11.643910,12.389328,0.376171,0.391062
57.900000,20.751453,17.158503,0.178117,0.647370,0.011453,-0.021841,24.044451,-0.194724,11.647756,12.396695,0.376249,0.391207
57.933333,20.772631,17.162696,0.177388,0.647741,0.011486,-0.021900,24.055511,-0.195658,11.651491,12.404020,0.376325,0.391351
57.966667,20.793823,17.166877,0.176657,0.648108,0.011519,-0.021962,24.066418,-0.196609,11.655115,12.411303,0.376398,0.391494
58.000000,20.815030,17.171045,0.175924,0.648471,0.011552,-0.022025,24.077173,-0.197578,11.658629,12.418543,0.376470,0.391636
58.033333,20.836252,17.175201,0.175188,0.648830,0.011586,-0.022091,24.087775,-0.198564,11.662034,12.425741,0.376539,0.391778
58.066667,20.857489,17.179345,0.174451,0.649184,0.011620,-0.022159,24.098225,-0.199568,11.665329,12.432896,0.376605,0.391918
58.100000,20.878740,17.183476,0.173711,0.649535,0.011654,-0.022230,24.108522,-0.200588,11.668514,12.440008,0.376670,0.392058
58.133333,20.900005,17.187594,0.172969,0.649881,0.011688,-0.022302,24.118667,-0.201626,11.671591,12.447076,0.376732,0.392197
58.166667,20.921285,17.191700,0.172224,0.650223,0.011723,-0.022377,24.128659,-0.202681,11.674558,12.454101,0.376792,0.392335
58.200000,20.942578,17.195793,0.171477,0.650561,0.011758,-0.022454,24.138499,-0.203753,11.677417,12.461083,0.376850,0.392471
58.233333,20.963886,17.199873,0.170727,0.650895,0.011793,-0.022533,24.148186,-0.204842,11.680167,12.468020,0.376906,0.392608
58.266667,20.985207,17.203940,0.169975,0.651225,0.011829,-0.022615,24.157721,-0.205947,11.682808,12.474913,0.376960,0.392743
58.300000,21.006541,17.207994,0.169220,0.651551,0.011864,-0.022698,24.167103,-0.207069,11.685342,12.481761,0.377011,0.392877
58.333333,21.027890,17.212035,0.168462,0.651872,0.011901,-0.022784,24.176333,-0.208207,11.687768,12.488565,0.377060,0.393010
58.366667,21.049251,17.216063,0.167701,0.652189,0.011937,-0.022871,24.185411,-0.209362,11.690087,12.495324,0.377107,0.393143
58.400000,21.070626,17.220077,0.166937,0.652502,0.011974,-0.022961,24.194336,-0.210532,11.692298,12.502038,0.377152,0.393274
58.433333,21.092014,17.224078,0.166170,0.652811,0.012012,-0.023053,24.203109,-0.211719,11.694402,12.508707,0.377194,0.393405
58.466667,21.113415,17.228066,0.165400,0.653116,0.012050,-0.023147,24.211729,-0.212922,11.696399,12.515330,0.377235,0.393534
58.500000,21.134829,17.232039,0.164627,0.653417,0.012088,-0.023243,24.220197,-0.214141,11.698289,12.521908,0.377273,0.393663
58.533333,21.156255,17.236000,0.163850,0.653713,0.012127,-0.023341,24.228513,-0.215375,11.700074,12.528440,0.377309,0.393791
58.566667,21.177694,17.239946,0.163071,0.654006,0.012166,-0.023441,24.236677,-0.216625,11.701752,12.534926,0.377343,0.393918
58.600000,21.199145,17.243878,0.162288,0.654294,0.012205,-0.023543,24.244689,-0.217891,11.703324,12.541365,0.377375,0.394044
58.633333,21.220609,17.247797,0.161501,0.654578,0.012245,-0.023648,24.252549,-0.219172,11.704791,12.547759,0.377405,0.394169
58.666667,21.242085,17.251701,0.160711,0.654858,0.012286,-0.023754,24.260257,-0.220468,11.706152,12.554105,0.377432,0.394293
58.700000,21.263572,17.255591,0.159917,0.655134,0.012327,-0.023862,24.267814,-0.221779,11.707408,12.560405,0.377458,0.394416
58.733333,21.285072,17.259467,0.159120,0.655405,0.012369,-0.023972,24.275218,-0.223106,11.708560,12.566658,0.377481,0.394538
58.766667,21.306583,17.263329,0.158319,0.655673,0.012411,-0.024085,24.282471,-0.224447,11.709606,12.572864,0.377502,0.394659
58.800000,21.328106,17.267176,0.157515,0.655936,0.012453,-0.024199,24.289572,-0.225803,11.710549,12.579023,0.377521,0.394779
58.833333,21.349641,17.271008,0.156706,0.656195,0.012496,-0.024315,24.296522,-0.227174,11.711387,12.585134,0.377538,0.394898
58.866667,21.371187,17.274826,0.155894,0.656450,0.012540,-0.024433,24.303320,-0.228560,11.712122,12.591198,0.377553,0.395017
58.900000,21.392744,17.278629,0.155077,0.656701,0.012584,-0.024553,24.309967,-0.229960,11.712753,12.597214,0.377566,0.395134
58.933333,21.414312,17.282417,0.154257,0.656948,0.012629,-0.024675,24.316463,-0.231374,11.713281,12.603182,0.377576,0.395251
58.966667,21.435891,17.286190,0.153432,0.657190,0.012674,-0.024799,24.322807,-0.232803,11.713706,12.609102,0.377585,0.395366
59.000000,21.457480,17.289947,0.152603,0.657428,0.012720,-0.024925,24.329001,-0.234246,11.714028,12.614973,0.377591,0.395480
59.033333,21.479081,17.293690,0.151770,0.657663,0.012766,-0.025052,24.335044,-0.235703,11.714248,12.620796,0.377596,0.395594
59.066667,21.500692,17.297417,0.150933,0.657893,0.012813,-0.025182,24.340936,-0.237174,11.714365,12.626571,0.377598,0.395706
59.100000,21.522313,17.301129,0.150092,0.658119,0.012861,-0.025313,24.346678,-0.238658,11.714381,12.632297,0.377599,0.395818
59.133333,21.543945,17.304826,0.149246,0.658340,0.012909,-0.025447,24.352269,-0.240157,11.714295,12.637974,0.377597,0.395929
59.166667,21.565587,17.308506,0.148395,0.658558,0.012958,-0.025582,24.357710,-0.241669,11.714107,12.643603,0.377593,0.396038
59.200000,21.587239,17.312171,0.147540,0.658771,0.013007,-0.025719,24.363001,-0.243194,11.713819,12.649182,0.377587,0.396147
59.233333,21.608900,17.315820,0.146681,0.658981,0.013057,-0.025857,24.368142,-0.244733,11.713430,12.654712,0.377579,0.396254
59.266667,21.630572,17.319453,0.145816,0.659186,0.013108,-0.025998,24.373133,-0.246286,11.712940,12.660193,0.377569,0.396361
59.300000,21.652253,17.323070,0.144947,0.659387,0.013159,-0.026140,24.377974,-0.247851,11.712351,12.665624,0.377558,0.396467
59.333333,21.673943,17.326671,0.144074,0.659584,0.013211,-0.026285,24.382666,-0.249430,11.711661,12.671006,0.377544,0.396571
59.366667,21.695643,17.330255,0.143195,0.659777,0.013263,-0.026431,24.387209,-0.251021,11.710872,12.676338,0.377528,0.396675
59.400000,21.717352,17.333823,0.142311,0.659965,0.013316,-0.026578,24.391603,-0.252626,11.709983,12.681620,0.377510,0.396778
59.433333,21.739070,17.337374,0.141423,0.660150,0.013370,-0.026728,24.395847,-0.254243,11.708995,12.686852,0.377490,0.396879
59.466667,21.760797,17.340908,0.140530,0.660330,0.013425,-0.026879,24.399943,-0.255873,11.707909,12.692034,0.377468,0.396980
59.500000,21.782532,17.344426,0.139631,0.660506,0.013480,-0.027032,24.403891,-0.257515,11.706724,12.697166,0.377444,0.397080
59.533333,21.804277,17.347927,0.138727,0.660678,0.013536,-0.027186,24.407690,-0.259170,11.705442,12.702248,0.377418,0.397179
59.566667,21.826030,17.351410,0.137819,0.660846,0.013592,-0.027343,24.411341,-0.260837,11.704061,12.707280,0.377390,0.397276
59.600000,21.847791,17.354877,0.136905,0.661010,0.013649,-0.027501,24.414844,-0.262516,11.702583,12.712261,0.377360,0.397373
59.633333,21.869560,17.358326,0.135985,0.661170,0.013707,-0.027661,24.418200,-0.264208,11.701008,12.717192,0.377328,0.397469
59.666667,21.891338,17.361758,0.135061,0.661326,0.013765,-0.027822,24.421408,-0.265911,11.699336,12.722072,0.377294,0.397563
59.700000,21.913124,17.365172,0.134130,0.661477,0.013824,-0.027985,24.424469,-0.267627,11.697567,12.726901,0.377258,0.397657
59.733333,21.934917,17.368568,0.133195,0.661625,0.013884,-0.028150,24.427383,-0.269354,11.695703,12.731680,0.377221,0.397750
59.766667,21.956718,17.371947,0.132254,0.661768,0.013944,-0.028316,24.430150,-0.271093,11.693742,12.736408,0.377181,0.397842
59.800000,21.978527,17.375308,0.131307,0.661907,0.014006,-0.028484,24.432771,-0.272844,11.691686,12.741085,0.377139,0.397932
59.833333,22.000343,17.378650,0.130355,0.662043,0.014067,-0.028654,24.435246,-0.274606,11.689535,12.745711,0.377096,0.398022
59.866667,22.022167,17.381974,0.129397,0.662174,0.014130,-0.028825,24.437575,-0.276380,11.687288,12.750286,0.377050,0.398111
59.900000,22.043998,17.385280,0.128433,0.662301,0.014193,-0.028998,24.439758,-0.278164,11.684947,12.754811,0.377003,0.398198
59.933333,22.065835,17.388568,0.127464,0.662424,0.014256,-0.029172,24.441796,-0.279961,11.682512,12.759284,0.376954,0.398285
59.966667,22.087680,17.391837,0.126488,0.662543,0.014321,-0.029348,24.443689,-0.281768,11.679983,12.763706,0.376902,0.398371
60.000000,22.109531,17.395087,0.125507,0.662658,0.014386,-0.029525,24.445437,-0.283586,11.677361,12.768076,0.376849,0.398455
60.033333,22.131390,17.398318,0.124520,0.662768,0.014452,-0.029704,24.447041,-0.285415,11.674645,12.772396,0.376794,0.398539
60.066667,22.153254,17.401531,0.123527,0.662875,0.014518,-0.029885,24.448501,-0.287255,11.671837,12.776664,0.376737,0.398622
60.100000,22.175125,17.404724,0.122528,0.662978,0.014585,-0.030067,24.449817,-0.289106,11.668936,12.780881,0.376678,0.398703
60.133333,22.197002,17.407898,0.121522,0.663076,0.014653,-0.030251,24.450989,-0.290967,11.665942,12.785047,0.376618,0.398784
60.166667,22.218886,17.411052,0.120511,0.663171,0.014721,-0.030436,24.452019,-0.292839,11.662857,12.789161,0.376555,0.398864
60.200000,22.240775,17.414187,0.119493,0.663261,0.014790,-0.030622,24.452905,-0.294721,11.659681,12.793225,0.376491,0.398942
60.233333,22.262670,17.417302,0.118469,0.663348,0.014859,-0.030810,24.453650,-0.296614,11.656413,12.797236,0.376425,0.399020
60.266667,22.284571,17.420397,0.117439,0.663430,0.014930,-0.031000,24.454252,-0.298517,11.653055,12.801197,0.376356,0.399097
60.300000,22.306478,17.423473,0.116403,0.663509,0.015000,-0.031191,24.454712,-0.300430,11.649607,12.805106,0.376287,0.399172
60.333333,22.328390,17.426528,0.115360,0.663583,0.015072,-0.031383,24.455032,-0.302353,11.646068,12.808963,0.376215,0.399247
60.366667,22.350307,17.429563,0.114310,0.663654,0.015144,-0.031577,24.455210,-0.304286,11.642440,12.812770,0.376141,0.399320
60.400000,22.372229,17.432577,0.113255,0.663720,0.015217,-0.031772,24.455248,-0.306229,11.638723,12.816525,0.376066,0.399393
60.433333,22.394157,17.435571,0.112192,0.663783,0.015290,-0.031969,24.455145,-0.308181,11.634917,12.820229,0.375988,0.399465
60.466667,22.416089,17.438545,0.111123,0.663841,0.015364,-0.032167,24.454903,-0.310143,11.631022,12.823881,0.375909,0.399535
60.500000,22.438026,17.441497,0.110048,0.663896,0.015438,-0.032367,24.454522,-0.312115,11.627039,12.827482,0.375829,0.399605
60.533333,22.459968,17.444428,0.108966,0.663947,0.015513,-0.032568,24.454001,-0.314096,11.622969,12.831032,0.375746,0.399673
60.566667,22.481914,17.447339,0.107877,0.663993,0.015589,-0.032770,24.453343,-0.316087,11.618812,12.834531,0.375661,0.399741
60.600000,22.503865,17.450228,0.106781,0.664036,0.015665,-0.032973,24.452546,-0.318087,11.614567,12.837979,0.375575,0.399808
60.633333,22.525820,17.453095,0.105678,0.664075,0.015742,-0.033178,24.451611,-0.320096,11.610236,12.841375,0.375487,0.399873
60.666667,22.547779,17.455941,0.104569,0.664110,0.015819,-0.033384,24.450540,-0.322114,11.605819,12.844721,0.375398,0.399938
60.700000,22.569742,17.458765,0.103453,0.664141,0.015897,-0.033592,24.449332,-0.324142,11.601317,12.848015,0.375306,0.400002
60.733333,22.591709,17.461567,0.102330,0.664168,0.015975,-0.033801,24.447988,-0.326178,11.596729,12.851259,0.375213,0.400064
60.766667,22.613679,17.464348,0.101199,0.664191,0.016054,-0.034011,24.446508,-0.328223,11.592056,12.854452,0.375118,0.400126
60.800000,22.635653,17.467105,0.100062,0.664210,0.016133,-0.034222,24.444893,-0.330277,11.587299,12.857594,0.375021,0.400186
60.833333,22.657631,17.469841,0.098918,0.664226,0.016213,-0.034435,24.443143,-0.332339,11.582458,12.860685,0.374923,0.400246
60.866667,22.679612,17.472554,0.097766,0.664237,0.016293,-0.034649,24.441259,-0.334410,11.577534,12.863726,0.374822,0.400305
60.900000,22.701596,17.475244,0.096608,0.664245,0.016374,-0.034864,24.439242,-0.336489,11.572526,12.866716,0.374720,0.400362
60.933333,22.723583,17.477912,0.095442,0.664248,0.016455,-0.035080,24.437091,-0.338577,11.567435,12.869656,0.374617,0.400419
60.966667,22.745573,17.480557,0.094269,0.664248,0.016537,-0.035298,24.434808,-0.340673,11.562263,12.872545,0.374512,0.400475
61.000000,22.767566,17.483178,0.093089,0.664245,0.016619,-0.035517,24.432393,-0.342778,11.557008,12.875384,0.374405,0.400530
61.033333,22.789561,17.485776,0.091901,0.664237,0.016701,-0.035737,24.429846,-0.344890,11.551673,12.878173,0.374296,0.400583
61.066667,22.811559,17.488350,0.090706,0.664225,0.016784,-0.035958,24.427169,-0.347011,11.546256,12.880913,0.374186,0.400636
61.100000,22.833560,17.490901,0.089504,0.664210,0.016867,-0.036181,24.424361,-0.349139,11.540759,12.883602,0.374074,0.400688
61.133333,22.855562,17.493428,0.088294,0.664191,0.016951,-0.036404,24.421424,-0.351275,11.535182,12.886242,0.373960,0.400739
61.166667,22.877567,17.495931,0.087077,0.664168,0.017035,-0.036629,24.418357,-0.353420,11.529526,12.888832,0.373845,0.400789
61.200000,22.899573,17.498410,0.085852,0.664142,0.017119,-0.036855,24.415162,-0.355571,11.523790,12.891372,0.373728,0.400838
61.233333,22.921582,17.500865,0.084620,0.664111,0.017204,-0.037082,24.411840,-0.357731,11.517976,12.893864,0.373609,0.400886
61.266667,22.943592,17.503295,0.083380,0.664077,0.017289,-0.037310,24.408390,-0.359898,11.512084,12.896306,0.373489,0.400933
61.300000,22.965604,17.505701,0.082133,0.664040,0.017374,-0.037539,24.404813,-0.362072,11.506114,12.898699,0.373367,0.400979
61.333333,22.987617,17.508081,0.080878,0.663998,0.017460,-0.037770,24.401111,-0.364254,11.500067,12.901043,0.373244,0.401024
61.366667,23.009632,17.510437,0.079615,0.663953,0.017545,-0.038001,24.397283,-0.366443,11.493944,12.903339,0.373119,0.401069
61.400000,23.031647,17.512768,0.078344,0.663904,0.017631,-0.038234,24.393334,-0.368638,11.487747,12.905587,0.372992,0.401112
61.433333,23.053664,17.515073,0.077066,0.663852,0.017718,-0.038467,24.389264,-0.370840,11.481478,12.907786,0.372864,0.401154
61.466667,23.075682,17.517353,0.075780,0.663796,0.017804,-0.038702,24.385076,-0.373048,11.475138,12.909938,0.372735,0.401196
61.500000,23.097700,17.519607,0.074486,0.663736,0.017891,-0.038937,24.380768,-0.375262,11.468727,12.912041,0.372604,0.401236
61.533333,23.119719,17.521835,0.073184,0.663673,0.017978,-0.039174,24.376344,-0.377481,11.462247,12.914097,0.372471,0.401276
61.566667,23.141739,17.524037,0.071874,0.663606,0.018065,-0.039412,24.371803,-0.379706,11.455697,12.916106,0.372337,0.401315
61.600000,23.163759,17.526213,0.070556,0.663535,0.018153,-0.039650,24.367145,-0.381937,11.449079,12.918067,0.372202,0.401352
61.633333,23.185779,17.528363,0.069231,0.663461,0.018241,-0.039890,24.362373,-0.384173,11.442393,12.919980,0.372065,0.401389
61.666667,23.207800,17.530486,0.067897,0.663384,0.018329,-0.040130,24.357487,-0.386414,11.435640,12.921847,0.371927,0.401425
61.700000,23.229820,17.532582,0.066555,0.663303,0.018418,-0.040372,24.352488,-0.388660,11.428821,12.923666,0.371787,0.401460
61.733333,23.251840,17.534652,0.065206,0.663219,0.018507,-0.040614,24.347376,-0.390911,11.421937,12.925439,0.371646,0.401494
61.766667,23.273860,17.536694,0.063848,0.663131,0.018596,-0.040857,24.342153,-0.393166,11.414987,12.927165,0.371504,0.401527
61.800000,23.295880,17.538710,0.062482,0.663039,0.018686,-0.041102,24.336819,-0.395426,11.407974,12.928845,0.371360,0.401560
61.833333,23.317899,17.540698,0.061108,0.662945,0.018776,-0.041347,24.331375,-0.397691,11.400897,12.930478,0.371215,0.401591
61.866667,23.339917,17.542658,0.059725,0.662847,0.018867,-0.041592,24.325822,-0.399960,11.393757,12.932065,0.371069,0.401622
61.900000,23.361935,17.544591,0.058335,0.662745,0.018958,-0.041839,24.320162,-0.402233,11.386556,12.933606,0.370921,0.401651
61.933333,23.383951,17.546496,0.056936,0.662640,0.019049,-0.042087,24.314395,-0.404510,11.379293,12.935101,0.370772,0.401680
61.966667,23.405967,17.548372,0.055529,0.662532,0.019140,-0.042335,24.308521,-0.406791,11.371970,12.936551,0.370622,0.401708
62.000000,23.427981,17.550221,0.054114,0.662421,0.019232,-0.042584,24.302542,-0.409076,11.364587,12.937955,0.370470,0.401735
62.033333,23.449994,17.552041,0.052690,0.662306,0.019325,-0.042834,24.296459,-0.411364,11.357145,12.939314,0.370317,0.401761
62.066667,23.472006,17.553833,0.051258,0.662188,0.019418,-0.043085,24.290272,-0.413655,11.349645,12.940627,0.370163,0.401786
62.100000,23.494016,17.555596,0.049818,0.662067,0.019511,-0.043336,24.283983,-0.415950,11.342087,12.941896,0.370008,0.401811
62.133333,23.516024,17.557330,0.048369,0.661943,0.019604,-0.043588,24.277593,-0.418248,11.334473,12.943120,0.369852,0.401834
62.166667,23.538030,17.559035,0.046912,0.661815,0.019698,-0.043841,24.271102,-0.420549,11.326802,12.944299,0.369694,0.401857
62.200000,23.560035,17.560711,0.045446,0.661685,0.019793,-0.044095,24.264511,-0.422853,11.319076,12.945434,0.369535,0.401879
62.233333,23.582037,17.562357,0.043972,0.661551,0.019888,-0.044349,24.257821,-0.425160,11.311296,12.946525,0.369375,0.401900
62.266667,23.604037,17.563974,0.042490,0.661414,0.019983,-0.044604,24.251034,-0.427469,11.303462,12.947572,0.369214,0.401920
62.300000,23.626035,17.565561,0.040999,0.661274,0.020079,-0.044860,24.244150,-0.429780,11.295574,12.948576,0.369051,0.401939
62.333333,23.648030,17.567118,0.039499,0.661131,0.020175,-0.045116,24.237170,-0.432094,11.287635,12.949536,0.368888,0.401958
62.366667,23.670023,17.568645,0.037991,0.660985,0.020271,-0.045373,24.230095,-0.434410,11.279643,12.950452,0.368723,0.401975
62.400000,23.692013,17.570142,0.036474,0.660836,0.020368,-0.045630,24.222927,-0.436728,11.271601,12.951326,0.368557,0.401992
62.433333,23.714000,17.571609,0.034949,0.660684,0.020465,-0.045888,24.215665,-0.439048,11.263509,12.952156,0.368391,0.402008
62.466667,23.735984,17.573045,0.033415,0.660529,0.020563,-0.046147,24.208312,-0.441370,11.255367,12.952944,0.368223,0.402023
62.500000,23.757964,17.574450,0.031872,0.660370,0.020661,-0.046406,24.200867,-0.443693,11.247177,12.953690,0.368054,0.402038
62.533333,23.779942,17.575824,0.030321,0.660210,0.020760,-0.046665,24.193333,-0.446018,11.238940,12.954394,0.367884,0.402051
62.566667,23.801916,17.577168,0.028761,0.660046,0.020859,-0.046926,24.185710,-0.448344,11.230655,12.955055,0.367713,0.402064
62.600000,23.823887,17.578480,0.027193,0.659879,0.020958,-0.047186,24.177999,-0.450671,11.222324,12.955675,0.367541,0.402076
62.633333,23.845854,17.579760,0.025616,0.659709,0.021058,-0.047448,24.170201,-0.453000,11.213947,12.956254,0.367368,0.402087
62.666667,23.867817,17.581010,0.024030,0.659537,0.021158,-0.047709,24.162317,-0.455329,11.205526,12.956791,0.367194,0.402097
62.700000,23.889776,17.582227,0.022435,0.659362,0.021259,-0.047971,24.154348,-0.457659,11.197060,12.957288,0.367019,0.402107
62.733333,23.911732,17.583413,0.020832,0.659184,0.021360,-0.048234,24.146296,-0.459990,11.188552,12.957744,0.366843,0.402116
62.766667,23.933683,17.584566,0.019219,0.659003,0.021461,-0.048497,24.138160,-0.462321,11.180001,12.958159,0.366666,0.402124
62.800000,23.955630,17.585687,0.017598,0.658820,0.021563,-0.048760,24.129943,-0.464653,11.171408,12.958535,0.366488,0.402131
62.833333,23.977572,17.586776,0.015969,0.658634,0.021665,-0.049024,24.121645,-0.466985,11.162775,12.958870,0.366309,0.402137
62.866667,23.999510,17.587833,0.014330,0.658445,0.021768,-0.049289,24.113268,-0.469317,11.154102,12.959166,0.366129,0.402143
62.900000,24.021443,17.588856,0.012683,0.658254,0.021870,-0.049553,24.104812,-0.471649,11.145389,12.959423,0.365949,0.402148
62.933333,24.043371,17.589847,0.011027,0.658060,0.021974,-0.049818,24.096278,-0.473981,11.136638,12.959640,0.365767,0.402152
62.966667,24.065295,17.590805,0.009362,0.657863,0.022077,-0.050083,24.087668,-0.476312,11.127849,12.959819,0.365585,0.402156
63.000000,24.087213,17.591729,0.007688,0.657664,0.022181,-0.050349,24.078983,-0.478644,11.119023,12.959960,0.365402,0.402158
63.033333,24.109126,17.592620,0.006005,0.657462,0.022285,-0.050615,24.070223,-0.480974,11.110161,12.960062,0.365218,0.402160
63.066667,24.131034,17.593478,0.004313,0.657258,0.022390,-0.050881,24.061390,-0.483304,11.101264,12.960126,0.365034,0.402161
63.100000,24.152937,17.594302,0.002613,0.657051,0.022495,-0.051148,24.052485,-0.485634,11.092332,12.960153,0.364848,0.402162
63.133333,24.174833,17.595092,0.000904,0.656842,0.022600,-0.051414,24.043509,-0.487962,11.083366,12.960143,0.364662,0.402162
63.166667,24.196725,17.595848,-0.000815,0.656631,0.022705,-0.051681,24.034463,-0.490289,11.074368,12.960095,0.364475,0.402161
63.200000,24.218610,17.596570,-0.002542,0.656417,0.022811,-0.051949,24.025348,-0.492615,11.065337,12.960011,0.364287,0.402159
63.233333,24.240489,17.597258,-0.004278,0.656200,0.022917,-0.052216,24.016166,-0.494940,11.056275,12.959891,0.364099,0.402157
63.266667,24.262363,17.597911,-0.006023,0.655982,0.023023,-0.052484,24.006917,-0.497263,11.047183,12.959734,0.363909,0.402154
63.300000,24.284230,17.598529,-0.007777,0.655761,0.023130,-0.052751,23.997603,-0.499585,11.038061,12.959542,0.363719,0.402150
63.333333,24.306091,17.599112,-0.009540,0.655537,0.023237,-0.053019,23.988224,-0.501905,11.028910,12.959314,0.363529,0.402146
63.366667,24.327945,17.599661,-0.011311,0.655312,0.023344,-0.053287,23.978782,-0.504223,11.019731,12.959052,0.363338,0.402141
63.400000,24.349793,17.600174,-0.013092,0.655084,0.023451,-0.053556,23.969279,-0.506540,11.010524,12.958754,0.363146,0.402135
63.433333,24.371634,17.600652,-0.014882,0.654854,0.023558,-0.053824,23.959714,-0.508854,11.001292,12.958422,0.362953,0.402129
63.466667,24.393468,17.601095,-0.016680,0.654622,0.023666,-0.054093,23.950090,-0.511166,10.992033,12.958056,0.362760,0.402122
63.500000,24.415296,17.601502,-0.018488,0.654388,0.023774,-0.054361,23.940407,-0.513476,10.982750,12.957657,0.362566,0.402114
63.533333,24.437116,17.601873,-0.020305,0.654152,0.023882,-0.054630,23.930667,-0.515783,10.973443,12.957224,0.362372,0.402106
63.566667,24.458929,17.602208,-0.022130,0.653913,0.023990,-0.054898,23.920871,-0.518088,10.964113,12.956758,0.362177,0.402097
63.600000,24.480735,17.602507,-0.023964,0.653673,0.024098,-0.055167,23.911020,-0.520390,10.954761,12.956259,0.361982,0.402087
63.633333,24.502533,17.602770,-0.025808,0.653430,0.024206,-0.055436,23.901115,-0.522689,10.945387,12.955728,0.361786,0.402077
63.666667,24.524324,17.602996,-0.027660,0.653186,0.024315,-0.055705,23.891158,-0.524985,10.935993,12.955165,0.361590,0.402066
63.700000,24.546107,17.603186,-0.029521,0.652939,0.024424,-0.055973,23.881149,-0.527278,10.926579,12.954570,0.361393,0.402055
63.733333,24.567882,17.603339,-0.031392,0.652691,0.024532,-0.056242,23.871090,-0.529568,10.917146,12.953944,0.361195,0.402043
63.766667,24.589650,17.603455,-0.033271,0.652441,0.024641,-0.056511,23.860982,-0.531854,10.907695,12.953288,0.360998,0.402030
63.800000,24.611409,17.603534,-0.035159,0.652188,0.024750,-0.056779,23.850827,-0.534137,10.898226,12.952601,0.360799,0.402017
63.833333,24.633160,17.603576,-0.037056,0.651934,0.024859,-0.057048,23.840625,-0.536417,10.888742,12.951883,0.360601,0.402003
63.866667,24.654903,17.603580,-0.038962,0.651679,0.024968,-0.057317,23.830378,-0.538693,10.879242,12.951136,0.360401,0.401989
63.900000,24.676637,17.603546,-0.040877,0.651421,0.025077,-0.057585,23.820087,-0.540965,10.869727,12.950360,0.360202,0.401974
63.933333,24.698363,17.603475,-0.042801,0.651162,0.025186,-0.057853,23.809753,-0.543233,10.860198,12.949554,0.360002,0.401958
63.966667,24.720080,17.603366,-0.044734,0.650901,0.025294,-0.058121,23.799378,-0.545497,10.850657,12.948721,0.359802,0.401942
64.000000,24.741788,17.603219,-0.046676,0.650638,0.025403,-0.058389,23.788962,-0.547756,10.841104,12.947858,0.359601,0.401926
64.033333,24.763488,17.603034,-0.048627,0.650374,0.025512,-0.058657,23.778508,-0.550012,10.831539,12.946969,0.359400,0.401908
64.066667,24.785178,17.602811,-0.050587,0.650108,0.025621,-0.058925,23.768016,-0.552263,10.821964,12.946051,0.359199,0.401891
64.100000,24.806859,17.602548,-0.052555,0.649840,0.025729,-0.059192,23.757487,-0.554509,10.812380,12.945107,0.358998,0.401873
64.133333,24.828531,17.602248,-0.054533,0.649571,0.025838,-0.059459,23.746924,-0.556751,10.802787,12.944137,0.358796,0.401854
64.166667,24.850193,17.601908,-0.056519,0.649300,0.025946,-0.059726,23.736327,-0.558988,10.793187,12.943140,0.358594,0.401835
64.200000,24.871846,17.601529,-0.058514,0.649028,0.026054,-0.059993,23.725697,-0.561220,10.783580,12.942117,0.358392,0.401815
64.233333,24.893489,17.601112,-0.060519,0.648755,0.026162,-0.060260,23.715036,-0.563447,10.773967,12.941069,0.358189,0.401795
64.266667,24.915123,17.600654,-0.062532,0.648480,0.026270,-0.060526,23.704345,-0.565668,10.764349,12.939997,0.357987,0.401774
64.300000,24.936746,17.600158,-0.064554,0.648203,0.026377,-0.060792,23.693626,-0.567885,10.754727,12.938900,0.357784,0.401753
64.333333,24.958360,17.599622,-0.066585,0.647926,0.026485,-0.061058,23.682880,-0.570096,10.745101,12.937778,0.357581,0.401732
64.366667,24.979963,17.599045,-0.068624,0.647647,0.026592,-0.061323,23.672107,-0.572302,10.735474,12.936634,0.357378,0.401710
64.400000,25.001556,17.598429,-0.070673,0.647366,0.026699,-0.061588,23.661311,-0.574502,10.725845,12.935466,0.357175,0.401687
64.433333,25.023139,17.597773,-0.072730,0.647085,0.026805,-0.061852,23.650491,-0.576696,10.716215,12.934276,0.356972,0.401664
64.466667,25.044711,17.597077,-0.074796,0.646802,0.026911,-0.062117,23.639649,-0.578884,10.706586,12.933063,0.356768,0.401641
64.500000,25.066272,17.596340,-0.076871,0.646518,0.027017,-0.062381,23.628787,-0.581066,10.696959,12.931828,0.356565,0.401617
64.533333,25.087823,17.595563,-0.078955,0.646233,0.027123,-0.062644,23.617906,-0.583242,10.687333,12.930573,0.356361,0.401593
64.566667,25.109363,17.594745,-0.081047,0.645947,0.027228,-0.062907,23.607007,-0.585412,10.677711,12.929296,0.356158,0.401568
64.600000,25.130892,17.593886,-0.083149,0.645660,0.027332,-0.063170,23.596092,-0.587576,10.668093,12.927999,0.355954,0.401543
64.633333,25.152409,17.592985,-0.085259,0.645372,0.027437,-0.063432,23.585162,-0.589732,10.658480,12.926682,0.355751,0.401518
64.666667,25.173916,17.592044,-0.087378,0.645082,0.027540,-0.063694,23.574219,-0.591883,10.648873,12.925346,0.355548,0.401492
64.700000,25.195411,17.591062,-0.089505,0.644792,0.027644,-0.063955,23.563263,-0.594026,10.639273,12.923990,0.355344,0.401466
64.733333,25.216894,17.590037,-0.091641,0.644501,0.027747,-0.064216,23.552297,-0.596163,10.629681,12.922616,0.355141,0.401440
64.766667,25.238367,17.588971,-0.093786,0.644209,0.027849,-0.064476,23.541321,-0.598293,10.620097,12.921224,0.354938,0.401413
64.800000,25.259827,17.587864,-0.095940,0.643916,0.027951,-0.064736,23.530338,-0.600416,10.610523,12.919815,0.354735,0.401386
64.833333,25.281275,17.586714,-0.098102,0.643622,0.028052,-0.064995,23.519348,-0.602531,10.600960,12.918388,0.354532,0.401358
64.866667,25.302712,17.585522,-0.100273,0.643328,0.028153,-0.065254,23.508353,-0.604640,10.591408,12.916945,0.354329,0.401331
64.900000,25.324136,17.584288,-0.102452,0.643033,0.028253,-0.065512,23.497355,-0.606740,10.581869,12.915486,0.354127,0.401303
64.933333,25.345548,17.583012,-0.104640,0.642737,0.028352,-0.065769,23.486355,-0.608834,10.572344,12.914011,0.353924,0.401274
64.966667,25.366948,17.581692,-0.106837,0.642440,0.028451,-0.066026,23.475354,-0.610919,10.562833,12.912521,0.353722,0.401245
65.000000,25.388336,17.580330,-0.109042,0.642143,0.028549,-0.066282,23.464352,-0.612997,10.553335,12.911017,0.353520,0.401217
65.033333,25.409711,17.578925,-0.111255,0.641845,0.028647,-0.066538,23.453351,-0.615069,10.543850,12.909501,0.353318,0.401187
65.066667,25.431073,17.577478,-0.113478,0.641547,0.028743,-0.066793,23.442349,-0.617134,10.534378,12.907971,0.353117,0.401158
65.100000,25.452422,17.575986,-0.115708,0.641248,0.028839,-0.067047,23.431350,-0.619193,10.524920,12.906430,0.352915,0.401128
65.133333,25.473759,17.574452,-0.117947,0.640948,0.028935,-0.067301,23.420354,-0.621244,10.515476,12.904878,0.352714,0.401098
65.166667,25.495082,17.572874,-0.120195,0.640649,0.029030,-0.067554,23.409363,-0.623289,10.506048,12.903314,0.352513,0.401068
65.200000,25.516393,17.571252,-0.122451,0.640348,0.029124,-0.067806,23.398377,-0.625327,10.496636,12.901740,0.352313,0.401038
65.233333,25.537690,17.569586,-0.124715,0.640048,0.029217,-0.068058,23.387398,-0.627358,10.487241,12.900156,0.352113,0.401007
65.266667,25.558973,17.567877,-0.126988,0.639747,0.029310,-0.068309,23.376426,-0.629382,10.477864,12.898562,0.351912,0.400977
65.300000,25.580243,17.566123,-0.129269,0.639445,0.029401,-0.068559,23.365465,-0.631398,10.468505,12.896959,0.351713,0.400946
65.333333,25.601500,17.564325,-0.131559,0.639144,0.029493,-0.068809,23.354513,-0.633407,10.459165,12.895348,0.351513,0.400915
65.366667,25.622743,17.562483,-0.133857,0.638842,0.029583,-0.069058,23.343573,-0.635409,10.449846,12.893728,0.351314,0.400883
65.400000,25.643972,17.560596,-0.136163,0.638540,0.029673,-0.069306,23.332646,-0.637404,10.440547,12.892100,0.351116,0.400852
65.433333,25.665187,17.558664,-0.138477,0.638238,0.029762,-0.069554,23.321734,-0.639391,10.431269,12.890465,0.350917,0.400820
65.466667,25.686387,17.556687,-0.140800,0.637935,0.029851,-0.069800,23.310836,-0.641370,10.422013,12.888823,0.350719,0.400789
65.500000,25.707574,17.554666,-0.143130,0.637633,0.029938,-0.070046,23.299955,-0.643342,10.412781,12.887174,0.350522,0.400757
65.533333,25.728746,17.552599,-0.145469,0.637330,0.030025,-0.070291,23.289092,-0.645306,10.403572,12.885520,0.350325,0.400725
65.566667,25.749904,17.550487,-0.147816,0.637027,0.030112,-0.070536,23.278248,-0.647263,10.394388,12.883859,0.350128,0.400693
65.600000,25.771047,17.548330,-0.150172,0.636725,0.030197,-0.070779,23.267423,-0.649211,10.385229,12.882194,0.349932,0.400661
65.633333,25.792176,17.546127,-0.152535,0.636422,0.030282,-0.071022,23.256620,-0.651151,10.376096,12.880524,0.349736,0.400629
65.666667,25.813289,17.543879,-0.154907,0.636119,0.030366,-0.071264,23.245840,-0.653084,10.366990,12.878850,0.349541,0.400597
65.700000,25.834388,17.541584,-0.157286,0.635817,0.030450,-0.071505,23.235083,-0.655008,10.357911,12.877172,0.349346,0.400564
65.733333,25.855472,17.539244,-0.159674,0.635515,0.030532,-0.071746,23.224351,-0.656924,10.348860,12.875490,0.349152,0.400532
65.766667,25.876540,17.536858,-0.162069,0.635212,0.030614,-0.071986,23.213645,-0.658832,10.339839,12.873806,0.348958,0.400499
65.800000,25.897594,17.534425,-0.164473,0.634910,0.030695,-0.072224,23.202966,-0.660731,10.330847,12.872119,0.348765,0.400467
65.833333,25.918632,17.531946,-0.166884,0.634608,0.030776,-0.072462,23.192316,-0.662622,10.321885,12.870430,0.348573,0.400434
65.866667,25.939654,17.529421,-0.169303,0.634307,0.030856,-0.072699,23.181695,-0.664504,10.312955,12.868740,0.348381,0.400402
65.900000,25.960661,17.526848,-0.171731,0.634006,0.030935,-0.072936,23.171105,-0.666378,10.304057,12.867048,0.348190,0.400369
65.933333,25.981652,17.524230,-0.174166,0.633705,0.031013,-0.073171,23.160547,-0.668243,10.295191,12.865356,0.347999,0.400336
65.966667,26.002627,17.521564,-0.176609,0.633404,0.031091,-0.073405,23.150022,-0.670099,10.286359,12.863663,0.347809,0.400304
66.000000,26.023586,17.518851,-0.179059,0.633104,0.031167,-0.073639,23.139531,-0.671947,10.277560,12.861970,0.347620,0.400271
66.033333,26.044529,17.516091,-0.181518,0.632804,0.031244,-0.073872,23.129075,-0.673785,10.268797,12.860278,0.347431,0.400238
66.066667,26.065456,17.513284,-0.183984,0.632504,0.031319,-0.074104,23.118656,-0.675615,10.260069,12.858587,0.347243,0.400206
66.100000,26.086366,17.510429,-0.186458,0.632206,0.031393,-0.074334,23.108275,-0.677435,10.251378,12.856897,0.347056,0.400173
66.133333,26.107260,17.507527,-0.188940,0.631907,0.031467,-0.074564,23.097932,-0.679246,10.242723,12.855209,0.346869,0.400140
66.166667,26.128137,17.504578,-0.191429,0.631609,0.031540,-0.074793,23.087630,-0.681048,10.234107,12.853523,0.346683,0.400108
66.200000,26.148998,17.501580,-0.193926,0.631312,0.031613,-0.075022,23.077368,-0.682841,10.225529,12.851839,0.346498,0.400075
66.233333,26.169842,17.498535,-0.196431,0.631016,0.031684,-0.075249,23.067149,-0.684624,10.216990,12.850159,0.346314,0.400043
66.266667,26.190669,17.495441,-0.198943,0.630720,0.031755,-0.075475,23.056973,-0.686398,10.208491,12.848482,0.346130,0.400011
66.300000,26.211479,17.492300,-0.201462,0.630424,0.031825,-0.075700,23.046841,-0.688162,10.200032,12.846809,0.345948,0.399978
66.333333,26.232272,17.489110,-0.203989,0.630130,0.031895,-0.075924,23.036756,-0.689917,10.191615,12.845140,0.345766,0.399946
66.366667,26.253047,17.485872,-0.206524,0.629836,0.031963,-0.076148,23.026717,-0.691661,10.183240,12.843476,0.345585,0.399914
66.400000,26.273806,17.482586,-0.209066,0.629543,0.032031,-0.076370,23.016725,-0.693396,10.174908,12.841817,0.345405,0.399882
66.433333,26.294546,17.479250,-0.211615,0.629251,0.032098,-0.076591,23.006783,-0.695122,10.166619,12.840164,0.345225,0.399850
66.466667,26.315269,17.475867,-0.214172,0.628959,0.032164,-0.076812,22.996891,-0.696837,10.158375,12.838516,0.345047,0.399818
66.500000,26.335975,17.472434,-0.216736,0.628669,0.032230,-0.077031,22.987050,-0.698542,10.150175,12.836874,0.344869,0.399786
66.533333,26.356662,17.468952,-0.219307,0.628379,0.032294,-0.077249,22.977261,-0.700237,10.142021,12.835239,0.344693,0.399755
66.566667,26.377332,17.465421,-0.221886,0.628091,0.032358,-0.077466,22.967525,-0.701921,10.133914,12.833612,0.344517,0.399723
66.600000,26.397983,17.461842,-0.224472,0.627803,0.032421,-0.077683,22.957844,-0.703596,10.125853,12.831991,0.344342,0.399692
66.633333,26.418616,17.458212,-0.227065,0.627516,0.032484,-0.077898,22.948218,-0.705260,10.117840,12.830379,0.344169,0.399661
66.666667,26.439231,17.454534,-0.229665,0.627231,0.032545,-0.078112,22.938649,-0.706914,10.109875,12.828774,0.343996,0.399630
66.700000,26.459827,17.450806,-0.232272,0.626946,0.032606,-0.078325,22.929138,-0.708557,10.101960,12.827178,0.343824,0.399599
66.733333,26.480405,17.447028,-0.234886,0.626662,0.032666,-0.078537,22.919685,-0.710189,10.094094,12.825591,0.343654,0.399568
66.766667,26.500965,17.443201,-0.237508,0.626380,0.032725,-0.078748,22.910292,-0.711811,10.086278,12.824014,0.343484,0.399538
66.800000,26.521505,17.439323,-0.240136,0.626099,0.032784,-0.078957,22.900960,-0.713422,10.078514,12.822446,0.343315,0.399508
66.833333,26.542027,17.435396,-0.242772,0.625819,0.032842,-0.079166,22.891689,-0.715022,10.070802,12.820888,0.343148,0.399477
66.866667,26.562529,17.431419,-0.245414,0.625540,0.032899,-0.079373,22.882482,-0.716612,10.063142,12.819340,0.342981,0.399447
66.900000,26.583012,17.427392,-0.248063,0.625263,0.032955,-0.079580,22.873338,-0.718190,10.055535,12.817803,0.342816,0.399418
66.933333,26.603477,17.423314,-0.250719,0.624986,0.033010,-0.079785,22.864259,-0.719757,10.047982,12.816278,0.342652,0.399388
66.966667,26.623921,17.419186,-0.253382,0.624712,0.033065,-0.079989,22.855247,-0.721313,10.040483,12.814764,0.342488,0.399359
67.000000,26.644347,17.415008,-0.256052,0.624438,0.033118,-0.080192,22.846301,-0.722858,10.033040,12.813261,0.342326,0.399330
67.033333,26.664753,17.410779,-0.258728,0.624166,0.033171,-0.080394,22.837423,-0.724391,10.025652,12.811771,0.342166,0.399301
67.066667,26.685139,17.406499,-0.261411,0.623895,0.033224,-0.080595,22.828615,-0.725913,10.018321,12.810294,0.342006,0.399273
67.100000,26.705505,17.402169,-0.264101,0.623626,0.033275,-0.080794,22.819876,-0.727423,10.011047,12.808829,0.341848,0.399244
67.133333,26.725851,17.397788,-0.266798,0.623358,0.033326,-0.080992,22.811208,-0.728922,10.003831,12.807378,0.341690,0.399216
67.166667,26.746178,17.393356,-0.269501,0.623091,0.033375,-0.081189,22.802613,-0.730409,9.996673,12.805940,0.341534,0.399188
67.200000,26.766484,17.388873,-0.272210,0.622827,0.033424,-0.081385,22.794090,-0.731885,9.989574,12.804516,0.341379,0.399161
67.233333,26.786769,17.384339,-0.274926,0.622563,0.033473,-0.081580,22.785641,-0.733348,9.982535,12.803106,0.341226,0.399134
67.266667,26.807035,17.379753,-0.277649,0.622302,0.033520,-0.081773,22.777267,-0.734800,9.975556,12.801711,0.341074,0.399107
67.300000,26.827280,17.375116,-0.280378,0.622041,0.033567,-0.081966,22.768969,-0.736240,9.968639,12.800331,0.340923,0.399080
67.333333,26.847504,17.370428,-0.283113,0.621783,0.033612,-0.082156,22.760748,-0.737668,9.961782,12.798965,0.340773,0.399053
67.366667,26.867708,17.365688,-0.285855,0.621526,0.033657,-0.082346,22.752604,-0.739083,9.954989,12.797616,0.340625,0.399027
67.400000,26.887891,17.360897,-0.288603,0.621271,0.033702,-0.082535,22.744540,-0.740486,9.948258,12.796282,0.340478,0.399002
67.433333,26.908052,17.356054,-0.291357,0.621018,0.033745,-0.082722,22.736554,-0.741877,9.941590,12.794964,0.340332,0.398976
67.466667,26.928193,17.351159,-0.294118,0.620766,0.033788,-0.082908,22.728650,-0.743256,9.934987,12.793663,0.340187,0.398951
67.500000,26.948313,17.346213,-0.296885,0.620516,0.033829,-0.083092,22.720827,-0.744622,9.928448,12.792379,0.340045,0.398926
67.533333,26.968411,17.341214,-0.299657,0.620268,0.033870,-0.083276,22.713086,-0.745976,9.921975,12.791111,0.339903,0.398901
67.566667,26.988488,17.336163,-0.302436,0.620022,0.033911,-0.083458,22.705428,-0.747316,9.915567,12.789861,0.339763,0.398877
67.600000,27.008543,17.331061,-0.305221,0.619778,0.033950,-0.083639,22.697855,-0.748645,9.909226,12.788629,0.339624,0.398853
67.633333,27.028577,17.325906,-0.308012,0.619536,0.033989,-0.083818,22.690367,-0.749960,9.902953,12.787414,0.339487,0.398830
67.666667,27.048588,17.320698,-0.310809,0.619295,0.034027,-0.083996,22.682965,-0.751263,9.896747,12.786218,0.339351,0.398807
67.700000,27.068578,17.315439,-0.313612,0.619057,0.034064,-0.084173,22.675649,-0.752552,9.890609,12.785040,0.339216,0.398784
67.733333,27.088546,17.310127,-0.316421,0.618820,0.034100,-0.084348,22.668421,-0.753829,9.884540,12.783881,0.339083,0.398762
67.766667,27.108492,17.304762,-0.319235,0.618586,0.034135,-0.084522,22.661282,-0.755092,9.878541,12.782741,0.338952,0.398739
67.800000,27.128416,17.299345,-0.322055,0.618353,0.034170,-0.084695,22.654232,-0.756342,9.872612,12.781620,0.338822,0.398718
67.833333,27.148317,17.293875,-0.324881,0.618123,0.034204,-0.084866,22.647273,-0.757579,9.866754,12.780519,0.338693,0.398696
67.866667,27.168196,17.288352,-0.327713,0.617894,0.034237,-0.085036,22.640404,-0.758802,9.860967,12.779437,0.338566,0.398675
67.900000,27.188053,17.282777,-0.330550,0.617668,0.034269,-0.085205,22.633627,-0.760012,9.855251,12.778376,0.338441,0.398655
67.933333,27.207887,17.277148,-0.333393,0.617444,0.034300,-0.085372,22.626943,-0.761209,9.849608,12.777335,0.338317,0.398635
67.966667,27.227697,17.271467,-0.336242,0.617222,0.034331,-0.085538,22.620353,-0.762392,9.844038,12.776314,0.338195,0.398615
68.000000,27.247486,17.265732,-0.339096,0.617002,0.034360,-0.085702,22.613856,-0.763561,9.838542,12.775315,0.338074,0.398596
68.033333,27.267251,17.259945,-0.341955,0.616785,0.034389,-0.085865,22.607455,-0.764716,9.833119,12.774336,0.337955,0.398577
68.066667,27.286992,17.254104,-0.344820,0.616570,0.034418,-0.086027,22.601150,-0.765858,9.827771,12.773379,0.337838,0.398558
68.100000,27.306711,17.248210,-0.347690,0.616357,0.034445,-0.086187,22.594941,-0.766986,9.822499,12.772443,0.337722,0.398540
68.133333,27.326407,17.242262,-0.350566,0.616146,0.034472,-0.086345,22.588830,-0.768099,9.817301,12.771529,0.337608,0.398522
68.166667,27.346078,17.236261,-0.353447,0.615938,0.034497,-0.086502,22.582817,-0.769199,9.812180,12.770636,0.337495,0.398505
68.200000,27.365727,17.230207,-0.356333,0.615731,0.034522,-0.086658,22.576903,-0.770284,9.807136,12.769766,0.337384,0.398488
68.233333,27.385351,17.224099,-0.359224,0.615528,0.034547,-0.086812,22.571088,-0.771355,9.802169,12.768919,0.337275,0.398472
68.266667,27.404952,17.217937,-0.362120,0.615326,0.034570,-0.086965,22.565374,-0.772411,9.797280,12.768094,0.337167,0.398456
68.300000,27.424529,17.211722,-0.365022,0.615128,0.034593,-0.087116,22.559761,-0.773454,9.792469,12.767291,0.337062,0.398440
68.333333,27.444082,17.205452,-0.367928,0.614931,0.034614,-0.087266,22.554250,-0.774481,9.787737,12.766512,0.336957,0.398425
68.366667,27.463611,17.199129,-0.370839,0.614737,0.034635,-0.087414,22.548841,-0.775495,9.783085,12.765756,0.336855,0.398410
68.400000,27.483116,17.192752,-0.373756,0.614546,0.034655,-0.087561,22.543535,-0.776493,9.778512,12.765023,0.336754,0.398396
68.433333,27.502596,17.186322,-0.376677,0.614357,0.034675,-0.087706,22.538333,-0.777477,9.774019,12.764314,0.336655,0.398383
68.466667,27.522052,17.179837,-0.379603,0.614170,0.034693,-0.087849,22.533236,-0.778445,9.769608,12.763629,0.336558,0.398369
68.500000,27.541483,17.173298,-0.382533,0.613986,0.034711,-0.087991,22.528244,-0.779399,9.765277,12.762967,0.336463,0.398356
68.533333,27.560889,17.166705,-0.385469,0.613805,0.034728,-0.088132,22.523358,-0.780338,9.761028,12.762329,0.336369,0.398344
68.566667,27.580271,17.160057,-0.388409,0.613626,0.034744,-0.088271,22.518578,-0.781262,9.756862,12.761716,0.336277,0.398332
68.600000,27.599628,17.153356,-0.391353,0.613450,0.034760,-0.088408,22.513903,-0.782171,9.752776,12.761127,0.336187,0.398321
68.633333,27.618959,17.146600,-0.394303,0.613276,0.034774,-0.088544,22.509321,-0.783068,9.748761,12.760560,0.336099,0.398310
68.666667,27.638266,17.139789,-0.397256,0.613106,0.034788,-0.088678,22.504833,-0.783952,9.744817,12.760016,0.336012,0.398299
68.700000,27.657547,17.132925,-0.400214,0.612937,0.034801,-0.088811,22.500438,-0.784823,9.740944,12.759494,0.335926,0.398289
68.733333,27.676803,17.126005,-0.403177,0.612772,0.034814,-0.088942,22.496135,-0.785682,9.737141,12.758994,0.335842,0.398279
68.766667,27.696034,17.119032,-0.406144,0.612609,0.034825,-0.089071,22.491924,-0.786528,9.733409,12.758516,0.335760,0.398270
68.800000,27.715239,17.112003,-0.409115,0.612448,0.034836,-0.089199,22.487806,-0.787362,9.729746,12.758060,0.335679,0.398261
68.833333,27.734418,17.104920,-0.412090,0.612290,0.034846,-0.089326,22.483779,-0.788183,9.726153,12.757626,0.335600,0.398253
68.866667,27.753571,17.097783,-0.415070,0.612135,0.034856,-0.089450,22.479843,-0.788992,9.722630,12.757213,0.335522,0.398245
68.900000,27.772699,17.090590,-0.418054,0.611983,0.034865,-0.089574,22.475998,-0.789788,9.719176,12.756822,0.335446,0.398237
68.933333,27.791800,17.083343,-0.421042,0.611833,0.034873,-0.089696,22.472243,-0.790572,9.715791,12.756452,0.335371,0.398230
68.966667,27.810875,17.076041,-0.424034,0.611685,0.034881,-0.089816,22.468578,-0.791343,9.712475,12.756103,0.335298,0.398223
69.000000,27.829924,17.068685,-0.427029,0.611540,0.034888,-0.089934,22.465003,-0.792103,9.709227,12.755776,0.335226,0.398217
69.033333,27.848947,17.061273,-0.430029,0.611398,0.034894,-0.090052,22.461516,-0.792849,9.706048,12.755469,0.335156,0.398211
69.066667,27.867943,17.053806,-0.433033,0.611258,0.034900,-0.090167,22.458119,-0.793584,9.702936,12.755182,0.335087,0.398206
69.100000,27.886912,17.046285,-0.436040,0.611121,0.034905,-0.090281,22.454809,-0.794306,9.699893,12.754917,0.335020,0.398200
69.133333,27.905855,17.038708,-0.439052,0.610987,0.034910,-0.090394,22.451587,-0.795016,9.696916,12.754671,0.334954,0.398196
69.166667,27.924771,17.031077,-0.442067,0.610855,0.034914,-0.090505,22.448453,-0.795714,9.694007,12.754445,0.334890,0.398191
69.200000,27.943660,17.023390,-0.445085,0.610726,0.034917,-0.090615,22.445404,-0.796399,9.691165,12.754239,0.334827,0.398187
69.233333,27.962521,17.015649,-0.448107,0.610599,0.034921,-0.090723,22.442442,-0.797073,9.688389,12.754053,0.334766,0.398184
69.266667,27.981356,17.007852,-0.451133,0.610474,0.034923,-0.090830,22.439565,-0.797734,9.685680,12.753886,0.334706,0.398180
69.300000,28.000163,17.000000,-0.454163,0.610353,0.034925,-0.090935,22.436773,-0.798382,9.683036,12.753738,0.334647,0.398178
69.333333,28.018943,16.992093,-0.457196,0.610233,0.034927,-0.091038,22.434066,-0.799019,9.680457,12.753608,0.334590,0.398175
69.366667,28.037695,16.984131,-0.460232,0.610117,0.034928,-0.091140,22.431442,-0.799644,9.677944,12.753498,0.334535,0.398173
69.400000,28.056419,16.976113,-0.463272,0.610002,0.034929,-0.091241,22.428901,-0.800256,9.675496,12.753405,0.334481,0.398171
69.433333,28.075116,16.968041,-0.466315,0.609891,0.034929,-0.091340,22.426442,-0.800857,9.673111,12.753331,0.334428,0.398170
69.466667,28.093784,16.959913,-0.469361,0.609781,0.034929,-0.091438,22.424065,-0.801445,9.670791,12.753274,0.334376,0.398169
69.500000,28.112425,16.951730,-0.472411,0.609674,0.034929,-0.091534,22.421770,-0.802022,9.668535,12.753235,0.334327,0.398168
69.533333,28.131037,16.943492,-0.475463,0.609570,0.034928,-0.091629,22.419554,-0.802586,9.666342,12.753212,0.334278,0.398167
69.566667,28.149621,16.935198,-0.478519,0.609468,0.034927,-0.091722,22.417418,-0.803139,9.664211,12.753207,0.334231,0.398167
69.600000,28.168177,16.926849,-0.481578,0.609369,0.034925,-0.091814,22.415362,-0.803679,9.662143,12.753218,0.334185,0.398168
69.633333,28.186704,16.918445,-0.484640,0.609271,0.034924,-0.091905,22.413383,-0.804208,9.660137,12.753246,0.334141,0.398168
69.666667,28.205202,16.909986,-0.487705,0.609177,0.034921,-0.091994,22.411482,-0.804725,9.658193,12.753289,0.334098,0.398169
69.700000,28.223671,16.901471,-0.490773,0.609084,0.034919,-0.092081,22.409658,-0.805230,9.656310,12.753348,0.334056,0.398170
69.733333,28.242112,16.892901,-0.493844,0.608994,0.034916,-0.092167,22.407909,-0.805723,9.654488,12.753422,0.334016,0.398171
69.766667,28.260523,16.884276,-0.496917,0.608907,0.034913,-0.092252,22.406236,-0.806204,9.652725,12.753510,0.333977,0.398173
69.800000,28.278906,16.875596,-0.499994,0.608821,0.034910,-0.092335,22.404637,-0.806674,9.651023,12.753614,0.333939,0.398175
69.833333,28.297259,16.866860,-0.503073,0.608739,0.034906,-0.092417,22.403111,-0.807131,9.649380,12.753731,0.333902,0.398177
69.866667,28.315582,16.858069,-0.506155,0.608658,0.034902,-0.092498,22.401658,-0.807577,9.647796,12.753862,0.333867,0.398180
69.900000,28.333876,16.849222,-0.509240,0.608580,0.034898,-0.092577,22.400277,-0.808012,9.646270,12.754007,0.333834,0.398183
69.933333,28.352140,16.840321,-0.512327,0.608503,0.034894,-0.092654,22.398967,-0.808434,9.644802,12.754165,0.333801,0.398186
69.966667,28.370375,16.831364,-0.515417,0.608430,0.034889,-0.092730,22.397726,-0.808845,9.643392,12.754335,0.333770,0.398189
70.000000,28.388579,16.822352,-0.518509,0.608358,0.034885,-0.092805,22.396555,-0.809245,9.642038,12.754517,0.333740,0.398193
70.033333,28.406754,16.813284,-0.521604,0.608289,0.034880,-0.092879,22.395452,-0.809632,9.640741,12.754711,0.333711,0.398196
70.066667,28.424898,16.804162,-0.524701,0.608221,0.034875,-0.092951,22.394417,-0.810008,9.639500,12.754917,0.333684,0.398200
70.100000,28.443012,16.794984,-0.527800,0.608156,0.034869,-0.093021,22.393448,-0.810373,9.638314,12.755134,0.333657,0.398205
70.133333,28.461095,16.785751,-0.530902,0.608094,0.034864,-0.093090,22.392544,-0.810726,9.637183,12.755361,0.333632,0.398209
70.166667,28.479148,16.776462,-0.534006,0.608033,0.034858,-0.093158,22.391704,-0.811068,9.636106,12.755598,0.333608,0.398214
70.200000,28.497170,16.767119,-0.537113,0.607974,0.034853,-0.093225,22.390928,-0.811398,9.635083,12.755845,0.333586,0.398218
70.233333,28.515161,16.757720,-0.540221,0.607918,0.034847,-0.093290,22.390215,-0.811717,9.634113,12.756101,0.333564,0.398223
70.266667,28.533121,16.748267,-0.543332,0.607864,0.034841,-0.093353,22.389562,-0.812024,9.633196,12.756367,0.333544,0.398229
70.300000,28.551050,16.738758,-0.546445,0.607811,0.034835,-0.093416,22.388971,-0.812320,9.632331,12.756640,0.333525,0.398234
70.333333,28.568948,16.729194,-0.549560,0.607761,0.034829,-0.093477,22.388438,-0.812605,9.631517,12.756921,0.333507,0.398239
70.366667,28.586814,16.719575,-0.552677,0.607713,0.034823,-0.093536,22.387964,-0.812878,9.630754,12.757210,0.333490,0.398245
70.400000,28.604649,16.709902,-0.555795,0.607666,0.034816,-0.093595,22.387547,-0.813141,9.630042,12.757506,0.333474,0.398251
70.433333,28.622452,16.700173,-0.558916,0.607622,0.034810,-0.093651,22.387186,-0.813392,9.629379,12.757808,0.333459,0.398256
70.466667,28.640224,16.690389,-0.562039,0.607580,0.034804,-0.093707,22.386881,-0.813631,9.628765,12.758116,0.333446,0.398262
70.500000,28.657963,16.680550,-0.565163,0.607539,0.034797,-0.093761,22.386629,-0.813860,9.628200,12.758429,0.333433,0.398269
70.533333,28.675670,16.670657,-0.568290,0.607500,0.034791,-0.093814,22.386430,-0.814077,9.627682,12.758748,0.333422,0.398275
70.566667,28.693346,16.660708,-0.571418,0.607464,0.034784,-0.093866,22.386283,-0.814283,9.627212,12.759071,0.333411,0.398281
70.600000,28.710988,16.650705,-0.574547,0.607429,0.034778,-0.093916,22.386186,-0.814478,9.626788,12.759398,0.333402,0.398287
70.633333,28.728599,16.640647,-0.577679,0.607396,0.034771,-0.093965,22.386139,-0.814663,9.626411,12.759728,0.333393,0.398294
70.666667,28.746177,16.630535,-0.580812,0.607365,0.034764,-0.094012,22.386140,-0.814836,9.626078,12.760061,0.333386,0.398300
70.700000,28.763722,16.620367,-0.583946,0.607335,0.034758,-0.094059,22.386188,-0.814998,9.625791,12.760397,0.333380,0.398307
70.733333,28.781234,16.610145,-0.587082,0.607307,0.034751,-0.094104,22.386281,-0.815149,9.625547,12.760735,0.333374,0.398313
70.766667,28.798713,16.599869,-0.590220,0.607281,0.034745,-0.094147,22.386420,-0.815289,9.625346,12.761074,0.333370,0.398320
70.800000,28.816159,16.589538,-0.593359,0.607257,0.034738,-0.094190,22.386602,-0.815418,9.625188,12.761413,0.333366,0.398326
70.833333,28.833572,16.579153,-0.596499,0.607234,0.034731,-0.094231,22.386826,-0.815537,9.625073,12.761753,0.333364,0.398333
70.866667,28.850951,16.568713,-0.599641,0.607213,0.034725,-0.094270,22.387091,-0.815645,9.624998,12.762093,0.333362,0.398340
70.900000,28.868296,16.558218,-0.602784,0.607194,0.034718,-0.094309,22.387396,-0.815742,9.624964,12.762432,0.333361,0.398346
70.933333,28.885608,16.547670,-0.605928,0.607176,0.034712,-0.094346,22.387739,-0.815828,9.624970,12.762769,0.333361,0.398353
70.966667,28.902886,16.537067,-0.609073,0.607159,0.034705,-0.094382,22.388119,-0.815903,9.625015,12.763104,0.333362,0.398359
71.000000,28.920131,16.526410,-0.612220,0.607144,0.034699,-0.094417,22.388535,-0.815968,9.625098,12.763437,0.333364,0.398366
71.033333,28.937341,16.515699,-0.615368,0.607131,0.034692,-0.094450,22.388986,-0.816022,9.625220,12.763766,0.333367,0.398372
71.066667,28.954516,16.504934,-0.618517,0.607119,0.034686,-0.094482,22.389470,-0.816066,9.625378,12.764092,0.333370,0.398378
71.100000,28.971658,16.494115,-0.621666,0.607109,0.034679,-0.094513,22.389986,-0.816099,9.625572,12.764413,0.333375,0.398384
71.133333,28.988764,16.483242,-0.624817,0.607099,0.034673,-0.094542,22.390532,-0.816121,9.625802,12.764730,0.333380,0.398391
71.166667,29.005836,16.472315,-0.627969,0.607092,0.034667,-0.094571,22.391108,-0.816133,9.626067,12.765040,0.333386,0.398397
71.200000,29.022874,16.461334,-0.631122,0.607085,0.034660,-0.094598,22.391711,-0.816135,9.626366,12.765345,0.333392,0.398403
71.233333,29.039876,16.450300,-0.634276,0.607080,0.034654,-0.094623,22.392341,-0.816126,9.626698,12.765643,0.333400,0.398408
71.266667,29.056843,16.439212,-0.637430,0.607076,0.034648,-0.094648,22.392997,-0.816106,9.627063,12.765934,0.333408,0.398414
71.300000,29.073775,16.428070,-0.640586,0.607074,0.034642,-0.094671,22.393676,-0.816077,9.627460,12.766216,0.333417,0.398419
71.333333,29.090671,16.416875,-0.643742,0.607072,0.034636,-0.094693,22.394377,-0.816037,9.627887,12.766490,0.333426,0.398425
71.366667,29.107532,16.405626,-0.646899,0.607072,0.034630,-0.094714,22.395100,-0.815987,9.628345,12.766755,0.333436,0.398430
71.400000,29.124357,16.394324,-0.650056,0.607073,0.034624,-0.094734,22.395842,-0.815926,9.628832,12.767010,0.333447,0.398435
71.433333,29.141146,16.382969,-0.653214,0.607075,0.034618,-0.094752,22.396602,-0.815856,9.629348,12.767254,0.333458,0.398440
71.466667,29.157899,16.371561,-0.656373,0.607078,0.034612,-0.094769,22.397379,-0.815775,9.629891,12.767487,0.333471,0.398444
71.500000,29.174616,16.360099,-0.659532,0.607082,0.034606,-0.094785,22.398171,-0.815684,9.630462,12.767709,0.333483,0.398448
71.533333,29.191297,16.348585,-0.662692,0.607087,0.034600,-0.094800,22.398977,-0.815583,9.631059,12.767918,0.333496,0.398452
71.566667,29.207942,16.337017,-0.665852,0.607093,0.034595,-0.094814,22.399795,-0.815473,9.631681,12.768114,0.333510,0.398456
71.600000,29.224549,16.325397,-0.669013,0.607100,0.034589,-0.094826,22.400624,-0.815352,9.632328,12.768296,0.333525,0.398460
71.633333,29.241120,16.313724,-0.672174,0.607108,0.034583,-0.094837,22.401462,-0.815221,9.632999,12.768464,0.333539,0.398463
71.666667,29.257654,16.301999,-0.675335,0.607116,0.034578,-0.094847,22.402309,-0.815080,9.633692,12.768617,0.333555,0.398466
71.700000,29.274152,16.290221,-0.678497,0.607126,0.034572,-0.094856,22.403162,-0.814930,9.634408,12.768754,0.333571,0.398469
71.733333,29.290611,16.278390,-0.681659,0.607136,0.034566,-0.094863,22.404020,-0.814770,9.635145,12.768875,0.333587,0.398471
71.766667,29.307034,16.266507,-0.684821,0.607147,0.034561,-0.094870,22.404881,-0.814600,9.635903,12.768978,0.333604,0.398473
71.800000,29.323419,16.254572,-0.687983,0.607159,0.034555,-0.094875,22.405744,-0.814420,9.636680,12.769064,0.333621,0.398475
71.833333,29.339767,16.242584,-0.691146,0.607172,0.034549,-0.094879,22.406608,-0.814231,9.637476,12.769132,0.333639,0.398476
71.866667,29.356076,16.230545,-0.694309,0.607185,0.034544,-0.094882,22.407470,-0.814032,9.638290,12.769180,0.333657,0.398477
71.900000,29.372348,16.218454,-0.697472,0.607198,0.034538,-0.094884,22.408330,-0.813823,9.639121,12.769209,0.333675,0.398477
71.933333,29.388582,16.206310,-0.700634,0.607213,0.034532,-0.094884,22.409185,-0.813605,9.639968,12.769217,0.333694,0.398478
71.966667,29.404777,16.194115,-0.703797,0.607227,0.034527,-0.094884,22.410035,-0.813377,9.640830,12.769204,0.333713,0.398477
72.000000,29.420934,16.181869,-0.706960,0.607243,0.034521,-0.094882,22.410877,-0.813140,9.641707,12.769170,0.333732,0.398477
72.033333,29.437053,16.169571,-0.710123,0.607258,0.034515,-0.094879,22.411710,-0.812894,9.642598,12.769113,0.333752,0.398476
72.066667,29.453132,16.157221,-0.713285,0.607274,0.034509,-0.094875,22.412533,-0.812638,9.643501,12.769032,0.333772,0.398474
72.100000,29.469173,16.144820,-0.716448,0.607291,0.034503,-0.094870,22.413344,-0.812373,9.644416,12.768928,0.333792,0.398472
72.133333,29.485175,16.132368,-0.719610,0.607308,0.034498,-0.094863,22.414141,-0.812099,9.645342,12.768799,0.333813,0.398469
72.166667,29.501138,16.119865,-0.722772,0.607325,0.034491,-0.094856,22.414923,-0.811815,9.646278,12.768645,0.333834,0.398466
72.200000,29.517061,16.107311,-0.725933,0.607342,0.034485,-0.094847,22.415689,-0.811523,9.647223,12.768465,0.333855,0.398463
72.233333,29.532945,16.094706,-0.729095,0.607360,0.034479,-0.094838,22.416454,-0.811222,9.648184,12.768270,0.333876,0.398459
72.266667,29.548790,16.082051,-0.732256,0.607377,0.034473,-0.094827,22.417221,-0.810914,9.649160,12.768061,0.333898,0.398455
72.300000,29.564594,16.069345,-0.735417,0.607395,0.034466,-0.094815,22.417990,-0.810599,9.650151,12.767839,0.333919,0.398451
72.333333,29.580359,16.056588,-0.738577,0.607414,0.034460,-0.094802,22.418759,-0.810276,9.651157,12.767603,0.333942,0.398446
72.366667,29.596083,16.043781,-0.741737,0.607432,0.034453,-0.094788,22.419529,-0.809946,9.652177,12.767353,0.333964,0.398441
72.400000,29.611768,16.030924,-0.744896,0.607450,0.034446,-0.094773,22.420300,-0.809608,9.653211,12.767089,0.333987,0.398436
72.433333,29.627411,16.018017,-0.748055,0.607469,0.034439,-0.094757,22.421070,-0.809264,9.654258,12.766812,0.334010,0.398431
72.466667,29.643015,16.005060,-0.751213,0.607488,0.034432,-0.094739,22.421839,-0.808913,9.655318,12.766521,0.334034,0.398425
72.500000,29.658577,15.992053,-0.754371,0.607507,0.034425,-0.094721,22.422606,-0.808554,9.656391,12.766215,0.334058,0.398419
72.533333,29.674099,15.978996,-0.757528,0.607526,0.034418,-0.094702,22.423371,-0.808189,9.657476,12.765896,0.334082,0.398413
72.566667,29.689580,15.965890,-0.760684,0.607546,0.034411,-0.094682,22.424134,-0.807818,9.658572,12.765562,0.334106,0.398407
72.600000,29.705020,15.952735,-0.763840,0.607565,0.034403,-0.094660,22.424894,-0.807439,9.659679,12.765215,0.334130,0.398400
72.633333,29.720418,15.939530,-0.766995,0.607585,0.034395,-0.094638,22.425649,-0.807055,9.660797,12.764853,0.334155,0.398393
72.666667,29.735775,15.926276,-0.770149,0.607605,0.034388,-0.094615,22.426401,-0.806664,9.661924,12.764476,0.334180,0.398386
72.700000,29.751090,15.912973,-0.773303,0.607624,0.034380,-0.094591,22.427147,-0.806266,9.663062,12.764085,0.334205,0.398378
72.733333,29.766364,15.899621,-0.776455,0.607644,0.034372,-0.094565,22.427888,-0.805863,9.664208,12.763680,0.334231,0.398370
72.766667,29.781596,15.886220,-0.779607,0.607664,0.034363,-0.094539,22.428622,-0.805453,9.665363,12.763259,0.334256,0.398362
72.800000,29.796785,15.872771,-0.782758,0.607684,0.034355,-0.094512,22.429350,-0.805038,9.666526,12.762824,0.334282,0.398354
72.833333,29.811933,15.859273,-0.785908,0.607704,0.034347,-0.094484,22.430070,-0.804616,9.667696,12.762374,0.334308,0.398345
72.866667,29.827038,15.845727,-0.789057,0.607724,0.034338,-0.094456,22.430782,-0.804189,9.668873,12.761909,0.334334,0.398336
72.900000,29.842101,15.832133,-0.792205,0.607744,0.034329,-0.094426,22.431485,-0.803756,9.670057,12.761428,0.334360,0.398327
72.933333,29.857121,15.818491,-0.795352,0.607764,0.034321,-0.094395,22.432179,-0.803318,9.671247,12.760932,0.334387,0.398317
72.966667,29.872098,15.804801,-0.798498,0.607784,0.034312,-0.094364,22.432862,-0.802874,9.672442,12.760420,0.334413,0.398307
73.000000,29.887033,15.791063,-0.801643,0.607804,0.034302,-0.094331,22.433535,-0.802425,9.673642,12.759893,0.334440,0.398297
73.033333,29.901924,15.777278,-0.804787,0.607824,0.034293,-0.094298,22.434196,-0.801971,9.674846,12.759350,0.334466,0.398286
73.066667,29.916773,15.763445,-0.807929,0.607844,0.034284,-0.094264,22.434844,-0.801512,9.676054,12.758791,0.334493,0.398276
73.100000,29.931578,15.749565,-0.811071,0.607864,0.034274,-0.094229,22.435480,-0.801047,9.677265,12.758215,0.334520,0.398264
73.133333,29.946339,15.735637,-0.814211,0.607884,0.034264,-0.094194,22.436102,-0.800578,9.678478,12.757624,0.334547,0.398253
73.166667,29.961057,15.721663,-0.817350,0.607904,0.034255,-0.094157,22.436709,-0.800104,9.679694,12.757015,0.334573,0.398241
73.200000,29.975732,15.707642,-0.820488,0.607923,0.034245,-0.094120,22.437302,-0.799625,9.680911,12.756390,0.334600,0.398229
73.233333,29.990362,15.693574,-0.823625,0.607943,0.034234,-0.094082,22.437878,-0.799141,9.682129,12.755749,0.334627,0.398217
73.266667,30.004948,15.679460,-0.826760,0.607962,0.034224,-0.094043,22.438438,-0.798653,9.683348,12.755090,0.334654,0.398204
73.300000,30.019491,15.665299,-0.829895,0.607981,0.034214,-0.094003,22.438980,-0.798160,9.684566,12.754414,0.334681,0.398191
73.333333,30.033989,15.651093,-0.833027,0.608000,0.034203,-0.093963,22.439503,-0.797663,9.685783,12.753720,0.334708,0.398177
73.366667,30.048442,15.636840,-0.836159,0.608019,0.034192,-0.093922,22.440008,-0.797162,9.686999,12.753008,0.334735,0.398163
73.400000,30.062851,15.622541,-0.839289,0.608038,0.034181,-0.093880,22.440492,-0.796657,9.688213,12.752279,0.334762,0.398149
73.433333,30.077216,15.608196,-0.842417,0.608056,0.034170,-0.093838,22.440956,-0.796148,9.689424,12.751532,0.334789,0.398135
73.466667,30.091535,15.593806,-0.845545,0.608074,0.034159,-0.093794,22.441399,-0.795635,9.690633,12.750766,0.334815,0.398120
73.500000,30.105810,15.579371,-0.848670,0.608092,0.034148,-0.093750,22.441819,-0.795118,9.691837,12.749982,0.334842,0.398105
73.533333,30.120039,15.564890,-0.851795,0.608109,0.034136,-0.093706,22.442216,-0.794597,9.693036,12.749179,0.334868,0.398089
73.566667,30.134223,15.550365,-0.854917,0.608127,0.034125,-0.093660,22.442589,-0.794073,9.694231,12.748357,0.334895,0.398073
73.600000,30.148362,15.535794,-0.858039,0.608143,0.034113,-0.093615,22.442937,-0.793545,9.695420,12.747516,0.334921,0.398057
73.633333,30.162456,15.521179,-0.861158,0.608160,0.034101,-0.093568,22.443259,-0.793014,9.696603,12.746656,0.334947,0.398040
73.666667,30.176504,15.506519,-0.864276,0.608176,0.034089,-0.093521,22.443554,-0.792479,9.697779,12.745776,0.334973,0.398023
73.700000,30.190506,15.491814,-0.867393,0.608192,0.034077,-0.093473,22.443822,-0.791941,9.698947,12.744875,0.334999,0.398006
73.733333,30.204462,15.477066,-0.870508,0.608207,0.034064,-0.093424,22.444062,-0.791401,9.700107,12.743955,0.335025,0.397988
73.766667,30.218373,15.462273,-0.873621,0.608222,0.034052,-0.093375,22.444272,-0.790857,9.701258,12.743014,0.335050,0.397970
73.800000,30.232237,15.447437,-0.876733,0.608237,0.034039,-0.093326,22.444452,-0.790310,9.702399,12.742053,0.335075,0.397951
73.833333,30.246055,15.432557,-0.879843,0.608251,0.034026,-0.093275,22.444601,-0.789760,9.703531,12.741071,0.335100,0.397932
73.866667,30.259826,15.417633,-0.882951,0.608264,0.034013,-0.093225,22.444718,-0.789208,9.704651,12.740067,0.335125,0.397913
73.900000,30.273551,15.402666,-0.886058,0.608278,0.034000,-0.093173,22.444802,-0.788653,9.705760,12.739042,0.335150,0.397893
73.933333,30.287230,15.387656,-0.889163,0.608290,0.033987,-0.093121,22.444853,-0.788096,9.706857,12.737995,0.335174,0.397872
73.966667,30.300861,15.372603,-0.892266,0.608302,0.033973,-0.093069,22.444868,-0.787536,9.707942,12.736926,0.335198,0.397852
74.000000,30.314446,15.357507,-0.895368,0.608313,0.033959,-0.093016,22.444847,-0.786974,9.709012,12.735835,0.335221,0.397830
74.033333,30.327984,15.342368,-0.898467,0.608324,0.033946,-0.092962,22.444790,-0.786410,9.710069,12.734721,0.335245,0.397809
74.066667,30.341475,15.327187,-0.901565,0.608334,0.033932,-0.092908,22.444695,-0.785843,9.711111,12.733585,0.335268,0.397787
74.100000,30.354918,15.311964,-0.904661,0.608344,0.033918,-0.092854,22.444562,-0.785275,9.712137,12.732425,0.335291,0.397764
74.133333,30.368314,15.296698,-0.907755,0.608353,0.033904,-0.092799,22.444389,-0.784704,9.713147,12.731241,0.335313,0.397741
74.166667,30.381663,15.281391,-0.910848,0.608361,0.033889,-0.092744,22.444175,-0.784132,9.714141,12.730034,0.335335,0.397718
74.200000,30.394964,15.266042,-0.913938,0.608369,0.033875,-0.092688,22.443919,-0.783559,9.715116,12.728803,0.335356,0.397694
74.233333,30.408217,15.250652,-0.917027,0.608375,0.033860,-0.092631,22.443621,-0.782983,9.716074,12.727548,0.335377,0.397670
74.266667,30.421423,15.235220,-0.920114,0.608381,0.033845,-0.092575,22.443280,-0.782406,9.717012,12.726268,0.335398,0.397645
74.300000,30.434580,15.219747,-0.923198,0.608387,0.033830,-0.092517,22.442893,-0.781828,9.717931,12.724962,0.335418,0.397620
74.333333,30.447690,15.204233,-0.926281,0.608391,0.033815,-0.092460,22.442461,-0.781249,9.718829,12.723632,0.335438,0.397594
74.366667,30.460751,15.188679,-0.929362,0.608395,0.033800,-0.092402,22.441983,-0.780668,9.719707,12.722276,0.335458,0.397567
74.400000,30.473764,15.173084,-0.932442,0.608397,0.033784,-0.092343,22.441456,-0.780086,9.720563,12.720894,0.335477,0.397541
74.433333,30.486728,15.157448,-0.935519,0.608399,0.033769,-0.092285,22.440881,-0.779503,9.721396,12.719485,0.335495,0.397513
74.466667,30.499644,15.141773,-0.938594,0.608400,0.033753,-0.092226,22.440256,-0.778920,9.722206,12.718050,0.335513,0.397485
74.500000,30.512511,15.126057,-0.941667,0.608400,0.033737,-0.092166,22.439580,-0.778335,9.722992,12.716588,0.335530,0.397457
74.533333,30.525330,15.110302,-0.944738,0.608399,0.033721,-0.092106,22.438852,-0.777750,9.723753,12.715099,0.335547,0.397428
74.566667,30.538099,15.094507,-0.947807,0.608397,0.033705,-0.092046,22.438071,-0.777164,9.724489,12.713582,0.335563,0.397399
74.600000,30.550820,15.078673,-0.950875,0.608394,0.033689,-0.091985,22.437236,-0.776578,9.725199,12.712038,0.335579,0.397369
74.633333,30.563491,15.062800,-0.953940,0.608390,0.033672,-0.091925,22.436346,-0.775992,9.725882,12.710465,0.335594,0.397338
74.666667,30.576113,15.046887,-0.957003,0.608385,0.033655,-0.091864,22.435400,-0.775405,9.726537,12.708863,0.335608,0.397307
74.700000,30.588686,15.030936,-0.960064,0.608379,0.033639,-0.091802,22.434396,-0.774818,9.727164,12.707232,0.335622,0.397275
74.733333,30.601209,15.014947,-0.963123,0.608372,0.033622,-0.091740,22.433334,-0.774231,9.727762,12.705572,0.335635,0.397243
74.766667,30.613683,14.998919,-0.966180,0.608364,0.033604,-0.091679,22.432213,-0.773644,9.728330,12.703883,0.335648,0.397210
74.800000,30.626107,14.982853,-0.969235,0.608354,0.033587,-0.091616,22.431030,-0.773057,9.728868,12.702163,0.335660,0.397177
74.833333,30.638482,14.966749,-0.972288,0.608343,0.033570,-0.091554,22.429786,-0.772470,9.729374,12.700413,0.335671,0.397143
74.866667,30.650806,14.950607,-0.975339,0.608331,0.033552,-0.091491,22.428480,-0.771884,9.729848,12.698632,0.335682,0.397108
74.900000,30.663080,14.934428,-0.978387,0.608318,0.033534,-0.091428,22.427109,-0.771298,9.730289,12.696819,0.335691,0.397073
74.933333,30.675305,14.918211,-0.981434,0.608304,0.033517,-0.091365,22.425673,-0.770712,9.730697,12.694976,0.335700,0.397037
74.966667,30.687479,14.901958,-0.984478,0.608288,0.033498,-0.091302,22.424170,-0.770128,9.731070,12.693100,0.335708,0.397001
75.000000,30.699603,14.885667,-0.987521,0.608271,0.033480,-0.091238,22.422601,-0.769544,9.731409,12.691192,0.335716,0.396964
75.033333,30.711676,14.869340,-0.990561,0.608252,0.033462,-0.091175,22.420963,-0.768961,9.731711,12.689252,0.335723,0.396926
75.066667,30.723699,14.852977,-0.993599,0.608232,0.033443,-0.091111,22.419255,-0.768378,9.731976,12.687278,0.335728,0.396888
75.100000,30.735671,14.836577,-0.996635,0.608211,0.033425,-0.091047,22.417476,-0.767797,9.732205,12.685271,0.335734,0.396849
75.133333,30.747592,14.820142,-0.999669,0.608188,0.033406,-0.090983,22.415625,-0.767217,9.732394,12.683231,0.335738,0.396809
75.166667,30.759463,14.803670,-1.002700,0.608164,0.033387,-0.090918,22.413701,-0.766639,9.732545,12.681156,0.335741,0.396769
75.200000,30.771282,14.787164,-1.005730,0.608139,0.033368,-0.090854,22.411703,-0.766061,9.732656,12.679046,0.335743,0.396728
75.233333,30.783051,14.770621,-1.008757,0.608111,0.033348,-0.090790,22.409629,-0.765485,9.732727,12.676902,0.335745,0.396686
75.266667,30.794768,14.754044,-1.011783,0.608082,0.033329,-0.090725,22.407478,-0.764911,9.732756,12.674722,0.335746,0.396644
75.300000,30.806434,14.737432,-1.014806,0.608052,0.033309,-0.090660,22.405249,-0.764338,9.732743,12.672506,0.335745,0.396601
75.333333,30.818049,14.720785,-1.017827,0.608020,0.033289,-0.090596,22.402942,-0.763768,9.732687,12.670255,0.335744,0.396557
75.366667,30.829612,14.704104,-1.020845,0.607986,0.033269,-0.090531,22.400554,-0.763199,9.732587,12.667966,0.335742,0.396512
75.400000,30.841124,14.687388,-1.023862,0.607951,0.033249,-0.090466,22.398084,-0.762631,9.732443,12.665641,0.335739,0.396467
75.433333,30.852584,14.670639,-1.026876,0.607914,0.033229,-0.090401,22.395532,-0.762066,9.732253,12.663278,0.335735,0.396421
75.466667,30.863992,14.653856,-1.029889,0.607875,0.033208,-0.090336,22.392896,-0.761504,9.732018,12.660878,0.335729,0.396374
75.500000,30.875349,14.637039,-1.032899,0.607834,0.033187,-0.090271,22.390174,-0.760943,9.731735,12.658439,0.335723,0.396327
75.533333,30.886653,14.620190,-1.035907,0.607792,0.033166,-0.090206,22.387367,-0.760385,9.731405,12.655962,0.335716,0.396279
75.566667,30.897906,14.603307,-1.038913,0.607748,0.033145,-0.090141,22.384472,-0.759829,9.731025,12.653446,0.335707,0.396230
75.600000,30.909106,14.586391,-1.041916,0.607701,0.033124,-0.090076,22.381488,-0.759276,9.730597,12.650891,0.335698,0.396180
75.633333,30.920254,14.569443,-1.044918,0.607653,0.033103,-0.090011,22.378414,-0.758726,9.730119,12.648295,0.335687,0.396129
75.666667,30.931349,14.552462,-1.047917,0.607603,0.033081,-0.089946,22.375248,-0.758178,9.729589,12.645659,0.335676,0.396078
75.700000,30.942393,14.535450,-1.050914,0.607551,0.033059,-0.089881,22.371991,-0.757634,9.729008,12.642983,0.335663,0.396026
75.733333,30.953383,14.518405,-1.053909,0.607498,0.033037,-0.089817,22.368639,-0.757092,9.728374,12.640266,0.335649,0.395973
75.766667,30.964321,14.501329,-1.056902,0.607442,0.033015,-0.089752,22.365193,-0.756553,9.727686,12.637507,0.335634,0.395919
75.800000,30.975207,14.484222,-1.059892,0.607384,0.032993,-0.089687,22.361650,-0.756018,9.726944,12.634706,0.335617,0.395865
75.833333,30.986039,14.467083,-1.062881,0.607323,0.032970,-0.089623,22.358019,-0.755485,9.726154,12.631865,0.335600,0.395810
75.866667,30.996819,14.449914,-1.065867,0.607261,0.032948,-0.089558,22.354304,-0.754954,9.725317,12.628986,0.335582,0.395753
75.900000,31.007546,14.432714,-1.068852,0.607197,0.032925,-0.089494,22.350504,-0.754425,9.724435,12.626069,0.335562,0.395697
75.933333,31.018219,14.415483,-1.071834,0.607130,0.032902,-0.089430,22.346620,-0.753898,9.723506,12.623113,0.335542,0.395639
75.966667,31.028840,14.398223,-1.074813,0.607062,0.032878,-0.089365,22.342650,-0.753373,9.722532,12.620119,0.335520,0.395581
76.000000,31.039407,14.380932,-1.077791,0.606991,0.032855,-0.089301,22.338595,-0.752850,9.721510,12.617085,0.335497,0.395522
76.033333,31.049921,14.363612,-1.080767,0.606918,0.032832,-0.089238,22.334454,-0.752329,9.720441,12.614012,0.335474,0.395462
76.066667,31.060381,14.346263,-1.083740,0.606843,0.032808,-0.089174,22.330225,-0.751810,9.719325,12.610900,0.335449,0.395401
76.100000,31.070788,14.328884,-1.086712,0.606766,0.032784,-0.089110,22.325910,-0.751293,9.718161,12.607748,0.335424,0.395340
76.133333,31.081142,14.311477,-1.089681,0.606687,0.032760,-0.089047,22.321506,-0.750778,9.716949,12.604557,0.335397,0.395277
76.166667,31.091441,14.294041,-1.092648,0.606605,0.032736,-0.088983,22.317014,-0.750265,9.715689,12.601325,0.335369,0.395214
76.200000,31.101687,14.276576,-1.095613,0.606521,0.032712,-0.088920,22.312433,-0.749755,9.714380,12.598053,0.335340,0.395151
76.233333,31.111879,14.259084,-1.098576,0.606435,0.032688,-0.088857,22.307762,-0.749247,9.713022,12.594741,0.335310,0.395086
76.266667,31.122018,14.241563,-1.101537,0.606347,0.032663,-0.088794,22.303001,-0.748741,9.711614,12.591387,0.335279,0.395020
76.300000,31.132102,14.224015,-1.104496,0.606257,0.032639,-0.088731,22.298150,-0.748237,9.710157,12.587993,0.335247,0.394954
76.333333,31.142132,14.206439,-1.107452,0.606164,0.032614,-0.088668,22.293207,-0.747736,9.708649,12.584558,0.335213,0.394887
76.366667,31.152108,14.188837,-1.110407,0.606069,0.032590,-0.088606,22.288172,-0.747237,9.707091,12.581081,0.335179,0.394819
76.400000,31.162030,14.171207,-1.113360,0.605971,0.032565,-0.088543,22.283045,-0.746741,9.705483,12.577562,0.335144,0.394751
76.433333,31.171898,14.153551,-1.116310,0.605872,0.032540,-0.088481,22.277824,-0.746247,9.703823,12.574002,0.335107,0.394681
76.466667,31.181711,14.135868,-1.119258,0.605770,0.032516,-0.088419,22.272510,-0.745755,9.702111,12.570399,0.335069,0.394611
76.500000,31.191470,14.118160,-1.122205,0.605666,0.032491,-0.088357,22.267101,-0.745265,9.700348,12.566753,0.335030,0.394540
76.533333,31.201175,14.100425,-1.125149,0.605559,0.032466,-0.088295,22.261597,-0.744779,9.698532,12.563065,0.334990,0.394468
76.566667,31.210825,14.082665,-1.128091,0.605450,0.032441,-0.088234,22.255998,-0.744294,9.696663,12.559334,0.334949,0.394395
76.600000,31.220420,14.064880,-1.131031,0.605339,0.032416,-0.088172,22.250302,-0.743813,9.694742,12.555560,0.334906,0.394321
76.633333,31.229961,14.047069,-1.133969,0.605225,0.032391,-0.088111,22.244509,-0.743333,9.692767,12.551742,0.334862,0.394246
76.666667,31.239447,14.029234,-1.136905,0.605109,0.032367,-0.088050,22.238618,-0.742857,9.690738,12.547880,0.334818,0.394171
76.700000,31.248878,14.011374,-1.139839,0.604990,0.032342,-0.087990,22.232629,-0.742383,9.688655,12.543974,0.334772,0.394095
76.733333,31.258254,13.993490,-1.142771,0.604869,0.032317,-0.087929,22.226541,-0.741912,9.686517,12.540024,0.334724,0.394017
76.766667,31.267576,13.975581,-1.145701,0.604746,0.032292,-0.087869,22.220353,-0.741443,9.684325,12.536029,0.334676,0.393939
76.800000,31.276842,13.957649,-1.148629,0.604620,0.032267,-0.087808,22.214065,-0.740977,9.682077,12.531989,0.334626,0.393860
76.833333,31.286054,13.939694,-1.151555,0.604492,0.032242,-0.087749,22.207676,-0.740514,9.679773,12.527903,0.334575,0.393780
76.866667,31.295210,13.921715,-1.154479,0.604361,0.032218,-0.087689,22.201185,-0.740054,9.677412,12.523772,0.334523,0.393699
76.900000,31.304311,13.903713,-1.157401,0.604228,0.032193,-0.087629,22.194591,-0.739596,9.674995,12.519596,0.334469,0.393618
76.933333,31.313358,13.885689,-1.160321,0.604092,0.032168,-0.087570,22.187894,-0.739141,9.672521,12.515373,0.334415,0.393535
76.966667,31.322349,13.867642,-1.163239,0.603953,0.032144,-0.087511,22.181093,-0.738689,9.669990,12.511103,0.334359,0.393452
77.000000,31.331284,13.849572,-1.166155,0.603812,0.032119,-0.087452,22.174187,-0.738240,9.667401,12.506787,0.334301,0.393367
77.033333,31.340164,13.831481,-1.169069,0.603669,0.032095,-0.087394,22.167176,-0.737794,9.664753,12.502423,0.334243,0.393282
77.066667,31.348989,13.813369,-1.171981,0.603522,0.032070,-0.087335,22.160059,-0.737351,9.662046,12.498012,0.334183,0.393195
77.100000,31.357759,13.795234,-1.174891,0.603374,0.032046,-0.087277,22.152834,-0.736911,9.659280,12.493554,0.334122,0.393108
77.133333,31.366473,13.777079,-1.177800,0.603222,0.032022,-0.087219,22.145502,-0.736474,9.656455,12.489047,0.334059,0.393020
77.166667,31.375132,13.758903,-1.180706,0.603068,0.031998,-0.087162,22.138061,-0.736040,9.653569,12.484492,0.333995,0.392930
77.200000,31.383735,13.740706,-1.183610,0.602911,0.031974,-0.087104,22.130511,-0.735609,9.650623,12.479887,0.333930,0.392840
77.233333,31.392282,13.722489,-1.186513,0.602752,0.031950,-0.087047,22.122850,-0.735181,9.647616,12.475234,0.333863,0.392749
77.266667,31.400774,13.704252,-1.189414,0.602590,0.031926,-0.086990,22.115079,-0.734756,9.644548,12.470532,0.333795,0.392657
77.300000,31.409210,13.685995,-1.192312,0.602425,0.031903,-0.086934,22.107196,-0.734334,9.641417,12.465779,0.333726,0.392564
77.333333,31.417590,13.667719,-1.195209,0.602257,0.031880,-0.086877,22.099201,-0.733916,9.638224,12.460977,0.333655,0.392469
77.366667,31.425915,13.649423,-1.198104,0.602087,0.031856,-0.086821,22.091092,-0.733500,9.634969,12.456124,0.333583,0.392374
77.400000,31.434184,13.631109,-1.200997,0.601914,0.031833,-0.086766,22.082869,-0.733088,9.631650,12.451220,0.333510,0.392278
77.433333,31.442397,13.612775,-1.203888,0.601738,0.031810,-0.086710,22.074531,-0.732679,9.628267,12.446265,0.333435,0.392181
77.466667,31.450554,13.594424,-1.206778,0.601559,0.031788,-0.086655,22.066078,-0.732274,9.624820,12.441258,0.333358,0.392082
77.500000,31.458656,13.576054,-1.209665,0.601377,0.031765,-0.086600,22.057507,-0.731872,9.621308,12.436199,0.333280,0.391983
77.533333,31.466701,13.557666,-1.212551,0.601193,0.031743,-0.086545,22.048819,-0.731473,9.617731,12.431088,0.333201,0.391883
77.566667,31.474691,13.539261,-1.215435,0.601006,0.031721,-0.086491,22.040013,-0.731077,9.614088,12.425925,0.333120,0.391781
77.600000,31.482624,13.520838,-1.218317,0.600815,0.031699,-0.086437,22.031088,-0.730685,9.610380,12.420708,0.333038,0.391679
77.633333,31.490502,13.502399,-1.221198,0.600622,0.031677,-0.086383,22.022042,-0.730297,9.606604,12.415438,0.332954,0.391575
77.666667,31.498323,13.483942,-1.224076,0.600426,0.031656,-0.086330,22.012876,-0.729912,9.602761,12.410114,0.332869,0.391471
77.700000,31.506089,13.465470,-1.226953,0.600227,0.031634,-0.086277,22.003587,-0.729530,9.598851,12.404736,0.332782,0.391365
77.733333,31.513798,13.446981,-1.229828,0.600025,0.031613,-0.086224,21.994176,-0.729152,9.594873,12.399304,0.332694,0.391258
77.766667,31.521452,13.428476,-1.232701,0.599820,0.031593,-0.086172,21.984642,-0.728778,9.590825,12.393816,0.332604,0.391150
77.800000,31.529049,13.409955,-1.235573,0.599611,0.031572,-0.086120,21.974982,-0.728407,9.586709,12.388273,0.332512,0.391041
77.833333,31.536590,13.391419,-1.238443,0.599400,0.031552,-0.086068,21.965198,-0.728039,9.582523,12.382675,0.332419,0.390931
77.866667,31.544075,13.372868,-1.241311,0.599186,0.031532,-0.086017,21.955287,-0.727676,9.578267,12.377020,0.332325,0.390820
77.900000,31.551504,13.354302,-1.244177,0.598969,0.031512,-0.085965,21.945249,-0.727316,9.573940,12.371309,0.332228,0.390707
77.933333,31.558876,13.335722,-1.247042,0.598748,0.031493,-0.085915,21.935082,-0.726960,9.569542,12.365541,0.332131,0.390594
77.966667,31.566193,13.317128,-1.249905,0.598524,0.031473,-0.085864,21.924787,-0.726607,9.565072,12.359715,0.332031,0.390479
78.000000,31.573453,13.298519,-1.252766,0.598298,0.031454,-0.085814,21.914362,-0.726258,9.560530,12.353832,0.331930,0.390363
78.033333,31.580657,13.279897,-1.255626,0.598068,0.031436,-0.085764,21.903805,-0.725914,9.555915,12.347890,0.331828,0.390246
78.066667,31.587804,13.261262,-1.258484,0.597834,0.031417,-0.085715,21.893117,-0.725573,9.551227,12.341890,0.331723,0.390128
78.100000,31.594896,13.242613,-1.261340,0.597598,0.031399,-0.085666,21.882296,-0.725235,9.546464,12.335831,0.331617,0.390009
78.133333,31.601931,13.223952,-1.264195,0.597358,0.031382,-0.085618,21.871341,-0.724902,9.541628,12.329713,0.331510,0.389888
78.166667,31.608910,13.205278,-1.267048,0.597115,0.031364,-0.085569,21.860251,-0.724573,9.536716,12.323534,0.331400,0.389766
78.200000,31.615833,13.186592,-1.269899,0.596869,0.031347,-0.085521,21.849025,-0.724247,9.531729,12.317296,0.331289,0.389643
78.233333,31.622699,13.167894,-1.272749,0.596619,0.031331,-0.085474,21.837663,-0.723926,9.526666,12.310997,0.331177,0.389519
78.266667,31.629510,13.149184,-1.275598,0.596366,0.031314,-0.085427,21.826163,-0.723609,9.521526,12.304636,0.331062,0.389393
78.300000,31.636263,13.130463,-1.278444,0.596110,0.031298,-0.085380,21.814524,-0.723295,9.516309,12.298214,0.330946,0.389266
78.333333,31.642961,13.111731,-1.281290,0.595850,0.031282,-0.085334,21.802745,-0.722986,9.511015,12.291731,0.330828,0.389138
78.366667,31.649602,13.092989,-1.284133,0.595587,0.031267,-0.085288,21.790826,-0.722681,9.505642,12.285184,0.330708,0.389009
78.400000,31.656187,13.074235,-1.286975,0.595320,0.031252,-0.085242,21.778765,-0.722380,9.500190,12.278575,0.330586,0.388878
78.433333,31.662716,13.055472,-1.289816,0.595050,0.031238,-0.085197,21.766562,-0.722083,9.494659,12.271903,0.330463,0.388747
78.466667,31.669189,13.036699,-1.292655,0.594777,0.031223,-0.085152,21.754215,-0.721791,9.489048,12.265166,0.330338,0.388613
78.500000,31.675605,13.017916,-1.295493,0.594500,0.031209,-0.085108,21.741722,-0.721502,9.483356,12.258366,0.330211,0.388479
78.533333,31.681965,12.999124,-1.298329,0.594219,0.031196,-0.085064,21.729085,-0.721218,9.477584,12.251501,0.330082,0.388343
78.566667,31.688268,12.980322,-1.301164,0.593935,0.031183,-0.085021,21.716300,-0.720939,9.471729,12.244571,0.329951,0.388206
78.600000,31.694516,12.961512,-1.303997,0.593647,0.031170,-0.084978,21.703368,-0.720663,9.465792,12.237575,0.329819,0.388068
78.633333,31.700707,12.942694,-1.306829,0.593355,0.031158,-0.084935,21.690286,-0.720393,9.459773,12.230513,0.329684,0.387928
78.666667,31.706842,12.923868,-1.309659,0.593060,0.031146,-0.084893,21.677055,-0.720126,9.453670,12.223385,0.329548,0.387787
78.700000,31.712921,12.905033,-1.312489,0.592761,0.031134,-0.084851,21.663673,-0.719864,9.447483,12.216190,0.329409,0.387644
78.733333,31.718943,12.886192,-1.315316,0.592459,0.031123,-0.084810,21.650138,-0.719606,9.441211,12.208927,0.329269,0.387500
78.766667,31.724910,12.867343,-1.318143,0.592152,0.031112,-0.084769,21.636451,-0.719353,9.434854,12.201597,0.329127,0.387355
78.800000,31.730820,12.848487,-1.320967,0.591842,0.031102,-0.084728,21.622609,-0.719105,9.428411,12.194198,0.328983,0.387208
78.833333,31.736674,12.829624,-1.323791,0.591528,0.031092,-0.084688,21.608612,-0.718861,9.421882,12.186730,0.328837,0.387060
78.866667,31.742472,12.810755,-1.326613,0.591211,0.031083,-0.084649,21.594459,-0.718621,9.415266,12.179194,0.328689,0.386911
78.900000,31.748213,12.791880,-1.329434,0.590889,0.031074,-0.084610,21.580149,-0.718387,9.408562,12.171587,0.328538,0.386760
78.933333,31.753899,12.773000,-1.332254,0.590564,0.031065,-0.084571,21.565680,-0.718156,9.401770,12.163910,0.328386,0.386607
78.966667,31.759529,12.754114,-1.335072,0.590235,0.031057,-0.084533,21.551051,-0.717931,9.394889,12.156162,0.328232,0.386453
79.000000,31.765102,12.735223,-1.337890,0.589901,0.031049,-0.084495,21.536262,-0.717711,9.387918,12.148344,0.328076,0.386298
79.033333,31.770619,12.716327,-1.340705,0.589564,0.031042,-0.084458,21.521311,-0.717495,9.380858,12.140453,0.327918,0.386141
79.066667,31.776081,12.697426,-1.343520,0.589223,0.031035,-0.084421,21.506197,-0.717284,9.373706,12.132490,0.327757,0.385983
79.100000,31.781486,12.678522,-1.346333,0.588878,0.031028,-0.084385,21.490919,-0.717078,9.366464,12.124455,0.327595,0.385823
79.133333,31.786836,12.659613,-1.349146,0.588529,0.031022,-0.084349,21.475476,-0.716876,9.359129,12.116347,0.327430,0.385662
79.166667,31.792129,12.640701,-1.351957,0.588176,0.031017,-0.084314,21.459867,-0.716680,9.351702,12.108164,0.327263,0.385499
79.200000,31.797367,12.621786,-1.354767,0.587818,0.031012,-0.084279,21.444090,-0.716489,9.344182,12.099908,0.327094,0.385335
79.233333,31.802549,12.602867,-1.357575,0.587457,0.031007,-0.084245,21.428145,-0.716302,9.336568,12.091577,0.326923,0.385169
79.266667,31.807675,12.583946,-1.360383,0.587091,0.031003,-0.084211,21.412030,-0.716121,9.328859,12.083171,0.326750,0.385002
79.300000,31.812745,12.565023,-1.363189,0.586721,0.030999,-0.084177,21.395745,-0.715945,9.321055,12.074689,0.326574,0.384833
79.333333,31.817759,12.546097,-1.365995,0.586347,0.030996,-0.084145,21.379287,-0.715774,9.313156,12.066131,0.326397,0.384662
79.366667,31.822718,12.527170,-1.368799,0.585969,0.030993,-0.084112,21.362657,-0.715608,9.305160,12.057497,0.326217,0.384490
79.400000,31.827621,12.508242,-1.371602,0.585587,0.030991,-0.084081,21.345852,-0.715447,9.297067,12.048785,0.326035,0.384316
79.433333,31.832468,12.489312,-1.374404,0.585200,0.030989,-0.084049,21.328885,-0.715291,9.288883,12.040001,0.325850,0.384141
79.466667,31.837260,12.470382,-1.377206,0.584809,0.030988,-0.084019,21.311780,-0.715138,9.280624,12.031156,0.325664,0.383964
79.500000,31.841996,12.451451,-1.380006,0.584413,0.030987,-0.083988,21.294540,-0.714990,9.272290,12.022250,0.325476,0.383786
79.533333,31.846677,12.432519,-1.382805,0.584014,0.030986,-0.083959,21.277165,-0.714845,9.263881,12.013284,0.325287,0.383607
79.566667,31.851302,12.413588,-1.385603,0.583610,0.030986,-0.083930,21.259656,-0.714703,9.255398,12.004258,0.325096,0.383427
79.600000,31.855871,12.394658,-1.388400,0.583202,0.030986,-0.083901,21.242016,-0.714566,9.246843,11.995173,0.324902,0.383245
79.633333,31.860386,12.375728,-1.391196,0.582790,0.030987,-0.083873,21.224244,-0.714432,9.238214,11.986030,0.324708,0.383063
79.666667,31.864844,12.356799,-1.393992,0.582374,0.030987,-0.083845,21.206343,-0.714302,9.229514,11.976829,0.324511,0.382879
79.700000,31.869248,12.337872,-1.396786,0.581954,0.030989,-0.083818,21.188313,-0.714175,9.220743,11.967571,0.324313,0.382693
79.733333,31.873596,12.318946,-1.399579,0.581530,0.030990,-0.083791,21.170156,-0.714052,9.211900,11.958256,0.324113,0.382507
79.766667,31.877889,12.300022,-1.402372,0.581102,0.030992,-0.083765,21.151872,-0.713933,9.202988,11.948884,0.323912,0.382319
79.800000,31.882127,12.281100,-1.405164,0.580669,0.030994,-0.083739,21.133463,-0.713817,9.194006,11.939457,0.323709,0.382130
79.833333,31.886310,12.262181,-1.407955,0.580233,0.030996,-0.083714,21.114931,-0.713705,9.184955,11.929975,0.323504,0.381940
79.866667,31.890437,12.243265,-1.410745,0.579793,0.030998,-0.083689,21.096275,-0.713597,9.175836,11.920439,0.323297,0.381749
79.900000,31.894510,12.224352,-1.413534,0.579350,0.031001,-0.083665,21.077498,-0.713492,9.166650,11.910848,0.323089,0.381557
79.933333,31.898528,12.205442,-1.416322,0.578902,0.031004,-0.083641,21.058601,-0.713390,9.157396,11.901205,0.322880,0.381363
79.966667,31.902490,12.186536,-1.419110,0.578450,0.031007,-0.083618,21.039585,-0.713292,9.148077,11.891508,0.322668,0.381168
80.000000,31.906398,12.167634,-1.421897,0.577995,0.031010,-0.083595,21.020450,-0.713198,9.138691,11.881759,0.322455,0.380973
80.033333,31.910251,12.148736,-1.424683,0.577536,0.031013,-0.083572,21.001199,-0.713107,9.129241,11.871959,0.322241,0.380776
80.066667,31.914049,12.129843,-1.427468,0.577073,0.031016,-0.083550,20.981833,-0.713019,9.119726,11.862107,0.322025,0.380578
80.100000,31.917793,12.110955,-1.430253,0.576607,0.031020,-0.083529,20.962352,-0.712935,9.110147,11.852205,0.321808,0.380379
80.133333,31.921482,12.092071,-1.433037,0.576137,0.031023,-0.083508,20.942758,-0.712854,9.100505,11.842253,0.321588,0.380178
80.166667,31.925116,12.073194,-1.435820,0.575663,0.031027,-0.083487,20.923052,-0.712777,9.090801,11.832251,0.321368,0.379977
80.200000,31.928696,12.054321,-1.438603,0.575186,0.031031,-0.083467,20.903235,-0.712703,9.081034,11.822201,0.321146,0.379775
80.233333,31.932221,12.035455,-1.441385,0.574705,0.031034,-0.083447,20.883309,-0.712633,9.071207,11.812102,0.320922,0.379571
80.266667,31.935692,12.016595,-1.444166,0.574221,0.031038,-0.083428,20.863274,-0.712566,9.061319,11.801955,0.320697,0.379367
80.300000,31.939108,11.997742,-1.446947,0.573733,0.031042,-0.083409,20.843133,-0.712502,9.051371,11.791762,0.320471,0.379161
80.333333,31.942471,11.978895,-1.449727,0.573241,0.031046,-0.083391,20.822885,-0.712441,9.041364,11.781521,0.320243,0.378955
80.366667,31.945778,11.960055,-1.452506,0.572747,0.031050,-0.083373,20.802533,-0.712384,9.031298,11.771235,0.320013,0.378747
80.400000,31.949032,11.941223,-1.455285,0.572249,0.031053,-0.083355,20.782077,-0.712330,9.021174,11.760903,0.319782,0.378539
80.433333,31.952232,11.922398,-1.458063,0.571747,0.031057,-0.083338,20.761519,-0.712279,9.010992,11.750527,0.319550,0.378329
80.466667,31.955377,11.903582,-1.460841,0.571242,0.031061,-0.083321,20.740860,-0.712231,9.000754,11.740106,0.319316,0.378119
80.500000,31.958469,11.884773,-1.463618,0.570734,0.031064,-0.083305,20.720101,-0.712187,8.990460,11.729641,0.319081,0.377907
80.533333,31.961507,11.865973,-1.466394,0.570223,0.031068,-0.083289,20.699244,-0.712146,8.980111,11.719133,0.318845,0.377695
80.566667,31.964491,11.847181,-1.469170,0.569708,0.031071,-0.083273,20.678289,-0.712108,8.969707,11.708582,0.318607,0.377481
80.600000,31.967421,11.828398,-1.471946,0.569191,0.031075,-0.083258,20.657237,-0.712073,8.959248,11.697989,0.318368,0.377267
80.633333,31.970297,11.809625,-1.474721,0.568670,0.031078,-0.083243,20.636091,-0.712041,8.948737,11.687355,0.318127,0.377052
80.666667,31.973120,11.790861,-1.477495,0.568146,0.031081,-0.083229,20.614851,-0.712012,8.938172,11.676679,0.317885,0.376835
80.700000,31.975889,11.772106,-1.480269,0.567619,0.031085,-0.083215,20.593519,-0.711986,8.927555,11.665963,0.317642,0.376618
80.733333,31.978605,11.753362,-1.483043,0.567089,0.031088,-0.083201,20.572095,-0.711963,8.916887,11.655207,0.317398,0.376400
80.766667,31.981267,11.734628,-1.485816,0.566555,0.031091,-0.083188,20.550580,-0.711943,8.906168,11.644412,0.317152,0.376181
80.800000,31.983876,11.715904,-1.488589,0.566019,0.031093,-0.083175,20.528977,-0.711927,8.895399,11.633578,0.316905,0.375961
80.833333,31.986431,11.697191,-1.491361,0.565480,0.031096,-0.083163,20.507286,-0.711913,8.884580,11.622706,0.316657,0.375741
80.866667,31.988934,11.678489,-1.494133,0.564938,0.031098,-0.083151,20.485508,-0.711902,8.873713,11.611796,0.316407,0.375519
80.900000,31.991383,11.659798,-1.496905,0.564393,0.031101,-0.083139,20.463645,-0.711894,8.862797,11.600849,0.316156,0.375297
80.933333,31.993779,11.641118,-1.499676,0.563845,0.031103,-0.083128,20.441698,-0.711888,8.851833,11.589865,0.315904,0.375073
80.966667,31.996122,11.622450,-1.502446,0.563295,0.031105,-0.083117,20.419668,-0.711886,8.840823,11.578845,0.315651,0.374849
81.000000,31.998413,11.603795,-1.505217,0.562741,0.031107,-0.083106,20.397556,-0.711886,8.829766,11.567790,0.315396,0.374624
81.033333,32.000650,11.585151,-1.507987,0.562185,0.031108,-0.083096,20.375363,-0.711889,8.818664,11.556700,0.315141,0.374398
81.066667,32.002835,11.566520,-1.510757,0.561626,0.031110,-0.083086,20.353091,-0.711895,8.807516,11.545575,0.314884,0.374172
81.100000,32.004967,11.547901,-1.513526,0.561064,0.031111,-0.083076,20.330741,-0.711904,8.796325,11.534417,0.314626,0.373944
81.133333,32.007047,11.529296,-1.516295,0.560500,0.031112,-0.083067,20.308314,-0.711915,8.785089,11.523225,0.314367,0.373716
81.166667,32.009074,11.510703,-1.519064,0.559933,0.031113,-0.083058,20.285811,-0.711929,8.773811,11.512000,0.314107,0.373487
81.200000,32.011049,11.492124,-1.521832,0.559364,0.031114,-0.083050,20.263233,-0.711946,8.762490,11.500743,0.313845,0.373257
81.233333,32.012971,11.473558,-1.524600,0.558792,0.031114,-0.083042,20.240581,-0.711965,8.751127,11.489454,0.313583,0.373027
81.266667,32.014841,11.455007,-1.527368,0.558217,0.031114,-0.083034,20.217858,-0.711987,8.739724,11.478134,0.313319,0.372796
81.300000,32.016659,11.436469,-1.530136,0.557640,0.031114,-0.083026,20.195063,-0.712011,8.728280,11.466783,0.313055,0.372564
81.333333,32.018425,11.417946,-1.532903,0.557061,0.031114,-0.083019,20.172198,-0.712038,8.716796,11.455402,0.312789,0.372331
81.366667,32.020139,11.399437,-1.535671,0.556479,0.031114,-0.083012,20.149264,-0.712067,8.705273,11.443992,0.312522,0.372098
81.400000,32.021801,11.380943,-1.538437,0.555894,0.031113,-0.083005,20.126263,-0.712099,8.693711,11.432552,0.312254,0.371864
81.433333,32.023411,11.362464,-1.541204,0.555307,0.031112,-0.082999,20.103195,-0.712133,8.682112,11.421083,0.311986,0.371629
81.466667,32.024969,11.344000,-1.543971,0.554718,0.031111,-0.082993,20.080062,-0.712169,8.670475,11.409587,0.311716,0.371393
81.500000,32.026476,11.325552,-1.546737,0.554127,0.031110,-0.082988,20.056865,-0.712208,8.658802,11.398063,0.311445,0.371157
81.533333,32.027931,11.307119,-1.549503,0.553533,0.031109,-0.082982,20.033604,-0.712249,8.647092,11.386512,0.311173,0.370920
81.566667,32.029335,11.288702,-1.552269,0.552938,0.031107,-0.082977,20.010282,-0.712292,8.635348,11.374934,0.310900,0.370683
81.600000,32.030688,11.270301,-1.555035,0.552339,0.031105,-0.082972,19.986899,-0.712338,8.623569,11.363331,0.310627,0.370444
81.633333,32.031989,11.251917,-1.557801,0.551739,0.031103,-0.082968,19.963457,-0.712386,8.611755,11.351701,0.310352,0.370206
81.666667,32.033239,11.233549,-1.560566,0.551137,0.031100,-0.082964,19.939956,-0.712436,8.599909,11.340047,0.310076,0.369966
81.700000,32.034438,11.215198,-1.563332,0.550532,0.031098,-0.082960,19.916397,-0.712488,8.588029,11.328368,0.309800,0.369726
81.733333,32.035586,11.196863,-1.566097,0.549926,0.031095,-0.082956,19.892783,-0.712542,8.576117,11.316665,0.309522,0.369485
81.766667,32.036683,11.178546,-1.568862,0.549317,0.031092,-0.082953,19.869113,-0.712599,8.564174,11.304939,0.309244,0.369244
81.800000,32.037730,11.160246,-1.571627,0.548707,0.031089,-0.082950,19.845389,-0.712657,8.552200,11.293189,0.308965,0.369002
81.833333,32.038726,11.141964,-1.574392,0.548094,0.031085,-0.082947,19.821613,-0.712718,8.540196,11.281417,0.308684,0.368760
81.866667,32.039671,11.123700,-1.577157,0.547479,0.031082,-0.082945,19.797785,-0.712780,8.528162,11.269623,0.308403,0.368517
81.900000,32.040566,11.105453,-1.579922,0.546863,0.031078,-0.082942,19.773906,-0.712844,8.516098,11.257807,0.308122,0.368273
81.933333,32.041410,11.087225,-1.582686,0.546245,0.031074,-0.082940,19.749978,-0.712911,8.504007,11.245971,0.307839,0.368029
81.966667,32.042204,11.069015,-1.585451,0.545624,0.031069,-0.082939,19.726001,-0.712979,8.491888,11.234113,0.307556,0.367784
82.000000,32.042948,11.050823,-1.588216,0.545002,0.031065,-0.082937,19.701977,-0.713049,8.479741,11.222236,0.307271,0.367539
82.033333,32.043642,11.032651,-1.590980,0.544379,0.031060,-0.082936,19.677906,-0.713120,8.467568,11.210338,0.306986,0.367293
82.066667,32.044286,11.014497,-1.593745,0.543753,0.031055,-0.082935,19.653791,-0.713194,8.455369,11.198422,0.306700,0.367047
82.100000,32.044880,10.996363,-1.596509,0.543126,0.031050,-0.082934,19.629631,-0.713269,8.443145,11.186486,0.306414,0.366800
82.133333,32.045424,10.978248,-1.599274,0.542497,0.031045,-0.082934,19.605429,-0.713346,8.430896,11.174533,0.306126,0.366552
82.166667,32.045919,10.960152,-1.602038,0.541866,0.031040,-0.082934,19.581184,-0.713424,8.418623,11.162562,0.305838,0.366305
82.200000,32.046364,10.942076,-1.604803,0.541234,0.031034,-0.082933,19.556899,-0.713504,8.406326,11.150573,0.305549,0.366056
82.233333,32.046760,10.924020,-1.607567,0.540600,0.031029,-0.082934,19.532573,-0.713586,8.394006,11.138567,0.305260,0.365807
82.266667,32.047107,10.905985,-1.610332,0.539964,0.031023,-0.082934,19.508209,-0.713669,8.381664,11.126545,0.304970,0.365558
82.300000,32.047404,10.887969,-1.613096,0.539327,0.031017,-0.082935,19.483807,-0.713754,8.369300,11.114507,0.304679,0.365308
82.333333,32.047652,10.869974,-1.615861,0.538689,0.031010,-0.082936,19.459369,-0.713840,8.356916,11.102453,0.304387,0.365058
82.366667,32.047851,10.852000,-1.618625,0.538049,0.031004,-0.082937,19.434895,-0.713927,8.344510,11.090384,0.304095,0.364808
82.400000,32.048002,10.834047,-1.621390,0.537407,0.030998,-0.082938,19.410386,-0.714016,8.332085,11.078301,0.303802,0.364557
82.433333,32.048103,10.816114,-1.624154,0.536764,0.030991,-0.082940,19.385843,-0.714106,8.319640,11.066203,0.303509,0.364305
82.466667,32.048156,10.798203,-1.626919,0.536120,0.030985,-0.082941,19.361268,-0.714198,8.307176,11.054092,0.303214,0.364053
82.500000,32.048161,10.780313,-1.629684,0.535474,0.030978,-0.082943,19.336661,-0.714291,8.294695,11.041967,0.302920,0.363801
82.533333,32.048117,10.762445,-1.632449,0.534827,0.030971,-0.082945,19.312024,-0.714385,8.282195,11.029829,0.302624,0.363548
82.566667,32.048025,10.744599,-1.635213,0.534179,0.030964,-0.082948,19.287357,-0.714480,8.269679,11.017678,0.302328,0.363295
82.600000,32.047885,10.726774,-1.637978,0.533530,0.030957,-0.082950,19.262661,-0.714576,8.257145,11.005515,0.302032,0.363041
82.633333,32.047696,10.708972,-1.640743,0.532879,0.030950,-0.082953,19.237937,-0.714674,8.244596,10.993341,0.301735,0.362787
82.666667,32.047460,10.691192,-1.643509,0.532227,0.030943,-0.082956,19.213187,-0.714772,8.232032,10.981155,0.301437,0.362533
82.700000,32.047176,10.673434,-1.646274,0.531573,0.030935,-0.082959,19.188412,-0.714871,8.219453,10.968959,0.301139,0.362279
82.733333,32.046844,10.655699,-1.649039,0.530919,0.030928,-0.082962,19.163611,-0.714972,8.206860,10.956751,0.300840,0.362024
82.766667,32.046465,10.637987,-1.651805,0.530264,0.030921,-0.082965,19.138787,-0.715073,8.194252,10.944534,0.300541,0.361768
82.800000,32.046039,10.620297,-1.654570,0.529607,0.030914,-0.082969,19.113939,-0.715176,8.181632,10.932307,0.300241,0.361513
82.833333,32.045565,10.602631,-1.657336,0.528949,0.030906,-0.082973,19.089070,-0.715279,8.168999,10.920071,0.299941,0.361257
82.866667,32.045043,10.584988,-1.660102,0.528290,0.030899,-0.082977,19.064180,-0.715383,8.156354,10.907825,0.299640,0.361000
82.900000,32.044475,10.567368,-1.662868,0.527631,0.030892,-0.082981,19.039269,-0.715487,8.143698,10.895572,0.299339,0.360744
82.933333,32.043860,10.549772,-1.665634,0.526970,0.030885,-0.082985,19.014340,-0.715593,8.131030,10.883309,0.299038,0.360487
82.966667,32.043198,10.532200,-1.668400,0.526308,0.030877,-0.082989,18.989392,-0.715699,8.118353,10.871040,0.298736,0.360229
83.000000,32.042490,10.514651,-1.671166,0.525645,0.030870,-0.082994,18.964427,-0.715805,8.105665,10.858762,0.298433,0.359972
83.033333,32.041735,10.497127,-1.673933,0.524982,0.030863,-0.082999,18.939447,-0.715912,8.092969,10.846478,0.298131,0.359714
83.066667,32.040933,10.479627,-1.676700,0.524317,0.030856,-0.083003,18.914465,-0.716019,8.080272,10.834192,0.297827,0.359456
83.100000,32.040085,10.462151,-1.679466,0.523652,0.030849,-0.083008,18.889483,-0.716126,8.067577,10.821906,0.297524,0.359198
83.133333,32.039191,10.444700,-1.682234,0.522986,0.030842,-0.083014,18.864504,-0.716231,8.054884,10.809620,0.297221,0.358940
83.166667,32.038251,10.427273,-1.685001,0.522319,0.030835,-0.083019,18.839530,-0.716336,8.042195,10.797335,0.296918,0.358681
83.200000,32.037266,10.409871,-1.687768,0.521651,0.030828,-0.083024,18.814562,-0.716441,8.029510,10.785052,0.296614,0.358423
83.233333,32.036234,10.392494,-1.690536,0.520983,0.030821,-0.083029,18.789602,-0.716544,8.016831,10.772771,0.296310,0.358164
83.266667,32.035157,10.375142,-1.693303,0.520315,0.030814,-0.083035,18.764653,-0.716647,8.004159,10.760494,0.296007,0.357906
83.300000,32.034034,10.357815,-1.696071,0.519645,0.030807,-0.083040,18.739717,-0.716749,7.991495,10.748222,0.295703,0.357647
83.333333,32.032866,10.340514,-1.698839,0.518976,0.030799,-0.083046,18.714794,-0.716850,7.978839,10.735955,0.295400,0.357388
83.366667,32.031653,10.323238,-1.701608,0.518305,0.030792,-0.083052,18.689888,-0.716950,7.966194,10.723694,0.295096,0.357129
83.400000,32.030394,10.305988,-1.704376,0.517635,0.030784,-0.083058,18.664999,-0.717049,7.953559,10.711440,0.294793,0.356871
83.433333,32.029091,10.288763,-1.707145,0.516964,0.030776,-0.083063,18.640131,-0.717147,7.940937,10.699194,0.294489,0.356612
83.466667,32.027742,10.271565,-1.709914,0.516293,0.030768,-0.083069,18.615285,-0.717244,7.928328,10.686957,0.294186,0.356353
83.500000,32.026349,10.254392,-1.712683,0.515621,0.030759,-0.083075,18.590464,-0.717339,7.915734,10.674730,0.293883,0.356095
83.533333,32.024911,10.237245,-1.715452,0.514950,0.030750,-0.083081,18.565668,-0.717433,7.903155,10.662513,0.293580,0.355836
83.566667,32.023429,10.220125,-1.718222,0.514278,0.030741,-0.083087,18.540900,-0.717526,7.890593,10.650307,0.293278,0.355578
83.600000,32.021902,10.203031,-1.720991,0.513607,0.030732,-0.083093,18.516162,-0.717617,7.878048,10.638114,0.292975,0.355320
83.633333,32.020331,10.185963,-1.723761,0.512935,0.030722,-0.083099,18.491457,-0.717707,7.865523,10.625934,0.292673,0.355062
83.666667,32.018716,10.168923,-1.726531,0.512263,0.030712,-0.083104,18.466785,-0.717795,7.853017,10.613768,0.292371,0.354804
83.700000,32.017057,10.151908,-1.729301,0.511591,0.030702,-0.083110,18.442149,-0.717882,7.840533,10.601616,0.292070,0.354546
83.733333,32.015354,10.134921,-1.732072,0.510920,0.030691,-0.083116,18.417552,-0.717967,7.828071,10.589481,0.291768,0.354288
83.766667,32.013607,10.117961,-1.734842,0.510249,0.030680,-0.083122,18.392995,-0.718050,7.815632,10.577362,0.291468,0.354031
83.800000,32.011817,10.101027,-1.737613,0.509578,0.030669,-0.083128,18.368479,-0.718131,7.803218,10.565261,0.291167,0.353774
83.833333,32.009983,10.084121,-1.740384,0.508907,0.030657,-0.083133,18.344008,-0.718210,7.790830,10.553178,0.290867,0.353517
83.866667,32.008105,10.067242,-1.743156,0.508237,0.030644,-0.083139,18.319583,-0.718288,7.778469,10.541114,0.290568,0.353260
83.900000,32.006184,10.050390,-1.745927,0.507567,0.030632,-0.083144,18.295206,-0.718363,7.766135,10.529071,0.290269,0.353004
83.933333,32.004220,10.033566,-1.748698,0.506897,0.030618,-0.083150,18.270879,-0.718436,7.753831,10.517048,0.289970,0.352748
83.966667,32.002213,10.016769,-1.751470,0.506228,0.030604,-0.083155,18.246605,-0.718507,7.741557,10.505048,0.289672,0.352492
84.000000,32.000163,10.000000,-1.754242,0.505560,0.030590,-0.083161,18.222385,-0.718576,7.729315,10.493070,0.289375,0.352237
84.033333,31.998070,9.983259,-1.757014,0.504892,0.030575,-0.083166,18.198221,-0.718643,7.717105,10.481116,0.289078,0.351982
84.066667,31.995934,9.966545,-1.759787,0.504225,0.030560,-0.083171,18.174116,-0.718707,7.704929,10.469187,0.288782,0.351727
84.100000,31.993756,9.949859,-1.762559,0.503558,0.030544,-0.083176,18.150071,-0.718769,7.692788,10.457283,0.288486,0.351473
84.133333,31.991535,9.933202,-1.765332,0.502893,0.030528,-0.083180,18.126088,-0.718828,7.680683,10.445405,0.288192,0.351219
84.166667,31.989272,9.916572,-1.768104,0.502228,0.030511,-0.083185,18.102170,-0.718884,7.668615,10.433555,0.287898,0.350966
84.200000,31.986966,9.899971,-1.770877,0.501564,0.030493,-0.083190,18.078319,-0.718938,7.656586,10.421733,0.287604,0.350713
84.233333,31.984618,9.883398,-1.773650,0.500901,0.030475,-0.083194,18.054536,-0.718989,7.644596,10.409940,0.287312,0.350461
84.266667,31.982229,9.866853,-1.776424,0.500240,0.030456,-0.083198,18.030824,-0.719038,7.632648,10.398176,0.287020,0.350209
84.300000,31.979797,9.850336,-1.779197,0.499579,0.030437,-0.083202,18.007185,-0.719083,7.620741,10.386444,0.286730,0.349958
84.333333,31.977323,9.833848,-1.781970,0.498919,0.030417,-0.083206,17.983620,-0.719125,7.608877,10.374743,0.286440,0.349707
84.366667,31.974808,9.817389,-1.784744,0.498260,0.030396,-0.083209,17.960133,-0.719165,7.597057,10.363075,0.286151,0.349457
84.400000,31.972251,9.800958,-1.787518,0.497603,0.030375,-0.083213,17.936724,-0.719201,7.585283,10.351441,0.285862,0.349207
84.433333,31.969652,9.784556,-1.790291,0.496947,0.030353,-0.083216,17.913397,-0.719234,7.573556,10.339840,0.285575,0.348958
84.466667,31.967012,9.768183,-1.793065,0.496292,0.030330,-0.083219,17.890152,-0.719264,7.561877,10.328276,0.285289,0.348710
84.500000,31.964331,9.751838,-1.795839,0.495639,0.030307,-0.083222,17.866993,-0.719290,7.550246,10.316747,0.285004,0.348462
84.533333,31.961608,9.735522,-1.798613,0.494987,0.030283,-0.083224,17.843921,-0.719313,7.538666,10.305255,0.284720,0.348215
84.566667,31.958845,9.719236,-1.801388,0.494337,0.030259,-0.083226,17.820938,-0.719333,7.527137,10.293801,0.284437,0.347969
84.600000,31.956040,9.702978,-1.804162,0.493688,0.030234,-0.083228,17.798046,-0.719349,7.515660,10.282386,0.284155,0.347723
84.633333,31.953195,9.686749,-1.806936,0.493041,0.030208,-0.083230,17.775248,-0.719361,7.504238,10.271010,0.283875,0.347478
84.666667,31.950308,9.670550,-1.809711,0.492396,0.030182,-0.083231,17.752546,-0.719369,7.492870,10.259675,0.283595,0.347234
84.700000,31.947381,9.654379,-1.812485,0.491752,0.030155,-0.083233,17.729941,-0.719374,7.481559,10.248382,0.283317,0.346991
84.733333,31.944414,9.638238,-1.815259,0.491110,0.030127,-0.083234,17.707435,-0.719375,7.470304,10.237131,0.283040,0.346748
84.766667,31.941406,9.622126,-1.818034,0.490470,0.030098,-0.083234,17.685032,-0.719372,7.459109,10.225923,0.282764,0.346507
84.800000,31.938357,9.606043,-1.820808,0.489832,0.030069,-0.083234,17.662732,-0.719365,7.447972,10.214759,0.282490,0.346266
84.833333,31.935268,9.589990,-1.823583,0.489195,0.030039,-0.083234,17.640538,-0.719353,7.436897,10.203640,0.282217,0.346026
84.866667,31.932140,9.573966,-1.826357,0.488561,0.030009,-0.083234,17.618451,-0.719338,7.425884,10.192567,0.281945,0.345786
84.900000,31.928971,9.557971,-1.829132,0.487929,0.029977,-0.083233,17.596475,-0.719318,7.414934,10.181541,0.281675,0.345548
84.933333,31.925762,9.542006,-1.831906,0.487299,0.029946,-0.083232,17.574611,-0.719294,7.404048,10.170562,0.281406,0.345311
84.966667,31.922513,9.526070,-1.834681,0.486671,0.029913,-0.083231,17.552860,-0.719265,7.393228,10.159632,0.281139,0.345074
85.000000,31.919224,9.510164,-1.837455,0.486045,0.029880,-0.083229,17.531226,-0.719232,7.382475,10.148751,0.280873,0.344838
85.033333,31.915896,9.494288,-1.840229,0.485422,0.029846,-0.083227,17.509710,-0.719194,7.371790,10.137920,0.280609,0.344604
85.066667,31.912528,9.478441,-1.843003,0.484801,0.029811,-0.083225,17.488314,-0.719151,7.361174,10.127140,0.280346,0.344370
85.100000,31.909121,9.462623,-1.845777,0.484182,0.029776,-0.083222,17.467041,-0.719104,7.350628,10.116413,0.280085,0.344138
85.133333,31.905674,9.446835,-1.848551,0.483566,0.029740,-0.083218,17.445892,-0.719052,7.340154,10.105738,0.279825,0.343906
85.166667,31.902188,9.431077,-1.851325,0.482953,0.029704,-0.083215,17.424869,-0.718995,7.329752,10.095116,0.279567,0.343676
85.200000,31.898663,9.415349,-1.854099,0.482341,0.029666,-0.083211,17.403974,-0.718932,7.319425,10.084549,0.279311,0.343446
85.233333,31.895098,9.399650,-1.856873,0.481733,0.029628,-0.083206,17.383210,-0.718865,7.309172,10.074038,0.279057,0.343218
85.266667,31.891495,9.383981,-1.859646,0.481127,0.029590,-0.083201,17.362578,-0.718793,7.298996,10.063583,0.278804,0.342991
85.300000,31.887853,9.368342,-1.862419,0.480524,0.029551,-0.083196,17.342081,-0.718715,7.288897,10.053184,0.278553,0.342765
85.333333,31.884172,9.352732,-1.865193,0.479924,0.029511,-0.083190,17.321720,-0.718632,7.278876,10.042844,0.278304,0.342540
85.366667,31.880452,9.337153,-1.867965,0.479327,0.029471,-0.083184,17.301498,-0.718543,7.268936,10.032562,0.278057,0.342316
85.400000,31.876693,9.321603,-1.870738,0.478732,0.029430,-0.083177,17.281417,-0.718449,7.259076,10.022340,0.277811,0.342094
85.433333,31.872896,9.306082,-1.873511,0.478141,0.029388,-0.083170,17.261478,-0.718349,7.249299,10.012179,0.277568,0.341872
85.466667,31.869061,9.290592,-1.876283,0.477552,0.029346,-0.083162,17.241683,-0.718243,7.239605,10.002079,0.277327,0.341652
85.500000,31.865187,9.275131,-1.879055,0.476967,0.029303,-0.083154,17.222035,-0.718132,7.229995,9.992040,0.277087,0.341433
85.533333,31.861275,9.259700,-1.881826,0.476384,0.029259,-0.083146,17.202536,-0.718015,7.220471,9.982065,0.276850,0.341216
85.566667,31.857325,9.244299,-1.884598,0.475805,0.029215,-0.083136,17.183187,-0.717891,7.211033,9.972154,0.276614,0.340999
85.600000,31.853336,9.228928,-1.887369,0.475229,0.029171,-0.083127,17.163991,-0.717762,7.201684,9.962307,0.276381,0.340784
85.633333,31.849310,9.213586,-1.890140,0.474657,0.029126,-0.083117,17.144949,-0.717626,7.192424,9.952525,0.276150,0.340571
85.666667,31.845245,9.198274,-1.892910,0.474087,0.029080,-0.083106,17.126064,-0.717485,7.183254,9.942810,0.275921,0.340359
85.700000,31.841143,9.182992,-1.895680,0.473521,0.029034,-0.083095,17.107337,-0.717337,7.174175,9.933162,0.275694,0.340148
85.733333,31.837003,9.167740,-1.898450,0.472959,0.028988,-0.083083,17.088771,-0.717182,7.165189,9.923582,0.275469,0.339938
85.766667,31.832826,9.152517,-1.901219,0.472400,0.028940,-0.083070,17.070367,-0.717021,7.156297,9.914070,0.275247,0.339730
85.800000,31.828611,9.137324,-1.903988,0.471845,0.028893,-0.083058,17.052128,-0.716853,7.147500,9.904628,0.275026,0.339523
85.833333,31.824358,9.122161,-1.906756,0.471293,0.028845,-0.083044,17.034055,-0.716679,7.138799,9.895256,0.274809,0.339318
85.866667,31.820068,9.107027,-1.909524,0.470745,0.028796,-0.083030,17.016150,-0.716498,7.130195,9.885955,0.274593,0.339114
85.900000,31.815740,9.091923,-1.912291,0.470201,0.028747,-0.083015,16.998416,-0.716310,7.121689,9.876727,0.274380,0.338912
85.933333,31.811376,9.076849,-1.915058,0.469660,0.028698,-0.083000,16.980853,-0.716115,7.113283,9.867570,0.274169,0.338711
85.966667,31.806974,9.061804,-1.917825,0.469124,0.028648,-0.082984,16.963465,-0.715913,7.104977,9.858488,0.273961,0.338512
86.000000,31.802535,9.046789,-1.920590,0.468591,0.028598,-0.082968,16.946252,-0.715703,7.096773,9.849479,0.273755,0.338314
86.033333,31.798059,9.031803,-1.923356,0.468062,0.028548,-0.082951,16.929218,-0.715487,7.088672,9.840545,0.273552,0.338118
86.066667,31.793546,9.016847,-1.926120,0.467537,0.028497,-0.082933,16.912363,-0.715263,7.080676,9.831688,0.273351,0.337924
86.100000,31.788997,9.001920,-1.928885,0.467016,0.028446,-0.082915,16.895690,-0.715032,7.072784,9.822906,0.273152,0.337731
86.133333,31.784410,8.987022,-1.931648,0.466500,0.028394,-0.082896,16.879201,-0.714793,7.064998,9.814203,0.272957,0.337540
86.166667,31.779787,8.972154,-1.934411,0.465987,0.028343,-0.082876,16.862897,-0.714547,7.057320,9.805577,0.272764,0.337350
86.200000,31.775128,8.957316,-1.937173,0.465479,0.028291,-0.082855,16.846780,-0.714293,7.049750,9.797030,0.272573,0.337162
86.233333,31.770432,8.942506,-1.939935,0.464975,0.028238,-0.082834,16.830853,-0.714031,7.042290,9.788562,0.272386,0.336976
86.266667,31.765699,8.927726,-1.942695,0.464475,0.028186,-0.082813,16.815116,-0.713761,7.034941,9.780175,0.272201,0.336791
86.300000,31.760930,8.912975,-1.945455,0.463979,0.028133,-0.082790,16.799573,-0.713483,7.027703,9.771869,0.272018,0.336608
86.333333,31.756125,8.898254,-1.948215,0.463488,0.028080,-0.082767,16.784224,-0.713197,7.020579,9.763645,0.271839,0.336427
86.366667,31.751283,8.883561,-1.950973,0.463002,0.028028,-0.082743,16.769072,-0.712903,7.013568,9.755503,0.271662,0.336247
86.400000,31.746406,8.868897,-1.953731,0.462520,0.027974,-0.082719,16.754118,-0.712601,7.006673,9.747445,0.271488,0.336070
86.433333,31.741492,8.854263,-1.956488,0.462042,0.027921,-0.082694,16.739364,-0.712290,6.999894,9.739471,0.271317,0.335894
86.466667,31.736542,8.839657,-1.959244,0.461570,0.027868,-0.082668,16.724813,-0.711971,6.993232,9.731581,0.271149,0.335720
86.500000,31.731557,8.825080,-1.961999,0.461102,0.027815,-0.082641,16.710465,-0.711643,6.986688,9.723777,0.270984,0.335548
86.533333,31.726535,8.810532,-1.964753,0.460638,0.027761,-0.082613,16.696322,-0.711307,6.980264,9.716059,0.270822,0.335377
86.566667,31.721478,8.796013,-1.967507,0.460180,0.027708,-0.082585,16.682387,-0.710962,6.973960,9.708427,0.270663,0.335209
86.600000,31.716385,8.781522,-1.970259,0.459726,0.027655,-0.082556,16.668662,-0.710608,6.967778,9.700884,0.270506,0.335042
86.633333,31.711257,8.767060,-1.973010,0.459277,0.027601,-0.082526,16.655146,-0.710245,6.961718,9.693428,0.270353,0.334877
86.666667,31.706093,8.752627,-1.975761,0.458833,0.027548,-0.082496,16.641829,-0.709874,6.955773,9.686056,0.270203,0.334714
86.700000,31.700893,8.738222,-1.978510,0.458394,0.027495,-0.082464,16.628705,-0.709495,6.949939,9.678765,0.270055,0.334553
86.733333,31.695658,8.723846,-1.981258,0.457960,0.027442,-0.082432,16.615775,-0.709108,6.944218,9.671557,0.269911,0.334393
86.766667,31.690388,8.709497,-1.984005,0.457531,0.027389,-0.082399,16.603040,-0.708714,6.938609,9.664431,0.269769,0.334236
86.800000,31.685082,8.695177,-1.986752,0.457107,0.027336,-0.082365,16.590502,-0.708312,6.933113,9.657388,0.269630,0.334080
86.833333,31.679742,8.680886,-1.989497,0.456687,0.027283,-0.082331,16.578160,-0.707902,6.927731,9.650429,0.269493,0.333926
86.866667,31.674366,8.666622,-1.992240,0.456273,0.027230,-0.082296,16.566015,-0.707484,6.922462,9.643553,0.269360,0.333773
86.900000,31.668955,8.652386,-1.994983,0.455864,0.027177,-0.082259,16.554069,-0.707058,6.917308,9.636761,0.269229,0.333623
86.933333,31.663509,8.638179,-1.997724,0.455461,0.027124,-0.082222,16.542322,-0.706624,6.912268,9.630054,0.269102,0.333474
86.966667,31.658028,8.623999,-2.000464,0.455062,0.027071,-0.082185,16.530776,-0.706183,6.907344,9.623432,0.268977,0.333327
87.000000,31.652512,8.609847,-2.003203,0.454668,0.027018,-0.082146,16.519430,-0.705734,6.902535,9.616895,0.268855,0.333182
87.033333,31.646961,8.595723,-2.005941,0.454279,0.026965,-0.082107,16.508286,-0.705277,6.897842,9.610444,0.268736,0.333039
87.066667,31.641375,8.581626,-2.008677,0.453896,0.026911,-0.082067,16.497345,-0.704812,6.893266,9.604079,0.268620,0.332898
87.100000,31.635755,8.567557,-2.011412,0.453518,0.026858,-0.082026,16.486608,-0.704339,6.888807,9.597801,0.268507,0.332759
87.133333,31.630100,8.553516,-2.014145,0.453145,0.026805,-0.081984,16.476075,-0.703858,6.884465,9.591610,0.268397,0.332621
87.166667,31.624410,8.539502,-2.016877,0.452777,0.026751,-0.081941,16.465747,-0.703369,6.880242,9.585506,0.268289,0.332486
87.200000,31.618686,8.525515,-2.019608,0.452415,0.026698,-0.081898,16.455626,-0.702872,6.876136,9.579490,0.268185,0.332352
87.233333,31.612927,8.511556,-2.022337,0.452057,0.026644,-0.081853,16.445712,-0.702367,6.872150,9.573562,0.268084,0.332220
87.266667,31.607134,8.497623,-2.025065,0.451705,0.026591,-0.081808,16.436006,-0.701854,6.868283,9.567723,0.267986,0.332090
87.300000,31.601306,8.483718,-2.027791,0.451359,0.026537,-0.081762,16.426509,-0.701334,6.864536,9.561973,0.267890,0.331962
87.333333,31.595444,8.469840,-2.030516,0.451017,0.026483,-0.081716,16.417222,-0.700805,6.860909,9.556313,0.267798,0.331837
87.366667,31.589547,8.455989,-2.033239,0.450681,0.026429,-0.081668,16.408146,-0.700268,6.857404,9.550742,0.267709,0.331713
87.400000,31.583616,8.442164,-2.035960,0.450351,0.026375,-0.081620,16.399281,-0.699723,6.854019,9.545262,0.267623,0.331591
87.433333,31.577651,8.428366,-2.038680,0.450026,0.026321,-0.081570,16.390630,-0.699170,6.850757,9.539873,0.267540,0.331471
87.466667,31.571652,8.414595,-2.041398,0.449706,0.026266,-0.081520,16.382192,-0.698609,6.847616,9.534575,0.267460,0.331353
87.500000,31.565618,8.400851,-2.044115,0.449392,0.026212,-0.081469,16.373968,-0.698040,6.844599,9.529369,0.267384,0.331237
87.533333,31.559550,8.387133,-2.046830,0.449083,0.026157,-0.081417,16.365960,-0.697463,6.841705,9.524255,0.267310,0.331123
87.566667,31.553449,8.373442,-2.049543,0.448780,0.026102,-0.081365,16.358168,-0.696878,6.838934,9.519234,0.267240,0.331011
87.600000,31.547312,8.359776,-2.052254,0.448482,0.026047,-0.081311,16.350594,-0.696284,6.836289,9.514306,0.267172,0.330901
87.633333,31.541142,8.346138,-2.054963,0.448190,0.025992,-0.081257,16.343239,-0.695683,6.833768,9.509471,0.267108,0.330793
87.666667,31.534938,8.332525,-2.057671,0.447903,0.025937,-0.081202,16.336102,-0.695073,6.831372,9.504730,0.267047,0.330688
87.700000,31.528700,8.318938,-2.060377,0.447622,0.025881,-0.081146,16.329186,-0.694455,6.829102,9.500084,0.266989,0.330584
87.733333,31.522428,8.305377,-2.063081,0.447346,0.025826,-0.081089,16.322491,-0.693829,6.826959,9.495533,0.266935,0.330483
87.766667,31.516122,8.291843,-2.065783,0.447076,0.025770,-0.081031,16.316019,-0.693195,6.824942,9.491077,0.266883,0.330383
87.800000,31.509782,8.278334,-2.068483,0.446812,0.025714,-0.080973,16.309770,-0.692552,6.823053,9.486716,0.266835,0.330286
87.833333,31.503408,8.264850,-2.071181,0.446554,0.025658,-0.080913,16.303745,-0.691902,6.821292,9.482452,0.266791,0.330191
87.866667,31.497000,8.251393,-2.073877,0.446301,0.025601,-0.080853,16.297945,-0.691243,6.819660,9.478285,0.266749,0.330098
87.900000,31.490558,8.237960,-2.076571,0.446054,0.025545,-0.080792,16.292371,-0.690575,6.818156,9.474215,0.266711,0.330007
87.933333,31.484082,8.224554,-2.079263,0.445813,0.025488,-0.080730,16.287025,-0.689900,6.816782,9.470242,0.266676,0.329918
87.966667,31.477573,8.211172,-2.081953,0.445577,0.025431,-0.080667,16.281907,-0.689216,6.815539,9.466368,0.266644,0.329831
88.000000,31.471030,8.197816,-2.084641,0.445348,0.025374,-0.080603,16.277018,-0.688523,6.814425,9.462592,0.266616,0.329747
88.033333,31.464453,8.184485,-2.087327,0.445124,0.025316,-0.080538,16.272359,-0.687823,6.813443,9.458916,0.266591,0.329665
88.066667,31.457842,8.171179,-2.090010,0.444906,0.025259,-0.080473,16.267931,-0.687114,6.812593,9.455338,0.266569,0.329585
88.100000,31.451197,8.157898,-2.092691,0.444694,0.025201,-0.080406,16.263736,-0.686396,6.811875,9.451861,0.266551,0.329507
88.133333,31.444519,8.144642,-2.095370,0.444488,0.025143,-0.080339,16.259774,-0.685671,6.811290,9.448484,0.266536,0.329432
88.166667,31.437807,8.131410,-2.098047,0.444288,0.025084,-0.080271,16.256046,-0.684936,6.810838,9.445209,0.266524,0.329359
88.200000,31.431061,8.118204,-2.100722,0.444094,0.025026,-0.080202,16.252554,-0.684194,6.810520,9.442034,0.266516,0.329288
88.233333,31.424281,8.105021,-2.103394,0.443905,0.024967,-0.080132,16.249298,-0.683443,6.810336,9.438962,0.266511,0.329219
88.266667,31.417468,8.091864,-2.106064,0.443723,0.024909,-0.080061,16.246279,-0.682683,6.810288,9.435991,0.266510,0.329152
88.300000,31.410621,8.078730,-2.108731,0.443547,0.024850,-0.079989,16.243499,-0.681915,6.810375,9.433124,0.266512,0.329088
88.333333,31.403740,8.065621,-2.111397,0.443377,0.024790,-0.079916,16.240958,-0.681138,6.810598,9.430360,0.266518,0.329026
88.366667,31.396826,8.052536,-2.114059,0.443213,0.024731,-0.079843,16.238657,-0.680353,6.810957,9.427700,0.266527,0.328967
88.400000,31.389877,8.039475,-2.116719,0.443055,0.024671,-0.079768,16.236598,-0.679559,6.811454,9.425144,0.266540,0.328910
88.433333,31.382895,8.026438,-2.119377,0.442904,0.024611,-0.079693,16.234782,-0.678757,6.812089,9.422693,0.266556,0.328855
88.466667,31.375880,8.013425,-2.122032,0.442758,0.024551,-0.079617,16.233209,-0.677946,6.812862,9.420347,0.266576,0.328802
88.500000,31.368830,8.000436,-2.124685,0.442619,0.024491,-0.079540,16.231881,-0.677127,6.813773,9.418107,0.266599,0.328752
88.533333,31.361747,7.987470,-2.127335,0.442486,0.024430,-0.079462,16.230798,-0.676299,6.814825,9.415973,0.266626,0.328704
88.566667,31.354630,7.974528,-2.129982,0.442359,0.024370,-0.079383,16.229962,-0.675462,6.816016,9.413946,0.266656,0.328659
88.600000,31.347480,7.961610,-2.132627,0.442239,0.024309,-0.079303,16.229374,-0.674616,6.817348,9.412026,0.266690,0.328616
88.633333,31.340295,7.948714,-2.135269,0.442125,0.024248,-0.079222,16.229035,-0.673762,6.818821,9.410214,0.266728,0.328575
88.666667,31.333077,7.935842,-2.137909,0.442017,0.024187,-0.079140,16.228945,-0.672899,6.820435,9.408510,0.266769,0.328537
88.700000,31.325825,7.922993,-2.140545,0.441915,0.024125,-0.079058,16.229107,-0.672028,6.822192,9.406915,0.266813,0.328502
88.733333,31.318540,7.910167,-2.143179,0.441820,0.024064,-0.078974,16.229520,-0.671147,6.824092,9.405428,0.266862,0.328468
88.766667,31.311220,7.897364,-2.145810,0.441732,0.024002,-0.078890,16.230187,-0.670258,6.826135,9.404052,0.266914,0.328437
88.800000,31.303867,7.884584,-2.148438,0.441649,0.023940,-0.078804,16.231108,-0.669360,6.828322,9.402785,0.266970,0.328409
88.833333,31.296480,7.871827,-2.151064,0.441574,0.023878,-0.078718,16.232284,-0.668454,6.830654,9.401630,0.267029,0.328383
88.866667,31.289059,7.859092,-2.153686,0.441505,0.023815,-0.078631,16.233716,-0.667538,6.833131,9.400585,0.267092,0.328360
88.900000,31.281604,7.846379,-2.156306,0.441442,0.023753,-0.078543,16.235406,-0.666614,6.835754,9.399652,0.267159,0.328339
88.933333,31.274115,7.833689,-2.158922,0.441386,0.023690,-0.078454,16.237354,-0.665680,6.838523,9.398831,0.267229,0.328320
88.966667,31.266592,7.821021,-2.161536,0.441336,0.023627,-0.078363,16.239561,-0.664738,6.841438,9.398123,0.267303,0.328305
89.000000,31.259036,7.808376,-2.164147,0.441294,0.023564,-0.078273,16.242029,-0.663787,6.844502,9.397528,0.267381,0.328291
89.033333,31.251445,7.795752,-2.166754,0.441257,0.023501,-0.078181,16.244759,-0.662827,6.847713,9.397046,0.267463,0.328280
89.066667,31.243820,7.783150,-2.169359,0.441228,0.023438,-0.078088,16.247751,-0.661858,6.851073,9.396679,0.267548,0.328272
89.100000,31.236162,7.770570,-2.171960,0.441205,0.023375,-0.077994,16.251008,-0.660880,6.854582,9.396426,0.267638,0.328267
89.133333,31.228469,7.758012,-2.174558,0.441189,0.023311,-0.077899,16.254529,-0.659892,6.858240,9.396288,0.267731,0.328263
89.166667,31.220742,7.745475,-2.177153,0.441179,0.023247,-0.077803,16.258316,-0.658896,6.862050,9.396266,0.267827,0.328263
89.200000,31.212981,7.732960,-2.179745,0.441177,0.023184,-0.077707,16.262370,-0.657891,6.866010,9.396360,0.267928,0.328265
89.233333,31.205186,7.720466,-2.182334,0.441181,0.023120,-0.077609,16.266692,-0.656877,6.870121,9.396571,0.268032,0.328270
89.266667,31.197357,7.707994,-2.184919,0.441192,0.023056,-0.077511,16.271283,-0.655853,6.874385,9.396898,0.268141,0.328277
89.300000,31.189494,7.695542,-2.187501,0.441210,0.022992,-0.077411,16.276145,-0.654821,6.878801,9.397344,0.268253,0.328287
89.333333,31.181596,7.683111,-2.190080,0.441235,0.022928,-0.077311,16.281278,-0.653779,6.883371,9.397907,0.268369,0.328300
89.366667,31.173664,7.670702,-2.192655,0.441267,0.022863,-0.077209,16.286683,-0.652729,6.888095,9.398589,0.268489,0.328315
89.400000,31.165698,7.658313,-2.195227,0.441306,0.022799,-0.077107,16.292362,-0.651669,6.892972,9.399390,0.268612,0.328333
89.433333,31.157697,7.645944,-2.197796,0.441351,0.022734,-0.077004,16.298316,-0.650599,6.898005,9.400310,0.268740,0.328354
89.466667,31.149662,7.633597,-2.200361,0.441404,0.022670,-0.076899,16.304545,-0.649521,6.903194,9.401351,0.268872,0.328377
89.500000,31.141592,7.621269,-2.202922,0.441464,0.022605,-0.076794,16.311051,-0.648433,6.908539,9.402512,0.269007,0.328403
89.533333,31.133488,7.608962,-2.205480,0.441531,0.022541,-0.076688,16.317835,-0.647336,6.914040,9.403795,0.269147,0.328432
89.566667,31.125349,7.596675,-2.208035,0.441605,0.022476,-0.076580,16.324898,-0.646230,6.919699,9.405199,0.269290,0.328463
89.600000,31.117176,7.584408,-2.210586,0.441686,0.022411,-0.076472,16.332241,-0.645114,6.925516,9.406725,0.269437,0.328497
89.633333,31.108968,7.572161,-2.213133,0.441774,0.022347,-0.076363,16.339865,-0.643989,6.931492,9.408373,0.269589,0.328534
89.666667,31.100725,7.559934,-2.215676,0.441870,0.022282,-0.076253,16.347771,-0.642855,6.937627,9.410145,0.269744,0.328574
89.700000,31.092448,7.547726,-2.218216,0.441972,0.022217,-0.076142,16.355961,-0.641711,6.943921,9.412040,0.269903,0.328616
89.733333,31.084135,7.535538,-2.220752,0.442082,0.022152,-0.076029,16.364435,-0.640558,6.950376,9.414059,0.270066,0.328662
89.766667,31.075788,7.523369,-2.223285,0.442199,0.022087,-0.075916,16.373194,-0.639395,6.956991,9.416203,0.270234,0.328710
89.800000,31.067406,7.511220,-2.225814,0.442324,0.022023,-0.075802,16.382240,-0.638223,6.963768,9.418472,0.270405,0.328760
89.833333,31.058989,7.499090,-2.228338,0.442456,0.021958,-0.075687,16.391574,-0.637041,6.970708,9.420866,0.270580,0.328814
89.866667,31.050537,7.486978,-2.230859,0.442595,0.021893,-0.075571,16.401197,-0.635850,6.977810,9.423387,0.270760,0.328870
89.900000,31.042050,7.474886,-2.233376,0.442741,0.021828,-0.075454,16.411109,-0.634649,6.985075,9.426034,0.270943,0.328930
89.933333,31.033527,7.462812,-2.235890,0.442895,0.021764,-0.075336,16.421312,-0.633439,6.992504,9.428808,0.271131,0.328992
89.966667,31.024970,7.450757,-2.238399,0.443057,0.021699,-0.075217,16.431807,-0.632219,7.000097,9.431710,0.271322,0.329057
90.000000,31.016377,7.438721,-2.240904,0.443226,0.021635,-0.075097,16.442596,-0.630990,7.007856,9.434740,0.271518,0.329124
90.033333,31.007749,7.426703,-2.243405,0.443402,0.021570,-0.074975,16.453678,-0.629751,7.015780,9.437898,0.271718,0.329195
90.066667,30.999085,7.414703,-2.245902,0.443586,0.021506,-0.074853,16.465056,-0.628502,7.023871,9.441185,0.271922,0.329269
90.100000,30.990386,7.402721,-2.248395,0.443778,0.021442,-0.074730,16.476730,-0.627243,7.032128,9.444602,0.272130,0.329345
90.133333,30.981651,7.390758,-2.250884,0.443977,0.021377,-0.074606,16.488701,-0.625975,7.040552,9.448149,0.272342,0.329424
90.166667,30.972880,7.378812,-2.253369,0.444183,0.021313,-0.074481,16.500971,-0.624697,7.049145,9.451826,0.272558,0.329507
90.200000,30.964074,7.366884,-2.255850,0.444398,0.021250,-0.074355,16.513541,-0.623409,7.057906,9.455635,0.272778,0.329592
90.233333,30.955232,7.354973,-2.258326,0.444620,0.021186,-0.074228,16.526411,-0.622112,7.066837,9.459574,0.273003,0.329680
90.266667,30.946354,7.343080,-2.260798,0.444850,0.021122,-0.074099,16.539568,-0.620805,7.075928,9.463640,0.273232,0.329771
90.300000,30.937441,7.331204,-2.263266,0.445087,0.021059,-0.073970,16.552993,-0.619490,7.085169,9.467824,0.273464,0.329864
90.333333,30.928491,7.319346,-2.265730,0.445332,0.020995,-0.073840,16.566686,-0.618167,7.094560,9.472126,0.273699,0.329960
90.366667,30.919505,7.307504,-2.268189,0.445585,0.020932,-0.073709,16.580645,-0.616836,7.104100,9.476545,0.273939,0.330059
90.400000,30.910483,7.295679,-2.270644,0.445845,0.020869,-0.073577,16.594871,-0.615496,7.113789,9.481082,0.274182,0.330160
90.433333,30.901424,7.283872,-2.273094,0.446113,0.020806,-0.073443,16.609362,-0.614148,7.123626,9.485736,0.274428,0.330264
90.466667,30.892330,7.272080,-2.275540,0.446389,0.020744,-0.073309,16.624118,-0.612793,7.133611,9.490506,0.274679,0.330370
90.500000,30.883199,7.260306,-2.277981,0.446672,0.020682,-0.073174,16.639137,-0.611429,7.143743,9.495393,0.274932,0.330479
90.533333,30.874031,7.248547,-2.280418,0.446962,0.020620,-0.073038,16.654419,-0.610057,7.154022,9.500396,0.275190,0.330591
90.566667,30.864827,7.236805,-2.282850,0.447260,0.020558,-0.072901,16.669962,-0.608678,7.164447,9.505515,0.275451,0.330705
90.600000,30.855586,7.225079,-2.285278,0.447566,0.020496,-0.072763,16.685767,-0.607290,7.175018,9.510749,0.275715,0.330822
90.633333,30.846309,7.213370,-2.287701,0.447879,0.020435,-0.072623,16.701833,-0.605895,7.185734,9.516098,0.275983,0.330941
90.666667,30.836995,7.201676,-2.290120,0.448199,0.020374,-0.072483,16.718158,-0.604491,7.196595,9.521562,0.276254,0.331063
90.700000,30.827643,7.189997,-2.292533,0.448527,0.020313,-0.072343,16.734741,-0.603080,7.207601,9.527141,0.276529,0.331187
90.733333,30.818255,7.178335,-2.294942,0.448862,0.020253,-0.072201,16.751583,-0.601662,7.218750,9.532833,0.276807,0.331314
90.766667,30.808830,7.166688,-2.297347,0.449205,0.020193,-0.072058,16.768681,-0.600235,7.230042,9.538640,0.277088,0.331443
90.800000,30.799368,7.155056,-2.299746,0.449555,0.020133,-0.071914,16.786036,-0.598801,7.241477,9.544559,0.277373,0.331575
90.833333,30.789868,7.143439,-2.302141,0.449912,0.020074,-0.071769,16.803647,-0.597360,7.253055,9.550592,0.277662,0.331709
90.866667,30.780332,7.131838,-2.304531,0.450277,0.020015,-0.071624,16.821512,-0.595911,7.264774,9.556738,0.277953,0.331846
90.900000,30.770758,7.120252,-2.306916,0.450649,0.019956,-0.071477,16.839630,-0.594454,7.276634,9.562996,0.278248,0.331985
90.933333,30.761146,7.108680,-2.309296,0.451028,0.019898,-0.071330,16.858002,-0.592990,7.288636,9.569366,0.278547,0.332127
90.966667,30.751497,7.097124,-2.311671,0.451415,0.019840,-0.071181,16.876626,-0.591518,7.300777,9.575849,0.278848,0.332271
91.000000,30.741810,7.085582,-2.314041,0.451808,0.019782,-0.071032,16.895501,-0.590040,7.313059,9.582442,0.279153,0.332417
91.033333,30.732086,7.074054,-2.316407,0.452209,0.019725,-0.070882,16.914627,-0.588554,7.325480,9.589147,0.279461,0.332566
91.066667,30.722324,7.062541,-2.318767,0.452617,0.019668,-0.070731,16.934003,-0.587060,7.338040,9.595963,0.279773,0.332718
91.100000,30.712524,7.051042,-2.321122,0.453032,0.019611,-0.070579,16.953627,-0.585559,7.350738,9.602890,0.280087,0.332872
91.133333,30.702686,7.039558,-2.323472,0.453454,0.019555,-0.070426,16.973500,-0.584052,7.363574,9.609926,0.280405,0.333028
91.166667,30.692810,7.028087,-2.325817,0.453883,0.019499,-0.070272,16.993620,-0.582537,7.376547,9.617073,0.280726,0.333186
91.200000,30.682896,7.016631,-2.328157,0.454320,0.019444,-0.070118,17.013987,-0.581015,7.389657,9.624330,0.281050,0.333347
91.233333,30.672944,7.005188,-2.330492,0.454763,0.019389,-0.069962,17.034599,-0.579486,7.402904,9.631695,0.281378,0.333511
91.266667,30.662954,6.993759,-2.332821,0.455214,0.019334,-0.069806,17.055457,-0.577950,7.416287,9.639170,0.281708,0.333676
91.300000,30.652925,6.982343,-2.335145,0.455671,0.019280,-0.069649,17.076558,-0.576407,7.429804,9.646754,0.282042,0.333844
91.333333,30.642858,6.970941,-2.337464,0.456136,0.019227,-0.069491,17.097903,-0.574857,7.443457,9.654446,0.282379,0.334015
91.366667,30.632752,6.959553,-2.339778,0.456607,0.019173,-0.069332,17.119490,-0.573300,7.457245,9.662246,0.282718,0.334187
91.400000,30.622608,6.948177,-2.342086,0.457086,0.019120,-0.069173,17.141319,-0.571737,7.471166,9.670154,0.283061,0.334362
91.433333,30.612425,6.936815,-2.344390,0.457571,0.019068,-0.069012,17.163389,-0.570167,7.485220,9.678169,0.283407,0.334540
91.466667,30.602203,6.925466,-2.346687,0.458063,0.019016,-0.068851,17.185699,-0.568590,7.499408,9.686292,0.283756,0.334719
91.500000,30.591943,6.914129,-2.348980,0.458562,0.018964,-0.068689,17.208249,-0.567006,7.513728,9.694521,0.284108,0.334901
91.533333,30.581643,6.902806,-2.351267,0.459068,0.018913,-0.068526,17.231037,-0.565416,7.528180,9.702857,0.284463,0.335085
91.566667,30.571305,6.891495,-2.353548,0.459581,0.018862,-0.068362,17.254063,-0.563819,7.542764,9.711300,0.284821,0.335272
91.600000,30.560927,6.880197,-2.355824,0.460100,0.018812,-0.068198,17.277326,-0.562216,7.557478,9.719848,0.285181,0.335461
91.633333,30.550511,6.868911,-2.358094,0.460627,0.018762,-0.068032,17.300825,-0.560607,7.572323,9.728502,0.285545,0.335652
91.666667,30.540055,6.857638,-2.360359,0.461160,0.018712,-0.067866,17.324560,-0.558990,7.587298,9.737262,0.285912,0.335845
91.700000,30.529559,6.846377,-2.362619,0.461700,0.018663,-0.067699,17.348530,-0.557368,7.602403,9.746126,0.286281,0.336041
91.733333,30.519025,6.835128,-2.364873,0.462246,0.018614,-0.067532,17.372733,-0.555739,7.617637,9.755096,0.286654,0.336238
91.766667,30.508450,6.823891,-2.367121,0.462799,0.018566,-0.067363,17.397169,-0.554104,7.632999,9.764170,0.287029,0.336438
91.800000,30.497837,6.812666,-2.369364,0.463359,0.018518,-0.067194,17.421838,-0.552463,7.648490,9.773349,0.287407,0.336641
91.833333,30.487183,6.801453,-2.371601,0.463926,0.018471,-0.067024,17.446739,-0.550816,7.664108,9.782631,0.287788,0.336845
91.866667,30.476490,6.790252,-2.373832,0.464499,0.018424,-0.066853,17.471870,-0.549163,7.679853,9.792017,0.288172,0.337052
91.900000,30.465757,6.779063,-2.376057,0.465079,0.018377,-0.066682,17.497231,-0.547503,7.695725,9.801506,0.288558,0.337260
91.933333,30.454984,6.767885,-2.378277,0.465666,0.018331,-0.066509,17.522822,-0.545838,7.711723,9.811099,0.288947,0.337471
91.966667,30.444170,6.756718,-2.380491,0.466259,0.018286,-0.066336,17.548641,-0.544166,7.727847,9.820795,0.289339,0.337684
92.000000,30.433317,6.745563,-2.382700,0.466858,0.018240,-0.066163,17.574689,-0.542489,7.744096,9.830593,0.289734,0.337900
92.033333,30.422424,6.734419,-2.384902,0.467464,0.018195,-0.065988,17.600963,-0.540806,7.760470,9.840493,0.290131,0.338117
92.066667,30.411490,6.723286,-2.387099,0.468077,0.018151,-0.065813,17.627463,-0.539117,7.776968,9.850495,0.290531,0.338337
92.100000,30.400516,6.712164,-2.389290,0.468696,0.018107,-0.065637,17.654190,-0.537423,7.793590,9.860600,0.290934,0.338558
92.133333,30.389501,6.701053,-2.391475,0.469321,0.018063,-0.065460,17.681141,-0.535722,7.810335,9.870805,0.291339,0.338782
92.166667,30.378446,6.689953,-2.393654,0.469953,0.018020,-0.065283,17.708316,-0.534016,7.827204,9.881112,0.291747,0.339008
92.200000,30.367350,6.678864,-2.395827,0.470592,0.017977,-0.065105,17.735714,-0.532305,7.844194,9.891520,0.292158,0.339236
92.233333,30.356214,6.667785,-2.397994,0.471236,0.017934,-0.064926,17.763335,-0.530588,7.861307,9.902029,0.292571,0.339466
92.266667,30.345036,6.656717,-2.400155,0.471888,0.017892,-0.064747,17.791179,-0.528865,7.878541,9.912638,0.292987,0.339699
92.300000,30.333818,6.645660,-2.402311,0.472545,0.017850,-0.064567,17.819243,-0.527137,7.895896,9.923347,0.293405,0.339933
92.333333,30.322559,6.634612,-2.404460,0.473209,0.017808,-0.064386,17.847528,-0.525404,7.913372,9.934156,0.293826,0.340169
92.366667,30.311259,6.623575,-2.406603,0.473879,0.017767,-0.064205,17.876032,-0.523665,7.930967,9.945065,0.294250,0.340408
92.400000,30.299917,6.612549,-2.408740,0.474556,0.017727,-0.064022,17.904756,-0.521921,7.948683,9.956073,0.294676,0.340648
92.433333,30.288534,6.601532,-2.410871,0.475238,0.017686,-0.063840,17.933698,-0.520172,7.966517,9.967180,0.295104,0.340891
92.466667,30.277110,6.590525,-2.412996,0.475927,0.017646,-0.063656,17.962857,-0.518418,7.984471,9.978387,0.295535,0.341135
92.500000,30.265645,6.579529,-2.415115,0.476623,0.017606,-0.063472,17.992234,-0.516659,8.002542,9.989691,0.295968,0.341382
92.533333,30.254138,6.568542,-2.417227,0.477324,0.017567,-0.063287,18.021826,-0.514894,8.020732,10.001095,0.296404,0.341631
92.566667,30.242589,6.557565,-2.419334,0.478032,0.017528,-0.063102,18.051635,-0.513125,8.039038,10.012596,0.296842,0.341881
92.600000,30.230998,6.546597,-2.421434,0.478746,0.017489,-0.062916,18.081658,-0.511351,8.057462,10.024196,0.297283,0.342134
92.633333,30.219366,6.535639,-2.423528,0.479466,0.017450,-0.062729,18.111895,-0.509572,8.076002,10.035893,0.297726,0.342389
92.666667,30.207692,6.524691,-2.425616,0.480192,0.017412,-0.062542,18.142346,-0.507788,8.094658,10.047688,0.298171,0.342645
92.700000,30.195976,6.513752,-2.427698,0.480924,0.017374,-0.062354,18.173009,-0.505999,8.113429,10.059580,0.298618,0.342904
92.733333,30.184218,6.502822,-2.429773,0.481662,0.017336,-0.062165,18.203884,-0.504206,8.132316,10.071569,0.299068,0.343164
92.766667,30.172417,6.491902,-2.431842,0.482407,0.017299,-0.061976,18.234971,-0.502408,8.151317,10.083654,0.299521,0.343427
92.800000,30.160575,6.480990,-2.433905,0.483157,0.017261,-0.061786,18.266269,-0.500605,8.170433,10.095836,0.299975,0.343691
92.833333,30.148690,6.470088,-2.435961,0.483913,0.017224,-0.061596,18.297777,-0.498798,8.189662,10.108115,0.300432,0.343958
92.866667,30.136762,6.459194,-2.438011,0.484676,0.017187,-0.061405,18.329494,-0.496986,8.209004,10.120490,0.300891,0.344226
92.900000,30.124792,6.448310,-2.440055,0.485444,0.017151,-0.061213,18.361420,-0.495170,8.228460,10.132960,0.301352,0.344496
92.933333,30.112780,6.437434,-2.442092,0.486219,0.017114,-0.061021,18.393554,-0.493350,8.248027,10.145527,0.301816,0.344769
92.966667,30.100724,6.426567,-2.444123,0.486999,0.017078,-0.060828,18.425895,-0.491525,8.267707,10.158188,0.302282,0.345043
93.000000,30.088626,6.415709,-2.446147,0.487786,0.017042,-0.060635,18.458444,-0.489696,8.287499,10.170945,0.302750,0.345319
93.033333,30.076485,6.404859,-2.448165,0.488578,0.017006,-0.060441,18.491198,-0.487863,8.307401,10.183797,0.303220,0.345597
93.066667,30.064301,6.394018,-2.450177,0.489376,0.016970,-0.060247,18.524158,-0.486026,8.327414,10.196744,0.303692,0.345877
93.100000,30.052074,6.383185,-2.452182,0.490180,0.016935,-0.060052,18.557323,-0.484184,8.347538,10.209785,0.304166,0.346158
93.133333,30.039804,6.372360,-2.454180,0.490990,0.016899,-0.059856,18.590692,-0.482339,8.367771,10.222921,0.304643,0.346442
93.166667,30.027490,6.361544,-2.456172,0.491806,0.016864,-0.059660,18.624265,-0.480490,8.388113,10.236151,0.305121,0.346727
93.200000,30.015133,6.350736,-2.458157,0.492628,0.016828,-0.059463,18.658040,-0.478637,8.408565,10.249475,0.305602,0.347015
93.233333,30.002733,6.339935,-2.460136,0.493455,0.016793,-0.059266,18.692018,-0.476780,8.429125,10.262893,0.306085,0.347304
93.266667,29.990289,6.329143,-2.462109,0.494288,0.016758,-0.059069,18.726198,-0.474919,8.449793,10.276405,0.306570,0.347595
93.300000,29.977801,6.318359,-2.464074,0.495127,0.016723,-0.058870,18.760579,-0.473055,8.470569,10.290010,0.307056,0.347887
93.333333,29.965269,6.307583,-2.466033,0.495972,0.016687,-0.058672,18.795161,-0.471187,8.491452,10.303708,0.307545,0.348182
93.366667,29.952694,6.296815,-2.467986,0.496823,0.016652,-0.058472,18.829942,-0.469315,8.512442,10.317500,0.308036,0.348479
93.400000,29.940075,6.286054,-2.469931,0.497679,0.016617,-0.058272,18.864923,-0.467440,8.533539,10.331384,0.308529,0.348777
93.433333,29.927412,6.275301,-2.471870,0.498541,0.016582,-0.058072,18.900102,-0.465561,8.554741,10.345361,0.309024,0.349077
93.466667,29.914704,6.264555,-2.473803,0.499408,0.016547,-0.057871,18.935480,-0.463679,8.576049,10.359431,0.309521,0.349379
93.500000,29.901953,6.253817,-2.475729,0.500282,0.016511,-0.057670,18.971055,-0.461794,8.597462,10.373593,0.310019,0.349682
93.533333,29.889157,6.243087,-2.477647,0.501161,0.016476,-0.057468,19.006827,-0.459905,8.618980,10.387847,0.310520,0.349988
93.566667,29.876316,6.232364,-2.479560,0.502045,0.016441,-0.057266,19.042795,-0.458014,8.640602,10.402193,0.311022,0.350295
93.600000,29.863431,6.221648,-2.481465,0.502935,0.016405,-0.057063,19.078960,-0.456119,8.662328,10.416631,0.311527,0.350604
93.633333,29.850502,6.210939,-2.483364,0.503831,0.016370,-0.056860,19.115319,-0.454221,8.684158,10.431161,0.312033,0.350915
93.666667,29.837528,6.200238,-2.485256,0.504733,0.016334,-0.056657,19.151873,-0.452320,8.706091,10.445782,0.312541,0.351227
93.700000,29.824509,6.189543,-2.487141,0.505640,0.016298,-0.056453,19.188622,-0.450416,8.728127,10.460495,0.313051,0.351542
93.733333,29.811445,6.178856,-2.489019,0.506552,0.016262,-0.056248,19.225564,-0.448509,8.750264,10.475299,0.313563,0.351858
93.766667,29.798336,6.168175,-2.490891,0.507470,0.016225,-0.056043,19.262699,-0.446599,8.772504,10.490194,0.314077,0.352175
93.800000,29.785182,6.157502,-2.492756,0.508394,0.016189,-0.055838,19.300026,-0.444687,8.794846,10.505180,0.314592,0.352495
93.833333,29.771982,6.146835,-2.494613,0.509323,0.016152,-0.055632,19.337545,-0.442772,8.817288,10.520257,0.315109,0.352816
93.866667,29.758738,6.136175,-2.496464,0.510257,0.016115,-0.055425,19.375250,-0.440854,8.839828,10.535422,0.315628,0.353139
93.900000,29.745448,6.125522,-2.498308,0.511197,0.016078,-0.055219,19.413123,-0.438935,8.862456,10.550667,0.316148,0.353463
93.933333,29.732112,6.114876,-2.500146,0.512143,0.016040,-0.055011,19.451161,-0.437013,8.885170,10.565991,0.316670,0.353789
93.966667,29.718731,6.104236,-2.501976,0.513093,0.016003,-0.054804,19.489362,-0.435090,8.907970,10.581392,0.317193,0.354116
94.000000,29.705305,6.093603,-2.503799,0.514049,0.015965,-0.054596,19.527724,-0.433165,8.930853,10.596871,0.317718,0.354445
94.033333,29.691832,6.082976,-2.505616,0.515010,0.015927,-0.054388,19.566244,-0.431238,8.953819,10.612425,0.318244,0.354775
94.066667,29.678314,6.072355,-2.507425,0.515977,0.015889,-0.054179,19.604921,-0.429309,8.976867,10.628054,0.318771,0.355106
94.100000,29.664750,6.061741,-2.509228,0.516948,0.015850,-0.053970,19.643753,-0.427378,8.999995,10.643758,0.319299,0.355439
94.133333,29.651139,6.051133,-2.511023,0.517925,0.015812,-0.053760,19.682738,-0.425446,9.023203,10.659535,0.319829,0.355773
94.166667,29.637483,6.040532,-2.512812,0.518907,0.015773,-0.053550,19.721873,-0.423513,9.046489,10.675384,0.320359,0.356109
94.200000,29.623780,6.029936,-2.514593,0.519893,0.015734,-0.053340,19.761157,-0.421578,9.069852,10.691305,0.320891,0.356445
94.233333,29.610031,6.019347,-2.516368,0.520885,0.015696,-0.053130,19.800588,-0.419641,9.093291,10.707296,0.321425,0.356783
94.266667,29.596236,6.008763,-2.518135,0.521881,0.015657,-0.052919,19.840163,-0.417704,9.116805,10.723357,0.321959,0.357122
94.300000,29.582394,5.998186,-2.519895,0.522882,0.015618,-0.052708,19.879880,-0.415765,9.140393,10.739487,0.322494,0.357463
94.333333,29.568506,5.987615,-2.521649,0.523888,0.015579,-0.052496,19.919738,-0.413824,9.164053,10.755685,0.323030,0.357804
94.366667,29.554571,5.977049,-2.523395,0.524899,0.015540,-0.052284,19.959734,-0.411883,9.187785,10.771950,0.323568,0.358147
94.400000,29.540589,5.966489,-2.525134,0.525914,0.015501,-0.052072,19.999867,-0.409940,9.211586,10.788280,0.324106,0.358491
94.433333,29.526561,5.955936,-2.526867,0.526934,0.015462,-0.051860,20.040133,-0.407997,9.235457,10.804676,0.324645,0.358836
94.466667,29.512486,5.945387,-2.528592,0.527958,0.015423,-0.051647,20.080532,-0.406052,9.259396,10.821136,0.325186,0.359182
94.500000,29.498364,5.934845,-2.530310,0.528987,0.015384,-0.051434,20.121061,-0.404107,9.283401,10.837660,0.325727,0.359529
94.533333,29.484195,5.924308,-2.532021,0.530021,0.015346,-0.051221,20.161718,-0.402161,9.307472,10.854245,0.326269,0.359877
94.566667,29.469979,5.913776,-2.533724,0.531058,0.015307,-0.051007,20.202500,-0.400214,9.331608,10.870893,0.326812,0.360226
94.600000,29.455716,5.903250,-2.535421,0.532100,0.015268,-0.050793,20.243407,-0.398266,9.355806,10.887601,0.327355,0.360577
94.633333,29.441406,5.892730,-2.537111,0.533146,0.015229,-0.050579,20.284435,-0.396318,9.380067,10.904368,0.327900,0.360928
94.666667,29.427048,5.882214,-2.538793,0.534197,0.015191,-0.050365,20.325583,-0.394369,9.404389,10.921194,0.328445,0.361280
94.700000,29.412643,5.871704,-2.540468,0.535251,0.015152,-0.050151,20.366848,-0.392420,9.428770,10.938078,0.328991,0.361633
94.733333,29.398191,5.861200,-2.542136,0.536310,0.015114,-0.049936,20.408229,-0.390471,9.453210,10.955019,0.329537,0.361987
94.766667,29.383692,5.850700,-2.543797,0.537373,0.015076,-0.049721,20.449723,-0.388520,9.477707,10.972016,0.330085,0.362342
94.800000,29.369145,5.840206,-2.545451,0.538439,0.015037,-0.049506,20.491328,-0.386570,9.502260,10.989068,0.330633,0.362698
94.833333,29.354551,5.829717,-2.547098,0.539510,0.014999,-0.049290,20.533043,-0.384620,9.526868,11.006174,0.331181,0.363055
94.866667,29.339909,5.819233,-2.548737,0.540584,0.014961,-0.049075,20.574864,-0.382669,9.551530,11.023334,0.331730,0.363413
94.900000,29.325219,5.808753,-2.550369,0.541663,0.014923,-0.048859,20.616791,-0.380718,9.576245,11.040546,0.332280,0.363771
94.933333,29.310482,5.798279,-2.551995,0.542745,0.014886,-0.048643,20.658820,-0.378767,9.601011,11.057809,0.332830,0.364130
94.966667,29.295697,5.787810,-2.553612,0.543830,0.014848,-0.048427,20.700950,-0.376817,9.625828,11.075122,0.333380,0.364490
95.000000,29.280864,5.777345,-2.555223,0.544920,0.014811,-0.048211,20.743178,-0.374866,9.650693,11.092485,0.333932,0.364851
95.033333,29.265984,5.766886,-2.556826,0.546013,0.014774,-0.047995,20.785504,-0.372916,9.675607,11.109897,0.334483,0.365213
95.066667,29.251055,5.756431,-2.558423,0.547109,0.014737,-0.047778,20.827923,-0.370965,9.700567,11.127356,0.335035,0.365575
95.100000,29.236079,5.745980,-2.560012,0.548209,0.014700,-0.047562,20.870435,-0.369015,9.725572,11.144863,0.335587,0.365938
95.133333,29.221055,5.735535,-2.561593,0.549312,0.014663,-0.047345,20.913037,-0.367066,9.750622,11.162415,0.336140,0.366302
95.166667,29.205983,5.725094,-2.563168,0.550419,0.014626,-0.047128,20.955727,-0.365117,9.775715,11.180011,0.336693,0.366666
95.200000,29.190863,5.714657,-2.564735,0.551529,0.014590,-0.046911,20.998502,-0.363169,9.800850,11.197652,0.337246,0.367031
95.233333,29.175694,5.704225,-2.566295,0.552642,0.014554,-0.046694,21.041362,-0.361221,9.826026,11.215336,0.337799,0.367396
95.266667,29.160478,5.693797,-2.567848,0.553759,0.014518,-0.046477,21.084304,-0.359274,9.851241,11.233063,0.338353,0.367762
95.300000,29.145214,5.683374,-2.569394,0.554878,0.014482,-0.046260,21.127325,-0.357327,9.876495,11.250830,0.338907,0.368129
95.333333,29.129901,5.672955,-2.570932,0.556001,0.014446,-0.046042,21.170423,-0.355382,9.901785,11.268638,0.339461,0.368496
95.366667,29.114541,5.662541,-2.572463,0.557126,0.014411,-0.045825,21.213597,-0.353437,9.927112,11.286485,0.340015,0.368864
95.400000,29.099132,5.652130,-2.573987,0.558255,0.014376,-0.045607,21.256844,-0.351493,9.952473,11.304371,0.340570,0.369232
95.433333,29.083675,5.641724,-2.575504,0.559387,0.014341,-0.045390,21.300162,-0.349551,9.977868,11.322294,0.341124,0.369601
95.466667,29.068170,5.631322,-2.577013,0.560521,0.014306,-0.045172,21.343549,-0.347609,10.003296,11.340254,0.341679,0.369970
95.500000,29.052616,5.620924,-2.578515,0.561658,0.014271,-0.044955,21.387003,-0.345669,10.028754,11.358249,0.342233,0.370340
95.533333,29.037014,5.610531,-2.580010,0.562798,0.014237,-0.044737,21.430522,-0.343730,10.054243,11.376279,0.342788,0.370710
95.566667,29.021364,5.600141,-2.581498,0.563941,0.014202,-0.044520,21.474104,-0.341792,10.079760,11.394344,0.343342,0.371081
95.600000,29.005666,5.589755,-2.582978,0.565086,0.014168,-0.044302,21.517746,-0.339855,10.105305,11.412441,0.343897,0.371452
95.633333,28.989919,5.579373,-2.584451,0.566233,0.014134,-0.044084,21.561446,-0.337920,10.130876,11.430570,0.344451,0.371823
95.666667,28.974124,5.568995,-2.585917,0.567384,0.014101,-0.043867,21.605203,-0.335987,10.156472,11.448730,0.345006,0.372195
95.700000,28.958281,5.558621,-2.587376,0.568536,0.014067,-0.043649,21.649013,-0.334055,10.182093,11.466921,0.345560,0.372567
95.733333,28.942389,5.548250,-2.588827,0.569691,0.014034,-0.043432,21.692876,-0.332125,10.207736,11.485141,0.346114,0.372939
95.766667,28.926448,5.537883,-2.590271,0.570849,0.014001,-0.043214,21.736789,-0.330197,10.233400,11.503389,0.346668,0.373311
95.800000,28.910460,5.527521,-2.591708,0.572009,0.013968,-0.042997,21.780749,-0.328271,10.259085,11.521664,0.347222,0.373684
95.833333,28.894423,5.517161,-2.593138,0.573170,0.013936,-0.042779,21.824756,-0.326346,10.284789,11.539966,0.347775,0.374057
95.866667,28.878337,5.506805,-2.594560,0.574334,0.013903,-0.042562,21.868805,-0.324423,10.310511,11.558294,0.348328,0.374431
95.900000,28.862203,5.496453,-2.595975,0.575501,0.013871,-0.042344,21.912897,-0.322503,10.336250,11.576646,0.348881,0.374804
95.933333,28.846021,5.486105,-2.597383,0.576669,0.013839,-0.042127,21.957027,-0.320585,10.362005,11.595023,0.349434,0.375178
95.966667,28.829790,5.475760,-2.598784,0.577839,0.013807,-0.041910,22.001195,-0.318669,10.387773,11.613422,0.349986,0.375552
96.000000,28.813511,5.465418,-2.600177,0.579011,0.013775,-0.041693,22.045398,-0.316755,10.413555,11.631843,0.350538,0.375926
96.033333,28.797183,5.455080,-2.601563,0.580185,0.013744,-0.041476,22.089634,-0.314843,10.439349,11.650285,0.351090,0.376300
96.066667,28.780807,5.444745,-2.602942,0.581361,0.013712,-0.041259,22.133900,-0.312934,10.465154,11.668747,0.351641,0.376675
96.100000,28.764383,5.434413,-2.604314,0.582538,0.013681,-0.041042,22.178196,-0.311028,10.490968,11.687228,0.352192,0.377049
96.133333,28.747910,5.424085,-2.605678,0.583718,0.013650,-0.040825,22.222518,-0.309124,10.516790,11.705728,0.352742,0.377424
96.166667,28.731389,5.413760,-2.607035,0.584899,0.013619,-0.040609,22.266865,-0.307223,10.542620,11.724245,0.353292,0.377798
96.200000,28.714819,5.403438,-2.608385,0.586081,0.013589,-0.040393,22.311234,-0.305324,10.568455,11.742779,0.353842,0.378173
96.233333,28.698201,5.393120,-2.609728,0.587265,0.013558,-0.040176,22.355623,-0.303428,10.594295,11.761328,0.354390,0.378547
96.266667,28.681535,5.382804,-2.611064,0.588451,0.013528,-0.039960,22.400031,-0.301536,10.620139,11.779892,0.354939,0.378922
96.300000,28.664820,5.372492,-2.612392,0.589638,0.013498,-0.039744,22.444455,-0.299646,10.645985,11.798469,0.355486,0.379297
96.333333,28.648057,5.362182,-2.613713,0.590826,0.013468,-0.039528,22.488892,-0.297759,10.671833,11.817060,0.356033,0.379671
96.366667,28.631246,5.351876,-2.615027,0.592015,0.013438,-0.039313,22.533342,-0.295875,10.697680,11.835662,0.356580,0.380046
96.400000,28.614386,5.341573,-2.616334,0.593206,0.013408,-0.039097,22.577801,-0.293995,10.723526,11.854276,0.357126,0.380420
96.433333,28.597478,5.331272,-2.617634,0.594398,0.013379,-0.038882,22.622268,-0.292118,10.749369,11.872899,0.357671,0.380795
96.466667,28.580522,5.320975,-2.618926,0.595591,0.013349,-0.038667,22.666741,-0.290244,10.775209,11.891532,0.358215,0.381169
96.500000,28.563517,5.310680,-2.620212,0.596785,0.013320,-0.038452,22.711217,-0.288374,10.801044,11.910173,0.358759,0.381543
96.533333,28.546464,5.300388,-2.621490,0.597981,0.013291,-0.038238,22.755694,-0.286507,10.826872,11.928822,0.359302,0.381917
96.566667,28.529364,5.290099,-2.622761,0.599177,0.013262,-0.038023,22.800171,-0.284644,10.852694,11.947477,0.359845,0.382291
96.600000,28.512215,5.279813,-2.624025,0.600374,0.013233,-0.037809,22.844645,-0.282784,10.878507,11.966138,0.360386,0.382665
96.633333,28.495017,5.269530,-2.625282,0.601572,0.013204,-0.037595,22.889114,-0.280928,10.904310,11.984804,0.360927,0.383038
96.666667,28.477772,5.259249,-2.626531,0.602770,0.013175,-0.037382,22.933576,-0.279076,10.930103,12.003473,0.361466,0.383411
96.700000,28.460479,5.248971,-2.627774,0.603970,0.013147,-0.037168,22.978029,-0.277228,10.955883,12.022146,0.362005,0.383784
96.733333,28.443138,5.238695,-2.629009,0.605170,0.013118,-0.036955,23.022471,-0.275384,10.981650,12.040820,0.362544,0.384157
96.766667,28.425748,5.228422,-2.630237,0.606370,0.013090,-0.036742,23.066899,-0.273544,11.007403,12.059496,0.363081,0.384530
96.800000,28.408311,5.218152,-2.631459,0.607572,0.013061,-0.036530,23.111312,-0.271708,11.033140,12.078172,0.363617,0.384902
96.833333,28.390826,5.207884,-2.632673,0.608773,0.013033,-0.036318,23.155708,-0.269876,11.058861,12.096847,0.364152,0.385274
96.866667,28.373293,5.197619,-2.633880,0.609976,0.013005,-0.036106,23.200084,-0.268049,11.084563,12.115521,0.364687,0.385646
96.900000,28.355712,5.187356,-2.635080,0.611178,0.012977,-0.035894,23.244438,-0.266226,11.110246,12.134192,0.365220,0.386017
96.933333,28.338083,5.177096,-2.636273,0.612381,0.012949,-0.035683,23.288769,-0.264407,11.135909,12.152860,0.365752,0.386388
96.966667,28.320407,5.166838,-2.637459,0.613584,0.012921,-0.035472,23.333074,-0.262593,11.161550,12.171524,0.366284,0.386758
97.000000,28.302683,5.156582,-2.638637,0.614787,0.012893,-0.035261,23.377351,-0.260784,11.187168,12.190183,0.366814,0.387129
97.033333,28.284911,5.146329,-2.639809,0.615991,0.012865,-0.035051,23.421598,-0.258979,11.212762,12.208836,0.367343,0.387498
97.066667,28.267091,5.136078,-2.640974,0.617195,0.012837,-0.034841,23.465813,-0.257179,11.238331,12.227482,0.367871,0.387868
97.100000,28.249224,5.125829,-2.642132,0.618398,0.012809,-0.034631,23.509994,-0.255384,11.263874,12.246120,0.368398,0.388237
97.133333,28.231310,5.115583,-2.643283,0.619602,0.012782,-0.034422,23.554139,-0.253594,11.289389,12.264750,0.368924,0.388605
97.166667,28.213348,5.105338,-2.644427,0.620805,0.012754,-0.034213,23.598245,-0.251809,11.314875,12.283370,0.369449,0.388973
97.200000,28.195339,5.095096,-2.645564,0.622009,0.012726,-0.034004,23.642311,-0.250028,11.340332,12.301980,0.369972,0.389341
97.233333,28.177282,5.084856,-2.646694,0.623212,0.012698,-0.033796,23.686335,-0.248253,11.365757,12.320578,0.370494,0.389708
97.266667,28.159179,5.074619,-2.647817,0.624415,0.012671,-0.033589,23.730315,-0.246484,11.391150,12.339164,0.371015,0.390074
97.300000,28.141028,5.064383,-2.648933,0.625618,0.012643,-0.033381,23.774247,-0.244719,11.416510,12.357738,0.371535,0.390440
97.333333,28.122829,5.054149,-2.650042,0.626820,0.012615,-0.033174,23.818132,-0.242960,11.441835,12.376297,0.372054,0.390806
97.366667,28.104584,5.043918,-2.651145,0.628022,0.012587,-0.032968,23.861965,-0.241207,11.467124,12.394842,0.372571,0.391170
97.400000,28.086292,5.033688,-2.652240,0.629224,0.012560,-0.032762,23.905746,-0.239459,11.492376,12.413371,0.373087,0.391535
97.433333,28.067953,5.023461,-2.653329,0.630425,0.012532,-0.032556,23.949473,-0.237716,11.517589,12.431883,0.373601,0.391898
97.466667,28.049567,5.013235,-2.654411,0.631625,0.012504,-0.032351,23.993139,-0.235980,11.542763,12.450377,0.374114,0.392261
97.500000,28.031134,5.003012,-2.655486,0.632825,0.012476,-0.032146,24.036718,-0.234248,11.567883,12.468836,0.374626,0.392624
97.533333,28.012654,4.992790,-2.656554,0.634024,0.012448,-0.031942,24.080200,-0.232520,11.592945,12.487255,0.375136,0.392985
97.566667,27.994128,4.982570,-2.657615,0.635222,0.012420,-0.031738,24.123579,-0.230798,11.617948,12.505632,0.375644,0.393344
97.600000,27.975555,4.972352,-2.658670,0.636419,0.012393,-0.031535,24.166853,-0.229080,11.642889,12.523965,0.376150,0.393703
97.633333,27.956935,4.962136,-2.659717,0.637615,0.012365,-0.031332,24.210018,-0.227366,11.667766,12.542252,0.376655,0.394061
97.666667,27.938270,4.951922,-2.660758,0.638809,0.012337,-0.031129,24.253068,-0.225658,11.692577,12.560491,0.377157,0.394417
97.700000,27.919558,4.941710,-2.661793,0.640003,0.012309,-0.030927,24.296001,-0.223953,11.717321,12.578680,0.377658,0.394772
97.733333,27.900799,4.931499,-2.662820,0.641195,0.012281,-0.030726,24.338812,-0.222254,11.741994,12.596818,0.378157,0.395126
97.766667,27.881995,4.921290,-2.663841,0.642385,0.012253,-0.030525,24.381498,-0.220560,11.766596,12.614902,0.378654,0.395479
97.800000,27.863144,4.911083,-2.664855,0.643574,0.012225,-0.030324,24.424053,-0.218870,11.791123,12.632930,0.379149,0.395830
97.833333,27.844248,4.900878,-2.665863,0.644761,0.012197,-0.030124,24.466474,-0.217185,11.815574,12.650900,0.379641,0.396180
97.866667,27.825306,4.890674,-2.666863,0.645946,0.012169,-0.029925,24.508758,-0.215504,11.839947,12.668810,0.380132,0.396529
97.900000,27.806318,4.880472,-2.667858,0.647130,0.012141,-0.029725,24.550900,-0.213829,11.864240,12.686659,0.380621,0.396876
97.933333,27.787284,4.870272,-2.668845,0.648311,0.012113,-0.029527,24.592895,-0.212158,11.888451,12.704444,0.381107,0.397221
97.966667,27.768205,4.860073,-2.669826,0.649490,0.012085,-0.029329,24.634741,-0.210493,11.912577,12.722164,0.381591,0.397565
98.000000,27.749081,4.849876,-2.670800,0.650666,0.012057,-0.029131,24.676432,-0.208832,11.936617,12.739815,0.382073,0.397908
98.033333,27.729911,4.839681,-2.671768,0.651840,0.012029,-0.028934,24.717966,-0.207176,11.960568,12.757398,0.382553,0.398249
98.066667,27.710697,4.829487,-2.672729,0.653012,0.012001,-0.028737,24.759337,-0.205525,11.984429,12.774908,0.383031,0.398588
98.100000,27.691437,4.819295,-2.673684,0.654181,0.011973,-0.028541,24.800543,-0.203878,12.008198,12.792345,0.383506,0.398925
98.133333,27.672132,4.809105,-2.674632,0.655347,0.011945,-0.028345,24.841578,-0.202237,12.031871,12.809707,0.383979,0.399261
98.166667,27.652783,4.798916,-2.675574,0.656511,0.011917,-0.028150,24.882439,-0.200601,12.055448,12.826991,0.384449,0.399595
98.200000,27.633389,4.788729,-2.676509,0.657671,0.011889,-0.027955,24.923122,-0.198970,12.078927,12.844195,0.384917,0.399928
98.233333,27.613951,4.778544,-2.677437,0.658829,0.011861,-0.027761,24.963623,-0.197344,12.102305,12.861319,0.385383,0.400258
98.266667,27.594468,4.768360,-2.678359,0.659983,0.011833,-0.027567,25.003938,-0.195722,12.125580,12.878358,0.385846,0.400587
98.300000,27.574941,4.758177,-2.679275,0.661134,0.011805,-0.027374,25.044063,-0.194106,12.148750,12.895313,0.386306,0.400914
98.333333,27.555371,4.747997,-2.680184,0.662281,0.011777,-0.027181,25.083993,-0.192495,12.171813,12.912180,0.386764,0.401239
98.366667,27.535756,4.737817,-2.681087,0.663425,0.011749,-0.026989,25.123725,-0.190890,12.194767,12.928958,0.387220,0.401562
98.400000,27.516098,4.727640,-2.681984,0.664566,0.011721,-0.026797,25.163255,-0.189289,12.217611,12.945645,0.387672,0.401883
98.433333,27.496396,4.717464,-2.682874,0.665702,0.011693,-0.026606,25.202579,-0.187693,12.240341,12.962238,0.388122,0.402202
98.466667,27.476651,4.707289,-2.683757,0.666835,0.011665,-0.026415,25.241693,-0.186103,12.262956,12.978736,0.388570,0.402519
98.500000,27.456862,4.697116,-2.684635,0.667964,0.011637,-0.026225,25.280592,-0.184518,12.285455,12.995138,0.389014,0.402834
98.533333,27.437031,4.686945,-2.685506,0.669089,0.011609,-0.026035,25.319274,-0.182938,12.307834,13.011440,0.389456,0.403147
98.566667,27.417157,4.676775,-2.686370,0.670210,0.011580,-0.025846,25.357733,-0.181363,12.330092,13.027641,0.389895,0.403458
98.600000,27.397240,4.666607,-2.687229,0.671326,0.011552,-0.025658,25.395966,-0.179793,12.352226,13.043739,0.390332,0.403766
98.633333,27.377281,4.656441,-2.688081,0.672438,0.011524,-0.025469,25.433969,-0.178229,12.374236,13.059733,0.390765,0.404072
98.666667,27.357279,4.646276,-2.688927,0.673545,0.011496,-0.025282,25.471737,-0.176670,12.396118,13.075619,0.391196,0.404377
98.700000,27.337235,4.636113,-2.689766,0.674648,0.011467,-0.025095,25.509268,-0.175117,12.417871,13.091397,0.391623,0.404678
98.733333,27.317150,4.625951,-2.690600,0.675746,0.011439,-0.024908,25.546556,-0.173569,12.439492,13.107064,0.392048,0.404978
98.766667,27.297022,4.615791,-2.691427,0.676840,0.011411,-0.024722,25.583598,-0.172026,12.460980,13.122618,0.392469,0.405275
98.800000,27.276854,4.605633,-2.692248,0.677928,0.011382,-0.024537,25.620390,-0.170488,12.482333,13.138057,0.392888,0.405570
98.833333,27.256643,4.595476,-2.693063,0.679011,0.011354,-0.024352,25.656928,-0.168957,12.503548,13.153380,0.393304,0.405862
98.866667,27.236392,4.585321,-2.693871,0.680090,0.011325,-0.024168,25.693208,-0.167430,12.524623,13.168585,0.393716,0.406152
98.900000,27.216100,4.575167,-2.694674,0.681163,0.011297,-0.023984,25.729226,-0.165909,12.545557,13.183669,0.394125,0.406440
98.933333,27.195767,4.565015,-2.695470,0.682230,0.011268,-0.023800,25.764977,-0.164393,12.566347,13.198630,0.394532,0.406725
98.966667,27.175393,4.554865,-2.696261,0.683292,0.011240,-0.023618,25.800459,-0.162883,12.586992,13.213467,0.394935,0.407007
99.000000,27.154980,4.544717,-2.697045,0.684349,0.011211,-0.023435,25.835667,-0.161379,12.607489,13.228178,0.395335,0.407287
99.033333,27.134526,4.534570,-2.697823,0.685399,0.011182,-0.023254,25.870596,-0.159880,12.627836,13.242760,0.395731,0.407564
99.066667,27.114033,4.524425,-2.698595,0.686444,0.011153,-0.023073,25.905244,-0.158387,12.648032,13.257212,0.396124,0.407839
99.100000,27.093499,4.514282,-2.699361,0.687484,0.011125,-0.022892,25.939606,-0.156899,12.668074,13.271532,0.396514,0.408111
99.133333,27.072927,4.504141,-2.700121,0.688517,0.011096,-0.022712,25.973678,-0.155417,12.687960,13.285718,0.396901,0.408380
99.166667,27.052315,4.494001,-2.700875,0.689544,0.011067,-0.022533,26.007456,-0.153941,12.707688,13.299768,0.397284,0.408647
99.200000,27.031665,4.483864,-2.701623,0.690564,0.011037,-0.022354,26.040936,-0.152470,12.727256,13.313680,0.397664,0.408910
99.233333,27.010975,4.473728,-2.702366,0.691579,0.011008,-0.022176,26.074115,-0.151005,12.746663,13.327452,0.398040,0.409171
99.266667,26.990248,4.463594,-2.703102,0.692586,0.010979,-0.021998,26.106988,-0.149546,12.765906,13.341082,0.398413,0.409430
99.300000,26.969482,4.453461,-2.703832,0.693588,0.010950,-0.021821,26.139551,-0.148092,12.784982,13.354568,0.398783,0.409685
99.333333,26.948678,4.443331,-2.704557,0.694582,0.010920,-0.021644,26.171800,-0.146645,12.803891,13.367909,0.399149,0.409937
99.366667,26.927837,4.433203,-2.705275,0.695570,0.010891,-0.021468,26.203732,-0.145203,12.822630,13.381102,0.399511,0.410187
99.400000,26.906958,4.423076,-2.705988,0.696551,0.010861,-0.021293,26.235342,-0.143767,12.841197,13.394145,0.399870,0.410433
99.433333,26.886042,4.412952,-2.706695,0.697525,0.010832,-0.021118,26.266627,-0.142336,12.859590,13.407037,0.400225,0.410677
99.466667,26.865090,4.402829,-2.707396,0.698492,0.010802,-0.020943,26.297582,-0.140912,12.877807,13.419775,0.400576,0.410917
99.500000,26.844100,4.392709,-2.708091,0.699452,0.010772,-0.020770,26.328204,-0.139493,12.895845,13.432358,0.400924,0.411155
99.533333,26.823075,4.382591,-2.708780,0.700404,0.010742,-0.020596,26.358488,-0.138081,12.913704,13.444784,0.401268,0.411389
99.566667,26.802013,4.372474,-2.709464,0.701349,0.010712,-0.020424,26.388431,-0.136674,12.931381,13.457050,0.401609,0.411621
99.600000,26.780915,4.362360,-2.710142,0.702287,0.010682,-0.020252,26.418029,-0.135273,12.948873,13.469156,0.401945,0.411849
99.633333,26.759782,4.352248,-2.710814,0.703216,0.010652,-0.020080,26.447278,-0.133879,12.966180,13.481098,0.402278,0.412074
99.666667,26.738614,4.342139,-2.711481,0.704138,0.010621,-0.019910,26.476173,-0.132490,12.983298,13.492875,0.402607,0.412295
99.700000,26.717410,4.332031,-2.712141,0.705052,0.010591,-0.019739,26.504711,-0.131107,13.000227,13.504485,0.402932,0.412514
99.733333,26.696172,4.321926,-2.712797,0.705959,0.010560,-0.019570,26.532889,-0.129730,13.016963,13.515926,0.403253,0.412729
99.766667,26.674900,4.311823,-2.713446,0.706857,0.010529,-0.019401,26.560701,-0.128360,13.033505,13.527197,0.403570,0.412941
99.800000,26.653594,4.301722,-2.714090,0.707746,0.010499,-0.019232,26.588145,-0.126995,13.049851,13.538294,0.403883,0.413150
99.833333,26.632254,4.291624,-2.714728,0.708628,0.010468,-0.019065,26.615215,-0.125637,13.065998,13.549217,0.404192,0.413355
99.866667,26.610880,4.281528,-2.715361,0.709501,0.010437,-0.018897,26.641909,-0.124285,13.081946,13.559964,0.404498,0.413557
99.900000,26.589473,4.271434,-2.715988,0.710366,0.010406,-0.018731,26.668223,-0.122938,13.097691,13.570531,0.404799,0.413755
99.933333,26.568034,4.261343,-2.716610,0.711222,0.010374,-0.018565,26.694151,-0.121598,13.113232,13.580919,0.405096,0.413950
99.966667,26.546561,4.251255,-2.717226,0.712069,0.010343,-0.018399,26.719691,-0.120265,13.128568,13.591124,0.405389,0.414141
100.000000,26.525057,4.241169,-2.717836,0.712908,0.010312,-0.018234,26.744839,-0.118937,13.143694,13.601145,0.405677,0.414329
100.033333,26.503521,4.231086,-2.718441,0.713738,0.010280,-0.018070,26.769590,-0.117616,13.158611,13.610979,0.405962,0.414513
100.066667,26.481953,4.221005,-2.719041,0.714558,0.010248,-0.017907,26.793941,-0.116301,13.173316,13.620626,0.406242,0.414694
100.100000,26.460354,4.210927,-2.719635,0.715369,0.010217,-0.017744,26.817888,-0.114992,13.187806,13.630082,0.406518,0.414871
100.133333,26.438724,4.200852,-2.720224,0.716172,0.010185,-0.017581,26.841427,-0.113689,13.202080,13.639346,0.406790,0.415045
100.166667,26.417063,4.190779,-2.720807,0.716964,0.010153,-0.017420,26.864553,-0.112393,13.216137,13.648417,0.407058,0.415214
100.200000,26.395372,4.180710,-2.721385,0.717748,0.010121,-0.017259,26.887264,-0.111103,13.229973,13.657291,0.407321,0.415380
100.233333,26.373651,4.170643,-2.721958,0.718521,0.010088,-0.017098,26.909555,-0.109819,13.243586,13.665968,0.407580,0.415543
100.266667,26.351901,4.160579,-2.722525,0.719285,0.010056,-0.016938,26.931422,-0.108542,13.256976,13.674446,0.407834,0.415701
100.300000,26.330121,4.150518,-2.723087,0.720040,0.010024,-0.016779,26.952861,-0.107271,13.270140,13.682721,0.408084,0.415856
100.333333,26.308313,4.140461,-2.723644,0.720784,0.009991,-0.016621,26.973869,-0.106007,13.283075,13.690793,0.408330,0.416006
100.366667,26.286476,4.130406,-2.724195,0.721518,0.009959,-0.016463,26.994441,-0.104749,13.295781,13.698660,0.408571,0.416153
100.400000,26.264610,4.120354,-2.724741,0.722242,0.009926,-0.016305,27.014574,-0.103497,13.308254,13.706320,0.408808,0.416296
100.433333,26.242717,4.110306,-2.725282,0.722956,0.009893,-0.016149,27.034263,-0.102252,13.320493,13.713770,0.409040,0.416435
100.466667,26.220797,4.100261,-2.725818,0.723660,0.009860,-0.015993,27.053505,-0.101013,13.332496,13.721009,0.409267,0.416571
100.500000,26.198849,4.090219,-2.726348,0.724353,0.009827,-0.015837,27.072296,-0.099781,13.344262,13.728035,0.409490,0.416702
100.533333,26.176875,4.080180,-2.726874,0.725036,0.009794,-0.015683,27.090632,-0.098555,13.355787,13.734846,0.409708,0.416829
100.566667,26.154874,4.070145,-2.727394,0.725708,0.009761,-0.015529,27.108510,-0.097336,13.367070,13.741439,0.409921,0.416952
100.600000,26.132847,4.060114,-2.727909,0.726369,0.009727,-0.015375,27.125924,-0.096123,13.378109,13.747815,0.410130,0.417070
100.633333,26.110795,4.050086,-2.728419,0.727019,0.009694,-0.015222,27.142872,-0.094917,13.388903,13.753969,0.410334,0.417185
100.666667,26.088718,4.040061,-2.728924,0.727659,0.009661,-0.015070,27.159349,-0.093718,13.399448,13.759901,0.410534,0.417296
100.700000,26.066615,4.030040,-2.729423,0.728287,0.009627,-0.014919,27.175352,-0.092525,13.409744,13.765608,0.410728,0.417402
100.733333,26.044488,4.020023,-2.729918,0.728904,0.009593,-0.014768,27.190876,-0.091338,13.419788,13.771088,0.410918,0.417504
100.766667,26.022338,4.010010,-2.730408,0.729510,0.009560,-0.014618,27.205918,-0.090158,13.429578,13.776340,0.411102,0.417602
100.800000,26.000163,4.000000,-2.730893,0.730105,0.009526,-0.014468,27.220474,-0.088985,13.439112,13.781362,0.411282,0.417695
100.833333,25.977965,3.989994,-2.731373,0.730688,0.009492,-0.014319,27.234540,-0.087819,13.448388,13.786152,0.411457,0.417784
100.866667,25.955745,3.979993,-2.731847,0.731259,0.009458,-0.014171,27.248112,-0.086659,13.457405,13.790707,0.411627,0.417869
100.900000,25.933501,3.969995,-2.732317,0.731819,0.009425,-0.014024,27.261186,-0.085505,13.466160,13.795026,0.411792,0.417950
100.933333,25.911236,3.960001,-2.732782,0.732366,0.009391,-0.013877,27.273759,-0.084359,13.474651,13.799108,0.411952,0.418025
100.966667,25.888949,3.950012,-2.733242,0.732902,0.009357,-0.013731,27.285826,-0.083219,13.482877,13.802949,0.412107,0.418097
101.000000,25.866641,3.940027,-2.733698,0.733426,0.009323,-0.013585,27.297383,-0.082085,13.490835,13.806548,0.412257,0.418164
101.033333,25.844312,3.930046,-2.734148,0.733938,0.009289,-0.013441,27.308428,-0.080959,13.498524,13.809904,0.412402,0.418226
101.066667,25.821963,3.920069,-2.734594,0.734437,0.009255,-0.013296,27.318955,-0.079839,13.505941,13.813014,0.412541,0.418284
101.100000,25.799594,3.910097,-2.735035,0.734924,0.009221,-0.013153,27.328982,-0.078725,13.513096,13.815886,0.412676,0.418337
101.133333,25.777205,3.900130,-2.735471,0.735399,0.009187,-0.013010,27.338518,-0.077618,13.519995,13.818524,0.412806,0.418386
101.166667,25.754797,3.890167,-2.735902,0.735861,0.009153,-0.012868,27.347562,-0.076516,13.526636,13.820926,0.412930,0.418431
101.200000,25.732371,3.880208,-2.736329,0.736311,0.009119,-0.012727,27.356111,-0.075419,13.533018,13.823093,0.413050,0.418471
101.233333,25.709926,3.870255,-2.736750,0.736748,0.009084,-0.012586,27.364164,-0.074329,13.539142,13.825022,0.413165,0.418507
101.266667,25.687463,3.860306,-2.737168,0.737173,0.009050,-0.012446,27.371718,-0.073244,13.545005,13.826713,0.413276,0.418539
101.300000,25.664983,3.850362,-2.737580,0.737585,0.009016,-0.012306,27.378772,-0.072165,13.550607,13.828165,0.413381,0.418566
101.333333,25.642486,3.840423,-2.737988,0.737984,0.008981,-0.012168,27.385323,-0.071092,13.555946,13.829377,0.413481,0.418588
101.366667,25.619973,3.830489,-2.738391,0.738370,0.008947,-0.012030,27.391371,-0.070025,13.561022,13.830348,0.413576,0.418606
101.400000,25.597443,3.820561,-2.738790,0.738744,0.008912,-0.011892,27.396911,-0.068963,13.565834,13.831077,0.413667,0.418620
101.433333,25.574898,3.810637,-2.739184,0.739104,0.008877,-0.011755,27.401944,-0.067907,13.570381,13.831563,0.413752,0.418629
101.466667,25.552337,3.800719,-2.739574,0.739452,0.008842,-0.011619,27.406466,-0.066857,13.574662,13.831804,0.413832,0.418633
101.500000,25.529762,3.790806,-2.739959,0.739787,0.008807,-0.011484,27.410476,-0.065813,13.578675,13.831801,0.413908,0.418633
101.533333,25.507172,3.780898,-2.740339,0.740108,0.008772,-0.011349,27.413972,-0.064774,13.582421,13.831551,0.413978,0.418629
101.566667,25.484569,3.770996,-2.740715,0.740417,0.008737,-0.011215,27.416951,-0.063741,13.585897,13.831054,0.414043,0.418619
101.600000,25.461952,3.761100,-2.741087,0.740712,0.008701,-0.011081,27.419413,-0.062713,13.589104,13.830309,0.414103,0.418605
101.633333,25.439322,3.751209,-2.741454,0.740994,0.008666,-0.010948,27.421355,-0.061692,13.592039,13.829315,0.414158,0.418587
101.666667,25.416680,3.741325,-2.741817,0.741263,0.008630,-0.010816,27.422774,-0.060676,13.594703,13.828071,0.414208,0.418564
101.700000,25.394025,3.731446,-2.742175,0.741519,0.008593,-0.010685,27.423670,-0.059665,13.597094,13.826576,0.414253,0.418536
101.733333,25.371359,3.721573,-2.742529,0.741761,0.008557,-0.010554,27.424040,-0.058660,13.599211,13.824828,0.414293,0.418504
101.766667,25.348682,3.711706,-2.742879,0.741990,0.008521,-0.010423,27.423882,-0.057661,13.601054,13.822828,0.414327,0.418466
101.800000,25.325994,3.701845,-2.743224,0.742205,0.008484,-0.010294,27.423194,-0.056667,13.602621,13.820573,0.414357,0.418425
101.833333,25.303296,3.691990,-2.743565,0.742407,0.008447,-0.010165,27.421974,-0.055679,13.603911,13.818063,0.414381,0.418378
101.866667,25.280588,3.682142,-2.743902,0.742595,0.008410,-0.010036,27.420221,-0.054697,13.604924,13.815297,0.414400,0.418326
101.900000,25.257870,3.672300,-2.744234,0.742769,0.008372,-0.009908,27.417933,-0.053720,13.605659,13.812274,0.414414,0.418270
101.933333,25.235144,3.662465,-2.744562,0.742930,0.008334,-0.009781,27.415106,-0.052749,13.606114,13.808993,0.414422,0.418209
101.966667,25.212409,3.652636,-2.744886,0.743077,0.008296,-0.009654,27.411741,-0.051783,13.606288,13.805452,0.414425,0.418143
102.000000,25.189667,3.642814,-2.745206,0.743210,0.008258,-0.009528,27.407834,-0.050822,13.606182,13.801652,0.414423,0.418073
102.033333,25.166917,3.632998,-2.745521,0.743329,0.008220,-0.009403,27.403383,-0.049867,13.605793,13.797591,0.414416,0.417997
102.066667,25.144159,3.623190,-2.745833,0.743435,0.008181,-0.009278,27.398388,-0.048918,13.605121,13.793267,0.414404,0.417917
102.100000,25.121396,3.613388,-2.746140,0.743526,0.008142,-0.009154,27.392845,-0.047974,13.604165,13.788680,0.414386,0.417831
102.133333,25.098626,3.603594,-2.746443,0.743603,0.008102,-0.009031,27.386753,-0.047036,13.602924,13.783830,0.414362,0.417741
102.166667,25.075850,3.593807,-2.746742,0.743667,0.008062,-0.008908,27.380110,-0.046102,13.601397,13.778714,0.414334,0.417646
102.200000,25.053070,3.584027,-2.747037,0.743716,0.008022,-0.008785,27.372915,-0.045175,13.599583,13.773332,0.414300,0.417546
102.233333,25.030284,3.574254,-2.747328,0.743751,0.007982,-0.008664,27.365164,-0.044252,13.597481,13.767683,0.414260,0.417441
102.266667,25.007495,3.564489,-2.747615,0.743772,0.007942,-0.008542,27.356857,-0.043335,13.595091,13.761766,0.414216,0.417330
102.300000,24.984702,3.554732,-2.747897,0.743778,0.007901,-0.008422,27.347990,-0.042424,13.592411,13.755580,0.414165,0.417215
102.333333,24.961905,3.544982,-2.748176,0.743770,0.007859,-0.008302,27.338564,-0.041518,13.589440,13.749123,0.414110,0.417095
102.366667,24.939106,3.535240,-2.748451,0.743748,0.007818,-0.008183,27.328574,-0.040617,13.586178,13.742396,0.414048,0.416969
102.400000,24.916305,3.525505,-2.748722,0.743711,0.007776,-0.008064,27.318021,-0.039721,13.582624,13.735397,0.413982,0.416839
102.433333,24.893501,3.515779,-2.748988,0.743660,0.007734,-0.007946,27.306901,-0.038830,13.578776,13.728124,0.413910,0.416703
102.466667,24.870697,3.506061,-2.749251,0.743594,0.007691,-0.007828,27.295212,-0.037945,13.574634,13.720578,0.413832,0.416563
102.500000,24.847891,3.496351,-2.749510,0.743514,0.007648,-0.007711,27.282954,-0.037065,13.570197,13.712756,0.413749,0.416417
102.533333,24.825086,3.486649,-2.749765,0.743419,0.007605,-0.007594,27.270123,-0.036191,13.565464,13.704659,0.413660,0.416265
102.566667,24.802280,3.476956,-2.750017,0.743309,0.007562,-0.007479,27.256719,-0.035321,13.560434,13.696284,0.413565,0.416109
102.600000,24.779475,3.467271,-2.750264,0.743184,0.007518,-0.007363,27.242738,-0.034457,13.555106,13.687632,0.413465,0.415947
102.633333,24.756671,3.457595,-2.750507,0.743045,0.007474,-0.007249,27.228180,-0.033597,13.549479,13.678700,0.413360,0.415781
102.666667,24.733869,3.447928,-2.750747,0.742891,0.007429,-0.007134,27.213042,-0.032743,13.543553,13.669489,0.413248,0.415608
102.700000,24.711069,3.438269,-2.750983,0.742722,0.007384,-0.007021,27.197322,-0.031894,13.537326,13.659996,0.413131,0.415431
102.733333,24.688271,3.428620,-2.751215,0.742538,0.007339,-0.006908,27.181019,-0.031050,13.530797,13.650222,0.413009,0.415248
102.766667,24.665477,3.418979,-2.751444,0.742339,0.007293,-0.006795,27.164130,-0.030211,13.523966,13.640164,0.412880,0.415060
102.800000,24.642686,3.409348,-2.751668,0.742124,0.007247,-0.006683,27.146655,-0.029378,13.516832,13.629823,0.412746,0.414866
102.833333,24.619900,3.399726,-2.751889,0.741895,0.007201,-0.006572,27.128589,-0.028549,13.509393,13.619196,0.412606,0.414667
102.866667,24.597118,3.390114,-2.752106,0.741651,0.007154,-0.006461,27.109933,-0.027725,13.501650,13.608284,0.412460,0.414463
102.900000,24.574341,3.380511,-2.752320,0.741391,0.007107,-0.006351,27.090684,-0.026906,13.493600,13.597084,0.412309,0.414253
102.933333,24.551569,3.370917,-2.752530,0.741116,0.007060,-0.006241,27.070840,-0.026092,13.485243,13.585597,0.412152,0.414038
102.966667,24.528804,3.361334,-2.752736,0.740825,0.007012,-0.006132,27.050399,-0.025283,13.476578,13.573820,0.411988,0.413817
103.000000,24.506046,3.351760,-2.752939,0.740520,0.006964,-0.006023,27.029359,-0.024479,13.467605,13.561754,0.411819,0.413590
103.033333,24.483294,3.342197,-2.753137,0.740198,0.006915,-0.005915,27.007719,-0.023679,13.458322,13.549396,0.411645,0.413358
103.066667,24.460550,3.332643,-2.753333,0.739862,0.006867,-0.005807,26.985476,-0.022885,13.448729,13.536747,0.411464,0.413120
103.100000,24.437815,3.323100,-2.753525,0.739509,0.006818,-0.005700,26.962629,-0.022095,13.438824,13.523805,0.411277,0.412877
103.133333,24.415088,3.313567,-2.753713,0.739141,0.006768,-0.005594,26.939175,-0.021310,13.428607,13.510569,0.411084,0.412628
103.166667,24.392370,3.304045,-2.753898,0.738758,0.006718,-0.005488,26.915114,-0.020530,13.418076,13.497037,0.410885,0.412374
103.200000,24.369662,3.294533,-2.754079,0.738359,0.006668,-0.005382,26.890442,-0.019754,13.407232,13.483210,0.410681,0.412113
103.233333,24.346964,3.285032,-2.754256,0.737944,0.006618,-0.005278,26.865158,-0.018984,13.396072,13.469086,0.410470,0.411847
103.266667,24.324277,3.275542,-2.754431,0.737513,0.006567,-0.005173,26.839261,-0.018218,13.384597,13.454664,0.410253,0.411576
103.300000,24.301601,3.266063,-2.754601,0.737066,0.006515,-0.005069,26.812748,-0.017456,13.372804,13.439943,0.410030,0.411298
103.333333,24.278937,3.256595,-2.754769,0.736604,0.006464,-0.004966,26.785617,-0.016699,13.360695,13.424922,0.409801,0.411015
103.366667,24.256285,3.247138,-2.754932,0.736125,0.006412,-0.004863,26.757867,-0.015947,13.348266,13.409601,0.409566,0.410725
103.400000,24.233647,3.237693,-2.755093,0.735631,0.006360,-0.004761,26.729495,-0.015199,13.335518,13.393977,0.409324,0.410430
103.433333,24.211021,3.228259,-2.755250,0.735120,0.006307,-0.004659,26.700501,-0.014456,13.322450,13.378050,0.409077,0.410129
103.466667,24.188409,3.218837,-2.755403,0.734593,0.006255,-0.004558,26.670881,-0.013717,13.309061,13.361820,0.408823,0.409822
103.500000,24.165812,3.209427,-2.755554,0.734050,0.006201,-0.004457,26.640634,-0.012983,13.295349,13.345285,0.408563,0.409509
103.533333,24.143230,3.200029,-2.755700,0.733491,0.006148,-0.004356,26.609758,-0.012253,13.281315,13.328443,0.408297,0.409190
103.566667,24.120663,3.190642,-2.755844,0.732916,0.006094,-0.004257,26.578252,-0.011528,13.266957,13.311295,0.408024,0.408865
103.600000,24.098112,3.181268,-2.755984,0.732324,0.006040,-0.004157,26.546112,-0.010807,13.252274,13.293839,0.407745,0.408534
103.633333,24.075578,3.171906,-2.756121,0.731716,0.005986,-0.004059,26.513339,-0.010090,13.237265,13.276074,0.407460,0.408197
103.666667,24.053061,3.162557,-2.756255,0.731091,0.005931,-0.003960,26.479929,-0.009378,13.221930,13.257999,0.407168,0.407854
103.700000,24.030562,3.153220,-2.756385,0.730450,0.005876,-0.003862,26.445880,-0.008670,13.206267,13.239613,0.406870,0.407504
103.733333,24.008080,3.143896,-2.756512,0.729793,0.005820,-0.003765,26.411192,-0.007966,13.190277,13.220915,0.406566,0.407149
103.766667,23.985618,3.134585,-2.756636,0.729119,0.005765,-0.003668,26.375862,-0.007266,13.173957,13.201905,0.406255,0.406787
103.800000,23.963174,3.125287,-2.756757,0.728428,0.005709,-0.003572,26.339887,-0.006571,13.157307,13.182580,0.405937,0.406419
103.833333,23.940751,3.116002,-2.756874,0.727721,0.005653,-0.003476,26.303267,-0.005880,13.140326,13.162941,0.405613,0.406045
103.866667,23.918347,3.106730,-2.756989,0.726996,0.005596,-0.003381,26.265999,-0.005193,13.123014,13.142986,0.405283,0.405664
103.900000,23.895965,3.097472,-2.757100,0.726255,0.005540,-0.003286,26.228082,-0.004510,13.105369,13.122713,0.404945,0.405277
103.933333,23.873604,3.088227,-2.757208,0.725498,0.005483,-0.003191,26.189514,-0.003831,13.087390,13.102123,0.404602,0.404883
103.966667,23.851265,3.078996,-2.757313,0.724723,0.005426,-0.003097,26.150292,-0.003156,13.069077,13.081214,0.404251,0.404484
104.000000,23.828949,3.069779,-2.757414,0.723931,0.005368,-0.003004,26.110415,-0.002485,13.050429,13.059986,0.403894,0.404077
104.033333,23.806655,3.060576,-2.757513,0.723123,0.005311,-0.002911,26.069881,-0.001818,13.031445,13.038436,0.403531,0.403664
104.066667,23.784385,3.051387,-2.757608,0.722297,0.005253,-0.002818,26.028688,-0.001155,13.012124,13.016564,0.403160,0.403245
104.100000,23.762140,3.042212,-2.757701,0.721454,0.005195,-0.002726,25.986835,-0.000495,12.992465,12.994370,0.402783,0.402819
104.133333,23.739919,3.033052,-2.757790,0.720594,0.005136,-0.002634,25.944319,0.000160,12.972467,12.971852,0.402399,0.402387
104.166667,23.717724,3.023906,-2.757876,0.719717,0.005078,-0.002543,25.901138,0.000812,12.952130,12.949008,0.402008,0.401948
104.200000,23.695554,3.014775,-2.757960,0.718823,0.005019,-0.002453,25.857291,0.001459,12.931452,12.925839,0.401610,0.401502
104.233333,23.673411,3.005660,-2.758040,0.717911,0.004960,-0.002362,25.812776,0.002103,12.910433,12.902343,0.401205,0.401049
104.266667,23.651295,2.996559,-2.758117,0.716982,0.004901,-0.002272,25.767591,0.002744,12.889072,12.878519,0.400794,0.400590
104.300000,23.629206,2.987473,-2.758191,0.716036,0.004841,-0.002183,25.721735,0.003380,12.867368,12.854367,0.400375,0.400124
104.333333,23.607146,2.978402,-2.758263,0.715072,0.004782,-0.002094,25.675204,0.004013,12.845320,12.829884,0.399949,0.399651
104.366667,23.585114,2.969348,-2.758331,0.714090,0.004722,-0.002006,25.627998,0.004643,12.822927,12.805071,0.399517,0.399172
104.400000,23.563112,2.960308,-2.758396,0.713092,0.004662,-0.001918,25.580114,0.005269,12.800189,12.779925,0.399077,0.398685
104.433333,23.541139,2.951285,-2.758459,0.712075,0.004603,-0.001830,25.531551,0.005891,12.777104,12.754447,0.398630,0.398191
104.466667,23.519197,2.942278,-2.758518,0.711041,0.004542,-0.001743,25.482307,0.006510,12.753672,12.728635,0.398176,0.397691
104.500000,23.497285,2.933286,-2.758575,0.709989,0.004482,-0.001656,25.432379,0.007125,12.729892,12.702488,0.397715,0.397183
104.533333,23.475405,2.924311,-2.758629,0.708919,0.004422,-0.001570,25.381767,0.007737,12.705762,12.676005,0.397247,0.396669
104.566667,23.453558,2.915353,-2.758680,0.707832,0.004361,-0.001484,25.330468,0.008345,12.681283,12.649185,0.396771,0.396147
104.600000,23.431743,2.906411,-2.758728,0.706726,0.004301,-0.001398,25.278481,0.008951,12.656453,12.622028,0.396288,0.395618
104.633333,23.409961,2.897486,-2.758773,0.705603,0.004240,-0.001313,25.225802,0.009552,12.631271,12.594531,0.395798,0.395082
104.666667,23.388214,2.888577,-2.758815,0.704462,0.004180,-0.001229,25.172432,0.010151,12.605737,12.566695,0.395300,0.394538
104.700000,23.366500,2.879686,-2.758855,0.703303,0.004119,-0.001145,25.118395,0.010746,12.579864,12.538531,0.394796,0.393988
104.733333,23.344822,2.870812,-2.758892,0.702126,0.004058,-0.001061,25.063740,0.011338,12.553675,12.510066,0.394284,0.393431
104.766667,23.323179,2.861956,-2.758925,0.700931,0.003997,-0.000977,25.008472,0.011927,12.527173,12.481300,0.393766,0.392868
104.800000,23.301573,2.853117,-2.758957,0.699718,0.003936,-0.000894,24.952593,0.012512,12.500359,12.452234,0.393241,0.392298
104.833333,23.280003,2.844296,-2.758985,0.698487,0.003875,-0.000812,24.896105,0.013094,12.473234,12.422871,0.392710,0.391721
104.866667,23.258470,2.835492,-2.759011,0.697239,0.003814,-0.000730,24.839011,0.013673,12.445800,12.393211,0.392172,0.391138
104.900000,23.236976,2.826707,-2.759034,0.695973,0.003753,-0.000648,24.781314,0.014248,12.418058,12.363256,0.391627,0.390549
104.933333,23.215520,2.817940,-2.759054,0.694689,0.003691,-0.000567,24.723015,0.014821,12.390009,12.333006,0.391075,0.389953
104.966667,23.194103,2.809191,-2.759072,0.693388,0.003630,-0.000486,24.664119,0.015390,12.361655,12.302464,0.390517,0.389350
105.000000,23.172725,2.800461,-2.759086,0.692070,0.003569,-0.000405,24.604626,0.015956,12.332997,12.271629,0.389953,0.388741
105.033333,23.151388,2.791750,-2.759099,0.690734,0.003507,-0.000325,24.544540,0.016518,12.304036,12.240504,0.389381,0.388126
105.066667,23.130092,2.783057,-2.759108,0.689381,0.003446,-0.000246,24.483864,0.017078,12.274773,12.209090,0.388803,0.387503
105.100000,23.108836,2.774384,-2.759115,0.688011,0.003384,-0.000166,24.422599,0.017634,12.245211,12.177388,0.388219,0.386875
105.133333,23.087623,2.765729,-2.759119,0.686624,0.003322,-0.000087,24.360748,0.018187,12.215350,12.145399,0.387627,0.386240
105.166667,23.066452,2.757094,-2.759121,0.685219,0.003260,-0.000009,24.298315,0.018737,12.185191,12.113124,0.387030,0.385598
105.200000,23.045324,2.748479,-2.759120,0.683798,0.003199,0.000069,24.235301,0.019284,12.154736,12.080565,0.386425,0.384950
105.233333,23.024239,2.739883,-2.759116,0.682360,0.003137,0.000147,24.171710,0.019828,12.123986,12.047723,0.385814,0.384295
105.266667,23.003198,2.731307,-2.759110,0.680905,0.003075,0.000224,24.107543,0.020369,12.092943,12.014600,0.385196,0.383634
105.300000,22.982202,2.722751,-2.759101,0.679433,0.003013,0.000301,24.042803,0.020907,12.061608,11.981195,0.384572,0.382966
105.333333,22.961251,2.714215,-2.759090,0.677944,0.002951,0.000378,23.977493,0.021442,12.029982,11.947511,0.383941,0.382292
105.366667,22.940345,2.705699,-2.759076,0.676439,0.002888,0.000454,23.911616,0.021974,11.998066,11.913550,0.383303,0.381611
105.400000,22.919486,2.697204,-2.759060,0.674917,0.002826,0.000530,23.845173,0.022503,11.965862,11.879311,0.382659,0.380923
105.433333,22.898674,2.688729,-2.759041,0.673379,0.002764,0.000605,23.778168,0.023030,11.933372,11.844796,0.382008,0.380230
105.466667,22.877908,2.680275,-2.759019,0.671824,0.002701,0.000680,23.710603,0.023553,11.900595,11.810008,0.381351,0.379529
105.500000,22.857191,2.671842,-2.758995,0.670253,0.002639,0.000755,23.642480,0.024073,11.867535,11.774946,0.380687,0.378822
105.533333,22.836521,2.663430,-2.758969,0.668665,0.002577,0.000829,23.573803,0.024591,11.834192,11.739612,0.380016,0.378109
105.566667,22.815901,2.655040,-2.758940,0.667061,0.002514,0.000903,23.504574,0.025106,11.800567,11.704007,0.379339,0.377389
105.600000,22.795330,2.646670,-2.758909,0.665442,0.002452,0.000976,23.434795,0.025617,11.766662,11.668133,0.378655,0.376662
105.633333,22.774808,2.638323,-2.758875,0.663806,0.002389,0.001050,23.364469,0.026127,11.732478,11.631991,0.377965,0.375929
105.666667,22.754337,2.629996,-2.758839,0.662154,0.002326,0.001122,23.293598,0.026633,11.698016,11.595582,0.377267,0.375189
105.700000,22.733917,2.621692,-2.758800,0.660486,0.002264,0.001195,23.222185,0.027137,11.663278,11.558907,0.376564,0.374443
105.733333,22.713548,2.613410,-2.758759,0.658802,0.002201,0.001267,23.150233,0.027638,11.628266,11.521967,0.375853,0.373691
105.766667,22.693231,2.605150,-2.758716,0.657102,0.002138,0.001339,23.077744,0.028136,11.592979,11.484765,0.375137,0.372931
105.800000,22.672967,2.596912,-2.758670,0.655387,0.002075,0.001410,23.004721,0.028631,11.557421,11.447300,0.374413,0.372165
105.833333,22.652755,2.588697,-2.758622,0.653656,0.002013,0.001481,22.931166,0.029124,11.521592,11.409575,0.373683,0.371393
105.866667,22.632597,2.580504,-2.758571,0.651910,0.001950,0.001551,22.857082,0.029615,11.485493,11.371590,0.372946,0.370614
105.900000,22.612492,2.572334,-2.758518,0.650147,0.001887,0.001622,22.782472,0.030102,11.449125,11.333346,0.372203,0.369828
105.933333,22.592442,2.564187,-2.758463,0.648370,0.001824,0.001691,22.707337,0.030588,11.412491,11.294846,0.371453,0.369036
105.966667,22.572447,2.556062,-2.758406,0.646577,0.001761,0.001761,22.631681,0.031070,11.375591,11.256090,0.370696,0.368238
106.000000,22.552507,2.547962,-2.758346,0.644769,0.001698,0.001830,22.555506,0.031550,11.338427,11.217079,0.369933,0.367432
106.033333,22.532623,2.539884,-2.758284,0.642945,0.001636,0.001899,22.478815,0.032028,11.301000,11.177815,0.369163,0.366620
106.066667,22.512796,2.531830,-2.758219,0.641106,0.001573,0.001967,22.401611,0.032503,11.263311,11.138299,0.368387,0.365802
106.100000,22.493025,2.523800,-2.758152,0.639253,0.001510,0.002036,22.323895,0.032976,11.225362,11.098532,0.367603,0.364977
106.133333,22.473311,2.515793,-2.758083,0.637384,0.001447,0.002103,22.245670,0.033446,11.187154,11.058516,0.366814,0.364145
106.166667,22.453655,2.507811,-2.758012,0.635500,0.001384,0.002171,22.166940,0.033914,11.148689,11.018251,0.366017,0.363307
106.200000,22.434058,2.499852,-2.757939,0.633601,0.001321,0.002238,22.087706,0.034379,11.109967,10.977739,0.365214,0.362462
106.233333,22.414519,2.491918,-2.757863,0.631688,0.001259,0.002305,22.007971,0.034842,11.070990,10.936981,0.364405,0.361610
106.266667,22.395040,2.484008,-2.757785,0.629759,0.001196,0.002371,21.927738,0.035303,11.031760,10.895979,0.363588,0.360752
106.300000,22.375620,2.476123,-2.757705,0.627816,0.001133,0.002437,21.847010,0.035762,10.992277,10.854733,0.362765,0.359887
106.333333,22.356260,2.468263,-2.757623,0.625859,0.001070,0.002503,21.765788,0.036218,10.952543,10.813245,0.361936,0.359016
106.366667,22.336961,2.460427,-2.757538,0.623886,0.001008,0.002568,21.684076,0.036672,10.912560,10.771515,0.361099,0.358138
106.400000,22.317723,2.452617,-2.757451,0.621900,0.000945,0.002633,21.601875,0.037123,10.872328,10.729547,0.360256,0.357253
106.433333,22.298546,2.444831,-2.757363,0.619899,0.000882,0.002698,21.519189,0.037573,10.831850,10.687340,0.359407,0.356361
106.466667,22.279432,2.437071,-2.757272,0.617883,0.000820,0.002762,21.436021,0.038020,10.791125,10.644895,0.358551,0.355463
106.500000,22.260380,2.429336,-2.757178,0.615854,0.000757,0.002826,21.352372,0.038465,10.750157,10.602215,0.357688,0.354558
106.533333,22.241390,2.421627,-2.757083,0.613810,0.000695,0.002890,21.268245,0.038908,10.708945,10.559300,0.356818,0.353647
106.566667,22.222464,2.413944,-2.756986,0.611752,0.000633,0.002953,21.183643,0.039348,10.667492,10.516151,0.355942,0.352729
106.600000,22.203602,2.406287,-2.756886,0.609679,0.000570,0.003017,21.098569,0.039787,10.625798,10.472771,0.355059,0.351804
106.633333,22.184804,2.398655,-2.756785,0.607593,0.000508,0.003079,21.013024,0.040224,10.583865,10.429159,0.354169,0.350872
106.666667,22.166071,2.391050,-2.756681,0.605493,0.000446,0.003142,20.927013,0.040658,10.541695,10.385317,0.353273,0.349934
106.700000,22.147403,2.383471,-2.756575,0.603379,0.000384,0.003204,20.840536,0.041091,10.499288,10.341248,0.352369,0.348989
106.733333,22.128800,2.375919,-2.756467,0.601252,0.000322,0.003266,20.753597,0.041521,10.456647,10.296950,0.351460,0.348037
106.766667,22.110264,2.368393,-2.756358,0.599110,0.000260,0.003327,20.666198,0.041950,10.413771,10.252427,0.350543,0.347078
106.800000,22.091794,2.360894,-2.756246,0.596955,0.000199,0.003388,20.578343,0.042376,10.370664,10.207679,0.349620,0.346113
106.833333,22.073390,2.353422,-2.756132,0.594787,0.000137,0.003449,20.490032,0.042801,10.327325,10.162707,0.348690,0.345141
106.866667,22.055054,2.345977,-2.756016,0.592605,0.000075,0.003510,20.401270,0.043223,10.283756,10.117514,0.347753,0.344162
106.900000,22.036786,2.338559,-2.755898,0.590409,0.000014,0.003570,20.312058,0.043644,10.239960,10.072099,0.346809,0.343176
106.933333,22.018586,2.331168,-2.755778,0.588200,-0.000047,0.003630,20.222399,0.044063,10.195936,10.026464,0.345859,0.342183
106.966667,22.000454,2.323805,-2.755656,0.585978,-0.000108,0.003690,20.132297,0.044480,10.151686,9.980611,0.344902,0.341184
107.000000,21.982391,2.316470,-2.755532,0.583743,-0.000169,0.003749,20.041752,0.044895,10.107212,9.934540,0.343938,0.340178
107.033333,21.964398,2.309162,-2.755406,0.581494,-0.000230,0.003808,19.950768,0.045308,10.062515,9.888253,0.342968,0.339165
107.066667,21.946474,2.301882,-2.755278,0.579233,-0.000291,0.003867,19.859348,0.045719,10.017596,9.841752,0.341990,0.338145
107.100000,21.928621,2.294631,-2.755148,0.576958,-0.000352,0.003925,19.767494,0.046129,9.972457,9.795037,0.341006,0.337118
107.133333,21.910838,2.287407,-2.755016,0.574670,-0.000412,0.003983,19.675208,0.046537,9.927098,9.748109,0.340015,0.336084
107.166667,21.893127,2.280212,-2.754882,0.572370,-0.000473,0.004041,19.582493,0.046943,9.881522,9.700971,0.339017,0.335044
107.200000,21.875486,2.273045,-2.754747,0.570057,-0.000533,0.004099,19.489352,0.047348,9.835730,9.653622,0.338013,0.333996
107.233333,21.857918,2.265907,-2.754609,0.567731,-0.000593,0.004156,19.395788,0.047751,9.789722,9.606065,0.337001,0.332942
107.266667,21.840422,2.258798,-2.754470,0.565392,-0.000653,0.004213,19.301802,0.048152,9.743501,9.558301,0.335983,0.331881
107.300000,21.822998,2.251718,-2.754328,0.563041,-0.000712,0.004270,19.207398,0.048551,9.697067,9.510331,0.334958,0.330813
107.333333,21.805648,2.244666,-2.754185,0.560677,-0.000772,0.004326,19.112577,0.048949,9.650422,9.462155,0.333925,0.329737
107.366667,21.788370,2.237644,-2.754040,0.558301,-0.000831,0.004382,19.017344,0.049346,9.603567,9.413776,0.332887,0.328655
107.400000,21.771167,2.230651,-2.753893,0.555912,-0.000890,0.004438,18.921699,0.049740,9.556504,9.365195,0.331841,0.327566
107.433333,21.754038,2.223688,-2.753744,0.553511,-0.000949,0.004493,18.825646,0.050133,9.509233,9.316413,0.330788,0.326470
107.466667,21.736983,2.216754,-2.753593,0.551098,-0.001008,0.004549,18.729187,0.050525,9.461757,9.267430,0.329728,0.325367
107.500000,21.720004,2.209850,-2.753441,0.548672,-0.001066,0.004604,18.632326,0.050915,9.414076,9.218249,0.328662,0.324257
107.533333,21.703099,2.202976,-2.753286,0.546235,-0.001125,0.004658,18.535063,0.051303,9.366192,9.168871,0.327588,0.323140
107.566667,21.686271,2.196132,-2.753130,0.543786,-0.001183,0.004713,18.437403,0.051691,9.318106,9.119297,0.326508,0.322015
107.600000,21.669518,2.189318,-2.752972,0.541324,-0.001241,0.004767,18.339347,0.052076,9.269820,9.069527,0.325421,0.320884
107.633333,21.652842,2.182534,-2.752813,0.538851,-0.001298,0.004821,18.240899,0.052460,9.221334,9.019564,0.324326,0.319746
107.666667,21.636243,2.175781,-2.752651,0.536366,-0.001356,0.004874,18.142060,0.052843,9.172651,8.969409,0.323225,0.318600
107.700000,21.619721,2.169058,-2.752488,0.533869,-0.001413,0.004928,18.042833,0.053224,9.123771,8.919062,0.322117,0.317448
107.733333,21.603277,2.162366,-2.752322,0.531360,-0.001470,0.004981,17.943221,0.053604,9.074695,8.868526,0.321002,0.316288
107.766667,21.586910,2.155705,-2.752156,0.528840,-0.001527,0.005034,17.843227,0.053983,9.025426,8.817801,0.319879,0.315121
107.800000,21.570622,2.149075,-2.751987,0.526308,-0.001583,0.005086,17.742852,0.054360,8.975964,8.766888,0.318750,0.313947
107.833333,21.554413,2.142476,-2.751816,0.523765,-0.001640,0.005138,17.642100,0.054736,8.926311,8.715790,0.317614,0.312766
107.866667,21.538282,2.135908,-2.751644,0.521210,-0.001696,0.005191,17.540974,0.055110,8.876468,8.664506,0.316470,0.311577
107.900000,21.522231,2.129371,-2.751470,0.518644,-0.001751,0.005242,17.439475,0.055483,8.826436,8.613039,0.315320,0.310382
107.933333,21.506260,2.122866,-2.751295,0.516067,-0.001807,0.005294,17.337606,0.055855,8.776217,8.561389,0.314162,0.309179
107.966667,21.490368,2.116393,-2.751117,0.513478,-0.001862,0.005345,17.235370,0.056226,8.725811,8.509558,0.312998,0.307969
108.000000,21.474557,2.109952,-2.750938,0.510879,-0.001917,0.005396,17.132769,0.056595,8.675221,8.457548,0.311826,0.306751
108.033333,21.458827,2.103542,-2.750758,0.508268,-0.001972,0.005447,17.029806,0.056963,8.624448,8.405358,0.310647,0.305527
108.066667,21.443178,2.097165,-2.750575,0.505646,-0.002026,0.005497,16.926484,0.057330,8.573493,8.352992,0.309461,0.304295
108.100000,21.427610,2.090819,-2.750391,0.503014,-0.002080,0.005548,16.822805,0.057696,8.522357,8.300449,0.308268,0.303056
108.133333,21.412124,2.084506,-2.750206,0.500371,-0.002134,0.005598,16.718772,0.058061,8.471041,8.247731,0.307068,0.301809
108.166667,21.396721,2.078226,-2.750018,0.497716,-0.002188,0.005647,16.614387,0.058424,8.419547,8.194839,0.305860,0.300555
108.200000,21.381399,2.071978,-2.749829,0.495052,-0.002241,0.005697,16.509652,0.058786,8.367877,8.141776,0.304645,0.299294
108.233333,21.366161,2.065762,-2.749638,0.492376,-0.002294,0.005746,16.404571,0.059147,8.316031,8.088541,0.303423,0.298025
108.266667,21.351005,2.059580,-2.749446,0.489690,-0.002347,0.005795,16.299146,0.059507,8.264010,8.035136,0.302194,0.296749
108.300000,21.335933,2.053431,-2.749252,0.486993,-0.002399,0.005844,16.193393,0.059866,8.211824,7.981569,0.300958,0.295465
108.333333,21.320945,2.047314,-2.749056,0.484287,-0.002451,0.005893,16.087380,0.060224,8.159505,7.927875,0.299715,0.294175
108.366667,21.306041,2.041231,-2.748859,0.481569,-0.002503,0.005941,15.981122,0.060580,8.107061,7.874061,0.298467,0.292879
108.400000,21.291221,2.035182,-2.748660,0.478842,-0.002555,0.005989,15.874627,0.060935,8.054496,7.820131,0.297212,0.291576
108.433333,21.276485,2.029165,-2.748460,0.476106,-0.002606,0.006037,15.767902,0.061288,8.001813,7.766090,0.295951,0.290268
108.466667,21.261835,2.023183,-2.748258,0.473359,-0.002656,0.006084,15.660955,0.061640,7.949016,7.711939,0.294684,0.288952
108.500000,21.247270,2.017234,-2.748054,0.470604,-0.002707,0.006132,15.553794,0.061991,7.896110,7.657684,0.293411,0.287631
108.533333,21.232791,2.011319,-2.747849,0.467839,-0.002757,0.006179,15.446425,0.062340,7.843097,7.603328,0.292132,0.286304
108.566667,21.218397,2.005438,-2.747642,0.465065,-0.002806,0.006226,15.338856,0.062688,7.789981,7.548874,0.290847,0.284971
108.600000,21.204090,1.999591,-2.747434,0.462283,-0.002855,0.006273,15.231094,0.063034,7.736767,7.494327,0.289556,0.283631
108.633333,21.189868,1.993778,-2.747224,0.459492,-0.002904,0.006319,15.123148,0.063380,7.683458,7.439690,0.288259,0.282286
108.666667,21.175734,1.988000,-2.747013,0.456693,-0.002952,0.006365,15.015024,0.063724,7.630057,7.384966,0.286957,0.280934
108.700000,21.161686,1.982256,-2.746800,0.453885,-0.002999,0.006411,14.906730,0.064066,7.576569,7.330161,0.285649,0.279577
108.733333,21.147726,1.976547,-2.746585,0.451070,-0.003047,0.006457,14.798273,0.064408,7.522997,7.275276,0.284336,0.278214
108.766667,21.133852,1.970872,-2.746369,0.448247,-0.003093,0.006502,14.689661,0.064747,7.469345,7.220316,0.283016,0.276846
108.800000,21.120067,1.965231,-2.746152,0.445417,-0.003140,0.006548,14.580901,0.065086,7.415616,7.165285,0.281692,0.275471
108.833333,21.106369,1.959626,-2.745933,0.442579,-0.003185,0.006593,14.472001,0.065424,7.361815,7.110186,0.280362,0.274092
108.866667,21.092759,1.954056,-2.745712,0.439734,-0.003230,0.006637,14.362968,0.065760,7.307945,7.055023,0.279026,0.272706
108.900000,21.079238,1.948520,-2.745490,0.436882,-0.003275,0.006682,14.253810,0.066094,7.254010,6.999800,0.277685,0.271315
108.933333,21.065805,1.943020,-2.745267,0.434023,-0.003319,0.006726,14.144534,0.066428,7.200013,6.944521,0.276339,0.269918
108.966667,21.052461,1.937554,-2.745042,0.431158,-0.003362,0.006770,14.035147,0.066760,7.145958,6.889189,0.274988,0.268516
109.000000,21.039205,1.932124,-2.744816,0.428287,-0.003405,0.006814,13.925658,0.067091,7.091850,6.833808,0.273631,0.267109
109.033333,21.026039,1.926730,-2.744588,0.425410,-0.003447,0.006858,13.816072,0.067421,7.037691,6.778381,0.272270,0.265697
109.066667,21.012961,1.921371,-2.744358,0.422526,-0.003489,0.006901,13.706399,0.067749,6.983486,6.722913,0.270903,0.264279
109.100000,20.999974,1.916047,-2.744128,0.419637,-0.003530,0.006944,13.596645,0.068076,6.929238,6.667408,0.269532,0.262856
109.133333,20.987075,1.910759,-2.743895,0.416743,-0.003570,0.006987,13.486818,0.068402,6.874950,6.611868,0.268155,0.261428
109.166667,20.974267,1.905506,-2.743662,0.413843,-0.003609,0.007030,13.376925,0.068726,6.820628,6.556297,0.266774,0.259995
109.200000,20.961548,1.900289,-2.743427,0.410938,-0.003648,0.007072,13.266974,0.069049,6.766273,6.500700,0.265387,0.258557
109.233333,20.948920,1.895108,-2.743190,0.408028,-0.003687,0.007114,13.156971,0.069371,6.711891,6.445080,0.263997,0.257114
109.266667,20.936382,1.889963,-2.742952,0.405114,-0.003724,0.007156,13.046926,0.069691,6.657485,6.389441,0.262601,0.255666
109.300000,20.923934,1.884853,-2.742713,0.402195,-0.003761,0.007198,12.936844,0.070011,6.603058,6.333786,0.261201,0.254213
109.333333,20.911576,1.879780,-2.742473,0.399272,-0.003797,0.007239,12.826734,0.070329,6.548614,6.278120,0.259796,0.252756
109.366667,20.899309,1.874743,-2.742231,0.396345,-0.003833,0.007281,12.716603,0.070645,6.494158,6.222446,0.258387,0.251294
109.400000,20.887133,1.869741,-2.741987,0.393413,-0.003868,0.007322,12.606459,0.070960,6.439692,6.166767,0.256974,0.249828
109.433333,20.875048,1.864776,-2.741743,0.390479,-0.003902,0.007362,12.496308,0.071274,6.385220,6.111088,0.255556,0.248357
109.466667,20.863053,1.859847,-2.741496,0.387540,-0.003935,0.007403,12.386158,0.071587,6.330747,6.055412,0.254134,0.246881
109.500000,20.851150,1.854955,-2.741249,0.384599,-0.003967,0.007443,12.276018,0.071898,6.276275,5.999743,0.252708,0.245402
109.533333,20.839338,1.850098,-2.741000,0.381654,-0.003999,0.007483,12.165893,0.072208,6.221809,5.944085,0.251277,0.243918
109.566667,20.827617,1.845278,-2.740750,0.378707,-0.004030,0.007523,12.055793,0.072517,6.167352,5.888441,0.249843,0.242429
109.600000,20.815987,1.840494,-2.740499,0.375757,-0.004061,0.007563,11.945723,0.072824,6.112908,5.832815,0.248405,0.240937
109.633333,20.804449,1.835747,-2.740246,0.372805,-0.004090,0.007602,11.835692,0.073130,6.058481,5.777211,0.246963,0.239440
109.666667,20.793002,1.831036,-2.739992,0.369850,-0.004119,0.007641,11.725707,0.073435,6.004074,5.721633,0.245517,0.237940
109.700000,20.781647,1.826362,-2.739737,0.366893,-0.004146,0.007680,11.615775,0.073738,5.949691,5.666084,0.244067,0.236436
109.733333,20.770383,1.821724,-2.739480,0.363935,-0.004173,0.007719,11.505905,0.074040,5.895336,5.610568,0.242614,0.234928
109.766667,20.759211,1.817122,-2.739222,0.360974,-0.004200,0.007757,11.396103,0.074340,5.841013,5.555089,0.241157,0.233416
109.800000,20.748130,1.812557,-2.738963,0.358013,-0.004225,0.007795,11.286376,0.074639,5.786725,5.499651,0.239697,0.231900
109.833333,20.737141,1.808029,-2.738702,0.355050,-0.004250,0.007833,11.176733,0.074937,5.732476,5.444257,0.238233,0.230381
109.866667,20.726244,1.803538,-2.738441,0.352086,-0.004274,0.007871,11.067181,0.075233,5.678269,5.388912,0.236766,0.228859
109.900000,20.715439,1.799083,-2.738178,0.349121,-0.004296,0.007908,10.957727,0.075528,5.624109,5.333618,0.235296,0.227333
109.933333,20.704726,1.794664,-2.737913,0.346156,-0.004319,0.007945,10.848378,0.075821,5.569999,5.278379,0.233823,0.225803
109.966667,20.694104,1.790283,-2.737648,0.343190,-0.004340,0.007982,10.739143,0.076113,5.515943,5.223200,0.232346,0.224271
110.000000,20.683574,1.785938,-2.737381,0.340224,-0.004360,0.008019,10.630028,0.076404,5.461944,5.168084,0.230867,0.222735
110.033333,20.673136,1.781629,-2.737113,0.337258,-0.004380,0.008056,10.521042,0.076693,5.408007,5.113035,0.229385,0.221197
110.066667,20.662789,1.777358,-2.736844,0.334292,-0.004398,0.008092,10.412190,0.076980,5.354134,5.058056,0.227899,0.219655
110.100000,20.652535,1.773123,-2.736574,0.331327,-0.004416,0.008128,10.303482,0.077266,5.300330,5.003152,0.226412,0.218110
110.133333,20.642372,1.768925,-2.736302,0.328362,-0.004433,0.008164,10.194924,0.077551,5.246598,4.948326,0.224921,0.216563
110.166667,20.632301,1.764763,-2.736030,0.325398,-0.004449,0.008199,10.086524,0.077834,5.192943,4.893581,0.223429,0.215013
110.200000,20.622321,1.760638,-2.735756,0.322435,-0.004464,0.008235,9.978289,0.078116,5.139367,4.838922,0.221933,0.213461
110.233333,20.612434,1.756550,-2.735481,0.319474,-0.004479,0.008270,9.870227,0.078396,5.085874,4.784353,0.220436,0.211906
110.266667,20.602638,1.752499,-2.735204,0.316513,-0.004492,0.008305,9.762345,0.078674,5.032469,4.729876,0.218936,0.210348
110.300000,20.592933,1.748484,-2.734927,0.313554,-0.004505,0.008339,9.654651,0.078951,4.979154,4.675496,0.217434,0.208789
110.333333,20.583320,1.744507,-2.734648,0.310597,-0.004517,0.008374,9.547151,0.079227,4.925934,4.621217,0.215930,0.207227
110.366667,20.573798,1.740565,-2.734369,0.307643,-0.004527,0.008408,9.439855,0.079500,4.872813,4.567042,0.214424,0.205663
110.400000,20.564368,1.736661,-2.734088,0.304690,-0.004537,0.008442,9.332768,0.079773,4.819793,4.512975,0.212916,0.204097
110.433333,20.555029,1.732793,-2.733806,0.301740,-0.004547,0.008475,9.225899,0.080043,4.766879,4.459020,0.211407,0.202529
110.466667,20.545781,1.728961,-2.733523,0.298792,-0.004555,0.008509,9.119254,0.080312,4.714074,4.405181,0.209896,0.200960
110.500000,20.536625,1.725167,-2.733239,0.295847,-0.004562,0.008542,9.012842,0.080580,4.661382,4.351460,0.208383,0.199389
110.533333,20.527559,1.721408,-2.732953,0.292905,-0.004569,0.008575,8.906670,0.080845,4.608807,4.297863,0.206869,0.197816
110.566667,20.518584,1.717687,-2.732667,0.289967,-0.004574,0.008608,8.800745,0.081109,4.556352,4.244393,0.205354,0.196242
110.600000,20.509701,1.714002,-2.732380,0.287032,-0.004579,0.008640,8.695074,0.081372,4.504021,4.191053,0.203837,0.194667
110.633333,20.500907,1.710353,-2.732091,0.284100,-0.004583,0.008673,8.589666,0.081633,4.451819,4.137847,0.202320,0.193090
110.666667,20.492205,1.706741,-2.731801,0.281173,-0.004586,0.008705,8.484527,0.081892,4.399747,4.084780,0.200801,0.191513
110.700000,20.483593,1.703165,-2.731511,0.278249,-0.004588,0.008737,8.379665,0.082149,4.347811,4.031854,0.199282,0.189934
110.733333,20.475071,1.699626,-2.731219,0.275330,-0.004589,0.008768,8.275088,0.082404,4.296014,3.979074,0.197762,0.188355
110.766667,20.466639,1.696123,-2.730926,0.272415,-0.004589,0.008800,8.170803,0.082658,4.244360,3.926443,0.196241,0.186774
110.800000,20.458298,1.692656,-2.730632,0.269504,-0.004589,0.008831,8.066817,0.082910,4.192851,3.873965,0.194720,0.185194
110.833333,20.450046,1.689226,-2.730337,0.266599,-0.004588,0.008862,7.963137,0.083161,4.141493,3.821644,0.193198,0.183613
110.866667,20.441884,1.685831,-2.730042,0.263699,-0.004585,0.008892,7.859772,0.083409,4.090289,3.769484,0.191677,0.182031
110.900000,20.433812,1.682473,-2.729745,0.260804,-0.004582,0.008923,7.756729,0.083656,4.039242,3.717487,0.190155,0.180449
110.933333,20.425829,1.679151,-2.729447,0.257914,-0.004578,0.008953,7.654015,0.083901,3.988356,3.665659,0.188633,0.178868
110.966667,20.417935,1.675865,-2.729148,0.255030,-0.004574,0.008983,7.551637,0.084144,3.937634,3.614003,0.187111,0.177286
111.000000,20.410130,1.672615,-2.728848,0.252152,-0.004568,0.009013,7.449604,0.084386,3.887082,3.562522,0.185589,0.175704
111.033333,20.402414,1.669401,-2.728547,0.249280,-0.004562,0.009042,7.347921,0.084625,3.836701,3.511220,0.184068,0.174123
111.066667,20.394787,1.666223,-2.728245,0.246414,-0.004555,0.009071,7.246598,0.084863,3.786496,3.460102,0.182547,0.172542
111.100000,20.387248,1.663081,-2.727942,0.243555,-0.004547,0.009100,7.145641,0.085098,3.736471,3.409170,0.181027,0.170962
111.133333,20.379797,1.659974,-2.727638,0.240702,-0.004538,0.009129,7.045058,0.085332,3.686629,3.358429,0.179508,0.169382
111.166667,20.372435,1.656903,-2.727334,0.237857,-0.004528,0.009158,6.944856,0.085564,3.636974,3.307882,0.177990,0.167804
111.200000,20.365160,1.653868,-2.727028,0.235018,-0.004518,0.009186,6.845043,0.085794,3.587510,3.257533,0.176472,0.166226
111.233333,20.357973,1.650868,-2.726721,0.232187,-0.004507,0.009214,6.745625,0.086022,3.538240,3.207386,0.174956,0.164650
111.266667,20.350873,1.647903,-2.726414,0.229363,-0.004495,0.009242,6.646612,0.086248,3.489168,3.157444,0.173442,0.163075
111.300000,20.343860,1.644974,-2.726105,0.226547,-0.004482,0.009269,6.548009,0.086472,3.440297,3.107712,0.171928,0.161501
111.333333,20.336934,1.642081,-2.725796,0.223739,-0.004469,0.009297,6.449825,0.086694,3.391632,3.058192,0.170417,0.159929
111.366667,20.330095,1.639222,-2.725485,0.220939,-0.004454,0.009324,6.352066,0.086915,3.343176,3.008890,0.168907,0.158359
111.400000,20.323342,1.636399,-2.725174,0.218147,-0.004440,0.009351,6.254741,0.087133,3.294933,2.959808,0.167399,0.156790
111.433333,20.316675,1.633610,-2.724862,0.215363,-0.004424,0.009378,6.157857,0.087349,3.246907,2.910950,0.165893,0.155224
111.466667,20.310093,1.630857,-2.724549,0.212589,-0.004408,0.009404,6.061420,0.087563,3.199100,2.862320,0.164389,0.153660
111.500000,20.303598,1.628138,-2.724235,0.209823,-0.004390,0.009430,5.965439,0.087775,3.151518,2.813922,0.162887,0.152098
111.533333,20.297187,1.625454,-2.723920,0.207066,-0.004373,0.009456,5.869922,0.087985,3.104163,2.765759,0.161389,0.150539
111.566667,20.290861,1.622805,-2.723605,0.204319,-0.004354,0.009482,5.774874,0.088193,3.057039,2.717835,0.159892,0.148983
111.600000,20.284621,1.620190,-2.723288,0.201581,-0.004335,0.009507,5.680305,0.088399,3.010150,2.670155,0.158399,0.147429
111.633333,20.278464,1.617610,-2.722971,0.198853,-0.004316,0.009533,5.586221,0.088603,2.963500,2.622721,0.156909,0.145879
111.666667,20.272391,1.615064,-2.722653,0.196135,-0.004295,0.009558,5.492629,0.088804,2.917092,2.575537,0.155421,0.144332
111.700000,20.266402,1.612552,-2.722334,0.193427,-0.004274,0.009583,5.399538,0.089004,2.870930,2.528608,0.153937,0.142788
111.733333,20.260497,1.610075,-2.722014,0.190729,-0.004253,0.009607,5.306955,0.089201,2.825018,2.481937,0.152457,0.141247
111.766667,20.254674,1.607631,-2.721693,0.188042,-0.004230,0.009632,5.214886,0.089396,2.779359,2.435527,0.150980,0.139711
111.800000,20.248935,1.605222,-2.721372,0.185366,-0.004208,0.009656,5.123340,0.089590,2.733957,2.389382,0.149507,0.138178
111.833333,20.243277,1.602846,-2.721049,0.182700,-0.004184,0.009680,5.032323,0.089780,2.688816,2.343507,0.148038,0.136649
111.866667,20.237702,1.600504,-2.720726,0.180046,-0.004161,0.009703,4.941844,0.089969,2.643940,2.297904,0.146573,0.135125
111.900000,20.232208,1.598195,-2.720403,0.177403,-0.004136,0.009727,4.851911,0.090156,2.599332,2.252579,0.145112,0.133605
111.933333,20.226796,1.595920,-2.720078,0.174771,-0.004111,0.009750,4.762547,0.090340,2.555005,2.207542,0.143657,0.132090
111.966667,20.221464,1.593678,-2.719753,0.172151,-0.004086,0.009773,4.673768,0.090523,2.510966,2.162802,0.142206,0.130580
112.000000,20.216214,1.591470,-2.719426,0.169544,-0.004060,0.009796,4.585582,0.090703,2.467219,2.118363,0.140760,0.129076
112.033333,20.211043,1.589294,-2.719099,0.166948,-0.004033,0.009818,4.497998,0.090881,2.423770,2.074229,0.139321,0.127577
112.066667,20.205952,1.587151,-2.718772,0.164365,-0.004006,0.009840,4.411025,0.091057,2.380621,2.030404,0.137886,0.126084
112.100000,20.200940,1.585041,-2.718443,0.161795,-0.003979,0.009862,4.324671,0.091230,2.337778,1.986893,0.136458,0.124598
112.133333,20.196008,1.582964,-2.718114,0.159238,-0.003951,0.009884,4.238945,0.091402,2.295245,1.943700,0.135036,0.123117
112.166667,20.191154,1.580919,-2.717785,0.156694,-0.003922,0.009906,4.153857,0.091571,2.253027,1.900830,0.133620,0.121644
112.200000,20.186378,1.578906,-2.717454,0.154163,-0.003893,0.009927,4.069414,0.091738,2.211127,1.858288,0.132211,0.120177
112.233333,20.181680,1.576926,-2.717123,0.151646,-0.003863,0.009948,3.985626,0.091903,2.169550,1.816076,0.130808,0.118716
112.266667,20.177059,1.574977,-2.716791,0.149143,-0.003833,0.009969,3.902502,0.092066,2.128301,1.774201,0.129413,0.117264
112.300000,20.172516,1.573061,-2.716458,0.146655,-0.003803,0.009990,3.820049,0.092227,2.087384,1.732666,0.128024,0.115818
112.333333,20.168048,1.571176,-2.716125,0.144180,-0.003772,0.010010,3.738278,0.092385,2.046802,1.691475,0.126644,0.114381
112.366667,20.163657,1.569322,-2.715791,0.141721,-0.003740,0.010030,3.657196,0.092541,2.006562,1.650634,0.125270,0.112951
112.400000,20.159341,1.567500,-2.715456,0.139276,-0.003708,0.010050,3.576812,0.092695,1.966667,1.610146,0.123905,0.111529
112.433333,20.155100,1.565709,-2.715121,0.136846,-0.003675,0.010070,3.497136,0.092847,1.927121,1.570016,0.122548,0.110116
112.466667,20.150933,1.563949,-2.714785,0.134432,-0.003642,0.010089,3.418176,0.092997,1.887928,1.530248,0.121199,0.108712
112.500000,20.146841,1.562220,-2.714448,0.132033,-0.003608,0.010109,3.339941,0.093144,1.849094,1.490846,0.119859,0.107316
112.533333,20.142822,1.560522,-2.714111,0.129650,-0.003574,0.010128,3.262439,0.093290,1.810623,1.451816,0.118528,0.105929
112.566667,20.138876,1.558854,-2.713773,0.127283,-0.003540,0.010147,3.185680,0.093433,1.772518,1.413161,0.117205,0.104552
112.600000,20.135003,1.557216,-2.713434,0.124933,-0.003505,0.010165,3.109671,0.093574,1.734785,1.374886,0.115892,0.103185
112.633333,20.131202,1.555608,-2.713095,0.122599,-0.003469,0.010184,3.034423,0.093712,1.697428,1.336995,0.114589,0.101827
112.666667,20.127472,1.554030,-2.712756,0.120282,-0.003433,0.010202,2.959943,0.093849,1.660450,1.299493,0.113295,0.100480
112.700000,20.123814,1.552482,-2.712415,0.117982,-0.003397,0.010220,2.886241,0.093983,1.623857,1.262384,0.112011,0.099143
112.733333,20.120226,1.550963,-2.712074,0.115699,-0.003360,0.010237,2.813325,0.094115,1.587653,1.225672,0.110738,0.097816
112.766667,20.116708,1.549473,-2.711733,0.113434,-0.003323,0.010255,2.741204,0.094245,1.551842,1.189361,0.109475,0.096501
112.800000,20.113259,1.548013,-2.711391,0.111186,-0.003285,0.010272,2.669886,0.094373,1.516429,1.153457,0.108222,0.095196
112.833333,20.109879,1.546581,-2.711048,0.108957,-0.003247,0.010289,2.599381,0.094498,1.481417,1.117964,0.106981,0.093904
112.866667,20.106568,1.545178,-2.710705,0.106745,-0.003209,0.010306,2.529697,0.094621,1.446812,1.082885,0.105751,0.092622
112.900000,20.103324,1.543803,-2.710361,0.104552,-0.003170,0.010323,2.460844,0.094742,1.412618,1.048226,0.104533,0.091353
112.933333,20.100147,1.542456,-2.710016,0.102378,-0.003131,0.010339,2.392829,0.094861,1.378839,1.013990,0.103326,0.090096
112.966667,20.097037,1.541137,-2.709672,0.100223,-0.003091,0.010355,2.325662,0.094977,1.345479,0.980182,0.102131,0.088851
113.000000,20.093993,1.539846,-2.709326,0.098087,-0.003051,0.010371,2.259351,0.095091,1.312544,0.946807,0.100949,0.087620
113.033333,20.091014,1.538582,-2.708980,0.095970,-0.003011,0.010387,2.193905,0.095204,1.280036,0.913869,0.099779,0.086401
113.066667,20.088100,1.537346,-2.708634,0.093873,-0.002971,0.010402,2.129333,0.095313,1.247961,0.881372,0.098622,0.085195
113.100000,20.085250,1.536136,-2.708287,0.091796,-0.002930,0.010417,2.065644,0.095421,1.216324,0.849320,0.097478,0.084003
113.133333,20.082463,1.534954,-2.707939,0.089739,-0.002889,0.010432,2.002846,0.095526,1.185127,0.817718,0.096347,0.082825
113.166667,20.079740,1.533797,-2.707591,0.087703,-0.002847,0.010447,1.940948,0.095629,1.154377,0.786571,0.095230,0.081661
113.200000,20.077079,1.532667,-2.707243,0.085687,-0.002806,0.010462,1.879959,0.095730,1.124077,0.755883,0.094126,0.080512
113.233333,20.074479,1.531563,-2.706894,0.083692,-0.002764,0.010476,1.819888,0.095829,1.094231,0.725657,0.093037,0.079377
113.266667,20.071940,1.530484,-2.706544,0.081718,-0.002722,0.010490,1.760743,0.095926,1.064844,0.695899,0.091962,0.078257
113.300000,20.069462,1.529431,-2.706194,0.079765,-0.002679,0.010504,1.702534,0.096020,1.035921,0.666613,0.090902,0.077152
113.333333,20.067043,1.528404,-2.705844,0.077834,-0.002637,0.010518,1.645269,0.096112,1.007465,0.637804,0.089856,0.076063
113.366667,20.064683,1.527400,-2.705493,0.075925,-0.002594,0.010531,1.588956,0.096202,0.979481,0.609474,0.088826,0.074989
113.400000,20.062382,1.526422,-2.705142,0.074038,-0.002551,0.010545,1.533605,0.096289,0.951974,0.581630,0.087811,0.073932
113.433333,20.060138,1.525468,-2.704790,0.072173,-0.002508,0.010558,1.479224,0.096375,0.924948,0.554276,0.086811,0.072890
113.466667,20.057951,1.524538,-2.704438,0.070330,-0.002465,0.010571,1.425822,0.096458,0.898407,0.527414,0.085828,0.071866
113.500000,20.055821,1.523632,-2.704086,0.068510,-0.002422,0.010583,1.373408,0.096539,0.872356,0.501052,0.084860,0.070858
113.533333,20.053745,1.522749,-2.703733,0.066714,-0.002379,0.010596,1.321990,0.096618,0.846799,0.475191,0.083910,0.069867
113.566667,20.051725,1.521890,-2.703379,0.064940,-0.002336,0.010608,1.271578,0.096695,0.821740,0.449838,0.082975,0.068894
113.600000,20.049759,1.521053,-2.703025,0.063190,-0.002292,0.010620,1.222179,0.096769,0.797184,0.424995,0.082058,0.067939
113.633333,20.047846,1.520239,-2.702671,0.061464,-0.002249,0.010631,1.173804,0.096841,0.773135,0.400669,0.081158,0.067001
113.666667,20.045986,1.519447,-2.702317,0.059762,-0.002205,0.010643,1.126460,0.096911,0.749598,0.376862,0.080276,0.066082
113.700000,20.044177,1.518678,-2.701962,0.058084,-0.002162,0.010654,1.080156,0.096979,0.726577,0.353579,0.079411,0.065182
113.733333,20.042420,1.517930,-2.701606,0.056430,-0.002119,0.010665,1.034902,0.097045,0.704076,0.330826,0.078565,0.064300
113.766667,20.040713,1.517203,-2.701251,0.054801,-0.002076,0.010676,0.990705,0.097109,0.682100,0.308605,0.077737,0.063437
113.800000,20.039056,1.516497,-2.700895,0.053197,-0.002032,0.010687,0.947575,0.097170,0.660653,0.286922,0.076927,0.062594
113.833333,20.037448,1.515813,-2.700538,0.051618,-0.001989,0.010697,0.905520,0.097229,0.639740,0.265780,0.076136,0.061770
113.866667,20.035887,1.515148,-2.700181,0.050064,-0.001947,0.010708,0.864550,0.097287,0.619364,0.245185,0.075364,0.060966
113.900000,20.034374,1.514504,-2.699824,0.048536,-0.001904,0.010718,0.824672,0.097342,0.599531,0.225141,0.074612,0.060183
113.933333,20.032908,1.513879,-2.699467,0.047034,-0.001861,0.010727,0.785895,0.097394,0.580245,0.205651,0.073879,0.059419
113.966667,20.031487,1.513274,-2.699109,0.045558,-0.001819,0.010737,0.748229,0.097445,0.561509,0.186720,0.073166,0.058677
114.000000,20.030111,1.512688,-2.698751,0.044108,-0.001777,0.010746,0.711682,0.097494,0.543329,0.168353,0.072473,0.057956
114.033333,20.028779,1.512121,-2.698393,0.042685,-0.001735,0.010756,0.676263,0.097540,0.525709,0.150554,0.071801,0.057256
114.066667,20.027490,1.511572,-2.698034,0.041289,-0.001694,0.010764,0.641981,0.097585,0.508653,0.133328,0.071149,0.056577
114.100000,20.026244,1.511042,-2.697675,0.039919,-0.001653,0.010773,0.608843,0.097627,0.492166,0.116678,0.070518,0.055920
114.133333,20.025039,1.510529,-2.697316,0.038577,-0.001612,0.010782,0.576860,0.097667,0.476251,0.100609,0.069908,0.055286
114.166667,20.023875,1.510033,-2.696956,0.037263,-0.001571,0.010790,0.546040,0.097705,0.460914,0.085125,0.069320,0.054673
114.200000,20.022751,1.509555,-2.696597,0.035976,-0.001531,0.010798,0.516391,0.097741,0.446159,0.070231,0.068753,0.054083
114.233333,20.021666,1.509093,-2.696236,0.034717,-0.001492,0.010806,0.487922,0.097775,0.431990,0.055932,0.068208,0.053517
114.266667,20.020619,1.508647,-2.695876,0.033487,-0.001453,0.010814,0.460642,0.097807,0.418412,0.042230,0.067685,0.052973
114.300000,20.019610,1.508218,-2.695516,0.032285,-0.001414,0.010821,0.434560,0.097837,0.405428,0.029132,0.067185,0.052452
114.333333,20.018637,1.507804,-2.695155,0.031112,-0.001376,0.010828,0.409685,0.097865,0.393044,0.016641,0.066707,0.051955
114.366667,20.017699,1.507405,-2.694794,0.029967,-0.001339,0.010836,0.386024,0.097891,0.381263,0.004761,0.066252,0.051482
114.400000,20.016796,1.507021,-2.694432,0.028852,-0.001302,0.010842,0.363588,0.097914,0.370091,-0.006503,0.065820,-0.043689
114.433333,20.015927,1.506651,-2.694071,0.027766,-0.001266,0.010849,0.342384,0.097936,0.359531,-0.017146,0.065412,-0.044244
114.466667,20.015090,1.506296,-2.693709,0.026710,-0.001230,0.010855,0.322422,0.097956,0.349588,-0.027166,0.065027,-0.044765
114.500000,20.014286,1.505954,-2.693347,0.025684,-0.001195,0.010862,0.303710,0.097974,0.340266,-0.036556,0.064666,-0.045254
114.533333,20.013512,1.505625,-2.692985,0.024688,-0.001161,0.010868,0.286257,0.097989,0.331570,-0.045313,0.064329,-0.045709
114.566667,20.012769,1.505310,-2.692623,0.023722,-0.001127,0.010873,0.270071,0.098003,0.323503,-0.053432,0.064016,-0.046130
114.600000,20.012055,1.505007,-2.692260,0.022787,-0.001095,0.010879,0.255162,0.098015,0.316071,-0.060909,0.063727,-0.046518
114.633333,20.011369,1.504715,-2.691897,0.021883,-0.001063,0.010884,0.241538,0.098025,0.309278,-0.067740,0.063463,-0.046872
114.666667,20.010710,1.504436,-2.691534,0.021010,-0.001032,0.010890,0.229207,0.098033,0.303128,-0.073921,0.063224,-0.047192
114.700000,20.010077,1.504168,-2.691171,0.020168,-0.001002,0.010895,0.218179,0.098039,0.297626,-0.079446,0.063010,-0.047477
114.733333,20.009470,1.503911,-2.690808,0.019358,-0.000972,0.010899,0.208463,0.098043,0.292775,-0.084312,0.062822,-0.047729
114.766667,20.008887,1.503664,-2.690445,0.018579,-0.000944,0.010904,0.200066,0.098045,0.288581,-0.088515,0.062658,-0.047946
114.800000,20.008328,1.503427,-2.690081,0.017833,-0.000917,0.010908,0.192998,0.098045,0.285047,-0.092049,0.062521,-0.048129
114.833333,20.007790,1.503200,-2.689718,0.017119,-0.000891,0.010912,0.187267,0.098043,0.282178,-0.094911,0.062409,-0.048276
114.866667,20.007275,1.502982,-2.689354,0.016437,-0.000866,0.010916,0.182883,0.098040,0.279979,-0.097097,0.062323,-0.048389
114.900000,20.006779,1.502773,-2.688990,0.015788,-0.000842,0.010920,0.179853,0.098034,0.278454,-0.098601,0.062264,-0.048467
114.933333,20.006303,1.502572,-2.688626,0.015172,-0.000819,0.010924,0.178187,0.098027,0.277607,-0.099420,0.062231,-0.048509
114.966667,20.005845,1.502379,-2.688262,0.014590,-0.000797,0.010927,0.177893,0.098018,0.277442,-0.099549,0.062225,-0.048515
115.000000,20.005405,1.502194,-2.687897,0.014041,-0.000777,0.010930,0.178980,0.098006,0.277964,-0.098984,0.062245,-0.048486
115.033333,20.004981,1.502015,-2.687533,0.013525,-0.000757,0.010933,0.181457,0.097994,0.279177,-0.097721,0.062292,-0.048421
115.066667,20.004572,1.501843,-2.687168,0.013044,-0.000739,0.010936,0.185332,0.097979,0.281087,-0.095755,0.062366,-0.048320
115.100000,20.004178,1.501678,-2.686804,0.012596,-0.000723,0.010938,0.190614,0.097962,0.283696,-0.093081,0.062468,-0.048182
115.133333,20.003796,1.501518,-2.686439,0.012183,-0.000708,0.010941,0.197312,0.097944,0.287009,-0.089697,0.062597,-0.048007
115.166667,20.003427,1.501363,-2.686075,0.011805,-0.000694,0.010943,0.205435,0.097923,0.291031,-0.085596,0.062754,-0.047795
115.200000,20.003069,1.501213,-2.685710,0.011461,-0.000682,0.010945,0.214991,0.097901,0.295767,-0.080776,0.062938,-0.047546
115.233333,20.002721,1.501067,-2.685345,0.011153,-0.000671,0.010946,0.225989,0.097877,0.301220,-0.075231,0.063150,-0.047259
115.266667,20.002381,1.500925,-2.684980,0.010880,-0.000662,0.010948,0.238437,0.097851,0.307394,-0.068957,0.063390,-0.046935
115.300000,20.002050,1.500787,-2.684615,0.010643,-0.000654,0.010949,0.252345,0.097824,0.314295,-0.061950,0.063658,-0.046572
115.333333,20.001725,1.500651,-2.684250,0.010441,-0.000648,0.010950,0.267721,0.097795,0.321927,-0.054206,0.063954,-0.046170
115.366667,20.001406,1.500518,-2.683885,0.010276,-0.000643,0.010951,0.284573,0.097763,0.330293,-0.045720,0.064279,-0.045730
115.400000,20.001091,1.500387,-2.683520,0.010147,-0.000641,0.010952,0.302911,0.097730,0.339399,-0.036487,0.064632,-0.045250
115.433333,20.000780,1.500257,-2.683155,0.010054,-0.000640,0.010952,0.322744,0.097696,0.349248,-0.026505,0.065014,-0.044731
115.466667,20.000471,1.500128,-2.682790,0.009998,-0.000641,0.010953,0.344079,0.097659,0.359845,-0.015767,0.065424,-0.044172
115.500000,20.000163,1.500000,-2.682425,0.009979,-0.000643,0.010953,0.366925,0.097621,0.371195,-0.004270,0.065863,-0.043572
