t,x,y,psi,u,v,r,tau_u,tau_r,tau_v,T1,T2,jerk_x,jerk_y
0.000000,0.000000,0.000000,0.000000,0.100000,0.000000,-0.000509,3.676759,-0.004536,0.000078,1.829656,1.847103,0.038510,-0.003066
0.033333,0.003334,-0.000000,-0.000017,0.100021,-0.000000,-0.001013,3.704553,-0.156854,-0.002146,1.550634,2.153919,0.038193,-0.003030
0.066667,0.006669,-0.000000,-0.000068,0.100085,-0.000000,-0.002013,3.733685,-0.212835,-0.004264,1.457544,2.276141,0.037876,-0.002993
0.100000,0.010006,-0.000001,-0.000151,0.100191,0.000000,-0.002997,3.764141,-0.217997,-0.006351,1.462845,2.301296,0.037560,-0.002957
0.133333,0.013348,-0.000001,-0.000267,0.100339,0.000000,-0.003960,3.795911,-0.222542,-0.008404,1.469991,2.325920,0.037245,-0.002920
0.166667,0.016696,-0.000002,-0.000415,0.100528,0.000000,-0.004902,3.828981,-0.226476,-0.010421,1.478960,2.350022,0.036931,-0.002884
0.200000,0.020051,-0.000004,-0.000594,0.100758,0.000000,-0.005821,3.863341,-0.229811,-0.012401,1.489727,2.373614,0.036618,-0.002848
0.233333,0.023414,-0.000006,-0.000803,0.101028,0.000000,-0.006713,3.898977,-0.232558,-0.014340,1.502262,2.396715,0.036306,-0.002812
0.266667,0.026786,-0.000009,-0.001042,0.101339,-0.000000,-0.007579,3.935879,-0.234734,-0.016238,1.516528,2.419351,0.035995,-0.002776
0.300000,0.030170,-0.000013,-0.001308,0.101690,0.000000,-0.008415,3.974035,-0.236357,-0.018091,1.532485,2.441550,0.035684,-0.002740
0.333333,0.033566,-0.000018,-0.001603,0.102081,0.000000,-0.009221,4.013431,-0.237448,-0.019899,1.550086,2.463346,0.035375,-0.002705
0.366667,0.036976,-0.000024,-0.001923,0.102511,0.000000,-0.009995,4.054058,-0.238028,-0.021661,1.569283,2.484775,0.035066,-0.002669
0.400000,0.040401,-0.000032,-0.002269,0.102980,-0.000000,-0.010737,4.095902,-0.238122,-0.023374,1.590024,2.505878,0.034759,-0.002634
0.433333,0.043842,-0.000040,-0.002639,0.103488,-0.000000,-0.011445,4.138953,-0.237755,-0.025037,1.612254,2.526698,0.034452,-0.002598
0.466667,0.047300,-0.000050,-0.003032,0.104034,0.000000,-0.012118,4.183198,-0.236954,-0.026650,1.635918,2.547279,0.034146,-0.002563
0.500000,0.050778,-0.000061,-0.003447,0.104618,0.000000,-0.012757,4.228625,-0.235744,-0.028212,1.660958,2.567667,0.033841,-0.002528
0.533333,0.054275,-0.000074,-0.003882,0.105239,0.000000,-0.013360,4.275224,-0.234155,-0.029721,1.687314,2.587910,0.033537,-0.002493
0.566667,0.057794,-0.000088,-0.004338,0.105898,0.000000,-0.013928,4.322982,-0.232213,-0.031177,1.714928,2.608054,0.033234,-0.002458
0.600000,0.061335,-0.000105,-0.004811,0.106594,0.000000,-0.014460,4.371888,-0.229946,-0.032580,1.743741,2.628147,0.032932,-0.002423
0.633333,0.064901,-0.000123,-0.005302,0.107326,0.000000,-0.014956,4.421930,-0.227381,-0.033930,1.773694,2.648237,0.032631,-0.002388
0.666667,0.068491,-0.000142,-0.005808,0.108095,0.000000,-0.015417,4.473097,-0.224546,-0.035225,1.804729,2.668368,0.032331,-0.002353
0.700000,0.072107,-0.000164,-0.006329,0.108900,0.000000,-0.015843,4.525377,-0.221468,-0.036467,1.836789,2.688588,0.032031,-0.002319
0.733333,0.075751,-0.000188,-0.006864,0.109740,0.000000,-0.016234,4.578758,-0.218171,-0.037655,1.869819,2.708939,0.031733,-0.002284
0.766667,0.079423,-0.000215,-0.007412,0.110616,0.000000,-0.016591,4.633230,-0.214681,-0.038789,1.903767,2.729463,0.031435,-0.002250
0.800000,0.083126,-0.000243,-0.007970,0.111527,0.000000,-0.016914,4.688779,-0.211022,-0.039869,1.938579,2.750201,0.031139,-0.002215
0.833333,0.086859,-0.000274,-0.008539,0.112472,0.000000,-0.017204,4.745397,-0.207216,-0.040896,1.974206,2.771191,0.030843,-0.002181
0.866667,0.090624,-0.000307,-0.009117,0.113451,0.000000,-0.017462,4.803069,-0.203286,-0.041871,2.010601,2.792468,0.030548,-0.002147
0.900000,0.094422,-0.000343,-0.009703,0.114465,0.000000,-0.017689,4.861786,-0.199251,-0.042793,2.047719,2.814068,0.030255,-0.002113
0.933333,0.098255,-0.000381,-0.010297,0.115512,0.000000,-0.017885,4.921536,-0.195131,-0.043663,2.085516,2.836020,0.029962,-0.002079
0.966667,0.102123,-0.000422,-0.010896,0.116593,0.000000,-0.018052,4.982308,-0.190944,-0.044482,2.123953,2.858355,0.029669,-0.002045
1.000000,0.106028,-0.000466,-0.011500,0.117707,0.000000,-0.018191,5.044090,-0.186708,-0.045252,2.162992,2.881098,0.029378,-0.002012
1.033333,0.109970,-0.000513,-0.012108,0.118853,0.000000,-0.018302,5.106871,-0.182436,-0.045971,2.202597,2.904274,0.029088,-0.001978
1.066667,0.113951,-0.000562,-0.012720,0.120032,0.000000,-0.018387,5.170640,-0.178144,-0.046642,2.242735,2.927905,0.028799,-0.001945
1.100000,0.117972,-0.000614,-0.013334,0.121243,0.000000,-0.018447,5.235385,-0.173845,-0.047266,2.283375,2.952010,0.028510,-0.001911
1.133333,0.122033,-0.000670,-0.013950,0.122485,0.000000,-0.018483,5.301096,-0.169551,-0.047843,2.324489,2.976607,0.028223,-0.001878
1.166667,0.126137,-0.000728,-0.014566,0.123759,0.000000,-0.018496,5.367761,-0.165272,-0.048374,2.366050,3.001711,0.027936,-0.001845
1.200000,0.130283,-0.000790,-0.015183,0.125064,0.000000,-0.018487,5.435369,-0.161018,-0.048860,2.408034,3.027335,0.027651,-0.001812
1.233333,0.134474,-0.000855,-0.015799,0.126400,0.000000,-0.018458,5.503909,-0.156798,-0.049302,2.450419,3.053490,0.027366,-0.001779
1.266667,0.138709,-0.000923,-0.016414,0.127767,0.000000,-0.018408,5.573370,-0.152620,-0.049702,2.493184,3.080185,0.027082,-0.001746
1.300000,0.142991,-0.000995,-0.017026,0.129163,0.000000,-0.018341,5.643741,-0.148490,-0.050060,2.536312,3.107429,0.026799,-0.001713
1.333333,0.147319,-0.001070,-0.017636,0.130590,0.000000,-0.018256,5.715011,-0.144415,-0.050378,2.579785,3.135226,0.026517,-0.001680
1.366667,0.151696,-0.001148,-0.018243,0.132046,0.000000,-0.018154,5.787169,-0.140399,-0.050656,2.623587,3.163582,0.026236,-0.001648
1.400000,0.156121,-0.001230,-0.018847,0.133531,0.000000,-0.018038,5.860204,-0.136446,-0.050896,2.667706,3.192498,0.025956,-0.001615
1.433333,0.160597,-0.001316,-0.019446,0.135045,0.000000,-0.017907,5.934106,-0.132561,-0.051099,2.712128,3.221977,0.025677,-0.001583
1.466667,0.165123,-0.001405,-0.020040,0.136588,0.000000,-0.017762,6.008862,-0.128746,-0.051266,2.756843,3.252019,0.025399,-0.001551
1.500000,0.169701,-0.001499,-0.020630,0.138159,0.000000,-0.017606,6.084464,-0.125004,-0.051397,2.801840,3.282624,0.025121,-0.001518
1.533333,0.174332,-0.001595,-0.021214,0.139758,-0.000000,-0.017437,6.160899,-0.121336,-0.051495,2.847111,3.313788,0.024845,-0.001486
1.566667,0.179016,-0.001696,-0.021792,0.141385,0.000000,-0.017258,6.238157,-0.117745,-0.051560,2.892647,3.345511,0.024569,-0.001454
1.600000,0.183756,-0.001801,-0.022365,0.143039,0.000000,-0.017070,6.316228,-0.114230,-0.051593,2.938441,3.377787,0.024294,-0.001422
1.633333,0.188550,-0.001909,-0.022930,0.144720,0.000000,-0.016872,6.395100,-0.110793,-0.051595,2.984487,3.410614,0.024021,-0.001391
1.666667,0.193401,-0.002022,-0.023489,0.146428,0.000000,-0.016667,6.474764,-0.107434,-0.051567,3.030779,3.443985,0.023748,-0.001359
1.700000,0.198310,-0.002139,-0.024041,0.148162,0.000000,-0.016454,6.555208,-0.104152,-0.051511,3.077311,3.477897,0.023476,-0.001327
1.733333,0.203276,-0.002260,-0.024586,0.149923,0.000000,-0.016234,6.636422,-0.100948,-0.051426,3.124081,3.512341,0.023205,-0.001296
1.766667,0.208302,-0.002384,-0.025124,0.151709,0.000000,-0.016008,6.718395,-0.097820,-0.051315,3.171082,3.547313,0.022935,-0.001264
1.800000,0.213387,-0.002514,-0.025654,0.153521,0.000000,-0.015777,6.801118,-0.094768,-0.051178,3.218313,3.582805,0.022666,-0.001233
1.833333,0.218533,-0.002647,-0.026176,0.155358,0.000000,-0.015542,6.884578,-0.091791,-0.051016,3.265768,3.618810,0.022397,-0.001202
1.866667,0.223741,-0.002785,-0.026690,0.157220,0.000000,-0.015302,6.968767,-0.088887,-0.050830,3.313447,3.655321,0.022130,-0.001171
1.900000,0.229011,-0.002927,-0.027196,0.159107,0.000000,-0.015058,7.053674,-0.086056,-0.050621,3.361345,3.692329,0.021864,-0.001140
1.933333,0.234345,-0.003073,-0.027694,0.161018,0.000000,-0.014811,7.139288,-0.083295,-0.050390,3.409461,3.729828,0.021598,-0.001109
1.966667,0.239742,-0.003224,-0.028183,0.162953,0.000000,-0.014562,7.225600,-0.080604,-0.050137,3.457791,3.767808,0.021334,-0.001078
2.000000,0.245204,-0.003379,-0.028664,0.164912,-0.000000,-0.014311,7.312598,-0.077981,-0.049863,3.506335,3.806263,0.021070,-0.001047
2.033333,0.250732,-0.003539,-0.029137,0.166895,-0.000000,-0.014057,7.400273,-0.075424,-0.049570,3.555090,3.845183,0.020807,-0.001017
2.066667,0.256326,-0.003703,-0.029601,0.168901,0.000000,-0.013803,7.488614,-0.072931,-0.049257,3.604054,3.884560,0.020545,-0.000986
2.100000,0.261987,-0.003872,-0.030057,0.170929,0.000000,-0.013547,7.577612,-0.070502,-0.048926,3.653226,3.924386,0.020284,-0.000956
2.133333,0.267716,-0.004046,-0.030505,0.172980,0.000000,-0.013291,7.667256,-0.068133,-0.048577,3.702603,3.964653,0.020024,-0.000926
2.166667,0.273514,-0.004224,-0.030943,0.175054,0.000000,-0.013035,7.757536,-0.065824,-0.048211,3.752184,4.005352,0.019765,-0.000896
2.200000,0.279381,-0.004407,-0.031374,0.177149,0.000000,-0.012779,7.848443,-0.063572,-0.047828,3.801968,4.046475,0.019507,-0.000865
2.233333,0.285319,-0.004595,-0.031795,0.179266,0.000000,-0.012523,7.939966,-0.061376,-0.047430,3.851952,4.088013,0.019250,-0.000835
2.266667,0.291327,-0.004787,-0.032208,0.181405,0.000000,-0.012267,8.032095,-0.059234,-0.047017,3.902135,4.129959,0.018993,-0.000806
2.300000,0.297406,-0.004984,-0.032613,0.183565,0.000000,-0.012013,8.124820,-0.057145,-0.046589,3.952516,4.172304,0.018738,-0.000776
2.333333,0.303558,-0.005186,-0.033009,0.185745,0.000000,-0.011759,8.218132,-0.055107,-0.046147,4.003092,4.215040,0.018483,-0.000746
2.366667,0.309783,-0.005393,-0.033397,0.187946,0.000000,-0.011507,8.312021,-0.053118,-0.045691,4.053861,4.258160,0.018230,-0.000717
2.400000,0.316081,-0.005604,-0.033776,0.190168,0.000000,-0.011256,8.406476,-0.051176,-0.045223,4.104822,4.301654,0.017977,-0.000687
2.433333,0.322454,-0.005821,-0.034147,0.192409,0.000000,-0.011006,8.501489,-0.049281,-0.044742,4.155974,4.345515,0.017725,-0.000658
2.466667,0.328901,-0.006042,-0.034510,0.194671,0.000000,-0.010759,8.597049,-0.047430,-0.044249,4.207313,4.389736,0.017474,-0.000628
2.500000,0.335424,-0.006269,-0.034865,0.196951,0.000000,-0.010513,8.693147,-0.045622,-0.043745,4.258838,4.434308,0.017224,-0.000599
2.533333,0.342023,-0.006500,-0.035211,0.199251,0.000000,-0.010269,8.789773,-0.043856,-0.043230,4.310548,4.479225,0.016975,-0.000570
2.566667,0.348699,-0.006736,-0.035549,0.201570,0.000000,-0.010028,8.886917,-0.042130,-0.042704,4.362439,4.524478,0.016727,-0.000541
2.600000,0.355453,-0.006978,-0.035880,0.203907,0.000000,-0.009788,8.984571,-0.040443,-0.042168,4.414510,4.570061,0.016480,-0.000512
2.633333,0.362285,-0.007224,-0.036202,0.206263,0.000000,-0.009551,9.082724,-0.038794,-0.041622,4.466759,4.615965,0.016234,-0.000483
2.666667,0.369195,-0.007475,-0.036516,0.208637,0.000000,-0.009317,9.181367,-0.037180,-0.041067,4.519182,4.662184,0.015988,-0.000455
2.700000,0.376185,-0.007732,-0.036823,0.211029,-0.000000,-0.009084,9.280490,-0.035602,-0.040502,4.571779,4.708711,0.015744,-0.000426
2.733333,0.383254,-0.007993,-0.037122,0.213438,-0.000000,-0.008855,9.380084,-0.034058,-0.039929,4.624546,4.755538,0.015500,-0.000398
2.766667,0.390404,-0.008260,-0.037413,0.215864,0.000000,-0.008628,9.480141,-0.032546,-0.039347,4.677481,4.802659,0.015258,-0.000369
2.800000,0.397635,-0.008532,-0.037697,0.218307,0.000000,-0.008403,9.580649,-0.031066,-0.038757,4.730582,4.850068,0.015016,-0.000341
2.833333,0.404948,-0.008808,-0.037973,0.220767,-0.000000,-0.008181,9.681601,-0.029617,-0.038160,4.783845,4.897756,0.014775,-0.000313
2.866667,0.412343,-0.009090,-0.038243,0.223244,0.000000,-0.007962,9.782987,-0.028197,-0.037554,4.837269,4.945718,0.014535,-0.000285
2.900000,0.419820,-0.009377,-0.038504,0.225736,0.000000,-0.007746,9.884797,-0.026805,-0.036942,4.890850,4.993947,0.014296,-0.000257
2.933333,0.427381,-0.009670,-0.038759,0.228245,0.000000,-0.007532,9.987023,-0.025441,-0.036322,4.944587,5.042436,0.014058,-0.000229
2.966667,0.435025,-0.009967,-0.039006,0.230769,0.000000,-0.007322,10.089655,-0.024103,-0.035696,4.998475,5.091180,0.013821,-0.000201
3.000000,0.442754,-0.010270,-0.039247,0.233309,0.000000,-0.007114,10.192684,-0.022792,-0.035063,5.052512,5.140172,0.013585,-0.000173
3.033333,0.450567,-0.010577,-0.039481,0.235863,0.000000,-0.006908,10.296102,-0.021505,-0.034424,5.106696,5.189406,0.013349,-0.000146
3.066667,0.458466,-0.010890,-0.039708,0.238433,0.000000,-0.006706,10.399898,-0.020242,-0.033778,5.161023,5.238875,0.013115,-0.000118
3.100000,0.466451,-0.011208,-0.039928,0.241017,0.000000,-0.006506,10.504065,-0.019002,-0.033127,5.215491,5.288574,0.012882,-0.000091
3.133333,0.474521,-0.011532,-0.040141,0.243615,-0.000000,-0.006309,10.608593,-0.017784,-0.032470,5.270096,5.338497,0.012649,-0.000064
3.166667,0.482679,-0.011860,-0.040348,0.246228,0.000000,-0.006114,10.713474,-0.016589,-0.031807,5.324835,5.388638,0.012417,-0.000037
3.200000,0.490923,-0.012194,-0.040549,0.248854,0.000000,-0.005923,10.818697,-0.015414,-0.031139,5.379706,5.438991,0.012187,-0.000009
3.233333,0.499255,-0.012533,-0.040743,0.251494,0.000000,-0.005734,10.924256,-0.014260,-0.030466,5.434705,5.489550,0.011957,0.000018
3.266667,0.507676,-0.012877,-0.040931,0.254147,0.000000,-0.005548,11.030140,-0.013125,-0.029787,5.489830,5.540310,0.011728,0.000044
3.300000,0.516184,-0.013226,-0.041113,0.256813,0.000000,-0.005364,11.136341,-0.012009,-0.029104,5.545076,5.591265,0.011500,0.000071
3.333333,0.524782,-0.013580,-0.041289,0.259492,-0.000000,-0.005183,11.242851,-0.010912,-0.028416,5.600441,5.642410,0.011273,0.000098
3.366667,0.533469,-0.013940,-0.041459,0.262183,0.000000,-0.005005,11.349660,-0.009832,-0.027723,5.655921,5.693739,0.011047,0.000124
3.400000,0.542246,-0.014305,-0.041622,0.264887,0.000000,-0.004829,11.456760,-0.008770,-0.027025,5.711514,5.745246,0.010821,0.000151
3.433333,0.551113,-0.014675,-0.041781,0.267602,0.000000,-0.004656,11.564143,-0.007725,-0.026323,5.767216,5.796926,0.010597,0.000177
3.466667,0.560071,-0.015050,-0.041933,0.270330,0.000000,-0.004486,11.671799,-0.006695,-0.025617,5.823024,5.848775,0.010374,0.000204
3.500000,0.569120,-0.015430,-0.042080,0.273069,-0.000000,-0.004317,11.779721,-0.005681,-0.024906,5.878935,5.900786,0.010151,0.000230
3.533333,0.578260,-0.015816,-0.042221,0.275819,0.000000,-0.004152,11.887900,-0.004683,-0.024191,5.934944,5.952955,0.009929,0.000256
3.566667,0.587491,-0.016206,-0.042356,0.278580,0.000000,-0.003988,11.996327,-0.003699,-0.023473,5.991050,6.005277,0.009709,0.000282
3.600000,0.596815,-0.016602,-0.042487,0.281352,-0.000000,-0.003827,12.104994,-0.002729,-0.022750,6.047248,6.057746,0.009489,0.000308
3.633333,0.606231,-0.017003,-0.042612,0.284134,0.000000,-0.003669,12.213892,-0.001774,-0.022023,6.103535,6.110357,0.009270,0.000333
3.666667,0.615740,-0.017409,-0.042731,0.286927,0.000000,-0.003513,12.323014,-0.000831,-0.021292,6.159908,6.163105,0.009052,0.000359
3.700000,0.625342,-0.017820,-0.042846,0.289730,-0.000000,-0.003359,12.432350,0.000098,-0.020558,6.216364,6.215986,0.008835,0.000385
3.733333,0.635038,-0.018236,-0.042955,0.292543,-0.000000,-0.003207,12.541894,0.001015,-0.019819,6.272899,6.268995,0.008619,0.000410
3.766667,0.644827,-0.018658,-0.043060,0.295365,0.000000,-0.003057,12.651636,0.001920,-0.019077,6.329510,6.322126,0.008404,0.000436
3.800000,0.654711,-0.019084,-0.043159,0.298196,-0.000000,-0.002910,12.761568,0.002813,-0.018332,6.386193,6.375375,0.008190,0.000461
3.833333,0.664689,-0.019515,-0.043254,0.301037,0.000000,-0.002765,12.871682,0.003694,-0.017582,6.442945,6.428737,0.007976,0.000486
3.866667,0.674761,-0.019952,-0.043343,0.303886,0.000000,-0.002622,12.981970,0.004564,-0.016830,6.499762,6.482208,0.007764,0.000511
3.900000,0.684929,-0.020393,-0.043428,0.306744,0.000000,-0.002480,13.092424,0.005424,-0.016073,6.556642,6.535782,0.007552,0.000536
3.933333,0.695192,-0.020840,-0.043509,0.309610,-0.000000,-0.002341,13.203036,0.006273,-0.015314,6.613581,6.589455,0.007342,0.000561
3.966667,0.705550,-0.021291,-0.043584,0.312485,0.000000,-0.002204,13.313798,0.007112,-0.014550,6.670575,6.643223,0.007132,0.000586
4.000000,0.716004,-0.021747,-0.043656,0.315367,-0.000000,-0.002069,13.424702,0.007941,-0.013784,6.727621,6.697081,0.006923,0.000610
4.033333,0.726555,-0.022208,-0.043722,0.318257,0.000000,-0.001936,13.535740,0.008760,-0.013014,6.784716,6.751024,0.006715,0.000635
4.066667,0.737201,-0.022675,-0.043785,0.321155,0.000000,-0.001804,13.646904,0.009570,-0.012240,6.841856,6.805048,0.006508,0.000659
4.100000,0.747944,-0.023146,-0.043843,0.324059,0.000000,-0.001675,13.758187,0.010371,-0.011463,6.899038,6.859149,0.006302,0.000684
4.133333,0.758784,-0.023621,-0.043896,0.326971,0.000000,-0.001547,13.869580,0.011164,-0.010683,6.956258,6.913321,0.006097,0.000708
4.166667,0.769722,-0.024102,-0.043946,0.329889,-0.000000,-0.001421,13.981075,0.011948,-0.009899,7.013514,6.967561,0.005893,0.000732
4.200000,0.780756,-0.024588,-0.043991,0.332814,0.000000,-0.001296,14.092666,0.012723,-0.009113,7.070801,7.021865,0.005690,0.000756
4.233333,0.791888,-0.025078,-0.044032,0.335745,-0.000000,-0.001174,14.204344,0.013491,-0.008322,7.128116,7.076227,0.005487,0.000780
4.266667,0.803117,-0.025573,-0.044069,0.338682,0.000000,-0.001052,14.316102,0.014251,-0.007529,7.185457,7.130645,0.005286,0.000804
4.300000,0.814445,-0.026073,-0.044102,0.341625,-0.000000,-0.000933,14.427931,0.015004,-0.006732,7.242819,7.185112,0.005085,0.000828
4.333333,0.825870,-0.026577,-0.044131,0.344574,0.000000,-0.000815,14.539826,0.015749,-0.005932,7.300199,7.239626,0.004886,0.000852
4.366667,0.837394,-0.027086,-0.044157,0.347528,-0.000000,-0.000699,14.651777,0.016487,-0.005129,7.357594,7.294182,0.004687,0.000875
4.400000,0.849016,-0.027600,-0.044178,0.350487,0.000000,-0.000584,14.763777,0.017218,-0.004322,7.415001,7.348776,0.004489,0.000899
4.433333,0.860737,-0.028118,-0.044196,0.353451,0.000000,-0.000471,14.875820,0.017943,-0.003512,7.472416,7.403404,0.004292,0.000922
4.466667,0.872557,-0.028641,-0.044209,0.356420,0.000000,-0.000359,14.987897,0.018661,-0.002698,7.529836,7.458061,0.004096,0.000945
4.500000,0.884475,-0.029168,-0.044219,0.359393,-0.000000,-0.000248,15.100001,0.019373,-0.001882,7.587257,7.512744,0.003901,0.000968
4.533333,0.896493,-0.029700,-0.044226,0.362371,0.000000,-0.000139,15.212125,0.020079,-0.001062,7.644676,7.567449,0.003707,0.000992
4.566667,0.908610,-0.030236,-0.044229,0.365352,0.000000,-0.000031,15.324262,0.020779,-0.000238,7.702091,7.622171,0.003514,0.001014
4.600000,0.920826,-0.030777,-0.044228,0.368338,0.000000,0.000075,15.436403,0.021474,0.000589,7.759497,7.676906,0.003321,0.001037
4.633333,0.933141,-0.031322,-0.044224,0.371327,0.000000,0.000181,15.548543,0.022163,0.001419,7.816892,7.731651,0.003130,0.001060
4.666667,0.945557,-0.031871,-0.044216,0.374319,-0.000000,0.000285,15.660674,0.022846,0.002253,7.874272,7.786402,0.002940,0.001083
4.700000,0.958072,-0.032425,-0.044205,0.377315,0.000000,0.000387,15.772788,0.023524,0.003090,7.931633,7.841155,0.002750,0.001105
4.733333,0.970687,-0.032983,-0.044190,0.380314,0.000000,0.000489,15.884879,0.024198,0.003930,7.988973,7.895905,0.002561,0.001128
4.766667,0.983401,-0.033545,-0.044172,0.383315,-0.000000,0.000589,15.996939,0.024866,0.004774,8.046289,7.950650,0.002374,0.001150
4.800000,0.996216,-0.034111,-0.044151,0.386320,-0.000000,0.000689,16.108961,0.025530,0.005621,8.103577,8.005385,0.002187,0.001172
4.833333,1.009131,-0.034682,-0.044126,0.389326,0.000000,0.000787,16.220939,0.026189,0.006472,8.160833,8.060106,0.002001,0.001195
4.866667,1.022146,-0.035256,-0.044098,0.392335,0.000000,0.000884,16.332866,0.026844,0.007327,8.218056,8.114810,0.001816,0.001217
4.900000,1.035261,-0.035835,-0.044067,0.395345,0.000000,0.000980,16.444734,0.027495,0.008185,8.275241,8.169493,0.001632,0.001239
4.933333,1.048477,-0.036417,-0.044033,0.398358,0.000000,0.001075,16.556536,0.028141,0.009046,8.332385,8.224151,0.001449,0.001261
4.966667,1.061793,-0.037004,-0.043996,0.401372,-0.000000,0.001169,16.668266,0.028783,0.009912,8.389486,8.278780,0.001266,0.001282
5.000000,1.075209,-0.037594,-0.043955,0.404387,0.000000,0.001262,16.779917,0.029422,0.010780,8.446540,8.333378,0.001085,0.001304
5.033333,1.088726,-0.038188,-0.043912,0.407403,0.000000,0.001354,16.891483,0.030057,0.011653,8.503543,8.387939,0.000905,0.001326
5.066667,1.102343,-0.038786,-0.043865,0.410421,0.000000,0.001445,17.002955,0.030689,0.012529,8.560494,8.442461,0.000725,0.001347
5.100000,1.116061,-0.039388,-0.043815,0.413439,0.000000,0.001535,17.114329,0.031316,0.013409,8.617388,8.496940,0.000546,0.001368
5.133333,1.129879,-0.039993,-0.043763,0.416457,0.000000,0.001624,17.225596,0.031941,0.014293,8.674223,8.551373,0.000369,0.001390
5.166667,1.143798,-0.040603,-0.043707,0.419476,0.000000,0.001713,17.336751,0.032563,0.015180,8.730996,8.605755,0.000192,0.001411
5.200000,1.157817,-0.041215,-0.043648,0.422495,0.000000,0.001800,17.447786,0.033181,0.016071,8.787703,8.660084,0.000016,0.001432
5.233333,1.171937,-0.041832,-0.043587,0.425514,0.000000,0.001887,17.558696,0.033796,0.016966,8.844341,8.714355,-0.000159,0.001453
5.266667,1.186158,-0.042451,-0.043523,0.428533,0.000000,0.001973,17.669474,0.034409,0.017865,8.900908,8.768566,-0.000333,0.001474
5.300000,1.200479,-0.043075,-0.043455,0.431552,0.000000,0.002058,17.780113,0.035019,0.018768,8.957400,8.822713,-0.000506,0.001494
5.333333,1.214901,-0.043701,-0.043385,0.434569,0.000000,0.002143,17.890607,0.035626,0.019675,9.013815,8.876792,-0.000678,0.001515
5.366667,1.229423,-0.044331,-0.043313,0.437586,0.000000,0.002226,18.000949,0.036231,0.020585,9.070149,8.930800,-0.000849,0.001536
5.400000,1.244046,-0.044964,-0.043237,0.440602,0.000000,0.002309,18.111134,0.036833,0.021500,9.126400,8.984734,-0.001020,0.001556
5.433333,1.258769,-0.045601,-0.043159,0.443617,-0.000000,0.002392,18.221154,0.037433,0.022419,9.182564,9.038590,-0.001189,0.001577
5.466667,1.273593,-0.046240,-0.043077,0.446630,0.000000,0.002473,18.331003,0.038031,0.023342,9.238638,9.092365,-0.001358,0.001597
5.500000,1.288517,-0.046883,-0.042994,0.449642,0.000000,0.002554,18.440676,0.038627,0.024269,9.294620,9.146056,-0.001525,0.001617
5.533333,1.303541,-0.047529,-0.042907,0.452652,0.000000,0.002635,18.550166,0.039220,0.025200,9.350507,9.199659,-0.001692,0.001637
5.566667,1.318666,-0.048177,-0.042818,0.455660,0.000000,0.002715,18.659467,0.039812,0.026135,9.406295,9.253172,-0.001858,0.001657
5.600000,1.333891,-0.048829,-0.042726,0.458666,0.000000,0.002794,18.768573,0.040402,0.027075,9.461983,9.306590,-0.002023,0.001677
5.633333,1.349216,-0.049483,-0.042632,0.461669,0.000000,0.002872,18.877477,0.040991,0.028019,9.517567,9.359910,-0.002187,0.001697
5.666667,1.364641,-0.050141,-0.042535,0.464670,0.000000,0.002950,18.986174,0.041577,0.028967,9.573043,9.413131,-0.002350,0.001716
5.700000,1.380166,-0.050801,-0.042435,0.467669,0.000000,0.003028,19.094657,0.042163,0.029919,9.628410,9.466247,-0.002512,0.001736
5.733333,1.395791,-0.051463,-0.042333,0.470664,0.000000,0.003105,19.202921,0.042746,0.030876,9.683665,9.519256,-0.002673,0.001755
5.766667,1.411515,-0.052128,-0.042228,0.473657,0.000000,0.003181,19.310960,0.043329,0.031837,9.738804,9.572155,-0.002833,0.001775
5.800000,1.427340,-0.052796,-0.042121,0.476646,0.000000,0.003257,19.418767,0.043910,0.032803,9.793826,9.624942,-0.002993,0.001794
5.833333,1.443263,-0.053466,-0.042011,0.479632,0.000000,0.003333,19.526338,0.044490,0.033773,9.848726,9.677611,-0.003151,0.001813
5.866667,1.459287,-0.054139,-0.041899,0.482614,0.000000,0.003408,19.633665,0.045069,0.034748,9.903503,9.730162,-0.003309,0.001832
5.900000,1.475409,-0.054814,-0.041784,0.485592,0.000000,0.003482,19.740744,0.045647,0.035727,9.958154,9.782590,-0.003465,0.001851
5.933333,1.491631,-0.055491,-0.041666,0.488567,0.000000,0.003556,19.847568,0.046224,0.036711,10.012676,9.834892,-0.003621,0.001870
5.966667,1.507952,-0.056171,-0.041547,0.491537,0.000000,0.003630,19.954132,0.046800,0.037699,10.067066,9.887066,-0.003776,0.001889
6.000000,1.524372,-0.056852,-0.041424,0.494504,0.000000,0.003703,20.060430,0.047375,0.038693,10.121321,9.939109,-0.003930,0.001907
6.033333,1.540891,-0.057536,-0.041300,0.497465,0.000000,0.003776,20.166457,0.047950,0.039691,10.175440,9.991017,-0.004083,0.001926
6.066667,1.557508,-0.058222,-0.041173,0.500423,0.000000,0.003849,20.272206,0.048524,0.040694,10.229419,10.042788,-0.004235,0.001944
6.100000,1.574224,-0.058909,-0.041043,0.503375,0.000000,0.003921,20.377673,0.049098,0.041701,10.283255,10.094418,-0.004386,0.001963
6.133333,1.591038,-0.059599,-0.040911,0.506322,0.000000,0.003993,20.482852,0.049671,0.042714,10.336947,10.145905,-0.004536,0.001981
6.166667,1.607950,-0.060290,-0.040777,0.509265,0.000000,0.004064,20.587737,0.050244,0.043731,10.390491,10.197246,-0.004685,0.001999
6.200000,1.624961,-0.060983,-0.040640,0.512202,0.000000,0.004135,20.692323,0.050816,0.044753,10.443885,10.248438,-0.004834,0.002017
6.233333,1.642069,-0.061677,-0.040501,0.515133,0.000000,0.004206,20.796605,0.051388,0.045781,10.497126,10.299479,-0.004981,0.002035
6.266667,1.659275,-0.062373,-0.040360,0.518059,0.000000,0.004277,20.900576,0.051960,0.046813,10.550212,10.350365,-0.005128,0.002053
6.300000,1.676578,-0.063071,-0.040216,0.520979,0.000000,0.004347,21.004233,0.052532,0.047850,10.603140,10.401093,-0.005274,0.002071
6.333333,1.693979,-0.063769,-0.040070,0.523894,0.000000,0.004417,21.107569,0.053104,0.048893,10.655908,10.451661,-0.005418,0.002088
6.366667,1.711476,-0.064470,-0.039922,0.526802,-0.000000,0.004487,21.210579,0.053676,0.049940,10.708513,10.502066,-0.005562,0.002106
6.400000,1.729071,-0.065171,-0.039771,0.529704,-0.000000,0.004556,21.313258,0.054248,0.050993,10.760953,10.552305,-0.005705,0.002123
6.433333,1.746762,-0.065874,-0.039618,0.532599,0.000000,0.004626,21.415602,0.054821,0.052052,10.813225,10.602376,-0.005847,0.002141
6.466667,1.764549,-0.066577,-0.039463,0.535488,0.000000,0.004695,21.517604,0.055393,0.053115,10.865327,10.652276,-0.005988,0.002158
6.500000,1.782433,-0.067282,-0.039305,0.538370,0.000000,0.004763,21.619259,0.055966,0.054184,10.917257,10.702002,-0.006128,0.002175
6.533333,1.800413,-0.067988,-0.039145,0.541245,-0.000000,0.004832,21.720563,0.056539,0.055258,10.969011,10.751552,-0.006268,0.002192
6.566667,1.818488,-0.068694,-0.038983,0.544114,0.000000,0.004901,21.821511,0.057113,0.056337,11.020588,10.800922,-0.006406,0.002209
6.600000,1.836660,-0.069401,-0.038818,0.546975,0.000000,0.004969,21.922097,0.057687,0.057422,11.071986,10.850111,-0.006543,0.002226
6.633333,1.854926,-0.070109,-0.038652,0.549828,-0.000000,0.005037,22.022317,0.058262,0.058513,11.123201,10.899116,-0.006680,0.002243
6.666667,1.873287,-0.070818,-0.038483,0.552675,-0.000000,0.005105,22.122165,0.058838,0.059609,11.174232,10.947933,-0.006815,0.002260
6.700000,1.891744,-0.071527,-0.038311,0.555513,0.000000,0.005173,22.221638,0.059414,0.060711,11.225076,10.996561,-0.006950,0.002276
6.733333,1.910294,-0.072236,-0.038138,0.558344,-0.000000,0.005240,22.320729,0.059991,0.061818,11.275732,11.044997,-0.007084,0.002293
6.766667,1.928939,-0.072946,-0.037962,0.561167,0.000000,0.005308,22.419435,0.060569,0.062931,11.326195,11.093239,-0.007217,0.002309
6.800000,1.947678,-0.073656,-0.037784,0.563982,-0.000000,0.005375,22.517749,0.061147,0.064050,11.376466,11.141284,-0.007349,0.002325
6.833333,1.966511,-0.074366,-0.037604,0.566788,0.000000,0.005442,22.615669,0.061727,0.065175,11.426540,11.189129,-0.007480,0.002341
6.866667,1.985437,-0.075077,-0.037421,0.569586,-0.000000,0.005510,22.713189,0.062308,0.066305,11.476417,11.236772,-0.007610,0.002357
6.900000,2.004457,-0.075787,-0.037236,0.572376,0.000000,0.005577,22.810304,0.062889,0.067441,11.526093,11.284211,-0.007739,0.002373
6.933333,2.023569,-0.076497,-0.037049,0.575157,-0.000000,0.005644,22.907010,0.063472,0.068583,11.575567,11.331443,-0.007867,0.002389
6.966667,2.042774,-0.077207,-0.036860,0.577929,0.000000,0.005711,23.003302,0.064056,0.069731,11.624836,11.378466,-0.007995,0.002405
7.000000,2.062072,-0.077917,-0.036669,0.580692,0.000000,0.005778,23.099176,0.064642,0.070886,11.673899,11.425277,-0.008121,0.002421
7.033333,2.081461,-0.078626,-0.036475,0.583446,0.000000,0.005844,23.194627,0.065228,0.072046,11.722753,11.471875,-0.008246,0.002436
7.066667,2.100942,-0.079335,-0.036279,0.586191,0.000000,0.005911,23.289651,0.065816,0.073212,11.771395,11.518256,-0.008371,0.002452
7.100000,2.120514,-0.080044,-0.036081,0.588926,-0.000000,0.005978,23.384244,0.066406,0.074385,11.819825,11.564419,-0.008495,0.002467
7.133333,2.140178,-0.080752,-0.035880,0.591652,0.000000,0.006045,23.478400,0.066997,0.075563,11.868040,11.610360,-0.008618,0.002482
7.166667,2.159932,-0.081459,-0.035678,0.594368,-0.000000,0.006112,23.572116,0.067589,0.076748,11.916037,11.656079,-0.008739,0.002497
7.200000,2.179777,-0.082165,-0.035473,0.597075,0.000000,0.006178,23.665387,0.068183,0.077939,11.963815,11.701572,-0.008860,0.002512
7.233333,2.199712,-0.082870,-0.035266,0.599771,0.000000,0.006245,23.758210,0.068779,0.079137,12.011372,11.746838,-0.008980,0.002527
7.266667,2.219737,-0.083575,-0.035057,0.602458,0.000000,0.006312,23.850579,0.069376,0.080341,12.058705,11.791874,-0.009100,0.002542
7.300000,2.239851,-0.084278,-0.034845,0.605134,0.000000,0.006378,23.942491,0.069975,0.081551,12.105813,11.836677,-0.009218,0.002557
7.333333,2.260055,-0.084980,-0.034631,0.607800,0.000000,0.006445,24.033941,0.070576,0.082768,12.152695,11.881247,-0.009335,0.002572
7.366667,2.280347,-0.085681,-0.034415,0.610456,0.000000,0.006512,24.124926,0.071179,0.083991,12.199346,11.925580,-0.009451,0.002586
7.400000,2.300728,-0.086381,-0.034197,0.613101,0.000000,0.006579,24.215442,0.071784,0.085221,12.245767,11.969675,-0.009567,0.002601
7.433333,2.321196,-0.087079,-0.033977,0.615736,-0.000000,0.006646,24.305484,0.072391,0.086457,12.291955,12.013529,-0.009681,0.002615
7.466667,2.341753,-0.087775,-0.033754,0.618359,0.000000,0.006713,24.395048,0.073000,0.087700,12.337908,12.057140,-0.009795,0.002629
7.500000,2.362397,-0.088470,-0.033529,0.620972,-0.000000,0.006780,24.484130,0.073611,0.088950,12.383624,12.100506,-0.009908,0.002643
7.533333,2.383128,-0.089163,-0.033302,0.623573,0.000000,0.006847,24.572727,0.074224,0.090207,12.429102,12.143626,-0.010020,0.002657
7.566667,2.403945,-0.089854,-0.033073,0.626164,0.000000,0.006914,24.660835,0.074839,0.091470,12.474339,12.186496,-0.010130,0.002671
7.600000,2.424849,-0.090543,-0.032841,0.628743,0.000000,0.006981,24.748450,0.075457,0.092740,12.519334,12.229116,-0.010240,0.002685
7.633333,2.445839,-0.091230,-0.032607,0.631310,-0.000000,0.007049,24.835567,0.076077,0.094017,12.564085,12.271483,-0.010350,0.002699
7.666667,2.466914,-0.091915,-0.032371,0.633866,0.000000,0.007116,24.922184,0.076699,0.095301,12.608590,12.313594,-0.010458,0.002713
7.700000,2.488074,-0.092598,-0.032133,0.636411,0.000000,0.007184,25.008296,0.077323,0.096593,12.652847,12.355449,-0.010565,0.002726
7.733333,2.509319,-0.093278,-0.031893,0.638943,-0.000000,0.007251,25.093901,0.077951,0.097891,12.696855,12.397045,-0.010671,0.002740
7.766667,2.530648,-0.093956,-0.031650,0.641464,0.000000,0.007319,25.178993,0.078580,0.099196,12.740612,12.438381,-0.010777,0.002753
7.800000,2.552062,-0.094631,-0.031405,0.643973,0.000000,0.007387,25.263570,0.079213,0.100508,12.784117,12.479453,-0.010881,0.002766
7.833333,2.573559,-0.095304,-0.031157,0.646469,0.000000,0.007455,25.347628,0.079847,0.101828,12.827367,12.520261,-0.010985,0.002779
7.866667,2.595139,-0.095974,-0.030908,0.648953,0.000000,0.007523,25.431164,0.080485,0.103155,12.870361,12.560803,-0.011087,0.002792
7.900000,2.616801,-0.096641,-0.030656,0.651425,0.000000,0.007592,25.514173,0.081125,0.104489,12.913097,12.601076,-0.011189,0.002805
7.933333,2.638546,-0.097305,-0.030401,0.653885,0.000000,0.007660,25.596653,0.081768,0.105830,12.955574,12.641080,-0.011290,0.002818
7.966667,2.660373,-0.097966,-0.030145,0.656331,0.000000,0.007729,25.678601,0.082414,0.107179,12.997790,12.680811,-0.011390,0.002831
8.000000,2.682282,-0.098624,-0.029886,0.658765,0.000000,0.007798,25.760012,0.083063,0.108535,13.039743,12.720269,-0.011489,0.002844
8.033333,2.704271,-0.099278,-0.029625,0.661187,0.000000,0.007867,25.840883,0.083715,0.109899,13.081432,12.759451,-0.011587,0.002856
8.066667,2.726341,-0.099929,-0.029362,0.663595,0.000000,0.007936,25.921212,0.084370,0.111270,13.122856,12.798356,-0.011684,0.002869
8.100000,2.748492,-0.100577,-0.029096,0.665990,0.000000,0.008006,26.000995,0.085028,0.112649,13.164013,12.836982,-0.011780,0.002881
8.133333,2.770722,-0.101221,-0.028828,0.668373,0.000000,0.008075,26.080228,0.085689,0.114035,13.204901,12.875327,-0.011876,0.002893
8.166667,2.793031,-0.101861,-0.028558,0.670742,0.000000,0.008145,26.158909,0.086353,0.115429,13.245518,12.913390,-0.011970,0.002905
8.200000,2.815420,-0.102498,-0.028285,0.673097,0.000000,0.008215,26.237034,0.087021,0.116831,13.285865,12.951169,-0.012064,0.002917
8.233333,2.837886,-0.103130,-0.028010,0.675440,-0.000000,0.008286,26.314601,0.087691,0.118241,13.325938,12.988663,-0.012156,0.002929
8.266667,2.860431,-0.103759,-0.027733,0.677768,0.000000,0.008356,26.391605,0.088366,0.119658,13.365736,13.025869,-0.012248,0.002941
8.300000,2.883053,-0.104383,-0.027453,0.680083,0.000000,0.008427,26.468045,0.089043,0.121084,13.405259,13.062786,-0.012339,0.002953
8.333333,2.905753,-0.105003,-0.027171,0.682384,0.000000,0.008498,26.543917,0.089724,0.122517,13.444504,13.099413,-0.012428,0.002964
8.366667,2.928529,-0.105619,-0.026886,0.684672,-0.000000,0.008569,26.619218,0.090408,0.123958,13.483471,13.135747,-0.012517,0.002976
8.400000,2.951381,-0.106230,-0.026600,0.686945,0.000000,0.008641,26.693946,0.091096,0.125408,13.522158,13.171788,-0.012605,0.002987
8.433333,2.974309,-0.106837,-0.026310,0.689205,0.000000,0.008712,26.768097,0.091788,0.126865,13.560564,13.207534,-0.012692,0.002999
8.466667,2.997312,-0.107439,-0.026019,0.691450,0.000000,0.008784,26.841669,0.092483,0.128331,13.598686,13.242983,-0.012779,0.003010
8.500000,3.020390,-0.108036,-0.025725,0.693681,0.000000,0.008857,26.914659,0.093182,0.129804,13.636525,13.278133,-0.012864,0.003021
8.533333,3.043542,-0.108629,-0.025428,0.695898,-0.000000,0.008929,26.987063,0.093885,0.131286,13.674079,13.312984,-0.012948,0.003032
8.566667,3.066768,-0.109216,-0.025129,0.698101,0.000000,0.009002,27.058880,0.094591,0.132776,13.711346,13.347534,-0.013032,0.003043
8.600000,3.090067,-0.109798,-0.024828,0.700289,0.000000,0.009075,27.130107,0.095301,0.134275,13.748326,13.381782,-0.013114,0.003054
8.633333,3.113439,-0.110375,-0.024524,0.702462,0.000000,0.009149,27.200741,0.096016,0.135782,13.785016,13.415725,-0.013196,0.003065
8.666667,3.136884,-0.110946,-0.024218,0.704621,0.000000,0.009222,27.270779,0.096734,0.137297,13.821417,13.449363,-0.013277,0.003075
8.700000,3.160400,-0.111512,-0.023910,0.706764,0.000000,0.009297,27.340220,0.097456,0.138821,13.857526,13.482694,-0.013356,0.003086
8.733333,3.183988,-0.112073,-0.023598,0.708893,0.000000,0.009371,27.409059,0.098183,0.140354,13.893343,13.515716,-0.013435,0.003096
8.766667,3.207646,-0.112627,-0.023285,0.711008,0.000000,0.009446,27.477296,0.098914,0.141895,13.928866,13.548430,-0.013513,0.003107
8.800000,3.231375,-0.113176,-0.022969,0.713107,0.000000,0.009521,27.544927,0.099648,0.143445,13.964095,13.580832,-0.013590,0.003117
8.833333,3.255174,-0.113719,-0.022650,0.715191,0.000000,0.009596,27.611950,0.100387,0.145003,13.999028,13.612922,-0.013666,0.003127
8.866667,3.279042,-0.114256,-0.022329,0.717259,-0.000000,0.009672,27.678363,0.101131,0.146570,14.033664,13.644699,-0.013741,0.003137
8.900000,3.302979,-0.114787,-0.022005,0.719313,0.000000,0.009748,27.744163,0.101879,0.148146,14.068002,13.676161,-0.013816,0.003147
8.933333,3.326984,-0.115311,-0.021679,0.721351,-0.000000,0.009824,27.809348,0.102631,0.149731,14.102041,13.707307,-0.013889,0.003157
8.966667,3.351058,-0.115829,-0.021350,0.723374,0.000000,0.009901,27.873916,0.103388,0.151325,14.135780,13.738136,-0.013962,0.003167
9.000000,3.375198,-0.116341,-0.021019,0.725381,-0.000000,0.009978,27.937865,0.104149,0.152927,14.169219,13.768646,-0.014033,0.003176
9.033333,3.399406,-0.116846,-0.020685,0.727373,0.000000,0.010056,28.001192,0.104915,0.154539,14.202355,13.798837,-0.014104,0.003186
9.066667,3.423679,-0.117344,-0.020349,0.729349,-0.000000,0.010134,28.063896,0.105685,0.156160,14.235189,13.828707,-0.014173,0.003195
9.100000,3.448019,-0.117835,-0.020010,0.731309,0.000000,0.010212,28.125973,0.106460,0.157790,14.267718,13.858255,-0.014242,0.003205
9.133333,3.472423,-0.118319,-0.019668,0.733253,0.000000,0.010291,28.187423,0.107241,0.159429,14.299943,13.887480,-0.014310,0.003214
9.166667,3.496892,-0.118796,-0.019324,0.735182,0.000000,0.010370,28.248244,0.108025,0.161077,14.331863,13.916381,-0.014377,0.003223
9.200000,3.521426,-0.119266,-0.018977,0.737095,0.000000,0.010450,28.308432,0.108815,0.162735,14.363476,13.944956,-0.014443,0.003232
9.233333,3.546023,-0.119729,-0.018627,0.738991,-0.000000,0.010530,28.367987,0.109610,0.164402,14.394782,13.973205,-0.014508,0.003241
9.266667,3.570683,-0.120184,-0.018275,0.740872,0.000000,0.010610,28.426906,0.110410,0.166078,14.425779,14.001126,-0.014573,0.003250
9.300000,3.595406,-0.120631,-0.017920,0.742736,-0.000000,0.010691,28.485187,0.111215,0.167764,14.456468,14.028719,-0.014636,0.003258
9.333333,3.620191,-0.121071,-0.017562,0.744584,0.000000,0.010772,28.542829,0.112025,0.169459,14.486847,14.055983,-0.014698,0.003267
9.366667,3.645037,-0.121503,-0.017201,0.746416,0.000000,0.010854,28.599831,0.112840,0.171164,14.516915,14.082916,-0.014760,0.003276
9.400000,3.669944,-0.121927,-0.016838,0.748232,0.000000,0.010936,28.656189,0.113660,0.172879,14.546672,14.109517,-0.014820,0.003284
9.433333,3.694912,-0.122343,-0.016472,0.750031,0.000000,0.011018,28.711903,0.114486,0.174603,14.576117,14.135786,-0.014880,0.003292
9.466667,3.719940,-0.122750,-0.016104,0.751813,0.000000,0.011101,28.766970,0.115317,0.176336,14.605249,14.161722,-0.014939,0.003301
9.500000,3.745026,-0.123150,-0.015732,0.753579,-0.000000,0.011185,28.821390,0.116154,0.178080,14.634068,14.187323,-0.014997,0.003309
9.533333,3.770172,-0.123541,-0.015358,0.755328,0.000000,0.011269,28.875161,0.116996,0.179833,14.662572,14.212588,-0.015053,0.003317
9.566667,3.795375,-0.123923,-0.014981,0.757061,0.000000,0.011353,28.928280,0.117843,0.181597,14.690762,14.237518,-0.015109,0.003325
9.600000,3.820637,-0.124297,-0.014601,0.758777,-0.000000,0.011438,28.980747,0.118697,0.183370,14.718637,14.262111,-0.015164,0.003333
9.633333,3.845955,-0.124662,-0.014219,0.760476,0.000000,0.011524,29.032561,0.119556,0.185153,14.746195,14.286365,-0.015219,0.003340
9.666667,3.871330,-0.125018,-0.013833,0.762159,0.000000,0.011609,29.083719,0.120420,0.186946,14.773437,14.310281,-0.015272,0.003348
9.700000,3.896760,-0.125364,-0.013445,0.763824,0.000000,0.011696,29.134220,0.121291,0.188750,14.800362,14.333858,-0.015324,0.003356
9.733333,3.922247,-0.125702,-0.013053,0.765473,-0.000000,0.011783,29.184063,0.122168,0.190563,14.826969,14.357094,-0.015376,0.003363
9.766667,3.947787,-0.126030,-0.012659,0.767104,0.000000,0.011870,29.233247,0.123050,0.192387,14.853258,14.379989,-0.015426,0.003370
9.800000,3.973383,-0.126349,-0.012262,0.768718,0.000000,0.011958,29.281770,0.123938,0.194221,14.879228,14.402542,-0.015476,0.003378
9.833333,3.999031,-0.126659,-0.011862,0.770316,-0.000000,0.012047,29.329632,0.124833,0.196065,14.904879,14.424753,-0.015524,0.003385
9.866667,4.024733,-0.126958,-0.011459,0.771896,0.000000,0.012136,29.376830,0.125733,0.197920,14.930210,14.446620,-0.015572,0.003392
9.900000,4.050487,-0.127248,-0.011053,0.773459,0.000000,0.012226,29.423364,0.126640,0.199785,14.955221,14.468143,-0.015619,0.003399
9.933333,4.076294,-0.127528,-0.010644,0.775004,-0.000000,0.012316,29.469233,0.127553,0.201661,14.979912,14.489322,-0.015665,0.003405
9.966667,4.102151,-0.127798,-0.010232,0.776532,0.000000,0.012406,29.514436,0.128473,0.203547,15.004281,14.510155,-0.015710,0.003412
10.000000,4.128060,-0.128058,-0.009817,0.778043,0.000000,0.012498,29.558971,0.129399,0.205444,15.028330,14.530642,-0.015754,0.003419
10.033333,4.154018,-0.128307,-0.009399,0.779537,0.000000,0.012590,29.602838,0.130331,0.207351,15.052056,14.550782,-0.015797,0.003425
10.066667,4.180026,-0.128546,-0.008977,0.781013,0.000000,0.012682,29.646036,0.131270,0.209269,15.075460,14.570575,-0.015839,0.003432
10.100000,4.206083,-0.128775,-0.008553,0.782472,0.000000,0.012775,29.688563,0.132216,0.211198,15.098542,14.590020,-0.015881,0.003438
10.133333,4.232189,-0.128992,-0.008126,0.783913,-0.000000,0.012869,29.730419,0.133168,0.213138,15.121302,14.609117,-0.015921,0.003444
10.166667,4.258342,-0.129199,-0.007695,0.785336,0.000000,0.012963,29.771603,0.134127,0.215088,15.143738,14.627865,-0.015961,0.003450
10.200000,4.284543,-0.129395,-0.007261,0.786742,-0.000000,0.013058,29.812115,0.135093,0.217050,15.165851,14.646264,-0.015999,0.003456
10.233333,4.310790,-0.129580,-0.006825,0.788130,0.000000,0.013153,29.851953,0.136065,0.219022,15.187641,14.664312,-0.016037,0.003462
10.266667,4.337083,-0.129754,-0.006385,0.789501,0.000000,0.013249,29.891117,0.137045,0.221006,15.209107,14.682010,-0.016074,0.003468
10.300000,4.363422,-0.129916,-0.005941,0.790854,0.000000,0.013346,29.929606,0.138032,0.223001,15.230249,14.699357,-0.016110,0.003474
10.333333,4.389806,-0.130067,-0.005495,0.792189,0.000000,0.013443,29.967419,0.139026,0.225006,15.251067,14.716352,-0.016145,0.003480
10.366667,4.416234,-0.130206,-0.005045,0.793506,0.000000,0.013541,30.004557,0.140027,0.227023,15.271560,14.732996,-0.016179,0.003485
10.400000,4.442705,-0.130334,-0.004592,0.794805,0.000000,0.013640,30.041017,0.141035,0.229052,15.291730,14.749288,-0.016212,0.003491
10.433333,4.469220,-0.130450,-0.004136,0.796087,0.000000,0.013739,30.076801,0.142051,0.231091,15.311575,14.765226,-0.016244,0.003496
10.466667,4.495777,-0.130553,-0.003676,0.797350,0.000000,0.013839,30.111907,0.143074,0.233142,15.331095,14.780812,-0.016275,0.003501
10.500000,4.522376,-0.130645,-0.003213,0.798596,-0.000000,0.013940,30.146335,0.144104,0.235205,15.350291,14.796044,-0.016306,0.003506
10.533333,4.549016,-0.130724,-0.002747,0.799824,0.000000,0.014041,30.180084,0.145142,0.237279,15.369162,14.810923,-0.016335,0.003511
10.566667,4.575697,-0.130791,-0.002277,0.801033,0.000000,0.014143,30.213155,0.146188,0.239364,15.387708,14.825447,-0.016364,0.003516
10.600000,4.602418,-0.130846,-0.001804,0.802225,0.000000,0.014246,30.245547,0.147241,0.241461,15.405929,14.839617,-0.016391,0.003521
10.633333,4.629179,-0.130888,-0.001327,0.803399,0.000000,0.014349,30.277259,0.148302,0.243570,15.423826,14.853433,-0.016418,0.003526
10.666667,4.655978,-0.130917,-0.000847,0.804555,0.000000,0.014454,30.308292,0.149371,0.245691,15.441398,14.866893,-0.016444,0.003530
10.700000,4.682816,-0.130933,-0.000364,0.805692,0.000000,0.014558,30.338644,0.150448,0.247823,15.458646,14.879999,-0.016469,0.003535
10.733333,4.709691,-0.130936,0.000123,0.806811,0.000000,0.014664,30.368317,0.151533,0.249967,15.475569,14.892749,-0.016493,0.003539
10.766667,4.736603,-0.130927,0.000614,0.807913,0.000000,0.014770,30.397310,0.152626,0.252123,15.492167,14.905143,-0.016516,0.003544
10.800000,4.763551,-0.130903,0.001108,0.808996,0.000000,0.014877,30.425623,0.153727,0.254291,15.508441,14.917182,-0.016538,0.003548
10.833333,4.790536,-0.130867,0.001606,0.810061,0.000000,0.014985,30.453255,0.154837,0.256471,15.524391,14.928864,-0.016559,0.003552
10.866667,4.817555,-0.130817,0.002107,0.811108,0.000000,0.015094,30.480207,0.155955,0.258663,15.540017,14.940191,-0.016579,0.003556
10.900000,4.844609,-0.130753,0.002612,0.812136,0.000000,0.015203,30.506480,0.157081,0.260867,15.555318,14.951161,-0.016599,0.003560
10.933333,4.871697,-0.130675,0.003121,0.813147,0.000000,0.015313,30.532072,0.158216,0.263084,15.570297,14.961775,-0.016617,0.003564
10.966667,4.898818,-0.130584,0.003633,0.814139,0.000000,0.015424,30.556984,0.159359,0.265312,15.584951,14.972033,-0.016635,0.003568
11.000000,4.925972,-0.130478,0.004149,0.815113,0.000000,0.015536,30.581217,0.160511,0.267553,15.599283,14.981934,-0.016652,0.003571
11.033333,4.953159,-0.130358,0.004669,0.816068,0.000000,0.015648,30.604770,0.161671,0.269806,15.613291,14.991478,-0.016667,0.003575
11.066667,4.980376,-0.130224,0.005192,0.817006,0.000000,0.015762,30.627643,0.162841,0.272072,15.626977,15.000666,-0.016682,0.003578
11.100000,5.007625,-0.130075,0.005719,0.817925,0.000000,0.015876,30.649838,0.164019,0.274350,15.640341,15.009498,-0.016696,0.003581
11.133333,5.034903,-0.129912,0.006250,0.818825,0.000000,0.015991,30.671354,0.165207,0.276640,15.653382,15.017972,-0.016709,0.003585
11.166667,5.062212,-0.129734,0.006785,0.819708,-0.000000,0.016106,30.692192,0.166403,0.278944,15.666102,15.026090,-0.016721,0.003588
11.200000,5.089549,-0.129541,0.007324,0.820572,0.000000,0.016223,30.712352,0.167609,0.281259,15.678500,15.033852,-0.016732,0.003591
11.233333,5.116915,-0.129333,0.007867,0.821418,0.000000,0.016340,30.731835,0.168823,0.283588,15.690578,15.041257,-0.016742,0.003594
11.266667,5.144308,-0.129110,0.008414,0.822245,0.000000,0.016459,30.750641,0.170047,0.285929,15.702335,15.048306,-0.016752,0.003597
11.300000,5.171729,-0.128872,0.008964,0.823054,0.000000,0.016578,30.768770,0.171281,0.288283,15.713772,15.054998,-0.016760,0.003599
11.333333,5.199176,-0.128618,0.009519,0.823845,0.000000,0.016698,30.786224,0.172524,0.290650,15.724889,15.061335,-0.016768,0.003602
11.366667,5.226649,-0.128349,0.010077,0.824617,0.000000,0.016819,30.803002,0.173777,0.293029,15.735687,15.067315,-0.016774,0.003604
11.400000,5.254148,-0.128064,0.010640,0.825372,0.000000,0.016941,30.819106,0.175039,0.295422,15.746166,15.072939,-0.016780,0.003607
11.433333,5.281671,-0.127764,0.011207,0.826107,0.000000,0.017064,30.834536,0.176311,0.297828,15.756328,15.078208,-0.016785,0.003609
11.466667,5.309218,-0.127447,0.011778,0.826825,0.000000,0.017187,30.849293,0.177593,0.300246,15.766172,15.083121,-0.016789,0.003611
11.500000,5.336788,-0.127115,0.012353,0.827524,0.000000,0.017312,30.863378,0.178885,0.302678,15.775698,15.087679,-0.016791,0.003613
11.533333,5.364382,-0.126766,0.012932,0.828205,0.000000,0.017437,30.876791,0.180187,0.305123,15.784909,15.091882,-0.016793,0.003615
11.566667,5.391997,-0.126400,0.013515,0.828867,0.000000,0.017564,30.889534,0.181499,0.307581,15.793803,15.095731,-0.016795,0.003617
11.600000,5.419634,-0.126019,0.014103,0.829511,0.000000,0.017691,30.901607,0.182821,0.310053,15.802383,15.099224,-0.016795,0.003619
11.633333,5.447292,-0.125621,0.014694,0.830137,0.000000,0.017819,30.913011,0.184154,0.312538,15.810647,15.102364,-0.016794,0.003621
11.666667,5.474971,-0.125206,0.015291,0.830745,-0.000000,0.017949,30.923748,0.185497,0.315036,15.818598,15.105149,-0.016792,0.003623
11.700000,5.502669,-0.124774,0.015891,0.831334,-0.000000,0.018079,30.933817,0.186850,0.317547,15.826236,15.107581,-0.016790,0.003624
11.733333,5.530386,-0.124325,0.016496,0.831905,0.000000,0.018210,30.943221,0.188214,0.320072,15.833561,15.109660,-0.016786,0.003625
11.766667,5.558121,-0.123859,0.017105,0.832457,0.000000,0.018343,30.951961,0.189589,0.322611,15.840575,15.111386,-0.016782,0.003627
11.800000,5.585874,-0.123376,0.017719,0.832992,0.000000,0.018476,30.960037,0.190974,0.325163,15.847277,15.112760,-0.016777,0.003628
11.833333,5.613645,-0.122875,0.018337,0.833508,0.000000,0.018610,30.967451,0.192371,0.327729,15.853669,15.113781,-0.016770,0.003629
11.866667,5.641432,-0.122357,0.018959,0.834006,0.000000,0.018745,30.974204,0.193778,0.330309,15.859752,15.114451,-0.016763,0.003630
11.900000,5.669235,-0.121821,0.019586,0.834486,0.000000,0.018882,30.980297,0.195197,0.332902,15.865527,15.114770,-0.016755,0.003631
11.933333,5.697054,-0.121267,0.020218,0.834947,0.000000,0.019019,30.985732,0.196626,0.335509,15.870993,15.114739,-0.016746,0.003632
11.966667,5.724887,-0.120695,0.020854,0.835390,0.000000,0.019157,30.990509,0.198067,0.338130,15.876153,15.114357,-0.016736,0.003633
12.000000,5.752734,-0.120106,0.021495,0.835815,0.000000,0.019297,30.994632,0.199519,0.340765,15.881007,15.113625,-0.016726,0.003633
12.033333,5.780595,-0.119498,0.022141,0.836222,0.000000,0.019437,30.998100,0.200983,0.343413,15.885555,15.112544,-0.016714,0.003634
12.066667,5.808468,-0.118871,0.022791,0.836611,0.000000,0.019579,31.000915,0.202458,0.346076,15.889800,15.111115,-0.016701,0.003634
12.100000,5.836354,-0.118227,0.023446,0.836982,0.000000,0.019722,31.003079,0.203945,0.348753,15.893741,15.109338,-0.016688,0.003634
12.133333,5.864252,-0.117563,0.024106,0.837335,-0.000000,0.019865,31.004593,0.205443,0.351444,15.897380,15.107213,-0.016673,0.003635
12.166667,5.892160,-0.116881,0.024770,0.837669,-0.000000,0.020010,31.005460,0.206954,0.354149,15.900718,15.104742,-0.016658,0.003635
12.200000,5.920079,-0.116180,0.025440,0.837986,0.000000,0.020156,31.005680,0.208476,0.356868,15.903756,15.101924,-0.016642,0.003635
12.233333,5.948007,-0.115460,0.026114,0.838285,0.000000,0.020304,31.005255,0.210011,0.359601,15.906494,15.098761,-0.016624,0.003635
12.266667,5.975945,-0.114721,0.026793,0.838565,0.000000,0.020452,31.004188,0.211557,0.362349,15.908935,15.095253,-0.016606,0.003635
12.300000,6.003892,-0.113962,0.027478,0.838828,0.000000,0.020601,31.002479,0.213116,0.365111,15.911078,15.091401,-0.016587,0.003634
12.333333,6.031846,-0.113184,0.028167,0.839073,0.000000,0.020752,31.000131,0.214687,0.367887,15.912926,15.087206,-0.016567,0.003634
12.366667,6.059807,-0.112387,0.028861,0.839299,0.000000,0.020904,30.997146,0.216271,0.370678,15.914478,15.082667,-0.016546,0.003633
12.400000,6.087776,-0.111570,0.029560,0.839508,0.000000,0.021057,30.993525,0.217867,0.373483,15.915737,15.077787,-0.016525,0.003633
12.433333,6.115750,-0.110733,0.030265,0.839700,-0.000000,0.021211,30.989270,0.219476,0.376302,15.916704,15.072566,-0.016502,0.003632
12.466667,6.143730,-0.109876,0.030974,0.839873,0.000000,0.021366,30.984384,0.221097,0.379136,15.917379,15.067005,-0.016478,0.003631
12.500000,6.171714,-0.108999,0.031689,0.840029,-0.000000,0.021523,30.978868,0.222732,0.381985,15.917765,15.061103,-0.016454,0.003630
12.533333,6.199703,-0.108101,0.032409,0.840167,0.000000,0.021680,30.972725,0.224379,0.384848,15.917861,15.054864,-0.016428,0.003629
12.566667,6.227696,-0.107183,0.033135,0.840287,0.000000,0.021839,30.965956,0.226040,0.387726,15.917670,15.048286,-0.016402,0.003628
12.600000,6.255691,-0.106245,0.033865,0.840389,0.000000,0.022000,30.958564,0.227713,0.390619,15.917192,15.041371,-0.016375,0.003627
12.633333,6.283689,-0.105286,0.034601,0.840474,-0.000000,0.022161,30.950551,0.229400,0.393526,15.916430,15.034121,-0.016347,0.003626
12.666667,6.311689,-0.104307,0.035343,0.840542,-0.000000,0.022324,30.941919,0.231101,0.396448,15.915384,15.026535,-0.016317,0.003625
12.700000,6.339690,-0.103306,0.036090,0.840592,0.000000,0.022488,30.932670,0.232814,0.399385,15.914055,15.018615,-0.016287,0.003623
12.733333,6.367692,-0.102285,0.036842,0.840624,0.000000,0.022653,30.922807,0.234542,0.402336,15.912446,15.010362,-0.016256,0.003621
12.766667,6.395694,-0.101242,0.037600,0.840640,0.000000,0.022820,30.912333,0.236283,0.405303,15.910557,15.001776,-0.016225,0.003620
12.800000,6.423695,-0.100178,0.038363,0.840637,0.000000,0.022988,30.901249,0.238038,0.408284,15.908389,14.992859,-0.016192,0.003618
12.833333,6.451695,-0.099093,0.039132,0.840618,0.000000,0.023157,30.889558,0.239807,0.411281,15.905945,14.983612,-0.016158,0.003616
12.866667,6.479693,-0.097986,0.039907,0.840581,0.000000,0.023328,30.877262,0.241589,0.414292,15.903226,14.974036,-0.016124,0.003614
12.900000,6.507689,-0.096857,0.040687,0.840527,0.000000,0.023499,30.864365,0.243386,0.417318,15.900233,14.964132,-0.016088,0.003612
12.933333,6.535682,-0.095706,0.041474,0.840455,0.000000,0.023673,30.850868,0.245197,0.420360,15.896967,14.953901,-0.016052,0.003610
12.966667,6.563671,-0.094534,0.042266,0.840367,-0.000000,0.023847,30.836774,0.247023,0.423416,15.893431,14.943344,-0.016014,0.003608
13.000000,6.591656,-0.093339,0.043063,0.840261,-0.000000,0.024023,30.822087,0.248863,0.426487,15.889625,14.932462,-0.015976,0.003605
13.033333,6.619636,-0.092122,0.043867,0.840139,0.000000,0.024201,30.806808,0.250717,0.429574,15.885552,14.921256,-0.015937,0.003603
13.066667,6.647611,-0.090883,0.044677,0.839999,0.000000,0.024380,30.790940,0.252586,0.432675,15.881212,14.909728,-0.015897,0.003600
13.100000,6.675580,-0.089621,0.045492,0.839843,-0.000000,0.024560,30.774487,0.254470,0.435792,15.876608,14.897879,-0.015856,0.003597
13.133333,6.703542,-0.088337,0.046314,0.839669,0.000000,0.024741,30.757451,0.256368,0.438924,15.871741,14.885709,-0.015814,0.003595
13.166667,6.731498,-0.087029,0.047142,0.839479,0.000000,0.024924,30.739834,0.258282,0.442071,15.866613,14.873221,-0.015771,0.003592
13.200000,6.759445,-0.085699,0.047976,0.839273,-0.000000,0.025109,30.721641,0.260210,0.445233,15.861225,14.860416,-0.015727,0.003589
13.233333,6.787385,-0.084346,0.048816,0.839049,0.000000,0.025295,30.702873,0.262154,0.448411,15.855579,14.847294,-0.015683,0.003586
13.266667,6.815315,-0.082970,0.049662,0.838809,0.000000,0.025482,30.683534,0.264113,0.451603,15.849677,14.833857,-0.015637,0.003582
13.300000,6.843236,-0.081570,0.050515,0.838552,0.000000,0.025671,30.663627,0.266088,0.454811,15.843520,14.820107,-0.015591,0.003579
13.333333,6.871147,-0.080147,0.051373,0.838279,0.000000,0.025861,30.643155,0.268077,0.458034,15.837111,14.806044,-0.015543,0.003576
13.366667,6.899047,-0.078700,0.052239,0.837990,0.000000,0.026053,30.622122,0.270083,0.461273,15.830451,14.791671,-0.015495,0.003572
13.400000,6.926937,-0.077230,0.053110,0.837684,-0.000000,0.026247,30.600529,0.272104,0.464527,15.823541,14.776988,-0.015446,0.003569
13.433333,6.954814,-0.075735,0.053988,0.837361,0.000000,0.026441,30.578381,0.274141,0.467796,15.816384,14.761997,-0.015396,0.003565
13.466667,6.982679,-0.074217,0.054873,0.837023,0.000000,0.026638,30.555681,0.276193,0.471080,15.808981,14.746700,-0.015345,0.003561
13.500000,7.010531,-0.072675,0.055764,0.836668,0.000000,0.026836,30.532432,0.278262,0.474379,15.801335,14.731097,-0.015293,0.003557
13.533333,7.038370,-0.071108,0.056662,0.836298,-0.000000,0.027035,30.508638,0.280347,0.477694,15.793447,14.715191,-0.015240,0.003553
13.566667,7.066195,-0.069518,0.057567,0.835911,0.000000,0.027236,30.484301,0.282447,0.481025,15.785319,14.698983,-0.015186,0.003549
13.600000,7.094005,-0.067902,0.058478,0.835509,0.000000,0.027439,30.459426,0.284565,0.484370,15.776953,14.682474,-0.015131,0.003545
13.633333,7.121800,-0.066262,0.059396,0.835090,0.000000,0.027643,30.434016,0.286698,0.487731,15.768350,14.665666,-0.015076,0.003541
13.666667,7.149579,-0.064597,0.060321,0.834656,0.000000,0.027849,30.408074,0.288848,0.491107,15.759514,14.648560,-0.015019,0.003536
13.700000,7.177342,-0.062908,0.061253,0.834206,0.000000,0.028057,30.381605,0.291014,0.494498,15.750445,14.631159,-0.014962,0.003532
13.733333,7.205089,-0.061193,0.062191,0.833740,0.000000,0.028266,30.354611,0.293197,0.497905,15.741147,14.613464,-0.014903,0.003527
13.766667,7.232817,-0.059453,0.063137,0.833259,0.000000,0.028476,30.327096,0.295397,0.501327,15.731620,14.595476,-0.014844,0.003522
13.800000,7.260528,-0.057688,0.064090,0.832763,0.000000,0.028689,30.299064,0.297614,0.504764,15.721867,14.577198,-0.014784,0.003518
13.833333,7.288221,-0.055897,0.065050,0.832251,-0.000000,0.028903,30.270519,0.299847,0.508217,15.711889,14.558630,-0.014723,0.003513
13.866667,7.315894,-0.054081,0.066017,0.831724,0.000000,0.029118,30.241465,0.302098,0.511684,15.701690,14.539775,-0.014661,0.003508
13.900000,7.343548,-0.052239,0.066991,0.831181,0.000000,0.029336,30.211905,0.304366,0.515167,15.691271,14.520634,-0.014598,0.003503
13.933333,7.371182,-0.050372,0.067972,0.830624,0.000000,0.029555,30.181844,0.306650,0.518665,15.680634,14.501210,-0.014534,0.003498
13.966667,7.398795,-0.048478,0.068961,0.830051,-0.000000,0.029775,30.151284,0.308952,0.522178,15.669781,14.481503,-0.014469,0.003492
14.000000,7.426387,-0.046559,0.069957,0.829463,-0.000000,0.029998,30.120231,0.311272,0.525706,15.658715,14.461516,-0.014403,0.003487
14.033333,7.453957,-0.044613,0.070961,0.828861,-0.000000,0.030222,30.088689,0.313609,0.529250,15.647438,14.441251,-0.014337,0.003481
14.066667,7.481505,-0.042641,0.071972,0.828244,0.000000,0.030448,30.056660,0.315963,0.532808,15.635951,14.420709,-0.014269,0.003476
14.100000,7.509030,-0.040642,0.072991,0.827612,0.000000,0.030675,30.024150,0.318335,0.536382,15.624257,14.399893,-0.014201,0.003470
14.133333,7.536532,-0.038617,0.074017,0.826966,0.000000,0.030905,29.991163,0.320724,0.539970,15.612359,14.378804,-0.014131,0.003464
14.166667,7.564010,-0.036565,0.075051,0.826305,-0.000000,0.031136,29.957703,0.323131,0.543573,15.600258,14.357445,-0.014061,0.003458
14.200000,7.591464,-0.034487,0.076093,0.825629,0.000000,0.031369,29.923774,0.325556,0.547192,15.587957,14.335817,-0.013990,0.003452
14.233333,7.618893,-0.032381,0.077142,0.824940,0.000000,0.031603,29.889380,0.327999,0.550825,15.575457,14.313922,-0.013918,0.003446
14.266667,7.646296,-0.030248,0.078200,0.824236,0.000000,0.031840,29.854526,0.330460,0.554473,15.562763,14.291763,-0.013845,0.003440
14.300000,7.673674,-0.028088,0.079265,0.823518,-0.000000,0.032078,29.819216,0.332939,0.558135,15.549874,14.269341,-0.013771,0.003434
14.333333,7.701025,-0.025901,0.080338,0.822786,-0.000000,0.032318,29.783454,0.335435,0.561813,15.536795,14.246659,-0.013696,0.003427
14.366667,7.728349,-0.023686,0.081419,0.822040,0.000000,0.032560,29.747246,0.337950,0.565505,15.523527,14.223719,-0.013620,0.003421
14.400000,7.755646,-0.021444,0.082509,0.821280,0.000000,0.032804,29.710595,0.340483,0.569211,15.510073,14.200522,-0.013543,0.003414
14.433333,7.782914,-0.019174,0.083606,0.820507,0.000000,0.033049,29.673507,0.343034,0.572932,15.496435,14.177072,-0.013466,0.003408
14.466667,7.810155,-0.016876,0.084712,0.819720,0.000000,0.033297,29.635985,0.345604,0.576668,15.482615,14.153369,-0.013387,0.003401
14.500000,7.837366,-0.014550,0.085826,0.818919,-0.000000,0.033546,29.598034,0.348192,0.580417,15.468617,14.129418,-0.013308,0.003394
14.533333,7.864548,-0.012196,0.086949,0.818105,0.000000,0.033797,29.559660,0.350798,0.584181,15.454441,14.105218,-0.013228,0.003387
14.566667,7.891700,-0.009814,0.088079,0.817278,0.000000,0.034050,29.520866,0.353422,0.587960,15.440092,14.080775,-0.013146,0.003380
14.600000,7.918822,-0.007403,0.089219,0.816438,0.000000,0.034305,29.481658,0.356065,0.591752,15.425570,14.056088,-0.013064,0.003373
14.633333,7.945913,-0.004964,0.090366,0.815584,0.000000,0.034562,29.442041,0.358727,0.595558,15.410880,14.031161,-0.012981,0.003365
14.666667,7.972972,-0.002496,0.091523,0.814718,0.000000,0.034821,29.402019,0.361407,0.599378,15.396022,14.005997,-0.012897,0.003358
14.700000,8.000000,-0.000000,0.092688,0.813839,0.000000,0.035081,29.361597,0.364105,0.603213,15.381001,13.980596,-0.012812,0.003350
14.733333,8.026995,0.002525,0.093861,0.812947,0.000000,0.035344,29.320780,0.366823,0.607060,15.365819,13.954961,-0.012727,0.003343
14.766667,8.053958,0.005080,0.095044,0.812043,-0.000000,0.035608,29.279573,0.369560,0.610922,15.350480,13.929093,-0.012642,0.003335
14.800000,8.080887,0.007663,0.096235,0.811126,0.000000,0.035874,29.237980,0.372318,0.614797,15.334986,13.902994,-0.012557,0.003327
14.833333,8.107782,0.010275,0.097436,0.810196,-0.000000,0.036143,29.196004,0.375096,0.618686,15.319340,13.876664,-0.012472,0.003320
14.866667,8.134644,0.012917,0.098645,0.809255,0.000000,0.036413,29.153651,0.377894,0.622589,15.303544,13.850107,-0.012388,0.003312
14.900000,8.161470,0.015589,0.099863,0.808301,0.000000,0.036685,29.110924,0.380712,0.626505,15.287600,13.823323,-0.012303,0.003304
14.933333,8.188262,0.018290,0.101091,0.807335,0.000000,0.036960,29.067827,0.383551,0.630435,15.271512,13.796316,-0.012219,0.003296
14.966667,8.215018,0.021021,0.102327,0.806357,0.000000,0.037236,29.024366,0.386411,0.634379,15.255280,13.769086,-0.012135,0.003288
15.000000,8.241738,0.023781,0.103573,0.805368,0.000000,0.037514,28.980544,0.389291,0.638336,15.238909,13.741635,-0.012052,0.003280
15.033333,8.268421,0.026572,0.104828,0.804367,0.000000,0.037795,28.936365,0.392193,0.642307,15.222399,13.713966,-0.011968,0.003272
15.066667,8.295068,0.029392,0.106093,0.803354,0.000000,0.038077,28.891833,0.395115,0.646292,15.205753,13.686080,-0.011885,0.003264
15.100000,8.321677,0.032243,0.107367,0.802330,0.000000,0.038362,28.846954,0.398059,0.650291,15.188975,13.657979,-0.011801,0.003256
15.133333,8.348248,0.035124,0.108650,0.801294,-0.000000,0.038648,28.801731,0.401024,0.654303,15.172065,13.629665,-0.011718,0.003248
15.166667,8.374781,0.038036,0.109943,0.800248,0.000000,0.038937,28.756168,0.404011,0.658329,15.155027,13.601140,-0.011636,0.003240
15.200000,8.401276,0.040978,0.111246,0.799190,0.000000,0.039228,28.710269,0.407019,0.662369,15.137863,13.572406,-0.011553,0.003232
15.233333,8.427731,0.043951,0.112558,0.798121,0.000000,0.039521,28.664039,0.410049,0.666422,15.120575,13.543464,-0.011470,0.003223
15.266667,8.454147,0.046954,0.113880,0.797041,0.000000,0.039816,28.617483,0.413101,0.670489,15.103166,13.514317,-0.011388,0.003215
15.300000,8.480523,0.049989,0.115213,0.795951,0.000000,0.040113,28.570604,0.416175,0.674570,15.085638,13.484966,-0.011306,0.003207
15.333333,8.506858,0.053054,0.116555,0.794850,0.000000,0.040412,28.523406,0.419271,0.678664,15.067993,13.455413,-0.011224,0.003198
15.366667,8.533153,0.056151,0.117907,0.793738,-0.000000,0.040714,28.475895,0.422389,0.682772,15.050234,13.425660,-0.011143,0.003190
15.400000,8.559407,0.059279,0.119269,0.792616,0.000000,0.041017,28.428073,0.425530,0.686893,15.032364,13.395710,-0.011061,0.003181
15.433333,8.585619,0.062438,0.120641,0.791483,0.000000,0.041323,28.379946,0.428693,0.691028,15.014383,13.365563,-0.010980,0.003173
15.466667,8.611789,0.065629,0.122024,0.790341,0.000000,0.041632,28.331518,0.431879,0.695177,14.996296,13.335222,-0.010899,0.003164
15.500000,8.637916,0.068852,0.123417,0.789188,0.000000,0.041942,28.282792,0.435088,0.699339,14.978104,13.304688,-0.010818,0.003155
15.533333,8.664001,0.072106,0.124820,0.788026,0.000000,0.042255,28.233774,0.438320,0.703515,14.959810,13.273964,-0.010737,0.003147
15.566667,8.690042,0.075392,0.126234,0.786853,-0.000000,0.042570,28.184468,0.441575,0.707704,14.941416,13.243052,-0.010656,0.003138
15.600000,8.716040,0.078710,0.127658,0.785671,0.000000,0.042887,28.134877,0.444853,0.711907,14.922925,13.211952,-0.010576,0.003129
15.633333,8.741994,0.082061,0.129093,0.784479,-0.000000,0.043206,28.085006,0.448154,0.716123,14.904338,13.180669,-0.010496,0.003120
15.666667,8.767903,0.085443,0.130538,0.783278,0.000000,0.043528,28.034860,0.451479,0.720353,14.885658,13.149202,-0.010416,0.003111
15.700000,8.793768,0.088858,0.131995,0.782068,0.000000,0.043852,27.984443,0.454827,0.724596,14.866889,13.117554,-0.010336,0.003102
15.733333,8.819588,0.092305,0.133462,0.780848,0.000000,0.044179,27.933758,0.458199,0.728853,14.848031,13.085727,-0.010256,0.003093
15.766667,8.845362,0.095785,0.134940,0.779619,0.000000,0.044508,27.882811,0.461595,0.733123,14.829087,13.053723,-0.010177,0.003084
15.800000,8.871090,0.099297,0.136429,0.778381,-0.000000,0.044839,27.831605,0.465014,0.737406,14.810061,13.021544,-0.010098,0.003075
15.833333,8.896771,0.102843,0.137929,0.777134,0.000000,0.045173,27.780146,0.468458,0.741702,14.790954,12.989192,-0.010018,0.003066
15.866667,8.922406,0.106421,0.139441,0.775878,-0.000000,0.045509,27.728436,0.471926,0.746012,14.771768,12.956668,-0.009940,0.003057
15.900000,8.947994,0.110032,0.140963,0.774613,-0.000000,0.045847,27.676481,0.475418,0.750335,14.752506,12.923975,-0.009861,0.003047
15.933333,8.973535,0.113676,0.142497,0.773340,0.000000,0.046188,27.624285,0.478934,0.754671,14.733171,12.891115,-0.009782,0.003038
15.966667,8.999028,0.117354,0.144042,0.772059,0.000000,0.046531,27.571853,0.482475,0.759021,14.713764,12.858089,-0.009704,0.003029
16.000000,9.024472,0.121064,0.145599,0.770769,0.000000,0.046877,27.519188,0.486041,0.763383,14.694288,12.824899,-0.009626,0.003019
16.033333,9.049869,0.124809,0.147167,0.769471,0.000000,0.047225,27.466294,0.489631,0.767759,14.674746,12.791548,-0.009548,0.003010
16.066667,9.075216,0.128587,0.148747,0.768165,0.000000,0.047576,27.413177,0.493247,0.772148,14.655140,12.758037,-0.009470,0.003001
16.100000,9.100514,0.132398,0.150339,0.766851,0.000000,0.047929,27.359841,0.496887,0.776549,14.635472,12.724369,-0.009393,0.002991
16.133333,9.125762,0.136244,0.151943,0.765529,0.000000,0.048285,27.306289,0.500552,0.780964,14.615744,12.690545,-0.009315,0.002981
16.166667,9.150961,0.140123,0.153558,0.764199,0.000000,0.048643,27.252527,0.504242,0.785391,14.595960,12.656567,-0.009238,0.002972
16.200000,9.176109,0.144036,0.155186,0.762862,0.000000,0.049004,27.198558,0.507958,0.789832,14.576121,12.622438,-0.009161,0.002962
16.233333,9.201207,0.147984,0.156825,0.761517,0.000000,0.049367,27.144388,0.511699,0.794285,14.556230,12.588158,-0.009084,0.002952
16.266667,9.226254,0.151965,0.158477,0.760165,-0.000000,0.049733,27.090020,0.515465,0.798751,14.536288,12.553731,-0.009008,0.002943
16.300000,9.251250,0.155981,0.160141,0.758806,0.000000,0.050101,27.035458,0.519257,0.803229,14.516300,12.519159,-0.008931,0.002933
16.333333,9.276194,0.160032,0.161817,0.757439,0.000000,0.050473,26.980708,0.523074,0.807721,14.496266,12.484442,-0.008855,0.002923
16.366667,9.301086,0.164117,0.163505,0.756065,-0.000000,0.050846,26.925774,0.526917,0.812224,14.476189,12.449584,-0.008779,0.002913
16.400000,9.325926,0.168237,0.165207,0.754685,0.000000,0.051222,26.870659,0.530786,0.816741,14.456072,12.414587,-0.008703,0.002903
16.433333,9.350713,0.172391,0.166920,0.753297,0.000000,0.051601,26.815368,0.534681,0.821270,14.435917,12.379451,-0.008627,0.002893
16.466667,9.375448,0.176580,0.168647,0.751903,-0.000000,0.051983,26.759907,0.538602,0.825811,14.415726,12.344181,-0.008552,0.002883
16.500000,9.400129,0.180805,0.170386,0.750502,0.000000,0.052367,26.704278,0.542549,0.830364,14.395502,12.308776,-0.008477,0.002873
16.533333,9.424756,0.185064,0.172138,0.749095,0.000000,0.052754,26.648487,0.546522,0.834930,14.375247,12.273241,-0.008402,0.002863
16.566667,9.449330,0.189359,0.173903,0.747682,0.000000,0.053143,26.592538,0.550521,0.839508,14.354963,12.237575,-0.008327,0.002852
16.600000,9.473850,0.193689,0.175681,0.746262,0.000000,0.053536,26.536436,0.554546,0.844097,14.334653,12.201783,-0.008252,0.002842
16.633333,9.498315,0.198054,0.177472,0.744836,-0.000000,0.053931,26.480184,0.558598,0.848699,14.314319,12.165865,-0.008177,0.002832
16.666667,9.522726,0.202455,0.179276,0.743404,-0.000000,0.054328,26.423788,0.562676,0.853313,14.293963,12.129825,-0.008103,0.002822
16.700000,9.547081,0.206892,0.181094,0.741967,0.000000,0.054728,26.367251,0.566780,0.857939,14.273588,12.093663,-0.008029,0.002811
16.733333,9.571381,0.211364,0.182925,0.740523,-0.000000,0.055132,26.310579,0.570911,0.862576,14.253196,12.057383,-0.007955,0.002801
16.766667,9.595625,0.215872,0.184769,0.739074,0.000000,0.055537,26.253775,0.575069,0.867225,14.232789,12.020986,-0.007881,0.002790
16.800000,9.619814,0.220416,0.186627,0.737620,0.000000,0.055946,26.196844,0.579253,0.871886,14.212370,11.984474,-0.007807,0.002780
16.833333,9.643946,0.224996,0.188499,0.736160,0.000000,0.056357,26.139791,0.583464,0.876558,14.191941,11.947850,-0.007734,0.002769
16.866667,9.668022,0.229613,0.190384,0.734695,0.000000,0.056771,26.082620,0.587701,0.881241,14.171505,11.911115,-0.007661,0.002758
16.900000,9.692041,0.234265,0.192284,0.733224,0.000000,0.057188,26.025335,0.591965,0.885936,14.151063,11.874273,-0.007588,0.002748
16.933333,9.716003,0.238954,0.194197,0.731749,0.000000,0.057608,25.967942,0.596256,0.890642,14.130617,11.837325,-0.007515,0.002737
16.966667,9.739907,0.243679,0.196124,0.730269,0.000000,0.058030,25.910444,0.600574,0.895359,14.110171,11.800273,-0.007442,0.002726
17.000000,9.763754,0.248441,0.198066,0.728784,0.000000,0.058456,25.852846,0.604918,0.900087,14.089727,11.763119,-0.007370,0.002715
17.033333,9.787543,0.253240,0.200021,0.727294,0.000000,0.058884,25.795153,0.609289,0.904826,14.069286,11.725867,-0.007297,0.002705
17.066667,9.811273,0.258075,0.201991,0.725800,0.000000,0.059315,25.737368,0.613687,0.909575,14.048851,11.688517,-0.007225,0.002694
17.100000,9.834945,0.262947,0.203975,0.724301,-0.000000,0.059749,25.679497,0.618111,0.914335,14.028424,11.651073,-0.007153,0.002683
17.133333,9.858559,0.267856,0.205974,0.722798,0.000000,0.060185,25.621545,0.622563,0.919106,14.008008,11.613536,-0.007082,0.002672
17.166667,9.882113,0.272802,0.207988,0.721291,0.000000,0.060625,25.563514,0.627041,0.923887,13.987605,11.575909,-0.007010,0.002661
17.200000,9.905608,0.277786,0.210016,0.719780,0.000000,0.061067,25.505411,0.631546,0.928678,13.967217,11.538194,-0.006939,0.002650
17.233333,9.929044,0.282806,0.212059,0.718265,0.000000,0.061512,25.447240,0.636078,0.933479,13.946846,11.500394,-0.006868,0.002638
17.266667,9.952420,0.287864,0.214117,0.716746,0.000000,0.061960,25.389005,0.640636,0.938290,13.926495,11.462511,-0.006797,0.002627
17.300000,9.975736,0.292959,0.216190,0.715223,0.000000,0.062411,25.330711,0.645221,0.943111,13.906165,11.424546,-0.006726,0.002616
17.333333,9.998992,0.298092,0.218278,0.713697,0.000000,0.062865,25.272362,0.649832,0.947941,13.885859,11.386503,-0.006655,0.002605
17.366667,10.022187,0.303263,0.220381,0.712167,0.000000,0.063322,25.213964,0.654471,0.952781,13.865579,11.348384,-0.006585,0.002593
17.400000,10.045321,0.308471,0.222499,0.710634,0.000000,0.063781,25.155520,0.659135,0.957631,13.845328,11.310192,-0.006514,0.002582
17.433333,10.068394,0.313717,0.224633,0.709097,0.000000,0.064244,25.097035,0.663827,0.962489,13.825107,11.271928,-0.006444,0.002570
17.466667,10.091406,0.319001,0.226782,0.707558,0.000000,0.064709,25.038513,0.668544,0.967357,13.804919,11.233595,-0.006375,0.002559
17.500000,10.114357,0.324323,0.228947,0.706016,0.000000,0.065177,24.979961,0.673288,0.972234,13.784765,11.195196,-0.006305,0.002547
17.533333,10.137246,0.329683,0.231127,0.704471,0.000000,0.065649,24.921381,0.678058,0.977119,13.764648,11.156732,-0.006235,0.002536
17.566667,10.160073,0.335081,0.233323,0.702923,0.000000,0.066123,24.862778,0.682854,0.982013,13.744571,11.118208,-0.006166,0.002524
17.600000,10.182837,0.340518,0.235535,0.701372,-0.000000,0.066600,24.804158,0.687677,0.986915,13.724534,11.079624,-0.006097,0.002512
17.633333,10.205540,0.345993,0.237763,0.699819,0.000000,0.067080,24.745525,0.692525,0.991825,13.704541,11.040984,-0.006028,0.002501
17.666667,10.228179,0.351507,0.240007,0.698264,0.000000,0.067562,24.686883,0.697399,0.996743,13.684593,11.002290,-0.005959,0.002489
17.700000,10.250756,0.357059,0.242267,0.696706,0.000000,0.068048,24.628238,0.702299,1.001669,13.664693,10.963544,-0.005891,0.002477
17.733333,10.273270,0.362649,0.244544,0.695146,0.000000,0.068537,24.569593,0.707224,1.006603,13.644842,10.924750,-0.005823,0.002465
17.766667,10.295721,0.368279,0.246836,0.693585,-0.000000,0.069028,24.510953,0.712175,1.011544,13.625043,10.885910,-0.005754,0.002453
17.800000,10.318107,0.373947,0.249146,0.692021,0.000000,0.069523,24.452324,0.717150,1.016492,13.605297,10.847027,-0.005686,0.002441
17.833333,10.340431,0.379655,0.251471,0.690456,0.000000,0.070020,24.393709,0.722151,1.021447,13.585607,10.808102,-0.005619,0.002429
17.866667,10.362690,0.385401,0.253814,0.688889,0.000000,0.070520,24.335114,0.727177,1.026409,13.565975,10.769139,-0.005551,0.002417
17.900000,10.384885,0.391187,0.256173,0.687320,0.000000,0.071023,24.276543,0.732228,1.031378,13.546402,10.730141,-0.005484,0.002405
17.933333,10.407016,0.397011,0.258548,0.685751,-0.000000,0.071529,24.218001,0.737303,1.036353,13.526891,10.691110,-0.005416,0.002393
17.966667,10.429082,0.402875,0.260941,0.684180,-0.000000,0.072038,24.159493,0.742402,1.041334,13.507443,10.652049,-0.005349,0.002381
18.000000,10.451084,0.408779,0.263351,0.682608,0.000000,0.072549,24.101022,0.747526,1.046320,13.488061,10.612961,-0.005283,0.002368
18.033333,10.473020,0.414722,0.265778,0.681034,0.000000,0.073064,24.042595,0.752673,1.051313,13.468746,10.573849,-0.005216,0.002356
18.066667,10.494892,0.420704,0.268222,0.679460,0.000000,0.073581,23.984215,0.757844,1.056311,13.449500,10.534714,-0.005149,0.002344
18.100000,10.516698,0.426726,0.270683,0.677886,0.000000,0.074102,23.925887,0.763039,1.061313,13.430326,10.495561,-0.005083,0.002331
18.133333,10.538439,0.432788,0.273162,0.676310,-0.000000,0.074625,23.867617,0.768256,1.066321,13.411224,10.456393,-0.005017,0.002319
18.166667,10.560114,0.438890,0.275658,0.674735,0.000000,0.075151,23.809408,0.773497,1.071333,13.392198,10.417211,-0.004951,0.002306
18.200000,10.581723,0.445032,0.278172,0.673158,0.000000,0.075679,23.751266,0.778760,1.076350,13.373248,10.378019,-0.004885,0.002294
18.233333,10.603266,0.451213,0.280704,0.671582,0.000000,0.076211,23.693196,0.784045,1.081371,13.354376,10.338819,-0.004820,0.002281
18.266667,10.624742,0.457435,0.283253,0.670005,0.000000,0.076745,23.635201,0.789352,1.086395,13.335585,10.299616,-0.004755,0.002269
18.300000,10.646153,0.463697,0.285820,0.668429,0.000000,0.077282,23.577287,0.794681,1.091423,13.316876,10.260411,-0.004689,0.002256
18.333333,10.667497,0.469999,0.288405,0.666853,0.000000,0.077822,23.519459,0.800031,1.096454,13.298251,10.221209,-0.004625,0.002243
18.366667,10.688773,0.476341,0.291008,0.665276,0.000000,0.078364,23.461721,0.805402,1.101489,13.279710,10.182011,-0.004560,0.002230
18.400000,10.709983,0.482724,0.293629,0.663701,0.000000,0.078909,23.404079,0.810793,1.106525,13.261258,10.142821,-0.004495,0.002218
18.433333,10.731126,0.489148,0.296269,0.662126,-0.000000,0.079457,23.346536,0.816205,1.111564,13.242893,10.103642,-0.004431,0.002205
18.466667,10.752202,0.495612,0.298926,0.660551,-0.000000,0.080008,23.289097,0.821637,1.116605,13.224619,10.064478,-0.004367,0.002192
18.500000,10.773210,0.502116,0.301602,0.658977,0.000000,0.080561,23.231769,0.827088,1.121648,13.206438,10.025331,-0.004303,0.002179
18.533333,10.794151,0.508662,0.304297,0.657405,-0.000000,0.081117,23.174554,0.832558,1.126692,13.188349,9.986205,-0.004239,0.002166
18.566667,10.815024,0.515248,0.307010,0.655833,0.000000,0.081676,23.117458,0.838046,1.131737,13.170356,9.947102,-0.004175,0.002153
18.600000,10.835828,0.521875,0.309742,0.654262,0.000000,0.082237,23.060487,0.843553,1.136782,13.152460,9.908027,-0.004112,0.002140
18.633333,10.856565,0.528543,0.312493,0.652693,0.000000,0.082800,23.003644,0.849077,1.141828,13.134662,9.868982,-0.004048,0.002126
18.666667,10.877234,0.535252,0.315262,0.651125,0.000000,0.083366,22.946934,0.854618,1.146874,13.116963,9.829971,-0.003985,0.002113
18.700000,10.897834,0.542003,0.318051,0.649558,0.000000,0.083935,22.890362,0.860176,1.151919,13.099365,9.790997,-0.003922,0.002100
18.733333,10.918366,0.548794,0.320858,0.647994,-0.000000,0.084506,22.833934,0.865750,1.156964,13.081870,9.752064,-0.003860,0.002087
18.766667,10.938829,0.555627,0.323684,0.646431,0.000000,0.085080,22.777653,0.871339,1.162007,13.064479,9.713174,-0.003797,0.002073
18.800000,10.959223,0.562501,0.326530,0.644870,0.000000,0.085656,22.721525,0.876944,1.167049,13.047192,9.674332,-0.003735,0.002060
18.833333,10.979549,0.569417,0.329395,0.643311,0.000000,0.086234,22.665554,0.882563,1.172089,13.030013,9.635541,-0.003673,0.002046
18.866667,10.999805,0.576374,0.332279,0.641754,0.000000,0.086815,22.609746,0.888195,1.177126,13.012941,9.596805,-0.003611,0.002033
18.900000,11.019992,0.583373,0.335182,0.640200,0.000000,0.087398,22.554104,0.893841,1.182161,12.995978,9.558126,-0.003549,0.002019
18.933333,11.040110,0.590413,0.338105,0.638648,0.000000,0.087983,22.498635,0.899500,1.187193,12.979125,9.519509,-0.003487,0.002006
18.966667,11.060158,0.597495,0.341048,0.637098,-0.000000,0.088571,22.443342,0.905171,1.192221,12.962384,9.480957,-0.003426,0.001992
19.000000,11.080137,0.604619,0.344010,0.635552,-0.000000,0.089160,22.388230,0.910853,1.197245,12.945755,9.442475,-0.003365,0.001979
19.033333,11.100046,0.611785,0.346992,0.634008,0.000000,0.089752,22.333305,0.916546,1.202265,12.929240,9.404065,-0.003304,0.001965
19.066667,11.119885,0.618993,0.349993,0.632467,0.000000,0.090346,22.278571,0.922248,1.207280,12.912840,9.365731,-0.003243,0.001951
19.100000,11.139654,0.626243,0.353015,0.630929,0.000000,0.090942,22.224033,0.927960,1.212289,12.896556,9.327477,-0.003182,0.001937
19.133333,11.159353,0.633535,0.356056,0.629395,-0.000000,0.091540,22.169695,0.933681,1.217293,12.880388,9.289307,-0.003122,0.001923
19.166667,11.178982,0.640870,0.359118,0.627863,0.000000,0.092140,22.115563,0.939409,1.222291,12.864338,9.251225,-0.003062,0.001909
19.200000,11.198540,0.648246,0.362199,0.626336,-0.000000,0.092742,22.061642,0.945145,1.227281,12.848407,9.213235,-0.003002,0.001895
19.233333,11.218028,0.655665,0.365300,0.624812,0.000000,0.093346,22.007935,0.950886,1.232265,12.832595,9.175340,-0.002942,0.001881
19.266667,11.237446,0.663126,0.368422,0.623291,0.000000,0.093951,21.954449,0.956634,1.237241,12.816904,9.137545,-0.002882,0.001867
19.300000,11.256793,0.670630,0.371564,0.621775,-0.000000,0.094558,21.901187,0.962385,1.242209,12.801334,9.099853,-0.002822,0.001853
19.333333,11.276069,0.678176,0.374726,0.620262,0.000000,0.095167,21.848154,0.968141,1.247168,12.785886,9.062268,-0.002763,0.001839
19.366667,11.295274,0.685765,0.377908,0.618754,0.000000,0.095778,21.795356,0.973899,1.252118,12.770561,9.024795,-0.002704,0.001825
19.400000,11.314408,0.693397,0.381111,0.617250,0.000000,0.096390,21.742797,0.979660,1.257058,12.755359,8.987438,-0.002645,0.001810
19.433333,11.333472,0.701071,0.384334,0.615750,0.000000,0.097004,21.690482,0.985421,1.261988,12.740281,8.950200,-0.002586,0.001796
19.466667,11.352464,0.708788,0.387578,0.614255,0.000000,0.097619,21.638415,0.991183,1.266907,12.725328,8.913086,-0.002528,0.001782
19.500000,11.371384,0.716548,0.390842,0.612764,0.000000,0.098236,21.586601,0.996944,1.271815,12.710500,8.876101,-0.002469,0.001767
19.533333,11.390234,0.724351,0.394127,0.611279,0.000000,0.098854,21.535046,1.002703,1.276711,12.695798,8.839247,-0.002411,0.001753
19.566667,11.409012,0.732197,0.397433,0.609798,0.000000,0.099473,21.483753,1.008460,1.281595,12.681222,8.802530,-0.002353,0.001738
19.600000,11.427718,0.740086,0.400759,0.608322,0.000000,0.100093,21.432728,1.014213,1.286466,12.666773,8.765954,-0.002295,0.001724
19.633333,11.446353,0.748018,0.404105,0.606851,-0.000000,0.100714,21.381975,1.019961,1.291323,12.652451,8.729523,-0.002238,0.001709
19.666667,11.464917,0.755993,0.407473,0.605386,0.000000,0.101337,21.331499,1.025704,1.296166,12.638257,8.693242,-0.002180,0.001695
19.700000,11.483408,0.764012,0.410861,0.603926,-0.000000,0.101960,21.281304,1.031439,1.300995,12.624190,8.657115,-0.002123,0.001680
19.733333,11.501828,0.772074,0.414270,0.602472,0.000000,0.102584,21.231396,1.037167,1.305808,12.610251,8.621145,-0.002066,0.001665
19.766667,11.520175,0.780179,0.417700,0.601023,0.000000,0.103209,21.181779,1.042886,1.310605,12.596440,8.585339,-0.002009,0.001650
19.800000,11.538451,0.788328,0.421151,0.599580,0.000000,0.103835,21.132457,1.048595,1.315386,12.582757,8.549700,-0.001952,0.001636
19.833333,11.556654,0.796520,0.424622,0.598143,0.000000,0.104461,21.083436,1.054292,1.320149,12.569204,8.514232,-0.001896,0.001621
19.866667,11.574786,0.804756,0.428115,0.596713,0.000000,0.105088,21.034720,1.059978,1.324895,12.555778,8.478941,-0.001840,0.001606
19.900000,11.592845,0.813035,0.431628,0.595288,-0.000000,0.105716,20.986313,1.065649,1.329623,12.542481,8.443831,-0.001784,0.001591
19.933333,11.610832,0.821359,0.435163,0.593870,0.000000,0.106343,20.938220,1.071306,1.334331,12.529313,8.408906,-0.001728,0.001576
19.966667,11.628746,0.829725,0.438718,0.592458,0.000000,0.106971,20.890446,1.076947,1.339020,12.516274,8.374172,-0.001672,0.001561
20.000000,11.646589,0.838136,0.442294,0.591053,0.000000,0.107599,20.842995,1.082570,1.343688,12.503363,8.339632,-0.001616,0.001546
20.033333,11.664358,0.846591,0.445891,0.589654,-0.000000,0.108228,20.795871,1.088175,1.348336,12.490580,8.305292,-0.001561,0.001530
20.066667,11.682055,0.855089,0.449509,0.588262,0.000000,0.108856,20.749081,1.093760,1.352961,12.477925,8.271155,-0.001506,0.001515
20.100000,11.699680,0.863632,0.453148,0.586878,0.000000,0.109484,20.702626,1.099324,1.357565,12.465399,8.237228,-0.001451,0.001500
20.133333,11.717232,0.872218,0.456808,0.585500,0.000000,0.110112,20.656514,1.104866,1.362145,12.452999,8.203514,-0.001396,0.001485
20.166667,11.734711,0.880849,0.460489,0.584130,0.000000,0.110739,20.610746,1.110384,1.366702,12.440727,8.170019,-0.001341,0.001469
20.200000,11.752117,0.889523,0.464191,0.582767,-0.000000,0.111366,20.565329,1.115877,1.371234,12.428583,8.136747,-0.001287,0.001454
20.233333,11.769451,0.898242,0.467913,0.581411,0.000000,0.111993,20.520267,1.121344,1.375741,12.416564,8.103703,-0.001233,0.001438
20.266667,11.786712,0.907006,0.471657,0.580063,0.000000,0.112619,20.475563,1.126783,1.380222,12.404672,8.070891,-0.001179,0.001423
20.300000,11.803900,0.915813,0.475421,0.578723,0.000000,0.113244,20.431223,1.132193,1.384677,12.392905,8.038318,-0.001125,0.001407
20.333333,11.821015,0.924665,0.479207,0.577391,0.000000,0.113868,20.387250,1.137572,1.389104,12.381263,8.005987,-0.001071,0.001392
20.366667,11.838057,0.933561,0.483013,0.576066,0.000000,0.114491,20.343649,1.142919,1.393503,12.369746,7.973903,-0.001018,0.001376
20.400000,11.855025,0.942502,0.486839,0.574750,0.000000,0.115113,20.300425,1.148233,1.397874,12.358352,7.942072,-0.000964,0.001360
20.433333,11.871921,0.951487,0.490687,0.573442,0.000000,0.115734,20.257580,1.153512,1.402215,12.347082,7.910498,-0.000911,0.001345
20.466667,11.888744,0.960517,0.494555,0.572142,0.000000,0.116354,20.215121,1.158754,1.406526,12.335934,7.879187,-0.000858,0.001329
20.500000,11.905494,0.969591,0.498444,0.570851,0.000000,0.116972,20.173050,1.163959,1.410806,12.324908,7.848142,-0.000805,0.001313
20.533333,11.922170,0.978710,0.502353,0.569568,0.000000,0.117588,20.131372,1.169125,1.415054,12.314002,7.817369,-0.000753,0.001297
20.566667,11.938774,0.987874,0.506283,0.568294,0.000000,0.118203,20.090091,1.174249,1.419269,12.303217,7.786874,-0.000701,0.001281
20.600000,11.955304,0.997082,0.510233,0.567029,0.000000,0.118816,20.049211,1.179332,1.423451,12.292551,7.756660,-0.000648,0.001265
20.633333,11.971761,1.006336,0.514204,0.565773,0.000000,0.119426,20.008736,1.184370,1.427600,12.282003,7.726733,-0.000596,0.001249
20.666667,11.988145,1.015634,0.518195,0.564526,-0.000000,0.120035,19.968671,1.189364,1.431713,12.271573,7.697098,-0.000545,0.001233
20.700000,12.004455,1.024977,0.522206,0.563288,0.000000,0.120641,19.929018,1.194310,1.435790,12.261259,7.667759,-0.000493,0.001217
20.733333,12.020692,1.034365,0.526238,0.562059,0.000000,0.121245,19.889783,1.199208,1.439832,12.251060,7.638722,-0.000442,0.001201
20.766667,12.036856,1.043798,0.530289,0.560840,0.000000,0.121847,19.850968,1.204056,1.443836,12.240976,7.609992,-0.000390,0.001184
20.800000,12.052947,1.053276,0.534361,0.559630,0.000000,0.122446,19.812578,1.208852,1.447802,12.231005,7.581573,-0.000339,0.001168
20.833333,12.068964,1.062799,0.538452,0.558430,0.000000,0.123042,19.774617,1.213596,1.451729,12.221146,7.553470,-0.000288,0.001152
20.866667,12.084907,1.072367,0.542564,0.557240,-0.000000,0.123635,19.737088,1.218285,1.455617,12.211399,7.525689,-0.000238,0.001136
20.900000,12.100778,1.081980,0.546695,0.556060,0.000000,0.124225,19.699995,1.222917,1.459464,12.201761,7.498234,-0.000187,0.001119
20.933333,12.116575,1.091639,0.550845,0.554890,-0.000000,0.124811,19.663341,1.227492,1.463270,12.192232,7.471109,-0.000137,0.001103
20.966667,12.132299,1.101342,0.555015,0.553729,-0.000000,0.125394,19.627131,1.232007,1.467034,12.182810,7.444321,-0.000087,0.001086
21.000000,12.147949,1.111091,0.559205,0.552579,0.000000,0.125974,19.591367,1.236462,1.470755,12.173495,7.417873,-0.000037,0.001070
21.033333,12.163526,1.120886,0.563414,0.551440,0.000000,0.126550,19.556054,1.240854,1.474432,12.164284,7.391770,0.000013,0.001053
21.066667,12.179029,1.130725,0.567642,0.550311,0.000000,0.127122,19.521194,1.245182,1.478065,12.155177,7.366017,0.000062,0.001036
21.100000,12.194460,1.140610,0.571888,0.549192,0.000000,0.127690,19.486792,1.249444,1.481653,12.146173,7.340619,0.000112,0.001020
21.133333,12.209816,1.150541,0.576154,0.548084,0.000000,0.128254,19.452850,1.253639,1.485195,12.137270,7.315581,0.000161,0.001003
21.166667,12.225100,1.160517,0.580439,0.546987,0.000000,0.128814,19.419372,1.257766,1.488690,12.128466,7.290906,0.000210,0.000986
21.200000,12.240310,1.170538,0.584742,0.545900,-0.000000,0.129369,19.386361,1.261822,1.492137,12.119761,7.266601,0.000259,0.000969
21.233333,12.255447,1.180606,0.589063,0.544825,0.000000,0.129919,19.353821,1.265806,1.495535,12.111152,7.242668,0.000307,0.000952
21.266667,12.270510,1.190718,0.593403,0.543761,0.000000,0.130465,19.321753,1.269717,1.498885,12.102640,7.219114,0.000356,0.000935
21.300000,12.285500,1.200876,0.597761,0.542708,0.000000,0.131006,19.290162,1.273553,1.502184,12.094221,7.195941,0.000404,0.000918
21.333333,12.300417,1.211080,0.602137,0.541666,0.000000,0.131542,19.259051,1.277312,1.505432,12.085895,7.173155,0.000452,0.000901
21.366667,12.315260,1.221330,0.606530,0.540636,0.000000,0.132072,19.228421,1.280994,1.508628,12.077661,7.150761,0.000500,0.000884
21.400000,12.330030,1.231625,0.610942,0.539617,0.000000,0.132597,19.198278,1.284596,1.511772,12.069516,7.128761,0.000547,0.000867
21.433333,12.344727,1.241966,0.615370,0.538610,-0.000000,0.133117,19.168622,1.288118,1.514863,12.061461,7.107161,0.000595,0.000850
21.466667,12.359351,1.252353,0.619816,0.537614,0.000000,0.133631,19.139457,1.291557,1.517899,12.053492,7.085965,0.000642,0.000833
21.500000,12.373901,1.262786,0.624279,0.536630,0.000000,0.134139,19.110785,1.294912,1.520881,12.045609,7.065177,0.000689,0.000815
21.533333,12.388378,1.273264,0.628759,0.535658,0.000000,0.134641,19.082610,1.298183,1.523806,12.037810,7.044800,0.000736,0.000798
21.566667,12.402782,1.283789,0.633255,0.534698,-0.000000,0.135136,19.054933,1.301366,1.526676,12.030094,7.024839,0.000783,0.000781
21.600000,12.417113,1.294359,0.637768,0.533751,0.000000,0.135626,19.027758,1.304462,1.529487,12.022459,7.005298,0.000829,0.000763
21.633333,12.431371,1.304975,0.642297,0.532815,-0.000000,0.136108,19.001086,1.307468,1.532241,12.014905,6.986181,0.000876,0.000746
21.666667,12.445556,1.315637,0.646842,0.531891,0.000000,0.136584,18.974920,1.310384,1.534936,12.007429,6.967491,0.000922,0.000728
21.700000,12.459667,1.326345,0.651402,0.530980,0.000000,0.137054,18.949262,1.313208,1.537572,12.000030,6.949232,0.000968,0.000711
21.733333,12.473706,1.337100,0.655979,0.530081,-0.000000,0.137516,18.924114,1.315938,1.540147,11.992707,6.931407,0.001014,0.000693
21.766667,12.487672,1.347900,0.660570,0.529195,0.000000,0.137971,18.899480,1.318574,1.542661,11.985459,6.914020,0.001059,0.000676
21.800000,12.501564,1.358746,0.665177,0.528322,0.000000,0.138419,18.875359,1.321114,1.545113,11.978284,6.897075,0.001105,0.000658
21.833333,12.515384,1.369638,0.669798,0.527461,0.000000,0.138859,18.851755,1.323558,1.547503,11.971181,6.880575,0.001150,0.000640
21.866667,12.529131,1.380577,0.674434,0.526612,-0.000000,0.139292,18.828670,1.325903,1.549829,11.964148,6.864522,0.001195,0.000622
21.900000,12.542805,1.391561,0.679084,0.525777,0.000000,0.139717,18.806105,1.328149,1.552091,11.957185,6.848920,0.001240,0.000604
21.933333,12.556407,1.402592,0.683748,0.524954,0.000000,0.140134,18.784062,1.330294,1.554289,11.950289,6.833772,0.001284,0.000587
21.966667,12.569935,1.413669,0.688426,0.524145,0.000000,0.140543,18.762542,1.332339,1.556421,11.943461,6.819081,0.001329,0.000569
22.000000,12.583391,1.424792,0.693118,0.523348,-0.000000,0.140944,18.741548,1.334280,1.558487,11.936698,6.804850,0.001373,0.000551
22.033333,12.596775,1.435962,0.697823,0.522565,-0.000000,0.141336,18.721080,1.336119,1.560487,11.929999,6.791081,0.001417,0.000533
22.066667,12.610085,1.447177,0.702540,0.521795,0.000000,0.141720,18.701141,1.337853,1.562419,11.923364,6.777777,0.001461,0.000514
22.100000,12.623324,1.458439,0.707271,0.521038,0.000000,0.142095,18.681731,1.339481,1.564283,11.916791,6.764940,0.001505,0.000496
22.133333,12.636489,1.469747,0.712013,0.520294,0.000000,0.142461,18.662852,1.341004,1.566078,11.910280,6.752572,0.001548,0.000478
22.166667,12.649583,1.481102,0.716768,0.519564,0.000000,0.142819,18.644504,1.342419,1.567804,11.903828,6.740676,0.001591,0.000460
22.200000,12.662604,1.492503,0.721535,0.518847,0.000000,0.143167,18.626690,1.343727,1.569460,11.897435,6.729255,0.001635,0.000442
22.233333,12.675553,1.503950,0.726313,0.518144,0.000000,0.143506,18.609410,1.344926,1.571046,11.891101,6.718309,0.001678,0.000423
22.266667,12.688429,1.515443,0.731102,0.517454,0.000000,0.143836,18.592664,1.346016,1.572560,11.884824,6.707840,0.001720,0.000405
22.300000,12.701234,1.526983,0.735902,0.516778,0.000000,0.144156,18.576454,1.346996,1.574003,11.878603,6.697851,0.001763,0.000387
22.333333,12.713966,1.538569,0.740712,0.516116,0.000000,0.144467,18.560781,1.347865,1.575374,11.872438,6.688343,0.001805,0.000368
22.366667,12.726626,1.550202,0.745533,0.515467,-0.000000,0.144768,18.545645,1.348623,1.576672,11.866328,6.679317,0.001848,0.000350
22.400000,12.739214,1.561881,0.750363,0.514832,0.000000,0.145059,18.531046,1.349269,1.577896,11.860272,6.670775,0.001890,0.000331
22.433333,12.751731,1.573606,0.755203,0.514211,0.000000,0.145340,18.516986,1.349803,1.579047,11.854269,6.662717,0.001931,0.000312
22.466667,12.764175,1.585378,0.760053,0.513604,0.000000,0.145611,18.503464,1.350225,1.580124,11.848318,6.655146,0.001973,0.000294
22.500000,12.776548,1.597196,0.764911,0.513010,0.000000,0.145872,18.490481,1.350534,1.581126,11.842420,6.648061,0.002014,0.000275
22.533333,12.788849,1.609061,0.769777,0.512431,0.000000,0.146123,18.478037,1.350729,1.582053,11.836574,6.641463,0.002056,0.000256
22.566667,12.801079,1.620972,0.774652,0.511865,0.000000,0.146363,18.466132,1.350810,1.582904,11.830779,6.635354,0.002097,0.000237
22.600000,12.813237,1.632930,0.779535,0.511314,0.000000,0.146592,18.454767,1.350778,1.583679,11.825034,6.629733,0.002138,0.000219
22.633333,12.825323,1.644934,0.784425,0.510777,0.000000,0.146811,18.443940,1.350632,1.584378,11.819339,6.624601,0.002178,0.000200
22.666667,12.837338,1.656985,0.789322,0.510254,0.000000,0.147020,18.433653,1.350372,1.585000,11.813695,6.619958,0.002219,0.000181
22.700000,12.849282,1.669082,0.794226,0.509745,0.000000,0.147217,18.423904,1.349997,1.585545,11.808100,6.615804,0.002259,0.000162
22.733333,12.861155,1.681226,0.799137,0.509250,0.000000,0.147403,18.414694,1.349508,1.586013,11.802555,6.612140,0.002299,0.000143
22.766667,12.872956,1.693416,0.804053,0.508769,0.000000,0.147579,18.406022,1.348905,1.586402,11.797059,6.608964,0.002339,0.000124
22.800000,12.884687,1.705652,0.808975,0.508302,0.000000,0.147743,18.397888,1.348187,1.586714,11.791612,6.606276,0.002379,0.000104
22.833333,12.896346,1.717936,0.813903,0.507850,-0.000000,0.147897,18.390290,1.347356,1.586947,11.786214,6.604077,0.002419,0.000085
22.866667,12.907935,1.730265,0.818835,0.507412,0.000000,0.148039,18.383229,1.346410,1.587101,11.780865,6.602364,0.002458,0.000066
22.900000,12.919453,1.742641,0.823772,0.506989,0.000000,0.148170,18.376704,1.345351,1.587177,11.775565,6.601138,0.002497,0.000047
22.933333,12.930900,1.755064,0.828713,0.506579,0.000000,0.148289,18.370713,1.344178,1.587174,11.770315,6.600398,0.002536,0.000027
22.966667,12.942277,1.767533,0.833658,0.506184,0.000000,0.148397,18.365256,1.342893,1.587091,11.765114,6.600142,0.002575,0.000008
23.000000,12.953583,1.780049,0.838606,0.505803,0.000000,0.148493,18.360331,1.341494,1.586929,11.759962,6.600369,0.002614,-0.000011
23.033333,12.964819,1.792612,0.843558,0.505437,0.000000,0.148578,18.355939,1.339983,1.586687,11.754861,6.601078,0.002652,-0.000031
23.066667,12.975985,1.805220,0.848512,0.505085,0.000000,0.148652,18.352076,1.338361,1.586365,11.749809,6.602267,0.002690,-0.000050
23.100000,12.987080,1.817876,0.853468,0.504747,0.000000,0.148714,18.348743,1.336627,1.585963,11.744808,6.603935,0.002728,-0.000070
23.133333,12.998105,1.830578,0.858426,0.504423,0.000000,0.148764,18.345938,1.334782,1.585482,11.739858,6.606080,0.002766,-0.000090
23.166667,13.009060,1.843326,0.863385,0.504114,-0.000000,0.148802,18.343659,1.332827,1.584921,11.734959,6.608700,0.002804,-0.000109
23.200000,13.019946,1.856121,0.868346,0.503819,0.000000,0.148829,18.341905,1.330763,1.584279,11.730112,6.611793,0.002841,-0.000129
23.233333,13.030761,1.868963,0.873307,0.503539,-0.000000,0.148844,18.340673,1.328590,1.583557,11.725318,6.615356,0.002879,-0.000149
23.266667,13.041507,1.881851,0.878269,0.503273,0.000000,0.148848,18.339964,1.326309,1.582756,11.720576,6.619388,0.002916,-0.000169
23.300000,13.052183,1.894785,0.883230,0.503021,0.000000,0.148839,18.339774,1.323921,1.581874,11.715888,6.623885,0.002953,-0.000188
23.333333,13.062790,1.907766,0.888192,0.502783,0.000000,0.148819,18.340102,1.321426,1.580912,11.711255,6.628846,0.002990,-0.000208
23.366667,13.073328,1.920793,0.893152,0.502560,0.000000,0.148787,18.340945,1.318826,1.579870,11.706677,6.634268,0.003026,-0.000228
23.400000,13.083796,1.933867,0.898111,0.502351,-0.000000,0.148743,18.342303,1.316122,1.578748,11.702155,6.640148,0.003063,-0.000248
23.433333,13.094195,1.946988,0.903068,0.502156,0.000000,0.148688,18.344172,1.313314,1.577547,11.697689,6.646483,0.003099,-0.000268
23.466667,13.104525,1.960155,0.908023,0.501976,0.000000,0.148620,18.346550,1.310403,1.576266,11.693281,6.653269,0.003135,-0.000288
23.500000,13.114786,1.973368,0.912976,0.501810,0.000000,0.148541,18.349436,1.307391,1.574905,11.688932,6.660504,0.003171,-0.000309
23.533333,13.124979,1.986628,0.917926,0.501658,-0.000000,0.148450,18.352827,1.304279,1.573465,11.684642,6.668185,0.003206,-0.000329
23.566667,13.135102,1.999934,0.922873,0.501520,-0.000000,0.148348,18.356720,1.301067,1.571946,11.680412,6.676308,0.003242,-0.000349
23.600000,13.145158,2.013286,0.927816,0.501396,0.000000,0.148234,18.361114,1.297758,1.570348,11.676244,6.684869,0.003277,-0.000369
23.633333,13.155144,2.026685,0.932755,0.501286,0.000000,0.148108,18.366004,1.294351,1.568672,11.672139,6.693865,0.003312,-0.000390
23.666667,13.165063,2.040131,0.937690,0.501190,0.000000,0.147970,18.371390,1.290849,1.566917,11.668097,6.703293,0.003347,-0.000410
23.700000,13.174913,2.053622,0.942620,0.501109,-0.000000,0.147821,18.377267,1.287253,1.565084,11.664119,6.713148,0.003381,-0.000430
23.733333,13.184695,2.067160,0.947544,0.501041,-0.000000,0.147661,18.383634,1.283563,1.563173,11.660208,6.723426,0.003416,-0.000451
23.766667,13.194410,2.080745,0.952464,0.500988,0.000000,0.147489,18.390487,1.279782,1.561185,11.656363,6.734124,0.003450,-0.000471
23.800000,13.204056,2.094376,0.957377,0.500948,0.000000,0.147305,18.397824,1.275911,1.559120,11.652586,6.745237,0.003484,-0.000492
23.833333,13.213635,2.108053,0.962284,0.500922,0.000000,0.147111,18.405641,1.271950,1.556978,11.648879,6.756762,0.003518,-0.000513
23.866667,13.223146,2.121776,0.967184,0.500910,0.000000,0.146905,18.413936,1.267903,1.554759,11.645242,6.768693,0.003552,-0.000533
23.900000,13.232590,2.135546,0.972078,0.500911,-0.000000,0.146687,18.422705,1.263769,1.552465,11.641677,6.781028,0.003586,-0.000554
23.933333,13.241967,2.149361,0.976964,0.500927,-0.000000,0.146459,18.431945,1.259550,1.550095,11.638185,6.793760,0.003619,-0.000575
23.966667,13.251276,2.163224,0.981842,0.500956,0.000000,0.146219,18.441653,1.255249,1.547650,11.634767,6.806887,0.003652,-0.000596
24.000000,13.260518,2.177132,0.986711,0.500998,0.000000,0.145969,18.451826,1.250866,1.545130,11.631424,6.820402,0.003685,-0.000616
24.033333,13.269694,2.191086,0.991573,0.501055,0.000000,0.145708,18.462460,1.246403,1.542536,11.628158,6.834302,0.003718,-0.000637
24.066667,13.278803,2.205087,0.996425,0.501124,0.000000,0.145435,18.473552,1.241861,1.539869,11.624970,6.848582,0.003751,-0.000658
24.100000,13.287845,2.219134,1.001269,0.501207,-0.000000,0.145152,18.485099,1.237242,1.537128,11.621862,6.863237,0.003783,-0.000679
24.133333,13.296821,2.233227,1.006102,0.501304,0.000000,0.144859,18.497096,1.232549,1.534315,11.618834,6.878262,0.003815,-0.000700
24.166667,13.305730,2.247365,1.010926,0.501414,0.000000,0.144555,18.509541,1.227781,1.531430,11.615888,6.893653,0.003847,-0.000721
24.200000,13.314573,2.261551,1.015739,0.501537,0.000000,0.144240,18.522429,1.222941,1.528473,11.613025,6.909404,0.003879,-0.000743
24.233333,13.323351,2.275782,1.020542,0.501673,0.000000,0.143916,18.535757,1.218031,1.525445,11.610246,6.925511,0.003911,-0.000764
24.266667,13.332062,2.290059,1.025334,0.501822,0.000000,0.143581,18.549522,1.213052,1.522347,11.607553,6.941969,0.003942,-0.000785
24.300000,13.340707,2.304382,1.030114,0.501984,0.000000,0.143236,18.563719,1.208006,1.519180,11.604947,6.958772,0.003974,-0.000806
24.333333,13.349287,2.318751,1.034883,0.502159,-0.000000,0.142881,18.578344,1.202894,1.515943,11.602429,6.975915,0.004005,-0.000828
24.366667,13.357802,2.333165,1.039639,0.502348,0.000000,0.142516,18.593395,1.197718,1.512638,11.600001,6.993394,0.004036,-0.000849
24.400000,13.366251,2.347626,1.044384,0.502548,0.000000,0.142141,18.608866,1.192480,1.509265,11.597663,7.011203,0.004066,-0.000870
24.433333,13.374635,2.362133,1.049115,0.502762,-0.000000,0.141757,18.624754,1.187181,1.505825,11.595418,7.029337,0.004097,-0.000892
24.466667,13.382954,2.376685,1.053834,0.502988,-0.000000,0.141363,18.641055,1.181823,1.502319,11.593265,7.047790,0.004127,-0.000913
24.500000,13.391208,2.391284,1.058540,0.503227,-0.000000,0.140960,18.657765,1.176409,1.498747,11.591207,7.066558,0.004157,-0.000935
24.533333,13.399398,2.405928,1.063231,0.503478,-0.000000,0.140548,18.674880,1.170938,1.495110,11.589244,7.085636,0.004187,-0.000957
24.566667,13.407523,2.420617,1.067909,0.503742,0.000000,0.140127,18.692395,1.165414,1.491408,11.587378,7.105017,0.004217,-0.000978
24.600000,13.415583,2.435353,1.072573,0.504018,0.000000,0.139696,18.710307,1.159837,1.487643,11.585609,7.124697,0.004247,-0.001000
24.633333,13.423580,2.450134,1.077222,0.504306,0.000000,0.139257,18.728611,1.154210,1.483816,11.583940,7.144671,0.004276,-0.001022
24.666667,13.431512,2.464960,1.081857,0.504606,-0.000000,0.138810,18.747303,1.148534,1.479926,11.582370,7.164933,0.004305,-0.001044
24.700000,13.439380,2.479832,1.086476,0.504919,0.000000,0.138354,18.766379,1.142810,1.475975,11.580901,7.185477,0.004334,-0.001065
24.733333,13.447185,2.494750,1.091081,0.505243,0.000000,0.137889,18.785834,1.137041,1.471964,11.579534,7.206300,0.004363,-0.001087
24.766667,13.454926,2.509713,1.095669,0.505579,-0.000000,0.137416,18.805665,1.131228,1.467893,11.578271,7.227394,0.004392,-0.001109
24.800000,13.462604,2.524722,1.100242,0.505927,0.000000,0.136936,18.825866,1.125372,1.463763,11.577111,7.248756,0.004420,-0.001131
24.833333,13.470218,2.539776,1.104798,0.506286,0.000000,0.136447,18.846434,1.119476,1.459575,11.576056,7.270379,0.004449,-0.001153
24.866667,13.477769,2.554875,1.109338,0.506657,0.000000,0.135950,18.867365,1.113541,1.455329,11.575107,7.292258,0.004477,-0.001175
24.900000,13.485257,2.570020,1.113861,0.507040,0.000000,0.135446,18.888653,1.107568,1.451027,11.574264,7.314389,0.004505,-0.001198
24.933333,13.492683,2.585210,1.118368,0.507433,0.000000,0.134935,18.910294,1.101559,1.446669,11.573529,7.336765,0.004532,-0.001220
24.966667,13.500046,2.600446,1.122857,0.507839,0.000000,0.134416,18.932284,1.095515,1.442257,11.572902,7.359382,0.004560,-0.001242
25.000000,13.507346,2.615726,1.127329,0.508255,-0.000000,0.133890,18.954618,1.089439,1.437790,11.572384,7.382234,0.004587,-0.001264
25.033333,13.514584,2.631052,1.131783,0.508682,-0.000000,0.133357,18.977293,1.083331,1.433270,11.571976,7.405317,0.004614,-0.001287
25.066667,13.521760,2.646422,1.136219,0.509120,-0.000000,0.132817,19.000302,1.077194,1.428698,11.571678,7.428624,0.004641,-0.001309
25.100000,13.528875,2.661838,1.140638,0.509569,0.000000,0.132271,19.023643,1.071028,1.424075,11.571491,7.452151,0.004668,-0.001332
25.133333,13.535927,2.677299,1.145037,0.510029,0.000000,0.131718,19.047309,1.064836,1.419400,11.571416,7.475893,0.004695,-0.001354
25.166667,13.542918,2.692804,1.149419,0.510499,0.000000,0.131158,19.071298,1.058618,1.414676,11.571453,7.499845,0.004721,-0.001377
25.200000,13.549847,2.708355,1.153781,0.510980,0.000000,0.130593,19.095603,1.052377,1.409903,11.571603,7.524000,0.004747,-0.001399
25.233333,13.556716,2.723950,1.158125,0.511471,0.000000,0.130021,19.120222,1.046113,1.405082,11.571866,7.548356,0.004773,-0.001422
25.266667,13.563523,2.739591,1.162449,0.511973,0.000000,0.129444,19.145148,1.039828,1.400214,11.572243,7.572905,0.004799,-0.001444
25.300000,13.570269,2.755276,1.166755,0.512485,-0.000000,0.128861,19.170377,1.033523,1.395299,11.572733,7.597644,0.004825,-0.001467
25.333333,13.576955,2.771005,1.171040,0.513006,0.000000,0.128272,19.195905,1.027201,1.390339,11.573338,7.622567,0.004850,-0.001490
25.366667,13.583580,2.786779,1.175306,0.513538,-0.000000,0.127678,19.221728,1.020861,1.385334,11.574058,7.647670,0.004876,-0.001513
25.400000,13.590144,2.802598,1.179552,0.514080,0.000000,0.127079,19.247840,1.014506,1.380285,11.574893,7.672947,0.004901,-0.001536
25.433333,13.596649,2.818462,1.183778,0.514631,0.000000,0.126474,19.274236,1.008137,1.375194,11.575843,7.698394,0.004926,-0.001558
25.466667,13.603094,2.834370,1.187984,0.515192,-0.000000,0.125865,19.300913,1.001755,1.370060,11.576908,7.724005,0.004950,-0.001581
25.500000,13.609478,2.850322,1.192169,0.515762,0.000000,0.125251,19.327866,0.995361,1.364885,11.578089,7.749777,0.004975,-0.001604
25.533333,13.615804,2.866318,1.196334,0.516342,0.000000,0.124632,19.355090,0.988957,1.359670,11.579385,7.775704,0.004999,-0.001628
25.566667,13.622069,2.882359,1.200478,0.516931,0.000000,0.124009,19.382580,0.982544,1.354415,11.580797,7.801782,0.005023,-0.001651
25.600000,13.628276,2.898444,1.204601,0.517529,0.000000,0.123382,19.410332,0.976123,1.349122,11.582325,7.828006,0.005047,-0.001674
25.633333,13.634423,2.914574,1.208703,0.518137,0.000000,0.122750,19.438340,0.969695,1.343791,11.583969,7.854372,0.005071,-0.001697
25.666667,13.640512,2.930747,1.212784,0.518753,0.000000,0.122115,19.466602,0.963262,1.338423,11.585728,7.880874,0.005095,-0.001720
25.700000,13.646542,2.946964,1.216844,0.519378,0.000000,0.121475,19.495111,0.956824,1.333019,11.587602,7.907509,0.005118,-0.001744
25.733333,13.652513,2.963226,1.220883,0.520011,0.000000,0.120832,19.523863,0.950383,1.327580,11.589592,7.934271,0.005141,-0.001767
25.766667,13.658427,2.979531,1.224900,0.520653,0.000000,0.120186,19.552854,0.943940,1.322106,11.591697,7.961157,0.005164,-0.001790
25.800000,13.664282,2.995880,1.228895,0.521304,0.000000,0.119536,19.582079,0.937496,1.316599,11.593917,7.988162,0.005187,-0.001814
25.833333,13.670079,3.012273,1.232869,0.521963,0.000000,0.118883,19.611533,0.931052,1.311059,11.596251,8.015282,0.005210,-0.001837
25.866667,13.675818,3.028709,1.236821,0.522630,-0.000000,0.118226,19.641211,0.924609,1.305488,11.598700,8.042512,0.005232,-0.001861
25.900000,13.681500,3.045190,1.240750,0.523305,0.000000,0.117567,19.671110,0.918168,1.299885,11.601262,8.069848,0.005255,-0.001884
25.933333,13.687125,3.061713,1.244658,0.523988,-0.000000,0.116905,19.701225,0.911729,1.294252,11.603938,8.097287,0.005277,-0.001908
25.966667,13.692692,3.078281,1.248544,0.524679,0.000000,0.116240,19.731550,0.905295,1.288590,11.606727,8.124823,0.005298,-0.001932
26.000000,13.698203,3.094891,1.252408,0.525377,0.000000,0.115573,19.762082,0.898866,1.282899,11.609629,8.152453,0.005320,-0.001955
26.033333,13.703656,3.111546,1.256249,0.526084,0.000000,0.114904,19.792816,0.892442,1.277181,11.612643,8.180173,0.005342,-0.001979
26.066667,13.709053,3.128243,1.260068,0.526797,0.000000,0.114232,19.823746,0.886025,1.271435,11.615768,8.207978,0.005363,-0.002003
26.100000,13.714394,3.144984,1.263864,0.527518,-0.000000,0.113558,19.854870,0.879616,1.265663,11.619004,8.235866,0.005384,-0.002027
26.133333,13.719679,3.161767,1.267638,0.528246,0.000000,0.112882,19.886182,0.873215,1.259866,11.622351,8.263831,0.005405,-0.002051
26.166667,13.724908,3.178594,1.271390,0.528982,-0.000000,0.112204,19.917677,0.866823,1.254044,11.625807,8.291871,0.005426,-0.002075
26.200000,13.730081,3.195464,1.275119,0.529724,0.000000,0.111525,19.949352,0.860442,1.248199,11.629372,8.319980,0.005446,-0.002099
26.233333,13.735198,3.212376,1.278825,0.530473,-0.000000,0.110843,19.981201,0.854071,1.242330,11.633045,8.348156,0.005467,-0.002123
26.266667,13.740260,3.229332,1.282508,0.531229,0.000000,0.110161,20.013220,0.847712,1.236439,11.636825,8.376395,0.005487,-0.002147
26.300000,13.745267,3.246330,1.286169,0.531991,0.000000,0.109477,20.045405,0.841365,1.230527,11.640712,8.404693,0.005507,-0.002171
26.333333,13.750219,3.263371,1.289807,0.532760,0.000000,0.108792,20.077752,0.835031,1.224594,11.644705,8.433047,0.005527,-0.002195
26.366667,13.755116,3.280455,1.293422,0.533536,-0.000000,0.108106,20.110255,0.828711,1.218640,11.648803,8.461452,0.005546,-0.002219
26.400000,13.759959,3.297581,1.297014,0.534317,-0.000000,0.107419,20.142911,0.822406,1.212668,11.653004,8.489906,0.005566,-0.002244
26.433333,13.764748,3.314749,1.300583,0.535105,0.000000,0.106731,20.175715,0.816115,1.206677,11.657309,8.518405,0.005585,-0.002268
26.466667,13.769482,3.331960,1.304129,0.535899,-0.000000,0.106042,20.208662,0.809840,1.200668,11.661716,8.546946,0.005604,-0.002292
26.500000,13.774162,3.349213,1.307652,0.536698,0.000000,0.105352,20.241749,0.803582,1.194641,11.666224,8.575525,0.005623,-0.002317
26.533333,13.778789,3.366508,1.311153,0.537504,0.000000,0.104662,20.274970,0.797340,1.188599,11.670832,8.604139,0.005642,-0.002341
26.566667,13.783362,3.383845,1.314630,0.538315,0.000000,0.103972,20.308323,0.791116,1.182540,11.675539,8.632784,0.005660,-0.002366
26.600000,13.787882,3.401224,1.318084,0.539131,0.000000,0.103281,20.341801,0.784910,1.176466,11.680344,8.661458,0.005679,-0.002391
26.633333,13.792349,3.418646,1.321515,0.539953,0.000000,0.102591,20.375402,0.778723,1.170378,11.685246,8.690156,0.005697,-0.002415
26.666667,13.796763,3.436109,1.324924,0.540780,-0.000000,0.101900,20.409120,0.772555,1.164277,11.690243,8.718877,0.005715,-0.002440
26.700000,13.801124,3.453613,1.328309,0.541612,-0.000000,0.101209,20.442952,0.766407,1.158162,11.695335,8.747617,0.005732,-0.002465
26.733333,13.805433,3.471160,1.331671,0.542450,0.000000,0.100518,20.476893,0.760278,1.152035,11.700520,8.776373,0.005750,-0.002489
26.766667,13.809689,3.488748,1.335010,0.543292,0.000000,0.099827,20.510939,0.754171,1.145896,11.705798,8.805141,0.005767,-0.002514
26.800000,13.813894,3.506377,1.338326,0.544139,-0.000000,0.099137,20.545086,0.748084,1.139746,11.711166,8.833920,0.005785,-0.002539
26.833333,13.818047,3.524048,1.341619,0.544991,0.000000,0.098447,20.579330,0.742019,1.133585,11.716624,8.862706,0.005802,-0.002564
26.866667,13.822148,3.541760,1.344889,0.545847,-0.000000,0.097758,20.613666,0.735976,1.127414,11.722171,8.891495,0.005818,-0.002589
26.900000,13.826198,3.559513,1.348136,0.546708,-0.000000,0.097069,20.648091,0.729955,1.121234,11.727805,8.920286,0.005835,-0.002614
26.933333,13.830197,3.577307,1.351360,0.547573,-0.000000,0.096380,20.682599,0.723957,1.115046,11.733524,8.949075,0.005851,-0.002639
26.966667,13.834144,3.595142,1.354562,0.548442,-0.000000,0.095693,20.717188,0.717982,1.108849,11.739328,8.977860,0.005868,-0.002664
27.000000,13.838041,3.613018,1.357740,0.549316,0.000000,0.095006,20.751854,0.712030,1.102645,11.745215,9.006639,0.005884,-0.002689
27.033333,13.841888,3.630935,1.360895,0.550193,-0.000000,0.094320,20.786591,0.706102,1.096434,11.751184,9.035407,0.005900,-0.002714
27.066667,13.845684,3.648893,1.364028,0.551074,0.000000,0.093636,20.821396,0.700198,1.090216,11.757233,9.064163,0.005915,-0.002740
27.100000,13.849430,3.666891,1.367138,0.551959,0.000000,0.092952,20.856265,0.694319,1.083993,11.763361,9.092904,0.005931,-0.002765
27.133333,13.853127,3.684930,1.370225,0.552848,-0.000000,0.092269,20.891195,0.688464,1.077765,11.769567,9.121628,0.005946,-0.002790
27.166667,13.856773,3.703009,1.373289,0.553740,-0.000000,0.091588,20.926180,0.682634,1.071531,11.775849,9.150332,0.005961,-0.002816
27.200000,13.860370,3.721128,1.376331,0.554635,0.000000,0.090908,20.961218,0.676830,1.065294,11.782205,9.179013,0.005976,-0.002841
27.233333,13.863919,3.739287,1.379349,0.555534,0.000000,0.090229,20.996304,0.671051,1.059053,11.788635,9.207669,0.005991,-0.002867
27.266667,13.867418,3.757487,1.382346,0.556436,0.000000,0.089552,21.031434,0.665298,1.052809,11.795136,9.236298,0.006006,-0.002892
27.300000,13.870868,3.775726,1.385320,0.557341,0.000000,0.088876,21.066604,0.659571,1.046562,11.801707,9.264897,0.006020,-0.002918
27.333333,13.874270,3.794006,1.388271,0.558248,-0.000000,0.088201,21.101812,0.653870,1.040313,11.808348,9.293464,0.006034,-0.002944
27.366667,13.877623,3.812325,1.391200,0.559159,-0.000000,0.087529,21.137052,0.648195,1.034062,11.815055,9.321997,0.006048,-0.002969
27.400000,13.880929,3.830683,1.394106,0.560073,0.000000,0.086858,21.172321,0.642547,1.027811,11.821828,9.350493,0.006062,-0.002995
27.433333,13.884187,3.849081,1.396990,0.560989,-0.000000,0.086188,21.207616,0.636926,1.021558,11.828665,9.378950,0.006075,-0.003021
27.466667,13.887397,3.867519,1.399852,0.561907,0.000000,0.085521,21.242931,0.631332,1.015306,11.835565,9.407366,0.006089,-0.003047
27.500000,13.890559,3.885996,1.402692,0.562828,0.000000,0.084855,21.278265,0.625765,1.009053,11.842526,9.435739,0.006102,-0.003072
27.533333,13.893675,3.904512,1.405509,0.563751,0.000000,0.084191,21.313613,0.620225,1.002802,11.849546,9.464066,0.006115,-0.003098
27.566667,13.896743,3.923067,1.408304,0.564677,-0.000000,0.083529,21.348971,0.614712,0.996551,11.856625,9.492346,0.006128,-0.003124
27.600000,13.899765,3.941661,1.411078,0.565604,0.000000,0.082869,21.384335,0.609227,0.990302,11.863759,9.520576,0.006141,-0.003150
27.633333,13.902740,3.960294,1.413829,0.566533,-0.000000,0.082212,21.419703,0.603770,0.984055,11.870948,9.548755,0.006153,-0.003176
27.666667,13.905669,3.978966,1.416558,0.567464,-0.000000,0.081556,21.455070,0.598341,0.977811,11.878191,9.576880,0.006166,-0.003202
27.700000,13.908552,3.997676,1.419266,0.568397,0.000000,0.080902,21.490433,0.592939,0.971569,11.885484,9.604949,0.006178,-0.003229
27.733333,13.911389,4.016424,1.421952,0.569332,0.000000,0.080251,21.525789,0.587566,0.965330,11.892828,9.632961,0.006190,-0.003255
27.766667,13.914181,4.035211,1.424616,0.570268,-0.000000,0.079602,21.561133,0.582220,0.959096,11.900220,9.660913,0.006201,-0.003281
27.800000,13.916927,4.054037,1.427259,0.571205,0.000000,0.078955,21.596462,0.576902,0.952865,11.907659,9.688803,0.006213,-0.003307
27.833333,13.919628,4.072900,1.429880,0.572144,0.000000,0.078310,21.631773,0.571613,0.946638,11.915142,9.716630,0.006224,-0.003334
27.866667,13.922284,4.091802,1.432479,0.573084,0.000000,0.077668,21.667062,0.566352,0.940417,11.922669,9.744392,0.006235,-0.003360
27.900000,13.924896,4.110741,1.435058,0.574025,-0.000000,0.077028,21.702325,0.561119,0.934200,11.930238,9.772087,0.006246,-0.003387
27.933333,13.927463,4.129718,1.437615,0.574967,-0.000000,0.076391,21.737560,0.555915,0.927989,11.937847,9.799713,0.006257,-0.003413
27.966667,13.929986,4.148733,1.440150,0.575910,0.000000,0.075756,21.772763,0.550739,0.921784,11.945495,9.827269,0.006268,-0.003440
28.000000,13.932465,4.167785,1.442665,0.576854,-0.000000,0.075123,21.807931,0.545591,0.915585,11.953179,9.854752,0.006278,-0.003466
28.033333,13.934900,4.186874,1.445159,0.577798,-0.000000,0.074493,21.843059,0.540472,0.909393,11.960898,9.882161,0.006288,-0.003493
28.066667,13.937292,4.206001,1.447631,0.578743,-0.000000,0.073866,21.878145,0.535381,0.903207,11.968651,9.909494,0.006298,-0.003520
28.100000,13.939640,4.225165,1.450083,0.579689,-0.000000,0.073241,21.913186,0.530319,0.897029,11.976436,9.936750,0.006308,-0.003546
28.133333,13.941945,4.244366,1.452514,0.580635,0.000000,0.072618,21.948178,0.525285,0.890858,11.984252,9.963926,0.006318,-0.003573
28.166667,13.944208,4.263603,1.454924,0.581581,0.000000,0.071999,21.983118,0.520279,0.884695,11.992095,9.991022,0.006327,-0.003600
28.200000,13.946428,4.282878,1.457314,0.582527,0.000000,0.071382,22.018002,0.515302,0.878540,11.999966,10.018036,0.006337,-0.003627
28.233333,13.948606,4.302188,1.459683,0.583474,0.000000,0.070767,22.052828,0.510353,0.872394,12.007862,10.044965,0.006346,-0.003654
28.266667,13.950741,4.321536,1.462032,0.584420,-0.000000,0.070156,22.087592,0.505433,0.866256,12.015782,10.071809,0.006355,-0.003681
28.300000,13.952835,4.340920,1.464360,0.585366,-0.000000,0.069547,22.122290,0.500541,0.860128,12.023724,10.098567,0.006363,-0.003708
28.333333,13.954887,4.360339,1.466668,0.586312,0.000000,0.068940,22.156921,0.495677,0.854008,12.031686,10.125235,0.006372,-0.003735
28.366667,13.956898,4.379795,1.468956,0.587258,0.000000,0.068337,22.191480,0.490842,0.847898,12.039667,10.151813,0.006380,-0.003762
28.400000,13.958867,4.399287,1.471224,0.588204,0.000000,0.067736,22.225965,0.486035,0.841798,12.047665,10.178300,0.006389,-0.003789
28.433333,13.960796,4.418815,1.473472,0.589149,0.000000,0.067138,22.260372,0.481256,0.835708,12.055678,10.204694,0.006396,-0.003816
28.466667,13.962684,4.438378,1.475700,0.590093,0.000000,0.066543,22.294698,0.476505,0.829629,12.063705,10.230993,0.006404,-0.003844
28.500000,13.964532,4.457976,1.477908,0.591037,-0.000000,0.065951,22.328941,0.471782,0.823560,12.071744,10.257197,0.006412,-0.003871
28.533333,13.966339,4.477610,1.480096,0.591980,-0.000000,0.065362,22.363097,0.467088,0.817502,12.079794,10.283303,0.006419,-0.003898
28.566667,13.968106,4.497279,1.482265,0.592922,0.000000,0.064775,22.397163,0.462421,0.811455,12.087852,10.309310,0.006426,-0.003926
28.600000,13.969834,4.516984,1.484415,0.593863,-0.000000,0.064191,22.431136,0.457782,0.805419,12.095918,10.335218,0.006434,-0.003953
28.633333,13.971522,4.536723,1.486545,0.594803,0.000000,0.063611,22.465014,0.453171,0.799395,12.103990,10.361024,0.006440,-0.003981
28.666667,13.973171,4.556496,1.488655,0.595742,0.000000,0.063033,22.498792,0.448588,0.793382,12.112065,10.386727,0.006447,-0.004008
28.700000,13.974781,4.576305,1.490747,0.596680,0.000000,0.062458,22.532469,0.444032,0.787382,12.120143,10.412326,0.006453,-0.004036
28.733333,13.976352,4.596148,1.492819,0.597616,-0.000000,0.061885,22.566041,0.439504,0.781394,12.128221,10.437820,0.006460,-0.004063
28.766667,13.977884,4.616025,1.494873,0.598551,-0.000000,0.061316,22.599506,0.435004,0.775418,12.136299,10.463207,0.006466,-0.004091
28.800000,13.979379,4.635936,1.496907,0.599485,-0.000000,0.060750,22.632860,0.430531,0.769455,12.144374,10.488487,0.006472,-0.004119
28.833333,13.980835,4.655881,1.498923,0.600417,0.000000,0.060187,22.666101,0.426085,0.763504,12.152444,10.513657,0.006477,-0.004147
28.866667,13.982253,4.675860,1.500919,0.601347,-0.000000,0.059626,22.699226,0.421666,0.757567,12.160510,10.538717,0.006483,-0.004174
28.900000,13.983634,4.695873,1.502898,0.602276,0.000000,0.059069,22.732232,0.417275,0.751643,12.168567,10.563665,0.006488,-0.004202
28.933333,13.984977,4.715920,1.504857,0.603203,0.000000,0.058514,22.765116,0.412910,0.745732,12.176616,10.588500,0.006494,-0.004230
28.966667,13.986284,4.735999,1.506799,0.604127,0.000000,0.057963,22.797876,0.408573,0.739834,12.184655,10.613221,0.006498,-0.004258
29.000000,13.987553,4.756112,1.508722,0.605050,-0.000000,0.057414,22.830508,0.404262,0.733951,12.192681,10.637827,0.006503,-0.004286
29.033333,13.988786,4.776258,1.510626,0.605971,-0.000000,0.056868,22.863010,0.399978,0.728081,12.200694,10.662316,0.006508,-0.004314
29.066667,13.989983,4.796437,1.512513,0.606890,-0.000000,0.056325,22.895380,0.395721,0.722225,12.208691,10.686688,0.006512,-0.004342
29.100000,13.991143,4.816649,1.514381,0.607806,0.000000,0.055786,22.927614,0.391490,0.716384,12.216672,10.710942,0.006516,-0.004371
29.133333,13.992267,4.836893,1.516232,0.608720,0.000000,0.055249,22.959710,0.387285,0.710557,12.224634,10.735075,0.006520,-0.004399
29.166667,13.993356,4.857170,1.518065,0.609631,-0.000000,0.054715,22.991664,0.383107,0.704744,12.232577,10.759088,0.006524,-0.004427
29.200000,13.994410,4.877479,1.519879,0.610540,0.000000,0.054184,23.023476,0.378955,0.698947,12.240498,10.782978,0.006528,-0.004455
29.233333,13.995428,4.897820,1.521677,0.611447,-0.000000,0.053656,23.055141,0.374829,0.693164,12.248396,10.806745,0.006531,-0.004484
29.266667,13.996411,4.918192,1.523457,0.612351,-0.000000,0.053131,23.086658,0.370729,0.687396,12.256269,10.830389,0.006535,-0.004512
29.300000,13.997360,4.938597,1.525219,0.613252,-0.000000,0.052609,23.118023,0.366654,0.681643,12.264116,10.853907,0.006538,-0.004541
29.333333,13.998274,4.959033,1.526964,0.614150,-0.000000,0.052090,23.149234,0.362606,0.675905,12.271936,10.877298,0.006541,-0.004569
29.366667,13.999154,4.979501,1.528692,0.615045,0.000000,0.051574,23.180288,0.358583,0.670183,12.279726,10.900562,0.006543,-0.004598
29.400000,14.000000,5.000000,1.530402,0.615938,0.000000,0.051060,23.211184,0.354585,0.664476,12.287485,10.923698,0.006546,-0.004626
29.433333,14.000812,5.020530,1.532096,0.616827,-0.000000,0.050550,23.241918,0.350611,0.658785,12.295211,10.946706,0.006548,-0.004655
29.466667,14.001591,5.041091,1.533772,0.617713,0.000000,0.050043,23.272488,0.346662,0.653110,12.302902,10.969586,0.006551,-0.004683
29.500000,14.002337,5.061683,1.535432,0.618596,-0.000000,0.049538,23.302891,0.342737,0.647450,12.310555,10.992337,0.006553,-0.004711
29.533333,14.003049,5.082305,1.537075,0.619476,0.000000,0.049037,23.333127,0.338835,0.641806,12.318169,11.014958,0.006555,-0.004739
29.566667,14.003729,5.102957,1.538701,0.620352,0.000000,0.048538,23.363191,0.334956,0.636178,12.325742,11.037449,0.006557,-0.004767
29.600000,14.004377,5.123640,1.540311,0.621225,-0.000000,0.048042,23.393082,0.331101,0.630565,12.333274,11.059809,0.006559,-0.004794
29.633333,14.004992,5.144353,1.541904,0.622094,0.000000,0.047549,23.422799,0.327268,0.624969,12.340762,11.082037,0.006561,-0.004822
29.666667,14.005575,5.165096,1.543480,0.622960,0.000000,0.047059,23.452337,0.323459,0.619388,12.348205,11.104133,0.006563,-0.004849
29.700000,14.006126,5.185868,1.545041,0.623822,0.000000,0.046572,23.481696,0.319671,0.613823,12.355601,11.126095,0.006565,-0.004876
29.733333,14.006646,5.206670,1.546585,0.624680,0.000000,0.046088,23.510874,0.315907,0.608274,12.362950,11.147924,0.006567,-0.004903
29.766667,14.007134,5.227501,1.548113,0.625535,0.000000,0.045606,23.539868,0.312164,0.602741,12.370249,11.169619,0.006568,-0.004929
29.800000,14.007592,5.248362,1.549626,0.626386,0.000000,0.045127,23.568675,0.308443,0.597224,12.377498,11.191178,0.006570,-0.004956
29.833333,14.008018,5.269251,1.551122,0.627232,0.000000,0.044651,23.597295,0.304744,0.591723,12.384694,11.212601,0.006572,-0.004982
29.866667,14.008414,5.290169,1.552602,0.628075,0.000000,0.044178,23.625725,0.301067,0.586238,12.391837,11.233888,0.006573,-0.005008
29.900000,14.008780,5.311116,1.554067,0.628914,-0.000000,0.043707,23.653963,0.297410,0.580768,12.398925,11.255039,0.006575,-0.005033
29.933333,14.009116,5.332091,1.555516,0.629748,0.000000,0.043239,23.682007,0.293775,0.575315,12.405956,11.276051,0.006576,-0.005059
29.966667,14.009422,5.353094,1.556950,0.630579,0.000000,0.042774,23.709855,0.290161,0.569877,12.412930,11.296925,0.006577,-0.005084
30.000000,14.009698,5.374125,1.558368,0.631405,0.000000,0.042312,23.737505,0.286568,0.564455,12.419845,11.317661,0.006578,-0.005110
30.033333,14.009945,5.395184,1.559771,0.632227,0.000000,0.041852,23.764956,0.282995,0.559049,12.426699,11.338257,0.006580,-0.005135
30.066667,14.010163,5.416271,1.561158,0.633044,0.000000,0.041395,23.792205,0.279442,0.553659,12.433492,11.358713,0.006581,-0.005159
30.100000,14.010352,5.437385,1.562530,0.633857,0.000000,0.040941,23.819250,0.275910,0.548284,12.440221,11.379029,0.006582,-0.005184
30.133333,14.010512,5.458527,1.563887,0.634666,-0.000000,0.040489,23.846090,0.272398,0.542925,12.446886,11.399203,0.006583,-0.005208
30.166667,14.010644,5.479695,1.565230,0.635469,-0.000000,0.040040,23.872723,0.268905,0.537583,12.453486,11.419237,0.006584,-0.005232
30.200000,14.010748,5.500890,1.566557,0.636269,0.000000,0.039593,23.899146,0.265432,0.532255,12.460019,11.439128,0.006584,-0.005256
30.233333,14.010824,5.522113,1.567869,0.637063,-0.000000,0.039149,23.925359,0.261978,0.526944,12.466483,11.458876,0.006585,-0.005280
30.266667,14.010873,5.543361,1.569167,0.637853,-0.000000,0.038708,23.951360,0.258543,0.521648,12.472878,11.478482,0.006586,-0.005304
30.300000,14.010894,5.564636,1.570450,0.638638,0.000000,0.038269,23.977146,0.255127,0.516367,12.479202,11.497944,0.006586,-0.005327
30.333333,14.010887,5.585937,1.571718,0.639418,0.000000,0.037833,24.002717,0.251730,0.511103,12.485454,11.517262,0.006587,-0.005350
30.366667,14.010854,5.607264,1.572972,0.640193,0.000000,0.037399,24.028070,0.248351,0.505853,12.491633,11.536436,0.006587,-0.005373
30.400000,14.010795,5.628616,1.574211,0.640963,-0.000000,0.036967,24.053203,0.244991,0.500619,12.497738,11.555465,0.006588,-0.005396
30.433333,14.010709,5.649994,1.575436,0.641728,-0.000000,0.036538,24.078116,0.241649,0.495401,12.503767,11.574349,0.006588,-0.005419
30.466667,14.010596,5.671398,1.576647,0.642488,0.000000,0.036112,24.102806,0.238324,0.490198,12.509719,11.593087,0.006588,-0.005441
30.500000,14.010458,5.692826,1.577844,0.643243,-0.000000,0.035688,24.127272,0.235018,0.485010,12.515594,11.611678,0.006589,-0.005464
30.533333,14.010294,5.714279,1.579026,0.643992,0.000000,0.035266,24.151512,0.231729,0.479838,12.521389,11.630124,0.006589,-0.005486
30.566667,14.010105,5.735757,1.580195,0.644737,0.000000,0.034847,24.175526,0.228457,0.474681,12.527104,11.648422,0.006589,-0.005507
30.600000,14.009890,5.757260,1.581349,0.645476,-0.000000,0.034430,24.199310,0.225203,0.469538,12.532737,11.666573,0.006589,-0.005529
30.633333,14.009651,5.778787,1.582490,0.646209,0.000000,0.034015,24.222864,0.221965,0.464411,12.538288,11.684576,0.006589,-0.005550
30.666667,14.009387,5.800337,1.583617,0.646938,-0.000000,0.033603,24.246186,0.218744,0.459299,12.543755,11.702431,0.006589,-0.005572
30.700000,14.009098,5.821912,1.584730,0.647660,0.000000,0.033193,24.269275,0.215540,0.454202,12.549137,11.720138,0.006588,-0.005593
30.733333,14.008785,5.843511,1.585830,0.648378,0.000000,0.032785,24.292129,0.212352,0.449120,12.554434,11.737696,0.006588,-0.005614
30.766667,14.008448,5.865132,1.586916,0.649089,-0.000000,0.032380,24.314748,0.209180,0.444053,12.559643,11.755105,0.006588,-0.005634
30.800000,14.008088,5.886777,1.587989,0.649795,0.000000,0.031977,24.337128,0.206024,0.439001,12.564765,11.772364,0.006587,-0.005655
30.833333,14.007703,5.908446,1.589048,0.650496,-0.000000,0.031576,24.359270,0.202884,0.433963,12.569797,11.789473,0.006587,-0.005675
30.866667,14.007296,5.930137,1.590094,0.651190,-0.000000,0.031177,24.381172,0.199760,0.428940,12.574739,11.806433,0.006586,-0.005695
30.900000,14.006866,5.951850,1.591126,0.651879,-0.000000,0.030780,24.402831,0.196651,0.423931,12.579590,11.823242,0.006586,-0.005715
30.933333,14.006413,5.973586,1.592146,0.652562,-0.000000,0.030386,24.424248,0.193557,0.418937,12.584348,11.839900,0.006585,-0.005734
30.966667,14.005937,5.995344,1.593152,0.653239,0.000000,0.029993,24.445421,0.190478,0.413957,12.589014,11.856407,0.006584,-0.005754
31.000000,14.005439,6.017124,1.594145,0.653911,0.000000,0.029603,24.466348,0.187414,0.408992,12.593585,11.872763,0.006583,-0.005773
31.033333,14.004920,6.038926,1.595125,0.654576,-0.000000,0.029215,24.487028,0.184364,0.404041,12.598061,11.888968,0.006582,-0.005792
31.066667,14.004378,6.060750,1.596093,0.655235,-0.000000,0.028829,24.507461,0.181329,0.399104,12.602440,11.905020,0.006581,-0.005811
31.100000,14.003815,6.082595,1.597047,0.655889,-0.000000,0.028445,24.527644,0.178308,0.394181,12.606723,11.920921,0.006580,-0.005830
31.133333,14.003230,6.104461,1.597989,0.656536,0.000000,0.028063,24.547576,0.175302,0.389272,12.610907,11.936669,0.006579,-0.005848
31.166667,14.002625,6.126347,1.598918,0.657177,-0.000000,0.027683,24.567257,0.172309,0.384377,12.614992,11.952265,0.006578,-0.005867
31.200000,14.001998,6.148255,1.599835,0.657812,-0.000000,0.027305,24.586685,0.169330,0.379496,12.618977,11.967708,0.006577,-0.005885
31.233333,14.001352,6.170183,1.600739,0.658441,-0.000000,0.026929,24.605858,0.166364,0.374629,12.622861,11.982998,0.006575,-0.005903
31.266667,14.000684,6.192131,1.601630,0.659064,-0.000000,0.026555,24.624777,0.163412,0.369775,12.626643,11.998135,0.006574,-0.005920
31.300000,13.999997,6.214100,1.602509,0.659680,-0.000000,0.026183,24.643440,0.160473,0.364935,12.630322,12.013118,0.006573,-0.005938
31.333333,13.999290,6.236088,1.603376,0.660290,0.000000,0.025813,24.661845,0.157547,0.360109,12.633897,12.027948,0.006571,-0.005955
31.366667,13.998563,6.258096,1.604230,0.660893,0.000000,0.025445,24.679991,0.154633,0.355296,12.637368,12.042624,0.006570,-0.005972
31.400000,13.997817,6.280123,1.605072,0.661490,-0.000000,0.025079,24.697879,0.151733,0.350496,12.640733,12.057146,0.006568,-0.005989
31.433333,13.997052,6.302169,1.605902,0.662081,-0.000000,0.024714,24.715505,0.148844,0.345710,12.643992,12.071513,0.006566,-0.006006
31.466667,13.996268,6.324234,1.606720,0.662665,-0.000000,0.024351,24.732870,0.145968,0.340937,12.647143,12.085727,0.006564,-0.006022
31.500000,13.995466,6.346318,1.607525,0.663243,-0.000000,0.023990,24.749973,0.143104,0.336176,12.650187,12.099786,0.006563,-0.006039
31.533333,13.994645,6.368420,1.608319,0.663814,0.000000,0.023631,24.766812,0.140252,0.331429,12.653121,12.113690,0.006561,-0.006055
31.566667,13.993806,6.390541,1.609101,0.664379,-0.000000,0.023274,24.783386,0.137412,0.326695,12.655946,12.127440,0.006559,-0.006071
31.600000,13.992949,6.412680,1.609870,0.664937,-0.000000,0.022918,24.799695,0.134583,0.321973,12.658661,12.141035,0.006557,-0.006086
31.633333,13.992074,6.434836,1.610629,0.665488,0.000000,0.022564,24.815738,0.131765,0.317264,12.661264,12.154474,0.006554,-0.006102
31.666667,13.991182,6.457010,1.611375,0.666033,-0.000000,0.022212,24.831513,0.128959,0.312568,12.663754,12.167759,0.006552,-0.006117
31.700000,13.990273,6.479202,1.612109,0.666571,0.000000,0.021862,24.847020,0.126163,0.307884,12.666132,12.180888,0.006550,-0.006132
31.733333,13.989347,6.501411,1.612832,0.667102,-0.000000,0.021513,24.862258,0.123379,0.303213,12.668396,12.193862,0.006548,-0.006147
31.766667,13.988404,6.523636,1.613544,0.667626,0.000000,0.021166,24.877227,0.120605,0.298554,12.670546,12.206681,0.006545,-0.006162
31.800000,13.987445,6.545878,1.614243,0.668144,-0.000000,0.020820,24.891924,0.117842,0.293907,12.672580,12.219343,0.006543,-0.006177
31.833333,13.986469,6.568137,1.614932,0.668655,-0.000000,0.020476,24.906350,0.115089,0.289273,12.674499,12.231851,0.006540,-0.006191
31.866667,13.985478,6.590412,1.615608,0.669158,0.000000,0.020134,24.920503,0.112346,0.284650,12.676301,12.244202,0.006537,-0.006205
31.900000,13.984471,6.612703,1.616274,0.669655,0.000000,0.019793,24.934383,0.109613,0.280039,12.677985,12.256398,0.006535,-0.006219
31.933333,13.983448,6.635009,1.616928,0.670145,-0.000000,0.019454,24.947989,0.106889,0.275440,12.679551,12.268438,0.006532,-0.006233
31.966667,13.982411,6.657331,1.617571,0.670628,-0.000000,0.019116,24.961320,0.104176,0.270853,12.680999,12.280322,0.006529,-0.006246
32.000000,13.981358,6.679669,1.618202,0.671104,-0.000000,0.018780,24.974376,0.101472,0.266278,12.682326,12.292050,0.006526,-0.006260
32.033333,13.980291,6.702021,1.618823,0.671573,0.000000,0.018445,24.987156,0.098777,0.261714,12.683534,12.303622,0.006523,-0.006273
32.066667,13.979209,6.724389,1.619432,0.672035,0.000000,0.018112,24.999659,0.096091,0.257161,12.684621,12.315038,0.006520,-0.006286
32.100000,13.978113,6.746771,1.620030,0.672490,0.000000,0.017780,25.011884,0.093415,0.252620,12.685586,12.326298,0.006517,-0.006299
32.133333,13.977002,6.769167,1.620617,0.672938,0.000000,0.017449,25.023831,0.090747,0.248090,12.686428,12.337402,0.006514,-0.006311
32.166667,13.975879,6.791577,1.621193,0.673378,-0.000000,0.017120,25.035499,0.088088,0.243571,12.687148,12.348350,0.006511,-0.006323
32.200000,13.974741,6.814002,1.621759,0.673812,-0.000000,0.016793,25.046887,0.085437,0.239063,12.687745,12.359142,0.006508,-0.006336
32.233333,13.973590,6.836440,1.622313,0.674238,0.000000,0.016466,25.057995,0.082794,0.234566,12.688217,12.369778,0.006504,-0.006348
32.266667,13.972427,6.858891,1.622856,0.674657,0.000000,0.016141,25.068822,0.080160,0.230080,12.688565,12.380257,0.006501,-0.006359
32.300000,13.971250,6.881356,1.623389,0.675069,-0.000000,0.015818,25.079368,0.077534,0.225605,12.688787,12.390581,0.006497,-0.006371
32.333333,13.970061,6.903833,1.623911,0.675473,0.000000,0.015495,25.089632,0.074915,0.221140,12.688883,12.400749,0.006494,-0.006382
32.366667,13.968859,6.926324,1.624422,0.675871,-0.000000,0.015174,25.099613,0.072304,0.216686,12.688853,12.410760,0.006490,-0.006394
32.400000,13.967646,6.948827,1.624923,0.676261,0.000000,0.014855,25.109312,0.069701,0.212242,12.688696,12.420616,0.006486,-0.006405
32.433333,13.966420,6.971342,1.625412,0.676643,0.000000,0.014536,25.118726,0.067105,0.207809,12.688411,12.430316,0.006483,-0.006415
32.466667,13.965183,6.993869,1.625892,0.677018,0.000000,0.014219,25.127857,0.064516,0.203385,12.687997,12.439860,0.006479,-0.006426
32.500000,13.963935,7.016408,1.626360,0.677386,0.000000,0.013903,25.136703,0.061934,0.198972,12.687455,12.449248,0.006475,-0.006436
32.533333,13.962676,7.038958,1.626818,0.677747,0.000000,0.013588,25.145264,0.059359,0.194569,12.686783,12.458480,0.006471,-0.006447
32.566667,13.961405,7.061520,1.627266,0.678100,0.000000,0.013274,25.153539,0.056790,0.190176,12.685982,12.467557,0.006467,-0.006457
32.600000,13.960124,7.084093,1.627703,0.678446,-0.000000,0.012962,25.161528,0.054229,0.185792,12.685050,12.476478,0.006463,-0.006466
32.633333,13.958833,7.106676,1.628130,0.678784,-0.000000,0.012650,25.169231,0.051673,0.181418,12.683987,12.485244,0.006458,-0.006476
32.666667,13.957531,7.129270,1.628547,0.679114,0.000000,0.012340,25.176647,0.049124,0.177054,12.682793,12.493854,0.006454,-0.006485
32.700000,13.956220,7.151875,1.628953,0.679438,0.000000,0.012031,25.183776,0.046581,0.172699,12.681467,12.502309,0.006450,-0.006495
32.733333,13.954899,7.174490,1.629349,0.679753,-0.000000,0.011722,25.190617,0.044044,0.168354,12.680008,12.510609,0.006445,-0.006504
32.766667,13.953568,7.197114,1.629734,0.680062,0.000000,0.011415,25.197170,0.041512,0.164018,12.678416,12.518754,0.006441,-0.006512
32.800000,13.952228,7.219748,1.630110,0.680362,-0.000000,0.011109,25.203435,0.038986,0.159691,12.676691,12.526743,0.006436,-0.006521
32.833333,13.950879,7.242392,1.630475,0.680655,0.000000,0.010804,25.209411,0.036466,0.155373,12.674833,12.534578,0.006432,-0.006530
32.866667,13.949522,7.265044,1.630830,0.680941,-0.000000,0.010500,25.215098,0.033951,0.151064,12.672839,12.542258,0.006427,-0.006538
32.900000,13.948156,7.287706,1.631175,0.681219,-0.000000,0.010197,25.220496,0.031441,0.146764,12.670711,12.549784,0.006422,-0.006546
32.933333,13.946781,7.310376,1.631510,0.681489,0.000000,0.009895,25.225604,0.028936,0.142473,12.668448,12.557155,0.006418,-0.006554
32.966667,13.945399,7.333055,1.631835,0.681752,-0.000000,0.009594,25.230422,0.026436,0.138190,12.666049,12.564372,0.006413,-0.006561
33.000000,13.944009,7.355742,1.632149,0.682007,-0.000000,0.009294,25.234950,0.023941,0.133916,12.663515,12.571435,0.006408,-0.006569
33.033333,13.942611,7.378436,1.632454,0.682254,0.000000,0.008994,25.239187,0.021450,0.129650,12.660843,12.578344,0.006403,-0.006576
33.066667,13.941206,7.401139,1.632749,0.682494,-0.000000,0.008696,25.243134,0.018963,0.125393,12.658035,12.585099,0.006398,-0.006583
33.100000,13.939794,7.423848,1.633034,0.682726,0.000000,0.008398,25.246790,0.016481,0.121144,12.655090,12.591701,0.006392,-0.006590
33.133333,13.938376,7.446565,1.633309,0.682950,0.000000,0.008102,25.250155,0.014003,0.116902,12.652007,12.598149,0.006387,-0.006597
33.166667,13.936950,7.469289,1.633574,0.683167,-0.000000,0.007806,25.253229,0.011529,0.112669,12.648785,12.604444,0.006382,-0.006603
33.200000,13.935518,7.492020,1.633829,0.683375,-0.000000,0.007511,25.256012,0.009058,0.108444,12.645426,12.610586,0.006377,-0.006609
33.233333,13.934080,7.514757,1.634075,0.683577,-0.000000,0.007217,25.258502,0.006592,0.104227,12.641928,12.616575,0.006371,-0.006615
33.266667,13.932637,7.537501,1.634311,0.683770,-0.000000,0.006923,25.260701,0.004128,0.100017,12.638290,12.622411,0.006366,-0.006621
33.300000,13.931187,7.560250,1.634536,0.683956,0.000000,0.006631,25.262609,0.001669,0.095815,12.634513,12.628096,0.006360,-0.006627
33.333333,13.929732,7.583005,1.634753,0.684133,-0.000000,0.006339,25.264224,-0.000788,0.091621,12.630596,12.633628,0.006354,-0.006632
33.366667,13.928272,7.605765,1.634959,0.684304,-0.000000,0.006047,25.265547,-0.003242,0.087433,12.626539,12.639008,0.006349,-0.006638
33.400000,13.926807,7.628531,1.635156,0.684466,-0.000000,0.005757,25.266578,-0.005692,0.083254,12.622342,12.644236,0.006343,-0.006643
33.433333,13.925338,7.651302,1.635343,0.684620,0.000000,0.005467,25.267317,-0.008140,0.079081,12.618004,12.649313,0.006337,-0.006648
33.466667,13.923863,7.674077,1.635520,0.684767,0.000000,0.005178,25.267764,-0.010586,0.074915,12.613525,12.654239,0.006331,-0.006652
33.500000,13.922385,7.696857,1.635688,0.684906,-0.000000,0.004890,25.267919,-0.013029,0.070757,12.608904,12.659014,0.006325,-0.006657
33.533333,13.920903,7.719642,1.635846,0.685037,-0.000000,0.004602,25.267781,-0.015469,0.066605,12.604142,12.663639,0.006319,-0.006661
33.566667,13.919416,7.742430,1.635995,0.685160,0.000000,0.004315,25.267350,-0.017908,0.062460,12.599238,12.668113,0.006313,-0.006665
33.600000,13.917927,7.765222,1.636134,0.685276,-0.000000,0.004028,25.266628,-0.020344,0.058321,12.594191,12.672437,0.006307,-0.006669
33.633333,13.916434,7.788017,1.636263,0.685383,-0.000000,0.003742,25.265613,-0.022778,0.054189,12.589002,12.676611,0.006301,-0.006673
33.666667,13.914938,7.810816,1.636383,0.685483,-0.000000,0.003457,25.264306,-0.025211,0.050064,12.583670,12.680636,0.006294,-0.006676
33.700000,13.913439,7.833618,1.636494,0.685575,-0.000000,0.003172,25.262707,-0.027642,0.045945,12.578196,12.684511,0.006288,-0.006680
33.733333,13.911937,7.856423,1.636595,0.685659,-0.000000,0.002888,25.260815,-0.030072,0.041832,12.572578,12.688238,0.006281,-0.006683
33.766667,13.910433,7.879230,1.636686,0.685735,0.000000,0.002604,25.258632,-0.032500,0.037726,12.566816,12.691816,0.006275,-0.006686
33.800000,13.908927,7.902039,1.636768,0.685804,0.000000,0.002321,25.256156,-0.034927,0.033625,12.560911,12.695246,0.006268,-0.006688
33.833333,13.907419,7.924850,1.636841,0.685864,-0.000000,0.002038,25.253389,-0.037353,0.029530,12.554862,12.698527,0.006262,-0.006691
33.866667,13.905910,7.947663,1.636904,0.685917,-0.000000,0.001756,25.250330,-0.039778,0.025441,12.548669,12.701662,0.006255,-0.006693
33.900000,13.904399,7.970478,1.636958,0.685961,-0.000000,0.001474,25.246980,-0.042203,0.021358,12.542331,12.704649,0.006248,-0.006695
33.933333,13.902886,7.993294,1.637002,0.685998,-0.000000,0.001192,25.243337,-0.044626,0.017281,12.535849,12.707489,0.006241,-0.006697
33.966667,13.901373,8.016111,1.637038,0.686027,-0.000000,0.000911,25.239404,-0.047050,0.013209,12.529222,12.710182,0.006234,-0.006699
34.000000,13.899859,8.038929,1.637063,0.686048,0.000000,0.000631,25.235180,-0.049473,0.009142,12.522450,12.712730,0.006227,-0.006701
34.033333,13.898344,8.061747,1.637080,0.686061,0.000000,0.000351,25.230664,-0.051896,0.005081,12.515533,12.715131,0.006220,-0.006702
34.066667,13.896830,8.084566,1.637087,0.686067,0.000000,0.000071,25.225858,-0.054318,0.001025,12.508471,12.717387,0.006213,-0.006703
34.100000,13.895315,8.107384,1.637084,0.686064,0.000000,-0.000209,25.220762,-0.056741,-0.003025,12.501263,12.719498,0.006206,-0.006704
34.133333,13.893800,8.130203,1.637073,0.686054,-0.000000,-0.000488,25.215375,-0.059164,-0.007071,12.493910,12.721465,0.006199,-0.006705
34.166667,13.892286,8.153021,1.637052,0.686035,-0.000000,-0.000767,25.209698,-0.061588,-0.011112,12.486411,12.723287,0.006191,-0.006705
34.200000,13.890772,8.175838,1.637022,0.686009,-0.000000,-0.001045,25.203732,-0.064012,-0.015148,12.478766,12.724965,0.006184,-0.006706
34.233333,13.889259,8.198654,1.636982,0.685975,0.000000,-0.001323,25.197476,-0.066436,-0.019179,12.470976,12.726500,0.006176,-0.006706
34.266667,13.887748,8.221469,1.636933,0.685933,-0.000000,-0.001601,25.190931,-0.068862,-0.023206,12.463039,12.727892,0.006169,-0.006706
34.300000,13.886237,8.244283,1.636875,0.685883,0.000000,-0.001879,25.184097,-0.071288,-0.027228,12.454956,12.729141,0.006161,-0.006706
34.333333,13.884728,8.267095,1.636808,0.685825,0.000000,-0.002156,25.176974,-0.073716,-0.031246,12.446726,12.730248,0.006153,-0.006705
34.366667,13.883221,8.289905,1.636732,0.685759,0.000000,-0.002434,25.169564,-0.076144,-0.035260,12.438351,12.731213,0.006146,-0.006704
34.400000,13.881716,8.312713,1.636646,0.685686,-0.000000,-0.002711,25.161865,-0.078574,-0.039269,12.429828,12.732037,0.006138,-0.006704
34.433333,13.880213,8.335518,1.636551,0.685604,0.000000,-0.002987,25.153879,-0.081006,-0.043274,12.421160,12.732720,0.006130,-0.006703
34.466667,13.878713,8.358321,1.636447,0.685515,0.000000,-0.003264,25.145606,-0.083439,-0.047275,12.412344,12.733262,0.006122,-0.006701
34.500000,13.877215,8.381121,1.636333,0.685418,-0.000000,-0.003540,25.137047,-0.085874,-0.051272,12.403382,12.733665,0.006114,-0.006700
34.533333,13.875721,8.403917,1.636211,0.685312,-0.000000,-0.003817,25.128201,-0.088310,-0.055265,12.394273,12.733928,0.006106,-0.006698
34.566667,13.874229,8.426710,1.636079,0.685200,-0.000000,-0.004093,25.119069,-0.090749,-0.059255,12.385017,12.734052,0.006098,-0.006697
34.600000,13.872741,8.449500,1.635938,0.685079,0.000000,-0.004369,25.109652,-0.093190,-0.063241,12.375614,12.734038,0.006089,-0.006695
34.633333,13.871256,8.472285,1.635788,0.684950,-0.000000,-0.004645,25.099950,-0.095634,-0.067223,12.366064,12.733886,0.006081,-0.006692
34.666667,13.869775,8.495067,1.635628,0.684814,-0.000000,-0.004921,25.089963,-0.098079,-0.071202,12.356367,12.733596,0.006073,-0.006690
34.700000,13.868298,8.517844,1.635460,0.684669,-0.000000,-0.005197,25.079692,-0.100528,-0.075177,12.346523,12.733169,0.006064,-0.006687
34.733333,13.866826,8.540616,1.635282,0.684517,0.000000,-0.005473,25.069138,-0.102979,-0.079150,12.336532,12.732606,0.006056,-0.006685
34.766667,13.865358,8.563383,1.635095,0.684357,0.000000,-0.005748,25.058301,-0.105433,-0.083119,12.326395,12.731906,0.006047,-0.006682
34.800000,13.863894,8.586145,1.634898,0.684190,-0.000000,-0.006024,25.047181,-0.107890,-0.087085,12.316110,12.731071,0.006039,-0.006678
34.833333,13.862436,8.608902,1.634693,0.684014,0.000000,-0.006300,25.035779,-0.110350,-0.091048,12.305678,12.730102,0.006030,-0.006675
34.866667,13.860983,8.631653,1.634478,0.683831,-0.000000,-0.006576,25.024096,-0.112814,-0.095008,12.295099,12.728997,0.006021,-0.006671
34.900000,13.859535,8.654398,1.634255,0.683639,0.000000,-0.006852,25.012132,-0.115281,-0.098966,12.284373,12.727759,0.006012,-0.006668
34.933333,13.858092,8.677137,1.634022,0.683440,-0.000000,-0.007128,24.999888,-0.117751,-0.102921,12.273500,12.726388,0.006003,-0.006664
34.966667,13.856656,8.699870,1.633780,0.683234,-0.000000,-0.007403,24.987364,-0.120225,-0.106873,12.262480,12.724884,0.005994,-0.006659
35.000000,13.855226,8.722596,1.633528,0.683019,0.000000,-0.007680,24.974561,-0.122703,-0.110822,12.251313,12.723248,0.005985,-0.006655
35.033333,13.853802,8.745315,1.633268,0.682797,0.000000,-0.007956,24.961480,-0.125185,-0.114770,12.239999,12.721480,0.005976,-0.006650
35.066667,13.852384,8.768027,1.632998,0.682567,0.000000,-0.008232,24.948120,-0.127671,-0.118715,12.228539,12.719582,0.005967,-0.006646
35.100000,13.850973,8.790731,1.632719,0.682329,0.000000,-0.008508,24.934484,-0.130162,-0.122658,12.216931,12.717552,0.005958,-0.006641
35.133333,13.849569,8.813428,1.632431,0.682084,0.000000,-0.008785,24.920571,-0.132656,-0.126598,12.205177,12.715394,0.005948,-0.006636
35.166667,13.848172,8.836117,1.632133,0.681831,0.000000,-0.009061,24.906382,-0.135155,-0.130537,12.193277,12.713105,0.005939,-0.006630
35.200000,13.846783,8.858798,1.631826,0.681570,0.000000,-0.009338,24.891918,-0.137659,-0.134473,12.181230,12.710689,0.005929,-0.006625
35.233333,13.845401,8.881470,1.631511,0.681301,0.000000,-0.009615,24.877180,-0.140168,-0.138408,12.169036,12.708144,0.005920,-0.006619
35.266667,13.844027,8.904134,1.631185,0.681025,0.000000,-0.009893,24.862168,-0.142682,-0.142341,12.156696,12.705472,0.005910,-0.006613
35.300000,13.842661,8.926789,1.630851,0.680741,-0.000000,-0.010170,24.846883,-0.145200,-0.146273,12.144210,12.702673,0.005900,-0.006607
35.333333,13.841303,8.949435,1.630507,0.680450,0.000000,-0.010448,24.831326,-0.147724,-0.150202,12.131578,12.699748,0.005891,-0.006601
35.366667,13.839954,8.972072,1.630155,0.680151,-0.000000,-0.010726,24.815497,-0.150254,-0.154131,12.118799,12.696698,0.005881,-0.006594
35.400000,13.838613,8.994699,1.629792,0.679844,-0.000000,-0.011004,24.799398,-0.152788,-0.158058,12.105875,12.693523,0.005871,-0.006587
35.433333,13.837282,9.017316,1.629421,0.679530,0.000000,-0.011282,24.783029,-0.155329,-0.161983,12.092805,12.690224,0.005861,-0.006580
35.466667,13.835959,9.039923,1.629040,0.679208,0.000000,-0.011561,24.766390,-0.157875,-0.165908,12.079589,12.686801,0.005851,-0.006573
35.500000,13.834646,9.062519,1.628650,0.678878,0.000000,-0.011840,24.749484,-0.160427,-0.169831,12.066228,12.683256,0.005841,-0.006566
35.533333,13.833342,9.085105,1.628251,0.678541,-0.000000,-0.012120,24.732310,-0.162985,-0.173753,12.052722,12.679588,0.005831,-0.006558
35.566667,13.832048,9.107681,1.627842,0.678197,0.000000,-0.012400,24.714869,-0.165549,-0.177674,12.039070,12.675799,0.005821,-0.006551
35.600000,13.830764,9.130245,1.627424,0.677845,-0.000000,-0.012680,24.697163,-0.168120,-0.181595,12.025274,12.671889,0.005810,-0.006543
35.633333,13.829491,9.152798,1.626997,0.677485,-0.000000,-0.012960,24.679192,-0.170697,-0.185514,12.011333,12.667860,0.005800,-0.006535
35.666667,13.828228,9.175339,1.626560,0.677118,0.000000,-0.013241,24.660957,-0.173281,-0.189433,11.997247,12.663711,0.005789,-0.006526
35.700000,13.826975,9.197869,1.626114,0.676743,0.000000,-0.013523,24.642459,-0.175871,-0.193351,11.983016,12.659443,0.005779,-0.006518
35.733333,13.825733,9.220386,1.625659,0.676361,-0.000000,-0.013804,24.623699,-0.178468,-0.197269,11.968642,12.655058,0.005768,-0.006509
35.766667,13.824502,9.242892,1.625194,0.675972,0.000000,-0.014087,24.604678,-0.181072,-0.201186,11.954123,12.650555,0.005758,-0.006500
35.800000,13.823283,9.265384,1.624720,0.675575,-0.000000,-0.014369,24.585397,-0.183684,-0.205103,11.939460,12.645936,0.005747,-0.006491
35.833333,13.822075,9.287864,1.624236,0.675171,0.000000,-0.014653,24.565856,-0.186302,-0.209020,11.924654,12.641202,0.005736,-0.006482
35.866667,13.820879,9.310331,1.623743,0.674759,-0.000000,-0.014936,24.546057,-0.188928,-0.212936,11.909705,12.636352,0.005725,-0.006472
35.900000,13.819695,9.332785,1.623240,0.674340,-0.000000,-0.015220,24.526001,-0.191562,-0.216853,11.894612,12.631389,0.005714,-0.006463
35.933333,13.818522,9.355226,1.622728,0.673914,0.000000,-0.015505,24.505688,-0.194203,-0.220769,11.879377,12.626312,0.005703,-0.006453
35.966667,13.817362,9.377652,1.622206,0.673481,0.000000,-0.015790,24.485121,-0.196852,-0.224685,11.863999,12.621122,0.005692,-0.006443
36.000000,13.816215,9.400065,1.621675,0.673040,-0.000000,-0.016076,24.464299,-0.199509,-0.228602,11.848478,12.615821,0.005681,-0.006432
36.033333,13.815081,9.422463,1.621135,0.672592,-0.000000,-0.016362,24.443224,-0.202174,-0.232519,11.832815,12.610409,0.005670,-0.006422
36.066667,13.813959,9.444847,1.620585,0.672136,0.000000,-0.016649,24.421897,-0.204848,-0.236435,11.817011,12.604886,0.005659,-0.006411
36.100000,13.812851,9.467217,1.620025,0.671674,0.000000,-0.016937,24.400319,-0.207529,-0.240353,11.801065,12.599254,0.005647,-0.006400
36.133333,13.811756,9.489571,1.619455,0.671204,-0.000000,-0.017225,24.378491,-0.210219,-0.244271,11.784977,12.593514,0.005636,-0.006389
36.166667,13.810674,9.511911,1.618876,0.670727,-0.000000,-0.017514,24.356414,-0.212918,-0.248189,11.768749,12.587665,0.005625,-0.006378
36.200000,13.809607,9.534235,1.618288,0.670243,0.000000,-0.017803,24.334090,-0.215626,-0.252108,11.752380,12.581710,0.005613,-0.006366
36.233333,13.808553,9.556543,1.617690,0.669751,-0.000000,-0.018093,24.311519,-0.218342,-0.256027,11.735870,12.575649,0.005601,-0.006355
36.266667,13.807514,9.578836,1.617082,0.669253,0.000000,-0.018384,24.288703,-0.221068,-0.259948,11.719221,12.569482,0.005590,-0.006343
36.300000,13.806489,9.601112,1.616464,0.668748,-0.000000,-0.018675,24.265642,-0.223803,-0.263869,11.702431,12.563211,0.005578,-0.006331
36.333333,13.805478,9.623372,1.615837,0.668235,0.000000,-0.018967,24.242339,-0.226547,-0.267791,11.685502,12.556836,0.005566,-0.006319
36.366667,13.804483,9.645616,1.615199,0.667716,0.000000,-0.019260,24.218794,-0.229300,-0.271714,11.668435,12.550359,0.005554,-0.006306
36.400000,13.803503,9.667843,1.614553,0.667189,0.000000,-0.019554,24.195008,-0.232063,-0.275638,11.651228,12.543780,0.005542,-0.006294
36.433333,13.802537,9.690053,1.613896,0.666656,-0.000000,-0.019848,24.170983,-0.234836,-0.279564,11.633883,12.537100,0.005530,-0.006281
36.466667,13.801588,9.712245,1.613229,0.666115,0.000000,-0.020143,24.146720,-0.237619,-0.283490,11.616400,12.530319,0.005518,-0.006268
36.500000,13.800654,9.734420,1.612553,0.665568,0.000000,-0.020439,24.122220,-0.240412,-0.287418,11.598780,12.523440,0.005506,-0.006254
36.533333,13.799736,9.756578,1.611867,0.665014,-0.000000,-0.020736,24.097484,-0.243215,-0.291347,11.581022,12.516462,0.005494,-0.006241
36.566667,13.798833,9.778717,1.611171,0.664453,-0.000000,-0.021033,24.072514,-0.246028,-0.295278,11.563127,12.509387,0.005482,-0.006227
36.600000,13.797948,9.800838,1.610465,0.663885,-0.000000,-0.021332,24.047311,-0.248851,-0.299210,11.545096,12.502216,0.005469,-0.006214
36.633333,13.797078,9.822941,1.609749,0.663310,-0.000000,-0.021631,24.021877,-0.251685,-0.303143,11.526929,12.494948,0.005457,-0.006200
36.666667,13.796226,9.845025,1.609022,0.662729,-0.000000,-0.021931,23.996212,-0.254530,-0.307078,11.508626,12.487587,0.005444,-0.006185
36.700000,13.795390,9.867091,1.608286,0.662140,-0.000000,-0.022232,23.970319,-0.257385,-0.311015,11.490188,12.480131,0.005432,-0.006171
36.733333,13.794571,9.889137,1.607540,0.661545,-0.000000,-0.022533,23.944198,-0.260252,-0.314954,11.471615,12.472583,0.005419,-0.006156
36.766667,13.793770,9.911164,1.606784,0.660944,0.000000,-0.022836,23.917850,-0.263129,-0.318894,11.452907,12.464943,0.005406,-0.006141
36.800000,13.792986,9.933171,1.606018,0.660335,0.000000,-0.023140,23.891278,-0.266018,-0.322837,11.434066,12.457212,0.005394,-0.006126
36.833333,13.792220,9.955159,1.605242,0.659721,-0.000000,-0.023444,23.864483,-0.268918,-0.326781,11.415091,12.449391,0.005381,-0.006111
36.866667,13.791471,9.977126,1.604455,0.659099,0.000000,-0.023750,23.837465,-0.271830,-0.330727,11.395983,12.441482,0.005368,-0.006096
36.900000,13.790741,9.999074,1.603658,0.658471,0.000000,-0.024056,23.810227,-0.274753,-0.334676,11.376743,12.433484,0.005355,-0.006080
36.933333,13.790029,10.021001,1.602851,0.657836,0.000000,-0.024364,23.782770,-0.277688,-0.338626,11.357371,12.425400,0.005342,-0.006064
36.966667,13.789336,10.042907,1.602034,0.657195,-0.000000,-0.024672,23.755096,-0.280634,-0.342579,11.337867,12.417229,0.005329,-0.006048
37.000000,13.788661,10.064792,1.601206,0.656548,0.000000,-0.024982,23.727205,-0.283593,-0.346534,11.318232,12.408974,0.005316,-0.006032
37.033333,13.788005,10.086656,1.600369,0.655894,0.000000,-0.025292,23.699100,-0.286564,-0.350492,11.298466,12.400634,0.005302,-0.006016
37.066667,13.787368,10.108499,1.599520,0.655234,-0.000000,-0.025604,23.670782,-0.289547,-0.354451,11.278570,12.392212,0.005289,-0.005999
37.100000,13.786750,10.130321,1.598662,0.654567,0.000000,-0.025916,23.642252,-0.292542,-0.358414,11.258545,12.383708,0.005276,-0.005983
37.133333,13.786152,10.152120,1.597793,0.653894,-0.000000,-0.026230,23.613513,-0.295550,-0.362378,11.238391,12.375122,0.005262,-0.005966
37.166667,13.785574,10.173898,1.596913,0.653214,0.000000,-0.026545,23.584565,-0.298571,-0.366346,11.218108,12.366457,0.005249,-0.005948
37.200000,13.785015,10.195653,1.596023,0.652529,0.000000,-0.026860,23.555410,-0.301604,-0.370315,11.197697,12.357713,0.005235,-0.005931
37.233333,13.784476,10.217386,1.595122,0.651837,0.000000,-0.027177,23.526050,-0.304650,-0.374288,11.177159,12.348892,0.005221,-0.005913
37.266667,13.783958,10.239096,1.594211,0.651139,-0.000000,-0.027495,23.496487,-0.307710,-0.378263,11.156494,12.339993,0.005208,-0.005896
37.300000,13.783460,10.260783,1.593289,0.650435,-0.000000,-0.027815,23.466722,-0.310782,-0.382241,11.135703,12.331019,0.005194,-0.005878
37.333333,13.782983,10.282447,1.592357,0.649725,-0.000000,-0.028135,23.436756,-0.313868,-0.386222,11.114786,12.321970,0.005180,-0.005860
37.366667,13.782526,10.304088,1.591414,0.649009,-0.000000,-0.028457,23.406592,-0.316967,-0.390206,11.093744,12.312848,0.005166,-0.005841
37.400000,13.782091,10.325705,1.590460,0.648287,0.000000,-0.028779,23.376231,-0.320079,-0.394193,11.072578,12.303653,0.005152,-0.005823
37.433333,13.781677,10.347298,1.589495,0.647558,0.000000,-0.029103,23.345674,-0.323206,-0.398182,11.051288,12.294387,0.005138,-0.005804
37.466667,13.781284,10.368868,1.588519,0.646824,0.000000,-0.029429,23.314924,-0.326346,-0.402175,11.029874,12.285050,0.005124,-0.005785
37.500000,13.780913,10.390413,1.587533,0.646084,-0.000000,-0.029755,23.283983,-0.329500,-0.406171,11.008338,12.275644,0.005110,-0.005766
37.533333,13.780563,10.411934,1.586536,0.645338,0.000000,-0.030083,23.252851,-0.332667,-0.410169,10.986681,12.266171,0.005095,-0.005746
37.566667,13.780235,10.433430,1.585528,0.644586,0.000000,-0.030412,23.221531,-0.335849,-0.414171,10.964901,12.256630,0.005081,-0.005727
37.600000,13.779930,10.454902,1.584508,0.643829,-0.000000,-0.030742,23.190025,-0.339046,-0.418176,10.943002,12.247023,0.005067,-0.005707
37.633333,13.779647,10.476348,1.583478,0.643065,0.000000,-0.031073,23.158334,-0.342256,-0.422185,10.920982,12.237352,0.005052,-0.005687
37.666667,13.779386,10.497769,1.582437,0.642296,0.000000,-0.031406,23.126460,-0.345481,-0.426196,10.898843,12.227617,0.005038,-0.005667
37.700000,13.779149,10.519165,1.581384,0.641522,-0.000000,-0.031740,23.094405,-0.348721,-0.430211,10.876586,12.217819,0.005023,-0.005647
37.733333,13.778934,10.540535,1.580321,0.640741,0.000000,-0.032076,23.062171,-0.351975,-0.434230,10.854210,12.207960,0.005008,-0.005626
37.766667,13.778742,10.561879,1.579246,0.639956,0.000000,-0.032413,23.029759,-0.355244,-0.438251,10.831718,12.198041,0.004993,-0.005606
37.800000,13.778573,10.583197,1.578160,0.639164,0.000000,-0.032751,22.997172,-0.358528,-0.442276,10.809109,12.188063,0.004979,-0.005585
37.833333,13.778428,10.604489,1.577063,0.638367,-0.000000,-0.033090,22.964411,-0.361827,-0.446305,10.786384,12.178027,0.004964,-0.005563
37.866667,13.778307,10.625754,1.575954,0.637565,0.000000,-0.033431,22.931479,-0.365141,-0.450337,10.763545,12.167934,0.004949,-0.005542
37.900000,13.778209,10.646992,1.574834,0.636757,-0.000000,-0.033774,22.898377,-0.368471,-0.454372,10.740591,12.157786,0.004934,-0.005521
37.933333,13.778135,10.668204,1.573702,0.635944,-0.000000,-0.034117,22.865108,-0.371815,-0.458411,10.717524,12.147584,0.004919,-0.005499
37.966667,13.778086,10.689388,1.572559,0.635126,-0.000000,-0.034463,22.831672,-0.375176,-0.462454,10.694344,12.137328,0.004903,-0.005477
38.000000,13.778061,10.710546,1.571405,0.634302,0.000000,-0.034809,22.798073,-0.378551,-0.466500,10.671053,12.127020,0.004888,-0.005455
38.033333,13.778060,10.731675,1.570239,0.633474,-0.000000,-0.035157,22.764311,-0.381943,-0.470550,10.647650,12.116661,0.004873,-0.005433
38.066667,13.778084,10.752777,1.569061,0.632640,0.000000,-0.035507,22.730390,-0.385350,-0.474603,10.624138,12.106253,0.004858,-0.005410
38.100000,13.778133,10.773851,1.567872,0.631800,-0.000000,-0.035858,22.696312,-0.388773,-0.478660,10.600516,12.095796,0.004842,-0.005387
38.133333,13.778208,10.794897,1.566670,0.630956,0.000000,-0.036211,22.662077,-0.392212,-0.482721,10.576785,12.085292,0.004827,-0.005365
38.166667,13.778307,10.815914,1.565458,0.630107,0.000000,-0.036565,22.627689,-0.395667,-0.486785,10.552947,12.074742,0.004811,-0.005341
38.200000,13.778432,10.836903,1.564233,0.629253,0.000000,-0.036920,22.593149,-0.399138,-0.490854,10.529002,12.064147,0.004795,-0.005318
38.233333,13.778582,10.857864,1.562996,0.628394,0.000000,-0.037278,22.558459,-0.402625,-0.494925,10.504951,12.053509,0.004780,-0.005295
38.266667,13.778759,10.878795,1.561748,0.627530,-0.000000,-0.037636,22.523623,-0.406129,-0.499001,10.480795,12.042828,0.004764,-0.005271
38.300000,13.778961,10.899697,1.560487,0.626661,0.000000,-0.037997,22.488641,-0.409649,-0.503080,10.456535,12.032106,0.004748,-0.005247
38.333333,13.779189,10.920570,1.559214,0.625788,-0.000000,-0.038358,22.453515,-0.413185,-0.507163,10.432171,12.021344,0.004732,-0.005223
38.366667,13.779444,10.941413,1.557930,0.624909,0.000000,-0.038722,22.418249,-0.416738,-0.511250,10.407706,12.010544,0.004716,-0.005199
38.400000,13.779726,10.962227,1.556633,0.624026,-0.000000,-0.039087,22.382844,-0.420307,-0.515341,10.383139,11.999706,0.004700,-0.005174
38.433333,13.780034,10.983011,1.555324,0.623139,0.000000,-0.039454,22.347303,-0.423894,-0.519435,10.358471,11.988832,0.004684,-0.005150
38.466667,13.780368,11.003765,1.554003,0.622247,0.000000,-0.039822,22.311627,-0.427497,-0.523533,10.333704,11.977923,0.004668,-0.005125
38.500000,13.780730,11.024488,1.552669,0.621350,-0.000000,-0.040192,22.275819,-0.431117,-0.527635,10.308839,11.966980,0.004651,-0.005100
38.533333,13.781119,11.045181,1.551323,0.620449,0.000000,-0.040563,22.239881,-0.434753,-0.531740,10.283877,11.956005,0.004635,-0.005075
38.566667,13.781536,11.065844,1.549965,0.619544,0.000000,-0.040937,22.203816,-0.438407,-0.535850,10.258817,11.944999,0.004619,-0.005049
38.600000,13.781980,11.086475,1.548594,0.618634,-0.000000,-0.041311,22.167625,-0.442078,-0.539963,10.233663,11.933962,0.004602,-0.005023
38.633333,13.782451,11.107076,1.547211,0.617720,0.000000,-0.041688,22.131312,-0.445766,-0.544080,10.208414,11.922897,0.004586,-0.004998
38.666667,13.782951,11.127645,1.545815,0.616801,-0.000000,-0.042066,22.094877,-0.449471,-0.548200,10.183072,11.911805,0.004569,-0.004972
38.700000,13.783479,11.148183,1.544406,0.615879,-0.000000,-0.042446,22.058325,-0.453193,-0.552324,10.157638,11.900687,0.004552,-0.004945
38.733333,13.784034,11.168689,1.542985,0.614952,0.000000,-0.042828,22.021656,-0.456932,-0.556452,10.132112,11.889544,0.004536,-0.004919
38.766667,13.784619,11.189164,1.541551,0.614022,0.000000,-0.043211,21.984874,-0.460689,-0.560584,10.106497,11.878377,0.004519,-0.004892
38.800000,13.785231,11.209606,1.540105,0.613087,0.000000,-0.043596,21.947980,-0.464463,-0.564719,10.080792,11.867188,0.004502,-0.004865
38.833333,13.785873,11.230017,1.538645,0.612148,0.000000,-0.043983,21.910978,-0.468254,-0.568858,10.055000,11.855978,0.004485,-0.004838
38.866667,13.786543,11.250395,1.537172,0.611205,0.000000,-0.044372,21.873869,-0.472063,-0.573000,10.029121,11.844748,0.004468,-0.004811
38.900000,13.787243,11.270741,1.535687,0.610259,-0.000000,-0.044762,21.836657,-0.475889,-0.577146,10.003157,11.833500,0.004451,-0.004784
38.933333,13.787971,11.291054,1.534188,0.609309,0.000000,-0.045154,21.799343,-0.479733,-0.581296,9.977108,11.822235,0.004434,-0.004756
38.966667,13.788730,11.311334,1.532676,0.608355,0.000000,-0.045548,21.761930,-0.483594,-0.585449,9.950976,11.810953,0.004416,-0.004728
39.000000,13.789517,11.331581,1.531152,0.607397,0.000000,-0.045944,21.724420,-0.487473,-0.589605,9.924762,11.799658,0.004399,-0.004700
39.033333,13.790335,11.351795,1.529614,0.606436,-0.000000,-0.046342,21.686817,-0.491369,-0.593765,9.898468,11.788348,0.004382,-0.004672
39.066667,13.791182,11.371976,1.528062,0.605471,-0.000000,-0.046741,21.649122,-0.495283,-0.597929,9.872094,11.777027,0.004364,-0.004644
39.100000,13.792059,11.392123,1.526497,0.604503,0.000000,-0.047142,21.611338,-0.499214,-0.602095,9.845642,11.765695,0.004347,-0.004615
39.133333,13.792966,11.412237,1.524919,0.603532,-0.000000,-0.047545,21.573468,-0.503162,-0.606265,9.819114,11.754354,0.004329,-0.004586
39.166667,13.793904,11.432316,1.523328,0.602557,0.000000,-0.047950,21.535514,-0.507129,-0.610439,9.792509,11.743004,0.004312,-0.004557
39.200000,13.794873,11.452362,1.521723,0.601578,-0.000000,-0.048356,21.497479,-0.511112,-0.614615,9.765831,11.731648,0.004294,-0.004528
39.233333,13.795872,11.472373,1.520104,0.600597,0.000000,-0.048765,21.459365,-0.515114,-0.618795,9.739079,11.720286,0.004276,-0.004499
39.266667,13.796902,11.492350,1.518472,0.599612,-0.000000,-0.049175,21.421176,-0.519132,-0.622977,9.712256,11.708920,0.004258,-0.004469
39.300000,13.797962,11.512293,1.516826,0.598624,-0.000000,-0.049587,21.382914,-0.523169,-0.627163,9.685363,11.697550,0.004240,-0.004439
39.333333,13.799054,11.532200,1.515166,0.597634,0.000000,-0.050001,21.344581,-0.527222,-0.631352,9.658401,11.686179,0.004222,-0.004409
39.366667,13.800178,11.552073,1.513492,0.596640,-0.000000,-0.050417,21.306180,-0.531293,-0.635543,9.631372,11.674808,0.004204,-0.004379
39.400000,13.801333,11.571911,1.511805,0.595643,-0.000000,-0.050834,21.267714,-0.535382,-0.639737,9.604277,11.663437,0.004186,-0.004349
39.433333,13.802519,11.591714,1.510103,0.594644,0.000000,-0.051254,21.229185,-0.539487,-0.643934,9.577117,11.652068,0.004168,-0.004318
39.466667,13.803737,11.611481,1.508388,0.593641,0.000000,-0.051675,21.190597,-0.543610,-0.648134,9.549894,11.640703,0.004150,-0.004288
39.500000,13.804987,11.631212,1.506658,0.592636,0.000000,-0.052098,21.151952,-0.547750,-0.652336,9.522610,11.629342,0.004131,-0.004257
39.533333,13.806269,11.650909,1.504915,0.591629,0.000000,-0.052523,21.113253,-0.551908,-0.656541,9.495266,11.617987,0.004113,-0.004225
39.566667,13.807584,11.670569,1.503157,0.590618,-0.000000,-0.052950,21.074503,-0.556082,-0.660748,9.467863,11.606639,0.004095,-0.004194
39.600000,13.808931,11.690193,1.501385,0.589606,-0.000000,-0.053379,21.035704,-0.560273,-0.664957,9.440404,11.595300,0.004076,-0.004162
39.633333,13.810310,11.709781,1.499598,0.588591,-0.000000,-0.053810,20.996860,-0.564481,-0.669169,9.412889,11.583971,0.004057,-0.004131
39.666667,13.811722,11.729333,1.497797,0.587573,0.000000,-0.054243,20.957972,-0.568706,-0.673383,9.385321,11.572652,0.004039,-0.004099
39.700000,13.813167,11.748848,1.495982,0.586553,0.000000,-0.054677,20.919045,-0.572948,-0.677599,9.357700,11.561345,0.004020,-0.004067
39.733333,13.814645,11.768327,1.494152,0.585531,0.000000,-0.055113,20.880081,-0.577206,-0.681816,9.330029,11.550052,0.004001,-0.004034
39.766667,13.816156,11.787769,1.492308,0.584507,-0.000000,-0.055552,20.841083,-0.581481,-0.686036,9.302309,11.538773,0.003982,-0.004002
39.800000,13.817700,11.807174,1.490449,0.583481,0.000000,-0.055992,20.802053,-0.585772,-0.690257,9.274542,11.527511,0.003963,-0.003969
39.833333,13.819278,11.826542,1.488575,0.582453,-0.000000,-0.056434,20.762995,-0.590079,-0.694479,9.246730,11.516265,0.003944,-0.003936
39.866667,13.820890,11.845873,1.486687,0.581422,-0.000000,-0.056878,20.723912,-0.594402,-0.698704,9.218874,11.505038,0.003925,-0.003903
39.900000,13.822535,11.865167,1.484783,0.580390,0.000000,-0.057323,20.684806,-0.598742,-0.702929,9.190977,11.493830,0.003906,-0.003870
39.933333,13.824214,11.884423,1.482865,0.579356,0.000000,-0.057771,20.645681,-0.603097,-0.707156,9.163039,11.482643,0.003887,-0.003836
39.966667,13.825927,11.903641,1.480932,0.578321,0.000000,-0.058220,20.606540,-0.607468,-0.711383,9.135063,11.471477,0.003868,-0.003802
40.000000,13.827674,11.922822,1.478984,0.577284,-0.000000,-0.058672,20.567386,-0.611854,-0.715612,9.107050,11.460335,0.003848,-0.003768
40.033333,13.829455,11.941965,1.477020,0.576245,-0.000000,-0.059125,20.528221,-0.616256,-0.719841,9.079003,11.449217,0.003829,-0.003734
40.066667,13.831271,11.961069,1.475042,0.575205,-0.000000,-0.059580,20.489049,-0.620672,-0.724071,9.050924,11.438125,0.003809,-0.003700
40.100000,13.833121,11.980136,1.473048,0.574163,0.000000,-0.060037,20.449872,-0.625104,-0.728301,9.022813,11.427059,0.003790,-0.003666
40.133333,13.835007,11.999164,1.471040,0.573120,-0.000000,-0.060495,20.410695,-0.629550,-0.732532,8.994674,11.416021,0.003770,-0.003631
40.166667,13.836927,12.018154,1.469015,0.572076,-0.000000,-0.060956,20.371520,-0.634011,-0.736762,8.966508,11.405011,0.003750,-0.003596
40.200000,13.838882,12.037105,1.466976,0.571030,-0.000000,-0.061418,20.332350,-0.638486,-0.740993,8.938317,11.394032,0.003731,-0.003561
40.233333,13.840872,12.056018,1.464921,0.569983,-0.000000,-0.061882,20.293188,-0.642975,-0.745223,8.910104,11.383084,0.003711,-0.003526
40.266667,13.842897,12.074891,1.462850,0.568936,-0.000000,-0.062348,20.254037,-0.647478,-0.749453,8.881869,11.372168,0.003691,-0.003490
40.300000,13.844958,12.093726,1.460764,0.567887,-0.000000,-0.062815,20.214902,-0.651994,-0.753683,8.853616,11.361286,0.003671,-0.003454
40.333333,13.847055,12.112521,1.458663,0.566838,0.000000,-0.063285,20.175784,-0.656524,-0.757912,8.825346,11.350437,0.003651,-0.003418
40.366667,13.849187,12.131278,1.456545,0.565787,0.000000,-0.063756,20.136687,-0.661066,-0.762139,8.797062,11.339625,0.003631,-0.003382
40.400000,13.851355,12.149994,1.454412,0.564736,0.000000,-0.064229,20.097614,-0.665622,-0.766366,8.768765,11.328849,0.003611,-0.003346
40.433333,13.853559,12.168672,1.452263,0.563685,-0.000000,-0.064703,20.058569,-0.670189,-0.770591,8.740459,11.318110,0.003590,-0.003310
40.466667,13.855799,12.187310,1.450099,0.562633,0.000000,-0.065180,20.019554,-0.674769,-0.774815,8.712144,11.307410,0.003570,-0.003273
40.500000,13.858075,12.205908,1.447918,0.561580,-0.000000,-0.065658,19.980574,-0.679361,-0.779037,8.683824,11.296750,0.003550,-0.003236
40.533333,13.860388,12.224466,1.445722,0.560527,0.000000,-0.066137,19.941631,-0.683964,-0.783257,8.655500,11.286130,0.003529,-0.003199
40.566667,13.862737,12.242984,1.443509,0.559473,0.000000,-0.066619,19.902728,-0.688578,-0.787475,8.627176,11.275552,0.003509,-0.003162
40.600000,13.865123,12.261463,1.441280,0.558420,-0.000000,-0.067102,19.863869,-0.693203,-0.791690,8.598852,11.265017,0.003488,-0.003124
40.633333,13.867545,12.279900,1.439035,0.557366,-0.000000,-0.067586,19.825057,-0.697838,-0.795903,8.570533,11.254525,0.003467,-0.003087
40.666667,13.870004,12.298298,1.436775,0.556312,0.000000,-0.068073,19.786296,-0.702483,-0.800113,8.542219,11.244077,0.003447,-0.003049
40.700000,13.872501,12.316655,1.434497,0.555258,-0.000000,-0.068560,19.747589,-0.707138,-0.804319,8.513914,11.233675,0.003426,-0.003011
40.733333,13.875034,12.334972,1.432204,0.554205,0.000000,-0.069050,19.708939,-0.711802,-0.808523,8.485619,11.223320,0.003405,-0.002972
40.766667,13.877605,12.353248,1.429894,0.553151,-0.000000,-0.069540,19.670350,-0.716475,-0.812722,8.457339,11.213011,0.003384,-0.002934
40.800000,13.880213,12.371483,1.427568,0.552098,0.000000,-0.070033,19.631825,-0.721156,-0.816918,8.429074,11.202751,0.003363,-0.002895
40.833333,13.882859,12.389678,1.425225,0.551045,-0.000000,-0.070527,19.593367,-0.725845,-0.821109,8.400827,11.192540,0.003342,-0.002856
40.866667,13.885542,12.407831,1.422866,0.549993,-0.000000,-0.071022,19.554980,-0.730542,-0.825296,8.372602,11.182378,0.003321,-0.002817
40.900000,13.888263,12.425943,1.420490,0.548941,-0.000000,-0.071519,19.516667,-0.735245,-0.829478,8.344400,11.172267,0.003300,-0.002778
40.933333,13.891022,12.444014,1.418098,0.547890,0.000000,-0.072017,19.478432,-0.739955,-0.833655,8.316225,11.162207,0.003278,-0.002739
40.966667,13.893819,12.462044,1.415689,0.546839,0.000000,-0.072516,19.440278,-0.744671,-0.837827,8.288079,11.152199,0.003257,-0.002699
41.000000,13.896654,12.480033,1.413264,0.545789,0.000000,-0.073017,19.402209,-0.749393,-0.841993,8.259964,11.142244,0.003236,-0.002659
41.033333,13.899527,12.497980,1.410821,0.544740,-0.000000,-0.073519,19.364228,-0.754119,-0.846154,8.231884,11.132343,0.003214,-0.002619
41.066667,13.902439,12.515885,1.408362,0.543692,-0.000000,-0.074022,19.326338,-0.758850,-0.850308,8.203842,11.122496,0.003193,-0.002579
41.100000,13.905389,12.533749,1.405887,0.542645,0.000000,-0.074527,19.288544,-0.763585,-0.854455,8.175839,11.112704,0.003171,-0.002539
41.133333,13.908378,12.551570,1.403394,0.541600,-0.000000,-0.075032,19.250848,-0.768323,-0.858596,8.147880,11.102968,0.003149,-0.002498
41.166667,13.911405,12.569350,1.400885,0.540555,-0.000000,-0.075539,19.213254,-0.773064,-0.862729,8.119966,11.093288,0.003128,-0.002457
41.200000,13.914472,12.587089,1.398358,0.539512,0.000000,-0.076047,19.175766,-0.777807,-0.866855,8.092101,11.083665,0.003106,-0.002416
41.233333,13.917577,12.604784,1.395815,0.538470,-0.000000,-0.076556,19.138388,-0.782551,-0.870972,8.064288,11.074099,0.003084,-0.002375
41.266667,13.920721,12.622438,1.393254,0.537430,-0.000000,-0.077066,19.101122,-0.787296,-0.875082,8.036530,11.064592,0.003062,-0.002334
41.300000,13.923905,12.640050,1.390677,0.536391,0.000000,-0.077578,19.063972,-0.792041,-0.879183,8.008829,11.055143,0.003040,-0.002292
41.333333,13.927127,12.657619,1.388082,0.535354,0.000000,-0.078090,19.026942,-0.796786,-0.883275,7.981190,11.045753,0.003018,-0.002250
41.366667,13.930389,12.675146,1.385471,0.534319,-0.000000,-0.078603,18.990036,-0.801530,-0.887358,7.953614,11.036422,0.002996,-0.002208
41.400000,13.933691,12.692630,1.382842,0.533286,0.000000,-0.079116,18.953257,-0.806272,-0.891431,7.926105,11.027152,0.002973,-0.002166
41.433333,13.937032,12.710072,1.380197,0.532254,0.000000,-0.079631,18.916608,-0.811012,-0.895493,7.898666,11.017942,0.002951,-0.002124
41.466667,13.940413,12.727471,1.377534,0.531225,0.000000,-0.080146,18.880094,-0.815748,-0.899546,7.871301,11.008793,0.002929,-0.002081
41.500000,13.943834,12.744828,1.374853,0.530198,-0.000000,-0.080662,18.843718,-0.820480,-0.903587,7.844013,10.999705,0.002906,-0.002038
41.533333,13.947295,12.762142,1.372156,0.529173,-0.000000,-0.081179,18.807483,-0.825207,-0.907617,7.816804,10.990679,0.002884,-0.001995
41.566667,13.950796,12.779412,1.369442,0.528150,-0.000000,-0.081696,18.771393,-0.829929,-0.911635,7.789678,10.981714,0.002861,-0.001952
41.600000,13.954337,12.796640,1.366710,0.527130,0.000000,-0.082214,18.735451,-0.834645,-0.915641,7.762639,10.972812,0.002838,-0.001909
41.633333,13.957918,12.813825,1.363961,0.526112,-0.000000,-0.082732,18.699663,-0.839353,-0.919635,7.735690,10.963972,0.002816,-0.001865
41.666667,13.961540,12.830967,1.361194,0.525097,-0.000000,-0.083251,18.664030,-0.844054,-0.923616,7.708834,10.955195,0.002793,-0.001821
41.700000,13.965202,12.848065,1.358411,0.524085,0.000000,-0.083770,18.628556,-0.848746,-0.927583,7.682075,10.946481,0.002770,-0.001777
41.733333,13.968905,12.865121,1.355610,0.523075,0.000000,-0.084289,18.593246,-0.853428,-0.931536,7.655416,10.937830,0.002747,-0.001733
41.766667,13.972648,12.882133,1.352791,0.522069,-0.000000,-0.084809,18.558103,-0.858099,-0.935475,7.628861,10.929242,0.002724,-0.001689
41.800000,13.976433,12.899101,1.349956,0.521065,0.000000,-0.085329,18.523130,-0.862759,-0.939399,7.602413,10.920718,0.002701,-0.001644
41.833333,13.980258,12.916027,1.347103,0.520065,0.000000,-0.085849,18.488332,-0.867407,-0.943307,7.576075,10.912256,0.002678,-0.001600
41.866667,13.984124,12.932909,1.344232,0.519067,-0.000000,-0.086369,18.453711,-0.872042,-0.947200,7.549852,10.903859,0.002655,-0.001555
41.900000,13.988031,12.949747,1.341345,0.518073,-0.000000,-0.086888,18.419272,-0.876662,-0.951077,7.523747,10.895524,0.002632,-0.001509
41.933333,13.991979,12.966542,1.338440,0.517083,-0.000000,-0.087408,18.385017,-0.881267,-0.954937,7.497764,10.887253,0.002608,-0.001464
41.966667,13.995969,12.983293,1.335518,0.516095,-0.000000,-0.087928,18.350952,-0.885856,-0.958780,7.471906,10.879046,0.002585,-0.001419
42.000000,14.000000,13.000000,1.332578,0.515112,0.000000,-0.088447,18.317079,-0.890429,-0.962604,7.446176,10.870903,0.002561,-0.001373
42.033333,14.004072,13.016664,1.329621,0.514132,0.000000,-0.088966,18.283402,-0.894985,-0.966411,7.420577,10.862825,0.002538,-0.001327
42.066667,14.008187,13.033283,1.326647,0.513155,0.000000,-0.089485,18.249924,-0.899524,-0.970199,7.395109,10.854815,0.002514,-0.001282
42.100000,14.012342,13.049859,1.323655,0.512183,0.000000,-0.090003,18.216649,-0.904045,-0.973968,7.369776,10.846873,0.002491,-0.001236
42.133333,14.016540,13.066391,1.320647,0.511215,-0.000000,-0.090521,18.183580,-0.908549,-0.977718,7.344581,10.839000,0.002468,-0.001191
42.166667,14.020779,13.082880,1.317621,0.510250,-0.000000,-0.091038,18.150721,-0.913034,-0.981447,7.319526,10.831195,0.002444,-0.001146
42.200000,14.025060,13.099324,1.314578,0.509290,0.000000,-0.091554,18.118074,-0.917499,-0.985157,7.294616,10.823458,0.002421,-0.001102
42.233333,14.029383,13.115724,1.311517,0.508334,-0.000000,-0.092070,18.085644,-0.921944,-0.988846,7.269853,10.815790,0.002398,-0.001057
42.266667,14.033749,13.132080,1.308440,0.507382,0.000000,-0.092584,18.053433,-0.926367,-0.992514,7.245242,10.808191,0.002374,-0.001013
42.300000,14.038156,13.148392,1.305345,0.506435,-0.000000,-0.093098,18.021444,-0.930768,-0.996160,7.220784,10.800660,0.002351,-0.000969
42.333333,14.042606,13.164660,1.302233,0.505493,0.000000,-0.093611,17.989681,-0.935145,-0.999785,7.196484,10.793197,0.002328,-0.000925
42.366667,14.047098,13.180883,1.299104,0.504555,-0.000000,-0.094123,17.958147,-0.939499,-1.003387,7.172345,10.785802,0.002305,-0.000881
42.400000,14.051633,13.197063,1.295958,0.503621,-0.000000,-0.094634,17.926845,-0.943827,-1.006967,7.148370,10.778475,0.002282,-0.000838
42.433333,14.056210,13.213198,1.292795,0.502693,0.000000,-0.095144,17.895779,-0.948130,-1.010524,7.124563,10.771216,0.002259,-0.000794
42.466667,14.060830,13.229289,1.289615,0.501769,0.000000,-0.095652,17.864951,-0.952406,-1.014057,7.100926,10.764025,0.002236,-0.000751
42.500000,14.065493,13.245336,1.286418,0.500850,-0.000000,-0.096159,17.834365,-0.956654,-1.017566,7.077463,10.756902,0.002213,-0.000708
42.533333,14.070198,13.261338,1.283205,0.499937,0.000000,-0.096665,17.804024,-0.960874,-1.021051,7.054178,10.749846,0.002190,-0.000666
42.566667,14.074946,13.277296,1.279974,0.499028,-0.000000,-0.097169,17.773931,-0.965063,-1.024512,7.031074,10.742857,0.002167,-0.000623
42.600000,14.079738,13.293209,1.276727,0.498125,0.000000,-0.097672,17.744088,-0.969223,-1.027947,7.008154,10.735934,0.002144,-0.000581
42.633333,14.084572,13.309079,1.273463,0.497227,0.000000,-0.098172,17.714500,-0.973351,-1.031356,6.985422,10.729078,0.002122,-0.000539
42.666667,14.089449,13.324903,1.270182,0.496335,0.000000,-0.098672,17.685168,-0.977446,-1.034739,6.962880,10.722288,0.002099,-0.000497
42.700000,14.094370,13.340684,1.266884,0.495448,-0.000000,-0.099169,17.656097,-0.981508,-1.038096,6.940533,10.715564,0.002076,-0.000455
42.733333,14.099334,13.356420,1.263571,0.494567,0.000000,-0.099664,17.627288,-0.985536,-1.041426,6.918383,10.708906,0.002053,-0.000414
42.766667,14.104341,13.372111,1.260240,0.493691,0.000000,-0.100158,17.598746,-0.989528,-1.044728,6.896434,10.702312,0.002031,-0.000373
42.800000,14.109391,13.387758,1.256893,0.492822,-0.000000,-0.100649,17.570472,-0.993485,-1.048003,6.874689,10.695783,0.002008,-0.000332
42.833333,14.114485,13.403360,1.253530,0.491958,-0.000000,-0.101138,17.542470,-0.997403,-1.051249,6.853152,10.689319,0.001986,-0.000291
42.866667,14.119623,13.418918,1.250151,0.491100,0.000000,-0.101625,17.514743,-1.001284,-1.054467,6.831825,10.682918,0.001963,-0.000250
42.900000,14.124804,13.434432,1.246755,0.490248,-0.000000,-0.102109,17.487293,-1.005126,-1.057655,6.810713,10.676580,0.001941,-0.000210
42.933333,14.130030,13.449901,1.243344,0.489403,-0.000000,-0.102591,17.460123,-1.008927,-1.060814,6.789818,10.670305,0.001918,-0.000170
42.966667,14.135298,13.465325,1.239916,0.488563,-0.000000,-0.103070,17.433236,-1.012687,-1.063942,6.769143,10.664093,0.001896,-0.000130
43.000000,14.140611,13.480705,1.236472,0.487730,0.000000,-0.103547,17.406635,-1.016405,-1.067041,6.748693,10.657943,0.001873,-0.000090
43.033333,14.145968,13.496040,1.233013,0.486904,0.000000,-0.104021,17.380323,-1.020080,-1.070108,6.728469,10.651853,0.001851,-0.000050
43.066667,14.151368,13.511331,1.229538,0.486083,0.000000,-0.104492,17.354301,-1.023711,-1.073143,6.708476,10.645825,0.001829,-0.000011
43.100000,14.156813,13.526577,1.226047,0.485270,0.000000,-0.104960,17.328573,-1.027296,-1.076147,6.688717,10.639856,0.001806,0.000028
43.133333,14.162302,13.541778,1.222540,0.484463,0.000000,-0.105425,17.303142,-1.030836,-1.079118,6.669195,10.633948,0.001784,0.000067
43.166667,14.167835,13.556935,1.219018,0.483662,0.000000,-0.105887,17.278010,-1.034328,-1.082057,6.649912,10.628098,0.001762,0.000106
43.200000,14.173412,13.572048,1.215481,0.482869,0.000000,-0.106346,17.253179,-1.037773,-1.084962,6.630872,10.622307,0.001740,0.000145
43.233333,14.179034,13.587116,1.211929,0.482082,0.000000,-0.106801,17.228652,-1.041168,-1.087833,6.612079,10.616573,0.001718,0.000183
43.266667,14.184700,13.602139,1.208361,0.481303,-0.000000,-0.107253,17.204432,-1.044514,-1.090671,6.593535,10.610897,0.001696,0.000221
43.300000,14.190410,13.617118,1.204778,0.480530,0.000000,-0.107702,17.180521,-1.047809,-1.093473,6.575244,10.605277,0.001674,0.000259
43.333333,14.196165,13.632053,1.201181,0.479765,-0.000000,-0.108146,17.156921,-1.051051,-1.096241,6.557208,10.599713,0.001652,0.000297
43.366667,14.201965,13.646943,1.197569,0.479007,0.000000,-0.108588,17.133635,-1.054241,-1.098973,6.539430,10.594205,0.001630,0.000335
43.400000,14.207809,13.661788,1.193942,0.478256,-0.000000,-0.109025,17.110666,-1.057378,-1.101668,6.521915,10.588751,0.001608,0.000372
43.433333,14.213698,13.676589,1.190300,0.477512,0.000000,-0.109458,17.088014,-1.060459,-1.104328,6.504663,10.583351,0.001586,0.000409
43.466667,14.219632,13.691345,1.186644,0.476776,-0.000000,-0.109888,17.065684,-1.063485,-1.106950,6.487679,10.578005,0.001564,0.000446
43.500000,14.225610,13.706057,1.182974,0.476047,0.000000,-0.110313,17.043676,-1.066454,-1.109536,6.470965,10.572711,0.001542,0.000483
43.533333,14.231634,13.720725,1.179290,0.475326,0.000000,-0.110734,17.021993,-1.069365,-1.112083,6.454525,10.567469,0.001520,0.000519
43.566667,14.237702,13.735348,1.175592,0.474613,0.000000,-0.111150,17.000638,-1.072219,-1.114592,6.438360,10.562278,0.001499,0.000556
43.600000,14.243815,13.749927,1.171880,0.473907,-0.000000,-0.111563,16.979612,-1.075013,-1.117062,6.422474,10.557138,0.001477,0.000592
43.633333,14.249974,13.764461,1.168155,0.473209,0.000000,-0.111970,16.958918,-1.077746,-1.119493,6.406870,10.552048,0.001455,0.000628
43.666667,14.256177,13.778951,1.164416,0.472519,0.000000,-0.112373,16.938557,-1.080419,-1.121885,6.391550,10.547007,0.001434,0.000663
43.700000,14.262426,13.793397,1.160663,0.471837,-0.000000,-0.112772,16.918532,-1.083029,-1.124237,6.376517,10.542015,0.001412,0.000699
43.733333,14.268719,13.807799,1.156897,0.471163,0.000000,-0.113165,16.898844,-1.085577,-1.126548,6.361773,10.537070,0.001391,0.000734
43.766667,14.275059,13.822156,1.153119,0.470497,0.000000,-0.113554,16.879495,-1.088061,-1.128818,6.347322,10.532173,0.001369,0.000769
43.800000,14.281443,13.836469,1.149327,0.469840,0.000000,-0.113937,16.860488,-1.090481,-1.131047,6.333165,10.527323,0.001348,0.000804
43.833333,14.287873,13.850737,1.145523,0.469190,-0.000000,-0.114315,16.841823,-1.092835,-1.133234,6.319305,10.522518,0.001326,0.000839
43.866667,14.294348,13.864962,1.141706,0.468549,0.000000,-0.114689,16.823503,-1.095124,-1.135379,6.305745,10.517759,0.001305,0.000873
43.900000,14.300868,13.879142,1.137877,0.467915,0.000000,-0.115056,16.805530,-1.097345,-1.137482,6.292487,10.513044,0.001283,0.000908
43.933333,14.307435,13.893278,1.134036,0.467291,-0.000000,-0.115419,16.787905,-1.099499,-1.139541,6.279532,10.508373,0.001262,0.000942
43.966667,14.314046,13.907370,1.130183,0.466675,-0.000000,-0.115776,16.770630,-1.101584,-1.141557,6.266885,10.503745,0.001241,0.000976
44.000000,14.320704,13.921418,1.126317,0.466067,0.000000,-0.116127,16.753707,-1.103600,-1.143530,6.254546,10.499161,0.001220,0.001009
44.033333,14.327407,13.935423,1.122441,0.465468,-0.000000,-0.116472,16.737136,-1.105546,-1.145458,6.242518,10.494618,0.001198,0.001043
44.066667,14.334155,13.949383,1.118553,0.464877,-0.000000,-0.116812,16.720920,-1.107422,-1.147341,6.230803,10.490117,0.001177,0.001076
44.100000,14.340949,13.963299,1.114653,0.464296,0.000000,-0.117146,16.705060,-1.109226,-1.149180,6.219403,10.485657,0.001156,0.001109
44.133333,14.347790,13.977171,1.110743,0.463723,0.000000,-0.117474,16.689557,-1.110958,-1.150973,6.208320,10.481237,0.001135,0.001142
44.166667,14.354676,13.990999,1.106822,0.463159,-0.000000,-0.117795,16.674412,-1.112618,-1.152721,6.197556,10.476857,0.001114,0.001175
44.200000,14.361607,14.004784,1.102890,0.462603,-0.000000,-0.118111,16.659628,-1.114205,-1.154422,6.187113,10.472516,0.001093,0.001207
44.233333,14.368585,14.018525,1.098948,0.462057,-0.000000,-0.118420,16.645205,-1.115718,-1.156078,6.176992,10.468214,0.001072,0.001239
44.266667,14.375609,14.032222,1.094995,0.461519,0.000000,-0.118723,16.631145,-1.117156,-1.157686,6.167195,10.463950,0.001051,0.001271
44.300000,14.382678,14.045875,1.091033,0.460991,0.000000,-0.119019,16.617448,-1.118520,-1.159247,6.157725,10.459724,0.001030,0.001303
44.333333,14.389794,14.059485,1.087061,0.460472,0.000000,-0.119309,16.604116,-1.119808,-1.160761,6.148582,10.455535,0.001009,0.001335
44.366667,14.396956,14.073051,1.083079,0.459961,-0.000000,-0.119592,16.591150,-1.121020,-1.162227,6.139767,10.451383,0.000989,0.001366
44.400000,14.404164,14.086574,1.079088,0.459460,0.000000,-0.119869,16.578551,-1.122156,-1.163645,6.131284,10.447267,0.000968,0.001397
44.433333,14.411418,14.100053,1.075088,0.458968,-0.000000,-0.120138,16.566319,-1.123214,-1.165014,6.123132,10.443187,0.000947,0.001428
44.466667,14.418718,14.113489,1.071079,0.458486,-0.000000,-0.120401,16.554456,-1.124196,-1.166335,6.115313,10.439143,0.000926,0.001459
44.500000,14.426064,14.126881,1.067061,0.458012,0.000000,-0.120657,16.542963,-1.125099,-1.167606,6.107829,10.435134,0.000906,0.001490
44.533333,14.433457,14.140230,1.063035,0.457548,-0.000000,-0.120906,16.531840,-1.125925,-1.168828,6.100680,10.431160,0.000885,0.001520
44.566667,14.440895,14.153536,1.059000,0.457094,0.000000,-0.121147,16.521089,-1.126672,-1.170001,6.093868,10.427220,0.000865,0.001550
44.600000,14.448380,14.166798,1.054958,0.456649,-0.000000,-0.121382,16.510709,-1.127340,-1.171123,6.087394,10.423315,0.000844,0.001580
44.633333,14.455912,14.180018,1.050908,0.456213,-0.000000,-0.121609,16.500702,-1.127928,-1.172196,6.081258,10.419444,0.000823,0.001610
44.666667,14.463490,14.193194,1.046851,0.455787,0.000000,-0.121829,16.491068,-1.128438,-1.173218,6.075461,10.415607,0.000803,0.001640
44.700000,14.471114,14.206327,1.042786,0.455370,0.000000,-0.122041,16.481807,-1.128867,-1.174189,6.070005,10.411803,0.000783,0.001669
44.733333,14.478785,14.219418,1.038715,0.454963,0.000000,-0.122246,16.472921,-1.129217,-1.175110,6.064889,10.408032,0.000762,0.001698
44.766667,14.486502,14.232465,1.034637,0.454566,0.000000,-0.122443,16.464410,-1.129487,-1.175979,6.060115,10.404295,0.000742,0.001727
44.800000,14.494265,14.245470,1.030552,0.454178,-0.000000,-0.122633,16.456273,-1.129676,-1.176796,6.055683,10.400590,0.000721,0.001756
44.833333,14.502075,14.258432,1.026461,0.453800,0.000000,-0.122815,16.448512,-1.129785,-1.177563,6.051593,10.396919,0.000701,0.001785
44.866667,14.509932,14.271351,1.022364,0.453431,-0.000000,-0.122990,16.441126,-1.129813,-1.178277,6.047846,10.393280,0.000681,0.001813
44.900000,14.517835,14.284227,1.018262,0.453073,0.000000,-0.123156,16.434117,-1.129760,-1.178939,6.044442,10.389675,0.000661,0.001841
44.933333,14.525785,14.297061,1.014154,0.452724,-0.000000,-0.123315,16.427484,-1.129627,-1.179549,6.041382,10.386102,0.000641,0.001869
44.966667,14.533781,14.309852,1.010041,0.452385,0.000000,-0.123466,16.421226,-1.129413,-1.180107,6.038665,10.382561,0.000620,0.001897
45.000000,14.541824,14.322601,1.005923,0.452055,-0.000000,-0.123609,16.415346,-1.129118,-1.180613,6.036292,10.379054,0.000600,0.001924
45.033333,14.549914,14.335308,1.001800,0.451736,0.000000,-0.123743,16.409841,-1.128743,-1.181065,6.034262,10.375580,0.000580,0.001952
45.066667,14.558050,14.347972,0.997673,0.451426,0.000000,-0.123870,16.404713,-1.128286,-1.181465,6.032575,10.372138,0.000560,0.001979
45.100000,14.566233,14.360594,0.993542,0.451126,0.000000,-0.123989,16.399961,-1.127750,-1.181812,6.031232,10.368730,0.000540,0.002006
45.133333,14.574463,14.373174,0.989407,0.450836,0.000000,-0.124099,16.395586,-1.127132,-1.182106,6.030231,10.365355,0.000520,0.002032
45.166667,14.582739,14.385712,0.985269,0.450556,-0.000000,-0.124202,16.391586,-1.126434,-1.182346,6.029573,10.362013,0.000501,0.002059
45.200000,14.591062,14.398207,0.981127,0.450286,0.000000,-0.124296,16.387962,-1.125656,-1.182534,6.029257,10.358705,0.000481,0.002085
45.233333,14.599432,14.410661,0.976983,0.450026,-0.000000,-0.124382,16.384714,-1.124798,-1.182668,6.029283,10.355431,0.000461,0.002111
45.266667,14.607849,14.423073,0.972835,0.449776,0.000000,-0.124460,16.381841,-1.123861,-1.182748,6.029650,10.352191,0.000441,0.002137
45.300000,14.616313,14.435443,0.968685,0.449536,-0.000000,-0.124529,16.379342,-1.122843,-1.182776,6.030357,10.348985,0.000421,0.002163
45.333333,14.624823,14.447772,0.964533,0.449306,0.000000,-0.124590,16.377218,-1.121747,-1.182749,6.031404,10.345815,0.000402,0.002188
45.366667,14.633380,14.460059,0.960379,0.449086,-0.000000,-0.124642,16.375468,-1.120571,-1.182669,6.032789,10.342679,0.000382,0.002214
45.400000,14.641985,14.472304,0.956224,0.448876,0.000000,-0.124687,16.374091,-1.119317,-1.182536,6.034512,10.339579,0.000362,0.002239
45.433333,14.650636,14.484508,0.952067,0.448676,0.000000,-0.124723,16.373087,-1.117985,-1.182349,6.036572,10.336515,0.000343,0.002264
45.466667,14.659333,14.496671,0.947909,0.448486,0.000000,-0.124750,16.372455,-1.116575,-1.182108,6.038968,10.333487,0.000323,0.002288
45.500000,14.668078,14.508792,0.943750,0.448306,0.000000,-0.124769,16.372195,-1.115087,-1.181813,6.041699,10.330496,0.000304,0.002313
45.533333,14.676870,14.520872,0.939591,0.448136,0.000000,-0.124780,16.372305,-1.113523,-1.181465,6.044762,10.327543,0.000284,0.002337
45.566667,14.685708,14.532912,0.935432,0.447976,-0.000000,-0.124782,16.372785,-1.111882,-1.181064,6.048158,10.324627,0.000265,0.002361
45.600000,14.694594,14.544910,0.931272,0.447826,0.000000,-0.124775,16.373635,-1.110165,-1.180609,6.051885,10.321749,0.000245,0.002385
45.633333,14.703526,14.556867,0.927113,0.447686,0.000000,-0.124761,16.374852,-1.108372,-1.180100,6.055941,10.318911,0.000226,0.002409
45.666667,14.712506,14.568783,0.922955,0.447556,0.000000,-0.124737,16.376437,-1.106505,-1.179538,6.060325,10.316112,0.000207,0.002432
45.700000,14.721532,14.580658,0.918797,0.447436,-0.000000,-0.124706,16.378388,-1.104563,-1.178923,6.065035,10.313353,0.000187,0.002455
45.733333,14.730605,14.592493,0.914641,0.447327,0.000000,-0.124666,16.380705,-1.102547,-1.178255,6.070070,10.310636,0.000168,0.002478
45.766667,14.739725,14.604288,0.910486,0.447227,0.000000,-0.124617,16.383386,-1.100458,-1.177533,6.075427,10.307959,0.000149,0.002501
45.800000,14.748893,14.616041,0.906333,0.447137,0.000000,-0.124560,16.386430,-1.098297,-1.176759,6.081105,10.305325,0.000130,0.002524
45.833333,14.758107,14.627755,0.902182,0.447057,0.000000,-0.124495,16.389836,-1.096064,-1.175931,6.087103,10.302733,0.000111,0.002546
45.866667,14.767368,14.639428,0.898034,0.446988,-0.000000,-0.124421,16.393603,-1.093759,-1.175051,6.093418,10.300185,0.000092,0.002568
45.900000,14.776676,14.651061,0.893888,0.446928,0.000000,-0.124339,16.397730,-1.091385,-1.174118,6.100048,10.297682,0.000072,0.002590
45.933333,14.786031,14.662654,0.889744,0.446878,0.000000,-0.124248,16.402215,-1.088940,-1.173133,6.106992,10.295223,0.000053,0.002612
45.966667,14.795433,14.674206,0.885604,0.446838,0.000000,-0.124150,16.407057,-1.086427,-1.172095,6.114247,10.292810,0.000034,0.002634
46.000000,14.804883,14.685719,0.881468,0.446808,0.000000,-0.124042,16.412255,-1.083845,-1.171006,6.121810,10.290444,0.000016,0.002655
46.033333,14.814379,14.697193,0.877335,0.446788,0.000000,-0.123927,16.417807,-1.081196,-1.169864,6.129681,10.288126,-0.000003,0.002676
46.066667,14.823922,14.708626,0.873206,0.446778,0.000000,-0.123803,16.423711,-1.078480,-1.168671,6.137856,10.285856,-0.000022,0.002697
46.100000,14.833512,14.720020,0.869081,0.446778,0.000000,-0.123672,16.429967,-1.075698,-1.167427,6.146333,10.283634,-0.000041,0.002718
46.133333,14.843149,14.731374,0.864961,0.446788,0.000000,-0.123532,16.436573,-1.072852,-1.166131,6.155110,10.281463,-0.000060,0.002739
46.166667,14.852833,14.742689,0.860846,0.446807,0.000000,-0.123384,16.443527,-1.069941,-1.164784,6.164184,10.279343,-0.000079,0.002759
46.200000,14.862564,14.753964,0.856736,0.446837,0.000000,-0.123227,16.450827,-1.066968,-1.163386,6.173553,10.277274,-0.000097,0.002779
46.233333,14.872342,14.765201,0.852631,0.446876,-0.000000,-0.123063,16.458473,-1.063931,-1.161938,6.183214,10.275258,-0.000116,0.002799
46.266667,14.882167,14.776398,0.848531,0.446925,0.000000,-0.122891,16.466462,-1.060834,-1.160440,6.193165,10.273296,-0.000135,0.002819
46.300000,14.892039,14.787556,0.844438,0.446983,-0.000000,-0.122711,16.474792,-1.057676,-1.158891,6.203404,10.271388,-0.000153,0.002839
46.333333,14.901958,14.798676,0.840351,0.447052,0.000000,-0.122523,16.483462,-1.054458,-1.157293,6.213926,10.269535,-0.000172,0.002858
46.366667,14.911924,14.809756,0.836270,0.447130,-0.000000,-0.122327,16.492469,-1.051182,-1.155646,6.224730,10.267739,-0.000190,0.002877
46.400000,14.921937,14.820798,0.832195,0.447218,-0.000000,-0.122124,16.501813,-1.047848,-1.153949,6.235814,10.266000,-0.000209,0.002896
46.433333,14.931997,14.831801,0.828128,0.447315,0.000000,-0.121913,16.511492,-1.044458,-1.152204,6.247173,10.264319,-0.000227,0.002915
46.466667,14.942104,14.842766,0.824068,0.447422,0.000000,-0.121694,16.521502,-1.041012,-1.150411,6.258805,10.262697,-0.000246,0.002933
46.500000,14.952257,14.853693,0.820015,0.447539,-0.000000,-0.121467,16.531844,-1.037511,-1.148569,6.270709,10.261135,-0.000264,0.002952
46.533333,14.962458,14.864581,0.815970,0.447665,0.000000,-0.121233,16.542513,-1.033956,-1.146680,6.282879,10.259634,-0.000282,0.002970
46.566667,14.972706,14.875431,0.811933,0.447800,0.000000,-0.120992,16.553509,-1.030349,-1.144743,6.295314,10.258195,-0.000301,0.002988
46.600000,14.983000,14.886243,0.807904,0.447946,0.000000,-0.120743,16.564830,-1.026690,-1.142759,6.308011,10.256819,-0.000319,0.003005
46.633333,14.993341,14.897017,0.803883,0.448100,0.000000,-0.120487,16.576473,-1.022980,-1.140729,6.320966,10.255506,-0.000337,0.003023
46.666667,15.003730,14.907754,0.799872,0.448264,0.000000,-0.120224,16.588436,-1.019221,-1.138652,6.334177,10.254259,-0.000355,0.003040
46.700000,15.014165,14.918452,0.795869,0.448437,0.000000,-0.119953,16.600717,-1.015413,-1.136529,6.347641,10.253077,-0.000373,0.003057
46.733333,15.024647,14.929114,0.791875,0.448620,0.000000,-0.119676,16.613315,-1.011558,-1.134361,6.361354,10.251961,-0.000392,0.003074
46.766667,15.035175,14.939737,0.787890,0.448812,0.000000,-0.119391,16.626226,-1.007656,-1.132148,6.375313,10.250914,-0.000410,0.003091
46.800000,15.045751,14.950323,0.783915,0.449013,0.000000,-0.119100,16.639449,-1.003709,-1.129891,6.389515,10.249934,-0.000428,0.003107
46.833333,15.056374,14.960872,0.779950,0.449223,-0.000000,-0.118802,16.652982,-0.999717,-1.127589,6.403958,10.249024,-0.000446,0.003124
46.866667,15.067043,14.971384,0.775995,0.449442,-0.000000,-0.118497,16.666822,-0.995682,-1.125243,6.418637,10.248184,-0.000464,0.003140
46.900000,15.077759,14.981859,0.772050,0.449671,-0.000000,-0.118185,16.680967,-0.991605,-1.122854,6.433551,10.247416,-0.000481,0.003156
46.933333,15.088521,14.992297,0.768116,0.449908,0.000000,-0.117867,16.695414,-0.987487,-1.120422,6.448695,10.246720,-0.000499,0.003171
46.966667,15.099331,15.002698,0.764193,0.450155,0.000000,-0.117542,16.710162,-0.983328,-1.117947,6.464066,10.246096,-0.000517,0.003187
47.000000,15.110187,15.013063,0.760280,0.450410,-0.000000,-0.117211,16.725208,-0.979130,-1.115431,6.479661,10.245547,-0.000535,0.003202
47.033333,15.121090,15.023391,0.756379,0.450674,0.000000,-0.116874,16.740549,-0.974895,-1.112873,6.495478,10.245072,-0.000553,0.003217
47.066667,15.132040,15.033683,0.752488,0.450947,-0.000000,-0.116530,16.756184,-0.970622,-1.110274,6.511512,10.244673,-0.000570,0.003232
47.100000,15.143036,15.043938,0.748610,0.451229,0.000000,-0.116180,16.772110,-0.966313,-1.107634,6.527760,10.244350,-0.000588,0.003247
47.133333,15.154079,15.054157,0.744743,0.451520,0.000000,-0.115825,16.788324,-0.961970,-1.104954,6.544220,10.244104,-0.000606,0.003261
47.166667,15.165168,15.064340,0.740888,0.451819,-0.000000,-0.115463,16.804824,-0.957593,-1.102234,6.560887,10.243937,-0.000623,0.003275
47.200000,15.176304,15.074487,0.737046,0.452128,0.000000,-0.115095,16.821608,-0.953183,-1.099475,6.577760,10.243848,-0.000641,0.003289
47.233333,15.187487,15.084599,0.733215,0.452444,0.000000,-0.114722,16.838672,-0.948741,-1.096678,6.594834,10.243839,-0.000658,0.003303
47.266667,15.198716,15.094674,0.729397,0.452769,0.000000,-0.114343,16.856016,-0.944269,-1.093842,6.612106,10.243910,-0.000676,0.003317
47.300000,15.209992,15.104714,0.725592,0.453103,0.000000,-0.113959,16.873635,-0.939767,-1.090968,6.629573,10.244063,-0.000693,0.003330
47.333333,15.221314,15.114719,0.721800,0.453445,-0.000000,-0.113569,16.891528,-0.935237,-1.088058,6.647231,10.244297,-0.000711,0.003344
47.366667,15.232683,15.124688,0.718021,0.453795,-0.000000,-0.113174,16.909692,-0.930679,-1.085110,6.665078,10.244614,-0.000728,0.003357
47.400000,15.244098,15.134622,0.714255,0.454154,0.000000,-0.112774,16.928125,-0.926095,-1.082127,6.683111,10.245014,-0.000745,0.003369
47.433333,15.255559,15.144521,0.710503,0.454521,0.000000,-0.112369,16.946823,-0.921485,-1.079108,6.701325,10.245499,-0.000763,0.003382
47.466667,15.267067,15.154385,0.706764,0.454896,-0.000000,-0.111958,16.965785,-0.916851,-1.076053,6.719718,10.246068,-0.000780,0.003394
47.500000,15.278622,15.164215,0.703039,0.455279,0.000000,-0.111543,16.985008,-0.912193,-1.072964,6.738286,10.246722,-0.000797,0.003407
47.533333,15.290222,15.174009,0.699328,0.455671,0.000000,-0.111123,17.004488,-0.907513,-1.069841,6.757027,10.247462,-0.000814,0.003419
47.566667,15.301869,15.183769,0.695631,0.456070,0.000000,-0.110698,17.024225,-0.902812,-1.066685,6.775936,10.248288,-0.000832,0.003430
47.600000,15.313562,15.193495,0.691948,0.456477,0.000000,-0.110268,17.044214,-0.898089,-1.063495,6.795012,10.249202,-0.000849,0.003442
47.633333,15.325302,15.203186,0.688280,0.456892,0.000000,-0.109834,17.064454,-0.893348,-1.060273,6.814250,10.250203,-0.000866,0.003453
47.666667,15.337087,15.212843,0.684626,0.457315,0.000000,-0.109396,17.084941,-0.888588,-1.057019,6.833648,10.251293,-0.000883,0.003465
47.700000,15.348919,15.222466,0.680986,0.457746,0.000000,-0.108953,17.105673,-0.883810,-1.053733,6.853202,10.252471,-0.000900,0.003475
47.733333,15.360797,15.232055,0.677362,0.458184,-0.000000,-0.108507,17.126648,-0.879016,-1.050417,6.872909,10.253739,-0.000917,0.003486
47.766667,15.372721,15.241610,0.673753,0.458631,-0.000000,-0.108056,17.147862,-0.874206,-1.047070,6.892766,10.255096,-0.000934,0.003497
47.800000,15.384691,15.251132,0.670158,0.459084,0.000000,-0.107601,17.169313,-0.869381,-1.043693,6.912771,10.256543,-0.000951,0.003507
47.833333,15.396708,15.260619,0.666579,0.459545,0.000000,-0.107142,17.190999,-0.864542,-1.040287,6.932919,10.258080,-0.000967,0.003517
47.866667,15.408770,15.270074,0.663016,0.460014,0.000000,-0.106680,17.212917,-0.859690,-1.036853,6.953208,10.259709,-0.000984,0.003527
47.900000,15.420878,15.279495,0.659467,0.460490,-0.000000,-0.106213,17.235063,-0.854827,-1.033390,6.973634,10.261429,-0.001001,0.003537
47.933333,15.433032,15.288883,0.655935,0.460973,-0.000000,-0.105744,17.257436,-0.849952,-1.029899,6.994195,10.263241,-0.001018,0.003547
47.966667,15.445232,15.298239,0.652418,0.461463,0.000000,-0.105271,17.280033,-0.845067,-1.026381,7.014888,10.265144,-0.001034,0.003556
48.000000,15.457478,15.307561,0.648917,0.461961,0.000000,-0.104794,17.302850,-0.840172,-1.022837,7.035710,10.267140,-0.001051,0.003565
48.033333,15.469769,15.316850,0.645431,0.462466,0.000000,-0.104314,17.325886,-0.835269,-1.019267,7.056657,10.269229,-0.001068,0.003574
48.066667,15.482107,15.326107,0.641962,0.462977,0.000000,-0.103831,17.349138,-0.830358,-1.015671,7.077727,10.271411,-0.001084,0.003583
48.100000,15.494490,15.335331,0.638509,0.463496,0.000000,-0.103345,17.372602,-0.825440,-1.012050,7.098917,10.273685,-0.001101,0.003591
48.133333,15.506919,15.344523,0.635073,0.464022,-0.000000,-0.102857,17.396277,-0.820516,-1.008405,7.120223,10.276053,-0.001117,0.003600
48.166667,15.519393,15.353683,0.631652,0.464554,0.000000,-0.102365,17.420159,-0.815587,-1.004736,7.141644,10.278515,-0.001134,0.003608
48.200000,15.531914,15.362811,0.628248,0.465093,-0.000000,-0.101870,17.444246,-0.810653,-1.001044,7.163175,10.281070,-0.001150,0.003616
48.233333,15.544479,15.371906,0.624861,0.465639,-0.000000,-0.101373,17.468535,-0.805715,-0.997328,7.184815,10.283720,-0.001166,0.003623
48.266667,15.557090,15.380970,0.621490,0.466192,0.000000,-0.100874,17.493023,-0.800775,-0.993591,7.206560,10.286463,-0.001183,0.003631
48.300000,15.569747,15.390002,0.618136,0.466751,0.000000,-0.100372,17.517708,-0.795832,-0.989832,7.228408,10.289300,-0.001199,0.003638
48.333333,15.582449,15.399003,0.614799,0.467316,0.000000,-0.099868,17.542588,-0.790888,-0.986051,7.250356,10.292232,-0.001215,0.003645
48.366667,15.595197,15.407972,0.611478,0.467888,-0.000000,-0.099361,17.567658,-0.785943,-0.982250,7.272401,10.295258,-0.001232,0.003652
48.400000,15.607990,15.416910,0.608175,0.468466,-0.000000,-0.098852,17.592918,-0.780998,-0.978429,7.294540,10.298378,-0.001248,0.003659
48.433333,15.620828,15.425816,0.604888,0.469051,0.000000,-0.098342,17.618363,-0.776054,-0.974588,7.316771,10.301592,-0.001264,0.003665
48.466667,15.633711,15.434692,0.601618,0.469642,0.000000,-0.097829,17.643992,-0.771111,-0.970728,7.339091,10.304901,-0.001280,0.003671
48.500000,15.646640,15.443537,0.598366,0.470239,0.000000,-0.097314,17.669801,-0.766170,-0.966849,7.361497,10.308304,-0.001296,0.003677
48.533333,15.659614,15.452351,0.595131,0.470842,-0.000000,-0.096798,17.695789,-0.761232,-0.962953,7.383987,10.311802,-0.001312,0.003683
48.566667,15.672633,15.461134,0.591913,0.471451,-0.000000,-0.096280,17.721951,-0.756297,-0.959038,7.406558,10.315393,-0.001328,0.003689
48.600000,15.685697,15.469887,0.588712,0.472065,-0.000000,-0.095760,17.748287,-0.751366,-0.955107,7.429208,10.319079,-0.001344,0.003694
48.633333,15.698806,15.478610,0.585529,0.472686,0.000000,-0.095239,17.774792,-0.746440,-0.951160,7.451934,10.322858,-0.001360,0.003700
48.666667,15.711960,15.487303,0.582363,0.473313,0.000000,-0.094717,17.801465,-0.741519,-0.947196,7.474733,10.326731,-0.001376,0.003705
48.700000,15.725159,15.495965,0.579214,0.473945,0.000000,-0.094193,17.828302,-0.736605,-0.943217,7.497604,10.330698,-0.001392,0.003710
48.733333,15.738403,15.504597,0.576083,0.474583,0.000000,-0.093668,17.855302,-0.731696,-0.939223,7.520543,10.334759,-0.001408,0.003714
48.766667,15.751691,15.513200,0.572970,0.475226,0.000000,-0.093142,17.882461,-0.726795,-0.935214,7.543548,10.338912,-0.001423,0.003719
48.800000,15.765025,15.521773,0.569874,0.475875,-0.000000,-0.092615,17.909777,-0.721901,-0.931191,7.566617,10.343159,-0.001439,0.003723
48.833333,15.778403,15.530316,0.566795,0.476529,0.000000,-0.092087,17.937247,-0.717015,-0.927155,7.589748,10.347499,-0.001455,0.003727
48.866667,15.791825,15.538831,0.563735,0.477189,-0.000000,-0.091558,17.964869,-0.712138,-0.923106,7.612937,10.351931,-0.001470,0.003731
48.900000,15.805293,15.547315,0.560692,0.477854,0.000000,-0.091029,17.992639,-0.707271,-0.919045,7.636184,10.356456,-0.001486,0.003734
48.933333,15.818805,15.555771,0.557666,0.478524,0.000000,-0.090498,18.020557,-0.702413,-0.914971,7.659484,10.361072,-0.001502,0.003738
48.966667,15.832361,15.564198,0.554658,0.479199,-0.000000,-0.089967,18.048618,-0.697565,-0.910886,7.682837,10.365781,-0.001517,0.003741
49.000000,15.845962,15.572596,0.551668,0.479879,0.000000,-0.089436,18.076820,-0.692728,-0.906790,7.706240,10.370580,-0.001533,0.003744
49.033333,15.859607,15.580965,0.548696,0.480565,0.000000,-0.088904,18.105161,-0.687903,-0.902683,7.729691,10.375471,-0.001548,0.003747
49.066667,15.873296,15.589306,0.545741,0.481255,0.000000,-0.088371,18.133639,-0.683089,-0.898566,7.753187,10.380452,-0.001564,0.003749
49.100000,15.887030,15.597619,0.542805,0.481950,-0.000000,-0.087839,18.162250,-0.678287,-0.894439,7.776726,10.385524,-0.001579,0.003752
49.133333,15.900808,15.605903,0.539885,0.482650,0.000000,-0.087306,18.190992,-0.673498,-0.890303,7.800307,10.390685,-0.001594,0.003754
49.166667,15.914630,15.614159,0.536984,0.483354,0.000000,-0.086773,18.219863,-0.668723,-0.886159,7.823926,10.395936,-0.001610,0.003756
49.200000,15.928497,15.622387,0.534101,0.484064,0.000000,-0.086240,18.248860,-0.663960,-0.882006,7.847583,10.401276,-0.001625,0.003758
49.233333,15.942407,15.630587,0.531235,0.484778,-0.000000,-0.085706,18.277980,-0.659212,-0.877845,7.871275,10.406705,-0.001640,0.003759
49.266667,15.956361,15.638759,0.528387,0.485496,-0.000000,-0.085173,18.307222,-0.654478,-0.873677,7.895000,10.412222,-0.001655,0.003761
49.300000,15.970359,15.646904,0.525557,0.486219,0.000000,-0.084640,18.336582,-0.649758,-0.869502,7.918756,10.417826,-0.001671,0.003762
49.333333,15.984401,15.655021,0.522744,0.486946,0.000000,-0.084107,18.366058,-0.645054,-0.865321,7.942540,10.423518,-0.001686,0.003763
49.366667,15.998487,15.663111,0.519949,0.487677,0.000000,-0.083575,18.395648,-0.640365,-0.861133,7.966352,10.429296,-0.001701,0.003763
49.400000,16.012616,15.671174,0.517172,0.488413,0.000000,-0.083043,18.425349,-0.635693,-0.856940,7.990189,10.435160,-0.001716,0.003764
49.433333,16.026789,15.679210,0.514413,0.489152,0.000000,-0.082511,18.455159,-0.631036,-0.852741,8.014049,10.441110,-0.001731,0.003764
49.466667,16.041006,15.687219,0.511672,0.489896,0.000000,-0.081979,18.485076,-0.626396,-0.848538,8.037930,10.447145,-0.001746,0.003764
49.500000,16.055266,15.695202,0.508948,0.490644,0.000000,-0.081449,18.515096,-0.621773,-0.844330,8.061831,10.453265,-0.001761,0.003764
49.533333,16.069570,15.703158,0.506242,0.491396,-0.000000,-0.080918,18.545218,-0.617167,-0.840119,8.085750,10.459469,-0.001776,0.003764
49.566667,16.083917,15.711087,0.503553,0.492152,0.000000,-0.080389,18.575439,-0.612579,-0.835904,8.109684,10.465755,-0.001790,0.003764
49.600000,16.098307,15.718990,0.500883,0.492911,0.000000,-0.079860,18.605757,-0.608008,-0.831685,8.133632,10.472125,-0.001805,0.003763
49.633333,16.112741,15.726867,0.498229,0.493674,0.000000,-0.079332,18.636170,-0.603456,-0.827464,8.157593,10.478577,-0.001820,0.003762
49.666667,16.127218,15.734717,0.495594,0.494441,0.000000,-0.078804,18.666674,-0.598922,-0.823241,8.181564,10.485110,-0.001835,0.003761
49.700000,16.141738,15.742542,0.492976,0.495212,0.000000,-0.078278,18.697269,-0.594407,-0.819016,8.205544,10.491724,-0.001849,0.003760
49.733333,16.156301,15.750341,0.490375,0.495986,0.000000,-0.077752,18.727950,-0.589911,-0.814789,8.229532,10.498419,-0.001864,0.003758
49.766667,16.170907,15.758115,0.487792,0.496764,0.000000,-0.077228,18.758717,-0.585434,-0.810561,8.253524,10.505193,-0.001879,0.003756
49.800000,16.185556,15.765863,0.485227,0.497544,0.000000,-0.076704,18.789567,-0.580976,-0.806332,8.277521,10.512046,-0.001893,0.003754
49.833333,16.200248,15.773586,0.482679,0.498329,0.000000,-0.076182,18.820497,-0.576539,-0.802102,8.301520,10.518977,-0.001908,0.003752
49.866667,16.214982,15.781283,0.480148,0.499116,-0.000000,-0.075661,18.851506,-0.572121,-0.797873,8.325519,10.525986,-0.001922,0.003750
49.900000,16.229760,15.788955,0.477635,0.499907,0.000000,-0.075141,18.882590,-0.567724,-0.793644,8.349518,10.533072,-0.001937,0.003748
49.933333,16.244580,15.796603,0.475139,0.500701,0.000000,-0.074622,18.913748,-0.563347,-0.789415,8.373514,10.540234,-0.001951,0.003745
49.966667,16.259442,15.804226,0.472660,0.501498,0.000000,-0.074104,18.944978,-0.558991,-0.785188,8.397506,10.547472,-0.001966,0.003742
50.000000,16.274347,15.811824,0.470198,0.502298,0.000000,-0.073588,18.976277,-0.554656,-0.780962,8.421493,10.554784,-0.001980,0.003739
50.033333,16.289295,15.819397,0.467754,0.503101,0.000000,-0.073073,19.007643,-0.550341,-0.776738,8.445473,10.562171,-0.001994,0.003735
50.066667,16.304285,15.826946,0.465327,0.503907,-0.000000,-0.072560,19.039074,-0.546049,-0.772516,8.469444,10.569631,-0.002009,0.003732
50.100000,16.319317,15.834471,0.462917,0.504715,0.000000,-0.072048,19.070568,-0.541777,-0.768296,8.493405,10.577163,-0.002023,0.003728
50.133333,16.334391,15.841972,0.460524,0.505526,-0.000000,-0.071537,19.102122,-0.537527,-0.764079,8.517355,10.584767,-0.002037,0.003724
50.166667,16.349507,15.849449,0.458147,0.506341,0.000000,-0.071029,19.133735,-0.533299,-0.759865,8.541292,10.592443,-0.002051,0.003720
50.200000,16.364666,15.856902,0.455788,0.507157,0.000000,-0.070521,19.165404,-0.529093,-0.755654,8.565215,10.600189,-0.002065,0.003716
50.233333,16.379866,15.864331,0.453446,0.507976,0.000000,-0.070016,19.197127,-0.524909,-0.751448,8.589122,10.608004,-0.002079,0.003711
50.266667,16.395109,15.871737,0.451121,0.508798,-0.000000,-0.069512,19.228902,-0.520748,-0.747245,8.613013,10.615889,-0.002093,0.003706
50.300000,16.410393,15.879119,0.448812,0.509622,0.000000,-0.069009,19.260727,-0.516609,-0.743047,8.636885,10.623841,-0.002107,0.003701
50.333333,16.425719,15.886479,0.446520,0.510449,0.000000,-0.068509,19.292599,-0.512492,-0.738853,8.660738,10.631861,-0.002121,0.003696
50.366667,16.441086,15.893815,0.444245,0.511278,-0.000000,-0.068010,19.324518,-0.508398,-0.734665,8.684570,10.639948,-0.002135,0.003691
50.400000,16.456495,15.901128,0.441986,0.512109,-0.000000,-0.067513,19.356480,-0.504327,-0.730482,8.708380,10.648100,-0.002149,0.003685
50.433333,16.471946,15.908418,0.439744,0.512942,0.000000,-0.067018,19.388483,-0.500279,-0.726304,8.732166,10.656317,-0.002163,0.003679
50.466667,16.487438,15.915685,0.437518,0.513777,-0.000000,-0.066524,19.420527,-0.496254,-0.722132,8.755928,10.664598,-0.002177,0.003673
50.500000,16.502971,15.922930,0.435309,0.514615,0.000000,-0.066033,19.452607,-0.492252,-0.717967,8.779664,10.672943,-0.002191,0.003667
50.533333,16.518546,15.930153,0.433116,0.515454,0.000000,-0.065544,19.484724,-0.488274,-0.713808,8.803374,10.681350,-0.002204,0.003661
50.566667,16.534162,15.937353,0.430939,0.516296,0.000000,-0.065056,19.516874,-0.484319,-0.709656,8.827054,10.689819,-0.002218,0.003654
50.600000,16.549819,15.944531,0.428779,0.517139,0.000000,-0.064571,19.549055,-0.480387,-0.705511,8.850706,10.698349,-0.002232,0.003647
50.633333,16.565517,15.951686,0.426635,0.517984,0.000000,-0.064087,19.581266,-0.476479,-0.701373,8.874327,10.706939,-0.002246,0.003640
50.666667,16.581256,15.958820,0.424506,0.518831,0.000000,-0.063606,19.613505,-0.472595,-0.697243,8.897916,10.715589,-0.002259,0.003633
50.700000,16.597036,15.965933,0.422394,0.519680,0.000000,-0.063127,19.645769,-0.468734,-0.693121,8.921472,10.724297,-0.002273,0.003626
50.733333,16.612856,15.973023,0.420298,0.520530,-0.000000,-0.062650,19.678057,-0.464898,-0.689007,8.944994,10.733063,-0.002286,0.003618
50.766667,16.628717,15.980092,0.418218,0.521382,0.000000,-0.062175,19.710367,-0.461085,-0.684902,8.968482,10.741886,-0.002300,0.003610
50.800000,16.644619,15.987140,0.416153,0.522235,0.000000,-0.061702,19.742697,-0.457296,-0.680805,8.991933,10.750764,-0.002313,0.003602
50.833333,16.660561,15.994166,0.414104,0.523090,0.000000,-0.061231,19.775045,-0.453531,-0.676717,9.015347,10.759699,-0.002326,0.003594
50.866667,16.676544,16.001172,0.412071,0.523946,0.000000,-0.060763,19.807410,-0.449791,-0.672639,9.038722,10.768687,-0.002340,0.003585
50.900000,16.692567,16.008156,0.410053,0.524804,0.000000,-0.060296,19.839788,-0.446074,-0.668570,9.062059,10.777729,-0.002353,0.003577
50.933333,16.708631,16.015119,0.408051,0.525663,-0.000000,-0.059832,19.872179,-0.442382,-0.664511,9.085355,10.786824,-0.002366,0.003568
50.966667,16.724734,16.022062,0.406064,0.526523,0.000000,-0.059370,19.904581,-0.438714,-0.660461,9.108610,10.795971,-0.002380,0.003559
51.000000,16.740878,16.028984,0.404093,0.527384,0.000000,-0.058911,19.936991,-0.435070,-0.656422,9.131822,10.805169,-0.002393,0.003549
51.033333,16.757061,16.035886,0.402137,0.528247,0.000000,-0.058454,19.969409,-0.431451,-0.652393,9.154991,10.814418,-0.002406,0.003540
51.066667,16.773285,16.042768,0.400196,0.529110,0.000000,-0.057999,20.001831,-0.427856,-0.648375,9.178116,10.823716,-0.002419,0.003530
51.100000,16.789548,16.049629,0.398270,0.529975,0.000000,-0.057547,20.034258,-0.424285,-0.644368,9.201195,10.833062,-0.002432,0.003520
51.133333,16.805851,16.056470,0.396360,0.530841,0.000000,-0.057096,20.066685,-0.420739,-0.640372,9.224228,10.842457,-0.002445,0.003510
51.166667,16.822194,16.063292,0.394464,0.531707,0.000000,-0.056649,20.099113,-0.417218,-0.636388,9.247215,10.851898,-0.002458,0.003500
51.200000,16.838576,16.070093,0.392583,0.532574,0.000000,-0.056203,20.131539,-0.413721,-0.632415,9.270153,10.861386,-0.002471,0.003490
51.233333,16.854998,16.076875,0.390717,0.533443,0.000000,-0.055760,20.163961,-0.410248,-0.628454,9.293042,10.870919,-0.002484,0.003479
51.266667,16.871459,16.083637,0.388866,0.534312,0.000000,-0.055320,20.196378,-0.406800,-0.624505,9.315881,10.880497,-0.002497,0.003468
51.300000,16.887959,16.090380,0.387029,0.535181,0.000000,-0.054882,20.228787,-0.403377,-0.620568,9.338669,10.890118,-0.002510,0.003457
51.333333,16.904498,16.097104,0.385207,0.536052,0.000000,-0.054446,20.261189,-0.399978,-0.616644,9.361406,10.899783,-0.002523,0.003446
51.366667,16.921077,16.103808,0.383399,0.536923,0.000000,-0.054013,20.293579,-0.396604,-0.612732,9.384090,10.909489,-0.002536,0.003434
51.400000,16.937695,16.110494,0.381606,0.537794,0.000000,-0.053583,20.325958,-0.393254,-0.608834,9.406721,10.919237,-0.002548,0.003422
51.433333,16.954351,16.117160,0.379827,0.538666,0.000000,-0.053154,20.358323,-0.389929,-0.604948,9.429298,10.929025,-0.002561,0.003410
51.466667,16.971046,16.123808,0.378062,0.539539,0.000000,-0.052729,20.390672,-0.386629,-0.601076,9.451820,10.938852,-0.002574,0.003398
51.500000,16.987780,16.130438,0.376312,0.540411,0.000000,-0.052306,20.423004,-0.383353,-0.597217,9.474285,10.948719,-0.002586,0.003386
51.533333,17.004553,16.137048,0.374575,0.541285,0.000000,-0.051885,20.455318,-0.380102,-0.593372,9.496694,10.958623,-0.002599,0.003373
51.566667,17.021364,16.143640,0.372853,0.542158,0.000000,-0.051467,20.487611,-0.376875,-0.589541,9.519046,10.968565,-0.002612,0.003361
51.600000,17.038213,16.150215,0.371144,0.543032,0.000000,-0.051052,20.519883,-0.373673,-0.585724,9.541339,10.978543,-0.002624,0.003348
51.633333,17.055101,16.156770,0.369449,0.543906,0.000000,-0.050639,20.552131,-0.370496,-0.581921,9.563574,10.988557,-0.002637,0.003334
51.666667,17.072027,16.163308,0.367768,0.544780,0.000000,-0.050228,20.584354,-0.367343,-0.578133,9.585748,10.998606,-0.002649,0.003321
51.700000,17.088991,16.169828,0.366101,0.545654,-0.000000,-0.049820,20.616550,-0.364215,-0.574359,9.607862,11.008688,-0.002661,0.003308
51.733333,17.105993,16.176330,0.364447,0.546529,0.000000,-0.049415,20.648718,-0.361111,-0.570600,9.629915,11.018804,-0.002674,0.003294
51.766667,17.123033,16.182815,0.362807,0.547403,0.000000,-0.049013,20.680857,-0.358032,-0.566856,9.651905,11.028952,-0.002686,0.003280
51.800000,17.140111,16.189282,0.361180,0.548277,0.000000,-0.048613,20.712964,-0.354978,-0.563128,9.673833,11.039131,-0.002698,0.003266
51.833333,17.157227,16.195732,0.359566,0.549151,0.000000,-0.048215,20.745038,-0.351948,-0.559414,9.695697,11.049342,-0.002711,0.003251
51.866667,17.174380,16.202164,0.357965,0.550025,0.000000,-0.047820,20.777079,-0.348942,-0.555717,9.717497,11.059582,-0.002723,0.003237
51.900000,17.191571,16.208579,0.356378,0.550899,0.000000,-0.047428,20.809083,-0.345961,-0.552035,9.739231,11.069852,-0.002735,0.003222
51.933333,17.208799,16.214977,0.354803,0.551773,0.000000,-0.047039,20.841050,-0.343005,-0.548369,9.760900,11.080150,-0.002747,0.003207
51.966667,17.226064,16.221358,0.353242,0.552646,0.000000,-0.046652,20.872978,-0.340073,-0.544718,9.782503,11.090475,-0.002759,0.003192
52.000000,17.243367,16.227723,0.351693,0.553519,0.000000,-0.046267,20.904866,-0.337165,-0.541085,9.804039,11.100828,-0.002771,0.003176
52.033333,17.260707,16.234071,0.350157,0.554392,0.000000,-0.045886,20.936713,-0.334282,-0.537467,9.825506,11.111206,-0.002783,0.003161
52.066667,17.278084,16.240402,0.348634,0.555265,-0.000000,-0.045507,20.968516,-0.331423,-0.533866,9.846906,11.121610,-0.002795,0.003145
52.100000,17.295497,16.246716,0.347124,0.556136,0.000000,-0.045130,21.000274,-0.328589,-0.530282,9.868236,11.132039,-0.002807,0.003129
52.133333,17.312948,16.253015,0.345625,0.557008,0.000000,-0.044757,21.031987,-0.325779,-0.526715,9.889496,11.142491,-0.002819,0.003113
52.166667,17.330435,16.259297,0.344140,0.557879,0.000000,-0.044385,21.063652,-0.322993,-0.523164,9.910686,11.152966,-0.002831,0.003096
52.200000,17.347959,16.265563,0.342666,0.558749,0.000000,-0.044017,21.095269,-0.320231,-0.519631,9.931805,11.163464,-0.002843,0.003079
52.233333,17.365520,16.271813,0.341205,0.559619,0.000000,-0.043651,21.126835,-0.317494,-0.516115,9.952853,11.173983,-0.002855,0.003063
52.266667,17.383116,16.278047,0.339756,0.560488,0.000000,-0.043288,21.158350,-0.314781,-0.512617,9.973827,11.184522,-0.002867,0.003046
52.300000,17.400749,16.284265,0.338319,0.561356,-0.000000,-0.042928,21.189811,-0.312092,-0.509136,9.994729,11.195082,-0.002878,0.003028
52.333333,17.418419,16.290468,0.336895,0.562223,0.000000,-0.042570,21.221219,-0.309427,-0.505673,10.015558,11.205661,-0.002890,0.003011
52.366667,17.436124,16.296655,0.335481,0.563090,0.000000,-0.042215,21.252570,-0.306786,-0.502228,10.036312,11.216259,-0.002902,0.002993
52.400000,17.453865,16.302827,0.334080,0.563956,0.000000,-0.041862,21.283865,-0.304169,-0.498801,10.056991,11.226874,-0.002913,0.002975
52.433333,17.471642,16.308983,0.332691,0.564821,0.000000,-0.041513,21.315101,-0.301577,-0.495393,10.077595,11.237506,-0.002925,0.002957
52.466667,17.489455,16.315124,0.331313,0.565685,-0.000000,-0.041166,21.346278,-0.299008,-0.492002,10.098123,11.248155,-0.002936,0.002939
52.500000,17.507304,16.321250,0.329946,0.566548,0.000000,-0.040821,21.377393,-0.296464,-0.488630,10.118574,11.258819,-0.002948,0.002921
52.533333,17.525188,16.327362,0.328591,0.567410,-0.000000,-0.040480,21.408447,-0.293943,-0.485277,10.138949,11.269498,-0.002959,0.002902
52.566667,17.543107,16.333458,0.327248,0.568271,0.000000,-0.040140,21.439436,-0.291446,-0.481943,10.159245,11.280191,-0.002971,0.002883
52.600000,17.561062,16.339539,0.325915,0.569131,0.000000,-0.039804,21.470361,-0.288973,-0.478627,10.179463,11.290898,-0.002982,0.002864
52.633333,17.579052,16.345606,0.324594,0.569990,0.000000,-0.039470,21.501220,-0.286524,-0.475331,10.199602,11.301617,-0.002993,0.002845
52.666667,17.597077,16.351658,0.323284,0.570848,0.000000,-0.039139,21.532011,-0.284099,-0.472053,10.219662,11.312349,-0.003005,0.002825
52.700000,17.615137,16.357696,0.321985,0.571705,0.000000,-0.038811,21.562733,-0.281697,-0.468796,10.239642,11.323092,-0.003016,0.002805
52.733333,17.633232,16.363719,0.320696,0.572560,0.000000,-0.038485,21.593386,-0.279319,-0.465557,10.259541,11.333845,-0.003027,0.002786
52.766667,17.651361,16.369728,0.319419,0.573414,0.000000,-0.038162,21.623967,-0.276965,-0.462338,10.279359,11.344608,-0.003038,0.002765
52.800000,17.669526,16.375723,0.318152,0.574267,-0.000000,-0.037842,21.654476,-0.274634,-0.459139,10.299095,11.355381,-0.003049,0.002745
52.833333,17.687724,16.381704,0.316896,0.575118,0.000000,-0.037524,21.684911,-0.272327,-0.455959,10.318749,11.366162,-0.003061,0.002725
52.866667,17.705958,16.387671,0.315651,0.575968,-0.000000,-0.037209,21.715271,-0.270044,-0.452800,10.338321,11.376951,-0.003072,0.002704
52.900000,17.724225,16.393624,0.314416,0.576817,0.000000,-0.036897,21.745555,-0.267784,-0.449661,10.357809,11.387747,-0.003083,0.002683
52.933333,17.742527,16.399564,0.313191,0.577664,0.000000,-0.036587,21.775762,-0.265547,-0.446542,10.377213,11.398549,-0.003094,0.002662
52.966667,17.760863,16.405489,0.311976,0.578509,-0.000000,-0.036280,21.805891,-0.263334,-0.443443,10.396533,11.409358,-0.003105,0.002640
53.000000,17.779233,16.411402,0.310772,0.579353,0.000000,-0.035976,21.835940,-0.261145,-0.440364,10.415768,11.420171,-0.003116,0.002619
53.033333,17.797636,16.417300,0.309578,0.580196,0.000000,-0.035674,21.865907,-0.258978,-0.437307,10.434918,11.430989,-0.003126,0.002597
53.066667,17.816073,16.423186,0.308394,0.581037,0.000000,-0.035375,21.895793,-0.256836,-0.434270,10.453982,11.441811,-0.003137,0.002575
53.100000,17.834544,16.429058,0.307220,0.581876,-0.000000,-0.035079,21.925596,-0.254716,-0.431254,10.472960,11.452636,-0.003148,0.002553
53.133333,17.853049,16.434917,0.306055,0.582714,0.000000,-0.034785,21.955315,-0.252619,-0.428258,10.491851,11.463464,-0.003159,0.002531
53.166667,17.871587,16.440763,0.304901,0.583549,0.000000,-0.034494,21.984947,-0.250546,-0.425284,10.510654,11.474293,-0.003170,0.002508
53.200000,17.890158,16.446595,0.303756,0.584383,0.000000,-0.034206,22.014494,-0.248496,-0.422331,10.529370,11.485124,-0.003180,0.002485
53.233333,17.908762,16.452415,0.302620,0.585216,0.000000,-0.033920,22.043953,-0.246469,-0.419400,10.547997,11.495956,-0.003191,0.002462
53.266667,17.927399,16.458223,0.301494,0.586046,0.000000,-0.033637,22.073322,-0.244466,-0.416489,10.566535,11.506787,-0.003202,0.002439
53.300000,17.946069,16.464017,0.300378,0.586875,-0.000000,-0.033356,22.102602,-0.242485,-0.413601,10.584984,11.517618,-0.003212,0.002416
53.333333,17.964772,16.469799,0.299271,0.587702,0.000000,-0.033079,22.131791,-0.240527,-0.410734,10.603343,11.528448,-0.003223,0.002392
53.366667,17.983508,16.475568,0.298173,0.588526,-0.000000,-0.032803,22.160888,-0.238592,-0.407888,10.621612,11.539275,-0.003233,0.002368
53.400000,18.002276,16.481325,0.297084,0.589349,0.000000,-0.032531,22.189891,-0.236681,-0.405065,10.639790,11.550100,-0.003244,0.002344
53.433333,18.021077,16.487070,0.296004,0.590170,0.000000,-0.032261,22.218800,-0.234792,-0.402264,10.657877,11.560923,-0.003254,0.002320
53.466667,18.039910,16.492802,0.294933,0.590989,0.000000,-0.031994,22.247614,-0.232926,-0.399484,10.675873,11.571741,-0.003264,0.002296
53.500000,18.058775,16.498522,0.293871,0.591806,0.000000,-0.031729,22.276331,-0.231083,-0.396727,10.693776,11.582555,-0.003275,0.002271
53.533333,18.077672,16.504230,0.292818,0.592621,0.000000,-0.031467,22.304950,-0.229262,-0.393993,10.711586,11.593364,-0.003285,0.002246
53.566667,18.096601,16.509926,0.291773,0.593433,0.000000,-0.031208,22.333471,-0.227465,-0.391280,10.729303,11.604168,-0.003295,0.002221
53.600000,18.115562,16.515610,0.290737,0.594244,0.000000,-0.030951,22.361893,-0.225690,-0.388591,10.746927,11.614966,-0.003306,0.002196
53.633333,18.134555,16.521283,0.289710,0.595052,-0.000000,-0.030697,22.390213,-0.223938,-0.385923,10.764457,11.625756,-0.003316,0.002171
53.666667,18.153579,16.526943,0.288691,0.595858,0.000000,-0.030445,22.418432,-0.222208,-0.383279,10.781892,11.636540,-0.003326,0.002145
53.700000,18.172635,16.532592,0.287680,0.596662,0.000000,-0.030196,22.446548,-0.220502,-0.380658,10.799232,11.647316,-0.003336,0.002119
53.733333,18.191722,16.538229,0.286678,0.597463,0.000000,-0.029950,22.474561,-0.218818,-0.378059,10.816477,11.658083,-0.003346,0.002093
53.766667,18.210840,16.543855,0.285683,0.598262,0.000000,-0.029706,22.502468,-0.217156,-0.375484,10.833627,11.668842,-0.003356,0.002067
53.800000,18.229989,16.549469,0.284697,0.599059,0.000000,-0.029465,22.530270,-0.215517,-0.372932,10.850679,11.679591,-0.003366,0.002041
53.833333,18.249170,16.555072,0.283719,0.599853,-0.000000,-0.029226,22.557965,-0.213900,-0.370403,10.867636,11.690330,-0.003376,0.002014
53.866667,18.268381,16.560664,0.282749,0.600646,-0.000000,-0.028990,22.585553,-0.212306,-0.367898,10.884495,11.701058,-0.003386,0.001987
53.900000,18.287623,16.566244,0.281786,0.601435,0.000000,-0.028757,22.613031,-0.210735,-0.365416,10.901256,11.711775,-0.003396,0.001960
53.933333,18.306895,16.571813,0.280832,0.602222,0.000000,-0.028526,22.640400,-0.209186,-0.362958,10.917919,11.722480,-0.003406,0.001933
53.966667,18.326198,16.577371,0.279885,0.603007,0.000000,-0.028298,22.667657,-0.207659,-0.360524,10.934484,11.733173,-0.003416,0.001905
54.000000,18.345531,16.582918,0.278945,0.603789,-0.000000,-0.028072,22.694804,-0.206155,-0.358113,10.950950,11.743853,-0.003425,0.001878
54.033333,18.364895,16.588454,0.278013,0.604569,0.000000,-0.027849,22.721837,-0.204673,-0.355727,10.967317,11.754520,-0.003435,0.001850
54.066667,18.384288,16.593980,0.277089,0.605346,0.000000,-0.027629,22.748757,-0.203213,-0.353364,10.983584,11.765173,-0.003445,0.001822
54.100000,18.403711,16.599494,0.276171,0.606120,0.000000,-0.027411,22.775562,-0.201776,-0.351026,10.999751,11.775812,-0.003454,0.001793
54.133333,18.423165,16.604998,0.275261,0.606892,-0.000000,-0.027196,22.802252,-0.200361,-0.348712,11.015817,11.786435,-0.003464,0.001765
54.166667,18.442648,16.610491,0.274358,0.607661,0.000000,-0.026983,22.828825,-0.198968,-0.346422,11.031782,11.797043,-0.003474,0.001736
54.200000,18.462160,16.615973,0.273462,0.608427,0.000000,-0.026773,22.855281,-0.197597,-0.344157,11.047645,11.807635,-0.003483,0.001707
54.233333,18.481702,16.621445,0.272573,0.609191,-0.000000,-0.026565,22.881618,-0.196249,-0.341916,11.063407,11.818211,-0.003493,0.001678
54.266667,18.501274,16.626907,0.271691,0.609952,0.000000,-0.026360,22.907836,-0.194923,-0.339701,11.079066,11.828770,-0.003502,0.001649
54.300000,18.520874,16.632358,0.270816,0.610710,0.000000,-0.026158,22.933934,-0.193619,-0.337509,11.094623,11.839311,-0.003512,0.001619
54.333333,18.540504,16.637799,0.269947,0.611465,0.000000,-0.025958,22.959911,-0.192337,-0.335343,11.110076,11.849835,-0.003521,0.001590
54.366667,18.560162,16.643229,0.269086,0.612217,0.000000,-0.025760,22.985766,-0.191077,-0.333202,11.125426,11.860340,-0.003530,0.001560
54.400000,18.579849,16.648649,0.268230,0.612967,0.000000,-0.025565,23.011498,-0.189840,-0.331086,11.140672,11.870825,-0.003540,0.001530
54.433333,18.599565,16.654059,0.267381,0.613714,0.000000,-0.025373,23.037106,-0.188624,-0.328995,11.155814,11.881292,-0.003549,0.001499
54.466667,18.619310,16.659459,0.266539,0.614457,-0.000000,-0.025183,23.062589,-0.187431,-0.326930,11.170850,11.891739,-0.003558,0.001469
54.500000,18.639083,16.664849,0.265702,0.615198,0.000000,-0.024996,23.087947,-0.186260,-0.324890,11.185782,11.902165,-0.003567,0.001438
54.533333,18.658884,16.670229,0.264872,0.615936,0.000000,-0.024811,23.113178,-0.185110,-0.322875,11.200607,11.912570,-0.003576,0.001407
54.566667,18.678713,16.675598,0.264048,0.616671,0.000000,-0.024629,23.138281,-0.183983,-0.320887,11.215327,11.922954,-0.003586,0.001376
54.600000,18.698570,16.680958,0.263230,0.617402,-0.000000,-0.024449,23.163257,-0.182878,-0.318924,11.229940,11.933317,-0.003595,0.001344
54.633333,18.718455,16.686308,0.262418,0.618131,0.000000,-0.024272,23.188103,-0.181795,-0.316986,11.244446,11.943657,-0.003604,0.001313
54.666667,18.738368,16.691649,0.261612,0.618857,0.000000,-0.024097,23.212820,-0.180734,-0.315075,11.258845,11.953974,-0.003613,0.001281
54.700000,18.758308,16.696979,0.260812,0.619579,0.000000,-0.023925,23.237405,-0.179694,-0.313190,11.273136,11.964269,-0.003622,0.001249
54.733333,18.778276,16.702300,0.260017,0.620299,0.000000,-0.023756,23.261859,-0.178677,-0.311331,11.287319,11.974540,-0.003631,0.001217
54.766667,18.798272,16.707611,0.259228,0.621015,0.000000,-0.023589,23.286180,-0.177682,-0.309498,11.301394,11.984786,-0.003639,0.001185
54.800000,18.818294,16.712912,0.258445,0.621728,0.000000,-0.023424,23.310368,-0.176709,-0.307692,11.315360,11.995009,-0.003648,0.001152
54.833333,18.838344,16.718204,0.257667,0.622438,0.000000,-0.023262,23.334422,-0.175757,-0.305912,11.329216,12.005206,-0.003657,0.001119
54.866667,18.858420,16.723486,0.256894,0.623144,0.000000,-0.023102,23.358341,-0.174828,-0.304158,11.342962,12.015378,-0.003666,0.001086
54.900000,18.878523,16.728759,0.256126,0.623848,-0.000000,-0.022945,23.382123,-0.173921,-0.302432,11.356599,12.025525,-0.003675,0.001053
54.933333,18.898653,16.734023,0.255364,0.624548,0.000000,-0.022791,23.405769,-0.173035,-0.300732,11.370124,12.035645,-0.003683,0.001020
54.966667,18.918809,16.739277,0.254607,0.625244,-0.000000,-0.022639,23.429278,-0.172172,-0.299059,11.383539,12.045739,-0.003692,0.000986
55.000000,18.938992,16.744521,0.253855,0.625938,-0.000000,-0.022489,23.452648,-0.171330,-0.297413,11.396842,12.055805,-0.003701,0.000952
55.033333,18.959201,16.749756,0.253108,0.626628,0.000000,-0.022342,23.475879,-0.170511,-0.295795,11.410034,12.065845,-0.003709,0.000918
55.066667,18.979436,16.754982,0.252365,0.627314,0.000000,-0.022198,23.498970,-0.169713,-0.294203,11.423113,12.075856,-0.003718,0.000884
55.100000,18.999697,16.760199,0.251628,0.627998,0.000000,-0.022056,23.521920,-0.168937,-0.292639,11.436080,12.085840,-0.003726,0.000850
55.133333,19.019984,16.765406,0.250895,0.628677,-0.000000,-0.021916,23.544729,-0.168184,-0.291102,11.448934,12.095795,-0.003735,0.000815
55.166667,19.040297,16.770604,0.250167,0.629354,0.000000,-0.021779,23.567395,-0.167452,-0.289593,11.461674,12.105720,-0.003743,0.000780
55.200000,19.060635,16.775793,0.249443,0.630026,0.000000,-0.021645,23.589918,-0.166742,-0.288112,11.474301,12.115617,-0.003752,0.000745
55.233333,19.080999,16.780973,0.248724,0.630696,0.000000,-0.021512,23.612297,-0.166054,-0.286658,11.486813,12.125484,-0.003760,0.000710
55.266667,19.101388,16.786144,0.248009,0.631362,0.000000,-0.021383,23.634531,-0.165389,-0.285232,11.499211,12.135321,-0.003768,0.000674
55.300000,19.121802,16.791305,0.247298,0.632024,0.000000,-0.021256,23.656620,-0.164745,-0.283834,11.511493,12.145127,-0.003777,0.000639
55.333333,19.142241,16.796458,0.246592,0.632682,0.000000,-0.021131,23.678563,-0.164123,-0.282465,11.523661,12.154902,-0.003785,0.000603
55.366667,19.162704,16.801601,0.245890,0.633338,0.000000,-0.021009,23.700358,-0.163523,-0.281123,11.535712,12.164646,-0.003793,0.000567
55.400000,19.183193,16.806735,0.245191,0.633989,0.000000,-0.020889,23.722006,-0.162945,-0.279810,11.547647,12.174359,-0.003801,0.000531
55.433333,19.203706,16.811861,0.244497,0.634637,0.000000,-0.020772,23.743505,-0.162389,-0.278525,11.559466,12.184040,-0.003809,0.000494
55.466667,19.224244,16.816977,0.243806,0.635281,0.000000,-0.020658,23.764855,-0.161855,-0.277269,11.571167,12.193688,-0.003817,0.000457
55.500000,19.244806,16.822085,0.243120,0.635921,0.000000,-0.020546,23.786055,-0.161344,-0.276041,11.582751,12.203304,-0.003825,0.000421
55.533333,19.265392,16.827183,0.242437,0.636558,0.000000,-0.020436,23.807104,-0.160854,-0.274842,11.594217,12.212887,-0.003833,0.000383
55.566667,19.286002,16.832272,0.241757,0.637191,0.000000,-0.020329,23.828001,-0.160387,-0.273672,11.605565,12.222436,-0.003841,0.000346
55.600000,19.306636,16.837353,0.241081,0.637820,0.000000,-0.020224,23.848746,-0.159941,-0.272532,11.616794,12.231952,-0.003849,0.000309
55.633333,19.327293,16.842425,0.240409,0.638446,0.000000,-0.020122,23.869338,-0.159518,-0.271420,11.627904,12.241434,-0.003857,0.000271
55.666667,19.347975,16.847487,0.239740,0.639067,-0.000000,-0.020022,23.889776,-0.159117,-0.270337,11.638895,12.250881,-0.003865,0.000233
55.700000,19.368679,16.852541,0.239074,0.639685,0.000000,-0.019925,23.910059,-0.158738,-0.269284,11.649765,12.260294,-0.003873,0.000195
55.733333,19.389407,16.857586,0.238412,0.640299,0.000000,-0.019830,23.930188,-0.158381,-0.268260,11.660516,12.269672,-0.003881,0.000157
55.766667,19.410158,16.862622,0.237752,0.640909,0.000000,-0.019738,23.950160,-0.158046,-0.267266,11.671145,12.279015,-0.003888,0.000118
55.800000,19.430933,16.867649,0.237096,0.641515,0.000000,-0.019648,23.969976,-0.157734,-0.266301,11.681654,12.288322,-0.003896,0.000079
55.833333,19.451730,16.872667,0.236442,0.642118,0.000000,-0.019560,23.989634,-0.157444,-0.265366,11.692041,12.297594,-0.003904,0.000040
55.866667,19.472549,16.877676,0.235792,0.642716,0.000000,-0.019476,24.009135,-0.157176,-0.264462,11.702306,12.306829,-0.003911,0.000001
55.900000,19.493392,16.882677,0.235144,0.643310,0.000000,-0.019393,24.028476,-0.156931,-0.263587,11.712448,12.316028,-0.003919,-0.000038
55.933333,19.514256,16.887668,0.234499,0.643901,-0.000000,-0.019313,24.047658,-0.156707,-0.262742,11.722468,12.325189,-0.003927,-0.000078
55.966667,19.535144,16.892651,0.233856,0.644487,0.000000,-0.019236,24.066680,-0.156507,-0.261928,11.732365,12.334314,-0.003934,-0.000117
56.000000,19.556053,16.897625,0.233217,0.645070,0.000000,-0.019161,24.085541,-0.156329,-0.261144,11.742139,12.343402,-0.003942,-0.000157
56.033333,19.576984,16.902590,0.232579,0.645648,0.000000,-0.019089,24.104240,-0.156173,-0.260390,11.751788,12.352452,-0.003949,-0.000197
56.066667,19.597937,16.907546,0.231944,0.646222,0.000000,-0.019019,24.122777,-0.156039,-0.259667,11.761313,12.361464,-0.003956,-0.000238
56.100000,19.618912,16.912493,0.231311,0.646793,-0.000000,-0.018951,24.141151,-0.155929,-0.258975,11.770713,12.370438,-0.003964,-0.000278
56.133333,19.639908,16.917431,0.230681,0.647359,0.000000,-0.018886,24.159361,-0.155840,-0.258314,11.779988,12.379374,-0.003971,-0.000319
56.166667,19.660926,16.922360,0.230052,0.647921,0.000000,-0.018824,24.177408,-0.155775,-0.257684,11.789137,12.388271,-0.003978,-0.000360
56.200000,19.681965,16.927281,0.229426,0.648479,0.000000,-0.018764,24.195289,-0.155732,-0.257084,11.798160,12.397129,-0.003986,-0.000401
56.233333,19.703025,16.932192,0.228801,0.649032,0.000000,-0.018707,24.213004,-0.155712,-0.256516,11.807057,12.405948,-0.003993,-0.000443
56.266667,19.724106,16.937095,0.228178,0.649582,0.000000,-0.018652,24.230554,-0.155714,-0.255980,11.815826,12.414727,-0.004000,-0.000484
56.300000,19.745208,16.941988,0.227558,0.650127,0.000000,-0.018599,24.247936,-0.155739,-0.255475,11.824469,12.423467,-0.004007,-0.000526
56.333333,19.766330,16.946872,0.226939,0.650668,-0.000000,-0.018549,24.265151,-0.155788,-0.255001,11.832984,12.432167,-0.004014,-0.000568
56.366667,19.787473,16.951748,0.226321,0.651205,-0.000000,-0.018502,24.282197,-0.155859,-0.254560,11.841371,12.440827,-0.004021,-0.000610
56.400000,19.808637,16.956614,0.225705,0.651738,0.000000,-0.018457,24.299075,-0.155953,-0.254150,11.849629,12.449446,-0.004028,-0.000653
56.433333,19.829820,16.961472,0.225091,0.652266,0.000000,-0.018415,24.315783,-0.156069,-0.253772,11.857758,12.458025,-0.004035,-0.000695
56.466667,19.851024,16.966320,0.224477,0.652790,0.000000,-0.018375,24.332321,-0.156209,-0.253426,11.865758,12.466563,-0.004042,-0.000738
56.500000,19.872248,16.971159,0.223866,0.653310,0.000000,-0.018338,24.348688,-0.156372,-0.253113,11.873628,12.475060,-0.004049,-0.000781
56.533333,19.893491,16.975989,0.223255,0.653825,0.000000,-0.018303,24.364884,-0.156559,-0.252831,11.881368,12.483516,-0.004056,-0.000824
56.566667,19.914754,16.980809,0.222645,0.654336,0.000000,-0.018271,24.380908,-0.156768,-0.252583,11.888977,12.491931,-0.004063,-0.000868
56.600000,19.936037,16.985621,0.222037,0.654843,0.000000,-0.018241,24.396759,-0.157001,-0.252367,11.896455,12.500303,-0.004070,-0.000911
56.633333,19.957339,16.990423,0.221429,0.655345,-0.000000,-0.018214,24.412436,-0.157256,-0.252184,11.903802,12.508634,-0.004076,-0.000955
56.666667,19.978660,16.995216,0.220823,0.655843,0.000000,-0.018189,24.427940,-0.157536,-0.252033,11.911017,12.516923,-0.004083,-0.000999
56.700000,20.000000,17.000000,0.220217,0.656337,0.000000,-0.018167,24.443270,-0.157838,-0.251916,11.918101,12.525169,-0.004090,-0.001043
56.733333,20.021359,17.004774,0.219612,0.656826,0.000000,-0.018147,24.458424,-0.158161,-0.251832,11.925056,12.533368,-0.004096,-0.001088
56.766667,20.042737,17.009539,0.219007,0.657310,-0.000000,-0.018130,24.473403,-0.158504,-0.251781,11.931886,12.541517,-0.004103,-0.001131
56.800000,20.064133,17.014295,0.218403,0.657790,0.000000,-0.018116,24.488205,-0.158866,-0.251762,11.938592,12.549614,-0.004110,-0.001175
56.833333,20.085548,17.019041,0.217799,0.658266,0.000000,-0.018103,24.502832,-0.159246,-0.251777,11.945173,12.557659,-0.004116,-0.001219
56.866667,20.106980,17.023777,0.217196,0.658737,0.000000,-0.018094,24.517281,-0.159645,-0.251823,11.951630,12.565651,-0.004122,-0.001262
56.900000,20.128431,17.028504,0.216593,0.659203,0.000000,-0.018087,24.531552,-0.160063,-0.251903,11.957963,12.573590,-0.004129,-0.001305
56.933333,20.149900,17.033222,0.215990,0.659665,0.000000,-0.018082,24.545646,-0.160499,-0.252014,11.964171,12.581475,-0.004135,-0.001347
56.966667,20.171387,17.037929,0.215387,0.660123,0.000000,-0.018080,24.559561,-0.160953,-0.252157,11.970255,12.589306,-0.004141,-0.001390
57.000000,20.192892,17.042627,0.214785,0.660575,0.000000,-0.018080,24.573297,-0.161426,-0.252332,11.976214,12.597083,-0.004147,-0.001432
57.033333,20.214414,17.047316,0.214182,0.661024,0.000000,-0.018082,24.586854,-0.161916,-0.252539,11.982050,12.604804,-0.004153,-0.001474
57.066667,20.235953,17.051994,0.213579,0.661467,0.000000,-0.018087,24.600231,-0.162425,-0.252777,11.987760,12.612471,-0.004159,-0.001516
57.100000,20.257509,17.056663,0.212976,0.661906,0.000000,-0.018095,24.613428,-0.162951,-0.253046,11.993347,12.620081,-0.004165,-0.001557
57.133333,20.279083,17.061321,0.212373,0.662340,0.000000,-0.018104,24.626444,-0.163495,-0.253346,11.998809,12.627635,-0.004171,-0.001598
57.166667,20.300673,17.065970,0.211769,0.662770,0.000000,-0.018116,24.639280,-0.164057,-0.253678,12.004146,12.635133,-0.004177,-0.001639
57.200000,20.322281,17.070608,0.211165,0.663195,0.000000,-0.018130,24.651934,-0.164636,-0.254040,12.009360,12.642574,-0.004182,-0.001680
57.233333,20.343904,17.075237,0.210561,0.663615,0.000000,-0.018147,24.664406,-0.165232,-0.254433,12.014449,12.649957,-0.004188,-0.001720
57.266667,20.365544,17.079855,0.209955,0.664031,0.000000,-0.018166,24.676696,-0.165846,-0.254856,12.019413,12.657283,-0.004194,-0.001760
57.300000,20.387201,17.084463,0.209350,0.664441,0.000000,-0.018187,24.688804,-0.166477,-0.255309,12.024253,12.664550,-0.004199,-0.001800
57.333333,20.408873,17.089061,0.208743,0.664848,0.000000,-0.018210,24.700729,-0.167126,-0.255793,12.028969,12.671759,-0.004205,-0.001840
57.366667,20.430562,17.093648,0.208136,0.665249,-0.000000,-0.018236,24.712470,-0.167791,-0.256307,12.033560,12.678910,-0.004210,-0.001879
57.400000,20.452266,17.098225,0.207527,0.665645,-0.000000,-0.018263,24.724028,-0.168473,-0.256850,12.038027,12.686001,-0.004215,-0.001918
57.433333,20.473986,17.102791,0.206918,0.666037,0.000000,-0.018293,24.735402,-0.169172,-0.257423,12.042370,12.693032,-0.004221,-0.001957
57.466667,20.495721,17.107347,0.206308,0.666424,0.000000,-0.018326,24.746592,-0.169888,-0.258026,12.046589,12.700004,-0.004226,-0.001996
57.500000,20.517472,17.111892,0.205696,0.666806,0.000000,-0.018360,24.757598,-0.170620,-0.258657,12.050683,12.706915,-0.004231,-0.002034
57.533333,20.539238,17.116427,0.205084,0.667184,0.000000,-0.018396,24.768418,-0.171370,-0.259319,12.054652,12.713766,-0.004236,-0.002072
57.566667,20.561019,17.120951,0.204470,0.667556,-0.000000,-0.018435,24.779054,-0.172135,-0.260009,12.058498,12.720556,-0.004241,-0.002110
57.600000,20.582814,17.125463,0.203855,0.667924,0.000000,-0.018476,24.789504,-0.172917,-0.260728,12.062219,12.727285,-0.004246,-0.002148
57.633333,20.604625,17.129965,0.203238,0.668287,0.000000,-0.018519,24.799769,-0.173715,-0.261475,12.065816,12.733952,-0.004251,-0.002185
57.666667,20.626450,17.134456,0.202620,0.668645,0.000000,-0.018564,24.809847,-0.174530,-0.262251,12.069289,12.740558,-0.004256,-0.002222
57.700000,20.648289,17.138935,0.202001,0.668998,-0.000000,-0.018611,24.819739,-0.175361,-0.263056,12.072638,12.747102,-0.004260,-0.002259
57.733333,20.670143,17.143404,0.201379,0.669346,0.000000,-0.018660,24.829445,-0.176207,-0.263889,12.075862,12.753583,-0.004265,-0.002296
57.766667,20.692011,17.147861,0.200757,0.669690,0.000000,-0.018711,24.838964,-0.177070,-0.264750,12.078963,12.760002,-0.004270,-0.002332
57.800000,20.713892,17.152307,0.200132,0.670028,0.000000,-0.018765,24.848297,-0.177949,-0.265638,12.081939,12.766358,-0.004274,-0.002368
57.833333,20.735787,17.156741,0.199506,0.670362,0.000000,-0.018820,24.857442,-0.178843,-0.266555,12.084791,12.772651,-0.004279,-0.002404
57.866667,20.757696,17.161164,0.198877,0.670690,-0.000000,-0.018878,24.866399,-0.179754,-0.267499,12.087519,12.778880,-0.004283,-0.002439
57.900000,20.779619,17.165575,0.198247,0.671014,-0.000000,-0.018937,24.875169,-0.180680,-0.268471,12.090124,12.785046,-0.004287,-0.002475
57.933333,20.801554,17.169974,0.197615,0.671333,-0.000000,-0.018998,24.883752,-0.181621,-0.269470,12.092604,12.791148,-0.004292,-0.002510
57.966667,20.823503,17.174362,0.196981,0.671647,0.000000,-0.019062,24.892146,-0.182579,-0.270497,12.094960,12.797185,-0.004296,-0.002544
58.000000,20.845465,17.178737,0.196344,0.671955,0.000000,-0.019127,24.900352,-0.183551,-0.271550,12.097193,12.803159,-0.004300,-0.002579
58.033333,20.867439,17.183101,0.195705,0.672259,0.000000,-0.019195,24.908370,-0.184539,-0.272630,12.099302,12.809068,-0.004304,-0.002613
58.066667,20.889427,17.187452,0.195064,0.672558,0.000000,-0.019264,24.916199,-0.185543,-0.273737,12.101287,12.814912,-0.004308,-0.002647
58.100000,20.911426,17.191792,0.194421,0.672852,0.000000,-0.019335,24.923840,-0.186561,-0.274871,12.103148,12.820691,-0.004312,-0.002681
58.133333,20.933438,17.196119,0.193775,0.673141,0.000000,-0.019409,24.931291,-0.187595,-0.276031,12.104886,12.826405,-0.004316,-0.002715
58.166667,20.955462,17.200433,0.193127,0.673425,0.000000,-0.019484,24.938554,-0.188644,-0.277217,12.106500,12.832054,-0.004320,-0.002748
58.200000,20.977499,17.204735,0.192476,0.673704,-0.000000,-0.019561,24.945628,-0.189708,-0.278430,12.107991,12.837637,-0.004324,-0.002781
58.233333,20.999547,17.209025,0.191823,0.673978,0.000000,-0.019640,24.952513,-0.190787,-0.279669,12.109358,12.843155,-0.004327,-0.002814
58.266667,21.021606,17.213301,0.191167,0.674246,-0.000000,-0.019721,24.959208,-0.191881,-0.280933,12.110602,12.848606,-0.004331,-0.002846
58.300000,21.043677,17.217565,0.190508,0.674510,0.000000,-0.019804,24.965714,-0.192990,-0.282223,12.111722,12.853992,-0.004334,-0.002878
58.333333,21.065760,17.221816,0.189847,0.674769,0.000000,-0.019889,24.972031,-0.194114,-0.283539,12.112720,12.859311,-0.004338,-0.002910
58.366667,21.087854,17.226054,0.189182,0.675023,0.000000,-0.019975,24.978157,-0.195252,-0.284881,12.113594,12.864564,-0.004341,-0.002942
58.400000,21.109958,17.230279,0.188515,0.675271,0.000000,-0.020064,24.984095,-0.196405,-0.286248,12.114345,12.869750,-0.004345,-0.002974
58.433333,21.132074,17.234491,0.187845,0.675515,-0.000000,-0.020154,24.989842,-0.197573,-0.287639,12.114973,12.874869,-0.004348,-0.003005
58.466667,21.154201,17.238689,0.187172,0.675753,0.000000,-0.020246,24.995400,-0.198755,-0.289057,12.115478,12.879922,-0.004351,-0.003036
58.500000,21.176338,17.242873,0.186495,0.675987,0.000000,-0.020340,25.000768,-0.199952,-0.290498,12.115860,12.884908,-0.004355,-0.003067
58.533333,21.198485,17.247045,0.185816,0.676215,-0.000000,-0.020436,25.005946,-0.201164,-0.291965,12.116120,12.889826,-0.004358,-0.003097
58.566667,21.220642,17.251202,0.185133,0.676438,0.000000,-0.020533,25.010935,-0.202389,-0.293457,12.116257,12.894678,-0.004361,-0.003127
58.600000,21.242810,17.255346,0.184447,0.676657,0.000000,-0.020633,25.015733,-0.203630,-0.294973,12.116271,12.899462,-0.004364,-0.003157
58.633333,21.264988,17.259475,0.183757,0.676870,-0.000000,-0.020734,25.020342,-0.204884,-0.296513,12.116163,12.904179,-0.004367,-0.003187
58.666667,21.287175,17.263591,0.183064,0.677078,-0.000000,-0.020837,25.024761,-0.206153,-0.298077,12.115933,12.908828,-0.004369,-0.003216
58.700000,21.309372,17.267693,0.182368,0.677281,0.000000,-0.020942,25.028990,-0.207436,-0.299666,12.115580,12.913410,-0.004372,-0.003245
58.733333,21.331578,17.271780,0.181668,0.677479,0.000000,-0.021048,25.033029,-0.208733,-0.301279,12.115105,12.917924,-0.004375,-0.003274
58.766667,21.353794,17.275853,0.180965,0.677671,0.000000,-0.021157,25.036878,-0.210044,-0.302915,12.114508,12.922370,-0.004378,-0.003303
58.800000,21.376019,17.279911,0.180258,0.677859,0.000000,-0.021267,25.040538,-0.211369,-0.304576,12.113789,12.926749,-0.004380,-0.003332
58.833333,21.398252,17.283954,0.179547,0.678041,0.000000,-0.021378,25.044007,-0.212709,-0.306259,12.112948,12.931059,-0.004383,-0.003360
58.866667,21.420495,17.287983,0.178833,0.678219,0.000000,-0.021492,25.047287,-0.214062,-0.307967,12.111986,12.935302,-0.004385,-0.003388
58.900000,21.442746,17.291997,0.178114,0.678391,-0.000000,-0.021607,25.050378,-0.215429,-0.309697,12.110902,12.939476,-0.004388,-0.003415
58.933333,21.465005,17.295996,0.177392,0.678558,0.000000,-0.021724,25.053279,-0.216810,-0.311451,12.109697,12.943583,-0.004390,-0.003443
58.966667,21.487273,17.299980,0.176666,0.678720,-0.000000,-0.021843,25.055991,-0.218205,-0.313228,12.108370,12.947621,-0.004392,-0.003470
59.000000,21.509549,17.303948,0.175936,0.678877,0.000000,-0.021964,25.058513,-0.219614,-0.315028,12.106922,12.951591,-0.004394,-0.003497
59.033333,21.531833,17.307901,0.175202,0.679029,0.000000,-0.022086,25.060846,-0.221036,-0.316851,12.105353,12.955493,-0.004397,-0.003523
59.066667,21.554124,17.311839,0.174464,0.679176,-0.000000,-0.022209,25.062990,-0.222473,-0.318696,12.103663,12.959327,-0.004399,-0.003550
59.100000,21.576424,17.315761,0.173721,0.679317,0.000000,-0.022335,25.064945,-0.223922,-0.320564,12.101853,12.963093,-0.004401,-0.003576
59.133333,21.598730,17.319667,0.172975,0.679454,0.000000,-0.022462,25.066712,-0.225386,-0.322455,12.099921,12.966790,-0.004403,-0.003602
59.166667,21.621045,17.323557,0.172224,0.679585,0.000000,-0.022591,25.068289,-0.226863,-0.324368,12.097870,12.970420,-0.004404,-0.003627
59.200000,21.643366,17.327431,0.171468,0.679711,-0.000000,-0.022722,25.069678,-0.228354,-0.326303,12.095698,12.973981,-0.004406,-0.003653
59.233333,21.665694,17.331289,0.170709,0.679832,0.000000,-0.022854,25.070879,-0.229858,-0.328260,12.093406,12.977474,-0.004408,-0.003678
59.266667,21.688029,17.335130,0.169945,0.679948,0.000000,-0.022988,25.071892,-0.231375,-0.330239,12.090993,12.980898,-0.004410,-0.003703
59.300000,21.710371,17.338955,0.169176,0.680059,0.000000,-0.023123,25.072716,-0.232906,-0.332239,12.088462,12.984255,-0.004411,-0.003727
59.333333,21.732719,17.342764,0.168403,0.680164,-0.000000,-0.023260,25.073353,-0.234451,-0.334262,12.085810,12.987543,-0.004413,-0.003752
59.366667,21.755074,17.346555,0.167626,0.680265,0.000000,-0.023399,25.073803,-0.236008,-0.336306,12.083039,12.990764,-0.004414,-0.003776
59.400000,21.777434,17.350330,0.166843,0.680360,-0.000000,-0.023540,25.074064,-0.237579,-0.338372,12.080149,12.993916,-0.004416,-0.003800
59.433333,21.799801,17.354088,0.166056,0.680451,0.000000,-0.023682,25.074139,-0.239164,-0.340458,12.077139,12.997000,-0.004417,-0.003823
59.466667,21.822174,17.357828,0.165265,0.680536,0.000000,-0.023825,25.074027,-0.240761,-0.342567,12.074011,13.000016,-0.004418,-0.003847
59.500000,21.844552,17.361552,0.164468,0.680616,-0.000000,-0.023970,25.073729,-0.242372,-0.344696,12.070764,13.002965,-0.004420,-0.003870
59.533333,21.866936,17.365257,0.163667,0.680691,-0.000000,-0.024117,25.073243,-0.243996,-0.346846,12.067398,13.005845,-0.004421,-0.003893
59.566667,21.889325,17.368946,0.162860,0.680761,0.000000,-0.024266,25.072572,-0.245633,-0.349017,12.063914,13.008658,-0.004422,-0.003915
59.600000,21.911719,17.372616,0.162049,0.680825,0.000000,-0.024416,25.071715,-0.247284,-0.351209,12.060312,13.011403,-0.004423,-0.003937
59.633333,21.934118,17.376268,0.161233,0.680885,-0.000000,-0.024568,25.070673,-0.248947,-0.353421,12.056592,13.014081,-0.004424,-0.003959
59.666667,21.956523,17.379903,0.160411,0.680940,-0.000000,-0.024721,25.069445,-0.250623,-0.355654,12.052755,13.016691,-0.004425,-0.003981
59.700000,21.978932,17.383519,0.159584,0.680989,0.000000,-0.024876,25.068032,-0.252313,-0.357907,12.048799,13.019233,-0.004426,-0.004003
59.733333,22.001345,17.387117,0.158753,0.681033,0.000000,-0.025032,25.066435,-0.254015,-0.360180,12.044727,13.021708,-0.004426,-0.004024
59.766667,22.023763,17.390697,0.157916,0.681073,0.000000,-0.025190,25.064653,-0.255731,-0.362474,12.040537,13.024116,-0.004427,-0.004045
59.800000,22.046185,17.394258,0.157073,0.681107,0.000000,-0.025349,25.062688,-0.257459,-0.364788,12.036231,13.026457,-0.004428,-0.004066
59.833333,22.068611,17.397800,0.156226,0.681136,0.000000,-0.025510,25.060539,-0.259200,-0.367121,12.031808,13.028731,-0.004428,-0.004087
59.866667,22.091041,17.401323,0.155373,0.681160,0.000000,-0.025673,25.058207,-0.260954,-0.369474,12.027268,13.030938,-0.004429,-0.004107
59.900000,22.113474,17.404827,0.154514,0.681179,0.000000,-0.025837,25.055692,-0.262721,-0.371847,12.022613,13.033079,-0.004429,-0.004127
59.933333,22.135912,17.408312,0.153650,0.681193,-0.000000,-0.026003,25.052994,-0.264501,-0.374240,12.017842,13.035152,-0.004430,-0.004147
59.966667,22.158352,17.411777,0.152781,0.681201,-0.000000,-0.026170,25.050114,-0.266293,-0.376652,12.012955,13.037160,-0.004430,-0.004166
60.000000,22.180796,17.415223,0.151906,0.681205,0.000000,-0.026339,25.047053,-0.268099,-0.379083,12.007953,13.039101,-0.004430,-0.004185
60.033333,22.203243,17.418649,0.151025,0.681204,0.000000,-0.026509,25.043811,-0.269917,-0.381534,12.002835,13.040976,-0.004430,-0.004204
60.066667,22.225693,17.422055,0.150138,0.681198,0.000000,-0.026681,25.040387,-0.271747,-0.384003,11.997603,13.042784,-0.004431,-0.004223
60.100000,22.248145,17.425442,0.149246,0.681186,0.000000,-0.026854,25.036784,-0.273591,-0.386492,11.992256,13.044528,-0.004431,-0.004242
60.133333,22.270600,17.428808,0.148348,0.681170,0.000000,-0.027029,25.033000,-0.275447,-0.388999,11.986795,13.046205,-0.004431,-0.004260
60.166667,22.293058,17.432154,0.147444,0.681148,0.000000,-0.027206,25.029037,-0.277315,-0.391525,11.981220,13.047817,-0.004431,-0.004278
60.200000,22.315517,17.435479,0.146534,0.681122,0.000000,-0.027384,25.024895,-0.279196,-0.394070,11.975531,13.049364,-0.004430,-0.004296
60.233333,22.337979,17.438784,0.145618,0.681091,-0.000000,-0.027563,25.020575,-0.281090,-0.396633,11.969729,13.050845,-0.004430,-0.004313
60.266667,22.360443,17.442067,0.144697,0.681054,0.000000,-0.027744,25.016076,-0.282997,-0.399215,11.963814,13.052262,-0.004430,-0.004330
60.300000,22.382908,17.445330,0.143769,0.681013,-0.000000,-0.027926,25.011400,-0.284915,-0.401814,11.957786,13.053614,-0.004430,-0.004347
60.333333,22.405375,17.448572,0.142835,0.680967,-0.000000,-0.028110,25.006547,-0.286847,-0.404433,11.951645,13.054902,-0.004429,-0.004364
60.366667,22.427844,17.451793,0.141895,0.680915,0.000000,-0.028295,25.001517,-0.288790,-0.407069,11.945392,13.056125,-0.004429,-0.004380
60.400000,22.450313,17.454992,0.140949,0.680859,0.000000,-0.028482,24.996312,-0.290747,-0.409723,11.939028,13.057284,-0.004428,-0.004397
60.433333,22.472784,17.458169,0.139996,0.680798,0.000000,-0.028671,24.990931,-0.292715,-0.412395,11.932551,13.058379,-0.004428,-0.004413
60.466667,22.495256,17.461325,0.139037,0.680732,0.000000,-0.028860,24.985375,-0.294696,-0.415084,11.925964,13.059411,-0.004427,-0.004428
60.500000,22.517728,17.464459,0.138072,0.680661,0.000000,-0.029052,24.979645,-0.296690,-0.417791,11.919266,13.060380,-0.004426,-0.004444
60.533333,22.540201,17.467570,0.137100,0.680585,0.000000,-0.029244,24.973742,-0.298695,-0.420516,11.912457,13.061285,-0.004425,-0.004459
60.566667,22.562675,17.470660,0.136122,0.680504,0.000000,-0.029439,24.967665,-0.300713,-0.423258,11.905537,13.062127,-0.004425,-0.004474
60.600000,22.585148,17.473727,0.135138,0.680418,0.000000,-0.029634,24.961415,-0.302744,-0.426017,11.898508,13.062907,-0.004424,-0.004489
60.633333,22.607622,17.476771,0.134147,0.680327,0.000000,-0.029831,24.954994,-0.304786,-0.428793,11.891370,13.063624,-0.004423,-0.004503
60.666667,22.630096,17.479793,0.133149,0.680232,-0.000000,-0.030030,24.948402,-0.306841,-0.431587,11.884122,13.064280,-0.004422,-0.004517
60.700000,22.652569,17.482791,0.132145,0.680131,-0.000000,-0.030230,24.941639,-0.308908,-0.434397,11.876766,13.064873,-0.004421,-0.004531
60.733333,22.675043,17.485767,0.131134,0.680026,0.000000,-0.030431,24.934706,-0.310987,-0.437224,11.869301,13.065405,-0.004419,-0.004545
60.766667,22.697515,17.488719,0.130116,0.679916,0.000000,-0.030634,24.927604,-0.313078,-0.440068,11.861728,13.065876,-0.004418,-0.004558
60.800000,22.719987,17.491648,0.129092,0.679801,0.000000,-0.030838,24.920333,-0.315182,-0.442928,11.854048,13.066285,-0.004417,-0.004571
60.833333,22.742458,17.494553,0.128060,0.679682,0.000000,-0.031044,24.912894,-0.317297,-0.445805,11.846260,13.066634,-0.004415,-0.004584
60.866667,22.764928,17.497435,0.127022,0.679557,0.000000,-0.031251,24.905288,-0.319425,-0.448698,11.838365,13.066922,-0.004414,-0.004597
60.900000,22.787397,17.500292,0.125977,0.679428,0.000000,-0.031460,24.897515,-0.321565,-0.451608,11.830364,13.067151,-0.004412,-0.004609
60.933333,22.809864,17.503126,0.124925,0.679294,0.000000,-0.031670,24.889576,-0.323716,-0.454533,11.822257,13.067319,-0.004411,-0.004621
60.966667,22.832330,17.505935,0.123865,0.679155,0.000000,-0.031882,24.881472,-0.325880,-0.457475,11.814044,13.067428,-0.004409,-0.004633
61.000000,22.854794,17.508720,0.122799,0.679012,0.000000,-0.032094,24.873204,-0.328055,-0.460432,11.805726,13.067478,-0.004408,-0.004645
61.033333,22.877257,17.511480,0.121726,0.678864,0.000000,-0.032309,24.864773,-0.330243,-0.463405,11.797304,13.067469,-0.004406,-0.004656
61.066667,22.899717,17.514215,0.120645,0.678711,0.000000,-0.032524,24.856178,-0.332443,-0.466394,11.788776,13.067401,-0.004404,-0.004667
61.100000,22.922175,17.516925,0.119557,0.678553,-0.000000,-0.032741,24.847421,-0.334654,-0.469398,11.780145,13.067276,-0.004402,-0.004678
61.133333,22.944631,17.519610,0.118462,0.678391,0.000000,-0.032960,24.838503,-0.336877,-0.472418,11.771411,13.067092,-0.004400,-0.004689
61.166667,22.967084,17.522270,0.117360,0.678224,0.000000,-0.033180,24.829424,-0.339112,-0.475453,11.762574,13.066851,-0.004398,-0.004699
61.200000,22.989535,17.524905,0.116250,0.678053,0.000000,-0.033401,24.820186,-0.341359,-0.478503,11.753634,13.066552,-0.004396,-0.004709
61.233333,23.011983,17.527513,0.115133,0.677877,0.000000,-0.033624,24.810789,-0.343617,-0.481568,11.744592,13.066197,-0.004394,-0.004719
61.266667,23.034427,17.530096,0.114009,0.677696,0.000000,-0.033848,24.801234,-0.345888,-0.484648,11.735448,13.065786,-0.004392,-0.004729
61.300000,23.056869,17.532653,0.112877,0.677510,0.000000,-0.034073,24.791521,-0.348170,-0.487743,11.726203,13.065318,-0.004389,-0.004738
61.333333,23.079307,17.535184,0.111737,0.677321,-0.000000,-0.034300,24.781652,-0.350463,-0.490853,11.716858,13.064794,-0.004387,-0.004747
61.366667,23.101742,17.537688,0.110590,0.677126,0.000000,-0.034529,24.771628,-0.352769,-0.493978,11.707412,13.064215,-0.004385,-0.004756
61.400000,23.124173,17.540166,0.109435,0.676927,0.000000,-0.034758,24.761448,-0.355086,-0.497117,11.697867,13.063581,-0.004382,-0.004764
61.433333,23.146601,17.542617,0.108273,0.676724,0.000000,-0.034989,24.751116,-0.357414,-0.500270,11.688223,13.062893,-0.004380,-0.004773
61.466667,23.169024,17.545041,0.107103,0.676516,0.000000,-0.035222,24.740630,-0.359754,-0.503437,11.678480,13.062150,-0.004377,-0.004781
61.500000,23.191443,17.547438,0.105925,0.676303,0.000000,-0.035455,24.729992,-0.362106,-0.506619,11.668639,13.061354,-0.004374,-0.004789
61.533333,23.213858,17.549808,0.104739,0.676087,-0.000000,-0.035690,24.719204,-0.364469,-0.509815,11.658700,13.060504,-0.004372,-0.004796
61.566667,23.236268,17.552150,0.103546,0.675865,0.000000,-0.035927,24.708265,-0.366843,-0.513024,11.648664,13.059601,-0.004369,-0.004803
61.600000,23.258674,17.554465,0.102344,0.675640,0.000000,-0.036165,24.697177,-0.369229,-0.516247,11.638532,13.058645,-0.004366,-0.004810
61.633333,23.281075,17.556752,0.101135,0.675409,0.000000,-0.036404,24.685941,-0.371627,-0.519484,11.628304,13.057637,-0.004363,-0.004817
61.666667,23.303471,17.559011,0.099917,0.675175,0.000000,-0.036644,24.674557,-0.374035,-0.522735,11.617980,13.056577,-0.004360,-0.004824
61.700000,23.325862,17.561242,0.098692,0.674936,0.000000,-0.036886,24.663028,-0.376455,-0.525999,11.607562,13.055466,-0.004357,-0.004830
61.733333,23.348248,17.563444,0.097458,0.674693,0.000000,-0.037129,24.651353,-0.378886,-0.529276,11.597049,13.054304,-0.004354,-0.004836
61.766667,23.370629,17.565618,0.096216,0.674446,0.000000,-0.037374,24.639534,-0.381329,-0.532567,11.586443,13.053091,-0.004351,-0.004842
61.800000,23.393003,17.567764,0.094966,0.674194,0.000000,-0.037620,24.627572,-0.383782,-0.535870,11.575743,13.051829,-0.004347,-0.004847
61.833333,23.415372,17.569880,0.093708,0.673938,-0.000000,-0.037867,24.615467,-0.386247,-0.539186,11.564951,13.050516,-0.004344,-0.004853
61.866667,23.437735,17.571968,0.092442,0.673678,0.000000,-0.038115,24.603222,-0.388723,-0.542516,11.554067,13.049154,-0.004341,-0.004858
61.900000,23.460092,17.574026,0.091167,0.673413,0.000000,-0.038365,24.590836,-0.391209,-0.545858,11.543092,13.047744,-0.004337,-0.004862
61.933333,23.482443,17.576055,0.089884,0.673145,0.000000,-0.038616,24.578311,-0.393707,-0.549212,11.532026,13.046285,-0.004334,-0.004867
61.966667,23.504787,17.578054,0.088593,0.672872,0.000000,-0.038869,24.565648,-0.396216,-0.552579,11.520870,13.044778,-0.004330,-0.004871
62.000000,23.527125,17.580024,0.087293,0.672595,-0.000000,-0.039123,24.552849,-0.398736,-0.555958,11.509625,13.043224,-0.004326,-0.004875
62.033333,23.549456,17.581963,0.085985,0.672314,0.000000,-0.039378,24.539913,-0.401266,-0.559349,11.498291,13.041623,-0.004323,-0.004879
62.066667,23.571780,17.583873,0.084668,0.672029,0.000000,-0.039634,24.526843,-0.403808,-0.562753,11.486868,13.039975,-0.004319,-0.004882
62.100000,23.594098,17.585752,0.083342,0.671739,0.000000,-0.039892,24.513640,-0.406360,-0.566168,11.475358,13.038281,-0.004315,-0.004886
62.133333,23.616408,17.587601,0.082008,0.671446,0.000000,-0.040151,24.500303,-0.408923,-0.569595,11.463762,13.036542,-0.004311,-0.004888
62.166667,23.638710,17.589419,0.080666,0.671149,-0.000000,-0.040411,24.486836,-0.411496,-0.573034,11.452079,13.034757,-0.004307,-0.004891
62.200000,23.661005,17.591206,0.079314,0.670848,0.000000,-0.040673,24.473239,-0.414081,-0.576485,11.440310,13.032928,-0.004303,-0.004894
62.233333,23.683293,17.592962,0.077954,0.670542,0.000000,-0.040936,24.459512,-0.416675,-0.579946,11.428457,13.031055,-0.004299,-0.004896
62.266667,23.705572,17.594687,0.076585,0.670233,-0.000000,-0.041200,24.445658,-0.419281,-0.583419,11.416520,13.029138,-0.004295,-0.004898
62.300000,23.727844,17.596381,0.075208,0.669920,0.000000,-0.041465,24.431677,-0.421896,-0.586904,11.404499,13.027178,-0.004291,-0.004900
62.333333,23.750107,17.598043,0.073821,0.669603,0.000000,-0.041732,24.417571,-0.424523,-0.590399,11.392396,13.025175,-0.004286,-0.004901
62.366667,23.772362,17.599673,0.072425,0.669282,0.000000,-0.042000,24.403340,-0.427159,-0.593905,11.380211,13.023130,-0.004282,-0.004902
62.400000,23.794609,17.601271,0.071021,0.668958,0.000000,-0.042269,24.388987,-0.429806,-0.597422,11.367944,13.021043,-0.004278,-0.004903
62.433333,23.816847,17.602838,0.069607,0.668629,-0.000000,-0.042539,24.374512,-0.432463,-0.600950,11.355597,13.018915,-0.004273,-0.004904
62.466667,23.839076,17.604372,0.068185,0.668297,0.000000,-0.042811,24.359916,-0.435130,-0.604488,11.343170,13.016746,-0.004268,-0.004904
62.500000,23.861297,17.605873,0.066753,0.667961,0.000000,-0.043084,24.345202,-0.437807,-0.608036,11.330664,13.014538,-0.004264,-0.004904
62.533333,23.883508,17.607342,0.065313,0.667622,0.000000,-0.043358,24.330369,-0.440494,-0.611594,11.318080,13.012289,-0.004259,-0.004904
62.566667,23.905710,17.608778,0.063863,0.667278,0.000000,-0.043634,24.315420,-0.443192,-0.615163,11.305418,13.010001,-0.004254,-0.004904
62.600000,23.927902,17.610181,0.062404,0.666931,0.000000,-0.043910,24.300355,-0.445899,-0.618742,11.292680,13.007675,-0.004250,-0.004903
62.633333,23.950085,17.611551,0.060935,0.666581,0.000000,-0.044188,24.285176,-0.448616,-0.622330,11.279866,13.005311,-0.004245,-0.004902
62.666667,23.972259,17.612887,0.059458,0.666226,0.000000,-0.044467,24.269885,-0.451342,-0.625928,11.266976,13.002909,-0.004240,-0.004901
62.700000,23.994422,17.614190,0.057971,0.665869,0.000000,-0.044748,24.254482,-0.454079,-0.629536,11.254012,13.000470,-0.004235,-0.004900
62.733333,24.016575,17.615459,0.056475,0.665507,0.000000,-0.045029,24.238969,-0.456825,-0.633152,11.240975,12.997994,-0.004230,-0.004898
62.766667,24.038718,17.616694,0.054969,0.665142,0.000000,-0.045312,24.223347,-0.459580,-0.636779,11.227865,12.995482,-0.004225,-0.004896
62.800000,24.060851,17.617895,0.053454,0.664774,0.000000,-0.045596,24.207618,-0.462345,-0.640414,11.214683,12.992935,-0.004219,-0.004894
62.833333,24.082973,17.619062,0.051929,0.664402,0.000000,-0.045881,24.191783,-0.465120,-0.644058,11.201431,12.990353,-0.004214,-0.004892
62.866667,24.105085,17.620194,0.050395,0.664027,0.000000,-0.046167,24.175844,-0.467903,-0.647711,11.188108,12.987736,-0.004209,-0.004889
62.900000,24.127185,17.621292,0.048851,0.663649,0.000000,-0.046455,24.159801,-0.470696,-0.651373,11.174715,12.985086,-0.004203,-0.004886
62.933333,24.149275,17.622355,0.047298,0.663267,0.000000,-0.046743,24.143656,-0.473498,-0.655043,11.161255,12.982402,-0.004198,-0.004883
62.966667,24.171354,17.623382,0.045735,0.662882,0.000000,-0.047033,24.127411,-0.476309,-0.658721,11.147726,12.979685,-0.004192,-0.004880
63.000000,24.193421,17.624375,0.044163,0.662493,0.000000,-0.047324,24.111068,-0.479129,-0.662408,11.134131,12.976936,-0.004187,-0.004876
63.033333,24.215477,17.625332,0.042580,0.662102,0.000000,-0.047616,24.094626,-0.481958,-0.666102,11.120470,12.974156,-0.004181,-0.004872
63.066667,24.237521,17.626254,0.040988,0.661707,0.000000,-0.047910,24.078089,-0.484796,-0.669805,11.106745,12.971344,-0.004175,-0.004868
63.100000,24.259554,17.627140,0.039386,0.661309,0.000000,-0.048204,24.061457,-0.487642,-0.673515,11.092955,12.968502,-0.004170,-0.004864
63.133333,24.281574,17.627990,0.037775,0.660908,0.000000,-0.048499,24.044731,-0.490497,-0.677233,11.079102,12.965629,-0.004164,-0.004859
63.166667,24.303583,17.628804,0.036153,0.660504,0.000000,-0.048796,24.027915,-0.493360,-0.680958,11.065188,12.962727,-0.004158,-0.004854
63.200000,24.325579,17.629581,0.034522,0.660096,0.000000,-0.049094,24.011008,-0.496232,-0.684691,11.051212,12.959796,-0.004152,-0.004849
63.233333,24.347563,17.630323,0.032880,0.659686,0.000000,-0.049393,23.994012,-0.499112,-0.688430,11.037175,12.956837,-0.004146,-0.004844
63.266667,24.369534,17.631027,0.031229,0.659273,0.000000,-0.049693,23.976929,-0.502000,-0.692177,11.023080,12.953849,-0.004140,-0.004838
63.300000,24.391493,17.631695,0.029567,0.658856,0.000000,-0.049994,23.959761,-0.504896,-0.695930,11.008926,12.950835,-0.004133,-0.004832
63.333333,24.413439,17.632326,0.027896,0.658437,0.000000,-0.050296,23.942509,-0.507800,-0.699690,10.994715,12.947794,-0.004127,-0.004826
63.366667,24.435371,17.632919,0.026214,0.658015,0.000000,-0.050599,23.925174,-0.510712,-0.703457,10.980448,12.944726,-0.004121,-0.004819
63.400000,24.457291,17.633475,0.024523,0.657590,0.000000,-0.050903,23.907758,-0.513632,-0.707229,10.966125,12.941633,-0.004114,-0.004813
63.433333,24.479198,17.633994,0.022821,0.657162,0.000000,-0.051208,23.890263,-0.516559,-0.711008,10.951748,12.938515,-0.004108,-0.004806
63.466667,24.501090,17.634475,0.021109,0.656732,0.000000,-0.051515,23.872689,-0.519494,-0.714793,10.937317,12.935372,-0.004101,-0.004798
63.500000,24.522970,17.634918,0.019386,0.656299,0.000000,-0.051822,23.855040,-0.522436,-0.718583,10.922835,12.932206,-0.004095,-0.004791
63.533333,24.544835,17.635323,0.017654,0.655863,-0.000000,-0.052130,23.837316,-0.525386,-0.722380,10.908301,12.929015,-0.004088,-0.004783
63.566667,24.566687,17.635690,0.015911,0.655424,0.000000,-0.052440,23.819519,-0.528342,-0.726181,10.893717,12.925803,-0.004082,-0.004775
63.600000,24.588525,17.636018,0.014158,0.654983,0.000000,-0.052750,23.801651,-0.531306,-0.729988,10.879083,12.922568,-0.004075,-0.004767
63.633333,24.610348,17.636308,0.012394,0.654539,0.000000,-0.053062,23.783713,-0.534276,-0.733800,10.864402,12.919311,-0.004068,-0.004758
63.666667,24.632157,17.636559,0.010620,0.654093,0.000000,-0.053374,23.765706,-0.537253,-0.737617,10.849674,12.916033,-0.004061,-0.004750
63.700000,24.653952,17.636771,0.008836,0.653644,-0.000000,-0.053687,23.747633,-0.540237,-0.741438,10.834899,12.912734,-0.004054,-0.004741
63.733333,24.675732,17.636944,0.007041,0.653192,0.000000,-0.054002,23.729496,-0.543227,-0.745265,10.820080,12.909416,-0.004047,-0.004731
63.766667,24.697497,17.637078,0.005236,0.652739,0.000000,-0.054317,23.711295,-0.546224,-0.749095,10.805217,12.906078,-0.004040,-0.004722
63.800000,24.719247,17.637172,0.003420,0.652283,0.000000,-0.054633,23.693033,-0.549226,-0.752930,10.790312,12.902721,-0.004033,-0.004712
63.833333,24.740982,17.637226,0.001594,0.651824,0.000000,-0.054950,23.674710,-0.552235,-0.756768,10.775365,12.899345,-0.004026,-0.004702
63.866667,24.762702,17.637241,-0.000243,0.651364,0.000000,-0.055269,23.656330,-0.555249,-0.760611,10.760378,12.895952,-0.004018,-0.004692
63.900000,24.784406,17.637216,-0.002091,0.650901,0.000000,-0.055588,23.637893,-0.558270,-0.764457,10.745351,12.892542,-0.004011,-0.004681
63.933333,24.806095,17.637150,-0.003949,0.650435,0.000000,-0.055907,23.619402,-0.561295,-0.768307,10.730287,12.889115,-0.004004,-0.004671
63.966667,24.827768,17.637044,-0.005818,0.649968,0.000000,-0.056228,23.600857,-0.564326,-0.772159,10.715186,12.885672,-0.003996,-0.004659
64.000000,24.849426,17.636898,-0.007698,0.649499,0.000000,-0.056550,23.582262,-0.567363,-0.776015,10.700048,12.882213,-0.003988,-0.004648
64.033333,24.871067,17.636711,-0.009588,0.649027,-0.000000,-0.056872,23.563616,-0.570404,-0.779874,10.684877,12.878740,-0.003981,-0.004637
64.066667,24.892692,17.636483,-0.011489,0.648553,-0.000000,-0.057196,23.544923,-0.573451,-0.783735,10.669672,12.875251,-0.003973,-0.004625
64.100000,24.914301,17.636214,-0.013401,0.648078,0.000000,-0.057520,23.526184,-0.576502,-0.787599,10.654435,12.871749,-0.003965,-0.004613
64.133333,24.935893,17.635904,-0.015324,0.647600,0.000000,-0.057845,23.507401,-0.579557,-0.791465,10.639167,12.868234,-0.003958,-0.004600
64.166667,24.957469,17.635553,-0.017257,0.647121,0.000000,-0.058170,23.488575,-0.582617,-0.795333,10.623869,12.864706,-0.003950,-0.004588
64.200000,24.979028,17.635160,-0.019202,0.646640,-0.000000,-0.058497,23.469709,-0.585682,-0.799203,10.608543,12.861165,-0.003942,-0.004575
64.233333,25.000570,17.634725,-0.021157,0.646156,0.000000,-0.058824,23.450803,-0.588750,-0.803075,10.593190,12.857613,-0.003934,-0.004562
64.266667,25.022096,17.634248,-0.023123,0.645671,-0.000000,-0.059152,23.431860,-0.591822,-0.806948,10.577811,12.854050,-0.003926,-0.004549
64.300000,25.043604,17.633729,-0.025101,0.645185,0.000000,-0.059481,23.412882,-0.594898,-0.810822,10.562407,12.850476,-0.003918,-0.004535
64.333333,25.065094,17.633169,-0.027089,0.644696,0.000000,-0.059811,23.393871,-0.597977,-0.814698,10.546979,12.846892,-0.003909,-0.004521
64.366667,25.086568,17.632565,-0.029088,0.644206,0.000000,-0.060141,23.374828,-0.601060,-0.818574,10.531530,12.843298,-0.003901,-0.004507
64.400000,25.108023,17.631919,-0.031098,0.643715,0.000000,-0.060472,23.355755,-0.604145,-0.822450,10.516059,12.839695,-0.003893,-0.004493
64.433333,25.129461,17.631231,-0.033119,0.643222,0.000000,-0.060804,23.336653,-0.607234,-0.826328,10.500569,12.836084,-0.003884,-0.004478
64.466667,25.150881,17.630499,-0.035152,0.642727,-0.000000,-0.061136,23.317526,-0.610325,-0.830205,10.485061,12.832465,-0.003876,-0.004463
64.500000,25.172283,17.629725,-0.037195,0.642231,0.000000,-0.061469,23.298374,-0.613418,-0.834082,10.469536,12.828838,-0.003867,-0.004448
64.533333,25.193667,17.628907,-0.039250,0.641733,0.000000,-0.061803,23.279200,-0.616514,-0.837959,10.453996,12.825204,-0.003859,-0.004433
64.566667,25.215032,17.628046,-0.041315,0.641235,-0.000000,-0.062137,23.260005,-0.619612,-0.841836,10.438441,12.821564,-0.003850,-0.004417
64.600000,25.236379,17.627141,-0.043392,0.640734,0.000000,-0.062472,23.240791,-0.622712,-0.845711,10.422873,12.817918,-0.003841,-0.004401
64.633333,25.257708,17.626193,-0.045480,0.640233,0.000000,-0.062807,23.221560,-0.625813,-0.849586,10.407293,12.814266,-0.003833,-0.004385
64.666667,25.279017,17.625201,-0.047579,0.639730,0.000000,-0.063143,23.202314,-0.628916,-0.853460,10.391704,12.810610,-0.003824,-0.004369
64.700000,25.300308,17.624165,-0.049690,0.639226,0.000000,-0.063479,23.183055,-0.632019,-0.857332,10.376106,12.806949,-0.003815,-0.004352
64.733333,25.321580,17.623084,-0.051811,0.638721,0.000000,-0.063816,23.163784,-0.635124,-0.861202,10.360500,12.803285,-0.003806,-0.004335
64.766667,25.342832,17.621959,-0.053944,0.638215,0.000000,-0.064154,23.144505,-0.638229,-0.865071,10.344888,12.799617,-0.003797,-0.004318
64.800000,25.364065,17.620790,-0.056088,0.637708,0.000000,-0.064492,23.125217,-0.641335,-0.868938,10.329272,12.795946,-0.003788,-0.004301
64.833333,25.385279,17.619576,-0.058244,0.637200,0.000000,-0.064830,23.105924,-0.644441,-0.872802,10.313652,12.792272,-0.003779,-0.004283
64.866667,25.406473,17.618317,-0.060410,0.636691,0.000000,-0.065169,23.086627,-0.647547,-0.876663,10.298031,12.788597,-0.003769,-0.004265
64.900000,25.427648,17.617013,-0.062588,0.636181,0.000000,-0.065509,23.067329,-0.650653,-0.880522,10.282409,12.784920,-0.003760,-0.004247
64.933333,25.448802,17.615664,-0.064777,0.635670,0.000000,-0.065848,23.048030,-0.653758,-0.884378,10.266788,12.781242,-0.003751,-0.004229
64.966667,25.469937,17.614270,-0.066978,0.635158,0.000000,-0.066188,23.028734,-0.656862,-0.888230,10.251170,12.777564,-0.003741,-0.004210
65.000000,25.491051,17.612830,-0.069190,0.634646,0.000000,-0.066529,23.009442,-0.659966,-0.892079,10.235556,12.773885,-0.003732,-0.004191
65.033333,25.512145,17.611345,-0.071413,0.634133,0.000000,-0.066870,22.990155,-0.663068,-0.895924,10.219948,12.770207,-0.003722,-0.004172
65.066667,25.533219,17.609814,-0.073648,0.633619,0.000000,-0.067211,22.970876,-0.666168,-0.899765,10.204346,12.766530,-0.003713,-0.004152
65.100000,25.554272,17.608237,-0.075894,0.633105,0.000000,-0.067552,22.951607,-0.669266,-0.903601,10.188753,12.762854,-0.003703,-0.004133
65.133333,25.575304,17.606614,-0.078151,0.632590,0.000000,-0.067894,22.932350,-0.672363,-0.907433,10.173169,12.759180,-0.003693,-0.004113
65.166667,25.596316,17.604944,-0.080420,0.632075,-0.000000,-0.068236,22.913106,-0.675457,-0.911260,10.157597,12.755508,-0.003683,-0.004093
65.200000,25.617307,17.603228,-0.082701,0.631559,0.000000,-0.068578,22.893877,-0.678548,-0.915082,10.142038,12.751839,-0.003673,-0.004072
65.233333,25.638276,17.601466,-0.084992,0.631043,-0.000000,-0.068920,22.874667,-0.681637,-0.918899,10.126494,12.748173,-0.003663,-0.004051
65.266667,25.659224,17.599657,-0.087295,0.630527,0.000000,-0.069263,22.855475,-0.684722,-0.922710,10.110965,12.744510,-0.003653,-0.004030
65.300000,25.680151,17.597801,-0.089610,0.630010,0.000000,-0.069605,22.836305,-0.687803,-0.926515,10.095454,12.740851,-0.003643,-0.004009
65.333333,25.701056,17.595898,-0.091936,0.629493,0.000000,-0.069948,22.817159,-0.690881,-0.930314,10.079962,12.737197,-0.003633,-0.003988
65.366667,25.721940,17.593948,-0.094273,0.628976,-0.000000,-0.070291,22.798037,-0.693955,-0.934106,10.064490,12.733547,-0.003623,-0.003966
65.400000,25.742802,17.591951,-0.096622,0.628458,0.000000,-0.070634,22.778943,-0.697024,-0.937892,10.049041,12.729902,-0.003613,-0.003944
65.433333,25.763642,17.589907,-0.098982,0.627941,0.000000,-0.070977,22.759878,-0.700088,-0.941671,10.033615,12.726263,-0.003602,-0.003922
65.466667,25.784460,17.587814,-0.101353,0.627423,0.000000,-0.071320,22.740844,-0.703148,-0.945442,10.018215,12.722630,-0.003592,-0.003899
65.500000,25.805255,17.585674,-0.103736,0.626906,-0.000000,-0.071663,22.721843,-0.706202,-0.949206,10.002841,12.719003,-0.003581,-0.003876
65.533333,25.826029,17.583486,-0.106131,0.626389,0.000000,-0.072006,22.702878,-0.709251,-0.952962,9.987495,12.715382,-0.003571,-0.003853
65.566667,25.846779,17.581251,-0.108537,0.625871,0.000000,-0.072349,22.683949,-0.712293,-0.956710,9.972180,12.711769,-0.003560,-0.003830
65.600000,25.867508,17.578967,-0.110954,0.625354,0.000000,-0.072692,22.665059,-0.715329,-0.960450,9.956896,12.708163,-0.003550,-0.003807
65.633333,25.888213,17.576634,-0.113383,0.624837,0.000000,-0.073035,22.646210,-0.718359,-0.964181,9.941645,12.704565,-0.003539,-0.003783
65.666667,25.908896,17.574254,-0.115823,0.624321,0.000000,-0.073377,22.627404,-0.721382,-0.967903,9.926429,12.700975,-0.003528,-0.003759
65.700000,25.929556,17.571824,-0.118275,0.623804,0.000000,-0.073720,22.608643,-0.724397,-0.971615,9.911250,12.697393,-0.003517,-0.003735
65.733333,25.950192,17.569346,-0.120738,0.623288,0.000000,-0.074062,22.589928,-0.727405,-0.975319,9.896108,12.693820,-0.003506,-0.003710
65.766667,25.970806,17.566819,-0.123212,0.622773,0.000000,-0.074404,22.571263,-0.730405,-0.979012,9.881006,12.690256,-0.003495,-0.003685
65.800000,25.991396,17.564244,-0.125698,0.622258,-0.000000,-0.074746,22.552647,-0.733397,-0.982695,9.865945,12.686702,-0.003484,-0.003660
65.833333,26.011962,17.561619,-0.128195,0.621743,0.000000,-0.075087,22.534085,-0.736380,-0.986368,9.850927,12.683157,-0.003473,-0.003635
65.866667,26.032505,17.558945,-0.130704,0.621230,0.000000,-0.075428,22.515577,-0.739354,-0.990030,9.835954,12.679623,-0.003462,-0.003609
65.900000,26.053024,17.556221,-0.133224,0.620716,0.000000,-0.075769,22.497125,-0.742319,-0.993681,9.821026,12.676099,-0.003451,-0.003584
65.933333,26.073520,17.553448,-0.135755,0.620204,0.000000,-0.076109,22.478732,-0.745274,-0.997321,9.806147,12.672585,-0.003439,-0.003558
65.966667,26.093991,17.550625,-0.138298,0.619692,0.000000,-0.076449,22.460399,-0.748219,-1.000949,9.791316,12.669082,-0.003428,-0.003531
66.000000,26.114438,17.547753,-0.140852,0.619181,-0.000000,-0.076789,22.442128,-0.751154,-1.004565,9.776537,12.665591,-0.003417,-0.003505
66.033333,26.134861,17.544830,-0.143417,0.618671,0.000000,-0.077128,22.423921,-0.754078,-1.008169,9.761810,12.662111,-0.003405,-0.003478
66.066667,26.155259,17.541858,-0.145994,0.618161,0.000000,-0.077466,22.405781,-0.756991,-1.011760,9.747138,12.658643,-0.003393,-0.003451
66.100000,26.175633,17.538835,-0.148581,0.617653,0.000000,-0.077804,22.387708,-0.759893,-1.015338,9.732522,12.655186,-0.003382,-0.003423
66.133333,26.195982,17.535762,-0.151181,0.617146,0.000000,-0.078142,22.369705,-0.762783,-1.018904,9.717963,12.651742,-0.003370,-0.003396
66.166667,26.216307,17.532638,-0.153791,0.616639,0.000000,-0.078478,22.351774,-0.765660,-1.022455,9.703463,12.648311,-0.003358,-0.003368
66.200000,26.236606,17.529464,-0.156412,0.616134,0.000000,-0.078814,22.333917,-0.768525,-1.025993,9.689025,12.644892,-0.003346,-0.003340
66.233333,26.256881,17.526240,-0.159045,0.615630,0.000000,-0.079150,22.316135,-0.771378,-1.029517,9.674649,12.641486,-0.003335,-0.003312
66.266667,26.277130,17.522964,-0.161689,0.615127,0.000000,-0.079485,22.298431,-0.774217,-1.033026,9.660337,12.638094,-0.003323,-0.003283
66.300000,26.297354,17.519638,-0.164344,0.614626,0.000000,-0.079819,22.280806,-0.777042,-1.036521,9.646092,12.634714,-0.003311,-0.003254
66.333333,26.317553,17.516261,-0.167010,0.614126,0.000000,-0.080152,22.263262,-0.779853,-1.040000,9.631914,12.631349,-0.003298,-0.003225
66.366667,26.337726,17.512832,-0.169688,0.613627,0.000000,-0.080484,22.245802,-0.782650,-1.043464,9.617805,12.627997,-0.003286,-0.003196
66.400000,26.357874,17.509352,-0.172376,0.613129,-0.000000,-0.080816,22.228426,-0.785432,-1.046913,9.603767,12.624659,-0.003274,-0.003166
66.433333,26.377996,17.505821,-0.175075,0.612633,-0.000000,-0.081146,22.211137,-0.788199,-1.050345,9.589802,12.621335,-0.003262,-0.003136
66.466667,26.398092,17.502238,-0.177786,0.612139,0.000000,-0.081476,22.193936,-0.790950,-1.053761,9.575911,12.618026,-0.003249,-0.003106
66.500000,26.418162,17.498604,-0.180507,0.611646,0.000000,-0.081805,22.176826,-0.793685,-1.057160,9.562095,12.614730,-0.003237,-0.003076
66.533333,26.438206,17.494918,-0.183239,0.611155,0.000000,-0.082132,22.159808,-0.796404,-1.060542,9.548358,12.611450,-0.003224,-0.003045
66.566667,26.458223,17.491180,-0.185983,0.610665,0.000000,-0.082459,22.142884,-0.799106,-1.063907,9.534699,12.608184,-0.003212,-0.003014
66.600000,26.478215,17.487390,-0.188737,0.610177,0.000000,-0.082784,22.126056,-0.801791,-1.067253,9.521122,12.604934,-0.003199,-0.002983
66.633333,26.498179,17.483548,-0.191502,0.609691,0.000000,-0.083109,22.109325,-0.804458,-1.070582,9.507627,12.601698,-0.003187,-0.002951
66.666667,26.518118,17.479653,-0.194277,0.609207,0.000000,-0.083432,22.092694,-0.807108,-1.073893,9.494216,12.598477,-0.003174,-0.002920
66.700000,26.538029,17.475707,-0.197064,0.608724,-0.000000,-0.083754,22.076163,-0.809739,-1.077185,9.480891,12.595272,-0.003161,-0.002888
66.733333,26.557914,17.471708,-0.199861,0.608244,0.000000,-0.084075,22.059736,-0.812351,-1.080457,9.467654,12.592082,-0.003148,-0.002856
66.766667,26.577771,17.467656,-0.202669,0.607765,-0.000000,-0.084394,22.043413,-0.814945,-1.083711,9.454505,12.588908,-0.003135,-0.002823
66.800000,26.597602,17.463552,-0.205487,0.607289,0.000000,-0.084713,22.027197,-0.817518,-1.086944,9.441448,12.585749,-0.003122,-0.002791
66.833333,26.617406,17.459395,-0.208316,0.606814,0.000000,-0.085030,22.011088,-0.820072,-1.090158,9.428482,12.582606,-0.003109,-0.002758
66.866667,26.637182,17.455186,-0.211156,0.606342,0.000000,-0.085345,21.995089,-0.822605,-1.093351,9.415611,12.579478,-0.003096,-0.002724
66.900000,26.656931,17.450923,-0.214006,0.605872,0.000000,-0.085659,21.979202,-0.825118,-1.096523,9.402835,12.576367,-0.003083,-0.002691
66.933333,26.676652,17.446607,-0.216866,0.605404,0.000000,-0.085972,21.963428,-0.827610,-1.099674,9.390157,12.573271,-0.003070,-0.002657
66.966667,26.696345,17.442239,-0.219737,0.604939,0.000000,-0.086283,21.947768,-0.830080,-1.102804,9.377577,12.570191,-0.003056,-0.002623
67.000000,26.716011,17.437817,-0.222618,0.604475,0.000000,-0.086592,21.932225,-0.832528,-1.105912,9.365098,12.567127,-0.003043,-0.002589
67.033333,26.735649,17.433341,-0.225510,0.604015,0.000000,-0.086900,21.916800,-0.834953,-1.108998,9.352721,12.564079,-0.003029,-0.002555
67.066667,26.755259,17.428813,-0.228412,0.603556,0.000000,-0.087206,21.901494,-0.837356,-1.112061,9.340447,12.561047,-0.003016,-0.002520
67.100000,26.774841,17.424230,-0.231324,0.603100,0.000000,-0.087511,21.886310,-0.839736,-1.115102,9.328279,12.558031,-0.003002,-0.002485
67.133333,26.794395,17.419595,-0.234246,0.602647,0.000000,-0.087813,21.871248,-0.842092,-1.118119,9.316217,12.555031,-0.002989,-0.002450
67.166667,26.813920,17.414905,-0.237178,0.602196,-0.000000,-0.088115,21.856311,-0.844424,-1.121113,9.304263,12.552047,-0.002975,-0.002414
67.200000,26.833417,17.410162,-0.240120,0.601748,0.000000,-0.088414,21.841499,-0.846732,-1.124083,9.292420,12.549080,-0.002961,-0.002379
67.233333,26.852886,17.405365,-0.243072,0.601302,0.000000,-0.088711,21.826815,-0.849014,-1.127029,9.280687,12.546128,-0.002947,-0.002343
67.266667,26.872326,17.400513,-0.246034,0.600859,0.000000,-0.089007,21.812260,-0.851272,-1.129950,9.269068,12.543192,-0.002933,-0.002306
67.300000,26.891737,17.395608,-0.249006,0.600419,0.000000,-0.089300,21.797835,-0.853504,-1.132846,9.257563,12.540272,-0.002919,-0.002270
67.333333,26.911119,17.390649,-0.251988,0.599981,-0.000000,-0.089592,21.783542,-0.855711,-1.135717,9.246174,12.537368,-0.002905,-0.002233
67.366667,26.930472,17.385635,-0.254979,0.599547,0.000000,-0.089881,21.769382,-0.857890,-1.138563,9.234902,12.534480,-0.002891,-0.002196
67.400000,26.949797,17.380567,-0.257980,0.599115,-0.000000,-0.090169,21.755357,-0.860043,-1.141382,9.223749,12.531608,-0.002877,-0.002159
67.433333,26.969092,17.375445,-0.260990,0.598687,0.000000,-0.090454,21.741468,-0.862169,-1.144176,9.212716,12.528752,-0.002863,-0.002121
67.466667,26.988357,17.370269,-0.264010,0.598261,-0.000000,-0.090737,21.727717,-0.864268,-1.146942,9.201806,12.525911,-0.002848,-0.002083
67.500000,27.007594,17.365037,-0.267039,0.597838,0.000000,-0.091019,21.714104,-0.866338,-1.149682,9.191018,12.523087,-0.002834,-0.002045
67.533333,27.026801,17.359751,-0.270078,0.597419,0.000000,-0.091297,21.700632,-0.868380,-1.152394,9.180355,12.520277,-0.002820,-0.002007
67.566667,27.045978,17.354411,-0.273126,0.597002,0.000000,-0.091574,21.687301,-0.870393,-1.155079,9.169818,12.517484,-0.002805,-0.001969
67.600000,27.065125,17.349016,-0.276183,0.596589,0.000000,-0.091848,21.674113,-0.872377,-1.157736,9.159408,12.514705,-0.002790,-0.001930
67.633333,27.084243,17.343566,-0.279249,0.596178,0.000000,-0.092120,21.661070,-0.874332,-1.160364,9.149127,12.511942,-0.002776,-0.001891
67.666667,27.103331,17.338060,-0.282324,0.595771,0.000000,-0.092389,21.648171,-0.876257,-1.162964,9.138977,12.509194,-0.002761,-0.001851
67.700000,27.122389,17.332500,-0.285408,0.595368,0.000000,-0.092656,21.635419,-0.878151,-1.165535,9.128958,12.506462,-0.002746,-0.001812
67.733333,27.141416,17.326885,-0.288501,0.594967,0.000000,-0.092921,21.622815,-0.880015,-1.168076,9.119071,12.503744,-0.002732,-0.001772
67.766667,27.160414,17.321215,-0.291603,0.594570,0.000000,-0.093183,21.610360,-0.881848,-1.170588,9.109319,12.501041,-0.002717,-0.001732
67.800000,27.179381,17.315490,-0.294713,0.594177,0.000000,-0.093442,21.598056,-0.883649,-1.173069,9.099702,12.498353,-0.002702,-0.001692
67.833333,27.198318,17.309709,-0.297832,0.593787,0.000000,-0.093699,21.585902,-0.885419,-1.175520,9.090222,12.495680,-0.002687,-0.001651
67.866667,27.217224,17.303874,-0.300960,0.593400,-0.000000,-0.093953,21.573901,-0.887157,-1.177941,9.080880,12.493021,-0.002672,-0.001610
67.900000,27.236100,17.297982,-0.304096,0.593017,-0.000000,-0.094205,21.562053,-0.888862,-1.180330,9.071677,12.490376,-0.002656,-0.001569
67.933333,27.254945,17.292036,-0.307240,0.592637,0.000000,-0.094453,21.550360,-0.890534,-1.182688,9.062615,12.487745,-0.002641,-0.001528
67.966667,27.273759,17.286034,-0.310393,0.592261,-0.000000,-0.094699,21.538822,-0.892173,-1.185014,9.053694,12.485129,-0.002626,-0.001486
68.000000,27.292542,17.279976,-0.313554,0.591889,0.000000,-0.094942,21.527441,-0.893779,-1.187309,9.044915,12.482526,-0.002611,-0.001444
68.033333,27.311294,17.273863,-0.316722,0.591520,-0.000000,-0.095182,21.516218,-0.895351,-1.189571,9.036281,12.479937,-0.002595,-0.001402
68.066667,27.330015,17.267694,-0.319899,0.591155,0.000000,-0.095419,21.505153,-0.896888,-1.191800,9.027791,12.477362,-0.002580,-0.001360
68.100000,27.348705,17.261469,-0.323084,0.590794,-0.000000,-0.095654,21.494247,-0.898391,-1.193996,9.019448,12.474799,-0.002564,-0.001317
68.133333,27.367363,17.255189,-0.326276,0.590436,0.000000,-0.095885,21.483502,-0.899860,-1.196159,9.011252,12.472250,-0.002548,-0.001274
68.166667,27.385991,17.248853,-0.329476,0.590083,0.000000,-0.096113,21.472918,-0.901293,-1.198288,9.003204,12.469714,-0.002533,-0.001231
68.200000,27.404586,17.242461,-0.332684,0.589733,0.000000,-0.096338,21.462495,-0.902690,-1.200383,8.995305,12.467191,-0.002517,-0.001188
68.233333,27.423150,17.236013,-0.335899,0.589387,0.000000,-0.096560,21.452236,-0.904052,-1.202444,8.987556,12.464680,-0.002501,-0.001144
68.266667,27.441683,17.229510,-0.339121,0.589044,0.000000,-0.096779,21.442140,-0.905378,-1.204470,8.979959,12.462181,-0.002485,-0.001100
68.300000,27.460184,17.222950,-0.342350,0.588706,0.000000,-0.096995,21.432208,-0.906667,-1.206461,8.972514,12.459694,-0.002469,-0.001056
68.333333,27.478652,17.216334,-0.345587,0.588372,-0.000000,-0.097207,21.422442,-0.907919,-1.208417,8.965222,12.457220,-0.002453,-0.001012
68.366667,27.497089,17.209662,-0.348831,0.588042,0.000000,-0.097417,21.412841,-0.909135,-1.210337,8.958084,12.454757,-0.002437,-0.000967
68.400000,27.515494,17.202935,-0.352082,0.587716,0.000000,-0.097622,21.403406,-0.910313,-1.212222,8.951101,12.452305,-0.002421,-0.000922
68.433333,27.533867,17.196151,-0.355339,0.587394,0.000000,-0.097825,21.394139,-0.911453,-1.214070,8.944274,12.449864,-0.002405,-0.000877
68.466667,27.552207,17.189311,-0.358603,0.587075,0.000000,-0.098024,21.385038,-0.912556,-1.215882,8.937603,12.447435,-0.002389,-0.000832
68.500000,27.570515,17.182415,-0.361874,0.586761,0.000000,-0.098220,21.376106,-0.913621,-1.217657,8.931090,12.445016,-0.002372,-0.000786
68.533333,27.588791,17.175462,-0.365151,0.586452,0.000000,-0.098412,21.367343,-0.914647,-1.219395,8.924735,12.442608,-0.002356,-0.000740
68.566667,27.607034,17.168453,-0.368435,0.586146,0.000000,-0.098600,21.358748,-0.915634,-1.221096,8.918539,12.440210,-0.002340,-0.000694
68.600000,27.625245,17.161388,-0.371725,0.585844,-0.000000,-0.098785,21.350323,-0.916583,-1.222759,8.912502,12.437821,-0.002323,-0.000648
68.633333,27.643423,17.154267,-0.375021,0.585547,0.000000,-0.098967,21.342068,-0.917492,-1.224384,8.906626,12.435443,-0.002306,-0.000601
68.666667,27.661569,17.147090,-0.378322,0.585254,0.000000,-0.099145,21.333984,-0.918363,-1.225971,8.900910,12.433074,-0.002290,-0.000554
68.700000,27.679681,17.139856,-0.381630,0.584965,0.000000,-0.099319,21.326070,-0.919193,-1.227519,8.895356,12.430714,-0.002273,-0.000507
68.733333,27.697761,17.132566,-0.384944,0.584681,0.000000,-0.099490,21.318327,-0.919984,-1.229029,8.889964,12.428363,-0.002256,-0.000459
68.766667,27.715807,17.125219,-0.388263,0.584401,0.000000,-0.099656,21.310755,-0.920734,-1.230499,8.884735,12.426020,-0.002239,-0.000412
68.800000,27.733821,17.117816,-0.391587,0.584125,0.000000,-0.099819,21.303355,-0.921445,-1.231930,8.879669,12.423686,-0.002223,-0.000364
68.833333,27.751801,17.110357,-0.394917,0.583853,0.000000,-0.099979,21.296126,-0.922114,-1.233322,8.874766,12.421360,-0.002206,-0.000315
68.866667,27.769748,17.102841,-0.398253,0.583586,0.000000,-0.100134,21.289070,-0.922744,-1.234674,8.870028,12.419042,-0.002189,-0.000267
68.900000,27.787662,17.095269,-0.401593,0.583323,0.000000,-0.100286,21.282185,-0.923332,-1.235985,8.865454,12.416731,-0.002171,-0.000218
68.933333,27.805543,17.087640,-0.404938,0.583065,0.000000,-0.100433,21.275472,-0.923879,-1.237257,8.861046,12.414427,-0.002154,-0.000169
68.966667,27.823390,17.079955,-0.408289,0.582811,0.000000,-0.100577,21.268932,-0.924385,-1.238487,8.856802,12.412130,-0.002137,-0.000120
69.000000,27.841203,17.072214,-0.411644,0.582561,-0.000000,-0.100717,21.262564,-0.924850,-1.239677,8.852724,12.409839,-0.002120,-0.000071
69.033333,27.858983,17.064416,-0.415003,0.582316,0.000000,-0.100852,21.256368,-0.925273,-1.240826,8.848813,12.407555,-0.002102,-0.000021
69.066667,27.876729,17.056561,-0.418367,0.582075,-0.000000,-0.100984,21.250344,-0.925655,-1.241933,8.845067,12.405277,-0.002085,0.000029
69.100000,27.894441,17.048650,-0.421735,0.581839,0.000000,-0.101112,21.244492,-0.925994,-1.242999,8.841488,12.403005,-0.002067,0.000079
69.133333,27.912119,17.040683,-0.425108,0.581607,0.000000,-0.101236,21.238813,-0.926292,-1.244023,8.838075,12.400737,-0.002050,0.000130
69.166667,27.929764,17.032659,-0.428484,0.581380,-0.000000,-0.101355,21.233305,-0.926548,-1.245005,8.834830,12.398475,-0.002032,0.000181
69.200000,27.947374,17.024579,-0.431865,0.581157,0.000000,-0.101470,21.227968,-0.926761,-1.245945,8.831751,12.396217,-0.002015,0.000232
69.233333,27.964950,17.016442,-0.435249,0.580939,0.000000,-0.101582,21.222803,-0.926932,-1.246842,8.828839,12.393964,-0.001997,0.000283
69.266667,27.982492,17.008249,-0.438637,0.580725,-0.000000,-0.101689,21.217809,-0.927061,-1.247696,8.826094,12.391714,-0.001979,0.000334
69.300000,28.000000,17.000000,-0.442028,0.580516,0.000000,-0.101791,21.212985,-0.927148,-1.248508,8.823515,12.389470,-0.001961,0.000386
69.333333,28.017473,16.991694,-0.445423,0.580311,0.000000,-0.101890,21.208333,-0.927196,-1.249276,8.821098,12.387235,-0.001943,0.000438
69.366667,28.034913,16.983332,-0.448821,0.580111,0.000000,-0.101984,21.203850,-0.927205,-1.250002,8.818838,12.385012,-0.001925,0.000490
69.400000,28.052317,16.974913,-0.452222,0.579915,0.000000,-0.102075,21.199536,-0.927178,-1.250685,8.816734,12.382803,-0.001908,0.000541
69.433333,28.069687,16.966438,-0.455626,0.579724,-0.000000,-0.102160,21.195392,-0.927114,-1.251325,8.814785,12.380608,-0.001890,0.000592
69.466667,28.087023,16.957907,-0.459033,0.579538,-0.000000,-0.102242,21.191417,-0.927014,-1.251922,8.812990,12.378427,-0.001872,0.000643
69.500000,28.104324,16.949320,-0.462442,0.579356,0.000000,-0.102320,21.187610,-0.926877,-1.252477,8.811350,12.376261,-0.001855,0.000694
69.533333,28.121590,16.940676,-0.465854,0.579178,0.000000,-0.102393,21.183972,-0.926704,-1.252990,8.809862,12.374109,-0.001837,0.000744
69.566667,28.138821,16.931976,-0.469268,0.579006,-0.000000,-0.102462,21.180500,-0.926496,-1.253461,8.808527,12.371973,-0.001820,0.000795
69.600000,28.156017,16.923219,-0.472685,0.578837,0.000000,-0.102527,21.177195,-0.926252,-1.253890,8.807345,12.369851,-0.001803,0.000845
69.633333,28.173179,16.914407,-0.476103,0.578673,-0.000000,-0.102587,21.174057,-0.925972,-1.254277,8.806313,12.367744,-0.001786,0.000895
69.666667,28.190305,16.905538,-0.479524,0.578514,0.000000,-0.102644,21.171084,-0.925657,-1.254623,8.805432,12.365652,-0.001768,0.000944
69.700000,28.207396,16.896613,-0.482946,0.578360,-0.000000,-0.102696,21.168277,-0.925307,-1.254927,8.804701,12.363575,-0.001751,0.000994
69.733333,28.224453,16.887633,-0.486370,0.578209,0.000000,-0.102745,21.165633,-0.924923,-1.255190,8.804119,12.361514,-0.001734,0.001043
69.766667,28.241474,16.878596,-0.489796,0.578064,0.000000,-0.102789,21.163154,-0.924503,-1.255413,8.803686,12.359468,-0.001717,0.001092
69.800000,28.258459,16.869503,-0.493223,0.577923,-0.000000,-0.102829,21.160837,-0.924050,-1.255594,8.803399,12.357438,-0.001701,0.001141
69.833333,28.275410,16.860354,-0.496651,0.577786,0.000000,-0.102864,21.158683,-0.923563,-1.255735,8.803259,12.355423,-0.001684,0.001189
69.866667,28.292325,16.851149,-0.500081,0.577654,0.000000,-0.102896,21.156690,-0.923041,-1.255835,8.803265,12.353424,-0.001667,0.001238
69.900000,28.309204,16.841888,-0.503511,0.577527,0.000000,-0.102924,21.154857,-0.922486,-1.255895,8.803416,12.351441,-0.001651,0.001286
69.933333,28.326048,16.832572,-0.506942,0.577404,0.000000,-0.102947,21.153185,-0.921898,-1.255915,8.803711,12.349474,-0.001634,0.001334
69.966667,28.342856,16.823200,-0.510374,0.577285,0.000000,-0.102967,21.151671,-0.921277,-1.255895,8.804148,12.347523,-0.001618,0.001382
70.000000,28.359629,16.813771,-0.513807,0.577171,0.000000,-0.102982,21.150316,-0.920624,-1.255836,8.804728,12.345588,-0.001601,0.001429
70.033333,28.376366,16.804288,-0.517240,0.577061,0.000000,-0.102994,21.149118,-0.919937,-1.255737,8.805449,12.343669,-0.001585,0.001476
70.066667,28.393067,16.794748,-0.520673,0.576956,0.000000,-0.103001,21.148076,-0.919219,-1.255600,8.806309,12.341766,-0.001569,0.001524
70.100000,28.409733,16.785153,-0.524106,0.576856,0.000000,-0.103005,21.147189,-0.918468,-1.255423,8.807309,12.339880,-0.001552,0.001570
70.133333,28.426362,16.775503,-0.527540,0.576759,0.000000,-0.103004,21.146457,-0.917687,-1.255207,8.808447,12.338010,-0.001536,0.001617
70.166667,28.442956,16.765797,-0.530973,0.576668,0.000000,-0.103000,21.145878,-0.916873,-1.254953,8.809721,12.336157,-0.001520,0.001664
70.200000,28.459514,16.756036,-0.534407,0.576580,0.000000,-0.102991,21.145451,-0.916029,-1.254661,8.811131,12.334320,-0.001504,0.001710
70.233333,28.476035,16.746219,-0.537839,0.576497,-0.000000,-0.102979,21.145176,-0.915154,-1.254331,8.812676,12.332499,-0.001489,0.001756
70.266667,28.492521,16.736347,-0.541272,0.576419,-0.000000,-0.102963,21.145051,-0.914249,-1.253963,8.814355,12.330696,-0.001473,0.001802
70.300000,28.508970,16.726420,-0.544704,0.576344,0.000000,-0.102943,21.145075,-0.913313,-1.253557,8.816166,12.328909,-0.001457,0.001847
70.333333,28.525383,16.716438,-0.548135,0.576274,0.000000,-0.102919,21.145247,-0.912348,-1.253115,8.818108,12.327139,-0.001441,0.001893
70.366667,28.541760,16.706400,-0.551565,0.576209,0.000000,-0.102891,21.145565,-0.911353,-1.252635,8.820180,12.325385,-0.001426,0.001938
70.400000,28.558100,16.696308,-0.554994,0.576147,0.000000,-0.102860,21.146030,-0.910329,-1.252118,8.822382,12.323648,-0.001410,0.001983
70.433333,28.574405,16.686161,-0.558422,0.576090,0.000000,-0.102825,21.146639,-0.909277,-1.251565,8.824711,12.321928,-0.001395,0.002028
70.466667,28.590672,16.675959,-0.561849,0.576037,0.000000,-0.102786,21.147391,-0.908195,-1.250976,8.827166,12.320225,-0.001380,0.002072
70.500000,28.606903,16.665702,-0.565275,0.575989,0.000000,-0.102743,21.148285,-0.907086,-1.250351,8.829746,12.318539,-0.001364,0.002116
70.533333,28.623098,16.655390,-0.568699,0.575945,-0.000000,-0.102697,21.149321,-0.905949,-1.249690,8.832451,12.316870,-0.001349,0.002161
70.566667,28.639256,16.645024,-0.572121,0.575904,-0.000000,-0.102647,21.150495,-0.904784,-1.248993,8.835278,12.315217,-0.001334,0.002204
70.600000,28.655378,16.634603,-0.575542,0.575868,0.000000,-0.102593,21.151808,-0.903593,-1.248262,8.838226,12.313582,-0.001319,0.002248
70.633333,28.671463,16.624128,-0.578961,0.575837,0.000000,-0.102536,21.153258,-0.902374,-1.247495,8.841294,12.311963,-0.001304,0.002292
70.666667,28.687511,16.613599,-0.582377,0.575809,0.000000,-0.102475,21.154843,-0.901129,-1.246694,8.844481,12.310362,-0.001289,0.002335
70.700000,28.703522,16.603015,-0.585792,0.575785,0.000000,-0.102410,21.156563,-0.899858,-1.245858,8.847786,12.308777,-0.001274,0.002378
70.733333,28.719496,16.592377,-0.589205,0.575766,-0.000000,-0.102342,21.158415,-0.898561,-1.244988,8.851206,12.307209,-0.001259,0.002421
70.766667,28.735434,16.581685,-0.592615,0.575750,0.000000,-0.102271,21.160399,-0.897238,-1.244085,8.854741,12.305658,-0.001245,0.002463
70.800000,28.751335,16.570938,-0.596023,0.575739,0.000000,-0.102196,21.162513,-0.895891,-1.243148,8.858389,12.304123,-0.001230,0.002506
70.833333,28.767198,16.560138,-0.599428,0.575731,0.000000,-0.102117,21.164755,-0.894519,-1.242178,8.862149,12.302606,-0.001216,0.002548
70.866667,28.783025,16.549284,-0.602831,0.575728,-0.000000,-0.102035,21.167125,-0.893122,-1.241175,8.866020,12.301105,-0.001201,0.002590
70.900000,28.798815,16.538377,-0.606230,0.575728,0.000000,-0.101950,21.169620,-0.891702,-1.240139,8.869999,12.299621,-0.001187,0.002632
70.933333,28.814567,16.527415,-0.609627,0.575732,0.000000,-0.101862,21.172240,-0.890257,-1.239071,8.874086,12.298154,-0.001172,0.002673
70.966667,28.830283,16.516401,-0.613021,0.575741,0.000000,-0.101770,21.174982,-0.888790,-1.237971,8.878279,12.296703,-0.001158,0.002715
71.000000,28.845961,16.505332,-0.616412,0.575753,-0.000000,-0.101675,21.177846,-0.887300,-1.236839,8.882577,12.295269,-0.001144,0.002756
71.033333,28.861602,16.494211,-0.619800,0.575768,0.000000,-0.101576,21.180829,-0.885787,-1.235676,8.886978,12.293851,-0.001130,0.002797
71.066667,28.877206,16.483036,-0.623184,0.575788,0.000000,-0.101475,21.183931,-0.884252,-1.234481,8.891481,12.292449,-0.001116,0.002837
71.100000,28.892773,16.471808,-0.626565,0.575811,0.000000,-0.101370,21.187149,-0.882695,-1.233256,8.896084,12.291064,-0.001102,0.002878
71.133333,28.908302,16.460527,-0.629942,0.575838,0.000000,-0.101262,21.190482,-0.881117,-1.232000,8.900786,12.289696,-0.001088,0.002918
71.166667,28.923793,16.449193,-0.633315,0.575869,0.000000,-0.101151,21.193928,-0.879517,-1.230714,8.905585,12.288343,-0.001074,0.002958
71.200000,28.939248,16.437806,-0.636685,0.575903,0.000000,-0.101036,21.197486,-0.877897,-1.229399,8.910480,12.287007,-0.001061,0.002998
71.233333,28.954664,16.426367,-0.640051,0.575941,-0.000000,-0.100919,21.201155,-0.876257,-1.228053,8.915469,12.285686,-0.001047,0.003037
71.266667,28.970044,16.414875,-0.643413,0.575983,-0.000000,-0.100799,21.204931,-0.874596,-1.226678,8.920550,12.284381,-0.001033,0.003077
71.300000,28.985386,16.403330,-0.646771,0.576028,0.000000,-0.100676,21.208815,-0.872916,-1.225275,8.925723,12.283092,-0.001020,0.003116
71.333333,29.000690,16.391733,-0.650125,0.576076,0.000000,-0.100550,21.212804,-0.871217,-1.223843,8.930985,12.281819,-0.001007,0.003155
71.366667,29.015956,16.380084,-0.653474,0.576128,0.000000,-0.100421,21.216897,-0.869499,-1.222382,8.936336,12.280561,-0.000993,0.003194
71.400000,29.031185,16.368383,-0.656819,0.576184,0.000000,-0.100289,21.221092,-0.867762,-1.220893,8.941773,12.279319,-0.000980,0.003232
71.433333,29.046376,16.356630,-0.660160,0.576243,0.000000,-0.100154,21.225386,-0.866007,-1.219377,8.947295,12.278091,-0.000967,0.003271
71.466667,29.061530,16.344824,-0.663496,0.576305,0.000000,-0.100016,21.229780,-0.864235,-1.217834,8.952900,12.276879,-0.000954,0.003309
71.500000,29.076646,16.332968,-0.666828,0.576370,0.000000,-0.099876,21.234270,-0.862445,-1.216263,8.958587,12.275682,-0.000941,0.003347
71.533333,29.091724,16.321059,-0.670155,0.576439,-0.000000,-0.099733,21.238855,-0.860638,-1.214666,8.964355,12.274500,-0.000928,0.003384
71.566667,29.106764,16.309099,-0.673477,0.576511,-0.000000,-0.099587,21.243533,-0.858814,-1.213042,8.970201,12.273332,-0.000915,0.003422
71.600000,29.121766,16.297087,-0.676794,0.576586,0.000000,-0.099439,21.248303,-0.856974,-1.211392,8.976124,12.272178,-0.000902,0.003459
71.633333,29.136730,16.285025,-0.680106,0.576664,0.000000,-0.099288,21.253162,-0.855118,-1.209717,8.982123,12.271039,-0.000889,0.003496
71.666667,29.151656,16.272911,-0.683413,0.576746,-0.000000,-0.099134,21.258110,-0.853247,-1.208016,8.988196,12.269914,-0.000877,0.003533
71.700000,29.166545,16.260746,-0.686715,0.576830,0.000000,-0.098978,21.263144,-0.851360,-1.206290,8.994341,12.268803,-0.000864,0.003570
71.733333,29.181395,16.248530,-0.690012,0.576918,-0.000000,-0.098820,21.268262,-0.849459,-1.204540,9.000556,12.267706,-0.000851,0.003606
71.766667,29.196208,16.236264,-0.693303,0.577008,0.000000,-0.098659,21.273463,-0.847543,-1.202765,9.006841,12.266622,-0.000839,0.003642
71.800000,29.210982,16.223947,-0.696589,0.577101,0.000000,-0.098495,21.278745,-0.845613,-1.200966,9.013193,12.265551,-0.000827,0.003678
71.833333,29.225718,16.211579,-0.699869,0.577198,0.000000,-0.098329,21.284105,-0.843669,-1.199143,9.019612,12.264494,-0.000814,0.003714
71.866667,29.240416,16.199161,-0.703144,0.577297,0.000000,-0.098161,21.289543,-0.841712,-1.197297,9.026094,12.263449,-0.000802,0.003750
71.900000,29.255076,16.186693,-0.706413,0.577399,0.000000,-0.097990,21.295057,-0.839742,-1.195428,9.032640,12.262417,-0.000790,0.003785
71.933333,29.269698,16.174175,-0.709677,0.577503,0.000000,-0.097818,21.300643,-0.837759,-1.193536,9.039246,12.261397,-0.000778,0.003820
71.966667,29.284281,16.161607,-0.712935,0.577611,0.000000,-0.097642,21.306302,-0.835764,-1.191622,9.045912,12.260390,-0.000766,0.003855
72.000000,29.298826,16.148989,-0.716186,0.577721,0.000000,-0.097465,21.312030,-0.833757,-1.189685,9.052636,12.259394,-0.000754,0.003890
72.033333,29.313333,16.136321,-0.719432,0.577834,0.000000,-0.097286,21.317826,-0.831739,-1.187727,9.059416,12.258410,-0.000742,0.003924
72.066667,29.327802,16.123604,-0.722672,0.577949,0.000000,-0.097104,21.323689,-0.829709,-1.185748,9.066251,12.257438,-0.000730,0.003959
72.100000,29.342232,16.110838,-0.725906,0.578067,0.000000,-0.096921,21.329616,-0.827668,-1.183747,9.073139,12.256477,-0.000719,0.003993
72.133333,29.356624,16.098022,-0.729134,0.578187,0.000000,-0.096735,21.335605,-0.825616,-1.181726,9.080079,12.255526,-0.000707,0.004027
72.166667,29.370978,16.085158,-0.732355,0.578310,0.000000,-0.096548,21.341654,-0.823555,-1.179684,9.087068,12.254586,-0.000695,0.004060
72.200000,29.385293,16.072244,-0.735570,0.578435,0.000000,-0.096358,21.347762,-0.821483,-1.177623,9.094106,12.253657,-0.000684,0.004094
72.233333,29.399570,16.059282,-0.738779,0.578563,0.000000,-0.096166,21.353927,-0.819402,-1.175541,9.101190,12.252737,-0.000673,0.004127
72.266667,29.413808,16.046271,-0.741981,0.578693,0.000000,-0.095973,21.360147,-0.817312,-1.173440,9.108320,12.251827,-0.000661,0.004160
72.300000,29.428008,16.033212,-0.745177,0.578825,-0.000000,-0.095778,21.366420,-0.815213,-1.171321,9.115493,12.250927,-0.000650,0.004193
72.333333,29.442170,16.020105,-0.748366,0.578959,0.000000,-0.095581,21.372743,-0.813105,-1.169182,9.122708,12.250036,-0.000639,0.004225
72.366667,29.456292,16.006949,-0.751549,0.579095,0.000000,-0.095382,21.379116,-0.810989,-1.167025,9.129963,12.249153,-0.000628,0.004258
72.400000,29.470377,15.993745,-0.754725,0.579234,0.000000,-0.095181,21.385537,-0.808866,-1.164850,9.137257,12.248279,-0.000617,0.004290
72.433333,29.484422,15.980494,-0.757894,0.579375,0.000000,-0.094979,21.392002,-0.806734,-1.162657,9.144589,12.247414,-0.000606,0.004322
72.466667,29.498429,15.967195,-0.761057,0.579517,0.000000,-0.094775,21.398511,-0.804596,-1.160447,9.151956,12.246556,-0.000595,0.004353
72.500000,29.512398,15.953848,-0.764213,0.579662,-0.000000,-0.094570,21.405062,-0.802451,-1.158220,9.159356,12.245705,-0.000584,0.004385
72.533333,29.526328,15.940454,-0.767362,0.579809,0.000000,-0.094363,21.411652,-0.800299,-1.155976,9.166790,12.244862,-0.000573,0.004416
72.566667,29.540219,15.927013,-0.770504,0.579957,0.000000,-0.094154,21.418280,-0.798141,-1.153715,9.174254,12.244026,-0.000563,0.004447
72.600000,29.554071,15.913525,-0.773639,0.580107,0.000000,-0.093944,21.424944,-0.795976,-1.151439,9.181748,12.243196,-0.000552,0.004478
72.633333,29.567885,15.899990,-0.776767,0.580259,0.000000,-0.093732,21.431641,-0.793807,-1.149146,9.189269,12.242372,-0.000542,0.004509
72.666667,29.581660,15.886409,-0.779887,0.580413,-0.000000,-0.093519,21.438371,-0.791631,-1.146839,9.196817,12.241554,-0.000531,0.004539
72.700000,29.595396,15.872781,-0.783001,0.580568,0.000000,-0.093305,21.445131,-0.789451,-1.144516,9.204390,12.240741,-0.000521,0.004569
72.733333,29.609094,15.859106,-0.786108,0.580725,0.000000,-0.093089,21.451918,-0.787267,-1.142178,9.211985,12.239933,-0.000511,0.004599
72.766667,29.622752,15.845386,-0.789207,0.580884,0.000000,-0.092872,21.458733,-0.785077,-1.139826,9.219602,12.239130,-0.000500,0.004629
72.800000,29.636372,15.831619,-0.792299,0.581044,0.000000,-0.092654,21.465571,-0.782884,-1.137460,9.227240,12.238332,-0.000490,0.004659
72.833333,29.649953,15.817807,-0.795384,0.581206,0.000000,-0.092434,21.472432,-0.780687,-1.135080,9.234895,12.237537,-0.000480,0.004688
72.866667,29.663496,15.803949,-0.798462,0.581369,0.000000,-0.092214,21.479314,-0.778486,-1.132687,9.242568,12.236745,-0.000470,0.004717
72.900000,29.676999,15.790045,-0.801532,0.581533,0.000000,-0.091992,21.486214,-0.776282,-1.130280,9.250257,12.235957,-0.000460,0.004746
72.933333,29.690464,15.776096,-0.804594,0.581699,0.000000,-0.091769,21.493130,-0.774075,-1.127860,9.257959,12.235171,-0.000450,0.004775
72.966667,29.703889,15.762102,-0.807650,0.581866,0.000000,-0.091544,21.500062,-0.771865,-1.125428,9.265674,12.234388,-0.000441,0.004803
73.000000,29.717276,15.748063,-0.810697,0.582034,0.000000,-0.091319,21.507007,-0.769653,-1.122984,9.273400,12.233606,-0.000431,0.004832
73.033333,29.730624,15.733980,-0.813737,0.582204,-0.000000,-0.091093,21.513962,-0.767439,-1.120528,9.281136,12.232826,-0.000421,0.004860
73.066667,29.743933,15.719851,-0.816770,0.582374,0.000000,-0.090866,21.520927,-0.765223,-1.118060,9.288880,12.232047,-0.000412,0.004888
73.100000,29.757202,15.705679,-0.819795,0.582546,-0.000000,-0.090637,21.527899,-0.763006,-1.115581,9.296630,12.231268,-0.000402,0.004915
73.133333,29.770433,15.691462,-0.822813,0.582718,-0.000000,-0.090408,21.534876,-0.760787,-1.113091,9.304386,12.230490,-0.000393,0.004943
73.166667,29.783625,15.677201,-0.825822,0.582892,0.000000,-0.090178,21.541856,-0.758567,-1.110590,9.312145,12.229712,-0.000384,0.004970
73.200000,29.796778,15.662896,-0.828825,0.583066,0.000000,-0.089948,21.548839,-0.756347,-1.108079,9.319906,12.228932,-0.000374,0.004997
73.233333,29.809892,15.648548,-0.831819,0.583242,-0.000000,-0.089716,21.555820,-0.754126,-1.105558,9.327668,12.228152,-0.000365,0.005024
73.266667,29.822967,15.634156,-0.834806,0.583418,0.000000,-0.089484,21.562800,-0.751904,-1.103027,9.335430,12.227370,-0.000356,0.005050
73.300000,29.836003,15.619720,-0.837784,0.583595,-0.000000,-0.089250,21.569776,-0.749683,-1.100486,9.343189,12.226586,-0.000347,0.005077
73.333333,29.849000,15.605242,-0.840756,0.583773,0.000000,-0.089016,21.576745,-0.747462,-1.097936,9.350945,12.225800,-0.000338,0.005103
73.366667,29.861957,15.590721,-0.843719,0.583951,-0.000000,-0.088782,21.583707,-0.745242,-1.095378,9.358697,12.225010,-0.000329,0.005129
73.400000,29.874876,15.576157,-0.846674,0.584130,0.000000,-0.088547,21.590659,-0.743022,-1.092811,9.366441,12.224218,-0.000321,0.005155
73.433333,29.887756,15.561550,-0.849622,0.584309,-0.000000,-0.088311,21.597600,-0.740803,-1.090236,9.374179,12.223421,-0.000312,0.005180
73.466667,29.900596,15.546901,-0.852562,0.584489,0.000000,-0.088075,21.604527,-0.738586,-1.087652,9.381907,12.222620,-0.000303,0.005206
73.500000,29.913397,15.532210,-0.855494,0.584670,0.000000,-0.087838,21.611439,-0.736370,-1.085061,9.389624,12.221815,-0.000295,0.005231
73.533333,29.926160,15.517477,-0.858418,0.584851,-0.000000,-0.087600,21.618334,-0.734155,-1.082463,9.397330,12.221004,-0.000286,0.005256
73.566667,29.938883,15.502702,-0.861334,0.585032,0.000000,-0.087362,21.625210,-0.731943,-1.079857,9.405023,12.220187,-0.000278,0.005280
73.600000,29.951567,15.487885,-0.864242,0.585214,0.000000,-0.087124,21.632066,-0.729733,-1.077245,9.412701,12.219365,-0.000269,0.005305
73.633333,29.964211,15.473028,-0.867142,0.585396,-0.000000,-0.086885,21.638898,-0.727525,-1.074626,9.420363,12.218535,-0.000261,0.005329
73.666667,29.976817,15.458129,-0.870034,0.585578,-0.000000,-0.086646,21.645707,-0.725320,-1.072001,9.428008,12.217699,-0.000253,0.005353
73.700000,29.989383,15.443189,-0.872918,0.585760,0.000000,-0.086406,21.652489,-0.723117,-1.069370,9.435634,12.216855,-0.000245,0.005377
73.733333,30.001911,15.428208,-0.875795,0.585942,-0.000000,-0.086167,21.659244,-0.720918,-1.066733,9.443241,12.216003,-0.000237,0.005400
73.766667,30.014399,15.413186,-0.878663,0.586124,0.000000,-0.085926,21.665968,-0.718722,-1.064091,9.450826,12.215142,-0.000229,0.005424
73.800000,30.026848,15.398124,-0.881523,0.586307,0.000000,-0.085686,21.672661,-0.716530,-1.061444,9.458389,12.214272,-0.000221,0.005447
73.833333,30.039257,15.383023,-0.884375,0.586489,0.000000,-0.085445,21.679321,-0.714341,-1.058792,9.465928,12.213393,-0.000213,0.005470
73.866667,30.051628,15.367881,-0.887219,0.586671,0.000000,-0.085204,21.685946,-0.712156,-1.056135,9.473442,12.212503,-0.000205,0.005493
73.900000,30.063959,15.352699,-0.890055,0.586853,0.000000,-0.084963,21.692534,-0.709975,-1.053474,9.480930,12.211603,-0.000198,0.005515
73.933333,30.076251,15.337477,-0.892884,0.587035,0.000000,-0.084722,21.699083,-0.707799,-1.050809,9.488390,12.210692,-0.000190,0.005537
73.966667,30.088504,15.322217,-0.895704,0.587217,-0.000000,-0.084481,21.705592,-0.705627,-1.048140,9.495822,12.209770,-0.000182,0.005560
74.000000,30.100717,15.306917,-0.898516,0.587398,-0.000000,-0.084239,21.712058,-0.703459,-1.045468,9.503223,12.208835,-0.000175,0.005581
74.033333,30.112891,15.291578,-0.901320,0.587579,0.000000,-0.083998,21.718481,-0.701297,-1.042792,9.510593,12.207888,-0.000168,0.005603
74.066667,30.125026,15.276200,-0.904115,0.587760,0.000000,-0.083756,21.724859,-0.699139,-1.040113,9.517930,12.206928,-0.000160,0.005625
74.100000,30.137122,15.260784,-0.906903,0.587940,-0.000000,-0.083515,21.731189,-0.696987,-1.037432,9.525234,12.205955,-0.000153,0.005646
74.133333,30.149178,15.245330,-0.909683,0.588120,0.000000,-0.083273,21.737470,-0.694841,-1.034748,9.532503,12.204967,-0.000146,0.005667
74.166667,30.161195,15.229837,-0.912455,0.588299,0.000000,-0.083032,21.743700,-0.692700,-1.032062,9.539735,12.203965,-0.000139,0.005688
74.200000,30.173173,15.214306,-0.915219,0.588477,0.000000,-0.082791,21.749878,-0.690565,-1.029374,9.546930,12.202948,-0.000132,0.005708
74.233333,30.185112,15.198738,-0.917974,0.588655,-0.000000,-0.082549,21.756002,-0.688435,-1.026684,9.554087,12.201915,-0.000125,0.005729
74.266667,30.197011,15.183132,-0.920722,0.588833,0.000000,-0.082308,21.762070,-0.686312,-1.023993,9.561204,12.200866,-0.000118,0.005749
74.300000,30.208871,15.167489,-0.923461,0.589009,-0.000000,-0.082067,21.768080,-0.684196,-1.021300,9.568280,12.199801,-0.000111,0.005769
74.333333,30.220692,15.151809,-0.926193,0.589185,0.000000,-0.081826,21.774032,-0.682085,-1.018607,9.575313,12.198719,-0.000105,0.005789
74.366667,30.232473,15.136092,-0.928917,0.589360,0.000000,-0.081586,21.779923,-0.679982,-1.015913,9.582304,12.197619,-0.000098,0.005808
74.400000,30.244215,15.120339,-0.931632,0.589534,0.000000,-0.081345,21.785751,-0.677885,-1.013218,9.589251,12.196501,-0.000091,0.005828
74.433333,30.255918,15.104549,-0.934340,0.589707,0.000000,-0.081105,21.791516,-0.675795,-1.010523,9.596152,12.195364,-0.000085,0.005847
74.466667,30.267581,15.088722,-0.937039,0.589879,-0.000000,-0.080865,21.797215,-0.673713,-1.007828,9.603006,12.194209,-0.000079,0.005866
74.500000,30.279205,15.072860,-0.939731,0.590050,-0.000000,-0.080626,21.802847,-0.671637,-1.005133,9.609813,12.193034,-0.000072,0.005884
74.533333,30.290790,15.056962,-0.942414,0.590220,0.000000,-0.080386,21.808410,-0.669569,-1.002439,9.616571,12.191838,-0.000066,0.005903
74.566667,30.302335,15.041028,-0.945090,0.590389,0.000000,-0.080147,21.813902,-0.667509,-0.999745,9.623279,12.190623,-0.000060,0.005921
74.600000,30.313842,15.025059,-0.947757,0.590557,0.000000,-0.079909,21.819323,-0.665457,-0.997052,9.629937,12.189386,-0.000054,0.005939
74.633333,30.325308,15.009055,-0.950417,0.590723,0.000000,-0.079671,21.824670,-0.663412,-0.994361,9.636542,12.188128,-0.000048,0.005957
74.666667,30.336736,14.993016,-0.953069,0.590889,0.000000,-0.079433,21.829942,-0.661376,-0.991671,9.643095,12.186847,-0.000042,0.005974
74.700000,30.348124,14.976943,-0.955712,0.591053,0.000000,-0.079195,21.835137,-0.659347,-0.988982,9.649593,12.185544,-0.000036,0.005992
74.733333,30.359473,14.960835,-0.958348,0.591215,-0.000000,-0.078959,21.840254,-0.657327,-0.986295,9.656036,12.184218,-0.000030,0.006009
74.766667,30.370782,14.944692,-0.960976,0.591377,0.000000,-0.078722,21.845291,-0.655316,-0.983610,9.662423,12.182868,-0.000024,0.006026
74.800000,30.382052,14.928516,-0.963596,0.591537,-0.000000,-0.078486,21.850248,-0.653313,-0.980928,9.668753,12.181495,-0.000019,0.006043
74.833333,30.393283,14.912306,-0.966209,0.591695,0.000000,-0.078251,21.855121,-0.651319,-0.978247,9.675025,12.180096,-0.000013,0.006059
74.866667,30.404474,14.896062,-0.968813,0.591852,0.000000,-0.078016,21.859910,-0.649333,-0.975570,9.681237,12.178673,-0.000007,0.006076
74.900000,30.415627,14.879785,-0.971410,0.592007,0.000000,-0.077782,21.864614,-0.647357,-0.972895,9.687390,12.177224,-0.000002,0.006092
74.933333,30.426739,14.863475,-0.973999,0.592161,0.000000,-0.077548,21.869230,-0.645390,-0.970224,9.693481,12.175749,0.000003,0.006108
74.966667,30.437813,14.847132,-0.976580,0.592313,-0.000000,-0.077315,21.873758,-0.643432,-0.967556,9.699510,12.174248,0.000009,0.006123
75.000000,30.448847,14.830756,-0.979153,0.592463,0.000000,-0.077082,21.878196,-0.641483,-0.964891,9.705476,12.172720,0.000014,0.006139
75.033333,30.459842,14.814348,-0.981718,0.592612,0.000000,-0.076851,21.882542,-0.639544,-0.962230,9.711378,12.171164,0.000019,0.006154
75.066667,30.470797,14.797907,-0.984276,0.592759,-0.000000,-0.076619,21.886795,-0.637615,-0.959573,9.717215,12.169580,0.000024,0.006169
75.100000,30.481713,14.781435,-0.986826,0.592904,-0.000000,-0.076389,21.890954,-0.635695,-0.956920,9.722986,12.167968,0.000029,0.006184
75.133333,30.492590,14.764931,-0.989369,0.593047,0.000000,-0.076159,21.895017,-0.633785,-0.954271,9.728690,12.166327,0.000034,0.006199
75.166667,30.503427,14.748395,-0.991904,0.593188,0.000000,-0.075930,21.898983,-0.631886,-0.951627,9.734327,12.164656,0.000039,0.006213
75.200000,30.514225,14.731828,-0.994431,0.593327,0.000000,-0.075702,21.902850,-0.629996,-0.948988,9.739895,12.162955,0.000044,0.006227
75.233333,30.524984,14.715230,-0.996950,0.593465,0.000000,-0.075474,21.906618,-0.628116,-0.946353,9.745393,12.161225,0.000048,0.006241
75.266667,30.535703,14.698602,-0.999462,0.593600,0.000000,-0.075247,21.910284,-0.626247,-0.943724,9.750821,12.159463,0.000053,0.006255
75.300000,30.546383,14.681942,-1.001967,0.593733,0.000000,-0.075021,21.913848,-0.624388,-0.941100,9.756177,12.157670,0.000057,0.006269
75.333333,30.557024,14.665252,-1.004464,0.593864,-0.000000,-0.074796,21.917307,-0.622540,-0.938481,9.761462,12.155845,0.000062,0.006282
75.366667,30.567625,14.648532,-1.006953,0.593993,0.000000,-0.074571,21.920662,-0.620702,-0.935868,9.766673,12.153989,0.000066,0.006295
75.400000,30.578188,14.631783,-1.009435,0.594119,0.000000,-0.074348,21.923910,-0.618875,-0.933260,9.771811,12.152099,0.000071,0.006308
75.433333,30.588710,14.615003,-1.011910,0.594244,0.000000,-0.074125,21.927050,-0.617059,-0.930659,9.776873,12.150176,0.000075,0.006321
75.466667,30.599194,14.598194,-1.014377,0.594366,0.000000,-0.073903,21.930081,-0.615254,-0.928064,9.781860,12.148220,0.000079,0.006333
75.500000,30.609638,14.581356,-1.016837,0.594486,0.000000,-0.073682,21.933001,-0.613459,-0.925475,9.786771,12.146230,0.000083,0.006346
75.533333,30.620043,14.564489,-1.019289,0.594603,0.000000,-0.073462,21.935810,-0.611676,-0.922893,9.791605,12.144206,0.000087,0.006358
75.566667,30.630408,14.547593,-1.021734,0.594718,0.000000,-0.073243,21.938506,-0.609904,-0.920318,9.796360,12.142146,0.000091,0.006369
75.600000,30.640734,14.530669,-1.024172,0.594831,0.000000,-0.073025,21.941088,-0.608144,-0.917749,9.801037,12.140051,0.000095,0.006381
75.633333,30.651021,14.513716,-1.026602,0.594941,0.000000,-0.072807,21.943554,-0.606395,-0.915188,9.805634,12.137921,0.000099,0.006393
75.666667,30.661269,14.496736,-1.029026,0.595049,0.000000,-0.072591,21.945904,-0.604657,-0.912634,9.810151,12.135754,0.000103,0.006404
75.700000,30.671477,14.479727,-1.031442,0.595154,0.000000,-0.072376,21.948137,-0.602931,-0.910087,9.814586,12.133550,0.000106,0.006415
75.733333,30.681646,14.462691,-1.033851,0.595256,-0.000000,-0.072161,21.950250,-0.601216,-0.907548,9.818940,12.131310,0.000110,0.006426
75.766667,30.691776,14.445628,-1.036253,0.595356,0.000000,-0.071948,21.952243,-0.599514,-0.905016,9.823211,12.129032,0.000113,0.006436
75.800000,30.701867,14.428538,-1.038647,0.595453,0.000000,-0.071736,21.954115,-0.597823,-0.902492,9.827398,12.126716,0.000117,0.006446
75.833333,30.711918,14.411421,-1.041035,0.595548,0.000000,-0.071524,21.955864,-0.596144,-0.899977,9.831502,12.124362,0.000120,0.006457
75.866667,30.721930,14.394277,-1.043416,0.595639,0.000000,-0.071314,21.957490,-0.594477,-0.897470,9.835520,12.121970,0.000123,0.006467
75.900000,30.731902,14.377107,-1.045789,0.595728,0.000000,-0.071105,21.958991,-0.592822,-0.894971,9.839453,12.119538,0.000127,0.006476
75.933333,30.741836,14.359911,-1.048156,0.595814,-0.000000,-0.070897,21.960366,-0.591179,-0.892480,9.843300,12.117067,0.000130,0.006486
75.966667,30.751730,14.342689,-1.050516,0.595898,-0.000000,-0.070690,21.961615,-0.589549,-0.889998,9.847059,12.114556,0.000133,0.006495
76.000000,30.761585,14.325441,-1.052869,0.595978,0.000000,-0.070484,21.962736,-0.587931,-0.887525,9.850731,12.112004,0.000136,0.006504
76.033333,30.771400,14.308168,-1.055215,0.596056,0.000000,-0.070279,21.963727,-0.586325,-0.885062,9.854315,12.109412,0.000139,0.006513
76.066667,30.781177,14.290869,-1.057554,0.596130,0.000000,-0.070075,21.964589,-0.584732,-0.882607,9.857809,12.106779,0.000141,0.006522
76.100000,30.790914,14.273546,-1.059886,0.596202,0.000000,-0.069873,21.965319,-0.583151,-0.880161,9.861214,12.104105,0.000144,0.006530
76.133333,30.800612,14.256198,-1.062212,0.596270,0.000000,-0.069671,21.965917,-0.581584,-0.877725,9.864529,12.101388,0.000147,0.006538
76.166667,30.810270,14.238826,-1.064531,0.596336,0.000000,-0.069471,21.966382,-0.580028,-0.875299,9.867752,12.098630,0.000149,0.006546
76.200000,30.819890,14.221430,-1.066843,0.596398,-0.000000,-0.069272,21.966713,-0.578486,-0.872882,9.870884,12.095829,0.000152,0.006554
76.233333,30.829470,14.204009,-1.069149,0.596458,-0.000000,-0.069074,21.966909,-0.576956,-0.870475,9.873923,12.092985,0.000154,0.006562
76.266667,30.839011,14.186565,-1.071448,0.596514,0.000000,-0.068878,21.966968,-0.575439,-0.868078,9.876870,12.090098,0.000157,0.006569
76.300000,30.848513,14.169098,-1.073741,0.596567,0.000000,-0.068682,21.966891,-0.573936,-0.865692,9.879723,12.087168,0.000159,0.006576
76.333333,30.857976,14.151607,-1.076027,0.596617,0.000000,-0.068488,21.966675,-0.572445,-0.863315,9.882482,12.084194,0.000161,0.006583
76.366667,30.867399,14.134093,-1.078307,0.596663,0.000000,-0.068295,21.966321,-0.570967,-0.860949,9.885146,12.081175,0.000164,0.006590
76.400000,30.876783,14.116557,-1.080580,0.596706,0.000000,-0.068103,21.965827,-0.569503,-0.858594,9.887715,12.078112,0.000166,0.006596
76.433333,30.886128,14.098998,-1.082847,0.596746,0.000000,-0.067912,21.965192,-0.568052,-0.856249,9.890188,12.075004,0.000168,0.006603
76.466667,30.895434,14.081416,-1.085108,0.596783,-0.000000,-0.067723,21.964415,-0.566614,-0.853916,9.892564,12.071850,0.000170,0.006609
76.500000,30.904701,14.063813,-1.087362,0.596816,0.000000,-0.067535,21.963495,-0.565190,-0.851593,9.894844,12.068652,0.000171,0.006615
76.533333,30.913928,14.046188,-1.089610,0.596846,-0.000000,-0.067349,21.962432,-0.563779,-0.849281,9.897025,12.065407,0.000173,0.006620
76.566667,30.923117,14.028542,-1.091852,0.596872,-0.000000,-0.067163,21.961225,-0.562382,-0.846980,9.899109,12.062116,0.000175,0.006626
76.600000,30.932266,14.010874,-1.094088,0.596895,-0.000000,-0.066979,21.959873,-0.560998,-0.844691,9.901094,12.058779,0.000177,0.006631
76.633333,30.941376,13.993185,-1.096317,0.596915,0.000000,-0.066796,21.958375,-0.559628,-0.842414,9.902980,12.055395,0.000178,0.006636
76.666667,30.950447,13.975476,-1.098541,0.596931,-0.000000,-0.066615,21.956730,-0.558272,-0.840148,9.904766,12.051964,0.000180,0.006641
76.700000,30.959479,13.957746,-1.100758,0.596943,-0.000000,-0.066435,21.954937,-0.556929,-0.837893,9.906451,12.048486,0.000181,0.006645
76.733333,30.968472,13.939996,-1.102970,0.596952,0.000000,-0.066256,21.952996,-0.555600,-0.835651,9.908036,12.044960,0.000182,0.006650
76.766667,30.977425,13.922225,-1.105175,0.596958,-0.000000,-0.066078,21.950906,-0.554285,-0.833420,9.909519,12.041386,0.000184,0.006654
76.800000,30.986340,13.904435,-1.107375,0.596959,0.000000,-0.065902,21.948666,-0.552985,-0.831202,9.910901,12.037765,0.000185,0.006658
76.833333,30.995215,13.886626,-1.109569,0.596957,-0.000000,-0.065728,21.946275,-0.551698,-0.828996,9.912181,12.034095,0.000186,0.006662
76.866667,31.004051,13.868797,-1.111757,0.596952,0.000000,-0.065554,21.943733,-0.550425,-0.826802,9.913357,12.030376,0.000187,0.006665
76.900000,31.012848,13.850949,-1.113939,0.596942,0.000000,-0.065382,21.941039,-0.549166,-0.824621,9.914431,12.026608,0.000188,0.006668
76.933333,31.021606,13.833082,-1.116116,0.596929,0.000000,-0.065212,21.938192,-0.547922,-0.822452,9.915400,12.022792,0.000189,0.006671
76.966667,31.030326,13.815197,-1.118286,0.596912,-0.000000,-0.065043,21.935192,-0.546692,-0.820296,9.916266,12.018926,0.000190,0.006674
77.000000,31.039005,13.797293,-1.120452,0.596892,-0.000000,-0.064875,21.932037,-0.545476,-0.818152,9.917027,12.015010,0.000190,0.006677
77.033333,31.047646,13.779371,-1.122611,0.596868,-0.000000,-0.064709,21.928728,-0.544274,-0.816022,9.917683,12.011045,0.000191,0.006679
77.066667,31.056248,13.761432,-1.124766,0.596839,0.000000,-0.064544,21.925263,-0.543087,-0.813905,9.918233,12.007030,0.000192,0.006682
77.100000,31.064811,13.743475,-1.126914,0.596807,-0.000000,-0.064381,21.921642,-0.541914,-0.811801,9.918678,12.002964,0.000192,0.006684
77.133333,31.073335,13.725501,-1.129058,0.596771,0.000000,-0.064219,21.917864,-0.540756,-0.809710,9.919016,11.998848,0.000193,0.006686
77.166667,31.081819,13.707509,-1.131196,0.596732,0.000000,-0.064058,21.913929,-0.539613,-0.807632,9.919247,11.994682,0.000193,0.006687
77.200000,31.090265,13.689501,-1.133328,0.596688,0.000000,-0.063899,21.909836,-0.538484,-0.805568,9.919371,11.990464,0.000193,0.006689
77.233333,31.098672,13.671476,-1.135456,0.596640,0.000000,-0.063741,21.905584,-0.537370,-0.803517,9.919388,11.986196,0.000194,0.006690
77.266667,31.107039,13.653435,-1.137578,0.596589,0.000000,-0.063585,21.901174,-0.536271,-0.801481,9.919297,11.981877,0.000194,0.006691
77.300000,31.115368,13.635378,-1.139695,0.596533,-0.000000,-0.063431,21.896603,-0.535186,-0.799457,9.919097,11.977506,0.000194,0.006691
77.333333,31.123658,13.617305,-1.141806,0.596474,-0.000000,-0.063278,21.891873,-0.534117,-0.797448,9.918789,11.973084,0.000194,0.006692
77.366667,31.131908,13.599216,-1.143913,0.596410,-0.000000,-0.063126,21.886982,-0.533062,-0.795453,9.918372,11.968610,0.000194,0.006692
77.400000,31.140120,13.581112,-1.146015,0.596342,-0.000000,-0.062976,21.881929,-0.532022,-0.793472,9.917845,11.964084,0.000194,0.006692
77.433333,31.148293,13.562993,-1.148111,0.596271,0.000000,-0.062827,21.876715,-0.530998,-0.791505,9.917209,11.959507,0.000193,0.006692
77.466667,31.156427,13.544860,-1.150203,0.596195,0.000000,-0.062680,21.871339,-0.529988,-0.789553,9.916462,11.954877,0.000193,0.006692
77.500000,31.164521,13.526711,-1.152290,0.596115,-0.000000,-0.062535,21.865800,-0.528994,-0.787614,9.915605,11.950195,0.000193,0.006691
77.533333,31.172577,13.508548,-1.154372,0.596031,-0.000000,-0.062391,21.860098,-0.528014,-0.785691,9.914637,11.945461,0.000192,0.006691
77.566667,31.180594,13.490372,-1.156450,0.595943,-0.000000,-0.062249,21.854233,-0.527050,-0.783782,9.913558,11.940675,0.000192,0.006690
77.600000,31.188572,13.472181,-1.158522,0.595851,-0.000000,-0.062108,21.848203,-0.526102,-0.781887,9.912367,11.935836,0.000191,0.006688
77.633333,31.196511,13.453977,-1.160590,0.595754,-0.000000,-0.061969,21.842009,-0.525168,-0.780007,9.911065,11.930944,0.000190,0.006687
77.666667,31.204411,13.435759,-1.162653,0.595654,0.000000,-0.061831,21.835650,-0.524251,-0.778143,9.909651,11.925999,0.000190,0.006685
77.700000,31.212272,13.417528,-1.164712,0.595549,-0.000000,-0.061695,21.829126,-0.523348,-0.776293,9.908124,11.921002,0.000189,0.006684
77.733333,31.220094,13.399285,-1.166766,0.595440,0.000000,-0.061560,21.822437,-0.522461,-0.774458,9.906485,11.915952,0.000188,0.006682
77.766667,31.227878,13.381029,-1.168816,0.595327,0.000000,-0.061427,21.815582,-0.521590,-0.772639,9.904733,11.910849,0.000187,0.006679
77.800000,31.235622,13.362760,-1.170862,0.595209,0.000000,-0.061296,21.808560,-0.520735,-0.770834,9.902867,11.905693,0.000186,0.006677
77.833333,31.243328,13.344479,-1.172903,0.595087,-0.000000,-0.061166,21.801372,-0.519895,-0.769046,9.900889,11.900483,0.000185,0.006674
77.866667,31.250994,13.326187,-1.174939,0.594961,0.000000,-0.061038,21.794017,-0.519070,-0.767272,9.898796,11.895221,0.000184,0.006671
77.900000,31.258622,13.307883,-1.176972,0.594831,0.000000,-0.060911,21.786495,-0.518262,-0.765514,9.896589,11.889905,0.000182,0.006668
77.933333,31.266211,13.289567,-1.179000,0.594696,-0.000000,-0.060787,21.778805,-0.517470,-0.763772,9.894268,11.884536,0.000181,0.006665
77.966667,31.273761,13.271241,-1.181024,0.594557,0.000000,-0.060663,21.770947,-0.516693,-0.762045,9.891833,11.879114,0.000180,0.006661
78.000000,31.281272,13.252903,-1.183044,0.594414,0.000000,-0.060542,21.762922,-0.515933,-0.760334,9.889283,11.873639,0.000178,0.006658
78.033333,31.288745,13.234555,-1.185060,0.594266,0.000000,-0.060422,21.754728,-0.515188,-0.758639,9.886618,11.868110,0.000177,0.006654
78.066667,31.296178,13.216197,-1.187072,0.594114,0.000000,-0.060304,21.746366,-0.514459,-0.756960,9.883838,11.862528,0.000175,0.006650
78.100000,31.303573,13.197828,-1.189081,0.593958,-0.000000,-0.060187,21.737835,-0.513747,-0.755297,9.880942,11.856893,0.000173,0.006645
78.133333,31.310929,13.179449,-1.191085,0.593797,-0.000000,-0.060072,21.729136,-0.513051,-0.753651,9.877931,11.851204,0.000171,0.006641
78.166667,31.318246,13.161061,-1.193085,0.593632,0.000000,-0.059959,21.720267,-0.512371,-0.752020,9.874804,11.845463,0.000170,0.006636
78.200000,31.325524,13.142664,-1.195082,0.593462,0.000000,-0.059847,21.711229,-0.511708,-0.750406,9.871561,11.839667,0.000168,0.006631
78.233333,31.332763,13.124257,-1.197075,0.593288,-0.000000,-0.059737,21.702021,-0.511060,-0.748808,9.868202,11.833819,0.000166,0.006625
78.266667,31.339964,13.105841,-1.199065,0.593109,0.000000,-0.059629,21.692644,-0.510430,-0.747226,9.864727,11.827918,0.000164,0.006620
78.300000,31.347125,13.087417,-1.201050,0.592926,-0.000000,-0.059522,21.683098,-0.509815,-0.745661,9.861135,11.821963,0.000161,0.006614
78.333333,31.354248,13.068984,-1.203033,0.592739,0.000000,-0.059418,21.673381,-0.509218,-0.744113,9.857426,11.815955,0.000159,0.006609
78.366667,31.361333,13.050543,-1.205012,0.592547,0.000000,-0.059315,21.663495,-0.508636,-0.742582,9.853600,11.809895,0.000157,0.006602
78.400000,31.368378,13.032095,-1.206987,0.592351,-0.000000,-0.059213,21.653439,-0.508072,-0.741067,9.849658,11.803781,0.000155,0.006596
78.433333,31.375385,13.013638,-1.208959,0.592150,-0.000000,-0.059114,21.643212,-0.507524,-0.739569,9.845598,11.797614,0.000152,0.006590
78.466667,31.382352,12.995174,-1.210928,0.591945,0.000000,-0.059016,21.632816,-0.506993,-0.738088,9.841421,11.791395,0.000150,0.006583
78.500000,31.389281,12.976703,-1.212894,0.591735,0.000000,-0.058919,21.622249,-0.506479,-0.736624,9.837126,11.785123,0.000147,0.006576
78.533333,31.396172,12.958225,-1.214856,0.591520,-0.000000,-0.058825,21.611513,-0.505982,-0.735178,9.832714,11.778798,0.000144,0.006569
78.566667,31.403023,12.939740,-1.216815,0.591302,0.000000,-0.058732,21.600606,-0.505502,-0.733748,9.828185,11.772421,0.000141,0.006561
78.600000,31.409836,12.921249,-1.218771,0.591078,0.000000,-0.058642,21.589529,-0.505038,-0.732336,9.823537,11.765992,0.000139,0.006554
78.633333,31.416610,12.902752,-1.220725,0.590850,-0.000000,-0.058552,21.578281,-0.504592,-0.730941,9.818771,11.759510,0.000136,0.006546
78.666667,31.423346,12.884248,-1.222675,0.590618,0.000000,-0.058465,21.566864,-0.504163,-0.729563,9.813888,11.752976,0.000133,0.006538
78.700000,31.430042,12.865739,-1.224622,0.590381,0.000000,-0.058379,21.555276,-0.503751,-0.728203,9.808886,11.746390,0.000130,0.006530
78.733333,31.436700,12.847224,-1.226567,0.590140,0.000000,-0.058296,21.543519,-0.503356,-0.726861,9.803766,11.739753,0.000127,0.006521
78.766667,31.443319,12.828705,-1.228509,0.589894,0.000000,-0.058214,21.531591,-0.502979,-0.725536,9.798528,11.733063,0.000123,0.006513
78.800000,31.449900,12.810180,-1.230448,0.589643,0.000000,-0.058134,21.519494,-0.502619,-0.724229,9.793171,11.726322,0.000120,0.006504
78.833333,31.456441,12.791650,-1.232384,0.589388,0.000000,-0.058055,21.507227,-0.502277,-0.722940,9.787696,11.719530,0.000117,0.006495
78.866667,31.462944,12.773116,-1.234318,0.589128,0.000000,-0.057979,21.494790,-0.501952,-0.721668,9.782103,11.712687,0.000113,0.006485
78.900000,31.469409,12.754577,-1.236249,0.588864,0.000000,-0.057904,21.482183,-0.501645,-0.720415,9.776390,11.705793,0.000110,0.006476
78.933333,31.475834,12.736035,-1.238178,0.588595,0.000000,-0.057831,21.469408,-0.501355,-0.719179,9.770560,11.698848,0.000106,0.006466
78.966667,31.482221,12.717488,-1.240105,0.588322,0.000000,-0.057760,21.456463,-0.501083,-0.717962,9.764610,11.691852,0.000103,0.006456
79.000000,31.488569,12.698938,-1.242029,0.588044,-0.000000,-0.057691,21.443348,-0.500829,-0.716763,9.758542,11.684806,0.000099,0.006446
79.033333,31.494879,12.680385,-1.243951,0.587761,0.000000,-0.057623,21.430066,-0.500592,-0.715582,9.752355,11.677710,0.000095,0.006436
79.066667,31.501150,12.661829,-1.245871,0.587474,-0.000000,-0.057558,21.416614,-0.500374,-0.714419,9.746050,11.670564,0.000091,0.006425
79.100000,31.507382,12.643270,-1.247788,0.587183,0.000000,-0.057494,21.402994,-0.500173,-0.713275,9.739625,11.663369,0.000087,0.006414
79.133333,31.513575,12.624708,-1.249704,0.586887,0.000000,-0.057432,21.389206,-0.499991,-0.712149,9.733082,11.656124,0.000083,0.006403
79.166667,31.519730,12.606144,-1.251617,0.586586,-0.000000,-0.057372,21.375250,-0.499827,-0.711041,9.726420,11.648830,0.000079,0.006392
79.200000,31.525846,12.587577,-1.253528,0.586280,0.000000,-0.057314,21.361126,-0.499680,-0.709952,9.719639,11.641487,0.000075,0.006381
79.233333,31.531924,12.569009,-1.255438,0.585971,-0.000000,-0.057258,21.346834,-0.499552,-0.708882,9.712739,11.634095,0.000071,0.006369
79.266667,31.537962,12.550439,-1.257346,0.585656,-0.000000,-0.057204,21.332376,-0.499443,-0.707831,9.705721,11.626655,0.000066,0.006357
79.300000,31.543962,12.531868,-1.259252,0.585337,0.000000,-0.057152,21.317751,-0.499352,-0.706798,9.698584,11.619167,0.000062,0.006345
79.333333,31.549924,12.513295,-1.261156,0.585013,-0.000000,-0.057101,21.302959,-0.499279,-0.705784,9.691328,11.611631,0.000058,0.006333
79.366667,31.555847,12.494722,-1.263058,0.584685,-0.000000,-0.057053,21.288001,-0.499225,-0.704789,9.683953,11.604048,0.000053,0.006320
79.400000,31.561731,12.476147,-1.264959,0.584352,0.000000,-0.057006,21.272877,-0.499189,-0.703813,9.676460,11.596418,0.000048,0.006308
79.433333,31.567576,12.457573,-1.266859,0.584015,-0.000000,-0.056962,21.257588,-0.499172,-0.702856,9.668848,11.588740,0.000044,0.006295
79.466667,31.573383,12.438998,-1.268757,0.583673,-0.000000,-0.056919,21.242134,-0.499174,-0.701918,9.661117,11.581017,0.000039,0.006282
79.500000,31.579151,12.420423,-1.270653,0.583327,0.000000,-0.056878,21.226515,-0.499194,-0.701000,9.653268,11.573247,0.000034,0.006268
79.533333,31.584881,12.401848,-1.272549,0.582976,0.000000,-0.056839,21.210732,-0.499234,-0.700100,9.645301,11.565431,0.000029,0.006255
79.566667,31.590572,12.383273,-1.274443,0.582620,0.000000,-0.056803,21.194785,-0.499292,-0.699220,9.637215,11.557570,0.000024,0.006241
79.600000,31.596224,12.364700,-1.276335,0.582260,-0.000000,-0.056768,21.178675,-0.499370,-0.698359,9.629011,11.549664,0.000019,0.006227
79.633333,31.601837,12.346127,-1.278227,0.581896,0.000000,-0.056735,21.162402,-0.499467,-0.697518,9.620688,11.541713,0.000014,0.006213
79.666667,31.607412,12.327555,-1.280118,0.581527,0.000000,-0.056704,21.145966,-0.499582,-0.696696,9.612248,11.533718,0.000009,0.006198
79.700000,31.612948,12.308985,-1.282007,0.581153,0.000000,-0.056675,21.129368,-0.499717,-0.695894,9.603689,11.525679,0.000003,0.006184
79.733333,31.618446,12.290416,-1.283896,0.580775,0.000000,-0.056648,21.112609,-0.499872,-0.695111,9.595013,11.517597,-0.000002,0.006169
79.766667,31.623905,12.271849,-1.285784,0.580392,-0.000000,-0.056623,21.095689,-0.500046,-0.694348,9.586218,11.509471,-0.000007,0.006154
79.800000,31.629325,12.253284,-1.287671,0.580005,0.000000,-0.056601,21.078609,-0.500239,-0.693605,9.577306,11.501303,-0.000013,0.006138
79.833333,31.634707,12.234722,-1.289557,0.579614,0.000000,-0.056580,21.061368,-0.500452,-0.692881,9.568277,11.493092,-0.000018,0.006123
79.866667,31.640050,12.216162,-1.291443,0.579218,0.000000,-0.056561,21.043969,-0.500685,-0.692178,9.559130,11.484839,-0.000024,0.006107
79.900000,31.645354,12.197604,-1.293328,0.578817,0.000000,-0.056544,21.026410,-0.500937,-0.691494,9.549865,11.476545,-0.000030,0.006091
79.933333,31.650620,12.179050,-1.295213,0.578412,-0.000000,-0.056529,21.008694,-0.501209,-0.690830,9.540484,11.468210,-0.000036,0.006075
79.966667,31.655847,12.160498,-1.297097,0.578003,-0.000000,-0.056517,20.990820,-0.501501,-0.690187,9.530985,11.459835,-0.000042,0.006059
80.000000,31.661035,12.141951,-1.298980,0.577589,0.000000,-0.056506,20.972789,-0.501813,-0.689563,9.521370,11.451420,-0.000048,0.006042
80.033333,31.666185,12.123406,-1.300864,0.577170,-0.000000,-0.056498,20.954602,-0.502145,-0.688960,9.511637,11.442965,-0.000054,0.006025
80.066667,31.671296,12.104866,-1.302747,0.576748,0.000000,-0.056491,20.936259,-0.502497,-0.688377,9.501789,11.434470,-0.000060,0.006008
80.100000,31.676369,12.086330,-1.304630,0.576321,0.000000,-0.056487,20.917762,-0.502870,-0.687814,9.491824,11.425938,-0.000066,0.005991
80.133333,31.681402,12.067798,-1.306513,0.575889,0.000000,-0.056485,20.899110,-0.503262,-0.687271,9.481743,11.417367,-0.000072,0.005974
80.166667,31.686397,12.049270,-1.308395,0.575453,-0.000000,-0.056484,20.880304,-0.503675,-0.686749,9.471546,11.408759,-0.000078,0.005956
80.200000,31.691354,12.030747,-1.310278,0.575013,0.000000,-0.056486,20.861346,-0.504109,-0.686248,9.461233,11.400113,-0.000085,0.005938
80.233333,31.696272,12.012230,-1.312161,0.574568,-0.000000,-0.056490,20.842236,-0.504563,-0.685767,9.450804,11.391432,-0.000091,0.005920
80.266667,31.701151,11.993717,-1.314044,0.574119,-0.000000,-0.056497,20.822974,-0.505038,-0.685306,9.440260,11.382714,-0.000098,0.005902
80.300000,31.705991,11.975210,-1.315928,0.573666,0.000000,-0.056505,20.803562,-0.505533,-0.684866,9.429601,11.373960,-0.000105,0.005884
80.333333,31.710793,11.956708,-1.317811,0.573208,0.000000,-0.056516,20.784000,-0.506050,-0.684447,9.418828,11.365172,-0.000111,0.005865
80.366667,31.715556,11.938212,-1.319695,0.572746,-0.000000,-0.056528,20.764289,-0.506587,-0.684048,9.407939,11.356350,-0.000118,0.005846
80.400000,31.720280,11.919723,-1.321580,0.572280,0.000000,-0.056543,20.744430,-0.507145,-0.683670,9.396936,11.347493,-0.000125,0.005827
80.433333,31.724966,11.901239,-1.323465,0.571809,0.000000,-0.056560,20.724423,-0.507724,-0.683314,9.385819,11.338604,-0.000132,0.005808
80.466667,31.729613,11.882762,-1.325351,0.571334,0.000000,-0.056579,20.704270,-0.508325,-0.682978,9.374588,11.329682,-0.000139,0.005788
80.500000,31.734221,11.864292,-1.327237,0.570855,-0.000000,-0.056601,20.683971,-0.508946,-0.682663,9.363243,11.320728,-0.000146,0.005768
80.533333,31.738790,11.845828,-1.329124,0.570372,-0.000000,-0.056624,20.663528,-0.509589,-0.682369,9.351785,11.311743,-0.000153,0.005748
80.566667,31.743321,11.827372,-1.331012,0.569884,0.000000,-0.056650,20.642940,-0.510253,-0.682096,9.340214,11.302727,-0.000160,0.005728
80.600000,31.747813,11.808923,-1.332901,0.569393,0.000000,-0.056678,20.622210,-0.510939,-0.681844,9.328530,11.293680,-0.000168,0.005708
80.633333,31.752267,11.790482,-1.334790,0.568897,0.000000,-0.056708,20.601338,-0.511647,-0.681613,9.316733,11.284605,-0.000175,0.005687
80.666667,31.756681,11.772048,-1.336681,0.568397,0.000000,-0.056741,20.580324,-0.512376,-0.681403,9.304824,11.275500,-0.000182,0.005666
80.700000,31.761057,11.753622,-1.338573,0.567893,-0.000000,-0.056775,20.559171,-0.513127,-0.681215,9.292804,11.266367,-0.000190,0.005645
80.733333,31.765394,11.735205,-1.340466,0.567384,-0.000000,-0.056812,20.537878,-0.513899,-0.681048,9.280671,11.257207,-0.000198,0.005624
80.766667,31.769693,11.716796,-1.342360,0.566872,0.000000,-0.056851,20.516447,-0.514694,-0.680903,9.268428,11.248019,-0.000205,0.005602
80.800000,31.773952,11.698395,-1.344256,0.566355,0.000000,-0.056893,20.494879,-0.515511,-0.680779,9.256073,11.238806,-0.000213,0.005581
80.833333,31.778173,11.680004,-1.346153,0.565835,-0.000000,-0.056937,20.473175,-0.516349,-0.680676,9.243608,11.229567,-0.000221,0.005559
80.866667,31.782355,11.661621,-1.348052,0.565310,0.000000,-0.056983,20.451335,-0.517210,-0.680595,9.231032,11.220303,-0.000229,0.005537
80.900000,31.786499,11.643247,-1.349952,0.564782,-0.000000,-0.057031,20.429362,-0.518094,-0.680535,9.218347,11.211015,-0.000237,0.005514
80.933333,31.790603,11.624883,-1.351854,0.564249,-0.000000,-0.057082,20.407255,-0.518999,-0.680497,9.205552,11.201703,-0.000245,0.005492
80.966667,31.794669,11.606529,-1.353758,0.563713,0.000000,-0.057135,20.385017,-0.519927,-0.680481,9.192648,11.192369,-0.000253,0.005469
81.000000,31.798696,11.588184,-1.355663,0.563172,-0.000000,-0.057190,20.362648,-0.520878,-0.680486,9.179635,11.183013,-0.000261,0.005446
81.033333,31.802684,11.569849,-1.357570,0.562628,0.000000,-0.057247,20.340149,-0.521852,-0.680513,9.166514,11.173635,-0.000269,0.005423
81.066667,31.806633,11.551525,-1.359479,0.562079,-0.000000,-0.057307,20.317522,-0.522848,-0.680562,9.153285,11.164237,-0.000278,0.005400
81.100000,31.810544,11.533211,-1.361391,0.561527,0.000000,-0.057370,20.294767,-0.523867,-0.680633,9.139948,11.154819,-0.000286,0.005376
81.133333,31.814415,11.514908,-1.363304,0.560971,-0.000000,-0.057434,20.271887,-0.524908,-0.680726,9.126504,11.145383,-0.000295,0.005352
81.166667,31.818248,11.496615,-1.365220,0.560411,0.000000,-0.057501,20.248881,-0.525973,-0.680840,9.112953,11.135927,-0.000303,0.005328
81.200000,31.822042,11.478334,-1.367138,0.559848,0.000000,-0.057571,20.225751,-0.527061,-0.680977,9.099296,11.126455,-0.000312,0.005304
81.233333,31.825797,11.460064,-1.369058,0.559280,0.000000,-0.057643,20.202499,-0.528172,-0.681135,9.085534,11.116966,-0.000320,0.005279
81.266667,31.829513,11.441805,-1.370980,0.558709,0.000000,-0.057717,20.179126,-0.529307,-0.681316,9.071665,11.107460,-0.000329,0.005255
81.300000,31.833190,11.423557,-1.372906,0.558134,0.000000,-0.057794,20.155632,-0.530464,-0.681518,9.057692,11.097940,-0.000338,0.005230
81.333333,31.836828,11.405322,-1.374833,0.557555,-0.000000,-0.057873,20.132020,-0.531646,-0.681743,9.043614,11.088406,-0.000347,0.005205
81.366667,31.840427,11.387099,-1.376764,0.556973,0.000000,-0.057954,20.108290,-0.532850,-0.681990,9.029433,11.078858,-0.000356,0.005179
81.400000,31.843988,11.368887,-1.378697,0.556387,0.000000,-0.058038,20.084444,-0.534079,-0.682259,9.015148,11.069297,-0.000365,0.005154
81.433333,31.847509,11.350688,-1.380633,0.555797,0.000000,-0.058124,20.060484,-0.535331,-0.682550,9.000759,11.059724,-0.000374,0.005128
81.466667,31.850991,11.332502,-1.382572,0.555204,-0.000000,-0.058213,20.036409,-0.536607,-0.682864,8.986269,11.050141,-0.000384,0.005102
81.500000,31.854435,11.314329,-1.384514,0.554608,-0.000000,-0.058305,20.012223,-0.537906,-0.683200,8.971676,11.040547,-0.000393,0.005076
81.533333,31.857839,11.296168,-1.386459,0.554007,0.000000,-0.058398,19.987926,-0.539230,-0.683558,8.956982,11.030944,-0.000402,0.005050
81.566667,31.861205,11.278021,-1.388407,0.553404,0.000000,-0.058495,19.963520,-0.540578,-0.683939,8.942187,11.021333,-0.000412,0.005023
81.600000,31.864531,11.259886,-1.390359,0.552796,-0.000000,-0.058593,19.939005,-0.541950,-0.684342,8.927291,11.011714,-0.000421,0.004996
81.633333,31.867818,11.241766,-1.392313,0.552186,0.000000,-0.058695,19.914384,-0.543346,-0.684767,8.912296,11.002088,-0.000431,0.004969
81.666667,31.871066,11.223659,-1.394271,0.551572,-0.000000,-0.058798,19.889658,-0.544766,-0.685215,8.897202,10.992457,-0.000441,0.004942
81.700000,31.874276,11.205566,-1.396233,0.550954,0.000000,-0.058905,19.864829,-0.546211,-0.685686,8.882009,10.982820,-0.000450,0.004914
81.733333,31.877446,11.187487,-1.398198,0.550333,0.000000,-0.059014,19.839898,-0.547680,-0.686179,8.866718,10.973180,-0.000460,0.004887
81.766667,31.880577,11.169422,-1.400167,0.549709,0.000000,-0.059125,19.814866,-0.549174,-0.686694,8.851329,10.963536,-0.000470,0.004859
81.800000,31.883668,11.151372,-1.402140,0.549082,0.000000,-0.059239,19.789735,-0.550692,-0.687232,8.835844,10.953891,-0.000480,0.004831
81.833333,31.886721,11.133336,-1.404117,0.548451,0.000000,-0.059355,19.764506,-0.552235,-0.687793,8.820262,10.944244,-0.000490,0.004803
81.866667,31.889735,11.115315,-1.406097,0.547817,0.000000,-0.059475,19.739182,-0.553803,-0.688376,8.804585,10.934596,-0.000500,0.004774
81.900000,31.892709,11.097309,-1.408082,0.547180,-0.000000,-0.059596,19.713763,-0.555395,-0.688982,8.788813,10.924950,-0.000510,0.004745
81.933333,31.895644,11.079319,-1.410070,0.546540,-0.000000,-0.059720,19.688251,-0.557013,-0.689611,8.772947,10.915305,-0.000521,0.004716
81.966667,31.898540,11.061343,-1.412063,0.545897,-0.000000,-0.059847,19.662649,-0.558655,-0.690263,8.756987,10.905662,-0.000531,0.004687
82.000000,31.901397,11.043383,-1.414060,0.545251,0.000000,-0.059977,19.636957,-0.560323,-0.690937,8.740934,10.896023,-0.000542,0.004658
82.033333,31.904214,11.025439,-1.416061,0.544602,0.000000,-0.060109,19.611177,-0.562016,-0.691634,8.724789,10.886388,-0.000552,0.004628
82.066667,31.906992,11.007510,-1.418067,0.543949,0.000000,-0.060244,19.585311,-0.563733,-0.692353,8.708553,10.876758,-0.000563,0.004598
82.100000,31.909731,10.989597,-1.420078,0.543294,0.000000,-0.060381,19.559361,-0.565476,-0.693096,8.692226,10.867135,-0.000573,0.004568
82.133333,31.912430,10.971701,-1.422093,0.542636,-0.000000,-0.060521,19.533327,-0.567245,-0.693861,8.675808,10.857519,-0.000584,0.004538
82.166667,31.915091,10.953821,-1.424112,0.541975,0.000000,-0.060663,19.507213,-0.569038,-0.694649,8.659302,10.847911,-0.000595,0.004508
82.200000,31.917711,10.935957,-1.426137,0.541311,0.000000,-0.060809,19.481020,-0.570858,-0.695460,8.642707,10.838313,-0.000606,0.004477
82.233333,31.920293,10.918111,-1.428166,0.540644,0.000000,-0.060957,19.454749,-0.572702,-0.696294,8.626024,10.828725,-0.000617,0.004446
82.266667,31.922835,10.900281,-1.430201,0.539975,-0.000000,-0.061107,19.428403,-0.574572,-0.697150,8.609254,10.819148,-0.000628,0.004415
82.300000,31.925337,10.882468,-1.432240,0.539303,0.000000,-0.061261,19.401982,-0.576468,-0.698029,8.592399,10.809584,-0.000639,0.004384
82.333333,31.927800,10.864672,-1.434285,0.538628,-0.000000,-0.061417,19.375490,-0.578390,-0.698932,8.575458,10.800033,-0.000650,0.004352
82.366667,31.930224,10.846893,-1.436335,0.537951,0.000000,-0.061575,19.348928,-0.580337,-0.699857,8.558432,10.790496,-0.000661,0.004321
82.400000,31.932608,10.829132,-1.438390,0.537271,0.000000,-0.061737,19.322297,-0.582309,-0.700805,8.541323,10.780974,-0.000672,0.004289
82.433333,31.934953,10.811389,-1.440450,0.536588,0.000000,-0.061901,19.295600,-0.584308,-0.701776,8.524131,10.771469,-0.000684,0.004256
82.466667,31.937258,10.793663,-1.442517,0.535903,0.000000,-0.062068,19.268838,-0.586332,-0.702769,8.506857,10.761982,-0.000695,0.004224
82.500000,31.939523,10.775955,-1.444588,0.535215,0.000000,-0.062238,19.242014,-0.588383,-0.703786,8.489502,10.752512,-0.000707,0.004191
82.533333,31.941749,10.758266,-1.446666,0.534525,0.000000,-0.062410,19.215129,-0.590459,-0.704825,8.472067,10.743063,-0.000719,0.004159
82.566667,31.943935,10.740595,-1.448749,0.533833,-0.000000,-0.062585,19.188186,-0.592561,-0.705888,8.454552,10.733633,-0.000730,0.004126
82.600000,31.946082,10.722942,-1.450838,0.533138,0.000000,-0.062763,19.161186,-0.594689,-0.706973,8.436960,10.724226,-0.000742,0.004092
82.633333,31.948189,10.705308,-1.452933,0.532441,-0.000000,-0.062944,19.134131,-0.596843,-0.708081,8.419290,10.714841,-0.000754,0.004059
82.666667,31.950256,10.687692,-1.455034,0.531742,0.000000,-0.063127,19.107024,-0.599023,-0.709212,8.401544,10.705480,-0.000766,0.004025
82.700000,31.952283,10.670095,-1.457142,0.531041,-0.000000,-0.063313,19.079866,-0.601229,-0.710365,8.383723,10.696143,-0.000778,0.003992
82.733333,31.954271,10.652518,-1.459255,0.530337,-0.000000,-0.063502,19.052660,-0.603461,-0.711542,8.365827,10.686833,-0.000790,0.003957
82.766667,31.956219,10.634959,-1.461375,0.529632,0.000000,-0.063694,19.025407,-0.605720,-0.712741,8.347858,10.677549,-0.000802,0.003923
82.800000,31.958127,10.617420,-1.463501,0.528924,-0.000000,-0.063889,18.998110,-0.608004,-0.713963,8.329817,10.668293,-0.000814,0.003889
82.833333,31.959995,10.599900,-1.465634,0.528215,-0.000000,-0.064086,18.970771,-0.610314,-0.715208,8.311705,10.659067,-0.000826,0.003854
82.866667,31.961823,10.582400,-1.467774,0.527503,-0.000000,-0.064286,18.943392,-0.612650,-0.716475,8.293522,10.649870,-0.000839,0.003819
82.900000,31.963611,10.564920,-1.469920,0.526790,0.000000,-0.064489,18.915975,-0.615013,-0.717765,8.275271,10.640705,-0.000851,0.003784
82.933333,31.965360,10.547460,-1.472073,0.526074,0.000000,-0.064695,18.888523,-0.617401,-0.719078,8.256951,10.631572,-0.000864,0.003748
82.966667,31.967068,10.530019,-1.474233,0.525357,0.000000,-0.064903,18.861037,-0.619816,-0.720413,8.238565,10.622472,-0.000876,0.003713
83.000000,31.968736,10.512599,-1.476400,0.524638,0.000000,-0.065115,18.833520,-0.622256,-0.721772,8.220113,10.613407,-0.000889,0.003677
83.033333,31.970365,10.495199,-1.478574,0.523918,0.000000,-0.065329,18.805975,-0.624723,-0.723152,8.201597,10.604377,-0.000902,0.003641
83.066667,31.971953,10.477820,-1.480755,0.523196,-0.000000,-0.065546,18.778402,-0.627215,-0.724555,8.183018,10.595384,-0.000915,0.003605
83.100000,31.973501,10.460461,-1.482944,0.522472,-0.000000,-0.065766,18.750806,-0.629734,-0.725981,8.164376,10.586429,-0.000928,0.003568
83.133333,31.975009,10.443123,-1.485140,0.521747,0.000000,-0.065989,18.723187,-0.632278,-0.727429,8.145674,10.577513,-0.000940,0.003532
83.166667,31.976477,10.425805,-1.487343,0.521020,-0.000000,-0.066215,18.695549,-0.634848,-0.728900,8.126913,10.568637,-0.000954,0.003495
83.200000,31.977904,10.408509,-1.489554,0.520292,0.000000,-0.066443,18.667894,-0.637444,-0.730393,8.108093,10.559801,-0.000967,0.003458
83.233333,31.979292,10.391234,-1.491773,0.519562,-0.000000,-0.066674,18.640224,-0.640066,-0.731908,8.089216,10.551008,-0.000980,0.003421
83.266667,31.980639,10.373980,-1.493999,0.518831,-0.000000,-0.066909,18.612541,-0.642713,-0.733445,8.070283,10.542258,-0.000993,0.003383
83.300000,31.981945,10.356747,-1.496233,0.518099,-0.000000,-0.067146,18.584848,-0.645387,-0.735005,8.051296,10.533552,-0.001006,0.003345
83.333333,31.983212,10.339536,-1.498475,0.517366,0.000000,-0.067386,18.557148,-0.648085,-0.736587,8.032256,10.524892,-0.001020,0.003308
83.366667,31.984438,10.322346,-1.500726,0.516632,0.000000,-0.067628,18.529443,-0.650809,-0.738191,8.013165,10.516278,-0.001033,0.003269
83.400000,31.985623,10.305178,-1.502984,0.515896,0.000000,-0.067874,18.501736,-0.653559,-0.739817,7.994024,10.507712,-0.001047,0.003231
83.433333,31.986768,10.288032,-1.505250,0.515160,0.000000,-0.068122,18.474028,-0.656334,-0.741465,7.974834,10.499194,-0.001061,0.003192
83.466667,31.987873,10.270908,-1.507525,0.514422,0.000000,-0.068374,18.446323,-0.659134,-0.743134,7.955596,10.490726,-0.001074,0.003154
83.500000,31.988937,10.253806,-1.509809,0.513684,-0.000000,-0.068628,18.418623,-0.661959,-0.744826,7.936313,10.482309,-0.001088,0.003115
83.533333,31.989960,10.236726,-1.512101,0.512945,0.000000,-0.068885,18.390930,-0.664809,-0.746539,7.916986,10.473944,-0.001102,0.003076
83.566667,31.990943,10.219668,-1.514401,0.512205,-0.000000,-0.069145,18.363248,-0.667684,-0.748274,7.897616,10.465632,-0.001116,0.003036
83.600000,31.991885,10.202633,-1.516710,0.511464,-0.000000,-0.069407,18.335579,-0.670584,-0.750030,7.878205,10.457374,-0.001130,0.002996
83.633333,31.992786,10.185621,-1.519028,0.510722,0.000000,-0.069673,18.307925,-0.673508,-0.751808,7.858754,10.449171,-0.001144,0.002957
83.666667,31.993646,10.168631,-1.521355,0.509981,-0.000000,-0.069941,18.280290,-0.676457,-0.753607,7.839266,10.441024,-0.001158,0.002917
83.700000,31.994466,10.151664,-1.523691,0.509238,0.000000,-0.070212,18.252676,-0.679430,-0.755428,7.819741,10.432935,-0.001172,0.002876
83.733333,31.995245,10.134719,-1.526036,0.508495,0.000000,-0.070486,18.225085,-0.682428,-0.757270,7.800182,10.424904,-0.001187,0.002836
83.766667,31.995983,10.117798,-1.528390,0.507752,0.000000,-0.070763,18.197521,-0.685449,-0.759132,7.780589,10.416932,-0.001201,0.002795
83.800000,31.996680,10.100900,-1.530753,0.507008,0.000000,-0.071043,18.169986,-0.688494,-0.761016,7.760966,10.409021,-0.001215,0.002754
83.833333,31.997336,10.084025,-1.533126,0.506264,0.000000,-0.071325,18.142484,-0.691563,-0.762920,7.741313,10.401171,-0.001230,0.002713
83.866667,31.997951,10.067173,-1.535508,0.505520,0.000000,-0.071610,18.115016,-0.694655,-0.764846,7.721632,10.393383,-0.001245,0.002672
83.900000,31.998525,10.050344,-1.537900,0.504776,0.000000,-0.071898,18.087585,-0.697771,-0.766792,7.701926,10.385660,-0.001259,0.002630
83.933333,31.999058,10.033539,-1.540302,0.504031,-0.000000,-0.072189,18.060196,-0.700909,-0.768758,7.682196,10.378000,-0.001274,0.002588
83.966667,31.999550,10.016758,-1.542713,0.503287,-0.000000,-0.072483,18.032850,-0.704070,-0.770745,7.662443,10.370406,-0.001289,0.002546
84.000000,32.000000,10.000000,-1.545134,0.502543,-0.000000,-0.072779,18.005550,-0.707254,-0.772752,7.642671,10.362878,-0.001304,0.002504
84.033333,32.000409,9.983266,-1.547565,0.501798,0.000000,-0.073078,17.978299,-0.710458,-0.774779,7.622884,10.355415,-0.001319,0.002462
84.066667,32.000777,9.966556,-1.550006,0.501055,-0.000000,-0.073380,17.951100,-0.713681,-0.776825,7.603086,10.348014,-0.001333,0.002420
84.100000,32.001104,9.949870,-1.552457,0.500311,-0.000000,-0.073685,17.923957,-0.716923,-0.778892,7.583280,10.340677,-0.001348,0.002378
84.133333,32.001389,9.933207,-1.554918,0.499568,0.000000,-0.073992,17.896870,-0.720183,-0.780977,7.563467,10.333403,-0.001362,0.002336
84.166667,32.001632,9.916569,-1.557390,0.498825,-0.000000,-0.074302,17.869843,-0.723461,-0.783081,7.543650,10.326193,-0.001376,0.002295
84.200000,32.001835,9.899955,-1.559872,0.498082,-0.000000,-0.074614,17.842880,-0.726756,-0.785204,7.523831,10.319048,-0.001391,0.002253
84.233333,32.001995,9.883366,-1.562364,0.497340,0.000000,-0.074929,17.815982,-0.730069,-0.787345,7.504013,10.311969,-0.001405,0.002212
84.266667,32.002114,9.866801,-1.564867,0.496599,0.000000,-0.075247,17.789152,-0.733397,-0.789504,7.484196,10.304955,-0.001418,0.002171
84.300000,32.002191,9.850260,-1.567380,0.495859,-0.000000,-0.075567,17.762392,-0.736742,-0.791680,7.464384,10.298008,-0.001432,0.002130
84.333333,32.002227,9.833744,-1.569905,0.495119,-0.000000,-0.075890,17.735707,-0.740103,-0.793874,7.444579,10.291128,-0.001445,0.002090
84.366667,32.002221,9.817252,-1.572440,0.494380,0.000000,-0.076215,17.709098,-0.743479,-0.796084,7.424782,10.284316,-0.001459,0.002049
84.400000,32.002173,9.800785,-1.574986,0.493642,0.000000,-0.076542,17.682568,-0.746870,-0.798311,7.404996,10.277572,-0.001472,0.002009
84.433333,32.002083,9.784343,-1.577542,0.492905,0.000000,-0.076872,17.656120,-0.750275,-0.800555,7.385224,10.270896,-0.001485,0.001968
84.466667,32.001951,9.767925,-1.580110,0.492169,0.000000,-0.077204,17.629757,-0.753694,-0.802814,7.365467,10.264290,-0.001498,0.001928
84.500000,32.001777,9.751533,-1.582689,0.491434,-0.000000,-0.077539,17.603481,-0.757127,-0.805088,7.345727,10.257754,-0.001511,0.001888
84.533333,32.001561,9.735165,-1.585280,0.490701,-0.000000,-0.077875,17.577295,-0.760573,-0.807378,7.326008,10.251287,-0.001523,0.001849
84.566667,32.001304,9.718823,-1.587881,0.489968,-0.000000,-0.078214,17.551203,-0.764031,-0.809683,7.306311,10.244891,-0.001535,0.001809
84.600000,32.001003,9.702506,-1.590494,0.489237,0.000000,-0.078556,17.525205,-0.767501,-0.812002,7.286639,10.238567,-0.001548,0.001770
84.633333,32.000661,9.686214,-1.593118,0.488508,-0.000000,-0.078899,17.499307,-0.770983,-0.814336,7.266993,10.232313,-0.001560,0.001730
84.666667,32.000277,9.669947,-1.595754,0.487780,0.000000,-0.079245,17.473509,-0.774476,-0.816683,7.247377,10.226132,-0.001572,0.001691
84.700000,31.999850,9.653705,-1.598401,0.487053,0.000000,-0.079592,17.447816,-0.777980,-0.819044,7.227793,10.220023,-0.001584,0.001652
84.733333,31.999380,9.637489,-1.601060,0.486329,0.000000,-0.079942,17.422229,-0.781494,-0.821417,7.208242,10.213987,-0.001595,0.001614
84.766667,31.998869,9.621298,-1.603731,0.485605,0.000000,-0.080293,17.396752,-0.785017,-0.823804,7.188728,10.208023,-0.001607,0.001575
84.800000,31.998314,9.605133,-1.606413,0.484884,0.000000,-0.080647,17.371387,-0.788549,-0.826203,7.169254,10.202133,-0.001618,0.001537
84.833333,31.997717,9.588993,-1.609107,0.484165,0.000000,-0.081002,17.346137,-0.792089,-0.828613,7.149820,10.196317,-0.001629,0.001498
84.866667,31.997078,9.572879,-1.611813,0.483447,0.000000,-0.081360,17.321005,-0.795638,-0.831036,7.130430,10.190575,-0.001640,0.001460
84.900000,31.996396,9.556790,-1.614531,0.482732,-0.000000,-0.081719,17.295994,-0.799193,-0.833469,7.111087,10.184907,-0.001651,0.001422
84.933333,31.995671,9.540727,-1.617261,0.482018,0.000000,-0.082080,17.271106,-0.802755,-0.835914,7.091793,10.179314,-0.001662,0.001385
84.966667,31.994903,9.524690,-1.620003,0.481307,0.000000,-0.082443,17.246345,-0.806324,-0.838369,7.072550,10.173795,-0.001672,0.001347
85.000000,31.994093,9.508679,-1.622757,0.480598,-0.000000,-0.082807,17.221713,-0.809898,-0.840834,7.053361,10.168352,-0.001683,0.001309
85.033333,31.993239,9.492694,-1.625523,0.479891,-0.000000,-0.083173,17.197212,-0.813477,-0.843309,7.034228,10.162984,-0.001693,0.001272
85.066667,31.992343,9.476734,-1.628302,0.479187,-0.000000,-0.083541,17.172847,-0.817060,-0.845793,7.015155,10.157692,-0.001703,0.001235
85.100000,31.991403,9.460801,-1.631093,0.478485,0.000000,-0.083910,17.148618,-0.820646,-0.848286,6.996143,10.152475,-0.001713,0.001198
85.133333,31.990420,9.444893,-1.633896,0.477785,-0.000000,-0.084280,17.124530,-0.824236,-0.850787,6.977195,10.147335,-0.001723,0.001161
85.166667,31.989394,9.429012,-1.636712,0.477089,0.000000,-0.084653,17.100585,-0.827828,-0.853297,6.958315,10.142270,-0.001732,0.001125
85.200000,31.988325,9.413157,-1.639539,0.476394,-0.000000,-0.085026,17.076786,-0.831422,-0.855814,6.939504,10.137282,-0.001742,0.001088
85.233333,31.987213,9.397327,-1.642380,0.475703,-0.000000,-0.085401,17.053136,-0.835017,-0.858339,6.920766,10.132370,-0.001751,0.001052
85.266667,31.986057,9.381524,-1.645233,0.475015,0.000000,-0.085777,17.029637,-0.838613,-0.860870,6.902102,10.127535,-0.001760,0.001016
85.300000,31.984858,9.365747,-1.648098,0.474329,-0.000000,-0.086154,17.006292,-0.842208,-0.863408,6.883516,10.122776,-0.001769,0.000980
85.333333,31.983615,9.349997,-1.650976,0.473646,-0.000000,-0.086532,16.983105,-0.845802,-0.865952,6.865011,10.118094,-0.001778,0.000944
85.366667,31.982329,9.334272,-1.653867,0.472967,-0.000000,-0.086912,16.960077,-0.849394,-0.868502,6.846588,10.113489,-0.001787,0.000909
85.400000,31.980999,9.318574,-1.656771,0.472290,-0.000000,-0.087292,16.937212,-0.852984,-0.871057,6.828252,10.108960,-0.001796,0.000873
85.433333,31.979625,9.302903,-1.659687,0.471617,0.000000,-0.087674,16.914512,-0.856571,-0.873617,6.810004,10.104508,-0.001804,0.000838
85.466667,31.978208,9.287257,-1.662616,0.470947,0.000000,-0.088056,16.891981,-0.860154,-0.876181,6.791848,10.100133,-0.001812,0.000803
85.500000,31.976746,9.271638,-1.665557,0.470280,0.000000,-0.088439,16.869620,-0.863733,-0.878749,6.773786,10.095834,-0.001820,0.000768
85.533333,31.975241,9.256046,-1.668511,0.469617,-0.000000,-0.088824,16.847434,-0.867306,-0.881321,6.755821,10.091613,-0.001828,0.000733
85.566667,31.973692,9.240480,-1.671479,0.468958,0.000000,-0.089208,16.825424,-0.870873,-0.883895,6.737956,10.087468,-0.001836,0.000698
85.600000,31.972099,9.224941,-1.674459,0.468301,0.000000,-0.089594,16.803593,-0.874433,-0.886473,6.720194,10.083399,-0.001844,0.000664
85.633333,31.970461,9.209428,-1.677452,0.467649,0.000000,-0.089980,16.781944,-0.877986,-0.889052,6.702537,10.079407,-0.001851,0.000630
85.666667,31.968780,9.193941,-1.680457,0.467000,-0.000000,-0.090366,16.760481,-0.881531,-0.891634,6.684989,10.075491,-0.001859,0.000595
85.700000,31.967054,9.178481,-1.683476,0.466355,-0.000000,-0.090753,16.739205,-0.885066,-0.894216,6.667553,10.071652,-0.001866,0.000561
85.733333,31.965284,9.163048,-1.686508,0.465714,-0.000000,-0.091141,16.718119,-0.888591,-0.896800,6.650230,10.067889,-0.001873,0.000528
85.766667,31.963469,9.147641,-1.689552,0.465077,0.000000,-0.091529,16.697227,-0.892106,-0.899383,6.633025,10.064201,-0.001880,0.000494
85.800000,31.961610,9.132261,-1.692610,0.464444,0.000000,-0.091917,16.676530,-0.895609,-0.901967,6.615940,10.060590,-0.001886,0.000461
85.833333,31.959707,9.116908,-1.695680,0.463815,-0.000000,-0.092305,16.656032,-0.899099,-0.904550,6.598979,10.057054,-0.001893,0.000427
85.866667,31.957759,9.101581,-1.698763,0.463190,-0.000000,-0.092693,16.635736,-0.902577,-0.907133,6.582143,10.053593,-0.001899,0.000394
85.900000,31.955766,9.086281,-1.701859,0.462570,-0.000000,-0.093082,16.615643,-0.906041,-0.909713,6.565436,10.050207,-0.001906,0.000361
85.933333,31.953729,9.071007,-1.704969,0.461954,0.000000,-0.093470,16.595758,-0.909489,-0.912292,6.548861,10.046897,-0.001912,0.000328
85.966667,31.951647,9.055761,-1.708091,0.461342,-0.000000,-0.093858,16.576082,-0.912922,-0.914869,6.532421,10.043661,-0.001918,0.000296
86.000000,31.949519,9.040541,-1.711226,0.460735,0.000000,-0.094246,16.556618,-0.916339,-0.917443,6.516119,10.040499,-0.001924,0.000263
86.033333,31.947347,9.025347,-1.714374,0.460132,0.000000,-0.094634,16.537369,-0.919738,-0.920013,6.499958,10.037411,-0.001929,0.000231
86.066667,31.945130,9.010181,-1.717535,0.459534,0.000000,-0.095022,16.518338,-0.923119,-0.922579,6.483941,10.034398,-0.001935,0.000199
86.100000,31.942868,8.995041,-1.720709,0.458941,-0.000000,-0.095409,16.499527,-0.926481,-0.925142,6.468070,10.031457,-0.001940,0.000167
86.133333,31.940561,8.979928,-1.723895,0.458352,0.000000,-0.095795,16.480939,-0.929822,-0.927699,6.452350,10.028590,-0.001945,0.000135
86.166667,31.938208,8.964842,-1.727095,0.457768,-0.000000,-0.096182,16.462577,-0.933143,-0.930251,6.436782,10.025795,-0.001950,0.000103
86.200000,31.935810,8.949782,-1.730307,0.457189,0.000000,-0.096567,16.444443,-0.936443,-0.932798,6.421370,10.023073,-0.001955,0.000072
86.233333,31.933367,8.934749,-1.733533,0.456616,0.000000,-0.096952,16.426540,-0.939719,-0.935338,6.406117,10.020423,-0.001960,0.000040
86.266667,31.930878,8.919743,-1.736771,0.456047,-0.000000,-0.097335,16.408870,-0.942973,-0.937871,6.391026,10.017844,-0.001964,0.000009
86.300000,31.928344,8.904764,-1.740022,0.455483,-0.000000,-0.097718,16.391437,-0.946201,-0.940397,6.376100,10.015337,-0.001969,-0.000022
86.333333,31.925764,8.889811,-1.743285,0.454925,-0.000000,-0.098100,16.374242,-0.949405,-0.942916,6.361342,10.012900,-0.001973,-0.000053
86.366667,31.923138,8.874886,-1.746562,0.454372,-0.000000,-0.098481,16.357289,-0.952582,-0.945426,6.346755,10.010534,-0.001977,-0.000083
86.400000,31.920467,8.859987,-1.749851,0.453824,0.000000,-0.098861,16.340579,-0.955733,-0.947928,6.332342,10.008237,-0.001981,-0.000114
86.433333,31.917750,8.845115,-1.753153,0.453282,-0.000000,-0.099239,16.324116,-0.958855,-0.950420,6.318106,10.006010,-0.001985,-0.000144
86.466667,31.914987,8.830269,-1.756467,0.452745,0.000000,-0.099616,16.307902,-0.961949,-0.952903,6.304050,10.003852,-0.001989,-0.000174
86.500000,31.912178,8.815450,-1.759794,0.452214,0.000000,-0.099992,16.291940,-0.965012,-0.955375,6.290177,10.001763,-0.001992,-0.000204
86.533333,31.909323,8.800658,-1.763133,0.451688,0.000000,-0.100367,16.276231,-0.968045,-0.957837,6.276490,9.999741,-0.001995,-0.000234
86.566667,31.906422,8.785893,-1.766485,0.451169,-0.000000,-0.100739,16.260779,-0.971047,-0.960287,6.262992,9.997787,-0.001999,-0.000264
86.600000,31.903474,8.771154,-1.769849,0.450655,0.000000,-0.101110,16.245586,-0.974016,-0.962726,6.249686,9.995901,-0.002002,-0.000293
86.633333,31.900481,8.756443,-1.773225,0.450147,0.000000,-0.101479,16.230655,-0.976951,-0.965153,6.236574,9.994080,-0.002005,-0.000323
86.666667,31.897441,8.741757,-1.776614,0.449645,-0.000000,-0.101847,16.215987,-0.979853,-0.967566,6.223661,9.992326,-0.002007,-0.000352
86.700000,31.894355,8.727099,-1.780015,0.449149,0.000000,-0.102212,16.201586,-0.982719,-0.969967,6.210949,9.990637,-0.002010,-0.000381
86.733333,31.891222,8.712467,-1.783428,0.448659,0.000000,-0.102576,16.187453,-0.985549,-0.972354,6.198440,9.989013,-0.002012,-0.000410
86.766667,31.888043,8.697862,-1.786854,0.448175,-0.000000,-0.102937,16.173592,-0.988342,-0.974726,6.186138,9.987453,-0.002015,-0.000438
86.800000,31.884817,8.683283,-1.790291,0.447697,-0.000000,-0.103296,16.160004,-0.991097,-0.977084,6.174046,9.985958,-0.002017,-0.000467
86.833333,31.881544,8.668732,-1.793740,0.447226,-0.000000,-0.103653,16.146692,-0.993813,-0.979426,6.162166,9.984525,-0.002019,-0.000495
86.866667,31.878224,8.654206,-1.797201,0.446761,0.000000,-0.104007,16.133658,-0.996490,-0.981753,6.150502,9.983156,-0.002020,-0.000524
86.900000,31.874858,8.639708,-1.800674,0.446302,-0.000000,-0.104359,16.120905,-0.999126,-0.984063,6.139056,9.981848,-0.002022,-0.000552
86.933333,31.871445,8.625235,-1.804158,0.445850,-0.000000,-0.104708,16.108434,-1.001721,-0.986356,6.127831,9.980603,-0.002024,-0.000579
86.966667,31.867984,8.610790,-1.807654,0.445405,0.000000,-0.105055,16.096248,-1.004273,-0.988632,6.116830,9.979418,-0.002025,-0.000607
87.000000,31.864477,8.596371,-1.811162,0.444966,0.000000,-0.105398,16.084350,-1.006782,-0.990890,6.106056,9.978294,-0.002026,-0.000635
87.033333,31.860923,8.581978,-1.814681,0.444534,0.000000,-0.105739,16.072741,-1.009247,-0.993130,6.095511,9.977230,-0.002027,-0.000662
87.066667,31.857321,8.567612,-1.818211,0.444109,0.000000,-0.106077,16.061424,-1.011667,-0.995351,6.085199,9.976225,-0.002028,-0.000689
87.100000,31.853672,8.553273,-1.821753,0.443690,0.000000,-0.106412,16.050401,-1.014041,-0.997553,6.075121,9.975280,-0.002029,-0.000716
87.133333,31.849975,8.538959,-1.825305,0.443279,-0.000000,-0.106744,16.039674,-1.016369,-0.999735,6.065282,9.974392,-0.002029,-0.000743
87.166667,31.846231,8.524673,-1.828869,0.442874,-0.000000,-0.107072,16.029245,-1.018649,-1.001896,6.055682,9.973562,-0.002030,-0.000770
87.200000,31.842440,8.510412,-1.832444,0.442477,0.000000,-0.107397,16.019116,-1.020881,-1.004036,6.046326,9.972790,-0.002030,-0.000796
87.233333,31.838601,8.496178,-1.836029,0.442087,0.000000,-0.107719,16.009289,-1.023063,-1.006155,6.037215,9.972074,-0.002030,-0.000823
87.266667,31.834714,8.481970,-1.839625,0.441703,0.000000,-0.108037,15.999767,-1.025196,-1.008253,6.028352,9.971415,-0.002030,-0.000849
87.300000,31.830780,8.467789,-1.843231,0.441327,0.000000,-0.108352,15.990551,-1.027278,-1.010327,6.019741,9.970810,-0.002030,-0.000875
87.333333,31.826798,8.453634,-1.846848,0.440959,-0.000000,-0.108663,15.981644,-1.029309,-1.012379,6.011382,9.970261,-0.002030,-0.000901
87.366667,31.822767,8.439505,-1.850475,0.440597,0.000000,-0.108970,15.973046,-1.031287,-1.014408,6.003279,9.969767,-0.002029,-0.000927
87.400000,31.818689,8.425402,-1.854113,0.440244,0.000000,-0.109273,15.964761,-1.033212,-1.016412,5.995435,9.969326,-0.002028,-0.000952
87.433333,31.814563,8.411325,-1.857760,0.439897,-0.000000,-0.109572,15.956790,-1.035083,-1.018393,5.987851,9.968940,-0.002028,-0.000978
87.466667,31.810388,8.397275,-1.861418,0.439558,-0.000000,-0.109867,15.949136,-1.036900,-1.020348,5.980530,9.968606,-0.002027,-0.001003
87.500000,31.806166,8.383250,-1.865085,0.439227,-0.000000,-0.110158,15.941798,-1.038661,-1.022278,5.973474,9.968324,-0.002026,-0.001028
87.533333,31.801895,8.369252,-1.868761,0.438904,0.000000,-0.110444,15.934781,-1.040366,-1.024182,5.966686,9.968095,-0.002024,-0.001053
87.566667,31.797576,8.355279,-1.872448,0.438588,0.000000,-0.110726,15.928085,-1.042015,-1.026060,5.960168,9.967917,-0.002023,-0.001078
87.600000,31.793208,8.341333,-1.876143,0.438280,-0.000000,-0.111004,15.921712,-1.043606,-1.027912,5.953922,9.967791,-0.002021,-0.001102
87.633333,31.788792,8.327412,-1.879848,0.437980,-0.000000,-0.111277,15.915664,-1.045139,-1.029736,5.947950,9.967715,-0.002020,-0.001127
87.666667,31.784327,8.313517,-1.883562,0.437687,-0.000000,-0.111546,15.909943,-1.046613,-1.031532,5.942254,9.967689,-0.002018,-0.001151
87.700000,31.779814,8.299648,-1.887284,0.437403,-0.000000,-0.111810,15.904550,-1.048028,-1.033300,5.936836,9.967714,-0.002016,-0.001175
87.733333,31.775252,8.285805,-1.891016,0.437127,-0.000000,-0.112069,15.899487,-1.049383,-1.035039,5.931699,9.967787,-0.002013,-0.001199
87.766667,31.770641,8.271988,-1.894756,0.436858,0.000000,-0.112323,15.894755,-1.050677,-1.036750,5.926845,9.967910,-0.002011,-0.001223
87.800000,31.765981,8.258196,-1.898504,0.436598,0.000000,-0.112572,15.890356,-1.051910,-1.038430,5.922274,9.968082,-0.002009,-0.001246
87.833333,31.761272,8.244430,-1.902260,0.436346,-0.000000,-0.112816,15.886291,-1.053081,-1.040081,5.917990,9.968302,-0.002006,-0.001270
87.866667,31.756514,8.230690,-1.906025,0.436102,0.000000,-0.113055,15.882563,-1.054190,-1.041702,5.913993,9.968570,-0.002003,-0.001293
87.900000,31.751707,8.216975,-1.909797,0.435867,0.000000,-0.113288,15.879172,-1.055236,-1.043291,5.910286,9.968886,-0.002000,-0.001316
87.933333,31.746851,8.203286,-1.913577,0.435640,-0.000000,-0.113517,15.876119,-1.056218,-1.044849,5.906871,9.969249,-0.001997,-0.001339
87.966667,31.741946,8.189622,-1.917365,0.435421,0.000000,-0.113740,15.873407,-1.057137,-1.046376,5.903748,9.969659,-0.001994,-0.001362
88.000000,31.736991,8.175984,-1.921160,0.435211,0.000000,-0.113957,15.871037,-1.057991,-1.047870,5.900920,9.970117,-0.001990,-0.001384
88.033333,31.731987,8.162371,-1.924962,0.435009,0.000000,-0.114169,15.869009,-1.058780,-1.049332,5.898388,9.970621,-0.001987,-0.001407
88.066667,31.726933,8.148783,-1.928771,0.434816,0.000000,-0.114375,15.867325,-1.059504,-1.050761,5.896154,9.971171,-0.001983,-0.001429
88.100000,31.721830,8.135221,-1.932587,0.434631,0.000000,-0.114576,15.865987,-1.060163,-1.052157,5.894219,9.971768,-0.001979,-0.001451
88.133333,31.716677,8.121683,-1.936410,0.434455,-0.000000,-0.114771,15.864995,-1.060755,-1.053519,5.892584,9.972411,-0.001975,-0.001473
88.166667,31.711475,8.108171,-1.940239,0.434288,-0.000000,-0.114960,15.864350,-1.061281,-1.054846,5.891250,9.973100,-0.001971,-0.001495
88.200000,31.706223,8.094684,-1.944074,0.434129,0.000000,-0.115143,15.864055,-1.061740,-1.056139,5.890220,9.973835,-0.001967,-0.001516
88.233333,31.700921,8.081222,-1.947915,0.433979,0.000000,-0.115320,15.864109,-1.062132,-1.057398,5.889493,9.974615,-0.001962,-0.001538
88.266667,31.695569,8.067785,-1.951762,0.433838,0.000000,-0.115491,15.864514,-1.062456,-1.058621,5.889072,9.975442,-0.001958,-0.001559
88.300000,31.690167,8.054373,-1.955614,0.433705,0.000000,-0.115655,15.865270,-1.062713,-1.059808,5.888957,9.976314,-0.001953,-0.001580
88.333333,31.684715,8.040986,-1.959472,0.433582,-0.000000,-0.115814,15.866380,-1.062901,-1.060959,5.889149,9.977231,-0.001948,-0.001601
88.366667,31.679213,8.027624,-1.963335,0.433468,0.000000,-0.115966,15.867843,-1.063022,-1.062074,5.889648,9.978194,-0.001943,-0.001622
88.400000,31.673660,8.014286,-1.967203,0.433362,-0.000000,-0.116112,15.869660,-1.063074,-1.063153,5.890457,9.979203,-0.001937,-0.001642
88.433333,31.668058,8.000974,-1.971076,0.433266,0.000000,-0.116252,15.871833,-1.063057,-1.064194,5.891576,9.980258,-0.001932,-0.001663
88.466667,31.662405,7.987685,-1.974953,0.433178,0.000000,-0.116385,15.874362,-1.062972,-1.065198,5.893004,9.981358,-0.001926,-0.001683
88.500000,31.656701,7.974422,-1.978835,0.433100,0.000000,-0.116512,15.877248,-1.062818,-1.066164,5.894744,9.982504,-0.001921,-0.001703
88.533333,31.650948,7.961182,-1.982721,0.433031,0.000000,-0.116632,15.880492,-1.062594,-1.067093,5.896795,9.983697,-0.001915,-0.001723
88.566667,31.645143,7.947968,-1.986610,0.432970,0.000000,-0.116745,15.884093,-1.062302,-1.067983,5.899158,9.984935,-0.001909,-0.001743
88.600000,31.639288,7.934777,-1.990504,0.432920,0.000000,-0.116852,15.888054,-1.061940,-1.068834,5.901834,9.986220,-0.001903,-0.001763
88.633333,31.633382,7.921611,-1.994401,0.432878,0.000000,-0.116952,15.892374,-1.061509,-1.069647,5.904823,9.987551,-0.001896,-0.001782
88.666667,31.627426,7.908469,-1.998301,0.432845,-0.000000,-0.117046,15.897053,-1.061009,-1.070421,5.908124,9.988929,-0.001890,-0.001801
88.700000,31.621418,7.895352,-2.002204,0.432822,-0.000000,-0.117132,15.902094,-1.060440,-1.071155,5.911740,9.990354,-0.001883,-0.001820
88.733333,31.615360,7.882258,-2.006109,0.432808,0.000000,-0.117212,15.907495,-1.059801,-1.071850,5.915668,9.991827,-0.001876,-0.001839
88.766667,31.609251,7.869189,-2.010018,0.432804,0.000000,-0.117285,15.913257,-1.059093,-1.072504,5.919911,9.993347,-0.001869,-0.001858
88.800000,31.603091,7.856143,-2.013928,0.432809,0.000000,-0.117350,15.919382,-1.058316,-1.073119,5.924467,9.994915,-0.001862,-0.001877
88.833333,31.596879,7.843122,-2.017841,0.432823,0.000000,-0.117409,15.925868,-1.057471,-1.073693,5.929337,9.996531,-0.001855,-0.001895
88.866667,31.590617,7.830124,-2.021756,0.432847,0.000000,-0.117461,15.932716,-1.056556,-1.074227,5.934520,9.998196,-0.001848,-0.001914
88.900000,31.584303,7.817150,-2.025672,0.432880,0.000000,-0.117506,15.939927,-1.055572,-1.074720,5.940017,9.999910,-0.001840,-0.001932
88.933333,31.577937,7.804200,-2.029589,0.432922,0.000000,-0.117544,15.947501,-1.054520,-1.075172,5.945827,10.001674,-0.001832,-0.001950
88.966667,31.571521,7.791273,-2.033508,0.432974,0.000000,-0.117575,15.955437,-1.053400,-1.075583,5.951949,10.003488,-0.001825,-0.001967
89.000000,31.565053,7.778370,-2.037428,0.433036,-0.000000,-0.117599,15.963737,-1.052212,-1.075953,5.958384,10.005353,-0.001817,-0.001985
89.033333,31.558533,7.765491,-2.041348,0.433107,0.000000,-0.117615,15.972399,-1.050956,-1.076280,5.965131,10.007268,-0.001808,-0.002003
89.066667,31.551962,7.752634,-2.045269,0.433188,-0.000000,-0.117624,15.981425,-1.049632,-1.076567,5.972190,10.009235,-0.001800,-0.002020
89.100000,31.545339,7.739802,-2.049190,0.433278,-0.000000,-0.117627,15.990814,-1.048241,-1.076811,5.979559,10.011254,-0.001792,-0.002037
89.133333,31.538665,7.726992,-2.053111,0.433378,0.000000,-0.117622,16.000565,-1.046783,-1.077014,5.987239,10.013326,-0.001783,-0.002054
89.166667,31.531938,7.714206,-2.057031,0.433487,-0.000000,-0.117609,16.010680,-1.045258,-1.077174,5.995228,10.015452,-0.001774,-0.002071
89.200000,31.525160,7.701442,-2.060951,0.433606,0.000000,-0.117590,16.021157,-1.043667,-1.077292,6.003527,10.017631,-0.001765,-0.002087
89.233333,31.518330,7.688702,-2.064870,0.433735,0.000000,-0.117563,16.031997,-1.042010,-1.077368,6.012133,10.019865,-0.001756,-0.002104
89.266667,31.511448,7.675985,-2.068789,0.433873,0.000000,-0.117530,16.043200,-1.040288,-1.077401,6.021046,10.022154,-0.001747,-0.002120
89.300000,31.504514,7.663290,-2.072706,0.434021,0.000000,-0.117489,16.054764,-1.038501,-1.077392,6.030265,10.024499,-0.001737,-0.002136
89.333333,31.497527,7.650619,-2.076621,0.434179,0.000000,-0.117440,16.066690,-1.036649,-1.077340,6.039789,10.026901,-0.001728,-0.002152
89.366667,31.490489,7.637970,-2.080535,0.434346,0.000000,-0.117385,16.078977,-1.034733,-1.077246,6.049617,10.029360,-0.001718,-0.002168
89.400000,31.483398,7.625343,-2.084447,0.434523,-0.000000,-0.117322,16.091626,-1.032754,-1.077108,6.059748,10.031878,-0.001708,-0.002184
89.433333,31.476255,7.612740,-2.088357,0.434710,-0.000000,-0.117252,16.104635,-1.030711,-1.076928,6.070181,10.034454,-0.001698,-0.002199
89.466667,31.469059,7.600158,-2.092264,0.434906,-0.000000,-0.117175,16.118004,-1.028606,-1.076705,6.080914,10.037090,-0.001688,-0.002215
89.500000,31.461811,7.587599,-2.096168,0.435112,0.000000,-0.117090,16.131733,-1.026439,-1.076440,6.091946,10.039787,-0.001678,-0.002230
89.533333,31.454511,7.575063,-2.100070,0.435328,0.000000,-0.116999,16.145821,-1.024210,-1.076131,6.103276,10.042545,-0.001667,-0.002245
89.566667,31.447158,7.562548,-2.103968,0.435554,-0.000000,-0.116900,16.160268,-1.021921,-1.075779,6.114902,10.045366,-0.001657,-0.002260
89.600000,31.439753,7.550056,-2.107863,0.435789,0.000000,-0.116794,16.175072,-1.019571,-1.075385,6.126823,10.048249,-0.001646,-0.002274
89.633333,31.432294,7.537586,-2.111754,0.436034,-0.000000,-0.116681,16.190233,-1.017161,-1.074947,6.139037,10.051196,-0.001635,-0.002289
89.666667,31.424783,7.525138,-2.115642,0.436288,-0.000000,-0.116561,16.205751,-1.014693,-1.074467,6.151542,10.054208,-0.001624,-0.002303
89.700000,31.417219,7.512712,-2.119525,0.436553,0.000000,-0.116433,16.221624,-1.012166,-1.073944,6.164338,10.057286,-0.001613,-0.002317
89.733333,31.409603,7.500307,-2.123404,0.436827,-0.000000,-0.116299,16.237852,-1.009582,-1.073377,6.177422,10.060430,-0.001601,-0.002331
89.766667,31.401933,7.487924,-2.127278,0.437111,-0.000000,-0.116158,16.254435,-1.006941,-1.072769,6.190793,10.063642,-0.001590,-0.002345
89.800000,31.394211,7.475563,-2.131148,0.437404,0.000000,-0.116009,16.271370,-1.004243,-1.072117,6.204448,10.066923,-0.001578,-0.002359
89.833333,31.386435,7.463223,-2.135012,0.437707,0.000000,-0.115854,16.288658,-1.001490,-1.071423,6.218386,10.070272,-0.001566,-0.002373
89.866667,31.378606,7.450905,-2.138871,0.438020,0.000000,-0.115691,16.306297,-0.998683,-1.070686,6.232605,10.073692,-0.001554,-0.002386
89.900000,31.370724,7.438609,-2.142725,0.438342,-0.000000,-0.115522,16.324287,-0.995821,-1.069907,6.247103,10.077183,-0.001542,-0.002399
89.933333,31.362789,7.426333,-2.146573,0.438675,-0.000000,-0.115346,16.342626,-0.992906,-1.069085,6.261879,10.080747,-0.001529,-0.002412
89.966667,31.354801,7.414079,-2.150415,0.439017,-0.000000,-0.115163,16.361313,-0.989938,-1.068221,6.276929,10.084383,-0.001517,-0.002425
90.000000,31.346759,7.401845,-2.154250,0.439368,-0.000000,-0.114973,16.380347,-0.986919,-1.067315,6.292253,10.088094,-0.001504,-0.002438
90.033333,31.338664,7.389633,-2.158080,0.439729,-0.000000,-0.114777,16.399727,-0.983848,-1.066367,6.307848,10.091880,-0.001492,-0.002450
90.066667,31.330515,7.377442,-2.161902,0.440100,-0.000000,-0.114574,16.419452,-0.980728,-1.065377,6.323711,10.095741,-0.001479,-0.002463
90.100000,31.322313,7.365271,-2.165718,0.440480,-0.000000,-0.114364,16.439521,-0.977558,-1.064345,6.339841,10.099680,-0.001466,-0.002475
90.133333,31.314058,7.353122,-2.169527,0.440870,0.000000,-0.114148,16.459933,-0.974340,-1.063272,6.356236,10.103697,-0.001452,-0.002487
90.166667,31.305749,7.340993,-2.173328,0.441270,-0.000000,-0.113925,16.480685,-0.971074,-1.062157,6.372893,10.107793,-0.001439,-0.002499
90.200000,31.297386,7.328884,-2.177122,0.441679,-0.000000,-0.113695,16.501778,-0.967761,-1.061001,6.389809,10.111969,-0.001425,-0.002510
90.233333,31.288969,7.316796,-2.180907,0.442097,0.000000,-0.113459,16.523209,-0.964403,-1.059804,6.406984,10.116225,-0.001412,-0.002522
90.266667,31.280499,7.304728,-2.184685,0.442526,-0.000000,-0.113217,16.544977,-0.960999,-1.058566,6.424414,10.120564,-0.001398,-0.002533
90.300000,31.271975,7.292681,-2.188455,0.442963,0.000000,-0.112969,16.567082,-0.957551,-1.057287,6.442097,10.124985,-0.001384,-0.002544
90.333333,31.263397,7.280654,-2.192217,0.443410,0.000000,-0.112714,16.589520,-0.954060,-1.055967,6.460030,10.129490,-0.001370,-0.002555
90.366667,31.254765,7.268647,-2.195970,0.443867,0.000000,-0.112453,16.612292,-0.950526,-1.054607,6.478211,10.134080,-0.001355,-0.002566
90.400000,31.246079,7.256659,-2.199714,0.444333,0.000000,-0.112186,16.635395,-0.946950,-1.053208,6.496639,10.138756,-0.001341,-0.002577
90.433333,31.237339,7.244692,-2.203449,0.444808,-0.000000,-0.111913,16.658827,-0.943334,-1.051768,6.515309,10.143518,-0.001326,-0.002588
90.466667,31.228545,7.232745,-2.207174,0.445293,0.000000,-0.111634,16.682589,-0.939678,-1.050289,6.534220,10.148368,-0.001311,-0.002598
90.500000,31.219697,7.220817,-2.210891,0.445787,-0.000000,-0.111349,16.706677,-0.935984,-1.048770,6.553370,10.153307,-0.001296,-0.002608
90.533333,31.210794,7.208909,-2.214598,0.446291,-0.000000,-0.111058,16.731090,-0.932251,-1.047212,6.572755,10.158335,-0.001281,-0.002618
90.566667,31.201838,7.197020,-2.218295,0.446803,0.000000,-0.110762,16.755826,-0.928481,-1.045615,6.592374,10.163453,-0.001266,-0.002628
90.600000,31.192827,7.185151,-2.221982,0.447325,-0.000000,-0.110459,16.780885,-0.924674,-1.043980,6.612223,10.168662,-0.001251,-0.002638
90.633333,31.183762,7.173301,-2.225659,0.447857,0.000000,-0.110151,16.806264,-0.920833,-1.042306,6.632300,10.173964,-0.001235,-0.002647
90.666667,31.174643,7.161470,-2.229325,0.448397,0.000000,-0.109838,16.831961,-0.916957,-1.040595,6.652602,10.179359,-0.001219,-0.002657
90.700000,31.165469,7.149658,-2.232981,0.448947,0.000000,-0.109519,16.857975,-0.913047,-1.038845,6.673127,10.184847,-0.001204,-0.002666
90.733333,31.156241,7.137866,-2.236627,0.449505,0.000000,-0.109195,16.884304,-0.909105,-1.037058,6.693873,10.190431,-0.001188,-0.002675
90.766667,31.146958,7.126092,-2.240261,0.450073,-0.000000,-0.108865,16.910946,-0.905131,-1.035234,6.714836,10.196110,-0.001171,-0.002684
90.800000,31.137621,7.114337,-2.243884,0.450650,0.000000,-0.108530,16.937899,-0.901127,-1.033372,6.736014,10.201885,-0.001155,-0.002693
90.833333,31.128229,7.102601,-2.247496,0.451236,-0.000000,-0.108190,16.965162,-0.897092,-1.031475,6.757404,10.207758,-0.001139,-0.002701
90.866667,31.118782,7.090884,-2.251097,0.451831,0.000000,-0.107845,16.992732,-0.893028,-1.029541,6.779003,10.213728,-0.001122,-0.002710
90.900000,31.109281,7.079185,-2.254686,0.452435,-0.000000,-0.107495,17.020608,-0.888937,-1.027570,6.800810,10.219798,-0.001105,-0.002718
90.933333,31.099725,7.067504,-2.258263,0.453048,-0.000000,-0.107140,17.048788,-0.884818,-1.025565,6.822821,10.225967,-0.001088,-0.002726
90.966667,31.090115,7.055842,-2.261829,0.453670,0.000000,-0.106781,17.077269,-0.880673,-1.023524,6.845033,10.232236,-0.001071,-0.002734
91.000000,31.080449,7.044198,-2.265382,0.454301,-0.000000,-0.106416,17.106050,-0.876502,-1.021448,6.867444,10.238606,-0.001054,-0.002742
91.033333,31.070729,7.032572,-2.268923,0.454940,0.000000,-0.106047,17.135130,-0.872307,-1.019337,6.890052,10.245078,-0.001037,-0.002749
91.066667,31.060954,7.020964,-2.272452,0.455588,0.000000,-0.105673,17.164505,-0.868088,-1.017192,6.912852,10.251652,-0.001019,-0.002757
91.100000,31.051124,7.009374,-2.275968,0.456245,0.000000,-0.105295,17.194174,-0.863846,-1.015013,6.935844,10.258330,-0.001001,-0.002764
91.133333,31.041239,6.997802,-2.279471,0.456911,0.000000,-0.104912,17.224134,-0.859583,-1.012800,6.959024,10.265111,-0.000983,-0.002771
91.166667,31.031299,6.986248,-2.282962,0.457585,0.000000,-0.104526,17.254385,-0.855298,-1.010555,6.982389,10.271996,-0.000965,-0.002778
91.200000,31.021305,6.974711,-2.286440,0.458268,0.000000,-0.104134,17.284923,-0.850993,-1.008276,7.005936,10.278986,-0.000947,-0.002785
91.233333,31.011255,6.963192,-2.289904,0.458959,-0.000000,-0.103739,17.315746,-0.846669,-1.005965,7.029664,10.286082,-0.000929,-0.002791
91.266667,31.001150,6.951690,-2.293356,0.459659,0.000000,-0.103340,17.346853,-0.842326,-1.003621,7.053569,10.293284,-0.000911,-0.002798
91.300000,30.990990,6.940205,-2.296794,0.460367,0.000000,-0.102937,17.378241,-0.837966,-1.001246,7.077648,10.300593,-0.000892,-0.002804
91.333333,30.980774,6.928738,-2.300218,0.461084,0.000000,-0.102530,17.409908,-0.833588,-0.998839,7.101899,10.308008,-0.000873,-0.002810
91.366667,30.970504,6.917287,-2.303629,0.461809,0.000000,-0.102119,17.441852,-0.829195,-0.996402,7.126320,10.315532,-0.000854,-0.002816
91.400000,30.960178,6.905854,-2.307026,0.462543,0.000000,-0.101705,17.474070,-0.824787,-0.993933,7.150907,10.323163,-0.000835,-0.002822
91.433333,30.949798,6.894438,-2.310409,0.463284,-0.000000,-0.101286,17.506561,-0.820364,-0.991435,7.175658,10.330903,-0.000816,-0.002827
91.466667,30.939361,6.883038,-2.313779,0.464034,-0.000000,-0.100865,17.539322,-0.815927,-0.988906,7.200570,10.338752,-0.000796,-0.002833
91.500000,30.928870,6.871655,-2.317134,0.464792,0.000000,-0.100440,17.572351,-0.811478,-0.986348,7.225641,10.346710,-0.000777,-0.002838
91.533333,30.918323,6.860288,-2.320475,0.465558,-0.000000,-0.100012,17.605646,-0.807017,-0.983761,7.250868,10.354778,-0.000757,-0.002843
91.566667,30.907721,6.848938,-2.323801,0.466333,-0.000000,-0.099580,17.639204,-0.802544,-0.981145,7.276248,10.362956,-0.000737,-0.002848
91.600000,30.897064,6.837605,-2.327113,0.467115,-0.000000,-0.099145,17.673024,-0.798061,-0.978501,7.301779,10.371245,-0.000717,-0.002853
91.633333,30.886351,6.826287,-2.330411,0.467905,0.000000,-0.098708,17.707102,-0.793568,-0.975829,7.327458,10.379644,-0.000697,-0.002857
91.666667,30.875582,6.814986,-2.333694,0.468703,-0.000000,-0.098267,17.741436,-0.789067,-0.973129,7.353282,10.388154,-0.000677,-0.002862
91.700000,30.864758,6.803701,-2.336962,0.469509,-0.000000,-0.097823,17.776025,-0.784557,-0.970402,7.379250,10.396776,-0.000656,-0.002866
91.733333,30.853879,6.792432,-2.340215,0.470323,0.000000,-0.097377,17.810866,-0.780039,-0.967649,7.405357,10.405509,-0.000636,-0.002870
91.766667,30.842944,6.781178,-2.343454,0.471144,-0.000000,-0.096928,17.845956,-0.775515,-0.964869,7.431603,10.414353,-0.000615,-0.002874
91.800000,30.831954,6.769941,-2.346677,0.471973,0.000000,-0.096476,17.881293,-0.770985,-0.962063,7.457983,10.423310,-0.000594,-0.002878
91.833333,30.820908,6.758719,-2.349885,0.472810,0.000000,-0.096022,17.916875,-0.766449,-0.959231,7.484496,10.432378,-0.000573,-0.002882
91.866667,30.809807,6.747512,-2.353079,0.473654,-0.000000,-0.095566,17.952699,-0.761909,-0.956374,7.511140,10.441559,-0.000552,-0.002885
91.900000,30.798649,6.736321,-2.356257,0.474506,-0.000000,-0.095107,17.988763,-0.757365,-0.953493,7.537911,10.450852,-0.000530,-0.002888
91.933333,30.787437,6.725145,-2.359419,0.475366,0.000000,-0.094646,18.025064,-0.752817,-0.950587,7.564807,10.460257,-0.000509,-0.002892
91.966667,30.776168,6.713984,-2.362566,0.476232,0.000000,-0.094182,18.061601,-0.748267,-0.947658,7.591826,10.469775,-0.000487,-0.002895
92.000000,30.764844,6.702838,-2.365698,0.477106,-0.000000,-0.093717,18.098370,-0.743714,-0.944704,7.618965,10.479405,-0.000465,-0.002897
92.033333,30.753465,6.691708,-2.368814,0.477988,0.000000,-0.093249,18.135370,-0.739160,-0.941728,7.646222,10.489147,-0.000443,-0.002900
92.066667,30.742029,6.680592,-2.371915,0.478876,-0.000000,-0.092780,18.172597,-0.734606,-0.938729,7.673595,10.499002,-0.000421,-0.002902
92.100000,30.730538,6.669491,-2.374999,0.479772,-0.000000,-0.092308,18.210049,-0.730051,-0.935707,7.701080,10.508969,-0.000399,-0.002905
92.133333,30.718991,6.658405,-2.378068,0.480675,0.000000,-0.091835,18.247724,-0.725497,-0.932664,7.728676,10.519049,-0.000376,-0.002907
92.166667,30.707389,6.647333,-2.381122,0.481585,0.000000,-0.091361,18.285620,-0.720944,-0.929599,7.756379,10.529240,-0.000354,-0.002909
92.200000,30.695730,6.636275,-2.384159,0.482501,-0.000000,-0.090884,18.323733,-0.716392,-0.926513,7.784189,10.539544,-0.000331,-0.002911
92.233333,30.684016,6.625232,-2.387181,0.483425,-0.000000,-0.090407,18.362062,-0.711843,-0.923406,7.812102,10.549960,-0.000308,-0.002912
92.266667,30.672246,6.614203,-2.390186,0.484356,0.000000,-0.089927,18.400603,-0.707297,-0.920279,7.840116,10.560487,-0.000285,-0.002914
92.300000,30.660421,6.603189,-2.393176,0.485293,-0.000000,-0.089447,18.439355,-0.702753,-0.917132,7.868229,10.571126,-0.000262,-0.002915
92.333333,30.648539,6.592188,-2.396149,0.486237,0.000000,-0.088965,18.478315,-0.698214,-0.913966,7.896438,10.581877,-0.000238,-0.002916
92.366667,30.636602,6.581201,-2.399107,0.487188,-0.000000,-0.088482,18.517480,-0.693679,-0.910780,7.924742,10.592738,-0.000215,-0.002917
92.400000,30.624609,6.570228,-2.402048,0.488145,0.000000,-0.087998,18.556848,-0.689149,-0.907576,7.953137,10.603710,-0.000191,-0.002918
92.433333,30.612560,6.559269,-2.404973,0.489109,-0.000000,-0.087512,18.596416,-0.684624,-0.904353,7.981622,10.614793,-0.000167,-0.002919
92.466667,30.600455,6.548323,-2.407882,0.490080,0.000000,-0.087026,18.636181,-0.680106,-0.901113,8.010195,10.625986,-0.000143,-0.002919
92.500000,30.588295,6.537390,-2.410775,0.491057,-0.000000,-0.086539,18.676142,-0.675594,-0.897854,8.038853,10.637290,-0.000119,-0.002919
92.533333,30.576078,6.526471,-2.413652,0.492040,-0.000000,-0.086051,18.716296,-0.671088,-0.894579,8.067593,10.648702,-0.000095,-0.002920
92.566667,30.563806,6.515566,-2.416512,0.493029,0.000000,-0.085562,18.756639,-0.666590,-0.891287,8.096415,10.660224,-0.000070,-0.002920
92.600000,30.551478,6.504673,-2.419356,0.494025,-0.000000,-0.085073,18.797170,-0.662100,-0.887978,8.125316,10.671855,-0.000046,-0.002919
92.633333,30.539094,6.493793,-2.422183,0.495027,-0.000000,-0.084583,18.837886,-0.657618,-0.884654,8.154292,10.683594,-0.000021,-0.002919
92.666667,30.526654,6.482927,-2.424995,0.496035,0.000000,-0.084092,18.878784,-0.653145,-0.881313,8.183344,10.695441,0.000004,-0.002919
92.700000,30.514158,6.472073,-2.427789,0.497049,0.000000,-0.083601,18.919862,-0.648681,-0.877958,8.212468,10.707395,0.000029,-0.002918
92.733333,30.501607,6.461232,-2.430568,0.498069,0.000000,-0.083110,18.961118,-0.644227,-0.874588,8.241661,10.719456,0.000054,-0.002917
92.766667,30.489000,6.450403,-2.433330,0.499094,-0.000000,-0.082618,19.002548,-0.639782,-0.871203,8.270924,10.731624,0.000080,-0.002916
92.800000,30.476336,6.439587,-2.436076,0.500126,-0.000000,-0.082126,19.044150,-0.635348,-0.867804,8.300252,10.743898,0.000105,-0.002915
92.833333,30.463617,6.428784,-2.438805,0.501163,0.000000,-0.081633,19.085921,-0.630925,-0.864391,8.329644,10.756277,0.000131,-0.002914
92.866667,30.450842,6.417992,-2.441518,0.502206,0.000000,-0.081141,19.127860,-0.626512,-0.860965,8.359099,10.768761,0.000157,-0.002912
92.900000,30.438012,6.407213,-2.444215,0.503255,-0.000000,-0.080649,19.169962,-0.622111,-0.857526,8.388613,10.781349,0.000183,-0.002910
92.933333,30.425125,6.396446,-2.446895,0.504309,0.000000,-0.080156,19.212227,-0.617722,-0.854074,8.418186,10.794041,0.000209,-0.002909
92.966667,30.412183,6.385691,-2.449558,0.505369,0.000000,-0.079664,19.254650,-0.613346,-0.850610,8.447814,10.806836,0.000235,-0.002907
93.000000,30.399185,6.374947,-2.452205,0.506434,-0.000000,-0.079171,19.297230,-0.608981,-0.847134,8.477497,10.819733,0.000262,-0.002904
93.033333,30.386131,6.364215,-2.454836,0.507505,0.000000,-0.078679,19.339964,-0.604630,-0.843646,8.507232,10.832732,0.000288,-0.002902
93.066667,30.373021,6.353495,-2.457451,0.508581,0.000000,-0.078187,19.382850,-0.600292,-0.840148,8.537017,10.845832,0.000315,-0.002900
93.100000,30.359855,6.342787,-2.460049,0.509662,0.000000,-0.077695,19.425884,-0.595967,-0.836638,8.566851,10.859033,0.000342,-0.002897
93.133333,30.346634,6.332090,-2.462630,0.510748,0.000000,-0.077204,19.469064,-0.591656,-0.833118,8.596731,10.872332,0.000369,-0.002894
93.166667,30.333357,6.321404,-2.465196,0.511839,-0.000000,-0.076713,19.512388,-0.587359,-0.829587,8.626656,10.885731,0.000396,-0.002891
93.200000,30.320024,6.310730,-2.467745,0.512935,0.000000,-0.076222,19.555852,-0.583077,-0.826047,8.656624,10.899228,0.000423,-0.002888
93.233333,30.306635,6.300066,-2.470277,0.514037,0.000000,-0.075732,19.599455,-0.578809,-0.822497,8.686633,10.912822,0.000451,-0.002885
93.266667,30.293191,6.289414,-2.472793,0.515143,-0.000000,-0.075242,19.643194,-0.574556,-0.818938,8.716681,10.926513,0.000479,-0.002881
93.300000,30.279691,6.278772,-2.475293,0.516254,-0.000000,-0.074753,19.687065,-0.570319,-0.815371,8.746766,10.940299,0.000507,-0.002878
93.333333,30.266135,6.268141,-2.477777,0.517369,0.000000,-0.074265,19.731067,-0.566096,-0.811795,8.776887,10.954181,0.000535,-0.002874
93.366667,30.252524,6.257521,-2.480244,0.518490,0.000000,-0.073777,19.775197,-0.561890,-0.808210,8.807041,10.968156,0.000563,-0.002870
93.400000,30.238857,6.246911,-2.482695,0.519615,0.000000,-0.073290,19.819453,-0.557699,-0.804618,8.837228,10.982225,0.000591,-0.002866
93.433333,30.225135,6.236312,-2.485130,0.520744,0.000000,-0.072804,19.863830,-0.553525,-0.801018,8.867445,10.996386,0.000619,-0.002861
93.466667,30.211356,6.225723,-2.487549,0.521878,0.000000,-0.072319,19.908328,-0.549366,-0.797411,8.897690,11.010638,0.000648,-0.002857
93.500000,30.197523,6.215145,-2.489952,0.523016,0.000000,-0.071834,19.952944,-0.545225,-0.793797,8.927963,11.024981,0.000677,-0.002852
93.533333,30.183633,6.204576,-2.492338,0.524159,-0.000000,-0.071351,19.997674,-0.541100,-0.790177,8.958260,11.039414,0.000706,-0.002848
93.566667,30.169689,6.194018,-2.494708,0.525306,0.000000,-0.070868,20.042516,-0.536992,-0.786550,8.988581,11.053935,0.000735,-0.002843
93.600000,30.155688,6.183469,-2.497063,0.526457,-0.000000,-0.070387,20.087468,-0.532901,-0.782917,9.018924,11.068544,0.000764,-0.002838
93.633333,30.141633,6.172931,-2.499401,0.527612,-0.000000,-0.069906,20.132527,-0.528828,-0.779279,9.049286,11.083240,0.000793,-0.002832
93.666667,30.127521,6.162402,-2.501723,0.528771,0.000000,-0.069427,20.177690,-0.524772,-0.775635,9.079668,11.098022,0.000823,-0.002827
93.700000,30.113355,6.151882,-2.504029,0.529935,-0.000000,-0.068949,20.222955,-0.520734,-0.771986,9.110066,11.112889,0.000853,-0.002821
93.733333,30.099133,6.141372,-2.506320,0.531102,-0.000000,-0.068472,20.268319,-0.516714,-0.768332,9.140479,11.127840,0.000882,-0.002815
93.766667,30.084856,6.130872,-2.508594,0.532273,0.000000,-0.067996,20.313780,-0.512711,-0.764674,9.170906,11.142873,0.000912,-0.002809
93.800000,30.070523,6.120381,-2.510853,0.533447,0.000000,-0.067521,20.359334,-0.508727,-0.761012,9.201346,11.157989,0.000943,-0.002803
93.833333,30.056135,6.109899,-2.513095,0.534626,0.000000,-0.067048,20.404980,-0.504761,-0.757345,9.231795,11.173185,0.000973,-0.002797
93.866667,30.041692,6.099426,-2.515322,0.535808,0.000000,-0.066575,20.450714,-0.500814,-0.753675,9.262254,11.188461,0.001003,-0.002791
93.900000,30.027194,6.088962,-2.517534,0.536993,0.000000,-0.066105,20.496535,-0.496885,-0.750002,9.292719,11.203815,0.001034,-0.002784
93.933333,30.012640,6.078507,-2.519729,0.538182,0.000000,-0.065635,20.542439,-0.492975,-0.746325,9.323191,11.219248,0.001065,-0.002777
93.966667,29.998032,6.068061,-2.521909,0.539375,0.000000,-0.065167,20.588424,-0.489083,-0.742646,9.353667,11.234757,0.001096,-0.002770
94.000000,29.983368,6.057623,-2.524074,0.540571,-0.000000,-0.064701,20.634487,-0.485211,-0.738964,9.384146,11.250341,0.001127,-0.002763
94.033333,29.968649,6.047194,-2.526223,0.541770,-0.000000,-0.064236,20.680626,-0.481357,-0.735280,9.414625,11.266000,0.001158,-0.002756
94.066667,29.953875,6.036774,-2.528356,0.542972,-0.000000,-0.063772,20.726837,-0.477523,-0.731594,9.445105,11.281732,0.001189,-0.002749
94.100000,29.939047,6.026361,-2.530474,0.544177,-0.000000,-0.063310,20.773120,-0.473708,-0.727906,9.475583,11.297537,0.001221,-0.002741
94.133333,29.924163,6.015958,-2.532577,0.545386,-0.000000,-0.062850,20.819470,-0.469912,-0.724217,9.506058,11.313412,0.001252,-0.002733
94.166667,29.909225,6.005562,-2.534664,0.546597,0.000000,-0.062391,20.865885,-0.466136,-0.720526,9.536528,11.329358,0.001284,-0.002725
94.200000,29.894231,5.995174,-2.536736,0.547812,0.000000,-0.061934,20.912363,-0.462379,-0.716834,9.566991,11.345372,0.001316,-0.002717
94.233333,29.879183,5.984794,-2.538793,0.549029,-0.000000,-0.061478,20.958901,-0.458641,-0.713142,9.597448,11.361453,0.001348,-0.002709
94.266667,29.864080,5.974423,-2.540835,0.550249,0.000000,-0.061024,21.005496,-0.454924,-0.709449,9.627895,11.377601,0.001381,-0.002700
94.300000,29.848923,5.964059,-2.542861,0.551472,0.000000,-0.060572,21.052146,-0.451226,-0.705755,9.658332,11.393815,0.001413,-0.002692
94.333333,29.833711,5.953702,-2.544873,0.552697,-0.000000,-0.060121,21.098849,-0.447547,-0.702062,9.688757,11.410092,0.001446,-0.002683
94.366667,29.818444,5.943353,-2.546870,0.553925,-0.000000,-0.059672,21.145601,-0.443889,-0.698369,9.719168,11.426432,0.001478,-0.002674
94.400000,29.803123,5.933012,-2.548851,0.555155,0.000000,-0.059225,21.192400,-0.440250,-0.694676,9.749565,11.442834,0.001511,-0.002665
94.433333,29.787747,5.922678,-2.550818,0.556388,0.000000,-0.058780,21.239243,-0.436631,-0.690983,9.779946,11.459297,0.001544,-0.002656
94.466667,29.772317,5.912351,-2.552770,0.557624,-0.000000,-0.058336,21.286128,-0.433032,-0.687292,9.810310,11.475818,0.001578,-0.002646
94.500000,29.756833,5.902032,-2.554707,0.558861,-0.000000,-0.057895,21.333053,-0.429453,-0.683602,9.840655,11.492398,0.001611,-0.002637
94.533333,29.741294,5.891719,-2.556630,0.560101,-0.000000,-0.057455,21.380014,-0.425894,-0.679913,9.870979,11.509035,0.001645,-0.002627
94.566667,29.725701,5.881414,-2.558537,0.561343,0.000000,-0.057017,21.427009,-0.422355,-0.676225,9.901283,11.525727,0.001678,-0.002617
94.600000,29.710054,5.871115,-2.560431,0.562586,0.000000,-0.056581,21.474036,-0.418837,-0.672539,9.931563,11.542473,0.001712,-0.002607
94.633333,29.694353,5.860823,-2.562309,0.563832,0.000000,-0.056146,21.521091,-0.415338,-0.668855,9.961819,11.559272,0.001746,-0.002597
94.666667,29.678598,5.850538,-2.564174,0.565080,-0.000000,-0.055714,21.568173,-0.411859,-0.665174,9.992049,11.576124,0.001780,-0.002587
94.700000,29.662789,5.840259,-2.566024,0.566330,0.000000,-0.055284,21.615278,-0.408401,-0.661494,10.022253,11.593025,0.001814,-0.002576
94.733333,29.646926,5.829987,-2.567859,0.567581,-0.000000,-0.054855,21.662405,-0.404962,-0.657817,10.052429,11.609976,0.001849,-0.002565
94.766667,29.631009,5.819721,-2.569681,0.568835,-0.000000,-0.054429,21.709550,-0.401544,-0.654143,10.082575,11.626975,0.001883,-0.002554
94.800000,29.615038,5.809462,-2.571488,0.570089,0.000000,-0.054004,21.756711,-0.398146,-0.650472,10.112690,11.644021,0.001918,-0.002543
94.833333,29.599014,5.799209,-2.573281,0.571346,0.000000,-0.053581,21.803885,-0.394768,-0.646804,10.142773,11.661112,0.001953,-0.002532
94.866667,29.582936,5.788962,-2.575060,0.572604,0.000000,-0.053161,21.851070,-0.391410,-0.643139,10.172823,11.678247,0.001988,-0.002521
94.900000,29.566804,5.778721,-2.576825,0.573863,0.000000,-0.052742,21.898263,-0.388073,-0.639478,10.202838,11.695425,0.002023,-0.002509
94.933333,29.550619,5.768485,-2.578576,0.575124,-0.000000,-0.052325,21.945462,-0.384755,-0.635820,10.232817,11.712645,0.002059,-0.002497
94.966667,29.534380,5.758256,-2.580313,0.576386,-0.000000,-0.051911,21.992664,-0.381458,-0.632166,10.262759,11.729905,0.002094,-0.002486
95.000000,29.518089,5.748033,-2.582037,0.577649,-0.000000,-0.051498,22.039866,-0.378181,-0.628516,10.292663,11.747203,0.002130,-0.002473
95.033333,29.501744,5.737815,-2.583747,0.578914,0.000000,-0.051088,22.087066,-0.374923,-0.624871,10.322526,11.764539,0.002166,-0.002461
95.066667,29.485345,5.727602,-2.585443,0.580179,0.000000,-0.050679,22.134261,-0.371686,-0.621229,10.352349,11.781912,0.002202,-0.002449
95.100000,29.468894,5.717395,-2.587125,0.581446,0.000000,-0.050273,22.181449,-0.368469,-0.617593,10.382130,11.799319,0.002238,-0.002436
95.133333,29.452390,5.707194,-2.588794,0.582713,0.000000,-0.049869,22.228626,-0.365272,-0.613961,10.411867,11.816760,0.002274,-0.002424
95.166667,29.435833,5.696998,-2.590450,0.583982,0.000000,-0.049466,22.275792,-0.362095,-0.610334,10.441559,11.834233,0.002311,-0.002411
95.200000,29.419223,5.686807,-2.592092,0.585251,-0.000000,-0.049066,22.322942,-0.358938,-0.606712,10.471206,11.851737,0.002347,-0.002398
95.233333,29.402560,5.676621,-2.593721,0.586521,0.000000,-0.048668,22.370075,-0.355801,-0.603095,10.500805,11.869270,0.002384,-0.002384
95.266667,29.385844,5.666440,-2.595336,0.587791,-0.000000,-0.048272,22.417187,-0.352684,-0.599483,10.530356,11.886831,0.002421,-0.002371
95.300000,29.369076,5.656264,-2.596939,0.589062,0.000000,-0.047878,22.464277,-0.349586,-0.595877,10.559857,11.904420,0.002458,-0.002358
95.333333,29.352256,5.646093,-2.598528,0.590334,-0.000000,-0.047486,22.511341,-0.346509,-0.592277,10.589307,11.922034,0.002495,-0.002344
95.366667,29.335383,5.635926,-2.600105,0.591606,0.000000,-0.047097,22.558377,-0.343451,-0.588682,10.618706,11.939671,0.002532,-0.002330
95.400000,29.318458,5.625765,-2.601668,0.592879,0.000000,-0.046709,22.605383,-0.340413,-0.585094,10.648051,11.957332,0.002570,-0.002316
95.433333,29.301480,5.615608,-2.603219,0.594151,0.000000,-0.046324,22.652355,-0.337395,-0.581512,10.677341,11.975014,0.002608,-0.002302
95.466667,29.284451,5.605455,-2.604756,0.595424,0.000000,-0.045940,22.699292,-0.334396,-0.577935,10.706576,11.992716,0.002646,-0.002287
95.500000,29.267369,5.595307,-2.606281,0.596698,-0.000000,-0.045559,22.746190,-0.331417,-0.574366,10.735754,12.010436,0.002683,-0.002273
95.533333,29.250236,5.585163,-2.607794,0.597971,0.000000,-0.045180,22.793048,-0.328458,-0.570802,10.764874,12.028174,0.002722,-0.002258
95.566667,29.233050,5.575023,-2.609293,0.599244,0.000000,-0.044803,22.839862,-0.325518,-0.567246,10.793935,12.045927,0.002760,-0.002243
95.600000,29.215813,5.564888,-2.610781,0.600518,0.000000,-0.044428,22.886630,-0.322598,-0.563696,10.822935,12.063695,0.002798,-0.002228
95.633333,29.198525,5.554756,-2.612255,0.601791,-0.000000,-0.044056,22.933349,-0.319697,-0.560153,10.851873,12.081476,0.002837,-0.002213
95.666667,29.181185,5.544629,-2.613718,0.603064,-0.000000,-0.043685,22.980018,-0.316815,-0.556618,10.880749,12.099269,0.002876,-0.002198
95.700000,29.163793,5.534505,-2.615168,0.604337,0.000000,-0.043317,23.026632,-0.313953,-0.553089,10.909561,12.117071,0.002915,-0.002182
95.733333,29.146350,5.524386,-2.616605,0.605609,-0.000000,-0.042951,23.073190,-0.311110,-0.549568,10.938308,12.134883,0.002954,-0.002167
95.766667,29.128857,5.514270,-2.618031,0.606881,0.000000,-0.042587,23.119690,-0.308286,-0.546054,10.966988,12.152702,0.002993,-0.002151
95.800000,29.111311,5.504158,-2.619444,0.608153,-0.000000,-0.042225,23.166127,-0.305481,-0.542548,10.995601,12.170527,0.003032,-0.002135
95.833333,29.093715,5.494049,-2.620846,0.609424,0.000000,-0.041865,23.212501,-0.302695,-0.539049,11.024145,12.188357,0.003072,-0.002119
95.866667,29.076069,5.483944,-2.622235,0.610694,0.000000,-0.041507,23.258808,-0.299928,-0.535559,11.052619,12.206189,0.003111,-0.002102
95.900000,29.058371,5.473842,-2.623613,0.611964,0.000000,-0.041152,23.305046,-0.297181,-0.532076,11.081022,12.224024,0.003151,-0.002086
95.933333,29.040623,5.463744,-2.624979,0.613233,-0.000000,-0.040799,23.351212,-0.294452,-0.528601,11.109353,12.241859,0.003191,-0.002069
95.966667,29.022824,5.453649,-2.626333,0.614501,0.000000,-0.040447,23.397303,-0.291741,-0.525135,11.137610,12.259693,0.003231,-0.002052
96.000000,29.004975,5.443557,-2.627675,0.615768,0.000000,-0.040098,23.443318,-0.289050,-0.521676,11.165794,12.277524,0.003272,-0.002035
96.033333,28.987076,5.433469,-2.629006,0.617035,0.000000,-0.039751,23.489253,-0.286377,-0.518226,11.193901,12.295352,0.003312,-0.002018
96.066667,28.969126,5.423383,-2.630326,0.618300,0.000000,-0.039407,23.535105,-0.283723,-0.514785,11.221931,12.313174,0.003353,-0.002001
96.100000,28.951127,5.413300,-2.631633,0.619564,0.000000,-0.039064,23.580873,-0.281087,-0.511352,11.249884,12.330989,0.003393,-0.001983
96.133333,28.933077,5.403221,-2.632930,0.620827,0.000000,-0.038723,23.626554,-0.278470,-0.507927,11.277757,12.348796,0.003434,-0.001966
96.166667,28.914978,5.393144,-2.634215,0.622089,0.000000,-0.038385,23.672145,-0.275871,-0.504512,11.305551,12.366594,0.003475,-0.001948
96.200000,28.896829,5.383070,-2.635489,0.623350,0.000000,-0.038049,23.717643,-0.273291,-0.501105,11.333262,12.384381,0.003516,-0.001930
96.233333,28.878631,5.372998,-2.636751,0.624609,-0.000000,-0.037714,23.763046,-0.270728,-0.497708,11.360891,12.402155,0.003558,-0.001912
96.266667,28.860384,5.362929,-2.638003,0.625867,-0.000000,-0.037382,23.808351,-0.268184,-0.494319,11.388437,12.419915,0.003599,-0.001893
96.300000,28.842087,5.352863,-2.639244,0.627123,0.000000,-0.037053,23.853556,-0.265658,-0.490940,11.415897,12.437659,0.003641,-0.001875
96.333333,28.823741,5.342799,-2.640473,0.628378,0.000000,-0.036725,23.898659,-0.263150,-0.487570,11.443271,12.455387,0.003683,-0.001856
96.366667,28.805346,5.332738,-2.641692,0.629631,0.000000,-0.036399,23.943655,-0.260660,-0.484209,11.470559,12.473097,0.003725,-0.001837
96.400000,28.786902,5.322679,-2.642900,0.630882,0.000000,-0.036075,23.988544,-0.258188,-0.480858,11.497757,12.490787,0.003767,-0.001818
96.433333,28.768409,5.312622,-2.644097,0.632131,0.000000,-0.035754,24.033322,-0.255733,-0.477516,11.524867,12.508456,0.003809,-0.001799
96.466667,28.749868,5.302567,-2.645283,0.633379,0.000000,-0.035434,24.077987,-0.253296,-0.474184,11.551885,12.526102,0.003852,-0.001780
96.500000,28.731279,5.292515,-2.646459,0.634625,-0.000000,-0.035117,24.122536,-0.250877,-0.470861,11.578812,12.543724,0.003894,-0.001761
96.533333,28.712641,5.282465,-2.647625,0.635868,0.000000,-0.034802,24.166966,-0.248475,-0.467549,11.605646,12.561321,0.003937,-0.001741
96.566667,28.693955,5.272416,-2.648779,0.637110,0.000000,-0.034489,24.211276,-0.246091,-0.464246,11.632385,12.578890,0.003980,-0.001721
96.600000,28.675221,5.262370,-2.649924,0.638349,0.000000,-0.034178,24.255461,-0.243724,-0.460953,11.659030,12.596431,0.004023,-0.001701
96.633333,28.656439,5.252325,-2.651058,0.639586,-0.000000,-0.033868,24.299521,-0.241375,-0.457670,11.685578,12.613943,0.004066,-0.001681
96.666667,28.637610,5.242283,-2.652182,0.640821,0.000000,-0.033561,24.343451,-0.239043,-0.454397,11.712028,12.631423,0.004109,-0.001661
96.700000,28.618733,5.232242,-2.653295,0.642054,-0.000000,-0.033257,24.387250,-0.236727,-0.451135,11.738380,12.648870,0.004153,-0.001640
96.733333,28.599809,5.222203,-2.654399,0.643284,0.000000,-0.032954,24.430915,-0.234429,-0.447883,11.764632,12.666283,0.004197,-0.001620
96.766667,28.580837,5.212165,-2.655492,0.644512,-0.000000,-0.032653,24.474443,-0.232148,-0.444641,11.790783,12.683660,0.004240,-0.001599
96.800000,28.561819,5.202129,-2.656576,0.645737,0.000000,-0.032354,24.517832,-0.229884,-0.441409,11.816832,12.701000,0.004284,-0.001578
96.833333,28.542753,5.192094,-2.657649,0.646959,0.000000,-0.032057,24.561079,-0.227636,-0.438188,11.842777,12.718301,0.004328,-0.001557
96.866667,28.523641,5.182061,-2.658713,0.648179,-0.000000,-0.031762,24.604181,-0.225406,-0.434977,11.868618,12.735563,0.004373,-0.001535
96.900000,28.504482,5.172030,-2.659767,0.649396,-0.000000,-0.031470,24.647136,-0.223191,-0.431777,11.894354,12.752782,0.004417,-0.001514
96.933333,28.485277,5.161999,-2.660811,0.650610,-0.000000,-0.031179,24.689941,-0.220994,-0.428588,11.919982,12.769959,0.004462,-0.001492
96.966667,28.466025,5.151970,-2.661845,0.651821,-0.000000,-0.030890,24.732594,-0.218813,-0.425410,11.945503,12.787091,0.004506,-0.001471
97.000000,28.446728,5.141943,-2.662870,0.653029,-0.000000,-0.030604,24.775092,-0.216648,-0.422242,11.970915,12.804177,0.004551,-0.001449
97.033333,28.427384,5.131916,-2.663885,0.654234,0.000000,-0.030319,24.817432,-0.214500,-0.419085,11.996216,12.821216,0.004596,-0.001427
97.066667,28.407995,5.121891,-2.664891,0.655436,-0.000000,-0.030036,24.859611,-0.212368,-0.415939,12.021406,12.838205,0.004642,-0.001404
97.100000,28.388560,5.111866,-2.665888,0.656635,-0.000000,-0.029755,24.901628,-0.210252,-0.412804,12.046484,12.855144,0.004687,-0.001382
97.133333,28.369080,5.101843,-2.666875,0.657830,0.000000,-0.029476,24.943479,-0.208152,-0.409681,12.071447,12.872032,0.004732,-0.001359
97.166667,28.349554,5.091821,-2.667853,0.659022,0.000000,-0.029200,24.985162,-0.206068,-0.406568,12.096296,12.888866,0.004778,-0.001336
97.200000,28.329984,5.081799,-2.668822,0.660211,0.000000,-0.028925,25.026674,-0.204000,-0.403466,12.121029,12.905645,0.004824,-0.001313
97.233333,28.310368,5.071779,-2.669781,0.661396,-0.000000,-0.028652,25.068012,-0.201948,-0.400376,12.145645,12.922367,0.004870,-0.001290
97.266667,28.290708,5.061759,-2.670732,0.662577,-0.000000,-0.028381,25.109174,-0.199911,-0.397297,12.170142,12.939032,0.004916,-0.001267
97.300000,28.271003,5.051740,-2.671673,0.663755,0.000000,-0.028111,25.150157,-0.197891,-0.394229,12.194520,12.955637,0.004962,-0.001244
97.333333,28.251254,5.041722,-2.672606,0.664930,0.000000,-0.027844,25.190959,-0.195885,-0.391173,12.218777,12.972182,0.005009,-0.001220
97.366667,28.231461,5.031704,-2.673530,0.666100,0.000000,-0.027579,25.231576,-0.193896,-0.388128,12.242912,12.988664,0.005055,-0.001196
97.400000,28.211624,5.021687,-2.674445,0.667267,0.000000,-0.027316,25.272007,-0.191921,-0.385095,12.266924,13.005083,0.005102,-0.001172
97.433333,28.191743,5.011671,-2.675351,0.668429,-0.000000,-0.027054,25.312248,-0.189962,-0.382073,12.290812,13.021436,0.005149,-0.001148
97.466667,28.171818,5.001655,-2.676248,0.669588,0.000000,-0.026795,25.352297,-0.188019,-0.379063,12.314574,13.037723,0.005196,-0.001124
97.500000,28.151850,4.991640,-2.677137,0.670743,0.000000,-0.026537,25.392151,-0.186090,-0.376064,12.338210,13.053941,0.005243,-0.001100
97.533333,28.131839,4.981625,-2.678017,0.671893,-0.000000,-0.026281,25.431807,-0.184176,-0.373078,12.361718,13.070089,0.005290,-0.001075
97.566667,28.111785,4.971611,-2.678889,0.673040,-0.000000,-0.026027,25.471264,-0.182278,-0.370102,12.385097,13.086166,0.005338,-0.001050
97.600000,28.091688,4.961597,-2.679752,0.674182,-0.000000,-0.025775,25.510517,-0.180394,-0.367139,12.408346,13.102171,0.005386,-0.001025
97.633333,28.071548,4.951583,-2.680607,0.675319,0.000000,-0.025525,25.549565,-0.178526,-0.364188,12.431464,13.118101,0.005433,-0.001000
97.666667,28.051366,4.941570,-2.681454,0.676452,0.000000,-0.025276,25.588405,-0.176672,-0.361248,12.454449,13.133955,0.005481,-0.000975
97.700000,28.031142,4.931557,-2.682292,0.677581,-0.000000,-0.025030,25.627033,-0.174832,-0.358321,12.477301,13.149732,0.005529,-0.000950
97.733333,28.010876,4.921544,-2.683123,0.678705,0.000000,-0.024785,25.665448,-0.173007,-0.355405,12.500018,13.165431,0.005578,-0.000924
97.766667,27.990568,4.911532,-2.683945,0.679825,0.000000,-0.024542,25.703647,-0.171197,-0.352501,12.522598,13.181049,0.005626,-0.000898
97.800000,27.970218,4.901519,-2.684759,0.680940,0.000000,-0.024301,25.741627,-0.169401,-0.349610,12.545042,13.196585,0.005675,-0.000872
97.833333,27.949827,4.891507,-2.685565,0.682050,0.000000,-0.024061,25.779385,-0.167620,-0.346730,12.567346,13.212039,0.005723,-0.000846
97.866667,27.929395,4.881495,-2.686363,0.683155,0.000000,-0.023824,25.816918,-0.165853,-0.343863,12.589511,13.227407,0.005772,-0.000820
97.900000,27.908922,4.871483,-2.687153,0.684255,0.000000,-0.023588,25.854225,-0.164100,-0.341008,12.611536,13.242689,0.005821,-0.000794
97.933333,27.888408,4.861471,-2.687935,0.685350,0.000000,-0.023354,25.891301,-0.162361,-0.338165,12.633418,13.257883,0.005871,-0.000767
97.966667,27.867853,4.851459,-2.688710,0.686441,0.000000,-0.023122,25.928145,-0.160636,-0.335334,12.655157,13.272988,0.005920,-0.000740
98.000000,27.847258,4.841447,-2.689477,0.687526,0.000000,-0.022891,25.964754,-0.158925,-0.332516,12.676751,13.288002,0.005969,-0.000714
98.033333,27.826624,4.831435,-2.690236,0.688605,-0.000000,-0.022662,26.001124,-0.157228,-0.329710,12.698200,13.302924,0.006019,-0.000686
98.066667,27.805949,4.821423,-2.690988,0.689680,0.000000,-0.022435,26.037254,-0.155545,-0.326916,12.719502,13.317752,0.006069,-0.000659
98.100000,27.785234,4.811411,-2.691732,0.690749,0.000000,-0.022210,26.073140,-0.153876,-0.324135,12.740655,13.332485,0.006119,-0.000632
98.133333,27.764481,4.801399,-2.692468,0.691813,0.000000,-0.021986,26.108780,-0.152220,-0.321366,12.761659,13.347121,0.006169,-0.000604
98.166667,27.743688,4.791386,-2.693197,0.692871,-0.000000,-0.021765,26.144171,-0.150578,-0.318610,12.782513,13.361658,0.006219,-0.000577
98.200000,27.722856,4.781374,-2.693919,0.693924,0.000000,-0.021544,26.179310,-0.148949,-0.315866,12.803214,13.376095,0.006270,-0.000549
98.233333,27.701985,4.771361,-2.694634,0.694971,0.000000,-0.021326,26.214194,-0.147334,-0.313135,12.823763,13.390431,0.006320,-0.000521
98.266667,27.681076,4.761348,-2.695341,0.696012,-0.000000,-0.021109,26.248822,-0.145732,-0.310416,12.844157,13.404665,0.006371,-0.000492
98.300000,27.660128,4.751335,-2.696041,0.697047,-0.000000,-0.020894,26.283189,-0.144143,-0.307710,12.864396,13.418793,0.006422,-0.000464
98.333333,27.639143,4.741322,-2.696734,0.698077,0.000000,-0.020681,26.317294,-0.142568,-0.305016,12.884478,13.432816,0.006473,-0.000436
98.366667,27.618119,4.731308,-2.697420,0.699100,-0.000000,-0.020469,26.351133,-0.141006,-0.302336,12.904402,13.446731,0.006524,-0.000407
98.400000,27.597058,4.721294,-2.698099,0.700118,-0.000000,-0.020259,26.384703,-0.139456,-0.299668,12.924166,13.460537,0.006575,-0.000378
98.433333,27.575960,4.711280,-2.698770,0.701129,-0.000000,-0.020050,26.418003,-0.137920,-0.297012,12.943770,13.474232,0.006627,-0.000349
98.466667,27.554825,4.701266,-2.699435,0.702135,0.000000,-0.019843,26.451028,-0.136397,-0.294370,12.963213,13.487815,0.006678,-0.000320
98.500000,27.533653,4.691251,-2.700093,0.703134,-0.000000,-0.019638,26.483777,-0.134886,-0.291740,12.982492,13.501285,0.006730,-0.000290
98.533333,27.512444,4.681236,-2.700744,0.704126,0.000000,-0.019435,26.516246,-0.133388,-0.289123,13.001607,13.514639,0.006782,-0.000261
98.566667,27.491199,4.671221,-2.701389,0.705113,-0.000000,-0.019233,26.548434,-0.131903,-0.286518,13.020556,13.527877,0.006834,-0.000231
98.600000,27.469918,4.661205,-2.702027,0.706093,-0.000000,-0.019032,26.580336,-0.130431,-0.283927,13.039339,13.540997,0.006887,-0.000201
98.633333,27.448601,4.651189,-2.702658,0.707066,-0.000000,-0.018833,26.611950,-0.128971,-0.281349,13.057953,13.553996,0.006939,-0.000171
98.666667,27.427249,4.641173,-2.703282,0.708033,-0.000000,-0.018636,26.643273,-0.127524,-0.278783,13.076399,13.566875,0.006992,-0.000141
98.700000,27.405861,4.631156,-2.703900,0.708993,0.000000,-0.018441,26.674303,-0.126089,-0.276231,13.094673,13.579630,0.007044,-0.000111
98.733333,27.384439,4.621139,-2.704512,0.709946,0.000000,-0.018246,26.705036,-0.124666,-0.273691,13.112776,13.592261,0.007097,-0.000080
98.766667,27.362981,4.611121,-2.705117,0.710892,0.000000,-0.018054,26.735471,-0.123256,-0.271164,13.130705,13.604766,0.007150,-0.000049
98.800000,27.341489,4.601104,-2.705715,0.711832,0.000000,-0.017863,26.765603,-0.121858,-0.268651,13.148460,13.617144,0.007203,-0.000019
98.833333,27.319963,4.591085,-2.706307,0.712764,0.000000,-0.017674,26.795431,-0.120472,-0.266150,13.166039,13.629392,0.007257,0.000012
98.866667,27.298403,4.581067,-2.706893,0.713690,0.000000,-0.017486,26.824951,-0.119098,-0.263663,13.183441,13.641510,0.007310,0.000044
98.900000,27.276809,4.571048,-2.707473,0.714608,-0.000000,-0.017299,26.854160,-0.117736,-0.261189,13.200664,13.653496,0.007364,0.000075
98.933333,27.255181,4.561029,-2.708047,0.715519,0.000000,-0.017115,26.883056,-0.116386,-0.258727,13.217708,13.665348,0.007418,0.000106
98.966667,27.233521,4.551009,-2.708614,0.716423,-0.000000,-0.016931,26.911635,-0.115048,-0.256279,13.234571,13.677064,0.007472,0.000138
99.000000,27.211827,4.540989,-2.709175,0.717319,0.000000,-0.016749,26.939896,-0.113722,-0.253844,13.251252,13.688644,0.007526,0.000170
99.033333,27.190101,4.530969,-2.709731,0.718208,0.000000,-0.016569,26.967834,-0.112408,-0.251423,13.267749,13.700086,0.007580,0.000202
99.066667,27.168343,4.520948,-2.710280,0.719089,0.000000,-0.016390,26.995448,-0.111105,-0.249014,13.284061,13.711387,0.007634,0.000234
99.100000,27.146552,4.510927,-2.710823,0.719963,-0.000000,-0.016213,27.022734,-0.109814,-0.246619,13.300187,13.722547,0.007689,0.000267
99.133333,27.124730,4.500906,-2.711361,0.720829,0.000000,-0.016037,27.049690,-0.108534,-0.244237,13.316125,13.733565,0.007744,0.000299
99.166667,27.102877,4.490884,-2.711893,0.721688,0.000000,-0.015863,27.076312,-0.107266,-0.241868,13.331875,13.744437,0.007799,0.000332
99.200000,27.080992,4.480862,-2.712418,0.722538,-0.000000,-0.015690,27.102597,-0.106010,-0.239513,13.347434,13.755163,0.007854,0.000365
99.233333,27.059076,4.470840,-2.712939,0.723381,0.000000,-0.015518,27.128543,-0.104764,-0.237171,13.362801,13.765742,0.007909,0.000398
99.266667,27.037130,4.460817,-2.713453,0.724215,0.000000,-0.015348,27.154147,-0.103531,-0.234842,13.377976,13.776171,0.007964,0.000431
99.300000,27.015153,4.450795,-2.713962,0.725042,-0.000000,-0.015179,27.179406,-0.102308,-0.232526,13.392957,13.786449,0.008020,0.000464
99.333333,26.993146,4.440772,-2.714465,0.725860,0.000000,-0.015012,27.204317,-0.101097,-0.230224,13.407742,13.796575,0.008075,0.000497
99.366667,26.971110,4.430748,-2.714963,0.726671,0.000000,-0.014846,27.228877,-0.099896,-0.227936,13.422330,13.806547,0.008131,0.000531
99.400000,26.949044,4.420725,-2.715455,0.727473,0.000000,-0.014682,27.253083,-0.098707,-0.225660,13.436720,13.816363,0.008187,0.000565
99.433333,26.926949,4.410701,-2.715941,0.728266,-0.000000,-0.014519,27.276932,-0.097529,-0.223399,13.450910,13.826022,0.008243,0.000599
99.466667,26.904825,4.400678,-2.716423,0.729051,0.000000,-0.014357,27.300422,-0.096362,-0.221150,13.464899,13.835522,0.008299,0.000633
99.500000,26.882673,4.390654,-2.716898,0.729828,-0.000000,-0.014197,27.323548,-0.095206,-0.218915,13.478686,13.844862,0.008356,0.000667
99.533333,26.860492,4.380630,-2.717369,0.730596,-0.000000,-0.014038,27.346310,-0.094061,-0.216694,13.492269,13.854040,0.008412,0.000702
99.566667,26.838284,4.370605,-2.717834,0.731355,0.000000,-0.013881,27.368702,-0.092926,-0.214486,13.505647,13.863055,0.008469,0.000737
99.600000,26.816048,4.360581,-2.718294,0.732106,0.000000,-0.013725,27.390723,-0.091802,-0.212292,13.518819,13.871904,0.008526,0.000771
99.633333,26.793785,4.350557,-2.718749,0.732848,0.000000,-0.013570,27.412369,-0.090689,-0.210111,13.531782,13.880587,0.008583,0.000806
99.666667,26.771495,4.340533,-2.719199,0.733580,0.000000,-0.013417,27.433638,-0.089587,-0.207944,13.544537,13.889102,0.008640,0.000841
99.700000,26.749178,4.330509,-2.719644,0.734304,0.000000,-0.013265,27.454527,-0.088495,-0.205790,13.557080,13.897446,0.008697,0.000877
99.733333,26.726835,4.320484,-2.720083,0.735019,0.000000,-0.013114,27.475032,-0.087414,-0.203650,13.569412,13.905619,0.008755,0.000912
99.766667,26.704466,4.310460,-2.720518,0.735725,-0.000000,-0.012965,27.495150,-0.086343,-0.201524,13.581531,13.913620,0.008813,0.000948
99.800000,26.682071,4.300436,-2.720948,0.736421,0.000000,-0.012816,27.514879,-0.085283,-0.199411,13.593434,13.921445,0.008870,0.000984
99.833333,26.659651,4.290412,-2.721373,0.737108,0.000000,-0.012670,27.534216,-0.084233,-0.197312,13.605121,13.929094,0.008928,0.001020
99.866667,26.637206,4.280389,-2.721792,0.737786,-0.000000,-0.012524,27.553157,-0.083194,-0.195227,13.616591,13.936566,0.008986,0.001056
99.900000,26.614736,4.270365,-2.722207,0.738454,-0.000000,-0.012380,27.571699,-0.082164,-0.193155,13.627841,13.943858,0.009045,0.001092
99.933333,26.592242,4.260342,-2.722618,0.739113,0.000000,-0.012237,27.589840,-0.081145,-0.191097,13.638871,13.950969,0.009103,0.001129
99.966667,26.569724,4.250320,-2.723023,0.739762,0.000000,-0.012096,27.607577,-0.080137,-0.189053,13.649679,13.957897,0.009162,0.001165
100.000000,26.547182,4.240297,-2.723424,0.740401,-0.000000,-0.011956,27.624905,-0.079138,-0.187022,13.660264,13.964642,0.009220,0.001202
100.033333,26.524617,4.230275,-2.723820,0.741031,0.000000,-0.011817,27.641824,-0.078150,-0.185006,13.670624,13.971200,0.009279,0.001239
100.066667,26.502029,4.220253,-2.724212,0.741650,0.000000,-0.011679,27.658328,-0.077171,-0.183003,13.680758,13.977571,0.009338,0.001276
100.100000,26.479418,4.210232,-2.724599,0.742260,-0.000000,-0.011543,27.674416,-0.076203,-0.181013,13.690664,13.983752,0.009397,0.001313
100.133333,26.456785,4.200212,-2.724981,0.742860,0.000000,-0.011407,27.690084,-0.075245,-0.179038,13.700340,13.989743,0.009457,0.001351
100.166667,26.434130,4.190192,-2.725359,0.743449,-0.000000,-0.011273,27.705329,-0.074296,-0.177077,13.709787,13.995542,0.009516,0.001388
100.200000,26.411454,4.180172,-2.725733,0.744029,-0.000000,-0.011141,27.720148,-0.073358,-0.175129,13.719001,14.001147,0.009576,0.001426
100.233333,26.388756,4.170154,-2.726102,0.744598,-0.000000,-0.011009,27.734538,-0.072429,-0.173195,13.727982,14.006556,0.009636,0.001464
100.266667,26.366038,4.160136,-2.726467,0.745157,0.000000,-0.010879,27.748496,-0.071511,-0.171275,13.736728,14.011768,0.009695,0.001502
100.300000,26.343298,4.150119,-2.726827,0.745705,0.000000,-0.010750,27.762019,-0.070602,-0.169369,13.745237,14.016782,0.009756,0.001541
100.333333,26.320539,4.140103,-2.727184,0.746243,-0.000000,-0.010622,27.775104,-0.069702,-0.167477,13.753509,14.021595,0.009816,0.001579
100.366667,26.297760,4.130087,-2.727536,0.746770,-0.000000,-0.010496,27.787747,-0.068813,-0.165599,13.761541,14.026206,0.009876,0.001618
100.400000,26.274962,4.120073,-2.727883,0.747287,-0.000000,-0.010371,27.799945,-0.067933,-0.163735,13.769332,14.030613,0.009937,0.001656
100.433333,26.252144,4.110060,-2.728227,0.747792,0.000000,-0.010246,27.811696,-0.067063,-0.161884,13.776881,14.034815,0.009997,0.001695
100.466667,26.229308,4.100047,-2.728566,0.748287,-0.000000,-0.010123,27.822996,-0.066202,-0.160048,13.784187,14.038810,0.010058,0.001734
100.500000,26.206453,4.090036,-2.728902,0.748771,-0.000000,-0.010002,27.833843,-0.065351,-0.158226,13.791246,14.042596,0.010119,0.001774
100.533333,26.183581,4.080026,-2.729233,0.749244,0.000000,-0.009881,27.844232,-0.064509,-0.156418,13.798059,14.046173,0.010181,0.001813
100.566667,26.160691,4.070018,-2.729561,0.749706,0.000000,-0.009762,27.854161,-0.063677,-0.154623,13.804624,14.049537,0.010242,0.001853
100.600000,26.137783,4.060011,-2.729884,0.750157,-0.000000,-0.009644,27.863627,-0.062855,-0.152843,13.810939,14.052688,0.010303,0.001892
100.633333,26.114859,4.050005,-2.730203,0.750597,-0.000000,-0.009527,27.872626,-0.062042,-0.151077,13.817002,14.055624,0.010365,0.001932
100.666667,26.091919,4.040001,-2.730519,0.751025,-0.000000,-0.009411,27.881155,-0.061238,-0.149325,13.822812,14.058343,0.010427,0.001972
100.700000,26.068962,4.029998,-2.730831,0.751442,-0.000000,-0.009296,27.889212,-0.060444,-0.147587,13.828368,14.060844,0.010489,0.002013
100.733333,26.045990,4.019997,-2.731139,0.751847,0.000000,-0.009183,27.896793,-0.059659,-0.145864,13.833668,14.063124,0.010551,0.002053
100.766667,26.023002,4.009998,-2.731443,0.752240,0.000000,-0.009070,27.903894,-0.058883,-0.144154,13.838711,14.065183,0.010613,0.002094
100.800000,26.000000,4.000000,-2.731744,0.752622,-0.000000,-0.008959,27.910513,-0.058116,-0.142459,13.843494,14.067019,0.010675,0.002134
100.833333,25.976983,3.990004,-2.732040,0.752993,0.000000,-0.008849,27.916647,-0.057358,-0.140778,13.848019,14.068628,0.010738,0.002175
100.866667,25.953952,3.980011,-2.732333,0.753351,-0.000000,-0.008740,27.922292,-0.056609,-0.139110,13.852283,14.070009,0.010799,0.002215
100.900000,25.930908,3.970019,-2.732623,0.753698,0.000000,-0.008632,27.927447,-0.055867,-0.137457,13.856286,14.071161,0.010860,0.002255
100.933333,25.907850,3.960029,-2.732909,0.754032,-0.000000,-0.008525,27.932109,-0.055134,-0.135818,13.860028,14.072081,0.010920,0.002295
100.966667,25.884779,3.950042,-2.733191,0.754354,0.000000,-0.008420,27.936276,-0.054408,-0.134193,13.863507,14.072769,0.010979,0.002334
101.000000,25.861695,3.940057,-2.733470,0.754665,-0.000000,-0.008315,27.939945,-0.053690,-0.132582,13.866722,14.073223,0.011037,0.002373
101.033333,25.838600,3.930074,-2.733746,0.754963,-0.000000,-0.008212,27.943114,-0.052980,-0.130984,13.869672,14.073442,0.011095,0.002412
101.066667,25.815493,3.920094,-2.734018,0.755248,-0.000000,-0.008110,27.945781,-0.052278,-0.129401,13.872356,14.073425,0.011152,0.002450
101.100000,25.792375,3.910117,-2.734286,0.755521,-0.000000,-0.008008,27.947943,-0.051583,-0.127830,13.874774,14.073170,0.011208,0.002488
101.133333,25.769246,3.900142,-2.734552,0.755782,0.000000,-0.007908,27.949599,-0.050896,-0.126274,13.876923,14.072676,0.011264,0.002525
101.166667,25.746106,3.890169,-2.734814,0.756030,0.000000,-0.007809,27.950746,-0.050216,-0.124731,13.878804,14.071942,0.011319,0.002563
101.200000,25.722957,3.880200,-2.735072,0.756266,0.000000,-0.007711,27.951382,-0.049543,-0.123201,13.880416,14.070966,0.011373,0.002599
101.233333,25.699797,3.870233,-2.735328,0.756489,0.000000,-0.007613,27.951505,-0.048878,-0.121685,13.881757,14.069748,0.011426,0.002636
101.266667,25.676629,3.860270,-2.735580,0.756699,-0.000000,-0.007517,27.951113,-0.048220,-0.120182,13.882826,14.068287,0.011479,0.002672
101.300000,25.653452,3.850309,-2.735829,0.756896,0.000000,-0.007422,27.950204,-0.047569,-0.118692,13.883624,14.066580,0.011531,0.002708
101.333333,25.630267,3.840352,-2.736075,0.757081,0.000000,-0.007328,27.948775,-0.046925,-0.117216,13.884148,14.064627,0.011582,0.002743
101.366667,25.607074,3.830399,-2.736317,0.757252,-0.000000,-0.007235,27.946826,-0.046288,-0.115752,13.884398,14.062427,0.011632,0.002778
101.400000,25.583873,3.820448,-2.736557,0.757410,-0.000000,-0.007143,27.944353,-0.045657,-0.114302,13.884374,14.059979,0.011682,0.002813
101.433333,25.560665,3.810501,-2.736793,0.757555,-0.000000,-0.007052,27.941356,-0.045034,-0.112864,13.884074,14.057282,0.011731,0.002848
101.466667,25.537451,3.800558,-2.737027,0.757688,0.000000,-0.006961,27.937831,-0.044418,-0.111440,13.883497,14.054334,0.011780,0.002882
101.500000,25.514231,3.790619,-2.737258,0.757806,-0.000000,-0.006872,27.933778,-0.043808,-0.110028,13.882643,14.051135,0.011827,0.002915
101.533333,25.491005,3.780683,-2.737485,0.757912,0.000000,-0.006784,27.929195,-0.043205,-0.108629,13.881512,14.047683,0.011874,0.002949
101.566667,25.467773,3.770751,-2.737710,0.758004,0.000000,-0.006696,27.924079,-0.042608,-0.107242,13.880102,14.043978,0.011920,0.002982
101.600000,25.444537,3.760824,-2.737932,0.758082,0.000000,-0.006610,27.918430,-0.042018,-0.105868,13.878412,14.040018,0.011965,0.003014
101.633333,25.421296,3.750900,-2.738150,0.758148,0.000000,-0.006524,27.912245,-0.041434,-0.104507,13.876442,14.035803,0.012010,0.003047
101.666667,25.398052,3.740981,-2.738367,0.758199,0.000000,-0.006440,27.905522,-0.040856,-0.103158,13.874191,14.031331,0.012054,0.003079
101.700000,25.374804,3.731067,-2.738580,0.758237,-0.000000,-0.006356,27.898261,-0.040285,-0.101821,13.871659,14.026602,0.012097,0.003110
101.733333,25.351553,3.721156,-2.738790,0.758261,0.000000,-0.006273,27.890459,-0.039720,-0.100497,13.868845,14.021614,0.012140,0.003142
101.766667,25.328299,3.711251,-2.738998,0.758272,-0.000000,-0.006191,27.882116,-0.039161,-0.099185,13.865748,14.016368,0.012181,0.003173
101.800000,25.305043,3.701350,-2.739203,0.758269,-0.000000,-0.006110,27.873228,-0.038608,-0.097885,13.862367,14.010861,0.012223,0.003203
101.833333,25.281785,3.691454,-2.739405,0.758251,0.000000,-0.006030,27.863796,-0.038062,-0.096597,13.858703,14.005093,0.012263,0.003233
101.866667,25.258527,3.681563,-2.739605,0.758220,-0.000000,-0.005950,27.853817,-0.037521,-0.095321,13.854753,13.999063,0.012302,0.003263
101.900000,25.235267,3.671677,-2.739802,0.758175,-0.000000,-0.005872,27.843290,-0.036986,-0.094057,13.850519,13.992771,0.012341,0.003293
101.933333,25.212007,3.661797,-2.739996,0.758116,0.000000,-0.005794,27.832214,-0.036457,-0.092804,13.845998,13.986215,0.012379,0.003322
101.966667,25.188747,3.651921,-2.740188,0.758043,0.000000,-0.005717,27.820587,-0.035933,-0.091564,13.841191,13.979395,0.012417,0.003351
102.000000,25.165488,3.642052,-2.740378,0.757956,0.000000,-0.005641,27.808408,-0.035415,-0.090335,13.836097,13.972310,0.012453,0.003379
102.033333,25.142230,3.632187,-2.740564,0.757854,0.000000,-0.005566,27.795675,-0.034903,-0.089118,13.830716,13.964959,0.012489,0.003408
102.066667,25.118973,3.622329,-2.740749,0.757739,-0.000000,-0.005491,27.782389,-0.034397,-0.087912,13.825047,13.957342,0.012525,0.003435
102.100000,25.095718,3.612476,-2.740930,0.757609,0.000000,-0.005418,27.768546,-0.033896,-0.086718,13.819089,13.949457,0.012559,0.003463
102.133333,25.072466,3.602630,-2.741110,0.757464,-0.000000,-0.005345,27.754146,-0.033400,-0.085536,13.812842,13.941305,0.012593,0.003490
102.166667,25.049217,3.592789,-2.741287,0.757306,-0.000000,-0.005273,27.739189,-0.032910,-0.084364,13.806306,13.932883,0.012626,0.003517
102.200000,25.025970,3.582955,-2.741461,0.757133,0.000000,-0.005201,27.723672,-0.032425,-0.083204,13.799479,13.924192,0.012658,0.003543
102.233333,25.002728,3.573127,-2.741634,0.756945,-0.000000,-0.005131,27.707594,-0.031946,-0.082055,13.792363,13.915232,0.012690,0.003569
102.266667,24.979490,3.563306,-2.741803,0.756743,0.000000,-0.005061,27.690956,-0.031472,-0.080917,13.784956,13.906000,0.012721,0.003595
102.300000,24.956257,3.553491,-2.741971,0.756527,0.000000,-0.004992,27.673755,-0.031002,-0.079790,13.777257,13.896497,0.012751,0.003620
102.333333,24.933029,3.543683,-2.742136,0.756295,0.000000,-0.004924,27.655990,-0.030538,-0.078674,13.769267,13.886723,0.012780,0.003645
102.366667,24.909807,3.533882,-2.742299,0.756050,-0.000000,-0.004856,27.637661,-0.030079,-0.077569,13.760985,13.876676,0.012809,0.003670
102.400000,24.886591,3.524088,-2.742460,0.755789,-0.000000,-0.004789,27.618767,-0.029626,-0.076475,13.752411,13.866356,0.012837,0.003694
102.433333,24.863382,3.514301,-2.742618,0.755514,-0.000000,-0.004723,27.599307,-0.029177,-0.075392,13.743545,13.855762,0.012864,0.003718
102.466667,24.840179,3.504521,-2.742775,0.755224,0.000000,-0.004658,27.579279,-0.028732,-0.074319,13.734385,13.844894,0.012890,0.003742
102.500000,24.816985,3.494749,-2.742929,0.754919,-0.000000,-0.004593,27.558684,-0.028293,-0.073257,13.724932,13.833752,0.012916,0.003765
102.533333,24.793798,3.484985,-2.743081,0.754600,-0.000000,-0.004529,27.537520,-0.027859,-0.072205,13.715185,13.822335,0.012941,0.003788
102.566667,24.770620,3.475228,-2.743231,0.754265,-0.000000,-0.004466,27.515787,-0.027429,-0.071164,13.705145,13.810642,0.012966,0.003811
102.600000,24.747452,3.465479,-2.743379,0.753916,0.000000,-0.004403,27.493483,-0.027004,-0.070133,13.694811,13.798673,0.012989,0.003833
102.633333,24.724292,3.455738,-2.743524,0.753551,0.000000,-0.004341,27.470609,-0.026584,-0.069112,13.684182,13.786427,0.013012,0.003855
102.666667,24.701143,3.446006,-2.743668,0.753172,0.000000,-0.004280,27.447164,-0.026168,-0.068102,13.673259,13.773905,0.013034,0.003877
102.700000,24.678004,3.436281,-2.743810,0.752778,0.000000,-0.004219,27.423146,-0.025757,-0.067102,13.662041,13.761105,0.013055,0.003898
102.733333,24.654876,3.426565,-2.743949,0.752369,0.000000,-0.004159,27.398555,-0.025350,-0.066112,13.650528,13.748027,0.013076,0.003919
102.766667,24.631760,3.416858,-2.744087,0.751944,0.000000,-0.004100,27.373392,-0.024948,-0.065132,13.638720,13.734672,0.013096,0.003939
102.800000,24.608655,3.407159,-2.744223,0.751505,0.000000,-0.004041,27.347654,-0.024550,-0.064162,13.626617,13.721038,0.013115,0.003960
102.833333,24.585563,3.397469,-2.744356,0.751050,-0.000000,-0.003983,27.321343,-0.024156,-0.063202,13.614218,13.707125,0.013134,0.003979
102.866667,24.562484,3.387788,-2.744488,0.750580,0.000000,-0.003926,27.294457,-0.023767,-0.062251,13.601523,13.692934,0.013152,0.003999
102.900000,24.539419,3.378117,-2.744618,0.750095,0.000000,-0.003869,27.266995,-0.023382,-0.061311,13.588533,13.678462,0.013169,0.004018
102.933333,24.516367,3.368454,-2.744746,0.749595,-0.000000,-0.003813,27.238958,-0.023001,-0.060380,13.575247,13.663712,0.013185,0.004037
102.966667,24.493329,3.358802,-2.744872,0.749080,0.000000,-0.003757,27.210346,-0.022624,-0.059458,13.561665,13.648681,0.013201,0.004055
103.000000,24.470307,3.349158,-2.744997,0.748549,-0.000000,-0.003702,27.181157,-0.022252,-0.058547,13.547787,13.633370,0.013215,0.004073
103.033333,24.447300,3.339525,-2.745119,0.748003,-0.000000,-0.003648,27.151391,-0.021883,-0.057644,13.533613,13.617779,0.013230,0.004091
103.066667,24.424309,3.329901,-2.745240,0.747442,0.000000,-0.003594,27.121049,-0.021519,-0.056751,13.519142,13.601907,0.013243,0.004108
103.100000,24.401334,3.320288,-2.745359,0.746865,-0.000000,-0.003541,27.090130,-0.021158,-0.055868,13.504376,13.585754,0.013256,0.004125
103.133333,24.378375,3.310685,-2.745476,0.746273,-0.000000,-0.003488,27.058634,-0.020802,-0.054993,13.489313,13.569320,0.013268,0.004142
103.166667,24.355435,3.301092,-2.745591,0.745666,0.000000,-0.003436,27.026560,-0.020449,-0.054128,13.473955,13.552606,0.013279,0.004159
103.200000,24.332512,3.291510,-2.745705,0.745044,-0.000000,-0.003384,26.993910,-0.020100,-0.053272,13.458300,13.535609,0.013289,0.004175
103.233333,24.309607,3.281938,-2.745817,0.744406,0.000000,-0.003333,26.960681,-0.019756,-0.052425,13.442349,13.518332,0.013299,0.004190
103.266667,24.286721,3.272377,-2.745927,0.743752,0.000000,-0.003283,26.926875,-0.019414,-0.051587,13.426102,13.500773,0.013308,0.004206
103.300000,24.263854,3.262828,-2.746036,0.743083,0.000000,-0.003233,26.892492,-0.019077,-0.050758,13.409560,13.482932,0.013316,0.004221
103.333333,24.241008,3.253289,-2.746143,0.742399,-0.000000,-0.003184,26.857531,-0.018743,-0.049938,13.392721,13.464810,0.013324,0.004235
103.366667,24.218181,3.243762,-2.746248,0.741699,-0.000000,-0.003135,26.821992,-0.018413,-0.049127,13.375586,13.446406,0.013331,0.004249
103.400000,24.195375,3.234246,-2.746352,0.740984,0.000000,-0.003087,26.785876,-0.018087,-0.048324,13.358156,13.427720,0.013337,0.004263
103.433333,24.172591,3.224742,-2.746454,0.740253,-0.000000,-0.003039,26.749183,-0.017764,-0.047530,13.340430,13.408752,0.013342,0.004277
103.466667,24.149828,3.215249,-2.746554,0.739507,-0.000000,-0.002992,26.711912,-0.017444,-0.046745,13.322409,13.389503,0.013347,0.004290
103.500000,24.127088,3.205769,-2.746653,0.738745,0.000000,-0.002945,26.674064,-0.017128,-0.045968,13.304093,13.369972,0.013351,0.004303
103.533333,24.104370,3.196300,-2.746751,0.737967,-0.000000,-0.002899,26.635640,-0.016816,-0.045199,13.285481,13.350159,0.013354,0.004316
103.566667,24.081675,3.186844,-2.746846,0.737174,-0.000000,-0.002853,26.596639,-0.016507,-0.044439,13.266575,13.330064,0.013357,0.004328
103.600000,24.059005,3.177401,-2.746941,0.736366,0.000000,-0.002808,26.557062,-0.016201,-0.043688,13.247374,13.309687,0.013358,0.004340
103.633333,24.036358,3.167969,-2.747034,0.735542,-0.000000,-0.002763,26.516908,-0.015899,-0.042944,13.227879,13.289030,0.013360,0.004351
103.666667,24.013736,3.158551,-2.747125,0.734703,0.000000,-0.002719,26.476179,-0.015600,-0.042209,13.208089,13.268090,0.013360,0.004362
103.700000,23.991140,3.149146,-2.747215,0.733847,-0.000000,-0.002676,26.434875,-0.015305,-0.041482,13.188006,13.246869,0.013359,0.004373
103.733333,23.968569,3.139753,-2.747303,0.732977,0.000000,-0.002632,26.392996,-0.015012,-0.040763,13.167628,13.225368,0.013358,0.004384
103.766667,23.946024,3.130374,-2.747390,0.732091,0.000000,-0.002589,26.350542,-0.014723,-0.040052,13.146958,13.203585,0.013356,0.004394
103.800000,23.923506,3.121008,-2.747476,0.731189,-0.000000,-0.002547,26.307515,-0.014437,-0.039349,13.125994,13.181521,0.013354,0.004403
103.833333,23.901015,3.111656,-2.747560,0.730271,0.000000,-0.002505,26.263914,-0.014154,-0.038654,13.104738,13.159176,0.013351,0.004413
103.866667,23.878552,3.102317,-2.747643,0.729338,0.000000,-0.002464,26.219740,-0.013874,-0.037967,13.083189,13.136551,0.013346,0.004422
103.900000,23.856117,3.092993,-2.747724,0.728390,0.000000,-0.002423,26.174994,-0.013597,-0.037288,13.061348,13.113646,0.013342,0.004431
103.933333,23.833711,3.083682,-2.747805,0.727426,-0.000000,-0.002383,26.129676,-0.013324,-0.036616,13.039215,13.090461,0.013336,0.004439
103.966667,23.811334,3.074386,-2.747883,0.726446,0.000000,-0.002342,26.083787,-0.013053,-0.035952,13.016791,13.066995,0.013330,0.004447
104.000000,23.788987,3.065104,-2.747961,0.725451,0.000000,-0.002303,26.037327,-0.012785,-0.035296,12.994077,13.043251,0.013323,0.004455
104.033333,23.766670,3.055836,-2.748037,0.724440,-0.000000,-0.002264,25.990298,-0.012521,-0.034647,12.971071,13.019227,0.013315,0.004462
104.066667,23.744383,3.046584,-2.748112,0.723414,-0.000000,-0.002225,25.942700,-0.012259,-0.034005,12.947776,12.994924,0.013307,0.004469
104.100000,23.722128,3.037346,-2.748185,0.722372,-0.000000,-0.002187,25.894534,-0.012000,-0.033371,12.924191,12.970343,0.013298,0.004476
104.133333,23.699904,3.028123,-2.748257,0.721314,0.000000,-0.002149,25.845800,-0.011743,-0.032745,12.900316,12.945484,0.013288,0.004482
104.166667,23.677713,3.018915,-2.748328,0.720241,-0.000000,-0.002111,25.796500,-0.011490,-0.032125,12.876154,12.920346,0.013277,0.004488
104.200000,23.655554,3.009723,-2.748398,0.719153,0.000000,-0.002074,25.746634,-0.011240,-0.031513,12.851702,12.894931,0.013266,0.004493
104.233333,23.633428,3.000546,-2.748467,0.718049,-0.000000,-0.002037,25.696203,-0.010992,-0.030908,12.826964,12.869239,0.013254,0.004499
104.266667,23.611336,2.991385,-2.748534,0.716929,-0.000000,-0.002001,25.645208,-0.010747,-0.030310,12.801938,12.843271,0.013241,0.004504
104.300000,23.589277,2.982240,-2.748600,0.715794,-0.000000,-0.001965,25.593651,-0.010504,-0.029720,12.776625,12.817026,0.013228,0.004508
104.333333,23.567254,2.973111,-2.748665,0.714644,0.000000,-0.001930,25.541531,-0.010264,-0.029136,12.751026,12.790505,0.013214,0.004512
104.366667,23.545265,2.963998,-2.748729,0.713478,0.000000,-0.001895,25.488851,-0.010027,-0.028559,12.725142,12.763709,0.013199,0.004516
104.400000,23.523313,2.954901,-2.748791,0.712296,0.000000,-0.001860,25.435611,-0.009793,-0.027989,12.698973,12.736638,0.013183,0.004520
104.433333,23.501396,2.945821,-2.748853,0.711099,-0.000000,-0.001826,25.381812,-0.009561,-0.027426,12.672520,12.709292,0.013167,0.004523
104.466667,23.479515,2.936758,-2.748913,0.709887,-0.000000,-0.001792,25.327456,-0.009332,-0.026870,12.645782,12.681673,0.013149,0.004526
104.500000,23.457672,2.927711,-2.748972,0.708659,0.000000,-0.001758,25.272543,-0.009105,-0.026321,12.618762,12.653780,0.013132,0.004528
104.533333,23.435867,2.918682,-2.749030,0.707416,-0.000000,-0.001725,25.217075,-0.008880,-0.025778,12.591460,12.625615,0.013113,0.004530
104.566667,23.414099,2.909669,-2.749087,0.706157,-0.000000,-0.001692,25.161053,-0.008658,-0.025242,12.563876,12.597177,0.013094,0.004532
104.600000,23.392370,2.900674,-2.749143,0.704883,-0.000000,-0.001659,25.104478,-0.008439,-0.024712,12.536010,12.568468,0.013074,0.004533
104.633333,23.370679,2.891697,-2.749198,0.703594,0.000000,-0.001627,25.047353,-0.008222,-0.024189,12.507865,12.539488,0.013053,0.004535
104.666667,23.349029,2.882737,-2.749251,0.702289,0.000000,-0.001595,24.989677,-0.008007,-0.023672,12.479439,12.510237,0.013031,0.004535
104.700000,23.327418,2.873796,-2.749304,0.700969,0.000000,-0.001564,24.931452,-0.007795,-0.023162,12.450735,12.480717,0.013009,0.004536
104.733333,23.305847,2.864872,-2.749356,0.699634,-0.000000,-0.001533,24.872680,-0.007585,-0.022658,12.421753,12.450927,0.012986,0.004536
104.766667,23.284318,2.855966,-2.749406,0.698283,0.000000,-0.001502,24.813362,-0.007378,-0.022160,12.392493,12.420869,0.012962,0.004535
104.800000,23.262830,2.847079,-2.749456,0.696918,0.000000,-0.001472,24.753500,-0.007172,-0.021669,12.362957,12.390543,0.012938,0.004535
104.833333,23.241383,2.838211,-2.749504,0.695537,0.000000,-0.001442,24.693095,-0.006969,-0.021184,12.333145,12.359950,0.012913,0.004534
104.866667,23.219980,2.829361,-2.749552,0.694141,-0.000000,-0.001412,24.632148,-0.006768,-0.020705,12.303058,12.329090,0.012887,0.004532
104.900000,23.198618,2.820530,-2.749599,0.692729,0.000000,-0.001382,24.570662,-0.006570,-0.020232,12.272697,12.297965,0.012861,0.004531
104.933333,23.177301,2.811718,-2.749644,0.691303,0.000000,-0.001353,24.508637,-0.006373,-0.019765,12.242062,12.266575,0.012833,0.004529
104.966667,23.156027,2.802925,-2.749689,0.689861,0.000000,-0.001324,24.446076,-0.006179,-0.019304,12.211155,12.234921,0.012805,0.004526
105.000000,23.134797,2.794152,-2.749732,0.688405,-0.000000,-0.001296,24.382980,-0.005987,-0.018849,12.179976,12.203004,0.012776,0.004524
105.033333,23.113612,2.785398,-2.749775,0.686933,0.000000,-0.001268,24.319351,-0.005797,-0.018400,12.148527,12.170824,0.012747,0.004520
105.066667,23.092472,2.776664,-2.749817,0.685447,0.000000,-0.001240,24.255190,-0.005609,-0.017957,12.116808,12.138382,0.012717,0.004517
105.100000,23.071378,2.767950,-2.749858,0.683945,-0.000000,-0.001212,24.190499,-0.005423,-0.017519,12.084820,12.105679,0.012686,0.004513
105.133333,23.050330,2.759256,-2.749898,0.682429,0.000000,-0.001185,24.125281,-0.005240,-0.017088,12.052564,12.072717,0.012654,0.004509
105.166667,23.029329,2.750582,-2.749937,0.680897,0.000000,-0.001158,24.059536,-0.005058,-0.016662,12.020041,12.039495,0.012622,0.004505
105.200000,23.008374,2.741928,-2.749975,0.679351,-0.000000,-0.001132,23.993267,-0.004878,-0.016241,11.987252,12.006015,0.012589,0.004500
105.233333,22.987467,2.733295,-2.750012,0.677790,0.000000,-0.001105,23.926476,-0.004701,-0.015827,11.954198,11.972278,0.012555,0.004495
105.266667,22.966609,2.724683,-2.750049,0.676214,0.000000,-0.001079,23.859164,-0.004525,-0.015417,11.920880,11.938284,0.012520,0.004489
105.300000,22.945798,2.716092,-2.750084,0.674623,-0.000000,-0.001053,23.791334,-0.004351,-0.015014,11.887299,11.904034,0.012485,0.004483
105.333333,22.925037,2.707522,-2.750119,0.673018,0.000000,-0.001028,23.722987,-0.004179,-0.014615,11.853456,11.869531,0.012449,0.004477
105.366667,22.904325,2.698972,-2.750153,0.671398,0.000000,-0.001003,23.654126,-0.004009,-0.014222,11.819353,11.834773,0.012412,0.004471
105.400000,22.883663,2.690445,-2.750186,0.669763,0.000000,-0.000978,23.584752,-0.003841,-0.013835,11.784989,11.799763,0.012375,0.004464
105.433333,22.863051,2.681939,-2.750218,0.668113,-0.000000,-0.000953,23.514868,-0.003675,-0.013453,11.750367,11.764501,0.012336,0.004456
105.466667,22.842490,2.673454,-2.750249,0.666450,0.000000,-0.000929,23.444476,-0.003511,-0.013076,11.715487,11.728989,0.012297,0.004449
105.500000,22.821980,2.664992,-2.750280,0.664771,-0.000000,-0.000905,23.373578,-0.003348,-0.012704,11.680350,11.693228,0.012258,0.004441
105.533333,22.801522,2.656551,-2.750310,0.663078,0.000000,-0.000881,23.302175,-0.003187,-0.012337,11.644958,11.657217,0.012217,0.004433
105.566667,22.781116,2.648133,-2.750339,0.661371,0.000000,-0.000857,23.230272,-0.003029,-0.011976,11.609312,11.620960,0.012176,0.004424
105.600000,22.760763,2.639737,-2.750367,0.659649,-0.000000,-0.000834,23.157869,-0.002871,-0.011619,11.573412,11.584456,0.012134,0.004415
105.633333,22.740463,2.631364,-2.750394,0.657913,-0.000000,-0.000811,23.084968,-0.002716,-0.011268,11.537261,11.547707,0.012092,0.004406
105.666667,22.720216,2.623013,-2.750421,0.656163,-0.000000,-0.000788,23.011573,-0.002562,-0.010921,11.500859,11.510714,0.012048,0.004396
105.700000,22.700023,2.614686,-2.750447,0.654398,-0.000000,-0.000765,22.937686,-0.002410,-0.010580,11.464208,11.473478,0.012004,0.004386
105.733333,22.679884,2.606381,-2.750472,0.652620,0.000000,-0.000743,22.863308,-0.002260,-0.010243,11.427308,11.436000,0.011960,0.004376
105.766667,22.659801,2.598099,-2.750496,0.650827,-0.000000,-0.000721,22.788443,-0.002111,-0.009912,11.390161,11.398282,0.011914,0.004365
105.800000,22.639772,2.589841,-2.750520,0.649020,-0.000000,-0.000699,22.713092,-0.001964,-0.009585,11.352769,11.360324,0.011868,0.004354
105.833333,22.619799,2.581606,-2.750543,0.647199,0.000000,-0.000677,22.637259,-0.001819,-0.009263,11.315131,11.322128,0.011821,0.004342
105.866667,22.599883,2.573395,-2.750565,0.645364,0.000000,-0.000656,22.560946,-0.001675,-0.008945,11.277251,11.283695,0.011773,0.004331
105.900000,22.580023,2.565208,-2.750587,0.643515,-0.000000,-0.000635,22.484155,-0.001533,-0.008632,11.239129,11.245026,0.011725,0.004318
105.933333,22.560220,2.557045,-2.750607,0.641652,0.000000,-0.000614,22.406889,-0.001393,-0.008324,11.200766,11.206123,0.011676,0.004306
105.966667,22.540474,2.548906,-2.750627,0.639775,-0.000000,-0.000593,22.329151,-0.001254,-0.008021,11.162164,11.166987,0.011626,0.004293
106.000000,22.520787,2.540791,-2.750647,0.637885,-0.000000,-0.000573,22.250943,-0.001117,-0.007722,11.123324,11.127618,0.011575,0.004280
106.033333,22.501158,2.532701,-2.750666,0.635981,-0.000000,-0.000553,22.172267,-0.000981,-0.007427,11.084248,11.088020,0.011524,0.004267
106.066667,22.481587,2.524636,-2.750684,0.634063,0.000000,-0.000533,22.093128,-0.000846,-0.007137,11.044936,11.048191,0.011472,0.004253
106.100000,22.462076,2.516595,-2.750701,0.632132,0.000000,-0.000513,22.013526,-0.000714,-0.006852,11.005391,11.008135,0.011419,0.004238
106.133333,22.442624,2.508579,-2.750718,0.630187,-0.000000,-0.000494,21.933466,-0.000582,-0.006571,10.965613,10.967853,0.011366,0.004224
106.166667,22.423232,2.500588,-2.750734,0.628229,-0.000000,-0.000474,21.852950,-0.000452,-0.006294,10.925605,10.927345,0.011312,0.004209
106.200000,22.403901,2.492623,-2.750750,0.626257,-0.000000,-0.000455,21.771980,-0.000324,-0.006021,10.885367,10.886613,0.011257,0.004194
106.233333,22.384630,2.484683,-2.750764,0.624272,0.000000,-0.000436,21.690561,-0.000197,-0.005753,10.844901,10.845659,0.011201,0.004178
106.266667,22.365421,2.476768,-2.750779,0.622274,0.000000,-0.000418,21.608693,-0.000072,-0.005489,10.804209,10.804484,0.011145,0.004162
106.300000,22.346273,2.468879,-2.750792,0.620262,-0.000000,-0.000399,21.526382,0.000052,-0.005229,10.763292,10.763090,0.011088,0.004146
106.333333,22.327188,2.461017,-2.750805,0.618238,0.000000,-0.000381,21.443629,0.000175,-0.004974,10.722151,10.721477,0.011030,0.004129
106.366667,22.308165,2.453180,-2.750818,0.616200,-0.000000,-0.000363,21.360437,0.000296,-0.004722,10.680789,10.679648,0.010971,0.004112
106.400000,22.289205,2.445369,-2.750829,0.614149,0.000000,-0.000345,21.276810,0.000416,-0.004475,10.639206,10.637604,0.010912,0.004095
106.433333,22.270308,2.437585,-2.750841,0.612085,0.000000,-0.000327,21.192751,0.000535,-0.004231,10.597404,10.595346,0.010852,0.004077
106.466667,22.251475,2.429827,-2.750851,0.610009,-0.000000,-0.000310,21.108262,0.000652,-0.003992,10.555385,10.552877,0.010791,0.004059
106.500000,22.232706,2.422096,-2.750861,0.607919,0.000000,-0.000292,21.023347,0.000768,-0.003756,10.513151,10.510196,0.010730,0.004041
106.533333,22.214002,2.414391,-2.750871,0.605817,-0.000000,-0.000275,20.938009,0.000883,-0.003525,10.470702,10.467307,0.010667,0.004022
106.566667,22.195362,2.406714,-2.750880,0.603703,-0.000000,-0.000259,20.852252,0.000996,-0.003297,10.428042,10.424210,0.010605,0.004003
106.600000,22.176788,2.399063,-2.750888,0.601575,0.000000,-0.000242,20.766078,0.001108,-0.003073,10.385170,10.380908,0.010541,0.003984
106.633333,22.158280,2.391440,-2.750896,0.599435,0.000000,-0.000225,20.679491,0.001219,-0.002853,10.342089,10.337401,0.010476,0.003964
106.666667,22.139837,2.383844,-2.750903,0.597283,0.000000,-0.000209,20.592494,0.001328,-0.002637,10.298801,10.293692,0.010411,0.003944
106.700000,22.121462,2.376276,-2.750910,0.595118,-0.000000,-0.000193,20.505090,0.001437,-0.002424,10.255308,10.249782,0.010346,0.003924
106.733333,22.103153,2.368736,-2.750916,0.592941,0.000000,-0.000177,20.417283,0.001544,-0.002215,10.211610,10.205673,0.010279,0.003903
106.766667,22.084911,2.361223,-2.750922,0.590752,0.000000,-0.000161,20.329077,0.001649,-0.002010,10.167710,10.161366,0.010212,0.003882
106.800000,22.066737,2.353738,-2.750927,0.588551,0.000000,-0.000145,20.240474,0.001754,-0.001808,10.123610,10.116864,0.010144,0.003860
106.833333,22.048630,2.346281,-2.750931,0.586338,-0.000000,-0.000130,20.151478,0.001857,-0.001610,10.079311,10.072167,0.010075,0.003838
106.866667,22.030593,2.338853,-2.750935,0.584112,-0.000000,-0.000115,20.062092,0.001960,-0.001416,10.034815,10.027278,0.010005,0.003816
106.900000,22.012624,2.331453,-2.750939,0.581875,0.000000,-0.000100,19.972321,0.002061,-0.001225,9.990124,9.982198,0.009935,0.003794
106.933333,21.994724,2.324081,-2.750942,0.579626,-0.000000,-0.000085,19.882168,0.002161,-0.001037,9.945239,9.936929,0.009864,0.003771
106.966667,21.976893,2.316739,-2.750945,0.577365,-0.000000,-0.000070,19.791636,0.002259,-0.000853,9.900163,9.891473,0.009793,0.003748
107.000000,21.959133,2.309425,-2.750947,0.575093,-0.000000,-0.000055,19.700729,0.002357,-0.000673,9.854897,9.845832,0.009720,0.003724
107.033333,21.941442,2.302139,-2.750948,0.572809,0.000000,-0.000041,19.609450,0.002454,-0.000495,9.809443,9.800007,0.009647,0.003700
107.066667,21.923822,2.294883,-2.750949,0.570513,0.000000,-0.000027,19.517804,0.002549,-0.000321,9.763804,9.754000,0.009573,0.003676
107.100000,21.906273,2.287657,-2.750950,0.568206,-0.000000,-0.000013,19.425794,0.002643,-0.000151,9.717980,9.707814,0.009499,0.003651
107.133333,21.888796,2.280459,-2.750950,0.565888,0.000000,0.000001,19.333424,0.002736,0.000016,9.671974,9.661449,0.009423,0.003626
107.166667,21.871390,2.273291,-2.750950,0.563559,-0.000000,0.000015,19.240697,0.002829,0.000181,9.625788,9.614909,0.009347,0.003601
107.200000,21.854056,2.266153,-2.750949,0.561218,-0.000000,0.000029,19.147618,0.002920,0.000341,9.579424,9.568194,0.009271,0.003575
107.233333,21.836794,2.259045,-2.750948,0.558867,-0.000000,0.000042,19.054190,0.003010,0.000499,9.532883,9.521307,0.009193,0.003549
107.266667,21.819605,2.251966,-2.750946,0.556504,-0.000000,0.000056,18.960417,0.003099,0.000654,9.486167,9.474250,0.009115,0.003523
107.300000,21.802489,2.244917,-2.750944,0.554131,-0.000000,0.000069,18.866304,0.003187,0.000805,9.439280,9.427024,0.009036,0.003496
107.333333,21.785446,2.237899,-2.750942,0.551747,0.000000,0.000082,18.771853,0.003273,0.000953,9.392222,9.379631,0.008956,0.003469
107.366667,21.768477,2.230911,-2.750939,0.549352,-0.000000,0.000095,18.677070,0.003359,0.001099,9.344995,9.332075,0.008876,0.003442
107.400000,21.751582,2.223953,-2.750935,0.546947,0.000000,0.000107,18.581958,0.003444,0.001241,9.297603,9.284355,0.008795,0.003414
107.433333,21.734761,2.217026,-2.750932,0.544531,0.000000,0.000120,18.486521,0.003528,0.001380,9.250045,9.236475,0.008713,0.003386
107.466667,21.718015,2.210129,-2.750927,0.542105,0.000000,0.000132,18.390763,0.003611,0.001517,9.202326,9.188437,0.008631,0.003358
107.500000,21.701344,2.203263,-2.750923,0.539668,-0.000000,0.000145,18.294689,0.003693,0.001650,9.154447,9.140242,0.008547,0.003329
107.533333,21.684748,2.196429,-2.750918,0.537221,0.000000,0.000157,18.198302,0.003774,0.001781,9.106409,9.091893,0.008463,0.003300
107.566667,21.668228,2.189625,-2.750912,0.534765,0.000000,0.000169,18.101607,0.003854,0.001908,9.058216,9.043392,0.008379,0.003270
107.600000,21.651783,2.182852,-2.750907,0.532298,0.000000,0.000181,18.004608,0.003933,0.002033,9.009868,8.994740,0.008293,0.003240
107.633333,21.635415,2.176111,-2.750900,0.529821,0.000000,0.000193,17.907310,0.004012,0.002155,8.961370,8.945940,0.008207,0.003210
107.666667,21.619124,2.169401,-2.750894,0.527335,0.000000,0.000204,17.809716,0.004089,0.002275,8.912721,8.896995,0.008120,0.003180
107.700000,21.602909,2.162722,-2.750887,0.524839,0.000000,0.000216,17.711831,0.004165,0.002391,8.863925,8.847905,0.008032,0.003149
107.733333,21.586771,2.156075,-2.750879,0.522333,0.000000,0.000227,17.613659,0.004241,0.002505,8.814985,8.798674,0.007944,0.003118
107.766667,21.570711,2.149460,-2.750872,0.519818,-0.000000,0.000238,17.515204,0.004315,0.002616,8.765901,8.749304,0.007855,0.003086
107.800000,21.554729,2.142877,-2.750863,0.517293,0.000000,0.000249,17.416472,0.004389,0.002725,8.716676,8.699796,0.007765,0.003054
107.833333,21.538824,2.136326,-2.750855,0.514759,0.000000,0.000260,17.317466,0.004462,0.002831,8.667313,8.650153,0.007674,0.003022
107.866667,21.522998,2.129807,-2.750846,0.512216,-0.000000,0.000271,17.218192,0.004534,0.002934,8.617814,8.600377,0.007583,0.002989
107.900000,21.507250,2.123320,-2.750837,0.509664,-0.000000,0.000282,17.118652,0.004605,0.003035,8.568182,8.550471,0.007491,0.002957
107.933333,21.491582,2.116865,-2.750827,0.507103,-0.000000,0.000292,17.018853,0.004675,0.003133,8.518417,8.500436,0.007398,0.002923
107.966667,21.475992,2.110443,-2.750817,0.504533,0.000000,0.000303,16.918799,0.004744,0.003229,8.468523,8.450275,0.007305,0.002890
108.000000,21.460482,2.104053,-2.750807,0.501955,-0.000000,0.000313,16.818493,0.004813,0.003322,8.418503,8.399991,0.007211,0.002856
108.033333,21.445051,2.097696,-2.750797,0.499367,0.000000,0.000323,16.717942,0.004881,0.003413,8.368357,8.349585,0.007116,0.002821
108.066667,21.429701,2.091372,-2.750786,0.496772,-0.000000,0.000334,16.617149,0.004948,0.003501,8.318090,8.299060,0.007020,0.002787
108.100000,21.414430,2.085080,-2.750774,0.494168,-0.000000,0.000344,16.516120,0.005014,0.003587,8.267702,8.248418,0.006924,0.002752
108.133333,21.399240,2.078822,-2.750763,0.491555,0.000000,0.000353,16.414859,0.005079,0.003670,8.217197,8.197662,0.006827,0.002716
108.166667,21.384131,2.072596,-2.750751,0.488935,-0.000000,0.000363,16.313370,0.005144,0.003752,8.166577,8.146793,0.006729,0.002680
108.200000,21.369103,2.066404,-2.750738,0.486306,-0.000000,0.000373,16.211660,0.005207,0.003831,8.115844,8.095815,0.006630,0.002644
108.233333,21.354156,2.060245,-2.750726,0.483670,-0.000000,0.000382,16.109732,0.005270,0.003907,8.065001,8.044730,0.006531,0.002608
108.266667,21.339290,2.054119,-2.750713,0.481025,0.000000,0.000392,16.007591,0.005333,0.003982,8.014051,7.993540,0.006431,0.002571
108.300000,21.324506,2.048027,-2.750700,0.478373,0.000000,0.000401,15.905242,0.005394,0.004054,7.962995,7.942248,0.006330,0.002534
108.333333,21.309804,2.041968,-2.750686,0.475714,-0.000000,0.000410,15.802691,0.005455,0.004124,7.911836,7.890856,0.006229,0.002497
108.366667,21.295185,2.035943,-2.750672,0.473047,0.000000,0.000419,15.699943,0.005515,0.004192,7.860577,7.839366,0.006127,0.002459
108.400000,21.280647,2.029951,-2.750658,0.470372,-0.000000,0.000428,15.597001,0.005574,0.004257,7.809220,7.787781,0.006024,0.002421
108.433333,21.266192,2.023994,-2.750644,0.467691,-0.000000,0.000437,15.493872,0.005632,0.004321,7.757768,7.736104,0.005920,0.002382
108.466667,21.251820,2.018070,-2.750629,0.465002,-0.000000,0.000446,15.390560,0.005690,0.004382,7.706223,7.684337,0.005816,0.002343
108.500000,21.237532,2.012180,-2.750614,0.462306,0.000000,0.000455,15.287071,0.005747,0.004441,7.654588,7.632483,0.005711,0.002304
108.533333,21.223326,2.006325,-2.750599,0.459604,0.000000,0.000463,15.183409,0.005804,0.004499,7.602866,7.580544,0.005605,0.002265
108.566667,21.209204,2.000503,-2.750583,0.456895,0.000000,0.000472,15.079581,0.005859,0.004554,7.551058,7.528523,0.005498,0.002225
108.600000,21.195165,1.994716,-2.750567,0.454179,0.000000,0.000480,14.975590,0.005914,0.004607,7.499169,7.476422,0.005391,0.002185
108.633333,21.181211,1.988963,-2.750551,0.451456,0.000000,0.000488,14.871443,0.005968,0.004658,7.447199,7.424244,0.005283,0.002144
108.666667,21.167340,1.983244,-2.750535,0.448728,-0.000000,0.000497,14.767144,0.006022,0.004708,7.395153,7.371991,0.005174,0.002103
108.700000,21.153554,1.977560,-2.750518,0.445993,-0.000000,0.000505,14.662699,0.006075,0.004755,7.343032,7.319667,0.005065,0.002062
108.733333,21.139852,1.971911,-2.750501,0.443252,-0.000000,0.000513,14.558114,0.006127,0.004801,7.290840,7.267274,0.004955,0.002020
108.766667,21.126235,1.966296,-2.750484,0.440505,0.000000,0.000520,14.453393,0.006179,0.004844,7.238578,7.214814,0.004844,0.001978
108.800000,21.112703,1.960716,-2.750466,0.437753,-0.000000,0.000528,14.348542,0.006230,0.004886,7.186251,7.162291,0.004732,0.001936
108.833333,21.099256,1.955170,-2.750449,0.434994,-0.000000,0.000536,14.243566,0.006280,0.004926,7.133860,7.109707,0.004620,0.001893
108.866667,21.085894,1.949660,-2.750431,0.432230,0.000000,0.000544,14.138472,0.006329,0.004964,7.081408,7.057064,0.004507,0.001850
108.900000,21.072617,1.944184,-2.750412,0.429461,0.000000,0.000551,14.033264,0.006378,0.005000,7.028898,7.004366,0.004393,0.001807
108.933333,21.059426,1.938743,-2.750394,0.426687,-0.000000,0.000558,13.927948,0.006427,0.005035,6.976333,6.951615,0.004278,0.001763
108.966667,21.046320,1.933338,-2.750375,0.423907,-0.000000,0.000566,13.822529,0.006474,0.005068,6.923715,6.898814,0.004163,0.001719
109.000000,21.033300,1.927967,-2.750356,0.421122,0.000000,0.000573,13.717014,0.006521,0.005099,6.871048,6.845966,0.004047,0.001675
109.033333,21.020367,1.922632,-2.750337,0.418333,0.000000,0.000580,13.611408,0.006568,0.005128,6.818334,6.793073,0.003930,0.001630
109.066667,21.007519,1.917332,-2.750318,0.415538,0.000000,0.000587,13.505716,0.006614,0.005156,6.765577,6.740139,0.003813,0.001585
109.100000,20.994758,1.912067,-2.750298,0.412739,-0.000000,0.000594,13.399944,0.006659,0.005182,6.712778,6.687166,0.003695,0.001539
109.133333,20.982083,1.906838,-2.750278,0.409936,-0.000000,0.000601,13.294098,0.006704,0.005206,6.659941,6.634157,0.003576,0.001494
109.166667,20.969495,1.901644,-2.750258,0.407128,-0.000000,0.000608,13.188184,0.006748,0.005229,6.607068,6.581115,0.003456,0.001448
109.200000,20.956993,1.896485,-2.750237,0.404317,0.000000,0.000615,13.082207,0.006791,0.005251,6.554163,6.528044,0.003336,0.001401
109.233333,20.944578,1.891362,-2.750217,0.401501,0.000000,0.000621,12.976174,0.006834,0.005270,6.501229,6.474944,0.003215,0.001354
109.266667,20.932250,1.886275,-2.750196,0.398681,-0.000000,0.000628,12.870090,0.006876,0.005289,6.448269,6.421821,0.003093,0.001307
109.300000,20.920010,1.881223,-2.750175,0.395858,0.000000,0.000634,12.763961,0.006918,0.005305,6.395284,6.368676,0.002970,0.001260
109.333333,20.907856,1.876207,-2.750154,0.393031,-0.000000,0.000641,12.657793,0.006959,0.005320,6.342279,6.315513,0.002847,0.001212
109.366667,20.895789,1.871226,-2.750132,0.390200,0.000000,0.000647,12.551592,0.007000,0.005334,6.289257,6.262335,0.002723,0.001163
109.400000,20.883810,1.866282,-2.750111,0.387366,-0.000000,0.000653,12.445364,0.007040,0.005346,6.236220,6.209144,0.002598,0.001115
109.433333,20.871919,1.861373,-2.750089,0.384530,0.000000,0.000659,12.339115,0.007079,0.005357,6.183171,6.155943,0.002473,0.001066
109.466667,20.860115,1.856500,-2.750067,0.381690,-0.000000,0.000665,12.232851,0.007118,0.005367,6.130114,6.102737,0.002347,0.001017
109.500000,20.848398,1.851663,-2.750044,0.378847,0.000000,0.000671,12.126578,0.007157,0.005375,6.077052,6.049527,0.002220,0.000967
109.533333,20.836770,1.846861,-2.750022,0.376002,0.000000,0.000677,12.020303,0.007194,0.005381,6.023987,5.996316,0.002092,0.000917
109.566667,20.825229,1.842096,-2.749999,0.373154,-0.000000,0.000683,11.914032,0.007232,0.005387,5.970923,5.943109,0.001964,0.000867
109.600000,20.813776,1.837367,-2.749976,0.370303,0.000000,0.000689,11.807769,0.007268,0.005391,5.917862,5.889907,0.001835,0.000816
109.633333,20.802411,1.832674,-2.749953,0.367451,0.000000,0.000695,11.701523,0.007305,0.005393,5.864809,5.836715,0.001705,0.000765
109.666667,20.791134,1.828016,-2.749930,0.364596,-0.000000,0.000700,11.595300,0.007340,0.005395,5.811766,5.783534,0.001574,0.000714
109.700000,20.779945,1.823395,-2.749907,0.361740,-0.000000,0.000706,11.489104,0.007375,0.005395,5.758735,5.730369,0.001443,0.000662
109.733333,20.768844,1.818810,-2.749883,0.358881,0.000000,0.000711,11.382944,0.007410,0.005394,5.705722,5.677222,0.001311,0.000610
109.766667,20.757832,1.814261,-2.749859,0.356021,-0.000000,0.000717,11.276824,0.007444,0.005392,5.652728,5.624097,0.001178,0.000558
109.800000,20.746908,1.809749,-2.749835,0.353160,0.000000,0.000722,11.170752,0.007478,0.005388,5.599756,5.570996,0.001045,0.000505
109.833333,20.736072,1.805272,-2.749811,0.350297,-0.000000,0.000727,11.064735,0.007511,0.005383,5.546811,5.517924,0.000911,0.000452
109.866667,20.725324,1.800831,-2.749787,0.347434,0.000000,0.000733,10.958777,0.007543,0.005377,5.493895,5.464882,0.000776,0.000399
109.900000,20.714665,1.796427,-2.749762,0.344569,-0.000000,0.000738,10.852887,0.007575,0.005370,5.441012,5.411875,0.000640,0.000345
109.933333,20.704094,1.792059,-2.749738,0.341703,0.000000,0.000743,10.747070,0.007607,0.005362,5.388164,5.358906,0.000504,0.000291
109.966667,20.693611,1.787727,-2.749713,0.338837,0.000000,0.000748,10.641333,0.007638,0.005353,5.335355,5.305978,0.000367,0.000236
110.000000,20.683217,1.783432,-2.749688,0.335970,-0.000000,0.000753,10.535683,0.007669,0.005343,5.282589,5.253094,0.000229,0.000181
110.033333,20.672911,1.779172,-2.749663,0.333103,0.000000,0.000757,10.430126,0.007699,0.005331,5.229868,5.200258,0.000090,0.000126
110.066667,20.662694,1.774949,-2.749637,0.330236,0.000000,0.000762,10.324669,0.007728,0.005319,5.177197,5.147473,-0.000049,0.000071
110.100000,20.652565,1.770763,-2.749612,0.327369,-0.000000,0.000767,10.219319,0.007757,0.005305,5.124578,5.094741,-0.000189,0.000015
110.133333,20.642525,1.766612,-2.749586,0.324502,-0.000000,0.000772,10.114082,0.007786,0.005290,5.072014,5.042068,-0.000330,-0.000041
110.166667,20.632573,1.762498,-2.749560,0.321636,-0.000000,0.000776,10.008965,0.007814,0.005275,5.019510,4.989455,-0.000471,-0.000098
110.200000,20.622709,1.758419,-2.749534,0.318770,0.000000,0.000781,9.903975,0.007842,0.005258,4.967068,4.936907,-0.000613,-0.000155
110.233333,20.612934,1.754378,-2.749508,0.315904,0.000000,0.000785,9.799119,0.007869,0.005241,4.914692,4.884427,-0.000756,-0.000212
110.266667,20.603247,1.750372,-2.749482,0.313040,0.000000,0.000790,9.694403,0.007896,0.005222,4.862385,4.832018,-0.000900,-0.000270
110.300000,20.593648,1.746403,-2.749456,0.310177,0.000000,0.000794,9.589834,0.007922,0.005203,4.810151,4.779683,-0.001044,-0.000328
110.333333,20.584138,1.742469,-2.749429,0.307314,0.000000,0.000798,9.485420,0.007948,0.005183,4.757994,4.727427,-0.001189,-0.000386
110.366667,20.574716,1.738572,-2.749402,0.304453,-0.000000,0.000802,9.381168,0.007973,0.005162,4.705916,4.675252,-0.001335,-0.000444
110.400000,20.565382,1.734712,-2.749376,0.301594,0.000000,0.000807,9.277083,0.007998,0.005139,4.653922,4.623162,-0.001482,-0.000503
110.433333,20.556136,1.730887,-2.749349,0.298737,0.000000,0.000811,9.173174,0.008022,0.005116,4.602014,4.571161,-0.001629,-0.000563
110.466667,20.546979,1.727099,-2.749322,0.295881,0.000000,0.000815,9.069448,0.008046,0.005093,4.550196,4.519252,-0.001777,-0.000622
110.500000,20.537909,1.723346,-2.749294,0.293027,0.000000,0.000819,8.965911,0.008069,0.005068,4.498473,4.467438,-0.001926,-0.000682
110.533333,20.528928,1.719630,-2.749267,0.290176,0.000000,0.000822,8.862570,0.008092,0.005043,4.446846,4.415724,-0.002075,-0.000743
110.566667,20.520034,1.715950,-2.749239,0.287327,0.000000,0.000826,8.759433,0.008114,0.005016,4.395321,4.364112,-0.002225,-0.000804
110.600000,20.511228,1.712306,-2.749212,0.284481,-0.000000,0.000830,8.656507,0.008136,0.004990,4.343900,4.312607,-0.002376,-0.000865
110.633333,20.502510,1.708698,-2.749184,0.281638,-0.000000,0.000834,8.553799,0.008158,0.004962,4.292587,4.261212,-0.002528,-0.000926
110.666667,20.493879,1.705126,-2.749156,0.278797,-0.000000,0.000837,8.451317,0.008178,0.004933,4.241386,4.209931,-0.002680,-0.000988
110.700000,20.485336,1.701589,-2.749128,0.275960,-0.000000,0.000841,8.349067,0.008199,0.004904,4.190301,4.158766,-0.002833,-0.001050
110.733333,20.476881,1.698089,-2.749100,0.273126,-0.000000,0.000845,8.247057,0.008219,0.004874,4.139334,4.107723,-0.002987,-0.001112
110.766667,20.468512,1.694625,-2.749072,0.270296,-0.000000,0.000848,8.145295,0.008238,0.004844,4.088491,4.056804,-0.003141,-0.001175
110.800000,20.460231,1.691196,-2.749044,0.267469,0.000000,0.000852,8.043787,0.008258,0.004812,4.037773,4.006014,-0.003297,-0.001238
110.833333,20.452037,1.687804,-2.749015,0.264647,-0.000000,0.000855,7.942541,0.008276,0.004780,3.987186,3.955355,-0.003453,-0.001302
110.866667,20.443930,1.684447,-2.748987,0.261828,0.000000,0.000858,7.841565,0.008294,0.004748,3.936733,3.904832,-0.003609,-0.001366
110.900000,20.435910,1.681125,-2.748958,0.259014,0.000000,0.000861,7.740866,0.008312,0.004714,3.886417,3.854449,-0.003767,-0.001430
110.933333,20.427977,1.677840,-2.748929,0.256204,-0.000000,0.000865,7.640452,0.008329,0.004681,3.836243,3.804209,-0.003925,-0.001494
110.966667,20.420130,1.674589,-2.748900,0.253399,-0.000000,0.000868,7.540330,0.008345,0.004646,3.786214,3.754116,-0.004084,-0.001559
111.000000,20.412369,1.671375,-2.748871,0.250598,-0.000000,0.000871,7.440507,0.008361,0.004611,3.736333,3.704174,-0.004244,-0.001624
111.033333,20.404695,1.668196,-2.748842,0.247803,0.000000,0.000874,7.340991,0.008377,0.004575,3.686605,3.654386,-0.004404,-0.001690
111.066667,20.397107,1.665052,-2.748813,0.245013,0.000000,0.000877,7.241791,0.008392,0.004539,3.637034,3.604757,-0.004565,-0.001756
111.100000,20.389605,1.661944,-2.748784,0.242228,-0.000000,0.000880,7.142913,0.008407,0.004502,3.587623,3.555290,-0.004727,-0.001822
111.133333,20.382188,1.658871,-2.748754,0.239450,-0.000000,0.000883,7.044366,0.008421,0.004465,3.538376,3.505989,-0.004889,-0.001889
111.166667,20.374857,1.655833,-2.748725,0.236676,-0.000000,0.000885,6.946156,0.008434,0.004427,3.489298,3.456859,-0.005053,-0.001956
111.200000,20.367612,1.652830,-2.748695,0.233909,0.000000,0.000888,6.848292,0.008447,0.004389,3.440391,3.407902,-0.005217,-0.002023
111.233333,20.360452,1.649862,-2.748666,0.231148,-0.000000,0.000891,6.750782,0.008460,0.004350,3.391660,3.359123,-0.005381,-0.002091
111.266667,20.353376,1.646930,-2.748636,0.228394,-0.000000,0.000893,6.653634,0.008471,0.004311,3.343108,3.310526,-0.005547,-0.002159
111.300000,20.346386,1.644032,-2.748606,0.225646,-0.000000,0.000896,6.556855,0.008483,0.004271,3.294740,3.262115,-0.005713,-0.002227
111.333333,20.339480,1.641169,-2.748576,0.222905,0.000000,0.000898,6.460453,0.008493,0.004231,3.246560,3.213893,-0.005880,-0.002296
111.366667,20.332658,1.638341,-2.748546,0.220171,0.000000,0.000901,6.364436,0.008504,0.004191,3.198571,3.165865,-0.006047,-0.002365
111.400000,20.325921,1.635547,-2.748516,0.217444,0.000000,0.000903,6.268813,0.008513,0.004150,3.150778,3.118035,-0.006216,-0.002434
111.433333,20.319268,1.632788,-2.748486,0.214724,0.000000,0.000906,6.173590,0.008522,0.004108,3.103184,3.070406,-0.006385,-0.002504
111.466667,20.312698,1.630064,-2.748456,0.212013,-0.000000,0.000908,6.078777,0.008531,0.004067,3.055794,3.022984,-0.006555,-0.002574
111.500000,20.306212,1.627373,-2.748426,0.209309,0.000000,0.000910,5.984382,0.008538,0.004025,3.008611,2.975771,-0.006725,-0.002644
111.533333,20.299809,1.624718,-2.748395,0.206613,-0.000000,0.000912,5.890411,0.008545,0.003982,2.961639,2.928772,-0.006896,-0.002715
111.566667,20.293488,1.622096,-2.748365,0.203925,-0.000000,0.000914,5.796874,0.008552,0.003939,2.914883,2.881991,-0.007068,-0.002786
111.600000,20.287251,1.619508,-2.748334,0.201246,-0.000000,0.000916,5.703779,0.008558,0.003896,2.868347,2.835432,-0.007241,-0.002858
111.633333,20.281096,1.616955,-2.748304,0.198575,-0.000000,0.000918,5.611134,0.008563,0.003852,2.822034,2.789100,-0.007414,-0.002930
111.666667,20.275023,1.614435,-2.748273,0.195913,-0.000000,0.000920,5.518947,0.008567,0.003809,2.775949,2.742998,-0.007589,-0.003002
111.700000,20.269032,1.611949,-2.748242,0.193261,0.000000,0.000922,5.427226,0.008571,0.003765,2.730096,2.697130,-0.007764,-0.003074
111.733333,20.263123,1.609497,-2.748212,0.190617,0.000000,0.000924,5.335980,0.008574,0.003720,2.684478,2.651502,-0.007939,-0.003147
111.766667,20.257295,1.607078,-2.748181,0.187983,-0.000000,0.000925,5.245217,0.008576,0.003676,2.639101,2.606116,-0.008116,-0.003220
111.800000,20.251548,1.604693,-2.748150,0.185359,0.000000,0.000927,5.154945,0.008578,0.003631,2.593968,2.560977,-0.008293,-0.003294
111.833333,20.245882,1.602340,-2.748119,0.182745,0.000000,0.000929,5.065174,0.008578,0.003585,2.549084,2.516090,-0.008470,-0.003368
111.866667,20.240296,1.600022,-2.748088,0.180140,0.000000,0.000930,4.975910,0.008578,0.003540,2.504451,2.471459,-0.008649,-0.003442
111.900000,20.234790,1.597736,-2.748057,0.177546,0.000000,0.000932,4.887163,0.008577,0.003494,2.460076,2.427087,-0.008828,-0.003517
111.933333,20.229364,1.595483,-2.748026,0.174963,0.000000,0.000933,4.798942,0.008575,0.003449,2.415961,2.382980,-0.009008,-0.003592
111.966667,20.224018,1.593263,-2.747995,0.172391,0.000000,0.000934,4.711254,0.008572,0.003403,2.372112,2.339142,-0.009189,-0.003667
112.000000,20.218750,1.591075,-2.747964,0.169829,0.000000,0.000935,4.624108,0.008568,0.003356,2.328532,2.295576,-0.009370,-0.003743
112.033333,20.213562,1.588920,-2.747932,0.167279,-0.000000,0.000937,4.537513,0.008564,0.003310,2.285225,2.252288,-0.009552,-0.003819
112.066667,20.208451,1.586798,-2.747901,0.164740,0.000000,0.000938,4.451478,0.008558,0.003263,2.242197,2.209282,-0.009735,-0.003895
112.100000,20.203419,1.584707,-2.747870,0.162213,0.000000,0.000939,4.366011,0.008551,0.003217,2.199450,2.166561,-0.009919,-0.003972
112.133333,20.198464,1.582649,-2.747839,0.159697,0.000000,0.000939,4.281121,0.008543,0.003170,2.156990,2.124132,-0.010103,-0.004049
112.166667,20.193587,1.580622,-2.747807,0.157194,0.000000,0.000940,4.196817,0.008534,0.003123,2.114820,2.081997,-0.010288,-0.004126
112.200000,20.188787,1.578628,-2.747776,0.154703,-0.000000,0.000941,4.113107,0.008524,0.003076,2.072945,2.040162,-0.010474,-0.004204
112.233333,20.184063,1.576665,-2.747745,0.152224,-0.000000,0.000942,4.030000,0.008512,0.003029,2.031369,1.998630,-0.010661,-0.004282
112.266667,20.179415,1.574733,-2.747713,0.149759,-0.000000,0.000942,3.947505,0.008499,0.002981,1.990097,1.957408,-0.010848,-0.004360
112.300000,20.174843,1.572833,-2.747682,0.147306,0.000000,0.000943,3.865631,0.008485,0.002934,1.949132,1.916498,-0.011036,-0.004439
112.333333,20.170347,1.570964,-2.747650,0.144867,-0.000000,0.000943,3.784386,0.008469,0.002886,1.908480,1.875906,-0.011225,-0.004518
112.366667,20.165925,1.569126,-2.747619,0.142441,0.000000,0.000943,3.703780,0.008452,0.002839,1.868144,1.835636,-0.011414,-0.004598
112.400000,20.161578,1.567319,-2.747587,0.140028,-0.000000,0.000943,3.623822,0.008433,0.002791,1.828129,1.795693,-0.011604,-0.004677
112.433333,20.157305,1.565543,-2.747556,0.137630,0.000000,0.000944,3.544521,0.008413,0.002744,1.788440,1.756081,-0.011795,-0.004758
112.466667,20.153106,1.563796,-2.747525,0.135245,-0.000000,0.000944,3.465885,0.008391,0.002696,1.749079,1.716806,-0.011987,-0.004838
112.500000,20.148980,1.562081,-2.747493,0.132876,-0.000000,0.000943,3.387924,0.008367,0.002648,1.710053,1.677871,-0.012179,-0.004919
112.533333,20.144926,1.560395,-2.747462,0.130520,-0.000000,0.000943,3.310647,0.008341,0.002601,1.671365,1.639282,-0.012372,-0.005000
112.566667,20.140945,1.558739,-2.747430,0.128180,0.000000,0.000943,3.234062,0.008314,0.002553,1.633019,1.601043,-0.012566,-0.005082
112.600000,20.137036,1.557113,-2.747399,0.125854,0.000000,0.000942,3.158180,0.008284,0.002505,1.595021,1.563159,-0.012760,-0.005164
112.633333,20.133198,1.555517,-2.747367,0.123544,0.000000,0.000942,3.083009,0.008252,0.002458,1.557373,1.525635,-0.012956,-0.005246
112.666667,20.129432,1.553950,-2.747336,0.121249,0.000000,0.000941,3.008558,0.008217,0.002410,1.520082,1.488476,-0.013152,-0.005328
112.700000,20.125735,1.552412,-2.747305,0.118970,0.000000,0.000940,2.934837,0.008181,0.002362,1.483151,1.451687,-0.013348,-0.005411
112.733333,20.122109,1.550903,-2.747273,0.116708,0.000000,0.000939,2.861855,0.008141,0.002315,1.446584,1.415272,-0.013546,-0.005495
112.766667,20.118552,1.549423,-2.747242,0.114461,0.000000,0.000938,2.789622,0.008099,0.002267,1.410386,1.379236,-0.013744,-0.005578
112.800000,20.115063,1.547971,-2.747211,0.112231,-0.000000,0.000936,2.718146,0.008054,0.002220,1.374561,1.343585,-0.013943,-0.005662
112.833333,20.111644,1.546548,-2.747180,0.110017,0.000000,0.000935,2.647437,0.008006,0.002172,1.339114,1.308323,-0.014142,-0.005747
112.866667,20.108292,1.545152,-2.747149,0.107821,-0.000000,0.000933,2.577505,0.007954,0.002125,1.304049,1.273456,-0.014343,-0.005831
112.900000,20.105007,1.543785,-2.747117,0.105642,0.000000,0.000931,2.508359,0.007899,0.002078,1.269371,1.238988,-0.014544,-0.005916
112.933333,20.101790,1.542446,-2.747086,0.103480,0.000000,0.000929,2.440008,0.007841,0.002031,1.235083,1.204925,-0.014745,-0.006002
112.966667,20.098638,1.541134,-2.747056,0.101336,0.000000,0.000926,2.372462,0.007778,0.001984,1.201189,1.171273,-0.014948,-0.006087
113.000000,20.095553,1.539849,-2.747025,0.099209,0.000000,0.000924,2.305731,0.007712,0.001937,1.167696,1.138035,-0.015151,-0.006173
113.033333,20.092533,1.538591,-2.746994,0.097101,-0.000000,0.000921,2.239823,0.007641,0.001890,1.134605,1.105218,-0.015355,-0.006260
113.066667,20.089577,1.537360,-2.746963,0.095012,0.000000,0.000918,2.174750,0.007565,0.001843,1.101923,1.072826,-0.015560,-0.006346
113.100000,20.086685,1.536156,-2.746933,0.092941,0.000000,0.000915,2.110519,0.007484,0.001796,1.069653,1.040866,-0.015765,-0.006434
113.133333,20.083857,1.534978,-2.746902,0.090889,0.000000,0.000911,2.047142,0.007399,0.001750,1.037799,1.009343,-0.015971,-0.006521
113.166667,20.081091,1.533826,-2.746872,0.088856,0.000000,0.000907,1.984627,0.007307,0.001704,1.006365,0.978262,-0.016178,-0.006609
113.200000,20.078388,1.532700,-2.746842,0.086842,-0.000000,0.000903,1.922985,0.007209,0.001657,0.975357,0.947629,-0.016386,-0.006697
113.233333,20.075747,1.531599,-2.746812,0.084849,-0.000000,0.000899,1.862226,0.007105,0.001611,0.944776,0.917449,-0.016594,-0.006785
113.266667,20.073167,1.530524,-2.746782,0.082875,-0.000000,0.000894,1.802358,0.006994,0.001566,0.914629,0.887729,-0.016803,-0.006874
113.300000,20.070647,1.529474,-2.746752,0.080921,0.000000,0.000889,1.743392,0.006876,0.001520,0.884919,0.858473,-0.017013,-0.006963
113.333333,20.068187,1.528449,-2.746723,0.078988,0.000000,0.000883,1.685338,0.006750,0.001474,0.855649,0.829689,-0.017224,-0.007053
113.366667,20.065786,1.527448,-2.746693,0.077075,0.000000,0.000877,1.628206,0.006615,0.001429,0.826824,0.801382,-0.017435,-0.007143
113.400000,20.063444,1.526472,-2.746664,0.075184,-0.000000,0.000871,1.572005,0.006471,0.001384,0.798448,0.773558,-0.017647,-0.007233
113.433333,20.061159,1.525520,-2.746635,0.073313,0.000000,0.000864,1.516746,0.006318,0.001339,0.770523,0.746223,-0.017860,-0.007324
113.466667,20.058932,1.524591,-2.746607,0.071464,0.000000,0.000857,1.462439,0.006154,0.001294,0.743055,0.719384,-0.018073,-0.007415
113.500000,20.056762,1.523686,-2.746578,0.069637,0.000000,0.000849,1.409093,0.005980,0.001250,0.716046,0.693047,-0.018287,-0.007506
113.533333,20.054647,1.522805,-2.746550,0.067832,0.000000,0.000841,1.356720,0.005793,0.001205,0.689501,0.667219,-0.018502,-0.007597
113.566667,20.052588,1.521946,-2.746522,0.066049,-0.000000,0.000832,1.305328,0.005594,0.001161,0.663421,0.641906,-0.018718,-0.007689
113.600000,20.050583,1.521110,-2.746494,0.064288,-0.000000,0.000822,1.254928,0.005381,0.001117,0.637812,0.617116,-0.018934,-0.007782
113.633333,20.048632,1.520296,-2.746467,0.062550,-0.000000,0.000812,1.205530,0.005153,0.001073,0.612675,0.592855,-0.019151,-0.007874
113.666667,20.046734,1.519505,-2.746440,0.060835,0.000000,0.000801,1.157145,0.004910,0.001030,0.588014,0.569130,-0.019369,-0.007967
113.700000,20.044888,1.518735,-2.746414,0.059144,0.000000,0.000789,1.109782,0.004649,0.000987,0.563832,0.545950,-0.019587,-0.008061
113.733333,20.043095,1.517987,-2.746388,0.057475,0.000000,0.000777,1.063452,0.004371,0.000943,0.540132,0.523321,-0.019806,-0.008154
113.766667,20.041352,1.517260,-2.746362,0.055831,-0.000000,0.000763,1.018166,0.004073,0.000901,0.516915,0.501251,-0.020026,-0.008248
113.800000,20.039659,1.516553,-2.746337,0.054211,0.000000,0.000749,0.973933,0.003754,0.000858,0.494185,0.479748,-0.020247,-0.008343
113.833333,20.038016,1.515868,-2.746312,0.052615,0.000000,0.000734,0.930764,-0.031400,0.000816,0.404997,0.525767,-0.020469,-0.008438
113.866667,20.036422,1.515203,-2.746288,0.051044,0.000000,0.000363,0.888669,-0.068842,0.000801,0.311945,0.576724,-0.020691,-0.008533
113.900000,20.034875,1.514557,-2.746288,0.049497,0.000001,0.000000,0.847659,-0.035648,0.000798,0.355276,0.492383,-0.020914,-0.008628
113.933333,20.033376,1.513932,-2.746288,0.047976,0.000002,0.000000,0.807744,0.000000,0.000765,0.403872,0.403872,-0.021137,-0.008724
113.966667,20.031923,1.513325,-2.746288,0.046480,0.000003,0.000000,0.768935,0.000000,0.000731,0.384468,0.384467,-0.021361,-0.008820
114.000000,20.030516,1.512738,-2.746288,0.045010,0.000004,0.000000,0.731243,0.000000,0.000695,0.365622,0.365621,-0.021587,-0.008916
114.033333,20.029154,1.512170,-2.746288,0.043566,0.000005,0.000000,0.694677,0.000000,0.000658,0.347339,0.347338,-0.021812,-0.009013
114.066667,20.027836,1.511619,-2.746288,0.042148,0.000006,0.000000,0.659248,0.000000,0.000620,0.329625,0.329624,-0.022039,-0.009110
114.100000,20.026561,1.511087,-2.746288,0.040756,0.000006,0.000000,0.624968,0.000000,0.000581,0.312485,0.312483,-0.022266,-0.009208
114.133333,20.025328,1.510572,-2.746288,0.039392,0.000007,0.000000,0.591847,0.000000,0.000541,0.295924,0.295923,-0.022494,-0.009306
114.166667,20.024137,1.510075,-2.746288,0.038054,0.000007,0.000000,0.559895,0.000000,0.000500,0.279948,0.279947,-0.022723,-0.009404
114.200000,20.022987,1.509595,-2.746288,0.036744,0.000007,0.000000,0.529123,0.000000,0.000459,0.264562,0.264561,-0.022952,-0.009503
114.233333,20.021876,1.509131,-2.746288,0.035461,0.000008,0.000000,0.499542,0.000000,0.000417,0.249772,0.249770,-0.023182,-0.009602
114.266667,20.020805,1.508684,-2.746288,0.034206,0.000008,0.000000,0.471163,0.000000,0.000374,0.235582,0.235581,-0.023413,-0.009701
114.300000,20.019772,1.508253,-2.746288,0.032979,0.000008,0.000000,0.443996,0.000000,0.000332,0.221999,0.221997,-0.023645,-0.009800
114.333333,20.018776,1.507837,-2.746288,0.031781,0.000008,0.000000,0.418053,0.000000,0.000289,0.209027,0.209026,-0.023877,-0.009900
114.366667,20.017816,1.507436,-2.746288,0.030611,0.000008,0.000000,0.393345,0.000000,0.000246,0.196673,0.196672,-0.024110,-0.010001
114.400000,20.016892,1.507050,-2.746288,0.029471,0.000008,0.000000,0.369881,0.000000,0.000204,0.184941,0.184940,-0.024344,-0.010101
114.433333,20.016003,1.506679,-2.746288,0.028360,0.000008,0.000000,0.347674,0.000000,0.000162,0.173838,0.173836,-0.024578,-0.010202
114.466667,20.015147,1.506322,-2.746288,0.027278,0.000008,0.000000,0.326734,0.000000,0.000120,0.163368,0.163366,-0.024814,-0.010304
114.500000,20.014325,1.505978,-2.746288,0.026226,0.000008,0.000000,0.307073,0.000000,0.000079,0.153537,0.153536,-0.025050,-0.010405
114.533333,20.013534,1.505648,-2.746288,0.025204,0.000007,0.000000,0.288700,0.000000,0.000038,0.144351,0.144350,-0.025286,-0.010507
114.566667,20.012774,1.505330,-2.746288,0.024213,0.000007,0.000000,0.271629,0.000000,-0.000002,0.135815,0.135814,-0.025524,-0.010610
114.600000,20.012044,1.505025,-2.746288,0.023252,0.000007,0.000000,0.255868,0.000000,-0.000041,0.127935,0.127934,-0.025762,-0.010712
114.633333,20.011343,1.504733,-2.746288,0.022323,0.000006,0.000000,0.241431,0.000000,-0.000078,0.120716,0.120715,-0.026001,-0.010815
114.666667,20.010670,1.504452,-2.746288,0.021425,0.000006,0.000000,0.228327,0.000000,-0.000115,0.114164,0.114163,-0.026240,-0.010919
114.700000,20.010025,1.504182,-2.746288,0.020558,0.000005,0.000000,0.216569,0.000000,-0.000150,0.108285,0.108284,-0.026481,-0.011023
114.733333,20.009405,1.503924,-2.746288,0.019723,0.000005,0.000000,0.206167,0.000000,-0.000183,0.103084,0.103083,-0.026722,-0.011127
114.766667,20.008811,1.503676,-2.746288,0.018920,0.000004,0.000000,0.197132,0.000000,-0.000215,0.098566,0.098566,-0.026963,-0.011231
114.800000,20.008241,1.503437,-2.746288,0.018150,0.000004,0.000000,0.189477,0.000000,-0.000245,0.094739,0.094738,-0.027206,-0.011336
114.833333,20.007694,1.503209,-2.746288,0.017413,0.000003,0.000000,0.183212,0.000000,-0.000273,0.091606,0.091606,-0.027449,-0.011441
114.866667,20.007169,1.502990,-2.746288,0.016708,0.000003,0.000000,0.178349,0.000000,-0.000299,0.089175,0.089174,-0.027693,-0.011547
114.900000,20.006666,1.502780,-2.746288,0.016037,0.000002,0.000000,0.174899,0.000000,-0.000322,0.087449,0.087449,-0.027938,-0.011652
114.933333,20.006182,1.502578,-2.746288,0.015400,0.000002,0.000000,0.172873,0.000000,-0.000343,0.086437,0.086437,-0.028183,-0.011759
114.966667,20.005718,1.502384,-2.746288,0.014796,0.000001,0.000000,0.172284,0.000000,-0.000362,0.086142,0.086142,-0.028429,-0.011865
115.000000,20.005272,1.502198,-2.746288,0.014227,0.000000,0.000000,0.173143,0.000000,-0.000378,0.086571,0.086571,-0.028676,-0.011972
115.033333,20.004842,1.502019,-2.746288,0.013692,-0.000000,0.000000,0.175460,-0.000000,-0.000390,0.087730,0.087730,-0.028924,-0.012079
115.066667,20.004429,1.501846,-2.746288,0.013192,-0.000001,0.000000,0.179249,-0.000000,-0.000400,0.089624,0.089624,-0.029172,-0.012187
115.100000,20.004030,1.501680,-2.746288,0.012727,-0.000001,0.000000,0.184520,-0.000000,-0.000406,0.092260,0.092260,-0.029421,-0.012295
115.133333,20.003646,1.501520,-2.746288,0.012298,-0.000002,0.000000,0.191285,-0.000000,-0.000409,0.095642,0.095643,-0.029671,-0.012403
115.166667,20.003273,1.501364,-2.746288,0.011904,-0.000002,0.000000,0.199556,-0.000000,-0.000409,0.099778,0.099778,-0.029921,-0.012512
115.200000,20.002913,1.501214,-2.746288,0.011547,-0.000003,0.000000,0.209344,-0.000000,-0.000404,0.104672,0.104672,-0.030173,-0.012621
115.233333,20.002563,1.501068,-2.746288,0.011225,-0.000003,0.000000,0.220662,-0.000000,-0.000396,0.110331,0.110331,-0.030424,-0.012730
115.266667,20.002222,1.500926,-2.746288,0.010941,-0.000004,0.000000,0.233520,-0.000000,-0.000384,0.116760,0.116760,-0.030677,-0.012840
115.300000,20.001889,1.500787,-2.746288,0.010693,-0.000004,0.000000,0.247932,-0.000000,-0.000367,0.123966,0.123966,-0.030931,-0.012950
115.333333,20.001563,1.500651,-2.746288,0.010482,-0.000004,0.000000,0.263908,-0.000000,-0.000346,0.131954,0.131954,-0.031185,-0.013060
115.366667,20.001243,1.500518,-2.746288,0.010310,-0.000005,0.000000,0.281460,-0.000000,-0.000320,0.140730,0.140730,-0.031440,-0.013171
115.400000,20.000928,1.500387,-2.746288,0.010175,-0.000005,0.000000,0.300602,-0.000000,-0.000289,0.150301,0.150301,-0.031695,-0.013282
115.433333,20.000617,1.500257,-2.746288,0.010078,-0.000005,0.000000,0.321343,-0.000000,-0.000254,0.160671,0.160672,-0.031951,-0.013393
115.466667,20.000308,1.500128,-2.746288,0.010020,-0.000005,0.000000,0.343697,-0.000000,-0.000213,0.171848,0.171849,-0.032208,-0.013505
115.500000,20.000000,1.500000,-2.746288,0.010000,-0.000005,0.000000,0.367676,-0.000000,-0.000167,0.183838,0.183838,-0.032466,-0.013617
