t,x,y,psi,u,v,r,tau_u,tau_r,T1_plan,T2_plan,jx,jy
0.000000000,0.000000014,-0.000000001,-0.000000000,0.100000000,0.000000000,-0.000000000,15.188342793,-1.104529269,5.470076648,9.718266145,0.038510352,-0.003066191
0.033333333,0.003333584,-0.000000020,-0.000036257,0.100021336,0.000001930,-0.002134356,15.223741430,-1.138615911,5.422224733,9.801516697,0.038192686,-0.003029589
0.066666667,0.006668574,-0.000000151,-0.000141074,0.100085108,0.000007360,-0.004115316,15.297471490,-1.129748564,5.476142352,9.821329138,0.037875935,-0.002993087
0.100000000,0.010006392,-0.000000507,-0.000309472,0.100190964,0.000015858,-0.005950811,15.377050465,-1.119824021,5.535017501,9.842032965,0.037560099,-0.002956685
0.133333333,0.013348435,-0.000001198,-0.000536726,0.100338554,0.000027033,-0.007648299,15.462427901,-1.108869131,5.598773315,9.863654587,0.037245178,-0.002920384
0.166666667,0.016696089,-0.000002331,-0.000818356,0.100527529,0.000040527,-0.009214815,15.553553262,-1.096920625,5.667313890,9.886239372,0.036931172,-0.002884183
0.200000000,0.020050727,-0.000004016,-0.001150106,0.100757539,0.000056018,-0.010657015,15.650375979,-1.084023765,5.740526903,9.909849076,0.036618081,-0.002848082
0.233333333,0.023413710,-0.000006357,-0.001527940,0.101028238,0.000073213,-0.011981214,15.752845488,-1.070231024,5.818286160,9.934559328,0.036305905,-0.002812082
0.266666667,0.026786390,-0.000009461,-0.001948024,0.101339281,0.000091847,-0.013193425,15.860911261,-1.055600811,5.900454071,9.960457190,0.035994644,-0.002776181
0.300000000,0.030170106,-0.000013429,-0.002406723,0.101690322,0.000111680,-0.014299381,15.974522832,-1.040196247,5.986884019,9.987638813,0.035684298,-0.002740381
0.333333333,0.033566184,-0.000018365,-0.002900587,0.102081020,0.000132492,-0.015304570,16.093629815,-1.024083997,6.077422605,10.016207210,0.035374867,-0.002704681
0.366666667,0.036975941,-0.000024370,-0.003426344,0.102511033,0.000154088,-0.016214250,16.218181924,-1.007333183,6.171911765,10.046270159,0.035066350,-0.002669081
0.400000000,0.040400681,-0.000031542,-0.003980896,0.102980021,0.000176290,-0.017033468,16.348128985,-0.990014358,6.270190726,10.077938259,0.034758749,-0.002633582
0.433333333,0.043841697,-0.000039980,-0.004561310,0.103487643,0.000198938,-0.017767079,16.483420943,-0.972198583,6.372097812,10.111323130,0.034452062,-0.002598183
0.466666667,0.047300271,-0.000049780,-0.005164809,0.104033564,0.000221886,-0.018419756,16.624007876,-0.953956568,6.477472076,10.146535801,0.034146291,-0.002562884
0.500000000,0.050777673,-0.000061040,-0.005788772,0.104617445,0.000245006,-0.018996000,16.769839998,-0.935357928,6.586154753,10.183685245,0.033841434,-0.002527685
0.533333333,0.054275163,-0.000073852,-0.006430723,0.105238952,0.000268180,-0.019500149,16.920867663,-0.916470507,6.697990549,10.222877115,0.033537493,-0.002492587
0.566666667,0.057793987,-0.000088309,-0.007088330,0.105897750,0.000291304,-0.019936388,17.077041370,-0.897359813,6.812828737,10.264212633,0.033234466,-0.002457588
0.600000000,0.061335384,-0.000104504,-0.007759397,0.106593506,0.000314285,-0.020308747,17.238311764,-0.878088528,6.930524097,10.307787667,0.032932354,-0.002422690
0.633333333,0.064900576,-0.000122527,-0.008441860,0.107325888,0.000337040,-0.020621113,17.404629639,-0.858716118,7.050937670,10.353691969,0.032631158,-0.002387893
0.666666667,0.068490780,-0.000142467,-0.009133781,0.108094564,0.000359495,-0.020877227,17.575945939,-0.839298516,7.173937361,10.402008578,0.032330876,-0.002353195
0.700000000,0.072107198,-0.000164411,-0.009833347,0.108899204,0.000381584,-0.021080689,17.752211755,-0.819887894,7.299398389,10.452813366,0.032031509,-0.002318598
0.733333333,0.075751022,-0.000188446,-0.010538859,0.109739480,0.000403251,-0.021234963,17.933378331,-0.800532497,7.427203594,10.506174738,0.031733057,-0.002284101
0.766666667,0.079423432,-0.000214658,-0.011248736,0.110615062,0.000424445,-0.021343370,18.119397059,-0.781276559,7.557243608,10.562153451,0.031435520,-0.002249704
0.800000000,0.083125599,-0.000243129,-0.011961500,0.111525623,0.000445123,-0.021409101,18.310219478,-0.762160267,7.689416919,10.620802560,0.031138898,-0.002215407
0.833333333,0.086858681,-0.000273944,-0.012675782,0.112470838,0.000465246,-0.021435207,18.505797278,-0.743219785,7.823629822,10.682167456,0.030843191,-0.002181211
0.866666667,0.090623827,-0.000307184,-0.013390309,0.113450379,0.000484784,-0.021424609,18.706082294,-0.724487329,7.959796283,10.746286011,0.030548399,-0.002147115
0.900000000,0.094422172,-0.000342928,-0.014103905,0.114463923,0.000503708,-0.021380092,18.911026509,-0.705991276,8.097837724,10.813188785,0.030254522,-0.002113119
0.933333333,0.098254843,-0.000381255,-0.014815484,0.115511146,0.000521997,-0.021304313,19.120582051,-0.687756308,8.237682741,10.882899310,0.029961559,-0.002079223
0.966666667,0.102122955,-0.000422243,-0.015524046,0.116591724,0.000539632,-0.021199800,19.334701193,-0.669803590,8.379266769,10.955434424,0.029669512,-0.002045428
1.000000000,0.106027613,-0.000465969,-0.016228675,0.117705336,0.000556598,-0.021068952,19.553336352,-0.652150962,8.522531711,11.030804640,0.029378380,-0.002011733
1.033333333,0.109969909,-0.000512508,-0.016928531,0.118851659,0.000572884,-0.020914044,19.776440087,-0.634813146,8.667425532,11.109014555,0.029088162,-0.001978138
1.066666667,0.113950927,-0.000561933,-0.017622847,0.120030374,0.000588482,-0.020737230,20.003965103,-0.617801975,8.813901831,11.190063272,0.028798860,-0.001944643
1.100000000,0.117971738,-0.000614317,-0.018310929,0.121241162,0.000603387,-0.020540543,20.235864245,-0.601126611,8.961919408,11.273944837,0.028510472,-0.001911249
1.133333333,0.122033405,-0.000669732,-0.018992146,0.122483702,0.000617596,-0.020325897,20.472090499,-0.584793783,9.111441821,11.360648679,0.028223000,-0.001877955
1.166666667,0.126136976,-0.000728247,-0.019665930,0.123757677,0.000631109,-0.020095097,20.712596995,-0.568808006,9.262436948,11.450160047,0.027936442,-0.001844761
1.200000000,0.130283493,-0.000789932,-0.020331771,0.125062770,0.000643928,-0.019849835,20.957337001,-0.553171808,9.414876562,11.542460439,0.027650799,-0.001811667
1.233333333,0.134473985,-0.000854854,-0.020989214,0.126398664,0.000656057,-0.019591698,21.206263929,-0.537885945,9.568735917,11.637528012,0.027366072,-0.001778673
1.266666667,0.138709471,-0.000923081,-0.021637855,0.127765044,0.000667500,-0.019322168,21.459331329,-0.522949606,9.723993345,11.735337984,0.027082259,-0.001745780
1.300000000,0.142990958,-0.000994676,-0.022277338,0.129161595,0.000678264,-0.019042630,21.716492895,-0.508360610,9.880629890,11.835863004,0.026799361,-0.001712987
1.333333333,0.147319445,-0.001069705,-0.022907350,0.130588004,0.000688357,-0.018754375,21.977702458,-0.494115586,10.038628948,11.939073511,0.026517378,-0.001680294
1.366666667,0.151695919,-0.001148229,-0.023527622,0.132043957,0.000697789,-0.018458602,22.242913995,-0.480210151,10.197975938,12.044938057,0.026236310,-0.001647702
1.400000000,0.156121358,-0.001230312,-0.024137922,0.133529143,0.000706569,-0.018156422,22.512081620,-0.466639058,10.358658006,12.153423614,0.025956157,-0.001615209
1.433333333,0.160596726,-0.001316012,-0.024738054,0.135043249,0.000714709,-0.017848867,22.785159591,-0.453396350,10.520663739,12.264495852,0.025676919,-0.001582817
1.466666667,0.165122982,-0.001405390,-0.025327855,0.136585966,0.000722220,-0.017536889,23.062102307,-0.440475483,10.683982917,12.378119390,0.025398596,-0.001550526
1.500000000,0.169701070,-0.001498503,-0.025907192,0.138156984,0.000729115,-0.017221364,23.342864310,-0.427869452,10.848606285,12.494258025,0.025121188,-0.001518334
1.533333333,0.174331926,-0.001595408,-0.026475961,0.139755995,0.000735406,-0.016903100,23.627400284,-0.415570892,11.014525349,12.612874935,0.024844695,-0.001486243
1.566666667,0.179016475,-0.001696160,-0.027034083,0.141382691,0.000741106,-0.016582839,23.915665057,-0.403572174,11.181732194,12.733932863,0.024569116,-0.001454251
1.600000000,0.183755633,-0.001800816,-0.027581504,0.143036764,0.000746230,-0.016261259,24.207613600,-0.391865485,11.350219328,12.857394272,0.024294453,-0.001422361
1.633333333,0.188550305,-0.001909426,-0.028118189,0.144717910,0.000750791,-0.015938980,24.503201028,-0.380442907,11.519979538,12.983221489,0.024020705,-0.001390570
1.666666667,0.193401384,-0.002022044,-0.028644125,0.146425822,0.000754803,-0.015616568,24.802382601,-0.369296472,11.691005777,13.111376824,0.023747871,-0.001358879
1.700000000,0.198309756,-0.002138721,-0.029159318,0.148160198,0.000758280,-0.015294537,25.105113725,-0.358418221,11.863291052,13.241822673,0.023475953,-0.001327289
1.733333333,0.203276295,-0.002259506,-0.029663786,0.149920733,0.000761237,-0.014973352,25.411349950,-0.347800247,12.036828346,13.374521604,0.023204949,-0.001295799
1.766666667,0.208301866,-0.002384448,-0.030157566,0.151707125,0.000763687,-0.014653433,25.721046974,-0.337434734,12.211610537,13.509436437,0.022934860,-0.001264410
1.800000000,0.213387323,-0.002513594,-0.030640706,0.153519074,0.000765645,-0.014335162,26.034160641,-0.327313988,12.387630343,13.646530298,0.022665687,-0.001233120
1.833333333,0.218533511,-0.002646991,-0.031113268,0.155356279,0.000767124,-0.014018877,26.350646942,-0.317430465,12.564880269,13.785766672,0.022397428,-0.001201931
1.866666667,0.223741263,-0.002784683,-0.031575322,0.157218440,0.000768139,-0.013704883,26.670462015,-0.307776786,12.743352572,13.927109443,0.022130084,-0.001170842
1.900000000,0.229011406,-0.002926715,-0.032026949,0.159105259,0.000768704,-0.013393452,26.993562148,-0.298345760,12.923039227,14.070522921,0.021863655,-0.001139853
1.933333333,0.234344752,-0.003073129,-0.032468240,0.161016439,0.000768832,-0.013084824,27.319903777,-0.289130391,13.103931906,14.215971871,0.021598142,-0.001108965
1.966666667,0.239742108,-0.003223967,-0.032899292,0.162951682,0.000768536,-0.012779211,27.649443488,-0.280123886,13.286021964,14.363421524,0.021333543,-0.001078176
2.000000000,0.245204268,-0.003379269,-0.033320207,0.164910694,0.000767830,-0.012476799,27.982138015,-0.271319663,13.469300426,14.512837590,0.021069859,-0.001047488
2.033333333,0.250732017,-0.003539075,-0.033731096,0.166893180,0.000766727,-0.012177749,28.317944244,-0.262711353,13.653757982,14.664186262,0.020807090,-0.001016900
2.066666667,0.256326131,-0.003703424,-0.034132073,0.168898846,0.000765238,-0.011882200,28.656819210,-0.254292800,13.839384989,14.817434221,0.020545236,-0.000986413
2.100000000,0.261987376,-0.003872351,-0.034523257,0.170927399,0.000763377,-0.011590273,28.998720100,-0.246058062,14.026171469,14.972548631,0.020284296,-0.000956026
2.133333333,0.267716508,-0.004045894,-0.034904771,0.172978549,0.000761156,-0.011302067,29.343604253,-0.238001405,14.214107117,15.129497136,0.020024272,-0.000925738
2.166666667,0.273514274,-0.004224087,-0.035276739,0.175052003,0.000758586,-0.011017666,29.691429158,-0.230117302,14.403181306,15.288247851,0.019765163,-0.000895552
2.200000000,0.279381409,-0.004406963,-0.035639291,0.177147473,0.000755678,-0.010737138,30.042152457,-0.222400428,14.593383098,15.448769359,0.019506969,-0.000865465
2.233333333,0.285318642,-0.004594556,-0.035992555,0.179264670,0.000752445,-0.010460536,30.395731944,-0.214845654,14.784701252,15.611030692,0.019249689,-0.000835479
2.266666667,0.291326689,-0.004786896,-0.036336665,0.181403307,0.000748896,-0.010187902,30.752125568,-0.207448044,14.977124238,15.775001329,0.018993325,-0.000805592
2.300000000,0.297406261,-0.004984015,-0.036671752,0.183563095,0.000745042,-0.009919265,31.111291428,-0.200202842,15.170640249,15.940651179,0.018737875,-0.000775806
2.333333333,0.303558054,-0.005185941,-0.036997950,0.185743751,0.000740894,-0.009654642,31.473187777,-0.193105474,15.365237209,16.107950569,0.018483341,-0.000746121
2.366666667,0.309782758,-0.005392703,-0.037315393,0.187944989,0.000736461,-0.009394044,31.837773024,-0.186151534,15.560902793,16.276870232,0.018229721,-0.000716535
2.400000000,0.316081054,-0.005604328,-0.037624216,0.190166526,0.000731753,-0.009137470,32.205005730,-0.179336784,15.757624435,16.447381295,0.017977017,-0.000687050
2.433333333,0.322453612,-0.005820841,-0.037924552,0.192408078,0.000726778,-0.008884912,32.574844609,-0.172657140,15.955389343,16.619455266,0.017725227,-0.000657665
2.466666667,0.328901092,-0.006042268,-0.038216535,0.194669365,0.000721547,-0.008636357,32.947248532,-0.166108672,16.154184511,16.793064021,0.017474352,-0.000628380
2.500000000,0.335424147,-0.006268633,-0.038500299,0.196950105,0.000716067,-0.008391783,33.322176522,-0.159687594,16.353996733,16.968179789,0.017224392,-0.000599196
2.533333333,0.342023419,-0.006499957,-0.038775976,0.199250020,0.000710347,-0.008151164,33.699587759,-0.153390259,16.554812613,17.144775146,0.016975348,-0.000570112
2.566666667,0.348699542,-0.006736264,-0.039043696,0.201568829,0.000704395,-0.007914468,34.079441577,-0.147213149,16.756618579,17.322822998,0.016727218,-0.000541128
2.600000000,0.355453139,-0.006977573,-0.039303591,0.203906257,0.000698218,-0.007681659,34.461697463,-0.141152877,16.959400892,17.502296571,0.016480003,-0.000512244
2.633333333,0.362284826,-0.007223904,-0.039555788,0.206262027,0.000691825,-0.007452697,34.846315064,-0.135206172,17.163145662,17.683169402,0.016233703,-0.000483460
2.666666667,0.369195209,-0.007475275,-0.039800417,0.208635862,0.000685221,-0.007227539,35.233254177,-0.129369883,17.367838852,17.865415325,0.015988318,-0.000454777
2.700000000,0.376184884,-0.007731705,-0.040037602,0.211027488,0.000678415,-0.007006139,35.622474759,-0.123640964,17.573466294,18.049008465,0.015743847,-0.000426194
2.733333333,0.383254439,-0.007993208,-0.040267469,0.213436633,0.000671412,-0.006788448,36.013936920,-0.118016478,17.780013695,18.233923226,0.015500292,-0.000397711
2.766666667,0.390404452,-0.008259800,-0.040490140,0.215863022,0.000664219,-0.006574414,36.407600927,-0.112493585,17.987466646,18.420134281,0.015257652,-0.000369328
2.800000000,0.397635493,-0.008531496,-0.040705735,0.218306386,0.000656842,-0.006363984,36.803427202,-0.107069542,18.195810636,18.607616566,0.015015927,-0.000341046
2.833333333,0.404948122,-0.008808309,-0.040914375,0.220766454,0.000649287,-0.006157103,37.201376323,-0.101741697,18.405031052,18.796345271,0.014775116,-0.000312864
2.866666667,0.412342892,-0.009090251,-0.041116177,0.223242955,0.000641560,-0.005953715,37.601409025,-0.096507485,18.615113195,18.986295831,0.014535221,-0.000284782
2.900000000,0.419820345,-0.009377332,-0.041311256,0.225735623,0.000633666,-0.005753763,38.003486199,-0.091364426,18.826042280,19.177443918,0.014296241,-0.000256800
2.933333333,0.427381015,-0.009669564,-0.041499727,0.228244189,0.000625610,-0.005557189,38.407568891,-0.086310117,19.037803452,19.369765439,0.014058175,-0.000228919
2.966666667,0.435025427,-0.009966954,-0.041681699,0.230768387,0.000617397,-0.005363934,38.813618304,-0.081342233,19.250381782,19.563236522,0.013821025,-0.000201138
3.000000000,0.442754098,-0.010269511,-0.041857284,0.233307953,0.000609031,-0.005173937,39.221595799,-0.076458521,19.463762283,19.757833516,0.013584789,-0.000173457
3.033333333,0.450567534,-0.010577242,-0.042026588,0.235862621,0.000600518,-0.004987141,39.631462890,-0.071656799,19.677929909,19.953532981,0.013349468,-0.000145876
3.066666667,0.458466235,-0.010890152,-0.042189718,0.238432129,0.000591862,-0.004803483,40.043181250,-0.066934951,19.892869565,20.150311685,0.013115063,-0.000118396
3.100000000,0.466450691,-0.011208248,-0.042346778,0.241016214,0.000583066,-0.004622906,40.456712708,-0.062290927,20.108566111,20.348146598,0.012881572,-0.000091015
3.133333333,0.474521383,-0.011531531,-0.042497868,0.243614616,0.000574135,-0.004445347,40.872019250,-0.057722735,20.325004366,20.547014884,0.012648996,-0.000063735
3.166666667,0.482678783,-0.011860006,-0.042643088,0.246227074,0.000565072,-0.004270749,41.289063017,-0.053228445,20.542169114,20.746893903,0.012417335,-0.000036556
3.200000000,0.490923357,-0.012193675,-0.042782537,0.248853329,0.000555882,-0.004099051,41.707806307,-0.048806183,20.760045109,20.947761198,0.012186589,-0.000009476
3.233333333,0.499255560,-0.012532537,-0.042916309,0.251493123,0.000546566,-0.003930194,42.128211577,-0.044454130,20.978617077,21.149594500,0.011956758,0.000017503
3.266666667,0.507675839,-0.012876593,-0.043044499,0.254146199,0.000537130,-0.003764120,42.550241438,-0.040170519,21.197869722,21.352371716,0.011727842,0.000044382
3.300000000,0.516184632,-0.013225842,-0.043167199,0.256812301,0.000527575,-0.003600769,42.973858658,-0.035953632,21.417787730,21.556070928,0.011499841,0.000071161
3.333333333,0.524782370,-0.013580282,-0.043284498,0.259491175,0.000517905,-0.003440085,43.399026164,-0.031801801,21.638355772,21.760670392,0.011272755,0.000097840
3.366666667,0.533469474,-0.013939909,-0.043396484,0.262182566,0.000508123,-0.003282011,43.825707037,-0.027713406,21.859558507,21.966148530,0.011046584,0.000124418
3.400000000,0.542246357,-0.014304719,-0.043503244,0.264886221,0.000498231,-0.003126489,44.253864516,-0.023686870,22.081380586,22.172483930,0.010821327,0.000150896
3.433333333,0.551113426,-0.014674708,-0.043604860,0.267601890,0.000488232,-0.002973465,44.683461997,-0.019720659,22.303806655,22.379655342,0.010596986,0.000177274
3.466666667,0.560071075,-0.015049869,-0.043701417,0.270329319,0.000478128,-0.002822884,45.114463032,-0.015813283,22.526821357,22.587641675,0.010373560,0.000203552
3.500000000,0.569119694,-0.015430195,-0.043792994,0.273068261,0.000467922,-0.002674690,45.546831331,-0.011963291,22.750409337,22.796421994,0.010151048,0.000229729
3.533333333,0.578259663,-0.015815678,-0.043879670,0.275818467,0.000457615,-0.002528831,45.980530760,-0.008169271,22.974555244,23.005975516,0.009929452,0.000255806
3.566666667,0.587491354,-0.016206309,-0.043961522,0.278579688,0.000447210,-0.002385254,46.415525341,-0.004429849,23.199243731,23.216281611,0.009708770,0.000281783
3.600000000,0.596815129,-0.016602079,-0.044038625,0.281351678,0.000436709,-0.002243907,46.851779255,-0.000743687,23.424459460,23.427319795,0.009489004,0.000307660
3.633333333,0.606231345,-0.017002976,-0.044111053,0.284134191,0.000426113,-0.002104740,47.289256838,0.002890516,23.650187105,23.639069734,0.009270152,0.000333436
3.666666667,0.615740350,-0.017408988,-0.044178877,0.286926983,0.000415425,-0.001967701,47.727922584,0.006474031,23.876411351,23.851511232,0.009052215,0.000359112
3.700000000,0.625342482,-0.017820103,-0.044242168,0.289729810,0.000404645,-0.001832743,48.167741142,0.010008092,24.103116901,24.064624241,0.008835194,0.000384688
3.733333333,0.635038072,-0.018236306,-0.044300995,0.292542430,0.000393776,-0.001699815,48.608677321,0.013493903,24.330288473,24.278388847,0.008619087,0.000410164
3.766666667,0.644827445,-0.018657584,-0.044355423,0.295364601,0.000382819,-0.001568872,49.050696083,0.016932637,24.557910805,24.492785278,0.008403895,0.000435540
3.800000000,0.654710914,-0.019083920,-0.044405519,0.298196082,0.000371775,-0.001439866,49.493762551,0.020325438,24.785968656,24.707793895,0.008189618,0.000460815
3.833333333,0.664688788,-0.019515297,-0.044451346,0.301036635,0.000360645,-0.001312751,49.937842001,0.023673420,25.014446807,24.923395193,0.007976256,0.000485990
3.866666667,0.674761366,-0.019951700,-0.044492967,0.303886021,0.000349432,-0.001187483,50.382899868,0.026977668,25.243330066,25.139569802,0.007763809,0.000511065
3.900000000,0.684928939,-0.020393107,-0.044530442,0.306744003,0.000338135,-0.001064016,50.828901744,0.030239244,25.472603264,25.356298480,0.007552277,0.000536039
3.933333333,0.695191791,-0.020839502,-0.044563830,0.309610344,0.000326756,-0.000942309,51.275813377,0.033459178,25.702251263,25.573562115,0.007341660,0.000560913
3.966666667,0.705550197,-0.021290862,-0.044593191,0.312484808,0.000315296,-0.000822318,51.723600673,0.036638480,25.932258952,25.791341721,0.007131958,0.000585688
4.000000000,0.716004427,-0.021747167,-0.044618580,0.315367163,0.000303756,-0.000704002,52.172229692,0.039778131,26.162611252,26.009618440,0.006923170,0.000610361
4.033333333,0.726554739,-0.022208395,-0.044640052,0.318257174,0.000292137,-0.000587320,52.621666655,0.042879091,26.393293118,26.228373537,0.006715298,0.000634935
4.066666667,0.737201387,-0.022674523,-0.044657661,0.321154609,0.000280438,-0.000472232,53.071877936,0.045942295,26.624289535,26.447588401,0.006508341,0.000659408
4.100000000,0.747944615,-0.023145527,-0.044671460,0.324059237,0.000268663,-0.000358699,53.522830069,0.048968656,26.855585526,26.667244543,0.006302298,0.000683781
4.133333333,0.758784662,-0.023621381,-0.044681500,0.326970829,0.000256810,-0.000246682,53.974489743,0.051959065,27.087166150,26.887323593,0.006097171,0.000708054
4.166666667,0.769721755,-0.024102060,-0.044687830,0.329889154,0.000244880,-0.000136145,54.426823804,0.054914392,27.319016502,27.107807301,0.005892958,0.000732227
4.200000000,0.780756118,-0.024587538,-0.044690500,0.332813986,0.000232874,-0.000027050,54.879799255,0.057835487,27.551121718,27.328677537,0.005689661,0.000756299
4.233333333,0.791887965,-0.025077786,-0.044689557,0.335745096,0.000220793,0.000080639,55.333383256,0.060723178,27.783466971,27.549916285,0.005487278,0.000780272
4.266666667,0.803117502,-0.025572777,-0.044685047,0.338682259,0.000208637,0.000186957,55.787543124,0.063578276,28.016037478,27.771505646,0.005285811,0.000804144
4.300000000,0.814444930,-0.026072481,-0.044677016,0.341625251,0.000196406,0.000291939,56.242246333,0.066401571,28.248818496,27.993427837,0.005085258,0.000827915
4.333333333,0.825870440,-0.026576867,-0.044665507,0.344573846,0.000184101,0.000395618,56.697460513,0.069193837,28.481795327,28.215665186,0.004885620,0.000851587
4.366666667,0.837394218,-0.027085906,-0.044650563,0.347527823,0.000171722,0.000498028,57.153153452,0.071955826,28.714953315,28.438200137,0.004686897,0.000875158
4.400000000,0.849016439,-0.027599564,-0.044632226,0.350486959,0.000159269,0.000599201,57.609293093,0.074688278,28.948277851,28.661015242,0.004489089,0.000898629
4.433333333,0.860737275,-0.028117808,-0.044610536,0.353451034,0.000146743,0.000699169,58.065847538,0.077391913,29.181754371,28.884093167,0.004292196,0.000922000
4.466666667,0.872556888,-0.028640606,-0.044585534,0.356419827,0.000134144,0.000797963,58.522785045,0.080067435,29.415368358,29.107416687,0.004096218,0.000945270
4.500000000,0.884475433,-0.029167923,-0.044557258,0.359393121,0.000121471,0.000895613,58.980074029,0.082715532,29.649105345,29.330968684,0.003901155,0.000968441
4.533333333,0.896493058,-0.029699723,-0.044525746,0.362370697,0.000108725,0.000992150,59.437683060,0.085336877,29.882950910,29.554732150,0.003707007,0.000991511
4.566666667,0.908609905,-0.030235969,-0.044491034,0.365352339,0.000095907,0.001087602,59.895580868,0.087932129,30.116890683,29.778690185,0.003513774,0.001014480
4.600000000,0.920826106,-0.030776625,-0.044453157,0.368337831,0.000083015,0.001181998,60.353736337,0.090501931,30.350910344,30.002825993,0.003321456,0.001037350
4.633333333,0.933141789,-0.031321653,-0.044412152,0.371326959,0.000070051,0.001275365,60.812118511,0.093046912,30.584995625,30.227122886,0.003130053,0.001060119
4.666666667,0.945557073,-0.031871014,-0.044368050,0.374319508,0.000057014,0.001367732,61.270696587,0.095567688,30.819132308,30.451564279,0.002939564,0.001082788
4.700000000,0.958072070,-0.032424668,-0.044320887,0.377315268,0.000043904,0.001459125,61.729439922,0.098064860,31.053306230,30.676133692,0.002749991,0.001105357
4.733333333,0.970686886,-0.032982575,-0.044270692,0.380314025,0.000030721,0.001549570,62.188318028,0.100539018,31.287503279,30.900814749,0.002561333,0.001127826
4.766666667,0.983401619,-0.033544693,-0.044217498,0.383315569,0.000017465,0.001639093,62.647300575,0.102990738,31.521709398,31.125591177,0.002373589,0.001150194
4.800000000,0.996216360,-0.034110979,-0.044161335,0.386319692,0.000004135,0.001727719,63.106357389,0.105420584,31.755910586,31.350446803,0.002186760,0.001172462
4.833333333,1.009131194,-0.034681393,-0.044102232,0.389326184,-0.000009267,0.001815472,63.565458454,0.107829108,31.990092897,31.575365557,0.002000847,0.001194630
4.866666667,1.022146199,-0.035255888,-0.044040219,0.392334839,-0.000022743,0.001902377,64.024573909,0.110216852,32.224242439,31.800331469,0.001815848,0.001216698
4.900000000,1.035261445,-0.035834421,-0.043975322,0.395345449,-0.000036293,0.001988458,64.483674052,0.112584344,32.458345380,32.025328672,0.001631765,0.001238665
4.933333333,1.048476996,-0.036416946,-0.043907570,0.398357811,-0.000049917,0.002073736,64.942729336,0.114932103,32.692387942,32.250341394,0.001448596,0.001260533
4.966666667,1.061792909,-0.037003417,-0.043836987,0.401371718,-0.000063615,0.002158236,65.401710372,0.117260635,32.926356407,32.475353965,0.001266342,0.001282300
5.000000000,1.075209234,-0.037593786,-0.043763601,0.404386970,-0.000077387,0.002241978,65.860587928,0.119570439,33.160237116,32.700350812,0.001085003,0.001303966
5.033333333,1.088726015,-0.038188007,-0.043687436,0.407403362,-0.000091234,0.002324985,66.319332928,0.121862001,33.394016466,32.925316462,0.000904579,0.001325533
5.066666667,1.102343289,-0.038786030,-0.043608515,0.410420694,-0.000105155,0.002407278,66.777916454,0.124135799,33.627680917,33.150235537,0.000725070,0.001346999
5.100000000,1.116061085,-0.039387805,-0.043526864,0.413438766,-0.000119152,0.002488878,67.236309744,0.126392300,33.861216987,33.375092757,0.000546476,0.001368365
5.133333333,1.129879429,-0.039993283,-0.043442503,0.416457379,-0.000133225,0.002569805,67.694484193,0.128631963,34.094611256,33.599872937,0.000368797,0.001389631
5.166666667,1.143798335,-0.040602412,-0.043355456,0.419476334,-0.000147374,0.002650079,68.152411354,0.130855237,34.327850364,33.824560990,0.000192033,0.001410797
5.200000000,1.157817815,-0.041215140,-0.043265743,0.422495435,-0.000161599,0.002729720,68.610062935,0.133062564,34.560921013,34.049141922,0.000016184,0.001431862
5.233333333,1.171937873,-0.041831416,-0.043173387,0.425514486,-0.000175900,0.002808746,69.067410802,0.135254374,34.793809966,34.273600836,-0.000158750,0.001452827
5.266666667,1.186158506,-0.042451184,-0.043078405,0.428533292,-0.000190279,0.002887177,69.524426979,0.137431092,35.026504051,34.497922927,-0.000332770,0.001473692
5.300000000,1.200479705,-0.043074392,-0.042980820,0.431551658,-0.000204735,0.002965030,69.981083644,0.139593134,35.258990157,34.722093487,-0.000505874,0.001494456
5.333333333,1.214901454,-0.043700985,-0.042880648,0.434569392,-0.000219269,0.003042325,70.437353136,0.141740908,35.491255237,34.946097899,-0.000678063,0.001515121
5.366666667,1.229423731,-0.044330905,-0.042777909,0.437586303,-0.000233882,0.003119078,70.893207947,0.143874814,35.723286308,35.169921639,-0.000849338,0.001535685
5.400000000,1.244046508,-0.044964098,-0.042672620,0.440602199,-0.000248573,0.003195308,71.348620729,0.145995245,35.955070451,35.393550278,-0.001019697,0.001556149
5.433333333,1.258769752,-0.045600506,-0.042564799,0.443616891,-0.000263344,0.003271030,71.803564289,0.148102587,36.186594812,35.616969477,-0.001189142,0.001576512
5.466666667,1.273593419,-0.046240070,-0.042454462,0.446630189,-0.000278194,0.003346262,72.258011592,0.150197219,36.417846601,35.840164991,-0.001357672,0.001596776
5.500000000,1.288517464,-0.046882732,-0.042341625,0.449641907,-0.000293125,0.003421019,72.711935760,0.152279512,36.648813096,36.063122664,-0.001525286,0.001616939
5.533333333,1.303541834,-0.047528433,-0.042226304,0.452651857,-0.000308136,0.003495319,73.165310071,0.154349833,36.879481637,36.285828434,-0.001691986,0.001637002
5.566666667,1.318666467,-0.048177112,-0.042108513,0.455659854,-0.000323229,0.003569176,73.618107962,0.156408540,37.109839634,36.508268328,-0.001857771,0.001656965
5.600000000,1.333891300,-0.048828708,-0.041988268,0.458665713,-0.000338403,0.003642607,74.070303024,0.158455985,37.339874561,36.730428463,-0.002022641,0.001676827
5.633333333,1.349216259,-0.049483159,-0.041865582,0.461669251,-0.000353659,0.003715626,74.521869008,0.160492517,37.569573960,36.952295048,-0.002186596,0.001696589
5.666666667,1.364641267,-0.050140404,-0.041740469,0.464670285,-0.000368999,0.003788247,74.972779821,0.162518476,37.798925440,37.173854381,-0.002349635,0.001716251
5.700000000,1.380166240,-0.050800378,-0.041612941,0.467668634,-0.000384422,0.003860487,75.423009527,0.164534196,38.027916679,37.395092848,-0.002511760,0.001735813
5.733333333,1.395791089,-0.051463018,-0.041483012,0.470664117,-0.000399928,0.003932358,75.872532346,0.166540008,38.256535419,37.615996927,-0.002672971,0.001755275
5.766666667,1.411515715,-0.052128260,-0.041350693,0.473656556,-0.000415520,0.004003875,76.321322658,0.168536236,38.484769475,37.836553183,-0.002833266,0.001774636
5.800000000,1.427340019,-0.052796037,-0.041215995,0.476645770,-0.000431196,0.004075052,76.769354997,0.170523199,38.712606727,38.056748270,-0.002992646,0.001793897
5.833333333,1.443263892,-0.053466284,-0.041078931,0.479631584,-0.000446958,0.004145903,77.216604056,0.172501211,38.940035126,38.276568929,-0.003151111,0.001813058
5.866666667,1.459287221,-0.054138934,-0.040939510,0.482613820,-0.000462806,0.004216440,77.663044684,0.174470582,39.167042691,38.496001992,-0.003308661,0.001832118
5.900000000,1.475409884,-0.054813920,-0.040797743,0.485592304,-0.000478741,0.004286677,78.108651888,0.176431615,39.393617511,38.715034376,-0.003465297,0.001851079
5.933333333,1.491631759,-0.055491173,-0.040653639,0.488566861,-0.000494764,0.004356626,78.553400832,0.178384611,39.619747744,38.933653088,-0.003621017,0.001869939
5.966666667,1.507952712,-0.056170624,-0.040507208,0.491537319,-0.000510874,0.004426300,78.997266837,0.180329864,39.845421619,39.151845218,-0.003775822,0.001888699
6.000000000,1.524372607,-0.056852204,-0.040358460,0.494503504,-0.000527073,0.004495712,79.440225381,0.182267666,40.070627434,39.369597947,-0.003929713,0.001907358
6.033333333,1.540891301,-0.057535842,-0.040207401,0.497465246,-0.000543362,0.004564874,79.882252100,0.184198304,40.295353558,39.586898542,-0.004082688,0.001925918
6.066666667,1.557508646,-0.058221468,-0.040054042,0.500422375,-0.000559741,0.004633798,80.323322787,0.186122060,40.519588432,39.803734355,-0.004234749,0.001944377
6.100000000,1.574224488,-0.058909009,-0.039898388,0.503374722,-0.000576210,0.004702495,80.763413391,0.188039213,40.743320566,40.020092825,-0.004385895,0.001962736
6.133333333,1.591038668,-0.059598394,-0.039740449,0.506322118,-0.000592770,0.004770977,81.202500021,0.189950037,40.966538543,40.235961477,-0.004536125,0.001980994
6.166666667,1.607951019,-0.060289550,-0.039580230,0.509264397,-0.000609422,0.004839256,81.640558940,0.191854805,41.189231017,40.451327922,-0.004685441,0.001999153
6.200000000,1.624961372,-0.060982402,-0.039417738,0.512201392,-0.000626167,0.004907343,82.077566570,0.193753783,41.411386713,40.666179857,-0.004833842,0.002017211
6.233333333,1.642069549,-0.061676877,-0.039252980,0.515132940,-0.000643005,0.004975248,82.513499491,0.195647236,41.632994429,40.880505061,-0.004981328,0.002035169
6.266666667,1.659275370,-0.062372898,-0.039085961,0.518058875,-0.000659937,0.005042983,82.948334439,0.197535424,41.854043035,41.094291404,-0.005127899,0.002053027
6.300000000,1.676578647,-0.063070392,-0.038916687,0.520979035,-0.000676964,0.005110559,83.382048308,0.199418605,42.074521472,41.307526836,-0.005273555,0.002070784
6.333333333,1.693979187,-0.063769280,-0.038745162,0.523893259,-0.000694086,0.005177985,83.814618150,0.201297034,42.294418756,41.520199393,-0.005418296,0.002088441
6.366666667,1.711476793,-0.064469487,-0.038571393,0.526801385,-0.000711303,0.005245273,84.246021172,0.203170962,42.513723975,41.732297197,-0.005562122,0.002105998
6.400000000,1.729071261,-0.065170934,-0.038395383,0.529703254,-0.000728618,0.005312433,84.676234743,0.205040637,42.732426289,41.943808454,-0.005705033,0.002123455
6.433333333,1.746762382,-0.065873544,-0.038217136,0.532598707,-0.000746029,0.005379474,85.105236384,0.206906305,42.950514933,42.154721451,-0.005847029,0.002140812
6.466666667,1.764549942,-0.066577236,-0.038036656,0.535487587,-0.000763539,0.005446407,85.533003777,0.208768209,43.167979213,42.365024564,-0.005988110,0.002158068
6.500000000,1.782433723,-0.067281932,-0.037853947,0.538369736,-0.000781147,0.005513241,85.959514761,0.210626589,43.384808513,42.574706249,-0.006128277,0.002175224
6.533333333,1.800413500,-0.067987552,-0.037669012,0.541245000,-0.000798855,0.005579987,86.384747332,0.212481682,43.600992286,42.783755047,-0.006267528,0.002192280
6.566666667,1.818489043,-0.068694014,-0.037481853,0.544113223,-0.000816664,0.005646652,86.808679643,0.214333725,43.816520062,42.992159582,-0.006405864,0.002209236
6.600000000,1.836660118,-0.069401237,-0.037292473,0.546974253,-0.000834573,0.005713248,87.231290006,0.216182949,44.031381444,43.199908562,-0.006543286,0.002226091
6.633333333,1.854926484,-0.070109139,-0.037100874,0.549827936,-0.000852583,0.005779784,87.652556890,0.218029586,44.245566111,43.406990779,-0.006679792,0.002242846
6.666666667,1.873287898,-0.070817637,-0.036907058,0.552674122,-0.000870696,0.005846267,88.072458920,0.219873864,44.459063814,43.613395105,-0.006815384,0.002259501
6.700000000,1.891744109,-0.071526648,-0.036711027,0.555512659,-0.000888912,0.005912708,88.490974881,0.221716010,44.671864382,43.819110498,-0.006950061,0.002276056
6.733333333,1.910294862,-0.072236087,-0.036512781,0.558343399,-0.000907232,0.005979116,88.908083714,0.223556247,44.883957717,44.024125997,-0.007083822,0.002292510
6.766666667,1.928939897,-0.072945871,-0.036312323,0.561166194,-0.000925657,0.006045498,89.323764520,0.225394799,45.095333796,44.228430724,-0.007216669,0.002308864
6.800000000,1.947678950,-0.073655913,-0.036109652,0.563980895,-0.000944186,0.006111865,89.737996554,0.227231885,45.305982672,44.432013882,-0.007348601,0.002325118
6.833333333,1.966511750,-0.074366129,-0.035904769,0.566787358,-0.000962822,0.006178224,90.150759232,0.229067725,45.515894473,44.634864760,-0.007479618,0.002341272
6.866666667,1.985438024,-0.075076431,-0.035697673,0.569585435,-0.000981565,0.006244584,90.562032127,0.230902536,45.725059403,44.836972724,-0.007609720,0.002357325
6.900000000,2.004457491,-0.075786733,-0.035488366,0.572374985,-0.001000415,0.006310953,90.971794969,0.232736534,45.933467742,45.038327227,-0.007738906,0.002373279
6.933333333,2.023569868,-0.076496946,-0.035276846,0.575155862,-0.001019374,0.006377340,91.380027645,0.234569932,46.141109845,45.238917800,-0.007867178,0.002389132
6.966666667,2.042774865,-0.077206984,-0.035063113,0.577927926,-0.001038442,0.006443753,91.786710202,0.236402942,46.347976144,45.438734059,-0.007994536,0.002404884
7.000000000,2.062072190,-0.077916757,-0.034847166,0.580691035,-0.001057619,0.006510199,92.191822845,0.238235777,46.554057147,45.637765698,-0.008120978,0.002420537
7.033333333,2.081461542,-0.078626176,-0.034629002,0.583445050,-0.001076908,0.006576688,92.595345934,0.240068645,46.759343438,45.836002496,-0.008246505,0.002436089
7.066666667,2.100942619,-0.079335150,-0.034408622,0.586189830,-0.001096307,0.006643227,92.997259989,0.241901756,46.963825678,46.033434311,-0.008371117,0.002451541
7.100000000,2.120515114,-0.080043590,-0.034186023,0.588925239,-0.001115819,0.006709823,93.397545688,0.243735316,47.167494605,46.230051083,-0.008494814,0.002466893
7.133333333,2.140178715,-0.080751403,-0.033961203,0.591651140,-0.001135444,0.006776486,93.796183868,0.245569532,47.370341033,46.425842834,-0.008617597,0.002482145
7.166666667,2.159933103,-0.081458500,-0.033734159,0.594367396,-0.001155183,0.006843221,94.193155520,0.247404609,47.572355854,46.620799666,-0.008739464,0.002497296
7.200000000,2.179777958,-0.082164786,-0.033504890,0.597073873,-0.001175037,0.006910038,94.588441798,0.249240751,47.773530036,46.814911762,-0.008860416,0.002512347
7.233333333,2.199712954,-0.082870171,-0.033273392,0.599770437,-0.001195005,0.006976943,94.982024011,0.251078162,47.973854624,47.008169387,-0.008980454,0.002527298
7.266666667,2.219737761,-0.083574559,-0.033039662,0.602456955,-0.001215090,0.007043944,95.373883626,0.252917043,48.173320742,47.200562884,-0.009099576,0.002542148
7.300000000,2.239852043,-0.084277858,-0.032803697,0.605133296,-0.001235292,0.007111049,95.764002271,0.254757596,48.371919590,47.392082681,-0.009217784,0.002556899
7.333333333,2.260055462,-0.084979973,-0.032565493,0.607799329,-0.001255612,0.007178264,96.152361728,0.256600023,48.569642447,47.582719281,-0.009335077,0.002571549
7.366666667,2.280347674,-0.085680808,-0.032325047,0.610454925,-0.001276051,0.007245598,96.538943942,0.258444523,48.766480669,47.772463273,-0.009451454,0.002586099
7.400000000,2.300728331,-0.086380269,-0.032082354,0.613099954,-0.001296609,0.007313057,96.923731011,0.260291295,48.962425689,47.961305323,-0.009566917,0.002600549
7.433333333,2.321197080,-0.087078260,-0.031837411,0.615734291,-0.001317287,0.007380649,97.306705196,0.262140539,49.157469019,48.149236177,-0.009681465,0.002614898
7.466666667,2.341753566,-0.087774683,-0.031590212,0.618357807,-0.001338086,0.007448381,97.687848914,0.263992452,49.351602250,48.336246664,-0.009795098,0.002629147
7.500000000,2.362397428,-0.088469442,-0.031340752,0.620970377,-0.001359007,0.007516259,98.067144740,0.265847234,49.544817050,48.522327690,-0.009907816,0.002643296
7.533333333,2.383128300,-0.089162440,-0.031089028,0.623571878,-0.001380051,0.007584292,98.444575408,0.267705080,49.737105165,48.707470242,-0.010019619,0.002657345
7.566666667,2.403945814,-0.089853577,-0.030835033,0.626162185,-0.001401218,0.007652485,98.820123810,0.269566188,49.928458421,48.891665389,-0.010130507,0.002671293
7.600000000,2.424849597,-0.090542755,-0.030578762,0.628741177,-0.001422510,0.007720847,99.193772998,0.271430756,50.118868722,49.074904276,-0.010240480,0.002685142
7.633333333,2.445839271,-0.091229875,-0.030320210,0.631308733,-0.001443926,0.007789383,99.565506181,0.273298979,50.308328050,49.257178130,-0.010349538,0.002698890
7.666666667,2.466914456,-0.091914838,-0.030059370,0.633864731,-0.001465469,0.007858101,99.935306726,0.275171054,50.496828467,49.438478259,-0.010457681,0.002712537
7.700000000,2.488074765,-0.092597543,-0.029796236,0.636409054,-0.001487139,0.007927007,100.303158161,0.277047177,50.684362113,49.618796047,-0.010564909,0.002726085
7.733333333,2.509319809,-0.093277889,-0.029530802,0.638941582,-0.001508937,0.007996109,100.669044169,0.278927544,50.870921208,49.798122961,-0.010671223,0.002739532
7.766666667,2.530649196,-0.093955775,-0.029263061,0.641462199,-0.001530863,0.008065413,101.032948596,0.280812351,51.056498051,49.976450545,-0.010776621,0.002752879
7.800000000,2.552062528,-0.094631100,-0.028993007,0.643970789,-0.001552919,0.008134926,101.394855442,0.282701794,51.241085018,50.153770424,-0.010881105,0.002766126
7.833333333,2.573559404,-0.095303761,-0.028720632,0.646467236,-0.001575105,0.008204654,101.754748870,0.284596070,51.424674569,50.330074301,-0.010984673,0.002779273
7.866666667,2.595139419,-0.095973655,-0.028445929,0.648951427,-0.001597422,0.008274604,102.112613199,0.286495373,51.607259240,50.505353960,-0.011087327,0.002792319
7.900000000,2.616802164,-0.096640681,-0.028168890,0.651423250,-0.001619871,0.008344784,102.468432908,0.288399900,51.788831647,50.679601261,-0.011189065,0.002805265
7.933333333,2.638547227,-0.097304732,-0.027889508,0.653882591,-0.001642453,0.008415198,102.822192634,0.290309849,51.969384487,50.852808147,-0.011289889,0.002818111
7.966666667,2.660374192,-0.097965707,-0.027607775,0.656329340,-0.001665169,0.008485855,103.173877174,0.292225414,52.148910537,51.024966637,-0.011389797,0.002830857
8.000000000,2.682282638,-0.098623499,-0.027323683,0.658763388,-0.001688020,0.008556760,103.523471482,0.294146794,52.327402652,51.196068830,-0.011488791,0.002843502
8.033333333,2.704272141,-0.099278004,-0.027037222,0.661184625,-0.001711006,0.008627920,103.870960674,0.296074184,52.504853769,51.366106905,-0.011586870,0.002856047
8.066666667,2.726342276,-0.099929117,-0.026748386,0.663592945,-0.001734128,0.008699342,104.216330022,0.298007784,52.681256903,51.535073119,-0.011684034,0.002868492
8.100000000,2.748492610,-0.100576731,-0.026457164,0.665988240,-0.001757388,0.008771032,104.559564959,0.299947790,52.856605153,51.702959806,-0.011780283,0.002880837
8.133333333,2.770722709,-0.101220740,-0.026163548,0.668370405,-0.001780786,0.008842996,104.900651076,0.301894401,53.030891695,51.869759381,-0.011875617,0.002893082
8.166666667,2.793032135,-0.101861037,-0.025867528,0.670739335,-0.001804323,0.008915242,105.239574124,0.303847816,53.204109786,52.035464338,-0.011970036,0.002905226
8.200000000,2.815420446,-0.102497514,-0.025569095,0.673094928,-0.001828000,0.008987774,105.576320012,0.305808234,53.376252764,52.200067248,-0.012063540,0.002917270
8.233333333,2.837887197,-0.103130065,-0.025268240,0.675437079,-0.001851818,0.009060601,105.910874811,0.307775855,53.547314049,52.363560761,-0.012156129,0.002929213
8.266666667,2.860431941,-0.103758579,-0.024964952,0.677765689,-0.001875777,0.009133728,106.243224747,0.309750879,53.717287140,52.525937606,-0.012247803,0.002941057
8.300000000,2.883054224,-0.104382950,-0.024659221,0.680080656,-0.001899879,0.009207162,106.573356208,0.311733507,53.886165618,52.687190591,-0.012338562,0.002952800
8.333333333,2.905753592,-0.105003067,-0.024351037,0.682381882,-0.001924125,0.009280909,106.901255743,0.313723941,54.053943143,52.847312600,-0.012428406,0.002964443
8.366666667,2.928529586,-0.105618821,-0.024040390,0.684669268,-0.001948515,0.009354975,107.226910056,0.315722384,54.220613459,53.006296597,-0.012517336,0.002975986
8.400000000,2.951381743,-0.106230102,-0.023727268,0.686942717,-0.001973051,0.009429367,107.550306015,0.317729038,54.386170389,53.164135626,-0.012605350,0.002987429
8.433333333,2.974309600,-0.106836800,-0.023411661,0.689202133,-0.001997733,0.009504092,107.871430644,0.319744108,54.550607838,53.320822806,-0.012692450,0.002998771
8.466666667,2.997312686,-0.107438804,-0.023093558,0.691447421,-0.002022562,0.009579155,108.190271128,0.321767798,54.713919792,53.476351336,-0.012778634,0.003010013
8.500000000,3.020390532,-0.108036002,-0.022772946,0.693678486,-0.002047539,0.009654563,108.506814813,0.323800315,54.876100319,53.630714494,-0.012863904,0.003021155
8.533333333,3.043542661,-0.108628283,-0.022449815,0.695895236,-0.002072665,0.009730322,108.821049203,0.325841863,55.037143569,53.783905633,-0.012948258,0.003032197
8.566666667,3.066768595,-0.109215535,-0.022124153,0.698097579,-0.002097941,0.009806440,109.132961961,0.327892652,55.197043773,53.935918188,-0.013031698,0.003043138
8.600000000,3.090067855,-0.109797644,-0.021795948,0.700285423,-0.002123368,0.009882921,109.442540913,0.329952889,55.355795243,54.086745670,-0.013114223,0.003053979
8.633333333,3.113439954,-0.110374500,-0.021465186,0.702458680,-0.002148947,0.009959773,109.749774041,0.332022784,55.513392374,54.236381667,-0.013195832,0.003064720
8.666666667,3.136884407,-0.110945987,-0.021131857,0.704617260,-0.002174679,0.010037001,110.054649489,0.334102547,55.669829642,54.384819847,-0.013276527,0.003075361
8.700000000,3.160400723,-0.111511992,-0.020795947,0.706761075,-0.002200565,0.010114613,110.357155562,0.336192389,55.825101606,54.532053955,-0.013356307,0.003085901
8.733333333,3.183988409,-0.112072402,-0.020457444,0.708890040,-0.002226605,0.010192614,110.657280722,0.338292524,55.979202907,54.678077814,-0.013435172,0.003096341
8.766666667,3.207646968,-0.112627101,-0.020116334,0.711004067,-0.002252800,0.010271012,110.955013593,0.340403165,56.132128268,54.822885325,-0.013513122,0.003106681
8.800000000,3.231375902,-0.113175975,-0.019772603,0.713103073,-0.002279153,0.010349812,111.250342960,0.342524527,56.283872494,54.966470466,-0.013590157,0.003116921
8.833333333,3.255174708,-0.113718909,-0.019426240,0.715186974,-0.002305662,0.010429020,111.543257766,0.344656826,56.434430472,55.108827294,-0.013666277,0.003127061
8.866666667,3.279042882,-0.114255786,-0.019077229,0.717255687,-0.002332331,0.010508644,111.833747116,0.346800280,56.583797173,55.249949943,-0.013741482,0.003137100
8.900000000,3.302979917,-0.114786492,-0.018725556,0.719309132,-0.002359158,0.010588689,112.121800274,0.348955106,56.731967649,55.389832625,-0.013815772,0.003147039
8.933333333,3.326985302,-0.115310909,-0.018371209,0.721347228,-0.002386147,0.010669163,112.407406665,0.351121526,56.878937037,55.528469629,-0.013889148,0.003156878
8.966666667,3.351058524,-0.115828921,-0.018014171,0.723369894,-0.002413296,0.010750071,112.690555876,0.353299760,57.024700553,55.665855323,-0.013961608,0.003166616
9.000000000,3.375199067,-0.116340410,-0.017654430,0.725377055,-0.002440608,0.010831419,112.971237651,0.355490031,57.169253500,55.801984151,-0.014033153,0.003176254
9.033333333,3.399406412,-0.116845260,-0.017291969,0.727368631,-0.002468083,0.010913216,113.249441898,0.357692562,57.312591261,55.936850637,-0.014103784,0.003185792
9.066666667,3.423680040,-0.117343352,-0.016926774,0.729344547,-0.002495722,0.010995466,113.525158682,0.359907580,57.454709303,56.070449379,-0.014173499,0.003195230
9.100000000,3.448019425,-0.117834569,-0.016558830,0.731304727,-0.002523527,0.011078177,113.798378234,0.362135311,57.595603177,56.202775056,-0.014242300,0.003204568
9.133333333,3.472424043,-0.118318791,-0.016188121,0.733249099,-0.002551497,0.011161354,114.069090939,0.364375984,57.735268516,56.333822423,-0.014310185,0.003213805
9.166666667,3.496893364,-0.118795901,-0.015814631,0.735177588,-0.002579635,0.011245006,114.337287350,0.366629829,57.873701038,56.463586312,-0.014377156,0.003222942
9.200000000,3.521426856,-0.119265778,-0.015438345,0.737090123,-0.002607942,0.011329137,114.602958174,0.368897076,58.010896541,56.592061633,-0.014443212,0.003231979
9.233333333,3.546023987,-0.119728303,-0.015059246,0.738986633,-0.002636417,0.011413755,114.866094284,0.371177960,58.146850911,56.719243374,-0.014508352,0.003240916
9.266666667,3.570684220,-0.120183356,-0.014677318,0.740867047,-0.002665062,0.011498866,115.126686713,0.373472714,58.281560114,56.845126599,-0.014572578,0.003249752
9.300000000,3.595407016,-0.120630818,-0.014292545,0.742731299,-0.002693879,0.011584477,115.384726652,0.375781575,58.415020201,56.969706451,-0.014635889,0.003258489
9.333333333,3.620191835,-0.121070567,-0.013904910,0.744579319,-0.002722868,0.011670595,115.640205458,0.378104781,58.547227308,57.092978150,-0.014698285,0.003267124
9.366666667,3.645038133,-0.121502483,-0.013514396,0.746411041,-0.002752030,0.011757226,115.893114645,0.380442572,58.678177653,57.214936992,-0.014759766,0.003275660
9.400000000,3.669945365,-0.121926444,-0.013120985,0.748226399,-0.002781366,0.011844377,116.143445890,0.382795188,58.807867538,57.335578352,-0.014820332,0.003284096
9.433333333,3.694912983,-0.122342330,-0.012724660,0.750025329,-0.002810878,0.011932054,116.391191033,0.385162874,58.936293351,57.454897682,-0.014879983,0.003292431
9.466666667,3.719940438,-0.122750017,-0.012325404,0.751807768,-0.002840566,0.012020265,116.636342073,0.387545874,59.063451563,57.572890510,-0.014938719,0.003300666
9.500000000,3.745027176,-0.123149386,-0.011923198,0.753573653,-0.002870430,0.012109016,116.878891171,0.389944434,59.189338728,57.689552443,-0.014996540,0.003308801
9.533333333,3.770172643,-0.123540311,-0.011518025,0.755322922,-0.002900474,0.012198314,117.118830651,0.392358804,59.313951486,57.804879165,-0.015053447,0.003316835
9.566666667,3.795376284,-0.123922672,-0.011109866,0.757055516,-0.002930696,0.012288166,117.356152997,0.394789233,59.437286561,57.918866436,-0.015109438,0.003324769
9.600000000,3.820637539,-0.124296345,-0.010698702,0.758771375,-0.002961098,0.012378578,117.590850856,0.397235974,59.559340762,58.031510094,-0.015164514,0.003332603
9.633333333,3.845955848,-0.124661207,-0.010284516,0.760470441,-0.002991682,0.012469558,117.822917035,0.399699281,59.680110981,58.142806054,-0.015218676,0.003340337
9.666666667,3.871330649,-0.125017135,-0.009867286,0.762152658,-0.003022449,0.012561113,118.052344506,0.402179410,59.799594196,58.252750310,-0.015271922,0.003347971
9.700000000,3.896761375,-0.125364003,-0.009446996,0.763817968,-0.003053398,0.012653249,118.279126401,0.404676620,59.917787470,58.361338931,-0.015324253,0.003355504
9.733333333,3.922247462,-0.125701689,-0.009023624,0.765466317,-0.003084532,0.012745974,118.503256013,0.407191171,60.034687950,58.468568063,-0.015375670,0.003362937
9.766666667,3.947788340,-0.126030068,-0.008597151,0.767097651,-0.003115852,0.012839294,118.724726800,0.409723324,60.150292869,58.574433932,-0.015426172,0.003370270
9.800000000,3.973383439,-0.126349015,-0.008167558,0.768711918,-0.003147358,0.012933216,118.943532380,0.412273343,60.264599543,58.678932837,-0.015475758,0.003377503
9.833333333,3.999032187,-0.126658405,-0.007734824,0.770309065,-0.003179051,0.013027749,119.159666534,0.414841496,60.377605375,58.782061159,-0.015524430,0.003384635
9.866666667,4.024734010,-0.126958113,-0.007298928,0.771889042,-0.003210933,0.013122898,119.373123206,0.417428050,60.489307854,58.883815352,-0.015572187,0.003391667
9.900000000,4.050488331,-0.127248014,-0.006859850,0.773451799,-0.003243005,0.013218671,119.583896501,0.420033276,60.599704551,58.984191950,-0.015619029,0.003398599
9.933333333,4.076294574,-0.127527981,-0.006417569,0.774997287,-0.003275267,0.013315075,119.791980689,0.422657447,60.708793127,59.083187562,-0.015664955,0.003405431
9.966666667,4.102152158,-0.127797889,-0.005972064,0.776525460,-0.003307721,0.013412118,119.997370200,0.425300836,60.816571324,59.180798877,-0.015709967,0.003412162
10.000000000,4.128060504,-0.128057612,-0.005523313,0.778036270,-0.003340367,0.013509806,120.200059629,0.427963722,60.923036972,59.277022657,-0.015754064,0.003418793
10.033333333,4.154019027,-0.128307023,-0.005071295,0.779529673,-0.003373208,0.013608147,120.400043732,0.430646383,61.028187987,59.371855746,-0.015797246,0.003425324
10.066666667,4.180027145,-0.128545995,-0.004615988,0.781005623,-0.003406243,0.013707149,120.597317430,0.433349100,61.132022369,59.465295061,-0.015839514,0.003431755
10.100000000,4.206084271,-0.128774401,-0.004157370,0.782464078,-0.003439474,0.013806818,120.791875805,0.436072158,61.234538206,59.557337599,-0.015880866,0.003438086
10.133333333,4.232189817,-0.128992114,-0.003695418,0.783904996,-0.003472903,0.013907163,120.983714103,0.438815842,61.335733670,59.647980433,-0.015921303,0.003444316
10.166666667,4.258343195,-0.129199007,-0.003230110,0.785328335,-0.003506529,0.014008190,121.172827734,0.441580440,61.435607021,59.737220714,-0.015960825,0.003450446
10.200000000,4.284543814,-0.129394952,-0.002761422,0.786734056,-0.003540354,0.014109908,121.359212271,0.444366243,61.534156603,59.825055668,-0.015999432,0.003456476
10.233333333,4.310791082,-0.129579820,-0.002289333,0.788122119,-0.003574380,0.014212324,121.542863448,0.447173544,61.631380847,59.911482601,-0.016037125,0.003462405
10.266666667,4.337084407,-0.129753485,-0.001813817,0.789492487,-0.003608607,0.014315444,121.723777167,0.450002638,61.727278271,59.996498895,-0.016073902,0.003468234
10.300000000,4.363423194,-0.129915817,-0.001334853,0.790845123,-0.003643036,0.014419278,121.901949489,0.452853822,61.821847480,60.080102009,-0.016109765,0.003473964
10.333333333,4.389806845,-0.130066688,-0.000852415,0.792179991,-0.003677669,0.014523833,122.077376643,0.455727397,61.915087163,60.162289480,-0.016144712,0.003479592
10.366666667,4.416234765,-0.130205970,-0.000366480,0.793497056,-0.003712506,0.014629117,122.250055019,0.458623666,62.006996097,60.243058921,-0.016178745,0.003485121
10.400000000,4.442706355,-0.130333533,0.000122977,0.794796285,-0.003747549,0.014735136,122.419981171,0.461542932,62.097573146,60.322408024,-0.016211862,0.003490549
10.433333333,4.469221015,-0.130449247,0.000615981,0.796077646,-0.003782798,0.014841900,122.587151818,0.464485503,62.186817261,60.400334557,-0.016244065,0.003495877
10.466666667,4.495778143,-0.130552985,0.001112556,0.797341106,-0.003818256,0.014949416,122.751563844,0.467451689,62.274727479,60.476836365,-0.016275353,0.003501105
10.500000000,4.522377138,-0.130644615,0.001612727,0.798586636,-0.003853922,0.015057692,122.913214295,0.470441803,62.361302923,60.551911372,-0.016305726,0.003506233
10.533333333,4.549017396,-0.130724009,0.002116521,0.799814207,-0.003889798,0.015166736,123.072100383,0.473456159,62.446542804,60.625557578,-0.016335184,0.003511260
10.566666667,4.575698313,-0.130791036,0.002623962,0.801023789,-0.003925884,0.015276556,123.228219483,0.476495074,62.530446422,60.697773061,-0.016363726,0.003516188
10.600000000,4.602419283,-0.130845567,0.003135077,0.802215356,-0.003962183,0.015387161,123.381569138,0.479558868,62.613013162,60.768555976,-0.016391354,0.003521014
10.633333333,4.629179699,-0.130887470,0.003649893,0.803388883,-0.003998696,0.015498557,123.532147050,0.482647864,62.694242495,60.837904556,-0.016418067,0.003525741
10.666666667,4.655978955,-0.130916616,0.004168435,0.804544343,-0.004035422,0.015610754,123.679951092,0.485762387,62.774133982,60.905817110,-0.016443865,0.003530368
10.700000000,4.682816441,-0.130932874,0.004690730,0.805681713,-0.004072364,0.015723760,123.824979297,0.488902764,62.852687271,60.972292027,-0.016468749,0.003534894
10.733333333,4.709691549,-0.130936112,0.005216806,0.806800971,-0.004109522,0.015837583,123.967229866,0.492069324,62.929902096,61.037327771,-0.016492717,0.003539320
10.766666667,4.736603666,-0.130926201,0.005746690,0.807902094,-0.004146898,0.015952231,124.106701164,0.495262403,63.005778279,61.100922885,-0.016515770,0.003543646
10.800000000,4.763552184,-0.130903008,0.006280409,0.808985061,-0.004184493,0.016067713,124.243391722,0.498482333,63.080315732,61.163075990,-0.016537908,0.003547871
10.833333333,4.790536488,-0.130866403,0.006817992,0.810049855,-0.004222307,0.016184038,124.377300234,0.501729454,63.153514451,61.223785783,-0.016559132,0.003551996
10.866666667,4.817555967,-0.130816253,0.007359467,0.811096455,-0.004260342,0.016301213,124.508425563,0.505004105,63.225374523,61.283051040,-0.016579440,0.003556021
10.900000000,4.844610006,-0.130752428,0.007904862,0.812124844,-0.004298599,0.016419247,124.636766736,0.508306631,63.295896121,61.340870615,-0.016598833,0.003559946
10.933333333,4.871697992,-0.130674796,0.008454206,0.813135006,-0.004337079,0.016538149,124.762322944,0.511637378,63.365079506,61.397243438,-0.016617312,0.003563771
10.966666667,4.898819309,-0.130583224,0.009007528,0.814126927,-0.004375783,0.016657928,124.885093548,0.514996693,63.432925029,61.452168518,-0.016634876,0.003567495
11.000000000,4.925973341,-0.130477581,0.009564858,0.815100591,-0.004414713,0.016778592,125.005078071,0.518384928,63.499433128,61.505644943,-0.016651524,0.003571119
11.033333333,4.953159472,-0.130357734,0.010126224,0.816055986,-0.004453869,0.016900150,125.122276204,0.521802438,63.564604328,61.557671876,-0.016667258,0.003574643
11.066666667,4.980377085,-0.130223551,0.010691658,0.816993100,-0.004493252,0.017022611,125.236687804,0.525249578,63.628439244,61.608248560,-0.016682077,0.003578067
11.100000000,5.007625562,-0.130074900,0.011261189,0.817911921,-0.004532864,0.017145983,125.348312895,0.528726708,63.690938578,61.657374317,-0.016695980,0.003581390
11.133333333,5.034904286,-0.129911647,0.011834848,0.818812441,-0.004572705,0.017270277,125.457151667,0.532234190,63.752103122,61.705048545,-0.016708969,0.003584613
11.166666667,5.062212637,-0.129733661,0.012412665,0.819694650,-0.004612777,0.017395500,125.563204475,0.535772389,63.811933755,61.751270720,-0.016721043,0.003587736
11.200000000,5.089549997,-0.129540809,0.012994673,0.820558541,-0.004653081,0.017521662,125.666471845,0.539341673,63.870431446,61.796040398,-0.016732202,0.003590759
11.233333333,5.116915745,-0.129332957,0.013580902,0.821404107,-0.004693618,0.017648772,125.766954465,0.542942410,63.927597252,61.839357212,-0.016742446,0.003593681
11.266666667,5.144309263,-0.129109973,0.014171383,0.822231343,-0.004734389,0.017776838,125.864653193,0.546574976,63.983432319,61.881220874,-0.016751775,0.003596503
11.300000000,5.171729930,-0.128871723,0.014766150,0.823040244,-0.004775395,0.017905872,125.959569055,0.550239744,64.037937880,61.921631174,-0.016760189,0.003599225
11.333333333,5.199177125,-0.128618074,0.015365234,0.823830808,-0.004816637,0.018035880,126.051703241,0.553937093,64.091115260,61.960587981,-0.016767688,0.003601847
11.366666667,5.226650227,-0.128348892,0.015968669,0.824603032,-0.004858116,0.018166874,126.141057111,0.557667404,64.142965870,61.998091241,-0.016774272,0.003604369
11.400000000,5.254148616,-0.128064045,0.016576486,0.825356915,-0.004899834,0.018298862,126.227632193,0.561431060,64.193491212,62.034140981,-0.016779942,0.003606790
11.433333333,5.281671669,-0.127763399,0.017188720,0.826092457,-0.004941791,0.018431854,126.311430182,0.565228449,64.242692877,62.068737305,-0.016784696,0.003609111
11.466666667,5.309218766,-0.127446820,0.017805404,0.826809659,-0.004983989,0.018565858,126.392452939,0.569059958,64.290572543,62.101880396,-0.016788535,0.003611332
11.500000000,5.336789285,-0.127114174,0.018426572,0.827508524,-0.005026428,0.018700886,126.470702496,0.572925981,64.337131980,62.133570516,-0.016791460,0.003613452
11.533333333,5.364382603,-0.126765328,0.019052258,0.828189055,-0.005069110,0.018836947,126.546181052,0.576826910,64.382373045,62.163808007,-0.016793469,0.003615472
11.566666667,5.391998099,-0.126400148,0.019682497,0.828851257,-0.005112036,0.018974049,126.618890974,0.580763143,64.426297685,62.192593289,-0.016794564,0.003617393
11.600000000,5.419635150,-0.126018499,0.020317323,0.829495134,-0.005155207,0.019112203,126.688834799,0.584735079,64.468907937,62.219926862,-0.016794743,0.003619212
11.633333333,5.447293136,-0.125620249,0.020956773,0.830120693,-0.005198624,0.019251419,126.756015230,0.588743122,64.510205927,62.245809304,-0.016794008,0.003620932
11.666666667,5.474971433,-0.125205262,0.021600881,0.830727943,-0.005242287,0.019391707,126.820435142,0.592787675,64.550193869,62.270241273,-0.016792358,0.003622551
11.700000000,5.502669420,-0.124773404,0.022249683,0.831316892,-0.005286199,0.019533076,126.882097577,0.596869146,64.588874070,62.293223507,-0.016789792,0.003624070
11.733333333,5.530386475,-0.124324542,0.022903216,0.831887551,-0.005330360,0.019675537,126.941005747,0.600987946,64.626248922,62.314756824,-0.016786312,0.003625489
11.766666667,5.558121976,-0.123858541,0.023561516,0.832439929,-0.005374771,0.019819099,126.997163031,0.605144486,64.662320911,62.334842120,-0.016781917,0.003626808
11.800000000,5.585875301,-0.123375267,0.024224620,0.832974040,-0.005419433,0.019963772,127.050572982,0.609339181,64.697092609,62.353480373,-0.016776607,0.003628026
11.833333333,5.613645830,-0.122874586,0.024892565,0.833489896,-0.005464348,0.020109567,127.101239318,0.613572451,64.730566680,62.370672638,-0.016770382,0.003629144
11.866666667,5.641432940,-0.122356362,0.025565389,0.833987512,-0.005509516,0.020256495,127.149165930,0.617844714,64.762745876,62.386420054,-0.016763242,0.003630162
11.900000000,5.669236011,-0.121820462,0.026243130,0.834466904,-0.005554938,0.020404564,127.194356877,0.622156393,64.793633040,62.400723837,-0.016755187,0.003631080
11.933333333,5.697054422,-0.121266752,0.026925825,0.834928088,-0.005600616,0.020553786,127.236816389,0.626507913,64.823231104,62.413585286,-0.016746217,0.003631898
11.966666667,5.724887553,-0.120695096,0.027613515,0.835371082,-0.005646550,0.020704170,127.276548867,0.630899701,64.851543090,62.425005777,-0.016736332,0.003632615
12.000000000,5.752734783,-0.120105360,0.028306236,0.835795904,-0.005692741,0.020855728,127.313558881,0.635332188,64.878572110,62.434986771,-0.016725533,0.003633232
12.033333333,5.780595493,-0.119497410,0.029004030,0.836202575,-0.005739191,0.021008470,127.347851172,0.639805805,64.904321365,62.443529807,-0.016713818,0.003633749
12.066666667,5.808469064,-0.118871111,0.029706935,0.836591116,-0.005785901,0.021162406,127.379430652,0.644320987,64.928794146,62.450636505,-0.016701188,0.003634165
12.100000000,5.836354877,-0.118226328,0.030414991,0.836961548,-0.005832871,0.021317547,127.408302404,0.648878170,64.951993836,62.456308568,-0.016687644,0.003634481
12.133333333,5.864252314,-0.117562927,0.031128238,0.837313896,-0.005880103,0.021473903,127.434471683,0.653477793,64.973923905,62.460547779,-0.016673184,0.003634697
12.166666667,5.892160756,-0.116880774,0.031846719,0.837648183,-0.005927597,0.021631485,127.457943915,0.658120297,64.994587913,62.463356002,-0.016657810,0.003634813
12.200000000,5.920079587,-0.116179733,0.032570472,0.837964435,-0.005975354,0.021790304,127.478724695,0.662806125,65.013989512,62.464735184,-0.016641520,0.003634829
12.233333333,5.948008190,-0.115459670,0.033299541,0.838262679,-0.006023376,0.021950371,127.496819794,0.667535723,65.032132441,62.464687353,-0.016624316,0.003634744
12.266666667,5.975945949,-0.114720450,0.034033966,0.838542942,-0.006071663,0.022111697,127.512235151,0.672309537,65.049020531,62.463214619,-0.016606196,0.003634559
12.300000000,6.003892248,-0.113961939,0.034773790,0.838805253,-0.006120217,0.022274292,127.524976879,0.677128017,65.064657703,62.460319176,-0.016587162,0.003634274
12.333333333,6.031846473,-0.113184002,0.035519055,0.839049643,-0.006169038,0.022438167,127.535051263,0.681991613,65.079047965,62.456003298,-0.016567213,0.003633889
12.366666667,6.059808010,-0.112386505,0.036269804,0.839276143,-0.006218128,0.022603333,127.542464761,0.686900780,65.092195418,62.450269343,-0.016546349,0.003633403
12.400000000,6.087776246,-0.111569313,0.037026081,0.839484784,-0.006267486,0.022769802,127.547224002,0.691855970,65.104104251,62.443119751,-0.016524570,0.003632817
12.433333333,6.115750567,-0.110732291,0.037787928,0.839675600,-0.006317115,0.022937584,127.549335790,0.696857641,65.114778743,62.434557047,-0.016501876,0.003632131
12.466666667,6.143730364,-0.109875305,0.038555391,0.839848625,-0.006367015,0.023106690,127.548807099,0.701906251,65.124223262,62.424583837,-0.016478267,0.003631345
12.500000000,6.171715024,-0.108998220,0.039328512,0.840003896,-0.006417186,0.023277132,127.545645080,0.707002258,65.132442268,62.413202812,-0.016453743,0.003630458
12.533333333,6.199703938,-0.108100902,0.040107338,0.840141449,-0.006467631,0.023448921,127.539857053,0.712146126,65.139440307,62.400416747,-0.016428304,0.003629471
12.566666667,6.227696497,-0.107183217,0.040891912,0.840261322,-0.006518349,0.023622068,127.531450516,0.717338314,65.145222016,62.386228500,-0.016401950,0.003628384
12.600000000,6.255692094,-0.106245030,0.041682281,0.840363554,-0.006569342,0.023796584,127.520433138,0.722579289,65.149792124,62.370641014,-0.016374681,0.003627197
12.633333333,6.283690120,-0.105286206,0.042478490,0.840448185,-0.006620610,0.023972481,127.506812761,0.727869514,65.153155446,62.353657316,-0.016346497,0.003625909
12.666666667,6.311689971,-0.104306612,0.043280586,0.840515256,-0.006672155,0.024149769,127.490597405,0.733209455,65.155316886,62.335280519,-0.016317399,0.003624522
12.700000000,6.339691041,-0.103306113,0.044088615,0.840564810,-0.006723976,0.024328461,127.471795261,0.738599581,65.156281441,62.315513820,-0.016287385,0.003623034
12.733333333,6.367692726,-0.102284574,0.044902624,0.840596891,-0.006776076,0.024508568,127.450414696,0.744040359,65.156054193,62.294360503,-0.016256457,0.003621446
12.766666667,6.395694425,-0.101241863,0.045722660,0.840611542,-0.006828454,0.024690101,127.426464251,0.749532259,65.154640316,62.271823935,-0.016224613,0.003619757
12.800000000,6.423695535,-0.100177844,0.046548772,0.840608811,-0.006881112,0.024873071,127.399952642,0.755075750,65.152045070,62.247907572,-0.016191855,0.003617968
12.833333333,6.451695455,-0.099092384,0.047381006,0.840588743,-0.006934050,0.025057490,127.370888762,0.760671302,65.148273807,62.222614954,-0.016158181,0.003616079
12.866666667,6.479693588,-0.097985348,0.048219413,0.840551388,-0.006987269,0.025243370,127.339281676,0.766319387,65.143331966,62.195949710,-0.016123593,0.003614090
12.900000000,6.507689335,-0.096856603,0.049064040,0.840496793,-0.007040769,0.025430722,127.305140628,0.772020475,65.137225075,62.167915554,-0.016088090,0.003612001
12.933333333,6.535682100,-0.095706015,0.049914936,0.840425011,-0.007094552,0.025619557,127.268475035,0.777775040,65.129958748,62.138516287,-0.016051671,0.003609811
12.966666667,6.563671287,-0.094533450,0.050772153,0.840336092,-0.007148619,0.025809888,127.229294492,0.783583552,65.121538692,62.107755800,-0.016014338,0.003607521
13.000000000,6.591656302,-0.093338774,0.051635739,0.840230089,-0.007202969,0.026001725,127.187608769,0.789446483,65.111970698,62.075638071,-0.015976090,0.003605131
13.033333333,6.619636554,-0.092121855,0.052505744,0.840107056,-0.007257604,0.026195081,127.143427813,0.795364305,65.101260648,62.042167165,-0.015936927,0.003602641
13.066666667,6.647611451,-0.090882558,0.053382221,0.839967047,-0.007312524,0.026389966,127.096761747,0.801337490,65.089414508,62.007347239,-0.015896849,0.003600050
13.100000000,6.675580404,-0.089620750,0.054265220,0.839810120,-0.007367729,0.026586393,127.047620871,0.807366508,65.076438336,61.971182535,-0.015855856,0.003597359
13.133333333,6.703542825,-0.088336298,0.055154792,0.839636331,-0.007423222,0.026784373,126.996015662,0.813451830,65.062338274,61.933677388,-0.015813948,0.003594568
13.166666667,6.731498126,-0.087029068,0.056050989,0.839445739,-0.007479001,0.026983918,126.941956775,0.819593926,65.047120553,61.894836222,-0.015771125,0.003591677
13.200000000,6.759445725,-0.085698928,0.056953864,0.839238403,-0.007535067,0.027185039,126.885455042,0.825793264,65.030791490,61.854663552,-0.015727387,0.003588685
13.233333333,6.787385036,-0.084345745,0.057863470,0.839014384,-0.007591422,0.027387748,126.826521471,0.832050312,65.013357490,61.813163981,-0.015682734,0.003585594
13.266666667,6.815315478,-0.082969386,0.058779860,0.838773744,-0.007648065,0.027592056,126.765167251,0.838365537,64.994825044,61.770342208,-0.015637167,0.003582402
13.300000000,6.843236472,-0.081569717,0.059703086,0.838516547,-0.007704998,0.027797975,126.701403746,0.844739404,64.975200727,61.726203019,-0.015590684,0.003579109
13.333333333,6.871147439,-0.080146607,0.060633204,0.838242856,-0.007762220,0.028005516,126.635242500,0.851172376,64.954491204,61.680751296,-0.015543287,0.003575717
13.366666667,6.899047803,-0.078699922,0.061570267,0.837952737,-0.007819732,0.028214692,126.566695236,0.857664915,64.932703223,61.633992012,-0.015494974,0.003572224
13.400000000,6.926936988,-0.077229531,0.062514330,0.837646256,-0.007877534,0.028425513,126.495773854,0.864217480,64.909843619,61.585930234,-0.015445746,0.003568631
13.433333333,6.954814422,-0.075735302,0.063465449,0.837323482,-0.007935628,0.028637991,126.422490433,0.870830529,64.885919311,61.536571122,-0.015395604,0.003564938
13.466666667,6.982679534,-0.074217101,0.064423677,0.836984482,-0.007994012,0.028852138,126.346857233,0.877504517,64.860937302,61.485919930,-0.015344547,0.003561145
13.500000000,7.010531754,-0.072674798,0.065389072,0.836629328,-0.008052688,0.029067964,126.268886691,0.884239895,64.834904682,61.433982009,-0.015292574,0.003557251
13.533333333,7.038370515,-0.071108260,0.066361689,0.836258089,-0.008111656,0.029285482,126.188591426,0.891037114,64.807828624,61.380762802,-0.015239687,0.003553257
13.566666667,7.066195251,-0.069517356,0.067341586,0.835870840,-0.008170915,0.029504701,126.105984234,0.897896619,64.779716385,61.326267850,-0.015185885,0.003549163
13.600000000,7.094005400,-0.067901954,0.068328818,0.835467653,-0.008230468,0.029725635,126.021078094,0.904818853,64.750575304,61.270502791,-0.015131168,0.003544968
13.633333333,7.121800400,-0.066261922,0.069323444,0.835048603,-0.008290312,0.029948294,125.933886163,0.911804256,64.720412804,61.213473358,-0.015075536,0.003540674
13.666666667,7.149579690,-0.064597130,0.070325520,0.834613766,-0.008350450,0.030172688,125.844421778,0.918853262,64.689236392,61.155185385,-0.015018989,0.003536279
13.700000000,7.177342715,-0.062907447,0.071335105,0.834163219,-0.008410880,0.030398830,125.752698458,0.925966302,64.657053656,61.095644801,-0.014961527,0.003531784
13.733333333,7.205088919,-0.061192742,0.072352258,0.833697040,-0.008471603,0.030626729,125.658729902,0.933143804,64.623872266,61.034857636,-0.014903150,0.003527189
13.766666667,7.232817748,-0.059452883,0.073377037,0.833215309,-0.008532619,0.030856398,125.562529991,0.940386188,64.589699972,60.972830018,-0.014843858,0.003522493
13.800000000,7.260528653,-0.057687741,0.074409502,0.832718106,-0.008593929,0.031087846,125.464112786,0.947693872,64.554544608,60.909568178,-0.014783651,0.003517697
13.833333333,7.288221083,-0.055897184,0.075449711,0.832205514,-0.008655531,0.031321085,125.363492529,0.955067266,64.518414084,60.845078445,-0.014722529,0.003512801
13.866666667,7.315894494,-0.054081084,0.076497725,0.831677615,-0.008717426,0.031556126,125.260683646,0.962506777,64.481316395,60.779367251,-0.014660492,0.003507805
13.900000000,7.343548340,-0.052239309,0.077553603,0.831134493,-0.008779615,0.031792977,125.155700742,0.970012805,64.443259611,60.712441131,-0.014597541,0.003502708
13.933333333,7.371182080,-0.050371730,0.078617407,0.830576234,-0.008842096,0.032031651,125.048558605,0.977585742,64.404251883,60.644306723,-0.014533674,0.003497512
13.966666667,7.398795175,-0.048478218,0.079689198,0.830002925,-0.008904870,0.032272158,124.939272207,0.985225975,64.364301439,60.574970768,-0.014468892,0.003492215
14.000000000,7.426387087,-0.046558642,0.080769036,0.829414652,-0.008967936,0.032514507,124.827856698,0.992933883,64.323416586,60.504440112,-0.014403196,0.003486817
14.033333333,7.453957282,-0.044612874,0.081856984,0.828811505,-0.009031295,0.032758709,124.714327416,1.000709840,64.281605708,60.432721708,-0.014336584,0.003481320
14.066666667,7.481505227,-0.042640785,0.082953102,0.828193575,-0.009094945,0.033004773,124.598699877,1.008554209,64.238877264,60.359822613,-0.014269058,0.003475722
14.100000000,7.509030393,-0.040642245,0.084057454,0.827560952,-0.009158887,0.033252710,124.480989782,1.016467347,64.195239789,60.285749993,-0.014200617,0.003470024
14.133333333,7.536532252,-0.038617127,0.085170102,0.826913728,-0.009223120,0.033502528,124.361213015,1.024449601,64.150701894,60.210511121,-0.014131260,0.003464226
14.166666667,7.564010280,-0.036565301,0.086291108,0.826251998,-0.009287644,0.033754238,124.239385645,1.032501310,64.105272265,60.134113380,-0.014060989,0.003458328
14.200000000,7.591463955,-0.034486640,0.087420537,0.825575857,-0.009352458,0.034007849,124.115523920,1.040622803,64.058959659,60.056564261,-0.013989803,0.003452329
14.233333333,7.618892758,-0.032381015,0.088558451,0.824885400,-0.009417562,0.034263369,123.989644276,1.048814401,64.011772908,59.977871368,-0.013917702,0.003446230
14.266666667,7.646296170,-0.030248299,0.089704915,0.824180725,-0.009482955,0.034520809,123.861763330,1.057076411,63.963720916,59.898042414,-0.013844686,0.003440031
14.300000000,7.673673680,-0.028088365,0.090859991,0.823461930,-0.009548637,0.034780175,123.731897885,1.065409132,63.914812658,59.817085227,-0.013770755,0.003433732
14.333333333,7.701024774,-0.025901084,0.092023746,0.822729115,-0.009614606,0.035041477,123.600064927,1.073812852,63.865057179,59.735007747,-0.013695909,0.003427332
14.366666667,7.728348945,-0.023686331,0.093196243,0.821982381,-0.009680863,0.035304724,123.466281625,1.082287847,63.814463594,59.651818031,-0.013620148,0.003420832
14.400000000,7.755645686,-0.021443977,0.094377548,0.821221830,-0.009747405,0.035569922,123.330565334,1.090834378,63.763041087,59.567524247,-0.013543472,0.003414232
14.433333333,7.782914494,-0.019173897,0.095567725,0.820447565,-0.009814233,0.035837081,123.192933595,1.099452699,63.710798910,59.482134684,-0.013465881,0.003407532
14.466666667,7.810154870,-0.016875964,0.096766841,0.819659691,-0.009881345,0.036106207,123.053404130,1.108143045,63.657746382,59.395657748,-0.013387375,0.003400731
14.500000000,7.837366316,-0.014550053,0.097974960,0.818858314,-0.009948741,0.036377307,122.911994848,1.116905641,63.603892886,59.308101961,-0.013307955,0.003393830
14.533333333,7.864548338,-0.012196036,0.099192148,0.818043539,-0.010016419,0.036650390,122.768723843,1.125740695,63.549247874,59.219475969,-0.013227619,0.003386829
14.566666667,7.891700444,-0.009813790,0.100418473,0.817215476,-0.010084378,0.036925461,122.623609393,1.134648404,63.493820858,59.129788535,-0.013146368,0.003379728
14.600000000,7.918822145,-0.007403188,0.101654000,0.816374235,-0.010152617,0.037202527,122.476669962,1.143628945,63.437621414,59.039048548,-0.013064203,0.003372527
14.633333333,7.945912957,-0.004964105,0.102898796,0.815519924,-0.010221135,0.037481595,122.327924200,1.152682483,63.380659182,58.947265018,-0.012981122,0.003365225
14.666666667,7.972972398,-0.002496417,0.104152927,0.814652657,-0.010289930,0.037762669,122.177390940,1.161809163,63.322943860,58.854447080,-0.012897127,0.003357823
14.700000000,7.999999987,0.000000001,0.105416461,0.813772545,-0.010359001,0.038045756,122.025028953,1.171028411,63.264492190,58.760536762,-0.012812217,0.003350321
14.733333333,8.026995259,0.002525272,0.106689466,0.812879625,-0.010428336,0.038330934,121.870964026,1.180307849,63.205304800,58.665659227,-0.012726947,0.003342744
14.766666667,8.053957719,0.005079522,0.107972010,0.811974167,-0.010497956,0.038618073,121.715239196,1.189647627,63.145403496,58.569835700,-0.012641862,0.003335120
14.800000000,8.080886908,0.007662874,0.109264159,0.811056209,-0.010567848,0.038907272,121.557741126,1.199090987,63.084814769,58.472926357,-0.012556964,0.003327448
14.833333333,8.107782361,0.010275451,0.110565983,0.810125866,-0.010638011,0.039198551,121.398546183,1.208617772,63.023538037,58.375008146,-0.012472255,0.003319728
14.866666667,8.134643613,0.012917377,0.111877551,0.809183252,-0.010708443,0.039491930,121.237671845,1.218228446,62.961582935,58.276088911,-0.012387734,0.003311961
14.900000000,8.161470205,0.015588773,0.113198934,0.808228482,-0.010779144,0.039787426,121.075135599,1.227923491,62.898959128,58.176176471,-0.012303401,0.003304146
14.933333333,8.188261679,0.018289763,0.114530202,0.807261672,-0.010850113,0.040085059,120.910954933,1.237703397,62.835676308,58.075278625,-0.012219256,0.003296283
14.966666667,8.215017582,0.021020468,0.115871428,0.806282935,-0.010921349,0.040384846,120.745147344,1.247568668,62.771744187,57.973403156,-0.012135299,0.003288372
15.000000000,8.241737461,0.023781012,0.117222682,0.805292387,-0.010992852,0.040686804,120.577730332,1.257519814,62.707172501,57.870557831,-0.012051530,0.003280414
15.033333333,8.268420870,0.026571514,0.118584038,0.804290142,-0.011064622,0.040990950,120.408721405,1.267557354,62.641970999,57.766750406,-0.011967950,0.003272408
15.066666667,8.295067363,0.029392097,0.119955568,0.803276316,-0.011136657,0.041297302,120.238138077,1.277681814,62.576149450,57.661988627,-0.011884557,0.003264353
15.100000000,8.321676499,0.032242882,0.121337348,0.802251024,-0.011208957,0.041605875,120.065997868,1.287893723,62.509717633,57.556280236,-0.011801352,0.003256252
15.133333333,8.348247839,0.035123990,0.122729451,0.801214380,-0.011281521,0.041916687,119.892318307,1.298193617,62.442685341,57.449632966,-0.011718336,0.003248102
15.166666667,8.374780948,0.038035540,0.124131951,0.800166498,-0.011354351,0.042229753,119.717116927,1.308582034,62.375062376,57.342054551,-0.011635507,0.003239905
15.200000000,8.401275393,0.040977654,0.125544925,0.799107496,-0.011427444,0.042545089,119.540411273,1.319059515,62.306858551,57.233552722,-0.011552867,0.003231659
15.233333333,8.427730744,0.043950450,0.126968448,0.798037486,-0.011500801,0.042862711,119.362218895,1.329626603,62.238083684,57.124135211,-0.011470415,0.003223367
15.266666667,8.454146575,0.046954049,0.128402597,0.796956584,-0.011574421,0.043182635,119.182557353,1.340283842,62.168747603,57.013809750,-0.011388151,0.003215026
15.300000000,8.480522464,0.049988570,0.129847449,0.795864906,-0.011648304,0.043504876,119.001444215,1.351031777,62.098860139,56.902584076,-0.011306075,0.003206637
15.333333333,8.506857989,0.053054131,0.131303080,0.794762566,-0.011722450,0.043829449,118.818897059,1.361870952,62.028431130,56.790465929,-0.011224187,0.003198201
15.366666667,8.533152734,0.056150851,0.132769570,0.793649680,-0.011796858,0.044156370,118.634933471,1.372801913,61.957470414,56.677463057,-0.011142487,0.003189717
15.400000000,8.559406284,0.059278849,0.134246997,0.792526362,-0.011871528,0.044485654,118.449571049,1.383825203,61.885987838,56.563583212,-0.011060975,0.003181185
15.433333333,8.585618228,0.062438242,0.135735439,0.791392729,-0.011946460,0.044817316,118.262827400,1.394941364,61.813993245,56.448834155,-0.010979651,0.003172606
15.466666667,8.611788158,0.065629149,0.137234977,0.790248894,-0.012021653,0.045151371,118.074720141,1.406150936,61.741496486,56.333223656,-0.010898515,0.003163978
15.500000000,8.637915669,0.068851686,0.138745690,0.789094974,-0.012097107,0.045487834,117.885266901,1.417454457,61.668507407,56.216759494,-0.010817568,0.003155303
15.533333333,8.664000358,0.072105971,0.140267658,0.787931084,-0.012172821,0.045826719,117.694485319,1.428852464,61.595035859,56.099449460,-0.010736808,0.003146580
15.566666667,8.690041827,0.075392120,0.141800964,0.786757339,-0.012248795,0.046168042,117.502393046,1.440345487,61.521091690,55.981301356,-0.010656237,0.003137809
15.600000000,8.716039679,0.078710249,0.143345687,0.785573854,-0.012325030,0.046511816,117.309007746,1.451934056,61.446684750,55.862322996,-0.010575853,0.003128991
15.633333333,8.741993522,0.082060475,0.144901911,0.784380746,-0.012401523,0.046858056,117.114347093,1.463618696,61.371824885,55.742522208,-0.010495658,0.003120124
15.666666667,8.767902964,0.085442914,0.146469718,0.783178129,-0.012478275,0.047206778,116.918428776,1.475399927,61.296521940,55.621906836,-0.010415651,0.003111210
15.700000000,8.793767619,0.088857680,0.148049189,0.781966120,-0.012555286,0.047557994,116.721270495,1.487278266,61.220785760,55.500484736,-0.010335832,0.003102249
15.733333333,8.819587103,0.092304889,0.149640410,0.780744834,-0.012632554,0.047911719,116.522889965,1.499254224,61.144626183,55.378263782,-0.010256201,0.003093239
15.766666667,8.845361033,0.095784656,0.151243464,0.779514386,-0.012710080,0.048267968,116.323304912,1.511328307,61.068053046,55.255251866,-0.010176758,0.003084182
15.800000000,8.871089033,0.099297095,0.152858435,0.778274894,-0.012787863,0.048626755,116.122533079,1.523501015,60.991076184,55.131456896,-0.010097503,0.003075076
15.833333333,8.896770725,0.102842319,0.154485408,0.777026471,-0.012865902,0.048988092,115.920592222,1.535772842,60.913705423,55.006886799,-0.010018436,0.003065923
15.866666667,8.922405738,0.106420444,0.156124469,0.775769235,-0.012944197,0.049351995,115.717500111,1.548144277,60.835950589,54.881549522,-0.009939557,0.003056723
15.900000000,8.947993702,0.110031581,0.157775702,0.774503302,-0.013022747,0.049718476,115.513274531,1.560615801,60.757821499,54.755453032,-0.009860867,0.003047474
15.933333333,8.973534251,0.113675845,0.159439194,0.773228787,-0.013101552,0.050087550,115.307933283,1.573187888,60.679327965,54.628605318,-0.009782364,0.003038178
15.966666667,8.999027020,0.117353348,0.161115033,0.771945807,-0.013180610,0.050459230,115.101494184,1.585861005,60.600479793,54.501014390,-0.009704050,0.003028834
16.000000000,9.024471650,0.121064202,0.162803304,0.770654478,-0.013259922,0.050833528,114.893975065,1.598635610,60.521286783,54.372688282,-0.009625923,0.003019442
16.033333333,9.049867781,0.124808519,0.164504095,0.769354916,-0.013339486,0.051210459,114.685393777,1.611512155,60.441758725,54.243635051,-0.009547985,0.003010002
16.066666667,9.075215058,0.128586411,0.166217495,0.768047238,-0.013419302,0.051590036,114.475768183,1.624491082,60.361905403,54.113862780,-0.009470235,0.003000515
16.100000000,9.100513131,0.132397989,0.167943592,0.766731561,-0.013499368,0.051972270,114.265116167,1.637572824,60.281736591,53.983379577,-0.009392673,0.002990980
16.133333333,9.125761648,0.136243364,0.169682474,0.765408000,-0.013579685,0.052357176,114.053455629,1.650757804,60.201262053,53.852193575,-0.009315299,0.002981397
16.166666667,9.150960265,0.140122647,0.171434232,0.764076673,-0.013660251,0.052744765,113.840804484,1.664046438,60.120491546,53.720312938,-0.009238113,0.002971766
16.200000000,9.176108637,0.144035948,0.173198953,0.762737696,-0.013741065,0.053135050,113.627180669,1.677439129,60.039434813,53.587745857,-0.009161115,0.002962087
16.233333333,9.201206423,0.147983377,0.174976729,0.761391187,-0.013822127,0.053528042,113.412602137,1.690936270,59.958101588,53.454500550,-0.009084305,0.002952361
16.266666667,9.226253286,0.151965044,0.176767651,0.760037262,-0.013903435,0.053923755,113.197086861,1.704538244,59.876501592,53.320585269,-0.009007683,0.002942587
16.300000000,9.251248891,0.155981057,0.178571808,0.758676038,-0.013984989,0.054322200,112.980652831,1.718245422,59.794644535,53.186008296,-0.008931249,0.002932765
16.333333333,9.276192904,0.160031525,0.180389292,0.757307633,-0.014066787,0.054723389,112.763318058,1.732058163,59.712540112,53.050777946,-0.008855004,0.002922896
16.366666667,9.301084998,0.164116557,0.182220195,0.755932163,-0.014148828,0.055127332,112.545100571,1.745976814,59.630198005,52.914902566,-0.008778946,0.002912978
16.400000000,9.325924846,0.168236261,0.184064608,0.754549747,-0.014231112,0.055534041,112.326018420,1.760001709,59.547627881,52.778390538,-0.008703077,0.002903013
16.433333333,9.350712123,0.172390745,0.185922625,0.753160502,-0.014313636,0.055943527,112.106089675,1.774133169,59.464839393,52.641250282,-0.008627396,0.002893000
16.466666667,9.375446509,0.176580115,0.187794338,0.751764545,-0.014396401,0.056355802,111.885332426,1.788371500,59.381842174,52.503490252,-0.008551902,0.002882939
16.500000000,9.400127686,0.180804479,0.189679840,0.750361994,-0.014479404,0.056770874,111.663764785,1.802716995,59.298645845,52.365118940,-0.008476597,0.002872831
16.533333333,9.424755338,0.185063944,0.191579224,0.748952967,-0.014562645,0.057188754,111.441404883,1.817169934,59.215260006,52.226144877,-0.008401480,0.002862674
16.566666667,9.449329153,0.189358616,0.193492585,0.747537582,-0.014646121,0.057609453,111.218270874,1.831730577,59.131694239,52.086576635,-0.008326551,0.002852470
16.600000000,9.473848820,0.193688600,0.195420015,0.746115957,-0.014729832,0.058032980,110.994380932,1.846399173,59.047958107,51.946422825,-0.008251810,0.002842218
16.633333333,9.498314034,0.198054002,0.197361611,0.744688210,-0.014813776,0.058459344,110.769753255,1.861175953,58.964061152,51.805692103,-0.008177257,0.002831919
16.666666667,9.522724490,0.202454927,0.199317466,0.743254460,-0.014897952,0.058888554,110.544406061,1.876061129,58.880012895,51.664393167,-0.008102892,0.002821571
16.700000000,9.547079885,0.206891480,0.201287675,0.741814825,-0.014982358,0.059320619,110.318357593,1.891054900,58.795822835,51.522534758,-0.008028716,0.002811176
16.733333333,9.571379923,0.211363765,0.203272335,0.740369424,-0.015066993,0.059755547,110.091626113,1.906157443,58.711500447,51.380125666,-0.007954727,0.002800733
16.766666667,9.595624306,0.215871885,0.205271539,0.738918375,-0.015151855,0.060193347,109.864229909,1.921368919,58.627055184,51.237174725,-0.007880927,0.002790242
16.800000000,9.619812741,0.220415946,0.207285385,0.737461797,-0.015236942,0.060634025,109.636187291,1.936689469,58.542496471,51.093690820,-0.007807314,0.002779704
16.833333333,9.643944938,0.224996049,0.209313968,0.735999810,-0.015322252,0.061077590,109.407516593,1.952119214,58.457833709,50.949682884,-0.007733890,0.002769117
16.866666667,9.668020608,0.229612297,0.211357384,0.734532532,-0.015407785,0.061524048,109.178236171,1.967658256,58.373076270,50.805159901,-0.007660653,0.002758483
16.900000000,9.692039468,0.234264793,0.213415731,0.733060083,-0.015493537,0.061973405,108.948364407,1.983306674,58.288233500,50.660130907,-0.007587605,0.002747801
16.933333333,9.716001234,0.238953639,0.215489105,0.731582582,-0.015579507,0.062425668,108.717919706,1.999064527,58.203314713,50.514604993,-0.007514745,0.002737072
16.966666667,9.739905627,0.243678937,0.217577602,0.730100149,-0.015665694,0.062880843,108.486920496,2.014931852,58.118329195,50.368591301,-0.007442073,0.002726294
17.000000000,9.763752370,0.248440787,0.219681320,0.728612904,-0.015752094,0.063338934,108.255385233,2.030908663,58.033286198,50.222099035,-0.007369589,0.002715469
17.033333333,9.787541189,0.253239290,0.221800357,0.727120965,-0.015838707,0.063799947,108.023332393,2.046994948,57.948194943,50.075137450,-0.007297293,0.002704596
17.066666667,9.811271811,0.258074546,0.223934809,0.725624454,-0.015925529,0.064263886,107.790780480,2.063190675,57.863064615,49.927715865,-0.007225185,0.002693675
17.100000000,9.834943968,0.262946657,0.226084775,0.724123491,-0.016012559,0.064730754,107.557748023,2.079495784,57.777904365,49.779843658,-0.007153266,0.002682707
17.133333333,9.858557394,0.267855720,0.228250352,0.722618195,-0.016099794,0.065200556,107.324253574,2.095910191,57.692723308,49.631530266,-0.007081534,0.002671690
17.166666667,9.882111826,0.272801836,0.230431637,0.721108688,-0.016187233,0.065673293,107.090315712,2.112433785,57.607530519,49.482785193,-0.007009990,0.002660626
17.200000000,9.905607001,0.277785103,0.232628729,0.719595090,-0.016274872,0.066148968,106.855953041,2.129066428,57.522335035,49.333618006,-0.006938635,0.002649514
17.233333333,9.929042663,0.282805619,0.234841726,0.718077521,-0.016362709,0.066627583,106.621184191,2.145807954,57.437145854,49.184038337,-0.006867467,0.002638355
17.266666667,9.952418554,0.287863483,0.237070726,0.716556103,-0.016450742,0.067109139,106.386027817,2.162658171,57.351971929,49.034055887,-0.006796488,0.002627147
17.300000000,9.975734423,0.292958791,0.239315826,0.715030957,-0.016538968,0.067593637,106.150502599,2.179616854,57.266822172,48.883680427,-0.006725697,0.002615892
17.333333333,9.998990018,0.298091642,0.241577125,0.713502204,-0.016627384,0.068081077,105.914627244,2.196683750,57.181705449,48.732921796,-0.006655094,0.002604589
17.366666667,10.022185093,0.303262131,0.243854721,0.711969966,-0.016715988,0.068571457,105.678420486,2.213858575,57.096630579,48.581789906,-0.006584679,0.002593238
17.400000000,10.045319401,0.308470355,0.246148712,0.710434364,-0.016804777,0.069064777,105.441901082,2.231141014,57.011606337,48.430294745,-0.006514452,0.002581840
17.433333333,10.068392700,0.313716409,0.248459196,0.708895520,-0.016893748,0.069561036,105.205087817,2.248530718,56.926641443,48.278446373,-0.006444413,0.002570393
17.466666667,10.091404751,0.319000390,0.250786270,0.707353556,-0.016982898,0.070060229,104.967999501,2.266027307,56.841744572,48.126254929,-0.006374562,0.002558899
17.500000000,10.114355316,0.324322392,0.253130033,0.705808593,-0.017072224,0.070562355,104.730654971,2.283630365,56.756924342,47.973730629,-0.006304899,0.002547357
17.533333333,10.137244159,0.329682509,0.255490582,0.704260756,-0.017161723,0.071067409,104.493073090,2.301339443,56.672189320,47.820883770,-0.006235424,0.002535768
17.566666667,10.160071050,0.335080837,0.257868014,0.702710165,-0.017251392,0.071575386,104.255272747,2.319154055,56.587548017,47.667724730,-0.006166138,0.002524130
17.600000000,10.182835757,0.340517467,0.260262428,0.701156943,-0.017341226,0.072086281,104.017272855,2.337073678,56.503008884,47.514263970,-0.006097039,0.002512445
17.633333333,10.205538055,0.345992495,0.262673920,0.699601214,-0.017431224,0.072600088,103.779092355,2.355097753,56.418580318,47.360512037,-0.006028129,0.002500712
17.666666667,10.228177718,0.351506012,0.265102586,0.698043101,-0.017521382,0.073116800,103.540750214,2.373225682,56.334270650,47.206479564,-0.005959407,0.002488931
17.700000000,10.250754525,0.357058111,0.267548525,0.696482725,-0.017611695,0.073636408,103.302265423,2.391456829,56.250088153,47.052177271,-0.005890872,0.002477103
17.733333333,10.273268255,0.362648884,0.270011832,0.694920212,-0.017702161,0.074158905,103.063657001,2.409790517,56.166041033,46.897615968,-0.005822526,0.002465226
17.766666667,10.295718693,0.368278423,0.272492603,0.693355684,-0.017792776,0.074684281,102.824943989,2.428226027,56.082137431,46.742806558,-0.005754368,0.002453302
17.800000000,10.318105624,0.373946818,0.274990935,0.691789265,-0.017883535,0.075212525,102.586145458,2.446762600,55.998385422,46.587760036,-0.005686398,0.002441330
17.833333333,10.340428835,0.379654161,0.277506922,0.690221079,-0.017974436,0.075743627,102.347280499,2.465399435,55.914793008,46.432487491,-0.005618616,0.002429311
17.866666667,10.362688118,0.385400540,0.280040659,0.688651250,-0.018065473,0.076277573,102.108368233,2.484135683,55.831368123,46.277000110,-0.005551022,0.002417243
17.900000000,10.384883266,0.391186047,0.282592242,0.687079903,-0.018156644,0.076814351,101.869427801,2.502970457,55.748118625,46.121309176,-0.005483616,0.002405128
17.933333333,10.407014075,0.397010771,0.285161764,0.685507161,-0.018247943,0.077353947,101.630478372,2.521902818,55.665052298,45.965426074,-0.005416399,0.002392965
17.966666667,10.429080341,0.402874800,0.287749319,0.683933149,-0.018339367,0.077896346,101.391539138,2.540931786,55.582176849,45.809362289,-0.005349369,0.002380754
18.000000000,10.451081867,0.408778222,0.290355001,0.682357993,-0.018430911,0.078441531,101.152629315,2.560056329,55.499499906,45.653129409,-0.005282528,0.002368496
18.033333333,10.473018455,0.414721126,0.292978901,0.680781817,-0.018522571,0.078989486,100.913768142,2.579275371,55.417029016,45.496739126,-0.005215874,0.002356189
18.066666667,10.494889911,0.420703600,0.295621112,0.679204746,-0.018614342,0.079540192,100.674974882,2.598587784,55.334771641,45.340203240,-0.005149409,0.002343835
18.100000000,10.516696043,0.426725729,0.298281725,0.677626906,-0.018706220,0.080093630,100.436268820,2.617992391,55.252735161,45.183533659,-0.005083131,0.002331433
18.133333333,10.538436661,0.432787601,0.300960831,0.676048422,-0.018798199,0.080649780,100.197669266,2.637487962,55.170926868,45.026742398,-0.005017042,0.002318983
18.166666667,10.560111579,0.438889303,0.303658520,0.674469419,-0.018890276,0.081208619,99.959195549,2.657073218,55.089353963,44.869841586,-0.004951141,0.002306486
18.200000000,10.581720611,0.445030918,0.306374881,0.672890025,-0.018982444,0.081770127,99.720867021,2.676746825,55.008023558,44.712843463,-0.004885428,0.002293941
18.233333333,10.603263576,0.451212534,0.309110003,0.671310364,-0.019074699,0.082334278,99.482703055,2.696507395,54.926942671,44.555760383,-0.004819903,0.002281348
18.266666667,10.624740294,0.457434234,0.311863973,0.669730563,-0.019167035,0.082901047,99.244723045,2.716353486,54.846118226,44.398604819,-0.004754566,0.002268707
18.300000000,10.646150588,0.463696103,0.314636879,0.668150749,-0.019259448,0.083470409,99.006946404,2.736283599,54.765557047,44.241389358,-0.004689417,0.002256018
18.333333333,10.667494282,0.469998224,0.317428806,0.666571047,-0.019351932,0.084042336,98.769392567,2.756296180,54.685265860,44.084126707,-0.004624457,0.002243282
18.366666667,10.688771204,0.476340681,0.320239839,0.664991585,-0.019444481,0.084616798,98.532080984,2.776389615,54.605251291,43.926829693,-0.004559684,0.002230498
18.400000000,10.709981185,0.482723557,0.323070062,0.663412490,-0.019537090,0.085193767,98.295031127,2.796562234,54.525519860,43.769511268,-0.004495099,0.002217666
18.433333333,10.731124056,0.489146934,0.325919558,0.661833889,-0.019629753,0.085773210,98.058262484,2.816812305,54.446077981,43.612184502,-0.004430703,0.002204786
18.466666667,10.752199652,0.495610894,0.328788410,0.660255908,-0.019722464,0.086355094,97.821794558,2.837138036,54.366931963,43.454862595,-0.004366494,0.002191859
18.500000000,10.773207810,0.502115518,0.331676698,0.658678676,-0.019815218,0.086939386,97.585646873,2.857537575,54.288088003,43.297558870,-0.004302474,0.002178883
18.533333333,10.794148370,0.508660887,0.334584501,0.657102319,-0.019908007,0.087526050,97.349838963,2.878009006,54.209552185,43.140286778,-0.004238642,0.002165860
18.566666667,10.815021174,0.515247083,0.337511899,0.655526967,-0.020000826,0.088115048,97.114390380,2.898550351,54.131330481,42.983059899,-0.004174998,0.002152790
18.600000000,10.835826065,0.521874184,0.340458968,0.653952746,-0.020093668,0.088706343,96.879320688,2.919159568,54.053428745,42.825891943,-0.004111542,0.002139671
18.633333333,10.856562891,0.528542270,0.343425784,0.652379784,-0.020186527,0.089299895,96.644649464,2.939834550,53.975852713,42.668796751,-0.004048274,0.002126505
18.666666667,10.877231499,0.535251421,0.346412422,0.650808210,-0.020279397,0.089895661,96.410396299,2.960573123,53.898608001,42.511788298,-0.003985194,0.002113290
18.700000000,10.897831743,0.542001714,0.349418954,0.649238153,-0.020372270,0.090493599,96.176580791,2.981373048,53.821700102,42.354880689,-0.003922302,0.002100029
18.733333333,10.918363474,0.548793228,0.352445453,0.647669740,-0.020465140,0.091093664,95.943222551,3.002232017,53.745134386,42.198088166,-0.003859598,0.002086719
18.766666667,10.938826549,0.555626041,0.355491988,0.646103100,-0.020557999,0.091695811,95.710341198,3.023147657,53.668916092,42.041425105,-0.003797082,0.002073361
18.800000000,10.959220826,0.562500229,0.358558629,0.644538362,-0.020650841,0.092299990,95.477956358,3.044117522,53.593050336,41.884906021,-0.003734755,0.002059956
18.833333333,10.979546166,0.569415869,0.361645442,0.642975656,-0.020743659,0.092906154,95.246087663,3.065139099,53.517542100,41.728545563,-0.003672615,0.002046503
18.866666667,10.999802431,0.576373036,0.364752492,0.641415109,-0.020836444,0.093514250,95.014754754,3.086209805,53.442396233,41.572358520,-0.003610664,0.002033002
18.900000000,11.019989486,0.583371808,0.367879843,0.639856851,-0.020929190,0.094124227,94.783977271,3.107326985,53.367617452,41.416359819,-0.003548900,0.002019454
18.933333333,11.040107200,0.590412257,0.371027557,0.638301012,-0.021021889,0.094736029,94.553774861,3.128487910,53.293210335,41.260564526,-0.003487325,0.002005857
18.966666667,11.060155441,0.597494460,0.374195693,0.636747720,-0.021114533,0.095349600,94.324167170,3.149689784,53.219179324,41.104987846,-0.003425938,0.001992213
19.000000000,11.080134082,0.604618490,0.377384310,0.635197106,-0.021207113,0.095964883,94.095173845,3.170929734,53.145528718,40.949645127,-0.003364739,0.001978521
19.033333333,11.100042997,0.611784421,0.380593464,0.633649298,-0.021299623,0.096581818,93.866814534,3.192204813,53.072262677,40.794551856,-0.003303728,0.001964781
19.066666667,11.119882062,0.618992325,0.383823208,0.632104427,-0.021392054,0.097200343,93.639108878,3.213512005,52.999385217,40.639723661,-0.003242905,0.001950994
19.100000000,11.139651156,0.626242276,0.387073595,0.630562622,-0.021484397,0.097820394,93.412076516,3.234848213,52.926900207,40.485176310,-0.003182270,0.001937159
19.133333333,11.159350161,0.633534345,0.390344674,0.629024013,-0.021576644,0.098441908,93.185737083,3.256210270,52.854811369,40.330925714,-0.003121823,0.001923276
19.166666667,11.178978959,0.640868603,0.393636493,0.627488730,-0.021668786,0.099064816,92.960110204,3.277594932,52.783122280,40.176987925,-0.003061564,0.001909345
19.200000000,11.198537436,0.648245122,0.396949098,0.625956903,-0.021760816,0.099689049,92.735215497,3.298998879,52.711836363,40.023379134,-0.003001494,0.001895366
19.233333333,11.218025479,0.655663972,0.400282531,0.624428663,-0.021852722,0.100314537,92.511072566,3.320418716,52.640956890,39.870115675,-0.002941611,0.001881340
19.266666667,11.237442979,0.663125224,0.403636833,0.622904138,-0.021944498,0.100941208,92.287701006,3.341850970,52.570486984,39.717214022,-0.002881917,0.001867266
19.300000000,11.256789828,0.670628945,0.407012042,0.621383460,-0.022036133,0.101568985,92.065120396,3.363292093,52.500429608,39.564690788,-0.002822410,0.001853144
19.333333333,11.276065920,0.678175207,0.410408194,0.619866759,-0.022127618,0.102197793,91.843350300,3.384738461,52.430787575,39.412562724,-0.002763092,0.001838974
19.366666667,11.295271151,0.685764075,0.413825322,0.618354164,-0.022218944,0.102827554,91.622410262,3.406186372,52.361563539,39.260846723,-0.002703962,0.001824756
19.400000000,11.314405421,0.693395620,0.417263456,0.616845806,-0.022310101,0.103458185,91.402319807,3.427632047,52.292759995,39.109559813,-0.002645020,0.001810491
19.433333333,11.333468631,0.701069907,0.420722624,0.615341816,-0.022401080,0.104089606,91.183098439,3.449071632,52.224379281,38.958719157,-0.002586266,0.001796178
19.466666667,11.352460683,0.708787004,0.424202850,0.613842323,-0.022491870,0.104721730,90.964765635,3.470501195,52.156423577,38.808342058,-0.002527700,0.001781817
19.500000000,11.371381482,0.716546977,0.427704158,0.612347459,-0.022582461,0.105354472,90.747340848,3.491916728,52.088894901,38.658445947,-0.002469322,0.001767409
19.533333333,11.390230937,0.724349892,0.431226565,0.610857352,-0.022672844,0.105987743,90.530843502,3.513314146,52.021795109,38.509048393,-0.002411132,0.001752952
19.566666667,11.409008957,0.732195814,0.434770088,0.609372134,-0.022763007,0.106621452,90.315292990,3.534689289,51.955125897,38.360167092,-0.002353130,0.001738448
19.600000000,11.427715454,0.740084807,0.438334740,0.607891934,-0.022852941,0.107255506,90.100708671,3.556037921,51.888888800,38.211819871,-0.002295316,0.001723896
19.633333333,11.446350341,0.748016936,0.441920531,0.606416882,-0.022942635,0.107889810,89.887109870,3.577355731,51.823085188,38.064024682,-0.002237691,0.001709296
19.666666667,11.464913534,0.755992264,0.445527468,0.604947110,-0.023032078,0.108524268,89.674515873,3.598638333,51.757716270,37.916799603,-0.002180253,0.001694649
19.700000000,11.483404953,0.764010854,0.449155554,0.603482746,-0.023121259,0.109158781,89.462945926,3.619881267,51.692783091,37.770162835,-0.002123004,0.001679954
19.733333333,11.501824516,0.772072769,0.452804789,0.602023920,-0.023210167,0.109793246,89.252419233,3.641079998,51.628286536,37.624132696,-0.002065943,0.001665210
19.766666667,11.520172147,0.780178071,0.456475170,0.600570763,-0.023298791,0.110427562,89.042954951,3.662229922,51.564227325,37.478727626,-0.002009069,0.001650420
19.800000000,11.538447771,0.788326821,0.460166691,0.599123404,-0.023387120,0.111061623,88.834572189,3.683326359,51.500606015,37.333966174,-0.001952384,0.001635581
19.833333333,11.556651313,0.796519080,0.463879340,0.597681973,-0.023475142,0.111695322,88.627290007,3.704364560,51.437423004,37.189867003,-0.001895887,0.001620695
19.866666667,11.574782702,0.804754908,0.467613105,0.596246598,-0.023562845,0.112328548,88.421127408,3.725339707,51.374678525,37.046448884,-0.001839578,0.001605760
19.900000000,11.592841870,0.813034365,0.471367966,0.594817410,-0.023650218,0.112961192,88.216103343,3.746246910,51.312372652,36.903730690,-0.001783457,0.001590778
19.933333333,11.610828749,0.821357510,0.475143904,0.593394538,-0.023737250,0.113593139,88.012236699,3.767081215,51.250505301,36.761731398,-0.001727524,0.001575749
19.966666667,11.628743274,0.829724403,0.478940893,0.591978109,-0.023823927,0.114224273,87.809546304,3.787837598,51.189076225,36.620470079,-0.001671779,0.001560671
20.000000000,11.646585382,0.838135100,0.482758904,0.590568254,-0.023910238,0.114854478,87.608050920,3.808510972,51.128085022,36.479965898,-0.001616223,0.001545546
20.033333333,11.664355013,0.846589659,0.486597904,0.589165100,-0.023996170,0.115483633,87.407769240,3.829096187,51.067531134,36.340238106,-0.001560854,0.001530373
20.066666667,11.682052107,0.855088138,0.490457855,0.587768776,-0.024081712,0.116111617,87.208719886,3.849588029,51.007413845,36.201306041,-0.001505674,0.001515152
20.100000000,11.699676608,0.863630593,0.494338718,0.586379410,-0.024166851,0.116738306,87.010921405,3.869981225,50.947732288,36.063189117,-0.001450681,0.001499883
20.133333333,11.717228460,0.872217080,0.498240446,0.584997130,-0.024251573,0.117363575,86.814392267,3.890270442,50.888485444,35.925906823,-0.001395877,0.001484567
20.166666667,11.734707612,0.880847653,0.502162990,0.583622062,-0.024335867,0.117987296,86.619150862,3.910450291,50.829672145,35.789478717,-0.001341261,0.001469203
20.200000000,11.752114013,0.889522368,0.506106296,0.582254335,-0.024419719,0.118609339,86.425215492,3.930515330,50.771291072,35.653924420,-0.001286832,0.001453791
20.233333333,11.769447614,0.898241279,0.510070307,0.580894075,-0.024503116,0.119229573,86.232604376,3.950460060,50.713340766,35.519263610,-0.001232592,0.001438331
20.266666667,11.786708367,0.907004439,0.514054959,0.579541409,-0.024586046,0.119847865,86.041335637,3.970278937,50.655819620,35.385516017,-0.001178540,0.001422823
20.300000000,11.803896230,0.915811901,0.518060186,0.578196462,-0.024668494,0.120464079,85.851427308,3.989966364,50.598725892,35.252701416,-0.001124676,0.001407268
20.333333333,11.821011158,0.924663718,0.522085916,0.576859361,-0.024750449,0.121078079,85.662897321,4.009516700,50.542057698,35.120839622,-0.001071000,0.001391665
20.366666667,11.838053111,0.933559941,0.526132073,0.575530231,-0.024831895,0.121689726,85.475763506,4.028924261,50.485813023,34.989950483,-0.001017512,0.001376014
20.400000000,11.855022052,0.942500623,0.530198576,0.574209197,-0.024912820,0.122298879,85.290043590,4.048183321,50.429989720,34.860053870,-0.000964213,0.001360316
20.433333333,11.871917942,0.951485812,0.534285340,0.572896383,-0.024993210,0.122905396,85.105755189,4.067288118,50.374585514,34.731169675,-0.000911101,0.001344569
20.466666667,11.888740747,0.960515561,0.538392274,0.571591914,-0.025073051,0.123509134,84.922915808,4.086232853,50.319598006,34.603317802,-0.000858178,0.001328775
20.500000000,11.905490435,0.969589917,0.542519284,0.570295913,-0.025152330,0.124109946,84.741542834,4.105011695,50.265024676,34.476518157,-0.000805442,0.001312933
20.533333333,11.922166974,0.978708930,0.546666269,0.569008504,-0.025231032,0.124707686,84.561653533,4.123618784,50.210862890,34.350790644,-0.000752895,0.001297043
20.566666667,11.938770336,0.987872649,0.550833125,0.567729808,-0.025309143,0.125302205,84.383265051,4.142048234,50.157109898,34.226155153,-0.000700535,0.001281106
20.600000000,11.955300494,0.997081120,0.555019741,0.566459948,-0.025386650,0.125893354,84.206394401,4.160294135,50.103762845,34.102631556,-0.000648364,0.001265120
20.633333333,11.971757422,1.006334392,0.559226003,0.565199045,-0.025463537,0.126480980,84.031058468,4.178350559,50.050818772,33.980239697,-0.000596381,0.001249087
20.666666667,11.988141099,1.015632511,0.563451791,0.563947220,-0.025539792,0.127064931,83.857273999,4.196211562,49.998274618,33.858999381,-0.000544586,0.001233006
20.700000000,12.004451502,1.024975522,0.567696980,0.562704594,-0.025615399,0.127645052,83.685057602,4.213871184,49.946127232,33.738930370,-0.000492979,0.001216878
20.733333333,12.020688612,1.034363472,0.571961439,0.561471285,-0.025690345,0.128221190,83.514425740,4.231323460,49.894373371,33.620052369,-0.000441560,0.001200701
20.766666667,12.036852413,1.043796404,0.576245033,0.560247413,-0.025764614,0.128793186,83.345394731,4.248562419,49.843009709,33.502385022,-0.000390329,0.001184477
20.800000000,12.052942889,1.053274363,0.580547621,0.559033097,-0.025838192,0.129360884,83.177980739,4.265582085,49.792032841,33.385947898,-0.000339286,0.001168205
20.833333333,12.068960025,1.062797393,0.584869058,0.557828453,-0.025911065,0.129924125,83.012199771,4.282376490,49.741439289,33.270760482,-0.000288432,0.001151885
20.866666667,12.084903812,1.072365536,0.589209192,0.556633598,-0.025983218,0.130482750,82.848067677,4.298939667,49.691225506,33.156842171,-0.000237765,0.001135518
20.900000000,12.100774238,1.081978836,0.593567867,0.555448649,-0.026054636,0.131036598,82.685600139,4.315265664,49.641387885,33.044212255,-0.000187287,0.001119102
20.933333333,12.116571296,1.091637333,0.597944921,0.554273720,-0.026125305,0.131585507,82.524812674,4.331348540,49.591922760,32.932889913,-0.000136996,0.001102639
20.966666667,12.132294980,1.101341069,0.602340186,0.553108926,-0.026195210,0.132129317,82.365720624,4.347182376,49.542826419,32.822894205,-0.000086894,0.001086128
21.000000000,12.147945286,1.111090084,0.606753490,0.551954381,-0.026264337,0.132667865,82.208339155,4.362761273,49.494095103,32.714244052,-0.000036980,0.001069570
21.033333333,12.163522212,1.120884418,0.611184654,0.550810196,-0.026332670,0.133200988,82.052683253,4.378079363,49.445725017,32.606958236,0.000012747,0.001052963
21.066666667,12.179025756,1.130724111,0.615633496,0.549676484,-0.026400195,0.133728522,81.898767717,4.393130807,49.397712332,32.501055384,0.000062285,0.001036309
21.100000000,12.194455921,1.140609202,0.620099825,0.548553356,-0.026466898,0.134250303,81.746607157,4.407909803,49.350053199,32.396553958,0.000111635,0.001019607
21.133333333,12.209812710,1.150539727,0.624583448,0.547440922,-0.026532763,0.134766169,81.596215991,4.422410591,49.302743748,32.293472243,0.000160797,0.001002857
21.166666667,12.225096128,1.160515726,0.629084165,0.546339289,-0.026597775,0.135275954,81.447608437,4.436627457,49.255780097,32.191828340,0.000209771,0.000986060
21.200000000,12.240306181,1.170537234,0.633601769,0.545248567,-0.026661921,0.135779494,81.300798512,4.450554734,49.209158360,32.091640152,0.000258556,0.000969214
21.233333333,12.255442878,1.180604288,0.638136051,0.544168861,-0.026725185,0.136276626,81.155800027,4.464186814,49.162874656,31.992925371,0.000307154,0.000952321
21.266666667,12.270506231,1.190716923,0.642686794,0.543100278,-0.026787553,0.136767185,81.012626581,4.477518145,49.116925109,31.895701473,0.000355564,0.000935380
21.300000000,12.285496250,1.200875175,0.647253776,0.542042922,-0.026849010,0.137251008,80.871291561,4.490543242,49.071305862,31.799985700,0.000403785,0.000918392
21.333333333,12.300412950,1.211079077,0.651836770,0.540996896,-0.026909541,0.137727931,80.731808132,4.503256687,49.026013079,31.705795053,0.000451819,0.000901355
21.366666667,12.315256347,1.221328664,0.656435543,0.539962304,-0.026969133,0.138197791,80.594189239,4.515653135,48.981042957,31.613146282,0.000499664,0.000884271
21.400000000,12.330026459,1.231623968,0.661049856,0.538939245,-0.027027771,0.138660427,80.458447597,4.527727323,48.936391728,31.522055870,0.000547321,0.000867139
21.433333333,12.344723305,1.241965022,0.665679467,0.537927820,-0.027085439,0.139115677,80.324595692,4.539474068,48.892055668,31.432540024,0.000594791,0.000849959
21.466666667,12.359346906,1.252351858,0.670324127,0.536928127,-0.027142125,0.139563380,80.192645773,4.550888275,48.848031108,31.344614666,0.000642072,0.000832732
21.500000000,12.373897285,1.262784507,0.674983581,0.535940264,-0.027197814,0.140003376,80.062609852,4.561964943,48.804314432,31.258295420,0.000689165,0.000815456
21.533333333,12.388374467,1.273262999,0.679657570,0.534964326,-0.027252491,0.140435507,79.934499694,4.572699169,48.760902095,31.173597600,0.000736070,0.000798133
21.566666667,12.402778477,1.283787364,0.684345829,0.534000408,-0.027306143,0.140859616,79.808326821,4.583086149,48.717790620,31.090536201,0.000782787,0.000780762
21.600000000,12.417109345,1.294357632,0.689048087,0.533048604,-0.027358756,0.141275545,79.684102500,4.593121188,48.674976611,31.009125888,0.000829315,0.000763344
21.633333333,12.431367100,1.304973831,0.693764071,0.532109006,-0.027410315,0.141683141,79.561837745,4.602799702,48.632456761,30.929380984,0.000875656,0.000745877
21.666666667,12.445551773,1.315635989,0.698493498,0.531181703,-0.027460809,0.142082250,79.441543309,4.612117222,48.590227850,30.851315459,0.000921809,0.000728363
21.700000000,12.459663399,1.326344134,0.703236085,0.530266784,-0.027510222,0.142472720,79.323229686,4.621069399,48.548286764,30.774942921,0.000967773,0.000710801
21.733333333,12.473702011,1.337098291,0.707991540,0.529364338,-0.027558541,0.142854402,79.206907098,4.629652010,48.506630492,30.700276607,0.001013550,0.000693191
21.766666667,12.487667647,1.347898487,0.712759568,0.528474450,-0.027605754,0.143227148,79.092585503,4.637860959,48.465256134,30.627329368,0.001059138,0.000675534
21.800000000,12.501560344,1.358744748,0.717539869,0.527597204,-0.027651847,0.143590812,78.980274579,4.645692285,48.424160914,30.556113665,0.001104539,0.000657828
21.833333333,12.515380144,1.369637098,0.722332137,0.526732683,-0.027696807,0.143945251,78.869983732,4.653142162,48.383342177,30.486641555,0.001149751,0.000640075
21.866666667,12.529127088,1.380575561,0.727136064,0.525880968,-0.027740621,0.144290323,78.761722085,4.660206907,48.342797401,30.418924684,0.001194775,0.000622274
21.900000000,12.542801219,1.391560160,0.731951333,0.525042140,-0.027783278,0.144625889,78.655498475,4.666882981,48.302524201,30.352974274,0.001239611,0.000604426
21.933333333,12.556402582,1.402590918,0.736777626,0.524216274,-0.027824764,0.144951812,78.551321454,4.673166996,48.262520335,30.288801119,0.001284259,0.000586529
21.966666667,12.569931224,1.413667858,0.741614620,0.523403448,-0.027865067,0.145267960,78.449199284,4.679055714,48.222783708,30.226415576,0.001328719,0.000568585
22.000000000,12.583387193,1.424791000,0.746461986,0.522603737,-0.027904176,0.145574200,78.349139930,4.684546056,48.183312380,30.165827549,0.001372991,0.000550593
22.033333333,12.596770540,1.435960366,0.751319391,0.521817212,-0.027942079,0.145870405,78.251151062,4.689635100,48.144104569,30.107046492,0.001417075,0.000532553
22.066666667,12.610081316,1.447175975,0.756186501,0.521043944,-0.027978764,0.146156449,78.155240050,4.694320088,48.105158656,30.050081393,0.001460970,0.000514465
22.100000000,12.623319574,1.458437847,0.761062972,0.520284003,-0.028014219,0.146432210,78.061413961,4.698598429,48.066473191,29.994940770,0.001504678,0.000496330
22.133333333,12.636485370,1.469746000,0.765948462,0.519537455,-0.028048435,0.146697571,77.969679556,4.702467700,48.028046893,29.941632662,0.001548197,0.000478147
22.166666667,12.649578759,1.481100453,0.770842620,0.518804366,-0.028081400,0.146952414,77.880043288,4.705925650,47.989878663,29.890164626,0.001591529,0.000459916
22.200000000,12.662599801,1.492501223,0.775745095,0.518084800,-0.028113103,0.147196628,77.792511300,4.708970201,47.951967575,29.840543725,0.001634672,0.000441637
22.233333333,12.675548554,1.503948326,0.780655531,0.517378817,-0.028143534,0.147430105,77.707089421,4.711599455,47.914312893,29.792776528,0.001677627,0.000423311
22.266666667,12.688425080,1.515441779,0.785573568,0.516686477,-0.028172683,0.147652739,77.623783162,4.713811691,47.876914063,29.746869099,0.001720395,0.000404937
22.300000000,12.701229443,1.526981597,0.790498843,0.516007839,-0.028200541,0.147864430,77.542597720,4.715605369,47.839770723,29.702826997,0.001762974,0.000386515
22.333333333,12.713961706,1.538567795,0.795430989,0.515342956,-0.028227098,0.148065080,77.463537970,4.716979133,47.802882702,29.660655268,0.001805365,0.000368045
22.366666667,12.726621935,1.550200386,0.800369636,0.514691884,-0.028252345,0.148254597,77.386608463,4.717931812,47.766250023,29.620358440,0.001847568,0.000349527
22.400000000,12.739210199,1.561879384,0.805314413,0.514054673,-0.028276272,0.148432890,77.311813429,4.718462420,47.729872908,29.581940522,0.001889583,0.000330962
22.433333333,12.751726566,1.573604802,0.810264944,0.513431373,-0.028298872,0.148599874,77.239156771,4.718570161,47.693751772,29.545404999,0.001931409,0.000312349
22.466666667,12.764171107,1.585376651,0.815220850,0.512822031,-0.028320136,0.148755470,77.168642063,4.718254425,47.657887234,29.510754829,0.001973048,0.000293688
22.500000000,12.776543895,1.597194942,0.820181750,0.512226692,-0.028340056,0.148899600,77.100272552,4.717514794,47.622280111,29.477992441,0.002014499,0.000274979
22.533333333,12.788845003,1.609059687,0.825147261,0.511645400,-0.028358625,0.149032192,77.034051152,4.716351038,47.586931419,29.447119733,0.002055761,0.000256223
22.566666667,12.801074507,1.620970895,0.830116998,0.511078195,-0.028375835,0.149153179,76.969980449,4.714763120,47.551842378,29.418138071,0.002096836,0.000237418
22.600000000,12.813232483,1.632928575,0.835090571,0.510525116,-0.028391679,0.149262496,76.908062691,4.712751192,47.517014407,29.391048285,0.002137722,0.000218566
22.633333333,12.825319011,1.644932735,0.840067593,0.509986201,-0.028406151,0.149360086,76.848299797,4.710315598,47.482449125,29.365850672,0.002178421,0.000199666
22.666666667,12.837334169,1.656983384,0.845047669,0.509461482,-0.028419245,0.149445895,76.790693347,4.707456873,47.448148352,29.342544996,0.002218931,0.000180719
22.700000000,12.849278040,1.669080528,0.850030408,0.508950993,-0.028430954,0.149519873,76.735244588,4.704175742,47.414114105,29.321130483,0.002259253,0.000161723
22.733333333,12.861150707,1.681224174,0.855015414,0.508454764,-0.028441272,0.149581976,76.681954430,4.700473119,47.380348598,29.301605831,0.002299387,0.000142680
22.766666667,12.872952253,1.693414327,0.860002290,0.507972821,-0.028450196,0.149632164,76.630823444,4.696350110,47.346854242,29.283969202,0.002339333,0.000123589
22.800000000,12.884682764,1.705650993,0.864990639,0.507505191,-0.028457720,0.149670402,76.581851867,4.691808006,47.313633637,29.268218230,0.002379091,0.000104451
22.833333333,12.896342329,1.717934175,0.869980061,0.507051897,-0.028463839,0.149696661,76.535039598,4.686848285,47.280689577,29.254350021,0.002418661,0.000085264
22.866666667,12.907931036,1.730263877,0.874970158,0.506612960,-0.028468549,0.149710914,76.490386196,4.681472611,47.248025042,29.242361154,0.002458042,0.000066030
22.900000000,12.919448974,1.742640102,0.879960528,0.506188398,-0.028471847,0.149713143,76.447890886,4.675682831,47.215643196,29.232247691,0.002497236,0.000046748
22.933333333,12.930896237,1.755062852,0.884950770,0.505778227,-0.028473730,0.149703332,76.407552555,4.669480975,47.183547383,29.224005171,0.002536242,0.000027418
22.966666667,12.942272917,1.767532128,0.889940484,0.505382462,-0.028474193,0.149681471,76.369369750,4.662869251,47.151741127,29.217628623,0.002575059,0.000008040
23.000000000,12.953579109,1.780047931,0.894929266,0.505001115,-0.028473236,0.149647555,76.333340686,4.655850045,47.120228122,29.213112564,0.002613689,-0.000011385
23.033333333,12.964814908,1.792610261,0.899916716,0.504634194,-0.028470855,0.149601584,76.299463241,4.648425918,47.089012231,29.210451009,0.002652130,-0.000030858
23.066666667,12.975980413,1.805219117,0.904902432,0.504281707,-0.028467048,0.149543562,76.267734955,4.640599602,47.058097482,29.209637474,0.002690383,-0.000050379
23.100000000,12.987075723,1.817874497,0.909886011,0.503943658,-0.028461816,0.149473499,76.238153039,4.632374001,47.027488059,29.210664980,0.002728448,-0.000069948
23.133333333,12.998100937,1.830576400,0.914867054,0.503620051,-0.028455155,0.149391411,76.210714367,4.623752182,46.997188303,29.213526064,0.002766325,-0.000089564
23.166666667,13.009056157,1.843324822,0.919845158,0.503310883,-0.028447066,0.149297317,76.185415483,4.614737379,46.967202701,29.218212782,0.002804014,-0.000109229
23.200000000,13.019941488,1.856119760,0.924819926,0.503016155,-0.028437549,0.149191242,76.162252601,4.605332982,46.937535881,29.224716720,0.002841515,-0.000128941
23.233333333,13.030757032,1.868961210,0.929790957,0.502735860,-0.028426603,0.149073216,76.141221603,4.595542540,46.908192610,29.233028993,0.002878828,-0.000148700
23.266666667,13.041502896,1.881849165,0.934757854,0.502469992,-0.028414229,0.148943273,76.122318048,4.585369754,46.879177783,29.243140266,0.002915953,-0.000168508
23.300000000,13.052179188,1.894783621,0.939720220,0.502218541,-0.028400429,0.148801453,76.105537166,4.574818474,46.850496418,29.255040748,0.002952890,-0.000188363
23.333333333,13.062786016,1.907764571,0.944677661,0.501981496,-0.028385203,0.148647801,76.090873864,4.563892695,46.822153653,29.268720211,0.002989638,-0.000208267
23.366666667,13.073323490,1.920792006,0.949629782,0.501758843,-0.028368553,0.148482365,76.078322727,4.552596551,46.794154732,29.284167996,0.003026199,-0.000228218
23.400000000,13.083791722,1.933865920,0.954576191,0.501550565,-0.028350482,0.148305199,76.067878022,4.540934317,46.766505004,29.301373017,0.003062571,-0.000248216
23.433333333,13.094190824,1.946986304,0.959516500,0.501356644,-0.028330991,0.148116363,76.059533695,4.528910396,46.739209916,29.320323779,0.003098756,-0.000268263
23.466666667,13.104520910,1.960153147,0.964450319,0.501177059,-0.028310084,0.147915918,76.053283380,4.516529321,46.712275000,29.341008380,0.003134752,-0.000288357
23.500000000,13.114782096,1.973366440,0.969377263,0.501011786,-0.028287763,0.147703934,76.049120398,4.503795750,46.685705871,29.363414527,0.003170560,-0.000308499
23.533333333,13.124974499,1.986626172,0.974296948,0.500860800,-0.028264034,0.147480482,76.047037758,4.490714456,46.659508218,29.387529540,0.003206180,-0.000328689
23.566666667,13.135098236,1.999932330,0.979208994,0.500724073,-0.028238899,0.147245638,76.047028164,4.477290331,46.633687796,29.413340367,0.003241612,-0.000348927
23.600000000,13.145153428,2.013284903,0.984113021,0.500601575,-0.028212363,0.146999485,76.049084014,4.463528374,46.608250418,29.440833596,0.003276856,-0.000369212
23.633333333,13.155140194,2.026683876,0.989008656,0.500493274,-0.028184431,0.146742106,76.053197405,4.449433687,46.583201948,29.469995457,0.003311912,-0.000389545
23.666666667,13.165058657,2.040129236,0.993895524,0.500399134,-0.028155108,0.146473593,76.059360137,4.435011476,46.558548292,29.500811845,0.003346780,-0.000409926
23.700000000,13.174908940,2.053620968,0.998773256,0.500319119,-0.028124399,0.146194037,76.067563714,4.420267039,46.534295393,29.533268321,0.003381460,-0.000430355
23.733333333,13.184691168,2.067159056,1.003641486,0.500253189,-0.028092311,0.145903538,76.077799347,4.405205764,46.510449220,29.567350127,0.003415951,-0.000450831
23.766666667,13.194405467,2.080743485,1.008499850,0.500201304,-0.028058849,0.145602195,76.090057959,4.389833126,46.487015760,29.603042199,0.003450255,-0.000471356
23.800000000,13.204051963,2.094374237,1.013347990,0.500163421,-0.028024021,0.145290115,76.104330190,4.374154678,46.464001013,29.640329177,0.003484370,-0.000491928
23.833333333,13.213630785,2.108051294,1.018185548,0.500139492,-0.027987832,0.144967407,76.120606396,4.358176048,46.441410983,29.679195413,0.003518298,-0.000512548
23.866666667,13.223142064,2.121774637,1.023012173,0.500129471,-0.027950291,0.144634183,76.138876657,4.341902937,46.419251669,29.719624988,0.003552037,-0.000533215
23.900000000,13.232585929,2.135544248,1.027827515,0.500133308,-0.027911405,0.144290559,76.159130778,4.325341107,46.397529056,29.761601722,0.003585588,-0.000553931
23.933333333,13.241962513,2.149360106,1.032631231,0.500150949,-0.027871182,0.143936655,76.181358296,4.308496382,46.376249113,29.805109183,0.003618951,-0.000574694
23.966666667,13.251271949,2.163222190,1.037422979,0.500182343,-0.027829631,0.143572593,76.205548479,4.291374641,46.355417780,29.850130700,0.003652126,-0.000595505
24.000000000,13.260514373,2.177130479,1.042202423,0.500227431,-0.027786759,0.143198499,76.231690336,4.273981812,46.335040960,29.896649376,0.003685113,-0.000616364
24.033333333,13.269689919,2.191084949,1.046969232,0.500286157,-0.027742575,0.142814503,76.259772615,4.256323869,46.315124517,29.944648098,0.003717912,-0.000637270
24.066666667,13.278798725,2.205085579,1.051723076,0.500358459,-0.027697090,0.142420736,76.289783814,4.238406825,46.295674264,29.994109550,0.003750523,-0.000658224
24.100000000,13.287840930,2.219132344,1.056463632,0.500444275,-0.027650312,0.142017333,76.321712178,4.220236731,46.276695956,30.045016222,0.003782946,-0.000679226
24.133333333,13.296816672,2.233225218,1.061190582,0.500543542,-0.027602251,0.141604431,76.355545709,4.201819664,46.258195285,30.097350423,0.003815181,-0.000700276
24.166666667,13.305726093,2.247364178,1.065903612,0.500656192,-0.027552917,0.141182171,76.391272167,4.183161731,46.240177874,30.151094293,0.003847227,-0.000721374
24.200000000,13.314569334,2.261549195,1.070602411,0.500782159,-0.027502321,0.140750694,76.428879076,4.164269057,46.222649264,30.206229813,0.003879086,-0.000742519
24.233333333,13.323346539,2.275780244,1.075286675,0.500921372,-0.027450473,0.140310145,76.468353730,4.145147786,46.205614915,30.262738815,0.003910756,-0.000763713
24.266666667,13.332057852,2.290057296,1.079956104,0.501073759,-0.027397385,0.139860672,76.509683194,4.125804071,46.189080195,30.320602998,0.003942238,-0.000784954
24.300000000,13.340703418,2.304380322,1.084610403,0.501239247,-0.027343066,0.139402423,76.552854309,4.106244075,46.173050377,30.379803933,0.003973533,-0.000806242
24.333333333,13.349283383,2.318749294,1.089249282,0.501417760,-0.027287529,0.138935549,76.597853702,4.086473963,46.157530626,30.440323075,0.004004639,-0.000827579
24.366666667,13.357797896,2.333164180,1.093872456,0.501609221,-0.027230786,0.138460203,76.644667782,4.066499899,46.142526004,30.502141778,0.004035557,-0.000848963
24.400000000,13.366247105,2.347624950,1.098479646,0.501813552,-0.027172847,0.137976540,76.693282753,4.046328040,46.128041454,30.565241299,0.004066287,-0.000870395
24.433333333,13.374631161,2.362131573,1.103070575,0.502030671,-0.027113726,0.137484716,76.743684614,4.025964536,46.114081800,30.629602814,0.004096829,-0.000891875
24.466666667,13.382950215,2.376684014,1.107644976,0.502260496,-0.027053434,0.136984887,76.795859164,4.005415522,46.100651740,30.695207424,0.004127183,-0.000913403
24.500000000,13.391204418,2.391282242,1.112202584,0.502502944,-0.026991985,0.136477214,76.849792010,3.984687116,46.087755844,30.762036166,0.004157349,-0.000934978
24.533333333,13.399393925,2.405926221,1.116743141,0.502757928,-0.026929390,0.135961856,76.905468568,3.963785414,46.075398543,30.830070025,0.004187326,-0.000956601
24.566666667,13.407518889,2.420615916,1.121266392,0.503025363,-0.026865662,0.135438974,76.962874069,3.942716489,46.063584129,30.899289940,0.004217116,-0.000978272
24.600000000,13.415579467,2.435351293,1.125772089,0.503305159,-0.026800815,0.134908730,77.021993565,3.921486383,46.052316750,30.969676815,0.004246717,-0.000999991
24.633333333,13.423575815,2.450132314,1.130259991,0.503597225,-0.026734862,0.134371287,77.082811935,3.900101108,46.041600406,31.041211529,0.004276131,-0.001021758
24.666666667,13.431508091,2.464958941,1.134729859,0.503901471,-0.026667817,0.133826810,77.145313885,3.878566640,46.031438943,31.113874942,0.004305356,-0.001043572
24.700000000,13.439376454,2.479831137,1.139181463,0.504217804,-0.026599692,0.133275461,77.209483958,3.856888917,46.021836050,31.187647907,0.004334394,-0.001065434
24.733333333,13.447181064,2.494748862,1.143614575,0.504546128,-0.026530502,0.132717407,77.275306537,3.835073835,46.012795259,31.262511278,0.004363243,-0.001087344
24.766666667,13.454922083,2.509712077,1.148028975,0.504886349,-0.026460261,0.132152813,77.342765849,3.813127246,46.004319935,31.338445914,0.004391904,-0.001109302
24.800000000,13.462599671,2.524720741,1.152424448,0.505238368,-0.026388982,0.131581843,77.411845971,3.791054953,45.996413279,31.415432692,0.004420377,-0.001131307
24.833333333,13.470213993,2.539774812,1.156800784,0.505602088,-0.026316679,0.131004663,77.482530835,3.768862711,45.989078323,31.493452512,0.004448662,-0.001153360
24.866666667,13.477765212,2.554874249,1.161157779,0.505977409,-0.026243368,0.130421440,77.554804233,3.746556221,45.982317926,31.572486306,0.004476759,-0.001175461
24.900000000,13.485253494,2.570019007,1.165495234,0.506364229,-0.026169061,0.129832338,77.628649819,3.724141130,45.976134775,31.652515044,0.004504668,-0.001197610
24.933333333,13.492679005,2.585209043,1.169812955,0.506762448,-0.026093774,0.129237524,77.704051120,3.701623025,45.970531378,31.733519742,0.004532388,-0.001219807
24.966666667,13.500041913,2.600444313,1.174110756,0.507171960,-0.026017522,0.128637163,77.780991534,3.679007436,45.965510067,31.815481467,0.004559921,-0.001242051
25.000000000,13.507342386,2.615724770,1.178388455,0.507592663,-0.025940318,0.128031419,77.859454339,3.656299828,45.961072993,31.898381346,0.004587266,-0.001264343
25.033333333,13.514580593,2.631050369,1.182645873,0.508024450,-0.025862178,0.127420458,77.939422696,3.633505605,45.957222127,31.982200569,0.004614422,-0.001286683
25.066666667,13.521756705,2.646421061,1.186882841,0.508467215,-0.025783116,0.126804442,78.020879657,3.610630102,45.953959256,32.066920401,0.004641390,-0.001309071
25.100000000,13.528870893,2.661836799,1.191099193,0.508920851,-0.025703147,0.126183536,78.103808163,3.587678589,45.951285984,32.152522179,0.004668171,-0.001331506
25.133333333,13.535923329,2.677297535,1.195294768,0.509385248,-0.025622285,0.125557902,78.188191056,3.564656265,45.949203730,32.238987326,0.004694763,-0.001353989
25.166666667,13.542914188,2.692803217,1.199469411,0.509860298,-0.025540547,0.124927702,78.274011080,3.541568258,45.947713729,32.326297351,0.004721167,-0.001376520
25.200000000,13.549843642,2.708353797,1.203622973,0.510345889,-0.025457947,0.124293096,78.361250885,3.518419625,45.946817029,32.414433857,0.004747383,-0.001399099
25.233333333,13.556711869,2.723949222,1.207755310,0.510841911,-0.025374499,0.123654246,78.449893034,3.495215346,45.946514491,32.503378543,0.004773411,-0.001421726
25.266666667,13.563519043,2.739589440,1.211866283,0.511348251,-0.025290219,0.123011309,78.539920006,3.471960331,45.946806793,32.593113213,0.004799251,-0.001444400
25.300000000,13.570265342,2.755274397,1.215955758,0.511864797,-0.025205122,0.122364444,78.631314200,3.448659409,45.947694425,32.683619775,0.004824903,-0.001467122
25.333333333,13.576950945,2.771004041,1.220023607,0.512391435,-0.025119223,0.121713807,78.724057940,3.425317335,45.949177691,32.774880249,0.004850367,-0.001489892
25.366666667,13.583576031,2.786778317,1.224069707,0.512928050,-0.025032537,0.121059554,78.818133481,3.401938785,45.951256711,32.866876770,0.004875642,-0.001512710
25.400000000,13.590140779,2.802597168,1.228093940,0.513474527,-0.024945078,0.120401839,78.913523012,3.378528355,45.953931419,32.959591593,0.004900730,-0.001535575
25.433333333,13.596645371,2.818460538,1.232096193,0.514030750,-0.024856863,0.119740814,79.010208659,3.355090563,45.957201566,33.053007093,0.004925630,-0.001558488
25.466666667,13.603089989,2.834368371,1.236076359,0.514596603,-0.024767906,0.119076631,79.108172491,3.331629847,45.961066720,33.147105771,0.004950341,-0.001581449
25.500000000,13.609474815,2.850320607,1.240034334,0.515171969,-0.024678221,0.118409440,79.207396524,3.308150562,45.965526266,33.241870258,0.004974864,-0.001604458
25.533333333,13.615800034,2.866317188,1.243970020,0.515756729,-0.024587825,0.117739389,79.307862724,3.284656984,45.970579408,33.337283316,0.004999200,-0.001627515
25.566666667,13.622065829,2.882358054,1.247883326,0.516350767,-0.024496731,0.117066625,79.409553014,3.261153306,45.976225173,33.433327841,0.005023347,-0.001650619
25.600000000,13.628272388,2.898443144,1.251774163,0.516953962,-0.024404955,0.116391292,79.512449273,3.237643641,45.982462408,33.529986866,0.005047306,-0.001673771
25.633333333,13.634419896,2.914572397,1.255642447,0.517566196,-0.024312512,0.115713534,79.616533346,3.214132017,45.989289783,33.627243564,0.005071077,-0.001696971
25.666666667,13.640508540,2.930745751,1.259488100,0.518187350,-0.024219415,0.115033492,79.721787044,3.190622382,45.996705795,33.725081248,0.005094660,-0.001720219
25.700000000,13.646538509,2.946963141,1.263311049,0.518817302,-0.024125681,0.114351307,79.828192146,3.167118601,46.004708768,33.823483378,0.005118055,-0.001743514
25.733333333,13.652509993,2.963224504,1.267111224,0.519455933,-0.024031324,0.113667116,79.935730409,3.143624458,46.013296854,33.922433555,0.005141262,-0.001766857
25.766666667,13.658423180,2.979529776,1.270888561,0.520103122,-0.023936358,0.112981055,80.044383566,3.120143652,46.022468036,34.021915530,0.005164280,-0.001790248
25.800000000,13.664278262,2.995878889,1.274643000,0.520758747,-0.023840798,0.112293259,80.154133333,3.096679802,46.032220132,34.121913201,0.005187111,-0.001813687
25.833333333,13.670075430,3.012271777,1.278374484,0.521422688,-0.023744657,0.111603859,80.264961411,3.073236446,46.042550793,34.222410618,0.005209753,-0.001837174
25.866666667,13.675814878,3.028708373,1.282082963,0.522094821,-0.023647952,0.110912987,80.376849490,3.049817038,46.053457510,34.323391980,0.005232208,-0.001860708
25.900000000,13.681496798,3.045188609,1.285768391,0.522775026,-0.023550695,0.110220770,80.489779252,3.026424953,46.064937613,34.424841640,0.005254474,-0.001884290
25.933333333,13.687121384,3.061712414,1.289430723,0.523463180,-0.023452902,0.109527335,80.603732376,3.003063485,46.076988274,34.526744102,0.005276553,-0.001907920
25.966666667,13.692688832,3.078279718,1.293069922,0.524159161,-0.023354586,0.108832807,80.718690538,2.979735846,46.089606511,34.629084027,0.005298443,-0.001931598
26.000000000,13.698199338,3.094890452,1.296685953,0.524862846,-0.023255761,0.108137307,80.834635418,2.956445170,46.102789190,34.731846229,0.005320145,-0.001955323
26.033333333,13.703653098,3.111544541,1.300278786,0.525574112,-0.023156441,0.107440957,80.951548702,2.933194511,46.116533026,34.835015676,0.005341659,-0.001979097
26.066666667,13.709050309,3.128241915,1.303848395,0.526292836,-0.023056639,0.106743873,81.069412082,2.909986844,46.130834588,34.938577494,0.005362985,-0.002002918
26.100000000,13.714391170,3.144982498,1.307394757,0.527018897,-0.022956371,0.106046173,81.188207264,2.886825067,46.145690300,35.042516964,0.005384123,-0.002026786
26.133333333,13.719675880,3.161766216,1.310917853,0.527752170,-0.022855648,0.105347970,81.307915969,2.863712000,46.161096446,35.146819523,0.005405073,-0.002050703
26.166666667,13.724904638,3.178592995,1.314417668,0.528492532,-0.022754485,0.104649376,81.428519934,2.840650385,46.177049170,35.251470764,0.005425834,-0.002074667
26.200000000,13.730077645,3.195462757,1.317894192,0.529239861,-0.022652895,0.103950501,81.550000916,2.817642891,46.193544480,35.356456437,0.005446408,-0.002098680
26.233333333,13.735195103,3.212375424,1.321347417,0.529994033,-0.022550891,0.103251454,81.672340698,2.794692109,46.210578251,35.461762447,0.005466794,-0.002122739
26.266666667,13.740257214,3.229330920,1.324777338,0.530754926,-0.022448486,0.102552338,81.795521086,2.771800558,46.228146231,35.567374855,0.005486991,-0.002146847
26.300000000,13.745264180,3.246329165,1.328183956,0.531522416,-0.022345693,0.101853259,81.919523916,2.748970681,46.246244036,35.673279879,0.005507001,-0.002171003
26.333333333,13.750216205,3.263370078,1.331567273,0.532296381,-0.022242525,0.101154317,82.044331054,2.726204850,46.264867163,35.779463892,0.005526822,-0.002195206
26.366666667,13.755113494,3.280453580,1.334927295,0.533076698,-0.022138996,0.100455612,82.169924401,2.703505367,46.284010983,35.885913419,0.005546455,-0.002219457
26.400000000,13.759956251,3.297579588,1.338264033,0.533863244,-0.022035116,0.099757241,82.296285894,2.680874459,46.303670752,35.992615142,0.005565900,-0.002243756
26.433333333,13.764744682,3.314748019,1.341577498,0.534655896,-0.021930899,0.099059298,82.423397506,2.658314286,46.323841610,36.099555895,0.005585157,-0.002268102
26.466666667,13.769478994,3.331958791,1.344867706,0.535454532,-0.021826357,0.098361878,82.551241253,2.635826939,46.344518585,36.206722668,0.005604226,-0.002292497
26.500000000,13.774159393,3.349211818,1.348134677,0.536259030,-0.021721503,0.097665070,82.679799194,2.613414440,46.365696596,36.314102598,0.005623107,-0.002316939
26.533333333,13.778786089,3.366507016,1.351378433,0.537069268,-0.021616348,0.096968964,82.809053431,2.591078744,46.387370454,36.421682977,0.005641800,-0.002341429
26.566666667,13.783359289,3.383844297,1.354598998,0.537885124,-0.021510904,0.096273646,82.938986116,2.568821742,46.409534869,36.529451247,0.005660305,-0.002365966
26.600000000,13.787879203,3.401223575,1.357796399,0.538706476,-0.021405183,0.095579201,83.069579448,2.546645258,46.432184450,36.637394998,0.005678622,-0.002390552
26.633333333,13.792346040,3.418644762,1.360970668,0.539533203,-0.021299196,0.094885712,83.200815678,2.524551052,46.455313708,36.745501970,0.005696750,-0.002415185
26.666666667,13.796760012,3.436107769,1.364121838,0.540365184,-0.021192956,0.094193260,83.332677111,2.502540823,46.478917060,36.853760050,0.005714691,-0.002439866
26.700000000,13.801121330,3.453612506,1.367249945,0.541202298,-0.021086473,0.093501922,83.465146104,2.480616206,46.502988832,36.962157272,0.005732443,-0.002464595
26.733333333,13.805430205,3.471158882,1.370355026,0.542044424,-0.020979758,0.092811776,83.598205074,2.458778776,46.527523261,37.070681814,0.005750008,-0.002489372
26.766666667,13.809686850,3.488746805,1.373437123,0.542891442,-0.020872823,0.092122896,83.731836496,2.437030050,46.552514497,37.179321999,0.005767384,-0.002514196
26.800000000,13.813891480,3.506376182,1.376496280,0.543743233,-0.020765679,0.091435354,83.866022903,2.415371483,46.577956611,37.288066292,0.005784572,-0.002539068
26.833333333,13.818044306,3.524046921,1.379532542,0.544599676,-0.020658336,0.090749223,84.000746891,2.393804475,46.603843590,37.396903302,0.005801572,-0.002563988
26.866666667,13.822145545,3.541758926,1.382545957,0.545460652,-0.020550805,0.090064569,84.135991121,2.372330368,46.630169345,37.505821775,0.005818384,-0.002588956
26.900000000,13.826195411,3.559512102,1.385536576,0.546326043,-0.020443096,0.089381462,84.271738315,2.350950450,46.656927715,37.614810600,0.005835008,-0.002613971
26.933333333,13.830194120,3.577306354,1.388504451,0.547195730,-0.020335220,0.088699964,84.407971265,2.329665952,46.684112464,37.723858802,0.005851444,-0.002639035
26.966666667,13.834141889,3.595141582,1.391449638,0.548069595,-0.020227186,0.088020140,84.544672828,2.308478054,46.711717288,37.832955540,0.005867692,-0.002664146
27.000000000,13.838038934,3.613017690,1.394372193,0.548947519,-0.020119006,0.087342050,84.681825932,2.287387883,46.739735819,37.942090113,0.005883752,-0.002689304
27.033333333,13.841885473,3.630934578,1.397272174,0.549829387,-0.020010688,0.086665755,84.819413572,2.266396515,46.768161622,38.051251950,0.005899623,-0.002714511
27.066666667,13.845681725,3.648892146,1.400149643,0.550715080,-0.019902242,0.085991312,84.957418818,2.245504973,46.796988204,38.160430614,0.005915307,-0.002739765
27.100000000,13.849427908,3.666890293,1.403004662,0.551604482,-0.019793679,0.085318777,85.095824810,2.224714236,46.826209012,38.269615798,0.005930802,-0.002765068
27.133333333,13.853124241,3.684928917,1.405837295,0.552497478,-0.019685007,0.084648204,85.234614764,2.204025229,46.855817438,38.378797326,0.005946110,-0.002790418
27.166666667,13.856770945,3.703007916,1.408647610,0.553393951,-0.019576235,0.083979646,85.373771967,2.183438835,46.885806819,38.487965148,0.005961229,-0.002815815
27.200000000,13.860368240,3.721127185,1.411435674,0.554293787,-0.019467374,0.083313152,85.513279786,2.162955887,46.916170444,38.597109342,0.005976160,-0.002841261
27.233333333,13.863916346,3.739286619,1.414201557,0.555196871,-0.019358431,0.082648774,85.653121662,2.142577175,46.946901552,38.706220110,0.005990903,-0.002866754
27.266666667,13.867415487,3.757486114,1.416945329,0.556103089,-0.019249416,0.081986557,85.793281113,2.122303445,46.977993335,38.815287778,0.006005458,-0.002892295
27.300000000,13.870865883,3.775725562,1.419667065,0.557012326,-0.019140337,0.081326548,85.933741738,2.102135398,47.009438943,38.924302796,0.006019825,-0.002917884
27.333333333,13.874267758,3.794004855,1.422366837,0.557924471,-0.019031204,0.080668792,86.074487214,2.082073696,47.041231483,39.033255731,0.006034004,-0.002943521
27.366666667,13.877621334,3.812323886,1.425044723,0.558839409,-0.018922023,0.080013329,86.215501298,2.062118956,47.073364025,39.142137272,0.006047995,-0.002969205
27.400000000,13.880926836,3.830682545,1.427700799,0.559757030,-0.018812805,0.079360203,86.356767827,2.042271758,47.105829601,39.250938226,0.006061798,-0.002994937
27.433333333,13.884184487,3.849080720,1.430335143,0.560677221,-0.018703556,0.078709452,86.498270720,2.022532641,47.138621208,39.359649512,0.006075412,-0.003020717
27.466666667,13.887394513,3.867518302,1.432947836,0.561599870,-0.018594285,0.078061115,86.639993979,2.002902106,47.171731809,39.468262169,0.006088839,-0.003046545
27.500000000,13.890557139,3.885995177,1.435538959,0.562524869,-0.018485000,0.077415228,86.781921687,1.983380619,47.205154341,39.576767346,0.006102078,-0.003072420
27.533333333,13.893672590,3.904511232,1.438108593,0.563452105,-0.018375709,0.076771826,86.924038013,1.963968605,47.238881708,39.685156305,0.006115128,-0.003098344
27.566666667,13.896741093,3.923066353,1.440656823,0.564381471,-0.018266418,0.076130943,87.066327206,1.944666457,47.272906789,39.793420417,0.006127990,-0.003124315
27.600000000,13.899762875,3.941660425,1.443183733,0.565312856,-0.018157136,0.075492613,87.208773601,1.925474532,47.307222440,39.901551162,0.006140665,-0.003150334
27.633333333,13.902738162,3.960293331,1.445689408,0.566246152,-0.018047869,0.074856865,87.351361620,1.906393155,47.341821492,40.009540128,0.006153151,-0.003176400
27.666666667,13.905667182,3.978964954,1.448173935,0.567181252,-0.017938626,0.074223729,87.494075766,1.887422615,47.376696758,40.117379008,0.006165449,-0.003202515
27.700000000,13.908550164,3.997675177,1.450637401,0.568118048,-0.017829413,0.073593234,87.636900630,1.868563172,47.411841030,40.225059600,0.006177559,-0.003228677
27.733333333,13.911387336,4.016423880,1.453079896,0.569056434,-0.017720236,0.072965407,87.779820889,1.849815052,47.447247084,40.332573805,0.006189481,-0.003254887
27.766666667,13.914178926,4.035210942,1.455501508,0.569996302,-0.017611104,0.072340275,87.922821304,1.831178455,47.482907680,40.439913624,0.006201215,-0.003281144
27.800000000,13.916925166,4.054036244,1.457902328,0.570937548,-0.017502022,0.071717860,88.065886725,1.812653546,47.518815565,40.547071159,0.006212760,-0.003307450
27.833333333,13.919626283,4.072899663,1.460282446,0.571880066,-0.017392997,0.071098188,88.209002086,1.794240465,47.554963475,40.654038611,0.006224118,-0.003333803
27.866666667,13.922282510,4.091801075,1.462641955,0.572823752,-0.017284036,0.070481280,88.352152409,1.775939323,47.591344134,40.760808276,0.006235288,-0.003360204
27.900000000,13.924894075,4.110740358,1.464980946,0.573768502,-0.017175144,0.069867158,88.495322805,1.757750204,47.627950257,40.867372548,0.006246269,-0.003386653
27.933333333,13.927461212,4.129717385,1.467299514,0.574714212,-0.017066328,0.069255841,88.638498468,1.739673166,47.664774554,40.973723914,0.006257063,-0.003413150
27.966666667,13.929984150,4.148732032,1.469597752,0.575660781,-0.016957595,0.068647348,88.781664682,1.721708241,47.701809728,41.079854955,0.006267668,-0.003439694
28.000000000,13.932463123,4.167784171,1.471875754,0.576608105,-0.016848949,0.068041697,88.924806819,1.703855435,47.739048477,41.185758342,0.006278085,-0.003466286
28.033333333,13.934898361,4.186873675,1.474133616,0.577556083,-0.016740397,0.067438905,89.067910336,1.686114732,47.776483499,41.291426837,0.006288315,-0.003492926
28.066666667,13.937290099,4.206000413,1.476371433,0.578504614,-0.016631945,0.066838988,89.210960778,1.668486091,47.814107487,41.396853291,0.006298356,-0.003519614
28.100000000,13.939638569,4.225164258,1.478589300,0.579453597,-0.016523598,0.066241960,89.353943779,1.650969448,47.851913136,41.502030643,0.006308209,-0.003546350
28.133333333,13.941944005,4.244365077,1.480787316,0.580402934,-0.016415361,0.065647836,89.496845059,1.633564719,47.889893143,41.606951916,0.006317874,-0.003573133
28.166666667,13.944206640,4.263602739,1.482965576,0.581352524,-0.016307240,0.065056627,89.639650425,1.616271796,47.928040206,41.711610220,0.006327351,-0.003599964
28.200000000,13.946426709,4.282877111,1.485124178,0.582302269,-0.016199241,0.064468346,89.782345773,1.599090553,47.966347026,41.815998747,0.006336639,-0.003626843
28.233333333,13.948604446,4.302188060,1.487263220,0.583252071,-0.016091367,0.063883004,89.924917085,1.582020840,48.004806312,41.920110773,0.006345740,-0.003653770
28.266666667,13.950740086,4.321535450,1.489382800,0.584201832,-0.015983626,0.063300610,90.067350430,1.565062492,48.043410777,42.023939653,0.006354653,-0.003680744
28.300000000,13.952833864,4.340919145,1.491483016,0.585151456,-0.015876020,0.062721174,90.209631963,1.548215322,48.082153140,42.127478823,0.006363377,-0.003707766
28.333333333,13.954886016,4.360339010,1.493563967,0.586100846,-0.015768556,0.062144705,90.351747929,1.531479127,48.121026132,42.230721797,0.006371914,-0.003734836
28.366666667,13.956896777,4.379794905,1.495625753,0.587049907,-0.015661238,0.061571209,90.493684656,1.514853684,48.160022489,42.333662167,0.006380262,-0.003761954
28.400000000,13.958866384,4.399286692,1.497668471,0.587998544,-0.015554070,0.061000694,90.635428561,1.498338754,48.199134962,42.436293600,0.006388423,-0.003789119
28.433333333,13.960795073,4.418814232,1.499692223,0.588946661,-0.015447057,0.060433165,90.776966146,1.481934083,48.238356309,42.538609837,0.006396395,-0.003816333
28.466666667,13.962683081,4.438377383,1.501697107,0.589894166,-0.015340204,0.059868628,90.918283998,1.465639398,48.277679303,42.640604696,0.006404179,-0.003843594
28.500000000,13.964530645,4.457976004,1.503683224,0.590840964,-0.015233515,0.059307087,91.059368793,1.449454413,48.317096729,42.742272064,0.006411775,-0.003870903
28.533333333,13.966338002,4.477609951,1.505650672,0.591786964,-0.015126994,0.058748546,91.200207288,1.433378827,48.356601388,42.843605901,0.006419183,-0.003898259
28.566666667,13.968105390,4.497279081,1.507599553,0.592732072,-0.015020645,0.058193007,91.340786329,1.417412323,48.396186093,42.944600236,0.006426403,-0.003925664
28.600000000,13.969833047,4.516983250,1.509529967,0.593676198,-0.014914472,0.057640473,91.481092845,1.401554572,48.435843676,43.045249170,0.006433435,-0.003953116
28.633333333,13.971521211,4.536722310,1.511442012,0.594619251,-0.014808479,0.057090946,91.621113850,1.385805230,48.475566983,43.145546868,0.006440279,-0.003980616
28.666666667,13.973170120,4.556496116,1.513335791,0.595561139,-0.014702671,0.056544427,91.760836443,1.370163942,48.515348879,43.245487564,0.006446934,-0.004008164
28.700000000,13.974780013,4.576304518,1.515211403,0.596501774,-0.014597051,0.056000916,91.900247804,1.354630339,48.555182246,43.345065558,0.006453402,-0.004035759
28.733333333,13.976351129,4.596147369,1.517068948,0.597441066,-0.014491622,0.055460412,92.039335201,1.339204041,48.595059986,43.444275214,0.006459681,-0.004063403
28.766666667,13.977883707,4.616024518,1.518908527,0.598378926,-0.014386388,0.054922916,92.178085981,1.323884656,48.634975020,43.543110960,0.006465773,-0.004091094
28.800000000,13.979377986,4.635935815,1.520730240,0.599315267,-0.014281354,0.054388426,92.316487576,1.308671781,48.674920290,43.641567287,0.006471676,-0.004118833
28.833333333,13.980834207,4.655881107,1.522534186,0.600250000,-0.014176521,0.053856940,92.454527501,1.293565003,48.714888756,43.739638745,0.006477391,-0.004146619
28.866666667,13.982252608,4.675860240,1.524320467,0.601183040,-0.014071894,0.053328454,92.592193351,1.278563898,48.754873402,43.837319949,0.006482919,-0.004174454
28.900000000,13.983633429,4.695873062,1.526089182,0.602114299,-0.013967476,0.052802968,92.729472804,1.263668033,48.794867235,43.934605569,0.006488258,-0.004202336
28.933333333,13.984976912,4.715919417,1.527840431,0.603043692,-0.013863271,0.052280476,92.866353619,1.248876965,48.834863281,44.031490338,0.006493409,-0.004230266
28.966666667,13.986283296,4.735999149,1.529574314,0.603971133,-0.013759280,0.051760975,93.002823634,1.234190243,48.874854591,44.127969043,0.006498372,-0.004258244
29.000000000,13.987552822,4.756112100,1.531290930,0.604896539,-0.013655508,0.051244460,93.138870771,1.219607405,48.914834241,44.224036530,0.006503146,-0.004286269
29.033333333,13.988785731,4.776258113,1.532990379,0.605819824,-0.013551957,0.050730928,93.274483028,1.205127984,48.954795329,44.319687699,0.006507733,-0.004314343
29.066666667,13.989982263,4.796437027,1.534672760,0.606740905,-0.013448630,0.050220371,93.409648484,1.190751502,48.994730977,44.414917507,0.006512132,-0.004342464
29.100000000,13.991142660,4.816648684,1.536338172,0.607659700,-0.013345530,0.049712785,93.544355298,1.176477477,49.034634336,44.509720963,0.006516343,-0.004370633
29.133333333,13.992267163,4.836892920,1.537986715,0.608576126,-0.013242661,0.049208163,93.678591706,1.162305416,49.074498576,44.604093129,0.006520365,-0.004398849
29.166666667,13.993356014,4.857169575,1.539618487,0.609490100,-0.013140024,0.048706499,93.812346021,1.148234822,49.114316899,44.698029121,0.006524200,-0.004427114
29.200000000,13.994409453,4.877478485,1.541233586,0.610401543,-0.013037622,0.048207785,93.945606635,1.134265191,49.154082530,44.791524105,0.006527846,-0.004455426
29.233333333,13.995427724,4.897819484,1.542832110,0.611310372,-0.012935458,0.047712015,94.078362018,1.120396010,49.193788721,44.884573297,0.006531304,-0.004483786
29.266666667,13.996411067,4.918192408,1.544414158,0.612216508,-0.012833534,0.047219180,94.210600714,1.106626765,49.233428750,44.977171963,0.006534574,-0.004512194
29.300000000,13.997359724,4.938597090,1.545979828,0.613119870,-0.012731853,0.046729273,94.342311343,1.092956932,49.272995925,45.069315419,0.006537657,-0.004540649
29.333333333,13.998273938,4.959033362,1.547529216,0.614020381,-0.012630417,0.046242286,94.473482604,1.079385983,49.312483577,45.160999026,0.006540551,-0.004569153
29.366666667,13.999153951,4.979501056,1.549062420,0.614917960,-0.012529229,0.045758208,94.604103266,1.065913387,49.351885070,45.252218196,0.006543257,-0.004597704
29.400000000,14.000000005,5.000000002,1.550579537,0.615812530,-0.012428290,0.045277033,94.734161413,1.052540524,49.391197100,45.342964314,0.006545775,-0.004626303
29.433333333,14.000812337,5.020530027,1.552080664,0.616704012,-0.012327602,0.044798756,94.863647469,1.039258450,49.430397677,45.433249792,0.006548168,-0.004654826
29.466666667,14.001591200,5.041090963,1.553565896,0.617592332,-0.012227170,0.044323337,94.992551048,1.026062926,49.469473459,45.523077589,0.006550492,-0.004683152
29.500000000,14.002336832,5.061682635,1.555035328,0.618477412,-0.012126993,0.043850761,95.120859992,1.012958718,49.508427531,45.612432461,0.006552746,-0.004711282
29.533333333,14.003049475,5.082304869,1.556489055,0.619359177,-0.012027074,0.043381007,95.248564715,0.999942221,49.547248168,45.701316547,0.006554932,-0.004739215
29.566666667,14.003729372,5.102957491,1.557927171,0.620237551,-0.011927414,0.042914052,95.375654981,0.987012821,49.585929070,45.789725911,0.006557049,-0.004766951
29.600000000,14.004376765,5.123640324,1.559349769,0.621112463,-0.011828014,0.042449873,95.502120662,0.974169881,49.624463947,45.877656714,0.006559098,-0.004794490
29.633333333,14.004991898,5.144353191,1.560756940,0.621983837,-0.011728875,0.041988449,95.627951742,0.961412742,49.662846529,45.965105213,0.006561078,-0.004821832
29.666666667,14.005575014,5.165095914,1.562148776,0.622851603,-0.011629999,0.041529758,95.753138315,0.948740732,49.701070564,46.052067751,0.006562989,-0.004848977
29.700000000,14.006126355,5.185868314,1.563525367,0.623715688,-0.011531386,0.041073779,95.877670585,0.936153158,49.739129827,46.138540758,0.006564832,-0.004875925
29.733333333,14.006646165,5.206670211,1.564886805,0.624576022,-0.011433038,0.040620490,96.001538864,0.923649318,49.777018120,46.224520744,0.006566607,-0.004902676
29.766666667,14.007134687,5.227501423,1.566233178,0.625432536,-0.011334953,0.040169870,96.124733573,0.911228495,49.814729278,46.310004295,0.006568312,-0.004929230
29.800000000,14.007592164,5.248361770,1.567564575,0.626285158,-0.011237134,0.039721899,96.247245240,0.898889965,49.852257168,46.394988072,0.006569949,-0.004955587
29.833333333,14.008018840,5.269251067,1.568881084,0.627133822,-0.011139581,0.039276555,96.369064498,0.886632992,49.889595695,46.479468803,0.006571518,-0.004981747
29.866666667,14.008414957,5.290169131,1.570182791,0.627978460,-0.011042293,0.038833818,96.490182090,0.874456834,49.926738802,46.563443288,0.006573017,-0.005007710
29.900000000,14.008780759,5.311115776,1.571469784,0.628819004,-0.010945272,0.038393667,96.610588860,0.862360740,49.963680470,46.646908391,0.006574449,-0.005033476
29.933333333,14.009116490,5.332090818,1.572742149,0.629655388,-0.010848517,0.037956080,96.730275761,0.850343958,50.000414723,46.729861038,0.006575811,-0.005059045
29.966666667,14.009422394,5.353094068,1.573999970,0.630487547,-0.010752028,0.037521038,96.849233846,0.838405726,50.036935627,46.812298220,0.006577105,-0.005084417
30.000000000,14.009698713,5.374125339,1.575243332,0.631315415,-0.010655805,0.037088519,96.967454275,0.826545280,50.073237292,46.894216983,0.006578331,-0.005109592
30.033333333,14.009945691,5.395184442,1.576472319,0.632138929,-0.010559849,0.036658503,97.084928309,0.814761854,50.109313873,46.975614436,0.006579487,-0.005134570
30.066666667,14.010163573,5.416271187,1.577687014,0.632958026,-0.010464160,0.036230968,97.201647311,0.803054676,50.145159570,47.056487741,0.006580576,-0.005159351
30.100000000,14.010352601,5.437385385,1.578887499,0.633772642,-0.010368736,0.035805895,97.317602747,0.791422973,50.180768630,47.136834117,0.006581595,-0.005183936
30.133333333,14.010513020,5.458526843,1.580073855,0.634582716,-0.010273578,0.035383261,97.432786182,0.779865972,50.216135345,47.216650837,0.006582546,-0.005208323
30.166666667,14.010645073,5.479695369,1.581246165,0.635388187,-0.010178685,0.034963047,97.547189282,0.768382896,50.251254056,47.295935226,0.006583428,-0.005232513
30.200000000,14.010749004,5.500890769,1.582404508,0.636188993,-0.010084058,0.034545231,97.660803815,0.756972967,50.286119152,47.374684663,0.006584242,-0.005256506
30.233333333,14.010825058,5.522112849,1.583548964,0.636985076,-0.009989695,0.034129792,97.773621644,0.745635408,50.320725069,47.452896576,0.006584987,-0.005280303
30.266666667,14.010873477,5.543361415,1.584679611,0.637776375,-0.009895597,0.033716709,97.885634734,0.734369441,50.355066292,47.530568442,0.006585664,-0.005303902
30.300000000,14.010894505,5.564636270,1.585796528,0.638562832,-0.009801762,0.033305962,97.996835145,0.723174287,50.389137355,47.607697790,0.006586272,-0.005327304
30.333333333,14.010888388,5.585937217,1.586899792,0.639344390,-0.009708190,0.032897529,98.107215036,0.712049168,50.422932840,47.684282196,0.006586811,-0.005350509
30.366666667,14.010855368,5.607264059,1.587989481,0.640120992,-0.009614881,0.032491389,98.216766663,0.700993305,50.456447380,47.760319283,0.006587282,-0.005373518
30.400000000,14.010795689,5.628616596,1.589065670,0.640892580,-0.009521834,0.032087521,98.325482375,0.690005923,50.489675654,47.835806721,0.006587684,-0.005396329
30.433333333,14.010709597,5.649994631,1.590128434,0.641659099,-0.009429048,0.031685904,98.433354620,0.679086244,50.522612394,47.910742226,0.006588017,-0.005418944
30.466666667,14.010597333,5.671397961,1.591177849,0.642420494,-0.009336522,0.031286517,98.540375939,0.668233492,50.555252377,47.985123561,0.006588282,-0.005441361
30.500000000,14.010459143,5.692826386,1.592213987,0.643176710,-0.009244256,0.030889338,98.646538967,0.657446894,50.587590434,48.058948533,0.006588478,-0.005463581
30.533333333,14.010295271,5.714279705,1.593236924,0.643927694,-0.009152249,0.030494347,98.751836434,0.646725677,50.619621442,48.132214993,0.006588606,-0.005485605
30.566666667,14.010105960,5.735757714,1.594246730,0.644673392,-0.009060500,0.030101522,98.856261162,0.636069068,50.651340327,48.204920836,0.006588665,-0.005507431
30.600000000,14.009891455,5.757260210,1.595243479,0.645413752,-0.008969008,0.029710842,98.959806066,0.625476297,50.682742067,48.277064000,0.006588656,-0.005529061
30.633333333,14.009652000,5.778786988,1.596227240,0.646148721,-0.008877773,0.029322286,99.062464153,0.614946597,50.713821686,48.348642467,0.006588577,-0.005550493
30.666666667,14.009387838,5.800337844,1.597198085,0.646878250,-0.008786792,0.028935833,99.164228520,0.604479200,50.744574260,48.419654260,0.006588431,-0.005571729
30.700000000,14.009099214,5.821912571,1.598156083,0.647602286,-0.008696066,0.028551462,99.265092357,0.594073341,50.774994912,48.490097445,0.006588215,-0.005592767
30.733333333,14.008786371,5.843510962,1.599101304,0.648320780,-0.008605593,0.028169151,99.365048943,0.583728258,50.805078814,48.559970129,0.006587931,-0.005613609
30.766666667,14.008449555,5.865132810,1.600033815,0.649033682,-0.008515372,0.027788878,99.464091647,0.573443189,50.834821188,48.629270460,0.006587579,-0.005634253
30.800000000,14.008089008,5.886777908,1.600953684,0.649740945,-0.008425403,0.027410624,99.562213927,0.563217376,50.864217302,48.697996625,0.006587157,-0.005654701
30.833333333,14.007704974,5.908446045,1.601860979,0.650442519,-0.008335683,0.027034367,99.659409330,0.553050062,50.893262476,48.766146854,0.006586668,-0.005674952
30.866666667,14.007297698,5.930137011,1.602755764,0.651138357,-0.008246212,0.026660085,99.755671491,0.542940491,50.921952075,48.833719416,0.006586109,-0.005695005
30.900000000,14.006867424,5.951850597,1.603638107,0.651828412,-0.008156989,0.026287758,99.850994133,0.532887913,50.950281515,48.900712618,0.006585482,-0.005714862
30.933333333,14.006414395,5.973586591,1.604508071,0.652512638,-0.008068013,0.025917365,99.945371064,0.522891577,50.978246258,48.967124807,0.006584787,-0.005734522
30.966666667,14.005938856,5.995344781,1.605365721,0.653190989,-0.007979282,0.025548883,100.038796183,0.512950736,51.005841814,49.032954369,0.006584022,-0.005753984
31.000000000,14.005441049,6.017124955,1.606211120,0.653863420,-0.007890795,0.025182293,100.131263470,0.503064643,51.033063742,49.098199728,0.006583189,-0.005773250
31.033333333,14.004921220,6.038926898,1.607044331,0.654529887,-0.007802551,0.024817573,100.222766993,0.493232558,51.059907646,49.162859347,0.006582288,-0.005792319
31.066666667,14.004379612,6.060750397,1.607865416,0.655190345,-0.007714549,0.024454703,100.313300907,0.483453738,51.086369181,49.226931726,0.006581318,-0.005811190
31.100000000,14.003816468,6.082595236,1.608674436,0.655844751,-0.007626787,0.024093661,100.402859447,0.473727447,51.112444045,49.290415402,0.006580279,-0.005829865
31.133333333,14.003232033,6.104461201,1.609471452,0.656493062,-0.007539263,0.023734426,100.491436937,0.464052950,51.138127987,49.353308950,0.006579172,-0.005848343
31.166666667,14.002626550,6.126348074,1.610256523,0.657135237,-0.007451978,0.023376977,100.579027780,0.454429512,51.163416799,49.415610982,0.006577996,-0.005866624
31.200000000,14.002000262,6.148255639,1.611029709,0.657771234,-0.007364929,0.023021294,100.665626466,0.444856406,51.188306321,49.477320145,0.006576752,-0.005884708
31.233333333,14.001353414,6.170183679,1.611791068,0.658401011,-0.007278114,0.022667356,100.751227565,0.435332902,51.212792441,49.538435125,0.006575438,-0.005902594
31.266666667,14.000686249,6.192131975,1.612540658,0.659024528,-0.007191533,0.022315142,100.835825731,0.425858277,51.236871090,49.598954641,0.006574057,-0.005920284
31.300000000,13.999999010,6.214100308,1.613278537,0.659641745,-0.007105185,0.021964632,100.919415698,0.416431807,51.260538247,49.658877451,0.006572606,-0.005937777
31.333333333,13.999291941,6.236088458,1.614004760,0.660252623,-0.007019066,0.021615803,101.001992284,0.407052773,51.283789937,49.718202347,0.006571088,-0.005955073
31.366666667,13.998565285,6.258096206,1.614719384,0.660857124,-0.006933177,0.021268637,101.083550384,0.397720459,51.306622229,49.776928155,0.006569500,-0.005972172
31.400000000,13.997819286,6.280123330,1.615422463,0.661455208,-0.006847516,0.020923113,101.164084976,0.388434150,51.329031238,49.835053738,0.006567844,-0.005989074
31.433333333,13.997054186,6.302169609,1.616114052,0.662046838,-0.006762081,0.020579209,101.243591118,0.379193134,51.351013125,49.892577993,0.006566119,-0.006005779
31.466666667,13.996270230,6.324234820,1.616794204,0.662631978,-0.006676871,0.020236905,101.322063947,0.369996703,51.372564094,49.949499853,0.006564326,-0.006022287
31.500000000,13.995467660,6.346318742,1.617462973,0.663210590,-0.006591884,0.019896182,101.399498678,0.360844149,51.393680395,50.005818283,0.006562464,-0.006038598
31.533333333,13.994646720,6.368421150,1.618120411,0.663782638,-0.006507118,0.019557018,101.475890607,0.351734770,51.414358323,50.061532284,0.006560533,-0.006054712
31.566666667,13.993807651,6.390541821,1.618766569,0.664348088,-0.006422573,0.019219393,101.551235106,0.342667865,51.434594215,50.116640890,0.006558534,-0.006070629
31.600000000,13.992950698,6.412680530,1.619401498,0.664906903,-0.006338246,0.018883287,101.625527626,0.333642734,51.454384455,50.171143170,0.006556466,-0.006086349
31.633333333,13.992076104,6.434837053,1.620025250,0.665459051,-0.006254136,0.018548680,101.698763695,0.324658683,51.473725469,50.225038226,0.006554330,-0.006101872
31.666666667,13.991184110,6.457011162,1.620637873,0.666004496,-0.006170242,0.018215552,101.770938919,0.315715019,51.492613727,50.278325192,0.006552125,-0.006117198
31.700000000,13.990274960,6.479202633,1.621239416,0.666543205,-0.006086562,0.017883882,101.842048979,0.306811051,51.511045741,50.331003238,0.006549851,-0.006132327
31.733333333,13.989348896,6.501411238,1.621829927,0.667075147,-0.006003093,0.017553651,101.912089633,0.297946091,51.529018069,50.383071564,0.006547509,-0.006147259
31.766666667,13.988406161,6.523636750,1.622409455,0.667600287,-0.005919836,0.017224838,101.981056716,0.289119455,51.546527311,50.434529406,0.006545098,-0.006161994
31.800000000,13.987446997,6.545878940,1.622978046,0.668118595,-0.005836787,0.016897424,102.048946137,0.280330460,51.563570107,50.485376030,0.006542619,-0.006176533
31.833333333,13.986471647,6.568137581,1.623535747,0.668630039,-0.005753946,0.016571388,102.115753881,0.271578426,51.580143145,50.535610736,0.006540071,-0.006190874
31.866666667,13.985480353,6.590412443,1.624082602,0.669134589,-0.005671310,0.016246712,102.181476006,0.262862676,51.596243150,50.585232856,0.006537454,-0.006205018
31.900000000,13.984473357,6.612703297,1.624618658,0.669632214,-0.005588878,0.015923375,102.246108647,0.254182535,51.611866892,50.634241755,0.006534769,-0.006218965
31.933333333,13.983450902,6.635009913,1.625143958,0.670122885,-0.005506649,0.015601358,102.309648011,0.245537332,51.627011182,50.682636829,0.006532015,-0.006232715
31.966666667,13.982413228,6.657332060,1.625658546,0.670606572,-0.005424621,0.015280641,102.372090380,0.236926396,51.641672874,50.730417506,0.006529192,-0.006246269
32.000000000,13.981360579,6.679669507,1.626162465,0.671083246,-0.005342791,0.014961204,102.433432108,0.228349060,51.655848862,50.777583246,0.006526301,-0.006259625
32.033333333,13.980293195,6.702022022,1.626655758,0.671552880,-0.005261159,0.014643028,102.493669622,0.219804661,51.669536082,50.824133541,0.006523342,-0.006272784
32.066666667,13.979211319,6.724389374,1.627138465,0.672015446,-0.005179722,0.014326094,102.552799424,0.211292535,51.682731510,50.870067914,0.006520313,-0.006285747
32.100000000,13.978115192,6.746771330,1.627610629,0.672470916,-0.005098480,0.014010383,102.610818086,0.202812024,51.695432166,50.915385920,0.006517217,-0.006298512
32.133333333,13.977005056,6.769167656,1.628072289,0.672919263,-0.005017429,0.013695874,102.667722252,0.194362470,51.707635107,50.960087145,0.006514051,-0.006311080
32.166666667,13.975881151,6.791578120,1.628523486,0.673360463,-0.004936569,0.013382549,102.723508638,0.185943219,51.719337432,51.004171207,0.006510817,-0.006323452
32.200000000,13.974743719,6.814002487,1.628964258,0.673794488,-0.004855898,0.013070389,102.778174032,0.177553617,51.730536280,51.047637752,0.006507514,-0.006335626
32.233333333,13.973593001,6.836440522,1.629394644,0.674221313,-0.004775413,0.012759375,102.831715293,0.169193017,51.741228832,51.090486461,0.006504143,-0.006347603
32.266666667,13.972429238,6.858891992,1.629814682,0.674640914,-0.004695114,0.012449487,102.884129349,0.160860769,51.751412306,51.132717043,0.006500703,-0.006359384
32.300000000,13.971252672,6.881356661,1.630224410,0.675053267,-0.004614999,0.012140707,102.935413201,0.152556228,51.761083962,51.174329239,0.006497194,-0.006370967
32.333333333,13.970063541,6.903834292,1.630623863,0.675458347,-0.004535065,0.011833016,102.985563917,0.144278752,51.770241098,51.215322819,0.006493617,-0.006382354
32.366666667,13.968862088,6.926324650,1.631013077,0.675856131,-0.004455311,0.011526394,103.034578637,0.136027701,51.778881051,51.255697587,0.006489971,-0.006393543
32.400000000,13.967648553,6.948827498,1.631392089,0.676246597,-0.004375736,0.011220824,103.082454571,0.127802435,51.787001199,51.295453373,0.006486257,-0.006404536
32.433333333,13.966423175,6.971342599,1.631760933,0.676629722,-0.004296336,0.010916287,103.129188997,0.119602318,51.794598957,51.334590040,0.006482474,-0.006415331
32.466666667,13.965186195,6.993869716,1.632119642,0.677005484,-0.004217112,0.010612763,103.174779261,0.111426717,51.801671779,51.373107481,0.006478622,-0.006425930
32.500000000,13.963937854,7.016408612,1.632468251,0.677373861,-0.004138061,0.010310235,103.219222779,0.103275001,51.808217160,51.411005619,0.006474702,-0.006436331
32.533333333,13.962678390,7.038959046,1.632806792,0.677734833,-0.004059180,0.010008683,103.262517036,0.095146538,51.814232630,51.448284407,0.006470713,-0.006446536
32.566666667,13.961408044,7.061520782,1.633135297,0.678088379,-0.003980469,0.009708090,103.304659585,0.087040702,51.819715758,51.484943827,0.006466656,-0.006456544
32.600000000,13.960127055,7.084093580,1.633453799,0.678434480,-0.003901926,0.009408437,103.345648044,0.078956868,51.824664152,51.520983892,0.006462530,-0.006466354
32.633333333,13.958835663,7.106677202,1.633762328,0.678773115,-0.003823548,0.009109705,103.385480102,0.070894411,51.829075457,51.556404645,0.006458335,-0.006475968
32.666666667,13.957534107,7.129271406,1.634060914,0.679104265,-0.003745335,0.008811877,103.424153515,0.062852711,51.832947356,51.591206159,0.006454072,-0.006485385
32.700000000,13.956222625,7.151875954,1.634349588,0.679427911,-0.003667283,0.008514935,103.461666104,0.054831149,51.836277570,51.625388534,0.006449740,-0.006494604
32.733333333,13.954901458,7.174490604,1.634628378,0.679744036,-0.003589392,0.008218859,103.498015758,0.046829107,51.839063855,51.658951904,0.006445340,-0.006503627
32.766666667,13.953570844,7.197115117,1.634897314,0.680052622,-0.003511660,0.007923633,103.533200434,0.038845970,51.841304005,51.691896428,0.006440871,-0.006512453
32.800000000,13.952231021,7.219749250,1.635156423,0.680353651,-0.003434084,0.007629237,103.567218153,0.030881124,51.842995854,51.724222299,0.006436333,-0.006521081
32.833333333,13.950882228,7.242392764,1.635405732,0.680647107,-0.003356663,0.007335655,103.600067003,0.022933958,51.844137267,51.755929736,0.006431727,-0.006529513
32.866666667,13.949524704,7.265045415,1.635645269,0.680932973,-0.003279396,0.007042868,103.631745139,0.015003862,51.844726151,51.787018989,0.006427052,-0.006537748
32.900000000,13.948158685,7.287706963,1.635875059,0.681211232,-0.003202280,0.006750858,103.662250781,0.007090228,51.844760445,51.817490337,0.006422309,-0.006545786
32.933333333,13.946784411,7.310377164,1.636095129,0.681481870,-0.003125313,0.006459607,103.691582214,-0.000807550,51.844238127,51.847344087,0.006417496,-0.006553627
32.966666667,13.945402119,7.333055777,1.636305502,0.681744872,-0.003048494,0.006169099,103.719737789,-0.008690076,51.843157210,51.876580579,0.006412616,-0.006561270
33.000000000,13.944012047,7.355742558,1.636506205,0.682000223,-0.002971821,0.005879315,103.746715921,-0.016557953,51.841515743,51.905200178,0.006407666,-0.006568717
33.033333333,13.942614431,7.378437264,1.636697260,0.682247907,-0.002895293,0.005590237,103.772515090,-0.024411782,51.839311810,51.933203280,0.006402649,-0.006575967
33.066666667,13.941209510,7.401139652,1.636878691,0.682487913,-0.002818906,0.005301848,103.797133843,-0.032252162,51.836543532,51.960590311,0.006397562,-0.006583020
33.100000000,13.939797521,7.423849478,1.637050520,0.682720226,-0.002742660,0.005014131,103.820570788,-0.040079691,51.833209065,51.987361724,0.006392407,-0.006589876
33.133333333,13.938378699,7.446566498,1.637212770,0.682944834,-0.002666553,0.004727068,103.842824600,-0.047894965,51.829306598,52.013518002,0.006387183,-0.006596535
33.166666667,13.936953283,7.469290468,1.637365462,0.683161724,-0.002590582,0.004440642,103.863894017,-0.055698578,51.824834358,52.039059659,0.006381891,-0.006602997
33.200000000,13.935521508,7.492021144,1.637508616,0.683370884,-0.002514747,0.004154835,103.883777840,-0.063491124,51.819790605,52.063987235,0.006376530,-0.006609262
33.233333333,13.934083610,7.514758281,1.637642255,0.683572302,-0.002439045,0.003869630,103.902474934,-0.071273193,51.814173635,52.088301299,0.006371100,-0.006615330
33.266666667,13.932639826,7.537501633,1.637766396,0.683765968,-0.002363474,0.003585009,103.919984230,-0.079045375,51.807981778,52.112002452,0.006365602,-0.006621201
33.300000000,13.931190391,7.560250956,1.637881059,0.683951870,-0.002288033,0.003300956,103.936304719,-0.086808260,51.801213398,52.135091322,0.006360035,-0.006626875
33.333333333,13.929735542,7.583006005,1.637986264,0.684129998,-0.002212719,0.003017454,103.951435458,-0.094562434,51.793866893,52.157568564,0.006354400,-0.006632352
33.366666667,13.928275513,7.605766534,1.638082027,0.684300343,-0.002137532,0.002734485,103.965375563,-0.102308484,51.785940698,52.179434865,0.006348696,-0.006637632
33.400000000,13.926810541,7.628532297,1.638168368,0.684462894,-0.002062468,0.002452032,103.978124218,-0.110046992,51.777433278,52.200690940,0.006342923,-0.006642715
33.433333333,13.925340859,7.651303048,1.638245301,0.684617643,-0.001987527,0.002170079,103.989680667,-0.117778543,51.768343135,52.221337532,0.006337082,-0.006647601
33.466666667,13.923866702,7.674078542,1.638312844,0.684764581,-0.001912707,0.001888608,104.000044215,-0.125503719,51.758668802,52.241375412,0.006331172,-0.006652290
33.500000000,13.922388307,7.696858531,1.638371013,0.684903700,-0.001838005,0.001607602,104.009214232,-0.133223099,51.748408849,52.260805383,0.006325194,-0.006656782
33.533333333,13.920905905,7.719642770,1.638419823,0.685034992,-0.001763420,0.001327045,104.017190150,-0.140937263,51.737561876,52.279628274,0.006319147,-0.006661078
33.566666667,13.919419733,7.742431011,1.638459288,0.685158450,-0.001688950,0.001046919,104.023971461,-0.148646790,51.726126518,52.297844943,0.006313031,-0.006665176
33.600000000,13.917930023,7.765223008,1.638489423,0.685274066,-0.001614593,0.000767209,104.029557722,-0.156352257,51.714101444,52.315456278,0.006306847,-0.006669077
33.633333333,13.916437010,7.788018515,1.638510240,0.685381835,-0.001540348,0.000487896,104.033948549,-0.164054238,51.701485355,52.332463195,0.006300594,-0.006672781
33.666666667,13.914940927,7.810817283,1.638521754,0.685481750,-0.001466212,0.000208965,104.037143622,-0.171753310,51.688276984,52.348866638,0.006294273,-0.006676288
33.700000000,13.913442007,7.833619067,1.638523977,0.685573805,-0.001392185,-0.000069601,104.039142680,-0.179450046,51.674475098,52.364667582,0.006287883,-0.006679599
33.733333333,13.911940483,7.856423618,1.638516920,0.685657995,-0.001318263,-0.000347819,104.039945527,-0.187145018,51.660078498,52.379867029,0.006281424,-0.006682712
33.766666667,13.910436589,7.879230688,1.638500595,0.685734315,-0.001244445,-0.000625705,104.039552024,-0.194838799,51.645086015,52.394466009,0.006274897,-0.006685628
33.800000000,13.908930555,7.902040031,1.638475012,0.685802761,-0.001170730,-0.000903276,104.037962097,-0.202531958,51.629496514,52.408465583,0.006268301,-0.006688348
33.833333333,13.907422616,7.924851399,1.638440182,0.685863328,-0.001097116,-0.001180549,104.035175731,-0.210225066,51.613308891,52.421866839,0.006261636,-0.006690870
33.866666667,13.905913002,7.947664544,1.638396115,0.685916014,-0.001023600,-0.001457539,104.031192972,-0.217918693,51.596522077,52.434670895,0.006254903,-0.006693195
33.900000000,13.904401946,7.970479219,1.638342819,0.685960814,-0.000950182,-0.001734264,104.026013928,-0.225613404,51.579135032,52.446878896,0.006248101,-0.006695324
33.933333333,13.902889679,7.993295174,1.638280303,0.685997725,-0.000876858,-0.002010740,104.019638767,-0.233309769,51.561146750,52.458492017,0.006241231,-0.006697255
33.966666667,13.901376432,8.016112163,1.638208576,0.686026746,-0.000803629,-0.002286983,104.012067719,-0.241008354,51.542556256,52.469511462,0.006234292,-0.006698990
34.000000000,13.899862437,8.038929936,1.638127644,0.686047874,-0.000730490,-0.002563009,104.003301071,-0.248709723,51.523362608,52.479938464,0.006227285,-0.006700527
34.033333333,13.898347924,8.061748247,1.638037515,0.686061108,-0.000657442,-0.002838835,103.993339175,-0.256414441,51.503564893,52.489774282,0.006220208,-0.006701867
34.066666667,13.896833123,8.084566847,1.637938195,0.686066446,-0.000584482,-0.003114477,103.982182440,-0.264123074,51.483162232,52.499020208,0.006213064,-0.006703011
34.100000000,13.895318266,8.107385487,1.637829689,0.686063888,-0.000511608,-0.003389951,103.969831337,-0.271836183,51.462153777,52.507677560,0.006205850,-0.006703957
34.133333333,13.893803582,8.130203919,1.637712004,0.686053432,-0.000438819,-0.003665273,103.956286397,-0.279554333,51.440538713,52.515747684,0.006198568,-0.006704707
34.166666667,13.892289300,8.153021896,1.637585144,0.686035080,-0.000366112,-0.003940461,103.941548210,-0.287278084,51.418316252,52.523231959,0.006191218,-0.006705259
34.200000000,13.890775650,8.175839168,1.637449114,0.686008831,-0.000293487,-0.004215529,103.925617429,-0.295007998,51.395485641,52.530131788,0.006183799,-0.006705615
34.233333333,13.889262862,8.198655487,1.637303916,0.685974686,-0.000220940,-0.004490494,103.908494763,-0.302744637,51.372046157,52.536448606,0.006176311,-0.006705774
34.266666667,13.887751163,8.221470605,1.637149554,0.685932646,-0.000148472,-0.004765372,103.890180983,-0.310488559,51.347997108,52.542183875,0.006168754,-0.006705735
34.300000000,13.886240784,8.244284274,1.636986031,0.685882713,-0.000076079,-0.005040179,103.870676921,-0.318240326,51.323337834,52.547339087,0.006161129,-0.006705500
34.333333333,13.884731951,8.267096245,1.636813349,0.685824889,-0.000003759,-0.005314931,103.849983467,-0.326000495,51.298067704,52.551915763,0.006153436,-0.006705067
34.366666667,13.883224894,8.289906270,1.636631509,0.685759176,0.000068488,-0.005589645,103.828101570,-0.333769627,51.272186119,52.555915452,0.006145674,-0.006704438
34.400000000,13.881719840,8.312714101,1.636440513,0.685685577,0.000140664,-0.005864335,103.805032242,-0.341548278,51.245692510,52.559339732,0.006137843,-0.006703612
34.433333333,13.880217016,8.335519488,1.636240361,0.685604094,0.000212772,-0.006139019,103.780776552,-0.349337006,51.218586341,52.562190211,0.006129943,-0.006702588
34.466666667,13.878716649,8.358322185,1.636031052,0.685514733,0.000284813,-0.006413712,103.755335628,-0.357136370,51.190867103,52.564468526,0.006121975,-0.006701368
34.500000000,13.877218967,8.381121943,1.635812587,0.685417495,0.000356788,-0.006688430,103.728710660,-0.364946925,51.162534320,52.566176341,0.006113939,-0.006699951
34.533333333,13.875724196,8.403918513,1.635584964,0.685312387,0.000428700,-0.006963188,103.700902896,-0.372769229,51.133587546,52.567315350,0.006105833,-0.006698336
34.566666667,13.874232563,8.426711648,1.635348181,0.685199412,0.000500551,-0.007238004,103.671913643,-0.380603837,51.104026365,52.567887278,0.006097660,-0.006696525
34.600000000,13.872744292,8.449501099,1.635102237,0.685078575,0.000572341,-0.007512892,103.641744268,-0.388451305,51.073850393,52.567893875,0.006089417,-0.006694517
34.633333333,13.871259611,8.472286618,1.634847129,0.684949883,0.000644073,-0.007787869,103.610396198,-0.396312189,51.043059273,52.567336925,0.006081106,-0.006692312
34.666666667,13.869778744,8.495067958,1.634582853,0.684813340,0.000715749,-0.008062951,103.577870917,-0.404187044,51.011652682,52.566218236,0.006072726,-0.006689910
34.700000000,13.868301916,8.517844871,1.634309406,0.684668954,0.000787369,-0.008338152,103.544169973,-0.412076424,50.979630324,52.564539649,0.006064278,-0.006687310
34.733333333,13.866829353,8.540617109,1.634026784,0.684516731,0.000858937,-0.008613490,103.509294967,-0.419980885,50.946991935,52.562303032,0.006055761,-0.006684514
34.766666667,13.865361278,8.563384424,1.633734981,0.684356677,0.000930453,-0.008888979,103.473247565,-0.427900980,50.913737282,52.559510283,0.006047176,-0.006681521
34.800000000,13.863897917,8.586146569,1.633433993,0.684188801,0.001001919,-0.009164636,103.436029489,-0.435837264,50.879866159,52.556163330,0.006038521,-0.006678331
34.833333333,13.862439491,8.608903296,1.633123813,0.684013111,0.001073338,-0.009440476,103.397642520,-0.443790291,50.845378392,52.552264128,0.006029799,-0.006674944
34.866666667,13.860986226,8.631654359,1.632804435,0.683829613,0.001144709,-0.009716515,103.358088500,-0.451760614,50.810273838,52.547814662,0.006021007,-0.006671360
34.900000000,13.859538344,8.654399510,1.632475852,0.683638318,0.001216037,-0.009992770,103.317369330,-0.459748787,50.774552382,52.542816948,0.006012147,-0.006667579
34.933333333,13.858096068,8.677138501,1.632138058,0.683439234,0.001287321,-0.010269254,103.275486969,-0.467755363,50.738213940,52.537273029,0.006003219,-0.006663601
34.966666667,13.856659621,8.699871087,1.631791043,0.683232370,0.001358564,-0.010545985,103.232443435,-0.475780895,50.701258457,52.531184978,0.005994222,-0.006659426
35.000000000,13.855229224,8.722597020,1.631434799,0.683017737,0.001429767,-0.010822978,103.188240808,-0.483825937,50.663685909,52.524554899,0.005985156,-0.006655054
35.033333333,13.853805101,8.745316054,1.631069318,0.682795344,0.001500933,-0.011100248,103.142881223,-0.491891041,50.625496301,52.517384921,0.005976022,-0.006650485
35.066666667,13.852387471,8.768027943,1.630694590,0.682565202,0.001572062,-0.011377812,103.096366877,-0.499976760,50.586689668,52.509677208,0.005966819,-0.006645719
35.100000000,13.850976556,8.790732439,1.630310605,0.682327323,0.001643157,-0.011655685,103.048700025,-0.508083647,50.547266076,52.501433949,0.005957547,-0.006640756
35.133333333,13.849572578,8.813429298,1.629917352,0.682081716,0.001714218,-0.011933882,102.999882983,-0.516212254,50.507225618,52.492657364,0.005948207,-0.006635596
35.166666667,13.848175756,8.836118273,1.629514820,0.681828395,0.001785248,-0.012212419,102.949918124,-0.524363133,50.466568421,52.483349703,0.005938798,-0.006630239
35.200000000,13.846786311,8.858799119,1.629102998,0.681567370,0.001856249,-0.012491313,102.898807881,-0.532536838,50.425294637,52.473513244,0.005929321,-0.006624685
35.233333333,13.845404462,8.881471590,1.628681874,0.681298656,0.001927221,-0.012770577,102.846554747,-0.540733919,50.383404452,52.463150295,0.005919775,-0.006618934
35.266666667,13.844030429,8.904135441,1.628251434,0.681022264,0.001998168,-0.013050229,102.793161273,-0.548954930,50.340898079,52.452263194,0.005910160,-0.006612987
35.300000000,13.842664431,8.926790426,1.627811666,0.680738208,0.002069089,-0.013330284,102.738630070,-0.557200422,50.297775761,52.440854309,0.005900477,-0.006606842
35.333333333,13.841306687,8.949436302,1.627362556,0.680446501,0.002139987,-0.013610757,102.682963809,-0.565470948,50.254037774,52.428926035,0.005890725,-0.006600500
35.366666667,13.839957415,8.972072824,1.626904089,0.680147158,0.002210864,-0.013891663,102.626165219,-0.573767059,50.209684420,52.416480800,0.005880904,-0.006593961
35.400000000,13.838616833,8.994699746,1.626436252,0.679840193,0.002281720,-0.014173020,102.568237089,-0.582089307,50.164716032,52.403521058,0.005871015,-0.006587225
35.433333333,13.837285159,9.017316826,1.625959029,0.679525621,0.002352558,-0.014454841,102.509182268,-0.590438244,50.119132973,52.390049294,0.005861058,-0.006580293
35.466666667,13.835962609,9.039923818,1.625472403,0.679203457,0.002423380,-0.014737143,102.449003662,-0.598814421,50.072935637,52.376068025,0.005851031,-0.006573163
35.500000000,13.834649402,9.062520481,1.624976360,0.678873717,0.002494186,-0.015019941,102.387704240,-0.607218390,50.026124446,52.361579794,0.005840936,-0.006565836
35.533333333,13.833345753,9.085106569,1.624470881,0.678536416,0.002564979,-0.015303250,102.325287028,-0.615650703,49.978699854,52.346587174,0.005830773,-0.006558313
35.566666667,13.832051878,9.107681841,1.623955951,0.678191572,0.002635760,-0.015587088,102.261755114,-0.624111911,49.930662343,52.331092771,0.005820541,-0.006550592
35.600000000,13.830767993,9.130246054,1.623431549,0.677839200,0.002706530,-0.015871467,102.197111641,-0.632602566,49.882012425,52.315099216,0.005810240,-0.006542674
35.633333333,13.829494314,9.152798965,1.622897660,0.677479319,0.002777292,-0.016156406,102.131359818,-0.641123217,49.832750645,52.298609173,0.005799871,-0.006534560
35.666666667,13.828231056,9.175340331,1.622354263,0.677111945,0.002848046,-0.016441918,102.064502908,-0.649674418,49.782877574,52.281625334,0.005789433,-0.006526248
35.700000000,13.826978433,9.197869912,1.621801339,0.676737096,0.002918794,-0.016728020,101.996544237,-0.658256718,49.732393815,52.264150421,0.005778926,-0.006517740
35.733333333,13.825736660,9.220387465,1.621238869,0.676354792,0.002989538,-0.017014726,101.927487190,-0.666870668,49.681300003,52.246187186,0.005768351,-0.006509034
35.766666667,13.824505949,9.242892749,1.620666831,0.675965050,0.003060279,-0.017302054,101.857335212,-0.675516819,49.629596801,52.227738411,0.005757708,-0.006500131
35.800000000,13.823286516,9.265385523,1.620085206,0.675567889,0.003131019,-0.017590017,101.786091808,-0.684195721,49.577284902,52.208806906,0.005746995,-0.006491032
35.833333333,13.822078572,9.287865547,1.619493971,0.675163330,0.003201760,-0.017878632,101.713760542,-0.692907925,49.524365031,52.189395511,0.005736214,-0.006481735
35.866666667,13.820882331,9.310332581,1.618893104,0.674751392,0.003272502,-0.018167913,101.640345040,-0.701653980,49.470837943,52.169507098,0.005725365,-0.006472242
35.900000000,13.819698005,9.332786385,1.618282583,0.674332095,0.003343248,-0.018457878,101.565848987,-0.710434437,49.416704422,52.149144566,0.005714447,-0.006462551
35.933333333,13.818525805,9.355226718,1.617662386,0.673905461,0.003413998,-0.018748540,101.490276129,-0.719249845,49.361965285,52.128310844,0.005703460,-0.006452664
35.966666667,13.817365943,9.377653342,1.617032488,0.673471509,0.003484755,-0.019039916,101.413630270,-0.728100754,49.306621378,52.107008892,0.005692404,-0.006442580
36.000000000,13.816218630,9.400066019,1.616392865,0.673030262,0.003555519,-0.019332021,101.335915277,-0.736987711,49.250673579,52.085241698,0.005681280,-0.006432298
36.033333333,13.815084077,9.422464509,1.615743493,0.672581742,0.003626293,-0.019624870,101.257135076,-0.745911267,49.194122795,52.063012282,0.005670088,-0.006421820
36.066666667,13.813962494,9.444848575,1.615084347,0.672125970,0.003697078,-0.019918480,101.177293656,-0.754871968,49.136969966,52.040323690,0.005658827,-0.006411144
36.100000000,13.812854090,9.467217979,1.614415401,0.671662969,0.003767874,-0.020212865,101.096395062,-0.763870364,49.079216062,52.017179000,0.005647497,-0.006400272
36.133333333,13.811759076,9.489572483,1.613736630,0.671192763,0.003838684,-0.020508040,101.014443404,-0.772907001,49.020862085,51.993581319,0.005636098,-0.006389203
36.166666667,13.810677659,9.511911852,1.613048005,0.670715374,0.003909510,-0.020804022,100.931442851,-0.781982426,48.961909067,51.969533784,0.005624631,-0.006377936
36.200000000,13.809610049,9.534235848,1.612349501,0.670230827,0.003980351,-0.021100826,100.847397634,-0.791097187,48.902358073,51.945039561,0.005613096,-0.006366473
36.233333333,13.808556454,9.556544235,1.611641090,0.669739146,0.004051211,-0.021398467,100.762312042,-0.800251828,48.842210197,51.920101845,0.005601491,-0.006354813
36.266666667,13.807517081,9.578836778,1.610922744,0.669240355,0.004122090,-0.021696960,100.676190429,-0.809446896,48.781466568,51.894723861,0.005589818,-0.006342955
36.300000000,13.806492137,9.601113242,1.610194433,0.668734479,0.004192989,-0.021996322,100.589037208,-0.818682935,48.720128345,51.868908863,0.005578077,-0.006330901
36.333333333,13.805481830,9.623373392,1.609456129,0.668221544,0.004263910,-0.022296567,100.500856853,-0.827960488,48.658196718,51.842660135,0.005566267,-0.006318650
36.366666667,13.804486366,9.645616994,1.608707801,0.667701576,0.004334855,-0.022597710,100.411653902,-0.837280100,48.595672912,51.815980990,0.005554388,-0.006306202
36.400000000,13.803505950,9.667843814,1.607949421,0.667174600,0.004405825,-0.022899768,100.321432950,-0.846642313,48.532558180,51.788874770,0.005542441,-0.006293557
36.433333333,13.802540789,9.690053619,1.607180957,0.666640644,0.004476820,-0.023202756,100.230198658,-0.856047669,48.468853812,51.761344846,0.005530425,-0.006280714
36.466666667,13.801591087,9.712246175,1.606402377,0.666099734,0.004547844,-0.023506688,100.137955746,-0.865496708,48.404561126,51.733394620,0.005518341,-0.006267675
36.500000000,13.800657048,9.734421251,1.605613650,0.665551898,0.004618896,-0.023811581,100.044708997,-0.874989971,48.339681478,51.705027520,0.005506187,-0.006254439
36.533333333,13.799738878,9.756578615,1.604814744,0.664997163,0.004689978,-0.024117449,99.950463257,-0.884527996,48.274216252,51.676247005,0.005493966,-0.006241006
36.566666667,13.798836779,9.778718034,1.604005627,0.664435557,0.004761091,-0.024424307,99.855223430,-0.894111321,48.208166867,51.647056563,0.005481675,-0.006227376
36.600000000,13.797950956,9.800839279,1.603186263,0.663867110,0.004832237,-0.024732172,99.758994487,-0.903740483,48.141534776,51.617459711,0.005469316,-0.006213549
36.633333333,13.797081610,9.822942119,1.602356621,0.663291850,0.004903417,-0.025041059,99.661781459,-0.913416018,48.074321465,51.587459994,0.005456889,-0.006199525
36.666666667,13.796228944,9.845026323,1.601516665,0.662709807,0.004974632,-0.025350982,99.563589438,-0.923138459,48.006528452,51.557060986,0.005444393,-0.006185304
36.700000000,13.795393160,9.867091664,1.600666362,0.662121010,0.005045884,-0.025661957,99.464423582,-0.932908339,47.938157292,51.526266290,0.005431828,-0.006170886
36.733333333,13.794574460,9.889137911,1.599805674,0.661525489,0.005117173,-0.025973998,99.364289109,-0.942726191,47.869209571,51.495079537,0.005419195,-0.006156271
36.766666667,13.793773043,9.911164836,1.598934567,0.660923276,0.005188502,-0.026287122,99.263191300,-0.952592544,47.799686912,51.463504388,0.005406493,-0.006141459
36.800000000,13.792989112,9.933172213,1.598053005,0.660314401,0.005259870,-0.026601344,99.161135500,-0.962507926,47.729590970,51.431544530,0.005393722,-0.006126450
36.833333333,13.792222866,9.955159813,1.597160950,0.659698895,0.005331280,-0.026916678,99.058127117,-0.972472864,47.658923436,51.399203681,0.005380883,-0.006111244
36.866666667,13.791474504,9.977127410,1.596258366,0.659076791,0.005402733,-0.027233139,98.954171621,-0.982487882,47.587686037,51.366485584,0.005367975,-0.006095841
36.900000000,13.790744225,9.999074778,1.595345213,0.658448120,0.005474229,-0.027550743,98.849274545,-0.992553505,47.515880532,51.333394013,0.005354999,-0.006080241
36.933333333,13.790032228,10.021001692,1.594421455,0.657812916,0.005545770,-0.027869505,98.743441489,-1.002670253,47.443508720,51.299932769,0.005341954,-0.006064444
36.966666667,13.789338711,10.042907926,1.593487052,0.657171210,0.005617357,-0.028189439,98.636678111,-1.012838645,47.370572432,51.266105680,0.005328840,-0.006048450
37.000000000,13.788663872,10.064793256,1.592541965,0.656523038,0.005688992,-0.028510561,98.528990138,-1.023059197,47.297073536,51.231916602,0.005315658,-0.006032260
37.033333333,13.788007908,10.086657459,1.591586153,0.655868432,0.005760674,-0.028832886,98.420383358,-1.033332425,47.223013938,51.197369420,0.005302407,-0.006015872
37.066666667,13.787371015,10.108500312,1.590619578,0.655207426,0.005832407,-0.029156428,98.310863623,-1.043658841,47.148395578,51.162468045,0.005289088,-0.005999287
37.100000000,13.786753390,10.130321591,1.589642197,0.654540056,0.005904189,-0.029481202,98.200436850,-1.054038954,47.073220436,51.127216414,0.005275700,-0.005982505
37.133333333,13.786155228,10.152121075,1.588653969,0.653866357,0.005976023,-0.029807223,98.089109019,-1.064473272,46.997490525,51.091618494,0.005262243,-0.005965526
37.166666667,13.785576724,10.173898543,1.587654854,0.653186364,0.006047910,-0.030134506,97.976886177,-1.074962299,46.921207899,51.055678278,0.005248718,-0.005948351
37.200000000,13.785018073,10.195653775,1.586644808,0.652500113,0.006119850,-0.030463065,97.863774433,-1.085506535,46.844374649,51.019399784,0.005235124,-0.005930978
37.233333333,13.784479470,10.217386549,1.585623788,0.651807640,0.006191845,-0.030792915,97.749779962,-1.096106481,46.766992903,50.982787059,0.005221461,-0.005913408
37.266666667,13.783961107,10.239096647,1.584591752,0.651108982,0.006263896,-0.031124072,97.634909004,-1.106762630,46.689064829,50.945844175,0.005207730,-0.005895642
37.300000000,13.783463178,10.260783851,1.583548655,0.650404176,0.006336003,-0.031456548,97.519167862,-1.117475475,46.610592632,50.908575230,0.005193930,-0.005877678
37.333333333,13.782985876,10.282447941,1.582494454,0.649693260,0.006408168,-0.031790359,97.402562907,-1.128245506,46.531578558,50.870984349,0.005180062,-0.005859517
37.366666667,13.782529392,10.304088701,1.581429103,0.648976272,0.006480391,-0.032125519,97.285100574,-1.139073206,46.452024892,50.833075682,0.005166125,-0.005841160
37.400000000,13.782093919,10.325705914,1.580352557,0.648253250,0.006552674,-0.032462043,97.166787362,-1.149959056,46.371933957,50.794853405,0.005152120,-0.005822605
37.433333333,13.781679647,10.347299365,1.579264771,0.647524233,0.006625017,-0.032799944,97.047629840,-1.160903536,46.291308120,50.756321720,0.005138046,-0.005803853
37.466666667,13.781286766,10.368868837,1.578165699,0.646789260,0.006697421,-0.033139237,96.927634637,-1.171907117,46.210149785,50.717484852,0.005123903,-0.005784905
37.500000000,13.780915468,10.390414116,1.577055294,0.646048372,0.006769888,-0.033479937,96.806808452,-1.182970270,46.128461400,50.678347053,0.005109692,-0.005765759
37.533333333,13.780565941,10.411934989,1.575933508,0.645301607,0.006842418,-0.033822056,96.685158050,-1.194093458,46.046245452,50.638912598,0.005095412,-0.005746417
37.566666667,13.780238375,10.433431241,1.574800295,0.644549008,0.006915011,-0.034165610,96.562690259,-1.205277143,45.963504471,50.599185788,0.005081063,-0.005726877
37.600000000,13.779932957,10.454902662,1.573655606,0.643790613,0.006987669,-0.034510611,96.439411977,-1.216521779,45.880241029,50.559170947,0.005066646,-0.005707141
37.633333333,13.779649876,10.476349038,1.572499392,0.643026466,0.007060392,-0.034857074,96.315330167,-1.227827817,45.796457743,50.518872424,0.005052160,-0.005687207
37.666666667,13.779389319,10.497770159,1.571331606,0.642256608,0.007133182,-0.035205013,96.190451858,-1.239195703,45.712157269,50.478294589,0.005037606,-0.005667077
37.700000000,13.779151474,10.519165814,1.570152196,0.641481080,0.007206038,-0.035554440,96.064784147,-1.250625877,45.627342311,50.437441837,0.005022983,-0.005646749
37.733333333,13.778936526,10.540535795,1.568961114,0.640699927,0.007278962,-0.035905370,95.938334199,-1.262118773,45.542015613,50.396318586,0.005008291,-0.005626225
37.766666667,13.778744660,10.561879892,1.567758309,0.639913190,0.007351955,-0.036257816,95.811109243,-1.273674820,45.456179967,50.354929276,0.004993531,-0.005605504
37.800000000,13.778576063,10.583197897,1.566543731,0.639120913,0.007425016,-0.036611791,95.683116578,-1.285294442,45.369838209,50.313278369,0.004978702,-0.005584585
37.833333333,13.778430920,10.604489604,1.565317328,0.638323141,0.007498147,-0.036967309,95.554363570,-1.296978054,45.282993219,50.271370351,0.004963805,-0.005563470
37.866666667,13.778309413,10.625754805,1.564079049,0.637519917,0.007571348,-0.037324382,95.424857652,-1.308726068,45.195647926,50.229209726,0.004948839,-0.005542158
37.900000000,13.778211727,10.646993295,1.562828841,0.636711288,0.007644620,-0.037683023,95.294606325,-1.320538887,45.107805304,50.186801021,0.004933804,-0.005520648
37.933333333,13.778138044,10.668204869,1.561566652,0.635897296,0.007717963,-0.038043246,95.163617158,-1.332416907,45.019468373,50.144148785,0.004918701,-0.005498942
37.966666667,13.778088548,10.689389323,1.560292429,0.635077990,0.007791379,-0.038405062,95.031897789,-1.344360519,44.930640204,50.101257585,0.004903529,-0.005477039
38.000000000,13.778063420,10.710546454,1.559006119,0.634253414,0.007864867,-0.038768484,94.899455923,-1.356370105,44.841323914,50.058132009,0.004888288,-0.005454938
38.033333333,13.778062841,10.731676060,1.557707668,0.633423615,0.007938427,-0.039133526,94.766299334,-1.368446039,44.751522668,50.014776665,0.004872979,-0.005432641
38.066666667,13.778086992,10.752777938,1.556397022,0.632588641,0.008012062,-0.039500198,94.632435864,-1.380588689,44.661239684,49.971196180,0.004857602,-0.005410147
38.100000000,13.778136053,10.773851888,1.555074126,0.631748538,0.008085770,-0.039868513,94.497873425,-1.392798413,44.570478225,49.927395200,0.004842155,-0.005387456
38.133333333,13.778210205,10.794897710,1.553738926,0.630903356,0.008159552,-0.040238483,94.362619996,-1.405075562,44.479241610,49.883378387,0.004826641,-0.005364568
38.166666667,13.778309625,10.815915205,1.552391366,0.630053141,0.008233409,-0.040610120,94.226683628,-1.417420477,44.387533205,49.839150423,0.004811057,-0.005341482
38.200000000,13.778434493,10.836904175,1.551031389,0.629197943,0.008307341,-0.040983435,94.090072438,-1.429833490,44.295356430,49.794716007,0.004795405,-0.005318200
38.233333333,13.778584986,10.857864421,1.549658941,0.628337811,0.008381348,-0.041358439,93.952794613,-1.442314925,44.202714758,49.750079855,0.004779684,-0.005294721
38.266666667,13.778761282,10.878795749,1.548273965,0.627472795,0.008455431,-0.041735145,93.814858411,-1.454865096,44.109611713,49.705246697,0.004763895,-0.005271045
38.300000000,13.778963558,10.899697961,1.546876403,0.626602944,0.008529589,-0.042113562,93.676272158,-1.467484306,44.016050876,49.660221282,0.004748037,-0.005247172
38.333333333,13.779191989,10.920570864,1.545466199,0.625728310,0.008603824,-0.042493702,93.537044251,-1.480172848,43.922035880,49.615008372,0.004732110,-0.005223102
38.366666667,13.779446751,10.941414263,1.544043295,0.624848944,0.008678135,-0.042875575,93.397183156,-1.492931006,43.827570413,49.569612743,0.004716115,-0.005198835
38.400000000,13.779728019,10.962227966,1.542607633,0.623964897,0.008752522,-0.043259192,93.256697410,-1.505759051,43.732658222,49.524039188,0.004700052,-0.005174371
38.433333333,13.780035968,10.983011779,1.541159154,0.623076220,0.008826985,-0.043644563,93.115595618,-1.518657245,43.637303107,49.478292511,0.004683919,-0.005149710
38.466666667,13.780370770,11.003765513,1.539697801,0.622182967,0.008901526,-0.044031697,92.973886458,-1.531625836,43.541508929,49.432377529,0.004667718,-0.005124852
38.500000000,13.780732601,11.024488977,1.538223513,0.621285190,0.008976142,-0.044420605,92.831578676,-1.544665062,43.445279604,49.386299072,0.004651449,-0.005099797
38.533333333,13.781121631,11.045181981,1.536736232,0.620382943,0.009050836,-0.044811296,92.688681090,-1.557775147,43.348619109,49.340061981,0.004635111,-0.005074545
38.566666667,13.781538033,11.065844337,1.535235899,0.619476279,0.009125606,-0.045203779,92.545202589,-1.570956304,43.251531479,49.293671109,0.004618704,-0.005049096
38.600000000,13.781981979,11.086475857,1.533722453,0.618565252,0.009200452,-0.045598064,92.401152131,-1.584208732,43.154020812,49.247131318,0.004602228,-0.005023450
38.633333333,13.782453639,11.107076356,1.532195834,0.617649918,0.009275375,-0.045994158,92.256538746,-1.597532616,43.056091266,49.200447480,0.004585684,-0.004997607
38.666666667,13.782953183,11.127645647,1.530655982,0.616730330,0.009350374,-0.046392071,92.111371536,-1.610928128,42.957747059,49.153624476,0.004569072,-0.004971567
38.700000000,13.783480780,11.148183546,1.529102835,0.615806546,0.009425449,-0.046791810,91.965659671,-1.624395427,42.858992476,49.106667195,0.004552391,-0.004945330
38.733333333,13.784036601,11.168689869,1.527536334,0.614878620,0.009500600,-0.047193383,91.819412397,-1.637934654,42.759831863,49.059580533,0.004535641,-0.004918897
38.766666667,13.784620812,11.189164434,1.525956416,0.613946610,0.009575827,-0.047596798,91.672639025,-1.651545938,42.660269632,49.012369394,0.004518822,-0.004892266
38.800000000,13.785233582,11.209607058,1.524363020,0.613010573,0.009651129,-0.048002062,91.525348944,-1.665229391,42.560310259,48.965038685,0.004501935,-0.004865438
38.833333333,13.785875078,11.230017562,1.522756085,0.612070565,0.009726506,-0.048409182,91.377551610,-1.678985109,42.459958288,48.917593322,0.004484980,-0.004838413
38.866666667,13.786545466,11.250395765,1.521135548,0.611126644,0.009801957,-0.048818164,91.229256551,-1.692813172,42.359218330,48.870038221,0.004467955,-0.004811191
38.900000000,13.787244912,11.270741489,1.519501348,0.610178870,0.009877483,-0.049229015,91.080473369,-1.706713643,42.258095063,48.822378305,0.004450862,-0.004783773
38.933333333,13.787973581,11.291054556,1.517853421,0.609227301,0.009953082,-0.049641741,90.931211735,-1.720686568,42.156593237,48.774618498,0.004433701,-0.004756157
38.966666667,13.788731637,11.311334789,1.516191706,0.608271997,0.010028754,-0.050056347,90.781481394,-1.734731975,42.054717668,48.726763725,0.004416471,-0.004728344
39.000000000,13.789519245,11.331582013,1.514516139,0.607313016,0.010104499,-0.050472838,90.631292161,-1.748849873,41.952473248,48.678818913,0.004399172,-0.004700335
39.033333333,13.790336568,11.351796053,1.512826658,0.606350419,0.010180315,-0.050891219,90.480653924,-1.763040253,41.849864936,48.630788988,0.004381805,-0.004672128
39.066666667,13.791183768,11.371976736,1.511123199,0.605384268,0.010256203,-0.051311495,90.329576643,-1.777303088,41.746897768,48.582678875,0.004364369,-0.004643724
39.100000000,13.792061008,11.392123889,1.509405700,0.604414622,0.010332161,-0.051733668,90.178070348,-1.791638328,41.643576852,48.534493497,0.004346865,-0.004615124
39.133333333,13.792968448,11.412237340,1.507674096,0.603441545,0.010408189,-0.052157744,90.026145145,-1.806045905,41.539907370,48.486237775,0.004329291,-0.004586326
39.166666667,13.793906250,11.432316920,1.505928326,0.602465097,0.010484286,-0.052583725,89.873811208,-1.820525730,41.435894584,48.437916624,0.004311650,-0.004557331
39.200000000,13.794874573,11.452362458,1.504168324,0.601485342,0.010560451,-0.053011613,89.721078785,-1.835077693,41.331543829,48.389534956,0.004293939,-0.004528140
39.233333333,13.795873576,11.472373787,1.502394027,0.600502343,0.010636682,-0.053441411,89.567958195,-1.849701660,41.226860520,48.341097675,0.004276160,-0.004498751
39.266666667,13.796903419,11.492350740,1.500605373,0.599516163,0.010712980,-0.053873121,89.414459832,-1.864397477,41.121850151,48.292609680,0.004258313,-0.004469166
39.300000000,13.797964260,11.512293150,1.498802296,0.598526866,0.010789343,-0.054306743,89.260594157,-1.879164967,41.016518296,48.244075860,0.004240397,-0.004439383
39.333333333,13.799056255,11.532200852,1.496984733,0.597534516,0.010865770,-0.054742279,89.106371707,-1.894003926,40.910870611,48.195501096,0.004222412,-0.004409404
39.366666667,13.800179562,11.552073683,1.495152621,0.596539180,0.010942259,-0.055179729,88.951803090,-1.908914130,40.804912833,48.146890257,0.004204359,-0.004379227
39.400000000,13.801334337,11.571911480,1.493305895,0.595540921,0.011018810,-0.055619093,88.796898986,-1.923895329,40.698650784,48.098248203,0.004186237,-0.004348854
39.433333333,13.802520734,11.591714081,1.491444493,0.594539806,0.011095422,-0.056060369,88.641670147,-1.938947246,40.592090369,48.049579777,0.004168046,-0.004318283
39.466666667,13.803738910,11.611481326,1.489568349,0.593535902,0.011172092,-0.056503557,88.486127395,-1.954069580,40.485237581,48.000889813,0.004149787,-0.004287516
39.500000000,13.804989017,11.631213055,1.487677401,0.592529276,0.011248820,-0.056948655,88.330281627,-1.969262003,40.378098499,47.952183127,0.004131459,-0.004256552
39.533333333,13.806271209,11.650909110,1.485771584,0.591519994,0.011325603,-0.057395660,88.174143809,-1.984524160,40.270679289,47.903464520,0.004113063,-0.004225390
39.566666667,13.807585639,11.670569334,1.483850836,0.590508124,0.011402442,-0.057844569,88.017724981,-1.999855667,40.162986208,47.854738773,0.004094598,-0.004194032
39.600000000,13.808932458,11.690193571,1.481915093,0.589493735,0.011479333,-0.058295379,87.861036252,-2.015256113,40.055025601,47.806010651,0.004076064,-0.004162476
39.633333333,13.810311819,11.709781666,1.479964291,0.588476896,0.011556276,-0.058748084,87.704088804,-2.030725057,39.946803907,47.757284897,0.004057462,-0.004130724
39.666666667,13.811723872,11.729333466,1.477998368,0.587457676,0.011633268,-0.059202681,87.546893891,-2.046262030,39.838327657,47.708566234,0.004038791,-0.004098775
39.700000000,13.813168766,11.748848819,1.476017260,0.586436144,0.011710308,-0.059659164,87.389462836,-2.061866531,39.729603475,47.659859362,0.004020051,-0.004066629
39.733333333,13.814646651,11.768327573,1.474020906,0.585412372,0.011787394,-0.060117526,87.231807035,-2.077538027,39.620638081,47.611168955,0.004001243,-0.004034285
39.766666667,13.816157675,11.787769578,1.472009241,0.584386429,0.011864524,-0.060577761,87.073937954,-2.093275957,39.511438291,47.562499663,0.003982367,-0.004001745
39.800000000,13.817701987,11.807174685,1.469982204,0.583358386,0.011941696,-0.061039861,86.915867130,-2.109079724,39.402011019,47.513856110,0.003963421,-0.003969008
39.833333333,13.819279733,11.826542747,1.467939733,0.582328316,0.012018908,-0.061503817,86.757606169,-2.124948699,39.292363278,47.465242891,0.003944408,-0.003936074
39.866666667,13.820891060,11.845873617,1.465881767,0.581296291,0.012096158,-0.061969621,86.599166749,-2.140882221,39.182502180,47.416664569,0.003925325,-0.003902942
39.900000000,13.822536113,11.865167150,1.463808243,0.580262382,0.012173444,-0.062437263,86.440560618,-2.156879593,39.072434938,47.368125680,0.003906174,-0.003869614
39.933333333,13.824215038,11.884423203,1.461719101,0.579226664,0.012250763,-0.062906732,86.281799593,-2.172940083,38.962168868,47.319630725,0.003886954,-0.003836089
39.966666667,13.825927979,11.903641632,1.459614280,0.578189210,0.012328113,-0.063378017,86.122895560,-2.189062922,38.851711391,47.271184169,0.003867666,-0.003802367
40.000000000,13.827675080,11.922822296,1.457493720,0.577150093,0.012405491,-0.063851105,85.963860477,-2.205247308,38.741070031,47.222790446,0.003848309,-0.003768448
40.033333333,13.829456483,11.941965055,1.455357360,0.576109389,0.012482895,-0.064325985,85.804706368,-2.221492398,38.630252418,47.174453950,0.003828884,-0.003734332
40.066666667,13.831272330,11.961069770,1.453205141,0.575067173,0.012560323,-0.064802641,85.645445326,-2.237797314,38.519266290,47.126179036,0.003809389,-0.003700019
40.100000000,13.833122764,11.980136304,1.451037005,0.574023519,0.012637772,-0.065281060,85.486089515,-2.254161136,38.408119495,47.077970020,0.003789827,-0.003665509
40.133333333,13.835007924,11.999164519,1.448852893,0.572978504,0.012715239,-0.065761225,85.326651163,-2.270582909,38.296819988,47.029831175,0.003770195,-0.003630802
40.166666667,13.836927951,12.018154281,1.446652747,0.571932204,0.012792720,-0.066243121,85.167142570,-2.287061633,38.185375837,46.981766733,0.003750495,-0.003595898
40.200000000,13.838882984,12.037105455,1.444436509,0.570884696,0.012870214,-0.066726730,85.007576100,-2.303596271,38.073795220,46.933780879,0.003730727,-0.003560797
40.233333333,13.840873162,12.056017911,1.442204122,0.569836058,0.012947717,-0.067212034,84.847964185,-2.320185743,37.962086432,46.885877753,0.003710890,-0.003525499
40.266666667,13.842898622,12.074891515,1.439955532,0.568786366,0.013025227,-0.067699013,84.688319323,-2.336828927,37.850257879,46.838061444,0.003690984,-0.003490004
40.300000000,13.844959501,12.093726139,1.437690681,0.567735701,0.013102739,-0.068187648,84.528654078,-2.353524656,37.738318084,46.790335994,0.003671009,-0.003454312
40.333333333,13.847055937,12.112521653,1.435409516,0.566684139,0.013180251,-0.068677917,84.368981082,-2.370271723,37.626275689,46.742705393,0.003650966,-0.003418423
40.366666667,13.849188063,12.131277930,1.433111981,0.565631761,0.013257758,-0.069169799,84.209313028,-2.387068873,37.514139450,46.695173578,0.003630855,-0.003382337
40.400000000,13.851356016,12.149994845,1.430798024,0.564578647,0.013335259,-0.069663269,84.049662676,-2.403914808,37.401918245,46.647744430,0.003610675,-0.003346054
40.433333333,13.853559930,12.168672273,1.428467593,0.563524875,0.013412749,-0.070158304,83.890042849,-2.420808183,37.289621073,46.600421775,0.003590426,-0.003309574
40.466666667,13.855799936,12.187310091,1.426120635,0.562470528,0.013490225,-0.070654878,83.730466434,-2.437747605,37.177257053,46.553209381,0.003570108,-0.003272897
40.500000000,13.858076170,12.205908176,1.423757099,0.561415685,0.013567682,-0.071152966,83.570946382,-2.454731638,37.064835426,46.506110956,0.003549722,-0.003236024
40.533333333,13.860388761,12.224466408,1.421376936,0.560360429,0.013645118,-0.071652539,83.411495703,-2.471758792,36.952365559,46.459130145,0.003529268,-0.003198953
40.566666667,13.862737842,12.242984668,1.418980097,0.559304841,0.013722527,-0.072153569,83.252127472,-2.488827534,36.839856941,46.412270532,0.003508745,-0.003161685
40.600000000,13.865123542,12.261462838,1.416566533,0.558249004,0.013799907,-0.072656027,83.092854823,-2.505936276,36.727319188,46.365535635,0.003488153,-0.003124220
40.633333333,13.867545991,12.279900803,1.414136197,0.557193001,0.013877252,-0.073159881,82.933690951,-2.523083384,36.614762045,46.318928906,0.003467492,-0.003086559
40.666666667,13.870005318,12.298298445,1.411689044,0.556136914,0.013954559,-0.073665100,82.774649110,-2.540267171,36.502195380,46.272453730,0.003446763,-0.003048700
40.700000000,13.872501651,12.316655654,1.409225029,0.555080829,0.014031824,-0.074171649,82.615742613,-2.557485899,36.389629194,46.226113419,0.003425965,-0.003010644
40.733333333,13.875035118,12.334972315,1.406744107,0.554024828,0.014109041,-0.074679495,82.456984832,-2.574737777,36.277073615,46.179911217,0.003405099,-0.002972391
40.766666667,13.877605844,12.353248318,1.404246236,0.552968996,0.014186207,-0.075188602,82.298389195,-2.592020961,36.164538902,46.133850292,0.003384164,-0.002933942
40.800000000,13.880213956,12.371483554,1.401731375,0.551913420,0.014263316,-0.075698933,82.139969186,-2.609333556,36.052035447,46.087933739,0.003363161,-0.002895295
40.833333333,13.882859578,12.389677914,1.399199483,0.550858183,0.014340364,-0.076210450,81.981738347,-2.626673609,35.939573772,46.042164575,0.003342089,-0.002856451
40.866666667,13.885542835,12.407831293,1.396650522,0.549803372,0.014417347,-0.076723112,81.823710272,-2.644039114,35.827164532,45.996545740,0.003320948,-0.002817411
40.900000000,13.888263849,12.425943586,1.394084454,0.548749074,0.014494258,-0.077236880,81.665898610,-2.661428010,35.714818518,45.951080093,0.003299739,-0.002778173
40.933333333,13.891022745,12.444014688,1.391501244,0.547695374,0.014571093,-0.077751711,81.508317064,-2.678838178,35.602546651,45.905770412,0.003278461,-0.002738739
40.966666667,13.893819642,12.462044497,1.388900855,0.546642360,0.014647848,-0.078267560,81.350979385,-2.696267444,35.490359992,45.860619394,0.003257114,-0.002699107
41.000000000,13.896654664,12.480032913,1.386283256,0.545590120,0.014724515,-0.078784384,81.193899380,-2.713713578,35.378269733,45.815629647,0.003235699,-0.002659279
41.033333333,13.899527928,12.497979837,1.383648414,0.544538742,0.014801091,-0.079302136,81.037090901,-2.731174288,35.266287205,45.770803696,0.003214215,-0.002619253
41.066666667,13.902439556,12.515885170,1.380996299,0.543488314,0.014877570,-0.079820769,80.880567852,-2.748647227,35.154423874,45.726143978,0.003192663,-0.002579031
41.100000000,13.905389666,12.533748817,1.378326883,0.542438925,0.014953945,-0.080340232,80.724344183,-2.766129989,35.042691344,45.681652840,0.003171042,-0.002538611
41.133333333,13.908378376,12.551570682,1.375640139,0.541390663,0.015030211,-0.080860475,80.568433891,-2.783620108,34.931101354,45.637332537,0.003149352,-0.002497995
41.166666667,13.911405802,12.569350673,1.372936042,0.540343619,0.015106363,-0.081381446,80.412851018,-2.801115057,34.819665783,45.593185234,0.003127594,-0.002457181
41.200000000,13.914472061,12.587088698,1.370214568,0.539297882,0.015182394,-0.081903092,80.257609649,-2.818612252,34.708396647,45.549213002,0.003105767,-0.002416171
41.233333333,13.917577268,12.604784666,1.367475696,0.538253543,0.015258298,-0.082425357,80.102723915,-2.836109046,34.597306100,45.505417815,0.003083872,-0.002374963
41.266666667,13.920721538,12.622438489,1.364719406,0.537210692,0.015334068,-0.082948185,79.948207984,-2.853602731,34.486406432,45.461801552,0.003061908,-0.002333559
41.300000000,13.923904985,12.640050080,1.361945681,0.536169420,0.015409700,-0.083471517,79.794076068,-2.871090539,34.375710074,45.418365994,0.003039875,-0.002291958
41.333333333,13.927127722,12.657619352,1.359154504,0.535129820,0.015485185,-0.083995294,79.640342415,-2.888569640,34.265229593,45.375112822,0.003017774,-0.002250159
41.366666667,13.930389861,12.675146222,1.356345861,0.534091981,0.015560518,-0.084519455,79.487021313,-2.906037141,34.154977694,45.332043619,0.002995604,-0.002208164
41.400000000,13.933691513,12.692630607,1.353519742,0.533055997,0.015635692,-0.085043936,79.334127083,-2.923490088,34.044967219,45.289159865,0.002973366,-0.002165972
41.433333333,13.937032789,12.710072427,1.350676137,0.532021960,0.015710700,-0.085568673,79.181674083,-2.940925465,33.935211148,45.246462935,0.002951059,-0.002123582
41.466666667,13.940413798,12.727471601,1.347815037,0.530989963,0.015785534,-0.086093599,79.029676703,-2.958340192,33.825722597,45.203954105,0.002928683,-0.002080996
41.500000000,13.943834650,12.744828052,1.344936438,0.529960098,0.015860188,-0.086618648,78.878149362,-2.975731128,33.716514819,45.161634543,0.002906239,-0.002038213
41.533333333,13.947295453,12.762141704,1.342040337,0.528932459,0.015934655,-0.087143750,78.727106514,-2.993095068,33.607601202,45.119505311,0.002883726,-0.001995233
41.566666667,13.950796313,12.779412482,1.339126734,0.527907140,0.016008927,-0.087668833,78.576562635,-3.010428745,33.498995269,45.077567366,0.002861145,-0.001952055
41.600000000,13.954337337,12.796640312,1.336195629,0.526884234,0.016082997,-0.088193825,78.426532233,-3.027728829,33.390710675,45.035821557,0.002838494,-0.001908681
41.633333333,13.957918631,12.813825124,1.333247028,0.525863837,0.016156857,-0.088718652,78.277029836,-3.044991927,33.282761212,44.994268624,0.002815776,-0.001865110
41.666666667,13.961540299,12.830966847,1.330280938,0.524846041,0.016230500,-0.089243238,78.128069998,-3.062214583,33.175160801,44.952909197,0.002792989,-0.001821342
41.700000000,13.965202446,12.848065413,1.327297366,0.523830944,0.016303917,-0.089767505,77.979667292,-3.079393280,33.067923493,44.911743799,0.002770133,-0.001777377
41.733333333,13.968905173,12.865120756,1.324296327,0.522818638,0.016377101,-0.090291373,77.831836313,-3.096524436,32.961063472,44.870772841,0.002747208,-0.001733215
41.766666667,13.972648584,12.882132811,1.321277833,0.521809220,0.016450043,-0.090814761,77.684591671,-3.113604409,32.854595048,44.829996622,0.002724215,-0.001688856
41.800000000,13.976432780,12.899101513,1.318241904,0.520802786,0.016522736,-0.091337587,77.537947991,-3.130629495,32.748532658,44.789415333,0.002701153,-0.001644300
41.833333333,13.980257861,12.916026803,1.315188558,0.519799430,0.016595170,-0.091859765,77.391919913,-3.147595929,32.642890863,44.749029050,0.002678023,-0.001599547
41.866666667,13.984123927,12.932908618,1.312117818,0.518799250,0.016667338,-0.092381210,77.246522088,-3.164499881,32.537684349,44.708837739,0.002654824,-0.001554597
41.900000000,13.988031076,12.949746901,1.309029712,0.517802341,0.016739231,-0.092901834,77.101769176,-3.181337466,32.432927922,44.668841254,0.002631556,-0.001509449
41.933333333,13.991979407,12.966541596,1.305924267,0.516808799,0.016810840,-0.093421547,76.957675844,-3.198104736,32.328636507,44.629039337,0.002608220,-0.001464106
41.966666667,13.995969017,12.983292646,1.302801515,0.515818722,0.016882156,-0.093940257,76.814257181,-3.214799131,32.224822569,44.589434613,0.002584815,-0.001418565
42.000000000,14.000000000,13.000000000,1.299661492,0.514832207,0.016953170,-0.094457877,76.671527111,-3.231415090,32.121503768,44.550023343,0.002561341,-0.001372827
42.033333333,14.004072454,13.016663604,1.296504235,0.513849350,0.017023873,-0.094974305,76.529499962,-3.247955424,32.018681858,44.510818104,0.002537852,-0.001327093
42.066666667,14.008186473,13.033283410,1.293329785,0.512870247,0.017094257,-0.095489479,76.388190870,-3.264427003,31.916351198,44.471839671,0.002514402,-0.001281564
42.100000000,14.012342149,13.049859368,1.290138186,0.511894997,0.017164311,-0.096003330,76.247613443,-3.280825994,31.814525964,44.433087479,0.002490990,-0.001236238
42.133333333,14.016539576,13.066391433,1.286929481,0.510923695,0.017234028,-0.096515791,76.107781627,-3.297148725,31.713220189,44.394561438,0.002467616,-0.001191118
42.166666667,14.020778846,13.082879558,1.283703720,0.509956437,0.017303399,-0.097026789,75.968709302,-3.313391528,31.612447867,44.356261435,0.002444280,-0.001146202
42.200000000,14.025060049,13.099323702,1.280460951,0.508993319,0.017372415,-0.097536251,75.830410285,-3.329550736,31.512222959,44.318187326,0.002420982,-0.001101490
42.233333333,14.029383276,13.115723822,1.277201228,0.508034436,0.017441067,-0.098044099,75.692898331,-3.345622679,31.412559398,44.280338933,0.002397723,-0.001056983
42.266666667,14.033748615,13.132079878,1.273924605,0.507079885,0.017509348,-0.098550257,75.556187123,-3.361603685,31.313471090,44.242716034,0.002374502,-0.001012680
42.300000000,14.038156155,13.148391832,1.270631141,0.506129759,0.017577250,-0.099054643,75.420290279,-3.377490076,31.214971917,44.205318362,0.002351319,-0.000968582
42.333333333,14.042605985,13.164659647,1.267320895,0.505184154,0.017644763,-0.099557177,75.285221343,-3.393278165,31.117075740,44.168145604,0.002328174,-0.000924689
42.366666667,14.047098189,13.180883289,1.263993930,0.504243163,0.017711879,-0.100057775,75.150993790,-3.408964259,31.019796398,44.131197392,0.002305068,-0.000880999
42.400000000,14.051632855,13.197062723,1.260650313,0.503306880,0.017778591,-0.100556351,75.017621017,-3.424544656,30.923147709,44.094473308,0.002281999,-0.000837515
42.433333333,14.056210067,13.213197918,1.257290113,0.502375399,0.017844890,-0.101052820,74.885116346,-3.440015645,30.827143471,44.057972876,0.002258969,-0.000794235
42.466666667,14.060829908,13.229288844,1.253913401,0.501448813,0.017910769,-0.101547094,74.753493024,-3.455373507,30.731797460,44.021695564,0.002235977,-0.000751159
42.500000000,14.065492464,13.245335472,1.250520252,0.500527214,0.017976218,-0.102039083,74.622764213,-3.470614513,30.637123428,43.985640785,0.002213024,-0.000708288
42.533333333,14.070197815,13.261337776,1.247110743,0.499610696,0.018041229,-0.102528698,74.492942997,-3.485734925,30.543135104,43.949807893,0.002190108,-0.000665621
42.566666667,14.074946043,13.277295728,1.243684955,0.498699349,0.018105796,-0.103015846,74.364042373,-3.500730999,30.449846189,43.914196184,0.002167231,-0.000623159
42.600000000,14.079737230,13.293209307,1.240242972,0.497793266,0.018169908,-0.103500436,74.236075255,-3.515598981,30.357270357,43.878804898,0.002144392,-0.000580901
42.633333333,14.084571454,13.309078489,1.236784881,0.496892538,0.018233559,-0.103982373,74.109054468,-3.530335112,30.265421250,43.843633219,0.002121591,-0.000538848
42.666666667,14.089448795,13.324903254,1.233310772,0.495997254,0.018296739,-0.104461563,73.982992748,-3.544935627,30.174312475,43.808680272,0.002098829,-0.000496999
42.700000000,14.094369331,13.340683583,1.229820738,0.495107506,0.018359441,-0.104937910,73.857902737,-3.559396757,30.083957604,43.773945132,0.002076104,-0.000455354
42.733333333,14.099333140,13.356419457,1.226314875,0.494223382,0.018421657,-0.105411318,73.733796985,-3.573714729,29.994370167,43.739426818,0.002053418,-0.000413915
42.766666667,14.104340297,13.372110861,1.222793283,0.493344973,0.018483378,-0.105881689,73.610687947,-3.587885769,29.905563649,43.705124298,0.002030770,-0.000372679
42.800000000,14.109390879,13.387757781,1.219256065,0.492472367,0.018544596,-0.106348926,73.488587978,-3.601906101,29.817551488,43.671036490,0.002008160,-0.000331648
42.833333333,14.114484960,13.403360202,1.215703326,0.491605652,0.018605302,-0.106812930,73.367509335,-3.615771950,29.730347071,43.637162264,0.001985589,-0.000290822
42.866666667,14.119622614,13.418918115,1.212135177,0.490744916,0.018665489,-0.107273601,73.247464172,-3.629479546,29.643963728,43.603500444,0.001963055,-0.000250200
42.900000000,14.124803915,13.434431508,1.208551730,0.489890246,0.018725148,-0.107730839,73.128464539,-3.643025121,29.558414728,43.570049811,0.001940560,-0.000209783
42.933333333,14.130028934,13.449900373,1.204953102,0.489041728,0.018784271,-0.108184544,73.010522379,-3.656404914,29.473713277,43.536809102,0.001918103,-0.000169570
42.966666667,14.135297743,13.465324704,1.201339411,0.488199450,0.018842850,-0.108634614,72.893649529,-3.669615172,29.389872511,43.503777017,0.001895685,-0.000129561
43.000000000,14.140610413,13.480704494,1.197710780,0.487363495,0.018900875,-0.109080947,72.777857713,-3.682652150,29.306905492,43.470952221,0.001873304,-0.000089757
43.033333333,14.145967014,13.496039739,1.194067337,0.486533950,0.018958340,-0.109523442,72.663158545,-3.695512116,29.224825202,43.438333342,0.001850962,-0.000050158
43.066666667,14.151367613,13.511330438,1.190409209,0.485710899,0.019015235,-0.109961997,72.549563522,-3.708191354,29.143644542,43.405918980,0.001828658,-0.000010763
43.100000000,14.156812281,13.526576588,1.186736532,0.484894424,0.019071552,-0.110396508,72.437084025,-3.720686160,29.063376321,43.373707705,0.001806392,0.000028428
43.133333333,14.162301083,13.541778190,1.183049440,0.484084611,0.019127283,-0.110826872,72.325731318,-3.732992850,28.984033256,43.341698062,0.001784164,0.000067414
43.166666667,14.167834087,13.556935247,1.179348074,0.483281539,0.019182420,-0.111252987,72.215516542,-3.745107759,28.905627966,43.309888576,0.001761975,0.000106195
43.200000000,14.173411358,13.572047760,1.175632578,0.482485293,0.019236954,-0.111674749,72.106450715,-3.757027245,28.828172963,43.278277752,0.001739824,0.000144772
43.233333333,14.179032961,13.587115735,1.171903098,0.481695952,0.019290877,-0.112092054,71.998544730,-3.768747691,28.751680652,43.246864078,0.001717711,0.000183145
43.266666667,14.184698959,13.602139178,1.168159784,0.480913597,0.019344181,-0.112504800,71.891809352,-3.780265504,28.676163322,43.215646030,0.001695636,0.000221313
43.300000000,14.190409417,13.617118097,1.164402791,0.480138308,0.019396857,-0.112912882,71.786255219,-3.791577124,28.601633141,43.184622078,0.001673599,0.000259276
43.333333333,14.196164397,13.632052500,1.160632275,0.479370164,0.019448897,-0.113316197,71.681892834,-3.802679018,28.528102152,43.153790682,0.001651601,0.000297035
43.366666667,14.201963959,13.646942397,1.156848397,0.478609243,0.019500293,-0.113714642,71.578732568,-3.813567689,28.455582266,43.123150302,0.001629641,0.000334590
43.400000000,14.207808166,13.661787800,1.153051321,0.477855623,0.019551037,-0.114108113,71.476784656,-3.824239677,28.384085257,43.092699398,0.001607719,0.000371940
43.433333333,14.213697076,13.676588723,1.149241214,0.477109380,0.019601121,-0.114496509,71.376059195,-3.834691556,28.313622759,43.062436436,0.001585835,0.000409086
43.466666667,14.219630749,13.691345180,1.145418248,0.476370591,0.019650536,-0.114879726,71.276566141,-3.844919945,28.244206254,43.032359888,0.001563990,0.000446027
43.500000000,14.225609244,13.706057186,1.141582597,0.475639330,0.019699275,-0.115257661,71.178315310,-3.854921503,28.175847072,43.002468238,0.001542182,0.000482764
43.533333333,14.231632617,13.720724759,1.137734438,0.474915673,0.019747328,-0.115630214,71.081316372,-3.864692936,28.108556386,42.972759986,0.001520413,0.000519296
43.566666667,14.237700926,13.735347917,1.133873954,0.474199692,0.019794689,-0.115997283,70.985578851,-3.874230997,28.042345200,42.943233651,0.001498682,0.000555624
43.600000000,14.243814227,13.749926681,1.130001327,0.473491461,0.019841349,-0.116358768,70.891112123,-3.883532489,27.977224352,42.913887771,0.001476990,0.000591747
43.633333333,14.249972574,13.764461071,1.126116746,0.472791051,0.019887301,-0.116714567,70.797925413,-3.892594268,27.913204500,42.884720913,0.001455335,0.000627665
43.666666667,14.256176021,13.778951111,1.122220402,0.472098534,0.019932536,-0.117064582,70.706027795,-3.901413243,27.850296123,42.855731672,0.001433719,0.000663380
43.700000000,14.262424624,13.793396823,1.118312490,0.471413980,0.019977047,-0.117408713,70.615428188,-3.909986382,27.788509514,42.826918674,0.001412141,0.000698889
43.733333333,14.268718433,13.807798234,1.114393207,0.470737458,0.020020825,-0.117746863,70.526135353,-3.918310711,27.727854770,42.798280583,0.001390601,0.000734195
43.766666667,14.275057501,13.822155369,1.110462755,0.470069036,0.020063864,-0.118078935,70.438157896,-3.926383320,27.668341794,42.769816102,0.001369099,0.000769295
43.800000000,14.281441880,13.836468257,1.106521337,0.469408782,0.020106156,-0.118404832,70.351504261,-3.934201360,27.609980283,42.741523977,0.001347636,0.000804192
43.833333333,14.287871618,13.850736927,1.102569162,0.468756762,0.020147692,-0.118724459,70.266182729,-3.941762051,27.552779729,42.713403001,0.001326211,0.000838884
43.866666667,14.294346767,13.864961409,1.098606439,0.468113043,0.020188466,-0.119037723,70.182201420,-3.949062678,27.496749406,42.685452014,0.001304824,0.000873371
43.900000000,14.300867374,13.879141735,1.094633382,0.467477688,0.020228470,-0.119344528,70.099568286,-3.956100601,27.441898372,42.657669913,0.001283475,0.000907654
43.933333333,14.307433488,13.893277938,1.090650208,0.466850761,0.020267698,-0.119644785,70.018291111,-3.962873249,27.388235462,42.630055649,0.001262164,0.000941732
43.966666667,14.314045156,13.907370052,1.086657137,0.466232325,0.020306140,-0.119938402,69.938377512,-3.969378128,27.335769279,42.602608232,0.001240892,0.000975606
44.000000000,14.320702423,13.921418112,1.082654392,0.465622441,0.020343792,-0.120225290,69.859834932,-3.975612820,27.284508196,42.575326736,0.001219658,0.001009275
44.033333333,14.327405337,13.935422156,1.078642198,0.465021171,0.020380645,-0.120505360,69.782670645,-3.981574988,27.234460344,42.548210300,0.001198462,0.001042740
44.066666667,14.334153940,13.949382221,1.074620785,0.464428573,0.020416692,-0.120778526,69.706891746,-3.987262375,27.185633614,42.521258132,0.001177304,0.001076001
44.100000000,14.340948278,13.963298347,1.070590383,0.463844706,0.020451927,-0.121044703,69.632505158,-3.992672804,27.138035648,42.494469511,0.001156185,0.001109057
44.133333333,14.347788394,13.977170575,1.066551227,0.463269628,0.020486344,-0.121303808,69.559517624,-3.997804189,27.091673834,42.467843790,0.001135103,0.001141908
44.166666667,14.354674329,13.990998945,1.062503555,0.462703395,0.020519935,-0.121555757,69.487935709,-4.002654524,27.046555308,42.441380401,0.001114060,0.001174555
44.200000000,14.361606127,14.004783500,1.058447605,0.462146061,0.020552693,-0.121800472,69.417765795,-4.007221897,27.002686941,42.415078854,0.001093055,0.001206998
44.233333333,14.368583827,14.018524285,1.054383622,0.461597683,0.020584614,-0.122037873,69.349014086,-4.011504484,26.960075343,42.388938742,0.001072089,0.001239236
44.266666667,14.375607469,14.032221346,1.050311848,0.461058311,0.020615689,-0.122267884,69.281686597,-4.015500551,26.918726854,42.362959743,0.001051160,0.001271269
44.300000000,14.382677094,14.045874728,1.046232534,0.460527999,0.020645914,-0.122490429,69.215789162,-4.019208461,26.878647540,42.337141622,0.001030270,0.001303098
44.333333333,14.389792739,14.059484479,1.042145927,0.460006797,0.020675282,-0.122705435,69.151327428,-4.022626669,26.839843196,42.311484232,0.001009418,0.001334723
44.366666667,14.396954442,14.073050649,1.038052281,0.459494754,0.020703788,-0.122912832,69.088306852,-4.025753728,26.802319333,42.285987519,0.000988604,0.001366143
44.400000000,14.404162241,14.086573286,1.033951851,0.458991919,0.020731425,-0.123112550,69.026732705,-4.028588288,26.766081182,42.260651522,0.000967829,0.001397358
44.433333333,14.411416171,14.100052443,1.029844894,0.458498340,0.020758188,-0.123304523,68.966610066,-4.031129098,26.731133690,42.235476376,0.000947091,0.001428369
44.466666667,14.418716268,14.113488171,1.025731668,0.458014061,0.020784072,-0.123488684,68.907943823,-4.033375008,26.697481512,42.210462311,0.000926392,0.001459176
44.500000000,14.426062567,14.126880525,1.021612436,0.457539129,0.020809071,-0.123664972,68.850738674,-4.035324967,26.665129016,42.185609657,0.000905731,0.001489778
44.533333333,14.433455101,14.140229558,1.017487461,0.457073587,0.020833181,-0.123833327,68.794999119,-4.036978028,26.634080275,42.160918845,0.000885108,0.001520176
44.566666667,14.440893905,14.153535327,1.013357008,0.456617477,0.020856396,-0.123993688,68.740729469,-4.038333348,26.604339064,42.136390404,0.000864524,0.001550369
44.600000000,14.448379009,14.166797888,1.009221345,0.456170840,0.020878711,-0.124146002,68.687933835,-4.039390188,26.575908864,42.112024971,0.000843978,0.001580357
44.633333333,14.455910446,14.180017299,1.005080740,0.455733716,0.020900122,-0.124290214,68.636616135,-4.040147911,26.548792854,42.087823281,0.000823469,0.001610141
44.666666667,14.463488247,14.193193619,1.000935466,0.455306143,0.020920624,-0.124426273,68.586780090,-4.040605989,26.522993912,42.063786178,0.000803000,0.001639721
44.700000000,14.471112442,14.206326909,0.996785793,0.454888160,0.020940213,-0.124554131,68.538429221,-4.040763999,26.498514613,42.039914608,0.000782568,0.001669096
44.733333333,14.478783060,14.219417230,0.992631997,0.454479802,0.020958885,-0.124673741,68.491566852,-4.040621624,26.475357227,42.016209625,0.000762174,0.001698267
44.766666667,14.486500129,14.232464645,0.988474354,0.454081104,0.020976636,-0.124785059,68.446196109,-4.040178654,26.453523719,41.992672389,0.000741819,0.001727233
44.800000000,14.494263679,14.245469215,0.984313139,0.453692100,0.020993462,-0.124888045,68.402319916,-4.039434989,26.433015749,41.969304167,0.000721502,0.001755995
44.833333333,14.502073735,14.258431007,0.980148632,0.453312821,0.021009359,-0.124982659,68.359941001,-4.038390632,26.413834669,41.946106332,0.000701223,0.001784552
44.866666667,14.509930324,14.271350086,0.975981112,0.452943299,0.021024324,-0.125068867,68.319061887,-4.037045699,26.395981523,41.923080364,0.000680983,0.001812905
44.900000000,14.517833471,14.284226518,0.971810861,0.452583563,0.021038354,-0.125146635,68.279684898,-4.035400408,26.379457048,41.900227850,0.000660780,0.001841053
44.933333333,14.525783203,14.297060370,0.967638159,0.452233641,0.021051445,-0.125215932,68.241812158,-4.033455090,26.364261674,41.877550484,0.000640616,0.001868997
44.966666667,14.533779542,14.309851713,0.963463290,0.451893560,0.021063595,-0.125276730,68.205445588,-4.031210181,26.350395523,41.855050065,0.000620490,0.001896736
45.000000000,14.541822511,14.322600615,0.959286537,0.451563347,0.021074801,-0.125329006,68.170586908,-4.028666224,26.337858409,41.832728499,0.000600402,0.001924271
45.033333333,14.549912135,14.335307147,0.955108185,0.451243024,0.021085061,-0.125372735,68.137237635,-4.025823868,26.326649840,41.810587795,0.000580353,0.001951602
45.066666667,14.558048434,14.347971381,0.950928520,0.450932615,0.021094372,-0.125407900,68.105399086,-4.022683871,26.316769021,41.788630065,0.000560341,0.001978727
45.100000000,14.566231429,14.360593390,0.946747826,0.450632141,0.021102732,-0.125434483,68.075072376,-4.019247096,26.308214849,41.766857527,0.000540368,0.002005649
45.133333333,14.574461142,14.373173247,0.942566390,0.450341622,0.021110138,-0.125452471,68.046258417,-4.015514510,26.300985920,41.745272498,0.000520433,0.002032366
45.166666667,14.582737591,14.385711027,0.938384499,0.450061078,0.021116591,-0.125461852,68.018957921,-4.011487186,26.295080527,41.723877394,0.000500536,0.002058878
45.200000000,14.591060795,14.398206807,0.934202440,0.449790526,0.021122087,-0.125462618,67.993171397,-4.007166298,26.290496663,41.702674734,0.000480678,0.002085186
45.233333333,14.599430773,14.410660662,0.930020501,0.449529981,0.021126626,-0.125454765,67.968899154,-4.002553127,26.287232025,41.681667129,0.000460858,0.002111289
45.266666667,14.607847543,14.423072671,0.925838967,0.449279458,0.021130206,-0.125438290,67.946141299,-3.997649052,26.285284011,41.660857288,0.000441075,0.002137188
45.300000000,14.616311120,14.435442912,0.921658128,0.449038971,0.021132827,-0.125413193,67.924897741,-3.992455555,26.284649727,41.640248015,0.000421332,0.002162883
45.333333333,14.624821521,14.447771465,0.917478270,0.448808531,0.021134487,-0.125379478,67.905168188,-3.986974215,26.285325987,41.619842201,0.000401626,0.002188373
45.366666667,14.633378761,14.460058411,0.913299680,0.448588149,0.021135187,-0.125337151,67.886952147,-3.981206713,26.287309319,41.599642829,0.000381958,0.002213658
45.400000000,14.641982854,14.472303830,0.909122645,0.448377834,0.021134927,-0.125286221,67.870248929,-3.975154822,26.290595960,41.579652969,0.000362329,0.002238739
45.433333333,14.650633815,14.484507805,0.904947453,0.448177594,0.021133705,-0.125226700,67.855057645,-3.968820415,26.295181871,41.559875774,0.000342738,0.002263616
45.466666667,14.659331656,14.496670421,0.900774388,0.447987435,0.021131522,-0.125158604,67.841377209,-3.962205455,26.301062729,41.540314481,0.000323185,0.002288288
45.500000000,14.668076390,14.508791760,0.896603737,0.447807362,0.021128378,-0.125081949,67.829206340,-3.955312001,26.308233937,41.520972404,0.000303671,0.002312755
45.533333333,14.676868028,14.520871909,0.892435785,0.447637379,0.021124275,-0.124996756,67.818543560,-3.948142201,26.316690625,41.501852935,0.000284194,0.002337018
45.566666667,14.685706582,14.532910953,0.888270815,0.447477487,0.021119212,-0.124903049,67.809387196,-3.940698290,26.326427656,41.482959540,0.000264756,0.002361077
45.600000000,14.694592061,14.544908979,0.884109111,0.447327689,0.021113191,-0.124800853,67.801735381,-3.932982593,26.337439626,41.464295755,0.000245356,0.002384931
45.633333333,14.703524474,14.556866075,0.879950956,0.447187983,0.021106212,-0.124690199,67.795586059,-3.924997520,26.349720875,41.445865184,0.000225994,0.002408581
45.666666667,14.712503831,14.568782331,0.875796631,0.447058367,0.021098278,-0.124571117,67.790936977,-3.916745564,26.363265481,41.427671495,0.000206671,0.002432026
45.700000000,14.721530140,14.580657835,0.871646416,0.446938838,0.021089390,-0.124443641,67.787785695,-3.908229297,26.378067276,41.409718419,0.000187385,0.002455266
45.733333333,14.730603408,14.592492678,0.867500591,0.446829391,0.021079549,-0.124307810,67.786129584,-3.899451375,26.394119840,41.392009744,0.000168138,0.002478302
45.766666667,14.739723641,14.604286952,0.863359433,0.446730021,0.021068758,-0.124163663,67.785965825,-3.890414528,26.411416513,41.374549312,0.000148929,0.002501134
45.800000000,14.748890845,14.616040749,0.859223219,0.446640720,0.021057018,-0.124011242,67.787291415,-3.881121562,26.429950396,41.357341019,0.000129759,0.002523761
45.833333333,14.758105026,14.627754161,0.855092224,0.446561479,0.021044333,-0.123850592,67.790103165,-3.871575356,26.449714360,41.340388806,0.000110626,0.002546184
45.866666667,14.767366187,14.639427283,0.850966721,0.446492289,0.021030704,-0.123681762,67.794397703,-3.861778860,26.470701044,41.323696659,0.000091532,0.002568402
45.900000000,14.776674334,14.651060210,0.846846983,0.446433138,0.021016135,-0.123504801,67.800171472,-3.851735092,26.492902867,41.307268605,0.000072476,0.002590416
45.933333333,14.786029468,14.662653036,0.842733279,0.446384013,0.021000628,-0.123319762,67.807420739,-3.841447137,26.516312029,41.291108710,0.000053458,0.002612225
45.966666667,14.795431592,14.674205859,0.838625877,0.446344900,0.020984187,-0.123126701,67.816141590,-3.830918143,26.540920520,41.275221070,0.000034478,0.002633830
46.000000000,14.804880708,14.685718775,0.834525045,0.446315784,0.020966815,-0.122925674,67.826329933,-3.820151320,26.566720121,41.259609813,0.000015537,0.002655230
46.033333333,14.814376816,14.697191882,0.830431047,0.446296649,0.020948516,-0.122716743,67.837981503,-3.809149937,26.593702411,41.244279092,-0.000003366,0.002676426
46.066666667,14.823919917,14.708625280,0.826344145,0.446287476,0.020929293,-0.122499969,67.851091859,-3.797917319,26.621858777,41.229233082,-0.000022231,0.002697417
46.100000000,14.833510011,14.720019067,0.822264599,0.446288246,0.020909150,-0.122275417,67.865656390,-3.786456847,26.651180413,41.214475977,-0.000041058,0.002718204
46.133333333,14.843147095,14.731373344,0.818192668,0.446298938,0.020888093,-0.122043155,67.881670315,-3.774771951,26.681658328,41.200011986,-0.000059847,0.002738786
46.166666667,14.852831169,14.742688212,0.814128607,0.446319531,0.020866124,-0.121803250,67.899128684,-3.762866113,26.713283355,41.185845328,-0.000078597,0.002759164
46.200000000,14.862562230,14.753963772,0.810072670,0.446350003,0.020843248,-0.121555775,67.918026382,-3.750742860,26.746046152,41.171980230,-0.000097309,0.002779337
46.233333333,14.872340274,14.765200128,0.806025109,0.446390327,0.020819471,-0.121300802,67.938358130,-3.738405765,26.779937209,41.158420920,-0.000115983,0.002799306
46.266666667,14.882165298,14.776397383,0.801986171,0.446440480,0.020794797,-0.121038408,67.960118487,-3.725858441,26.814946858,41.145171629,-0.000134619,0.002819071
46.300000000,14.892037296,14.787555640,0.797956104,0.446500434,0.020769231,-0.120768669,67.983301854,-3.713104540,26.851065272,41.132236581,-0.000153217,0.002838631
46.333333333,14.901956265,14.798675005,0.793935149,0.446570162,0.020742778,-0.120491664,68.007902471,-3.700147754,26.888282477,41.119619994,-0.000171776,0.002857986
46.366666667,14.911922196,14.809755583,0.789923549,0.446649634,0.020715444,-0.120207475,68.033914425,-3.686991807,26.926588354,41.107326072,-0.000190297,0.002877137
46.400000000,14.921935085,14.820797480,0.785921542,0.446738819,0.020687234,-0.119916185,68.061331651,-3.673640454,26.965972646,41.095359005,-0.000208780,0.002896083
46.433333333,14.931994923,14.831800803,0.781929362,0.446837687,0.020658155,-0.119617878,68.090147931,-3.660097480,27.006424965,41.083722966,-0.000227225,0.002914825
46.466666667,14.942101702,14.842765659,0.777947242,0.446946205,0.020628211,-0.119312641,68.120356898,-3.646366700,27.047934796,41.072422102,-0.000245631,0.002933363
46.500000000,14.952255414,14.853692158,0.773975412,0.447064339,0.020597409,-0.119000562,68.151952041,-3.632451948,27.090491505,41.061460536,-0.000263999,0.002951696
46.533333333,14.962456049,14.864580408,0.770014098,0.447192054,0.020565756,-0.118681730,68.184926705,-3.618357085,27.134084343,41.050842361,-0.000282329,0.002969824
46.566666667,14.972703598,14.875430518,0.766063524,0.447329314,0.020533257,-0.118356236,68.219274090,-3.604085988,27.178702453,41.040571637,-0.000300621,0.002987748
46.600000000,14.982998048,14.886242599,0.762123910,0.447476081,0.020499919,-0.118024172,68.254987261,-3.589642554,27.224334873,41.030652388,-0.000318875,0.003005468
46.633333333,14.993339389,14.897016762,0.758195473,0.447632318,0.020465749,-0.117685634,68.292059145,-3.575030693,27.270970548,41.021088598,-0.000337090,0.003022983
46.666666667,15.003727609,14.907753119,0.754278429,0.447797986,0.020430754,-0.117340715,68.330482535,-3.560254328,27.318598328,41.011884207,-0.000355267,0.003040293
46.700000000,15.014162695,14.918451781,0.750372988,0.447973043,0.020394940,-0.116989512,68.370250091,-3.545317394,27.367206980,41.003043111,-0.000373406,0.003057399
46.733333333,15.024644633,14.929112862,0.746479358,0.448157449,0.020358315,-0.116632124,68.411354345,-3.530223831,27.416785190,40.994569155,-0.000391507,0.003074301
46.766666667,15.035173409,14.939736476,0.742597742,0.448351161,0.020320885,-0.116268648,68.453787703,-3.514977587,27.467321569,40.986466134,-0.000409570,0.003090998
46.800000000,15.045749009,14.950322736,0.738728344,0.448554136,0.020282659,-0.115899184,68.497542445,-3.499582612,27.518804660,40.978737785,-0.000427594,0.003107491
46.833333333,15.056371416,14.960871757,0.734871360,0.448766329,0.020243643,-0.115523833,68.542610731,-3.484042860,27.571222943,40.971387789,-0.000445580,0.003123779
46.866666667,15.067040615,14.971383655,0.731026985,0.448987695,0.020203845,-0.115142697,68.588984602,-3.468362281,27.624564837,40.964419765,-0.000463528,0.003139862
46.900000000,15.077756589,14.981858546,0.727195411,0.449218187,0.020163274,-0.114755879,68.636655982,-3.452544825,27.678818712,40.957837271,-0.000481438,0.003155741
46.933333333,15.088519320,14.992296546,0.723376824,0.449457759,0.020121935,-0.114363482,68.685616682,-3.436594436,27.733972887,40.951643794,-0.000499309,0.003171416
46.966666667,15.099328791,15.002697772,0.719571409,0.449706361,0.020079839,-0.113965609,68.735858400,-3.420515050,27.790015642,40.945842758,-0.000517143,0.003186886
47.000000000,15.110184981,15.013062343,0.715779348,0.449963945,0.020036992,-0.113562367,68.787372727,-3.404310597,27.846935215,40.940437512,-0.000534938,0.003202152
47.033333333,15.121087873,15.023390376,0.712000816,0.450230462,0.019993402,-0.113153860,68.840151149,-3.387984995,27.904719815,40.935431334,-0.000552695,0.003217213
47.066666667,15.132037445,15.033681990,0.708235988,0.450505859,0.019949079,-0.112740194,68.894185046,-3.371542148,27.963357622,40.930827423,-0.000570413,0.003232070
47.100000000,15.143033677,15.043937305,0.704485034,0.450790085,0.019904030,-0.112321475,68.949465700,-3.354985949,28.022836795,40.926628905,-0.000588094,0.003246722
47.133333333,15.154076548,15.054156441,0.700748121,0.451083089,0.019858263,-0.111897812,69.005984293,-3.338320272,28.083145470,40.922838822,-0.000605736,0.003261170
47.166666667,15.165166035,15.064339518,0.697025411,0.451384815,0.019811787,-0.111469311,69.063731913,-3.321548974,28.144271776,40.919460137,-0.000623340,0.003275413
47.200000000,15.176302115,15.074486658,0.693317064,0.451695211,0.019764611,-0.111036079,69.122699555,-3.304675894,28.206203827,40.916495728,-0.000640906,0.003289452
47.233333333,15.187484766,15.084597981,0.689623236,0.452014221,0.019716744,-0.110598225,69.182878123,-3.287704850,28.268929735,40.913948388,-0.000658434,0.003303286
47.266666667,15.198713963,15.094673611,0.685944080,0.452341789,0.019668193,-0.110155856,69.244258435,-3.270639635,28.332437612,40.911820823,-0.000675923,0.003316916
47.300000000,15.209989681,15.104713669,0.682279743,0.452677860,0.019618968,-0.109709082,69.306831223,-3.253484020,28.396715573,40.910115649,-0.000693374,0.003330341
47.333333333,15.221311895,15.114718278,0.678630372,0.453022376,0.019569078,-0.109258009,69.370587137,-3.236241750,28.461751741,40.908835396,-0.000710787,0.003343562
47.366666667,15.232680580,15.124687563,0.674996106,0.453375278,0.019518531,-0.108802748,69.435516747,-3.218916544,28.527534250,40.907982497,-0.000728162,0.003356579
47.400000000,15.244095707,15.134621647,0.671377085,0.453736510,0.019467337,-0.108343405,69.501610548,-3.201512092,28.594051250,40.907559298,-0.000745498,0.003369390
47.433333333,15.255557251,15.144520656,0.667773443,0.454106010,0.019415504,-0.107880089,69.568858958,-3.184032055,28.661290912,40.907568046,-0.000762797,0.003381998
47.466666667,15.267065183,15.154384713,0.664185309,0.454483720,0.019363042,-0.107412909,69.637252325,-3.166480062,28.729241428,40.908010897,-0.000780057,0.003394401
47.500000000,15.278619475,15.164213944,0.660612812,0.454869579,0.019309959,-0.106941973,69.706780927,-3.148859712,28.797891018,40.908889909,-0.000797279,0.003406599
47.533333333,15.290220097,15.174008476,0.657056074,0.455263525,0.019256266,-0.106467387,69.777434975,-3.131174570,28.867227931,40.910207045,-0.000814463,0.003418593
47.566666667,15.301867019,15.183768435,0.653515215,0.455665498,0.019201970,-0.105989260,69.849204618,-3.113428167,28.937240450,40.911964168,-0.000831608,0.003430382
47.600000000,15.313560212,15.193493947,0.649990352,0.456075435,0.019147082,-0.105507699,69.922079940,-3.095623999,29.007916895,40.914163045,-0.000848715,0.003441967
47.633333333,15.325299644,15.203185140,0.646481597,0.456493272,0.019091610,-0.105022811,69.996050969,-3.077765526,29.079245626,40.916805343,-0.000865784,0.003453348
47.666666667,15.337085283,15.212842142,0.642989059,0.456918948,0.019035565,-0.104534701,70.071107674,-3.059856172,29.151215044,40.919892630,-0.000882815,0.003464524
47.700000000,15.348917096,15.222465080,0.639512844,0.457352397,0.018978954,-0.104043477,70.147239972,-3.041899322,29.223813598,40.923426374,-0.000899808,0.003475495
47.733333333,15.360795052,15.232054084,0.636053055,0.457793555,0.018921788,-0.103549243,70.224437728,-3.023898321,29.297029784,40.927407944,-0.000916762,0.003486262
47.766666667,15.372719115,15.241609281,0.632609788,0.458242358,0.018864077,-0.103052105,70.302690756,-3.005856479,29.370852150,40.931838606,-0.000933678,0.003496825
47.800000000,15.384689253,15.251130802,0.629183141,0.458698740,0.018805828,-0.102552167,70.381988826,-2.987777061,29.445269296,40.936719529,-0.000950557,0.003507183
47.833333333,15.396705429,15.260618777,0.625773203,0.459162635,0.018747052,-0.102049532,70.462321661,-2.969663293,29.520269882,40.942051779,-0.000967396,0.003517336
47.866666667,15.408767609,15.270073334,0.622380064,0.459633978,0.018687758,-0.101544304,70.543678943,-2.951518362,29.595842621,40.947836322,-0.000984198,0.003527286
47.900000000,15.420875756,15.279494605,0.619003808,0.460112701,0.018627956,-0.101036585,70.626050316,-2.933345410,29.671976293,40.954074023,-0.001000961,0.003537030
47.933333333,15.433029834,15.288882720,0.615644517,0.460598738,0.018567655,-0.100526477,70.709425385,-2.915147536,29.748659738,40.960765647,-0.001017686,0.003546570
47.966666667,15.445229805,15.298237812,0.612302268,0.461092021,0.018506864,-0.100014081,70.793793719,-2.896927800,29.825881860,40.967911859,-0.001034373,0.003555906
48.000000000,15.457475632,15.307560010,0.608977135,0.461592482,0.018445593,-0.099499497,70.879144856,-2.878689214,29.903631632,40.975513224,-0.001051022,0.003565037
48.033333333,15.469767275,15.316849447,0.605669191,0.462100054,0.018383851,-0.098982824,70.965468304,-2.860434749,29.981898097,40.983570207,-0.001067633,0.003573964
48.066666667,15.482104695,15.326106256,0.602378503,0.462614667,0.018321647,-0.098464161,71.052753540,-2.842167330,30.060670367,40.992083173,-0.001084205,0.003582686
48.100000000,15.494487853,15.335330568,0.599105136,0.463136254,0.018258992,-0.097943606,71.140990018,-2.823889839,30.139937626,41.001052392,-0.001100739,0.003591203
48.133333333,15.506916707,15.344522517,0.595849152,0.463664745,0.018195894,-0.097421255,71.230167167,-2.805605113,30.219689136,41.010478031,-0.001117235,0.003599517
48.166666667,15.519391218,15.353682236,0.592610608,0.464200071,0.018132362,-0.096897204,71.320274392,-2.787315943,30.299914229,41.020360163,-0.001133693,0.003607625
48.200000000,15.531911343,15.362809858,0.589389559,0.464742162,0.018068407,-0.096371549,71.411301082,-2.769025075,30.380602320,41.030698762,-0.001150112,0.003615530
48.233333333,15.544477040,15.371905517,0.586186058,0.465290949,0.018004037,-0.095844382,71.503236607,-2.750735211,30.461742898,41.041493709,-0.001166493,0.003623229
48.266666667,15.557088266,15.380969347,0.583000153,0.465846361,0.017939261,-0.095315797,71.596070319,-2.732449005,30.543325534,41.052744785,-0.001182836,0.003630724
48.300000000,15.569744978,15.390001483,0.579831891,0.466408329,0.017874090,-0.094785886,71.689791561,-2.714169068,30.625339880,41.064451681,-0.001199141,0.003638015
48.333333333,15.582447131,15.399002059,0.576681313,0.466976781,0.017808531,-0.094254739,71.784389660,-2.695897964,30.707775669,41.076613991,-0.001215408,0.003645102
48.366666667,15.595194681,15.407971209,0.573548459,0.467551648,0.017742595,-0.093722448,71.879853936,-2.677638210,30.790622717,41.089231219,-0.001231636,0.003651983
48.400000000,15.607987582,15.416909070,0.570433367,0.468132858,0.017676290,-0.093189099,71.976173701,-2.659392281,30.873870926,41.102302775,-0.001247826,0.003658661
48.433333333,15.620825789,15.425815776,0.567336070,0.468720341,0.017609625,-0.092654781,72.073338261,-2.641162602,30.957510280,41.115827981,-0.001263978,0.003665133
48.466666667,15.633709255,15.434691463,0.564256598,0.469314025,0.017542611,-0.092119581,72.171336918,-2.622951556,31.041530852,41.129806066,-0.001280092,0.003671402
48.500000000,15.646637933,15.443536266,0.561194980,0.469913839,0.017475255,-0.091583583,72.270158971,-2.604761478,31.125922798,41.144236173,-0.001296168,0.003677466
48.533333333,15.659611775,15.452350323,0.558151241,0.470519713,0.017407566,-0.091046873,72.369793719,-2.586594658,31.210676363,41.159117356,-0.001312205,0.003683325
48.566666667,15.672630733,15.461133769,0.555125403,0.471131575,0.017339555,-0.090509533,72.470230465,-2.568453343,31.295781880,41.174448585,-0.001328204,0.003688980
48.600000000,15.685694758,15.469886741,0.552117486,0.471749352,0.017271229,-0.089971646,72.571458510,-2.550339733,31.381229769,41.190228742,-0.001344165,0.003694430
48.633333333,15.698803800,15.478609376,0.549127506,0.472372975,0.017202597,-0.089433292,72.673467166,-2.532255983,31.467010540,41.206456626,-0.001360088,0.003699676
48.666666667,15.711957810,15.487301810,0.546155479,0.473002370,0.017133668,-0.088894552,72.776245746,-2.514204203,31.553114790,41.223130956,-0.001375972,0.003704718
48.700000000,15.725156736,15.495964180,0.543201415,0.473637467,0.017064452,-0.088355503,72.879783574,-2.496186461,31.639533208,41.240250366,-0.001391819,0.003709554
48.733333333,15.738400528,15.504596625,0.540265323,0.474278194,0.016994956,-0.087816223,72.984069983,-2.478204778,31.726256571,41.257813412,-0.001407627,0.003714187
48.766666667,15.751689134,15.513199280,0.537347211,0.474924479,0.016925190,-0.087276788,73.089094318,-2.460261134,31.813275747,41.275818571,-0.001423397,0.003718615
48.800000000,15.765022501,15.521772285,0.534447081,0.475576251,0.016855162,-0.086737274,73.194845935,-2.442357463,31.900581693,41.294264242,-0.001439128,0.003722838
48.833333333,15.778400576,15.530315777,0.531564935,0.476233437,0.016784880,-0.086197753,73.301314207,-2.424495656,31.988165456,41.313148750,-0.001454822,0.003726857
48.866666667,15.791823306,15.538829893,0.528700772,0.476895967,0.016714353,-0.085658300,73.408488519,-2.406677563,32.076018176,41.332470343,-0.001470477,0.003730672
48.900000000,15.805290636,15.547314772,0.525854589,0.477563769,0.016643590,-0.085118984,73.516358276,-2.388904991,32.164131079,41.352227197,-0.001486094,0.003734282
48.933333333,15.818802512,15.555770553,0.523026381,0.478236770,0.016572598,-0.084579877,73.624912902,-2.371179702,32.252495486,41.372417416,-0.001501673,0.003737687
48.966666667,15.832358879,15.564197373,0.520216137,0.478914901,0.016501387,-0.084041047,73.734141838,-2.353503420,32.341102804,41.393039034,-0.001517213,0.003740888
49.000000000,15.845959679,15.572595371,0.517423850,0.479598089,0.016429963,-0.083502562,73.844034548,-2.335877825,32.429944534,41.414090014,-0.001532716,0.003743885
49.033333333,15.859604858,15.580964685,0.514649505,0.480286262,0.016358337,-0.082964489,73.954580520,-2.318304558,32.519012264,41.435568256,-0.001548180,0.003746677
49.066666667,15.873294358,15.589305455,0.511893088,0.480979350,0.016286515,-0.082426893,74.065769262,-2.300785218,32.608297672,41.457471589,-0.001563606,0.003749265
49.100000000,15.887028121,15.597617819,0.509154583,0.481677282,0.016214506,-0.081889838,74.177590309,-2.283321365,32.697792529,41.479797780,-0.001578994,0.003751648
49.133333333,15.900806089,15.605901915,0.506433969,0.482379986,0.016142318,-0.081353388,74.290033224,-2.265914519,32.787488691,41.502544533,-0.001594343,0.003753826
49.166666667,15.914628204,15.614157884,0.503731226,0.483087392,0.016069958,-0.080817604,74.403087595,-2.248566160,32.877378105,41.525709490,-0.001609655,0.003755800
49.200000000,15.928494405,15.622385864,0.501046330,0.483799428,0.015997434,-0.080282547,74.516743038,-2.231277730,32.967452808,41.549290231,-0.001624928,0.003757570
49.233333333,15.942404634,15.630585994,0.498379257,0.484516025,0.015924755,-0.079748277,74.630989201,-2.214050633,33.057704922,41.573284279,-0.001640163,0.003759135
49.266666667,15.956358829,15.638758414,0.495729978,0.485237111,0.015851928,-0.079214851,74.745815760,-2.196886235,33.148126660,41.597689101,-0.001655359,0.003760496
49.300000000,15.970356930,15.646903262,0.493098466,0.485962616,0.015778961,-0.078682327,74.861212425,-2.179785864,33.238710320,41.622502105,-0.001670518,0.003761652
49.333333333,15.984398875,15.655020678,0.490484689,0.486692470,0.015705860,-0.078150761,74.977168936,-2.162750813,33.329448290,41.647720646,-0.001685638,0.003762604
49.366666667,15.998484602,15.663110802,0.487888613,0.487426603,0.015632635,-0.077620208,75.093675070,-2.145782336,33.420333042,41.673342028,-0.001700720,0.003763351
49.400000000,16.012614048,15.671173772,0.485310205,0.488164945,0.015559291,-0.077090720,75.210720636,-2.128881655,33.511357136,41.699363500,-0.001715764,0.003763894
49.433333333,16.026787150,15.679209728,0.482749428,0.488907426,0.015485837,-0.076562352,75.328295478,-2.112049953,33.602513215,41.725782263,-0.001730770,0.003764232
49.466666667,16.041003844,15.687218810,0.480206244,0.489653977,0.015412280,-0.076035155,75.446389480,-2.095288380,33.693794010,41.752595470,-0.001745737,0.003764366
49.500000000,16.055264065,15.695201157,0.477680613,0.490404529,0.015338627,-0.075509178,75.564992559,-2.078598052,33.785192334,41.779800226,-0.001760666,0.003764295
49.533333333,16.069567750,15.703156907,0.475172493,0.491159013,0.015264885,-0.074984470,75.684094673,-2.061980051,33.876701085,41.807393588,-0.001775557,0.003764020
49.566666667,16.083914832,15.711086202,0.472681842,0.491917360,0.015191061,-0.074461081,75.803685818,-2.045435425,33.968313245,41.835372573,-0.001790410,0.003763540
49.600000000,16.098305245,15.718989180,0.470208614,0.492679500,0.015117163,-0.073939057,75.923756029,-2.028965191,34.060021877,41.863734152,-0.001805225,0.003762856
49.633333333,16.112738922,15.726865980,0.467752763,0.493445367,0.015043196,-0.073418443,76.044295381,-2.012570333,34.151820127,41.892475254,-0.001820001,0.003761967
49.666666667,16.127215797,15.734716742,0.465314242,0.494214891,0.014969169,-0.072899286,76.165293993,-1.996251803,34.243701222,41.921592771,-0.001834739,0.003760874
49.700000000,16.141735803,15.742541605,0.462893001,0.494988004,0.014895088,-0.072381628,76.286742022,-1.980010522,34.335658469,41.951083553,-0.001849439,0.003759577
49.733333333,16.156298869,15.750340709,0.460488990,0.495764640,0.014820959,-0.071865512,76.408629669,-1.963847381,34.427685256,41.980944413,-0.001864101,0.003758074
49.766666667,16.170904929,15.758114193,0.458102156,0.496544731,0.014746789,-0.071350980,76.530947179,-1.947763241,34.519775050,42.011172130,-0.001878724,0.003756368
49.800000000,16.185553912,15.765862195,0.455732446,0.497328209,0.014672585,-0.070838073,76.653684841,-1.931758933,34.611921396,42.041763445,-0.001893310,0.003754457
49.833333333,16.200245748,15.773584855,0.453379805,0.498115007,0.014598353,-0.070326830,76.776832985,-1.915835259,34.704117918,42.072715067,-0.001907857,0.003752341
49.866666667,16.214980368,15.781282312,0.451044177,0.498905060,0.014524100,-0.069817291,76.900381989,-1.899992993,34.796358315,42.104023674,-0.001922366,0.003750021
49.900000000,16.229757701,15.788954704,0.448725505,0.499698301,0.014449832,-0.069309492,77.024322275,-1.884232882,34.888636365,42.135685910,-0.001936836,0.003747497
49.933333333,16.244577674,15.796602172,0.446423730,0.500494663,0.014375555,-0.068803470,77.148644312,-1.868555643,34.980945919,42.167698393,-0.001951269,0.003744768
49.966666667,16.259440216,15.804224853,0.444138791,0.501294081,0.014301276,-0.068299262,77.273338614,-1.852961969,35.073280906,42.200057708,-0.001965663,0.003741834
50.000000000,16.274345255,15.811822886,0.441870629,0.502096489,0.014227001,-0.067796902,77.398395743,-1.837452524,35.165635325,42.232760418,-0.001980019,0.003738696
50.033333333,16.289292717,15.819396409,0.439619180,0.502901823,0.014152735,-0.067296424,77.523806307,-1.822027949,35.258003252,42.265803055,-0.001994337,0.003735354
50.066666667,16.304282528,15.826945562,0.437384383,0.503710017,0.014078485,-0.066797860,77.649560962,-1.806688857,35.350378833,42.299182128,-0.002008616,0.003731807
50.100000000,16.319314615,15.834470482,0.435166171,0.504521007,0.014004257,-0.066301244,77.775650413,-1.791435837,35.442756288,42.332894125,-0.002022858,0.003728055
50.133333333,16.334388903,15.841971307,0.432964480,0.505334728,0.013930056,-0.065806606,77.902065413,-1.776269456,35.535129906,42.366935506,-0.002037061,0.003724099
50.166666667,16.349505317,15.849448176,0.430779243,0.506151117,0.013855889,-0.065313976,78.028796763,-1.761190253,35.627494048,42.401302715,-0.002051226,0.003719939
50.200000000,16.364663781,15.856901226,0.428610393,0.506970110,0.013781761,-0.064823383,78.155835314,-1.746198748,35.719843142,42.435992172,-0.002065353,0.003715574
50.233333333,16.379864218,15.864330595,0.426457862,0.507791643,0.013707678,-0.064334858,78.283171967,-1.731295434,35.812171687,42.471000279,-0.002079441,0.003711004
50.266666667,16.395106553,15.871736420,0.424321580,0.508615654,0.013633645,-0.063848426,78.410797670,-1.716480785,35.904474249,42.506323421,-0.002093492,0.003706230
50.300000000,16.410390707,15.879118840,0.422201477,0.509442079,0.013559667,-0.063364115,78.538703424,-1.701755251,35.996745460,42.541957964,-0.002107504,0.003701252
50.333333333,16.425716603,15.886477990,0.420097481,0.510270857,0.013485751,-0.062881950,78.666880280,-1.687119262,36.088980020,42.577900259,-0.002121478,0.003696069
50.366666667,16.441084163,15.893814008,0.418009521,0.511101926,0.013411902,-0.062401959,78.795319337,-1.672573227,36.181172694,42.614146643,-0.002135413,0.003690682
50.400000000,16.456493308,15.901127032,0.415937524,0.511935222,0.013338125,-0.061924163,78.924011747,-1.658117533,36.273318310,42.650693436,-0.002149311,0.003685090
50.433333333,16.471943958,15.908417196,0.413881416,0.512770687,0.013264425,-0.061448588,79.052948711,-1.643752548,36.365411763,42.687536949,-0.002163170,0.003679294
50.466666667,16.487436034,15.915684639,0.411841124,0.513608257,0.013190808,-0.060975257,79.182121484,-1.629478622,36.457448007,42.724673477,-0.002176991,0.003673293
50.500000000,16.502969455,15.922929495,0.409816571,0.514447873,0.013117278,-0.060504190,79.311521369,-1.615296084,36.549422062,42.762099307,-0.002190774,0.003667088
50.533333333,16.518544140,15.930151901,0.407807681,0.515289473,0.013043841,-0.060035411,79.441139723,-1.601205244,36.641329008,42.799810715,-0.002204519,0.003660678
50.566666667,16.534160009,15.937351993,0.405814379,0.516132999,0.012970501,-0.059568940,79.570967951,-1.587206395,36.733163985,42.837803967,-0.002218225,0.003654064
50.600000000,16.549816978,15.944529906,0.403836587,0.516978390,0.012897264,-0.059104796,79.700997514,-1.573299813,36.824922194,42.876075321,-0.002231894,0.003647245
50.633333333,16.565514966,15.951685775,0.401874228,0.517825587,0.012824135,-0.058642999,79.831219921,-1.559485755,36.916598894,42.914621027,-0.002245524,0.003640222
50.666666667,16.581253890,15.958819736,0.399927221,0.518674531,0.012751118,-0.058183568,79.961626735,-1.545764461,37.008189404,42.953437331,-0.002259115,0.003632994
50.700000000,16.597033666,15.965931922,0.397995489,0.519525163,0.012678218,-0.057726520,80.092209570,-1.532136156,37.099689100,42.992520470,-0.002272669,0.003625562
50.733333333,16.612854210,15.973022468,0.396078952,0.520377425,0.012605440,-0.057271874,80.222960092,-1.518601049,37.191093414,43.031866678,-0.002286184,0.003617925
50.766666667,16.628715438,15.980091509,0.394177529,0.521231259,0.012532788,-0.056819645,80.353870017,-1.505159331,37.282397834,43.071472184,-0.002299661,0.003610084
50.800000000,16.644617266,15.987139179,0.392291139,0.522086607,0.012460267,-0.056369850,80.484931117,-1.491811180,37.373597904,43.111333213,-0.002313100,0.003602038
50.833333333,16.660559607,15.994165610,0.390419701,0.522943411,0.012387882,-0.055922505,80.616135213,-1.478556759,37.464689223,43.151445989,-0.002326501,0.003593788
50.866666667,16.676542375,16.001170936,0.388563134,0.523801616,0.012315636,-0.055477623,80.747474177,-1.465396216,37.555667443,43.191806734,-0.002339864,0.003585333
50.900000000,16.692565485,16.008155290,0.386721354,0.524661165,0.012243535,-0.055035220,80.878939937,-1.452329684,37.646528269,43.232411668,-0.002353188,0.003576674
50.933333333,16.708628849,16.015118805,0.384894279,0.525522000,0.012171583,-0.054595309,81.010524468,-1.439357284,37.737267458,43.273257010,-0.002366474,0.003567811
50.966666667,16.724732381,16.022061613,0.383081826,0.526384066,0.012099784,-0.054157903,81.142219800,-1.426479122,37.827880819,43.314338981,-0.002379722,0.003558743
51.000000000,16.740875991,16.028983846,0.381283911,0.527247309,0.012028142,-0.053723015,81.274018015,-1.413695293,37.918364213,43.355653802,-0.002392932,0.003549470
51.033333333,16.757059592,16.035885636,0.379500449,0.528111671,0.011956662,-0.053290657,81.405911243,-1.401005878,38.008713548,43.397197695,-0.002406103,0.003539993
51.066666667,16.773283095,16.042767113,0.377731357,0.528977100,0.011885347,-0.052860840,81.537891670,-1.388410947,38.098924784,43.438966886,-0.002419236,0.003530311
51.100000000,16.789546410,16.049628409,0.375976549,0.529843539,0.011814202,-0.052433576,81.669951532,-1.375910555,38.188993929,43.480957603,-0.002432332,0.003520425
51.133333333,16.805849448,16.056469655,0.374235940,0.530710936,0.011743230,-0.052008874,81.802083115,-1.363504750,38.278917038,43.523166076,-0.002445388,0.003510335
51.166666667,16.822192119,16.063290980,0.372509445,0.531579235,0.011672437,-0.051586745,81.934278757,-1.351193565,38.368690215,43.565588542,-0.002458407,0.003500040
51.200000000,16.838574330,16.070092515,0.370796977,0.532448385,0.011601824,-0.051167199,82.066530849,-1.338977024,38.458309608,43.608221241,-0.002471387,0.003489540
51.233333333,16.854995992,16.076874388,0.369098450,0.533318331,0.011531398,-0.050750243,82.198831831,-1.326855141,38.547771413,43.651060417,-0.002484330,0.003478836
51.266666667,16.871457013,16.083636729,0.367413778,0.534189021,0.011461161,-0.050335888,82.331174194,-1.314827917,38.637071871,43.694102323,-0.002497234,0.003467928
51.300000000,16.887957299,16.090379667,0.365742874,0.535060402,0.011391117,-0.049924141,82.463550481,-1.302895347,38.726207266,43.737343215,-0.002510099,0.003456815
51.333333333,16.904496759,16.097103330,0.364085651,0.535932423,0.011321269,-0.049515010,82.595953285,-1.291057412,38.815173926,43.780779358,-0.002522927,0.003445498
51.366666667,16.921075299,16.103807845,0.362442022,0.536805031,0.011251623,-0.049108502,82.728375248,-1.279314088,38.903968224,43.824407024,-0.002535716,0.003433976
51.400000000,16.937692826,16.110493340,0.360811899,0.537678176,0.011182180,-0.048704624,82.860809066,-1.267665339,38.992586574,43.868222492,-0.002548467,0.003422249
51.433333333,16.954349245,16.117159943,0.359195194,0.538551806,0.011112946,-0.048303383,82.993247481,-1.256111121,39.081025431,43.912222050,-0.002561180,0.003410318
51.466666667,16.971044462,16.123807778,0.357591819,0.539425871,0.011043923,-0.047904784,83.125683286,-1.244651382,39.169281292,43.956401994,-0.002573855,0.003398183
51.500000000,16.987778382,16.130436973,0.356001686,0.540300320,0.010975114,-0.047508834,83.258109326,-1.233286063,39.257350696,44.000758630,-0.002586492,0.003385843
51.533333333,17.004550908,16.137047654,0.354424707,0.541175104,0.010906525,-0.047115537,83.390518493,-1.222015094,39.345230219,44.045288274,-0.002599090,0.003373299
51.566666667,17.021361946,16.143639945,0.352860793,0.542050172,0.010838156,-0.046724899,83.522903728,-1.210838401,39.432916478,44.089987251,-0.002611650,0.003360550
51.600000000,17.038211399,16.150213970,0.351309856,0.542925475,0.010770014,-0.046336924,83.655258023,-1.199755900,39.520406128,44.134851896,-0.002624172,0.003347597
51.633333333,17.055099169,16.156769856,0.349771806,0.543800965,0.010702099,-0.045951616,83.787574418,-1.188767500,39.607695863,44.179878556,-0.002636656,0.003334439
51.666666667,17.072025159,16.163307724,0.348246554,0.544676593,0.010634417,-0.045568980,83.919846002,-1.177873106,39.694782412,44.225063589,-0.002649101,0.003321077
51.700000000,17.088989271,16.169827698,0.346734013,0.545552310,0.010566969,-0.045189019,84.052065910,-1.167072613,39.781662545,44.270403365,-0.002661508,0.003307510
51.733333333,17.105991408,16.176329902,0.345234091,0.546428069,0.010499760,-0.044811737,84.184227328,-1.156365912,39.868333063,44.315894265,-0.002673877,0.003293739
51.766666667,17.123031470,16.182814456,0.343746701,0.547303821,0.010432792,-0.044437136,84.316323489,-1.145752888,39.954790806,44.361532682,-0.002686208,0.003279763
51.800000000,17.140109358,16.189281484,0.342271751,0.548179521,0.010366069,-0.044065219,84.448347672,-1.135233417,40.041032649,44.407315023,-0.002698501,0.003265583
51.833333333,17.157224972,16.195731106,0.340809154,0.549055120,0.010299594,-0.043695988,84.580293207,-1.124807374,40.127055500,44.453237707,-0.002710755,0.003251198
51.866666667,17.174378211,16.202163443,0.339358820,0.549930571,0.010233370,-0.043329446,84.712153467,-1.114474625,40.212856301,44.499297166,-0.002722971,0.003236609
51.900000000,17.191568977,16.208578615,0.337920658,0.550805830,0.010167399,-0.042965595,84.843921874,-1.104235033,40.298432027,44.545489846,-0.002735149,0.003221815
51.933333333,17.208797167,16.214976742,0.336494579,0.551680849,0.010101686,-0.042604435,84.975591896,-1.094088455,40.383779689,44.591812207,-0.002747289,0.003206817
51.966666667,17.226062679,16.221357942,0.335080493,0.552555584,0.010036232,-0.042245970,85.107157048,-1.084034743,40.468896325,44.638260723,-0.002759391,0.003191614
52.000000000,17.243365412,16.227722334,0.333678311,0.553429988,0.009971042,-0.041890199,85.238610890,-1.074073747,40.553779009,44.684831881,-0.002771454,0.003176207
52.033333333,17.260705264,16.234070037,0.332287942,0.554304017,0.009906117,-0.041537123,85.369947028,-1.064205309,40.638424843,44.731522185,-0.002783479,0.003160596
52.066666667,17.278082132,16.240401167,0.330909297,0.555177626,0.009841460,-0.041186744,85.501159114,-1.054429269,40.722830962,44.778328151,-0.002795466,0.003144779
52.100000000,17.295495911,16.246715841,0.329542286,0.556050771,0.009777075,-0.040839061,85.632240843,-1.044745464,40.806994530,44.825246313,-0.002807415,0.003128759
52.133333333,17.312946499,16.253014176,0.328186819,0.556923407,0.009712965,-0.040494075,85.763185959,-1.035153724,40.890912740,44.872273219,-0.002819325,0.003112534
52.166666667,17.330433791,16.259296286,0.326842806,0.557795491,0.009649131,-0.040151786,85.893988246,-1.025653880,40.974582815,44.919405431,-0.002831197,0.003096104
52.200000000,17.347957683,16.265562288,0.325510158,0.558666980,0.009585578,-0.039812193,86.024641535,-1.016245756,41.058002006,44.966639529,-0.002843032,0.003079470
52.233333333,17.365518070,16.271812295,0.324188783,0.559537830,0.009522306,-0.039475297,86.155139700,-1.006929174,41.141167592,45.013972108,-0.002854827,0.003062632
52.266666667,17.383114845,16.278046421,0.322878593,0.560407998,0.009459320,-0.039141096,86.285476658,-0.997703954,41.224076879,45.061399779,-0.002866585,0.003045589
52.300000000,17.400747904,16.284264779,0.321579498,0.561277443,0.009396622,-0.038809591,86.415646370,-0.988569912,41.306727201,45.108919169,-0.002878304,0.003028341
52.333333333,17.418417139,16.290467482,0.320291407,0.562146121,0.009334215,-0.038480779,86.545642841,-0.979526861,41.389115919,45.156526922,-0.002889986,0.003010889
52.366666667,17.436122444,16.296654641,0.319014231,0.563013992,0.009272101,-0.038154661,86.675460117,-0.970574613,41.471240418,45.204219699,-0.002901629,0.002993233
52.400000000,17.453863712,16.302826368,0.317747881,0.563881012,0.009210282,-0.037831234,86.805092287,-0.961712977,41.553098111,45.251994177,-0.002913233,0.002975372
52.433333333,17.471640835,16.308982773,0.316492266,0.564747142,0.009148762,-0.037510497,86.934533483,-0.952941760,41.634686433,45.299847049,-0.002924800,0.002957306
52.466666667,17.489453704,16.315123966,0.315247296,0.565612339,0.009087543,-0.037192450,87.063777876,-0.944260767,41.716002848,45.347775028,-0.002936328,0.002939036
52.500000000,17.507302212,16.321250057,0.314012883,0.566476564,0.009026627,-0.036877089,87.192819681,-0.935669800,41.797044841,45.395774841,-0.002947819,0.002920562
52.533333333,17.525186249,16.327361153,0.312788937,0.567339776,0.008966017,-0.036564414,87.321653154,-0.927168661,41.877809920,45.443843234,-0.002959271,0.002901883
52.566666667,17.543105706,16.333457363,0.311575368,0.568201934,0.008905716,-0.036254423,87.450272590,-0.918757151,41.958295621,45.491976969,-0.002970684,0.002883000
52.600000000,17.561060474,16.339538794,0.310372087,0.569063000,0.008845725,-0.035947113,87.578672326,-0.910435066,42.038499497,45.540172829,-0.002982060,0.002863912
52.633333333,17.579050441,16.345605551,0.309179004,0.569922932,0.008786047,-0.035642482,87.706846738,-0.902202205,42.118419128,45.588427610,-0.002993397,0.002844619
52.666666667,17.597075497,16.351657742,0.307996031,0.570781693,0.008726685,-0.035340528,87.834790243,-0.894058364,42.198052115,45.636738129,-0.003004696,0.002825123
52.700000000,17.615135532,16.357695471,0.306823077,0.571639243,0.008667642,-0.035041249,87.962497297,-0.886003337,42.277396078,45.685101219,-0.003015957,0.002805421
52.733333333,17.633230433,16.363718841,0.305660054,0.572495543,0.008608918,-0.034744642,88.089962395,-0.878036919,42.356448661,45.733513733,-0.003027180,0.002785515
52.766666667,17.651360089,16.369727957,0.304506873,0.573350555,0.008550517,-0.034450705,88.217180070,-0.870158903,42.435207529,45.781972541,-0.003038364,0.002765405
52.800000000,17.669524387,16.375722922,0.303363445,0.574204241,0.008492442,-0.034159434,88.344144894,-0.862369082,42.513670365,45.830474529,-0.003049511,0.002745090
52.833333333,17.687723215,16.381703837,0.302229681,0.575056563,0.008434693,-0.033870828,88.470851479,-0.854667250,42.591834875,45.879016604,-0.003060619,0.002724571
52.866666667,17.705956460,16.387670804,0.301105493,0.575907483,0.008377275,-0.033584883,88.597294472,-0.847053196,42.669698782,45.927595690,-0.003071688,0.002703847
52.900000000,17.724224007,16.393623924,0.299990791,0.576756964,0.008320188,-0.033301597,88.723468559,-0.839526714,42.747259829,45.976208730,-0.003082720,0.002682919
52.933333333,17.742525744,16.399563295,0.298885487,0.577604969,0.008263435,-0.033020966,88.849368464,-0.832087596,42.824515779,46.024852685,-0.003093713,0.002661786
52.966666667,17.760861555,16.405489018,0.297789492,0.578451461,0.008207019,-0.032742988,88.974988945,-0.824735632,42.901464412,46.073524534,-0.003104669,0.002640449
53.000000000,17.779231326,16.411401189,0.296702719,0.579296404,0.008150941,-0.032467660,89.100324800,-0.817470614,42.978103526,46.122221273,-0.003115586,0.002618907
53.033333333,17.797634942,16.417299908,0.295625078,0.580139760,0.008095205,-0.032194977,89.225370860,-0.810292335,43.054430939,46.170939921,-0.003126464,0.002597161
53.066666667,17.816072287,16.423185269,0.294556482,0.580981495,0.008039811,-0.031924938,89.350121994,-0.803200587,43.130444483,46.219677511,-0.003137305,0.002575211
53.100000000,17.834543244,16.429057370,0.293496843,0.581821572,0.007984762,-0.031657539,89.474573106,-0.796195162,43.206142011,46.268431096,-0.003148107,0.002553055
53.133333333,17.853047699,16.434916304,0.292446073,0.582659956,0.007930061,-0.031392777,89.598719136,-0.789275854,43.281521388,46.317197748,-0.003158871,0.002530696
53.166666667,17.871585533,16.440762167,0.291404084,0.583496611,0.007875709,-0.031130648,89.722555057,-0.782442456,43.356580498,46.365974559,-0.003169597,0.002508132
53.200000000,17.890156630,16.446595051,0.290370788,0.584331503,0.007821709,-0.030871149,89.846075878,-0.775694762,43.431317242,46.414758636,-0.003180285,0.002485363
53.233333333,17.908760872,16.452415049,0.289346097,0.585164596,0.007768063,-0.030614276,89.969276641,-0.769032569,43.505729534,46.463547107,-0.003190935,0.002462390
53.266666667,17.927398142,16.458222253,0.288329925,0.585995857,0.007714772,-0.030360027,90.092152424,-0.762455672,43.579815305,46.512337119,-0.003201546,0.002439212
53.300000000,17.946068319,16.464016753,0.287322183,0.586825250,0.007661840,-0.030108398,90.214698337,-0.755963868,43.653572500,46.561125837,-0.003212119,0.002415830
53.333333333,17.964771287,16.469798639,0.286322784,0.587652743,0.007609267,-0.029859386,90.336909524,-0.749556955,43.726999080,46.609910445,-0.003222654,0.002392244
53.366666667,17.983506926,16.475568000,0.285331642,0.588478300,0.007557056,-0.029612986,90.458781162,-0.743234733,43.800093018,46.658688144,-0.003233150,0.002368453
53.400000000,18.002275116,16.481324925,0.284348669,0.589301889,0.007505210,-0.029369195,90.580308459,-0.736997002,43.872852303,46.707456156,-0.003243609,0.002344457
53.433333333,18.021075737,16.487069501,0.283373779,0.590123475,0.007453730,-0.029128011,90.701486659,-0.730843564,43.945274937,46.756211722,-0.003254029,0.002320257
53.466666667,18.039908669,16.492801813,0.282406883,0.590943027,0.007402618,-0.028889430,90.822311033,-0.724774223,44.017358935,46.804952099,-0.003264411,0.002295853
53.500000000,18.058773792,16.498521948,0.281447897,0.591760511,0.007351876,-0.028653447,90.942776889,-0.718788782,44.089102325,46.853674564,-0.003274755,0.002271244
53.533333333,18.077670983,16.504229991,0.280496733,0.592575894,0.007301507,-0.028420060,91.062879563,-0.712887049,44.160503149,46.902376414,-0.003285061,0.002246430
53.566666667,18.096600123,16.509926024,0.279553304,0.593389143,0.007251512,-0.028189265,91.182614423,-0.707068831,44.231559460,46.951054963,-0.003295328,0.002221412
53.600000000,18.115561088,16.515610130,0.278617525,0.594200228,0.007201893,-0.027961059,91.301976868,-0.701333937,44.302269324,46.999707544,-0.003305557,0.002196190
53.633333333,18.134553756,16.521282392,0.277689309,0.595009115,0.007152652,-0.027735438,91.420962328,-0.695682180,44.372630818,47.048331510,-0.003315748,0.002170763
53.666666667,18.153578006,16.526942890,0.276768570,0.595815773,0.007103792,-0.027512399,91.539566261,-0.690113372,44.442642031,47.096924231,-0.003325901,0.002145131
53.700000000,18.172633714,16.532591704,0.275855222,0.596620171,0.007055314,-0.027291938,91.657784158,-0.684627328,44.512301063,47.145483095,-0.003336015,0.002119295
53.733333333,18.191720756,16.538228914,0.274949179,0.597422276,0.007007220,-0.027074052,91.775611538,-0.679223866,44.581606026,47.194005512,-0.003346092,0.002093255
53.766666667,18.210839009,16.543854596,0.274050356,0.598222058,0.006959512,-0.026858738,91.893043950,-0.673902805,44.650555043,47.242488907,-0.003356130,0.002067010
53.800000000,18.229988349,16.549468829,0.273158666,0.599019486,0.006912192,-0.026645992,92.010076970,-0.668663965,44.719146245,47.290930725,-0.003366130,0.002040561
53.833333333,18.249168651,16.555071688,0.272274024,0.599814529,0.006865263,-0.026435811,92.126706205,-0.663507170,44.787377775,47.339328430,-0.003376091,0.002013907
53.866666667,18.268379790,16.560663248,0.271396345,0.600607157,0.006818725,-0.026228191,92.242927290,-0.658432247,44.855247785,47.387679504,-0.003386015,0.001987049
53.900000000,18.287621642,16.566243583,0.270525543,0.601397339,0.006772582,-0.026023130,92.358735887,-0.653439022,44.922754439,47.435981448,-0.003395900,0.001959986
53.933333333,18.306894080,16.571812767,0.269661534,0.602185045,0.006726834,-0.025820624,92.474127688,-0.648527327,44.989895908,47.484231780,-0.003405747,0.001932719
53.966666667,18.326196979,16.577370872,0.268804231,0.602970246,0.006681484,-0.025620670,92.589098411,-0.643696993,45.056670373,47.532428038,-0.003415556,0.001905247
54.000000000,18.345530213,16.582917968,0.267953551,0.603752911,0.006636534,-0.025423265,92.703643801,-0.638947857,45.123076022,47.580567779,-0.003425327,0.001877571
54.033333333,18.364893653,16.588454126,0.267109407,0.604533011,0.006591986,-0.025228405,92.817759632,-0.634279755,45.189111056,47.628648576,-0.003435059,0.001849690
54.066666667,18.384287175,16.593979415,0.266271716,0.605310516,0.006547841,-0.025036088,92.931441702,-0.629692529,45.254773680,47.676668022,-0.003444753,0.001821605
54.100000000,18.403710649,16.599493902,0.265440392,0.606085399,0.006504102,-0.024846311,93.044685838,-0.625186021,45.320062110,47.724623729,-0.003454409,0.001793315
54.133333333,18.423163950,16.604997655,0.264615351,0.606857628,0.006460770,-0.024659070,93.157487893,-0.620760077,45.384974568,47.772513325,-0.003464027,0.001764821
54.166666667,18.442646947,16.610490740,0.263796509,0.607627177,0.006417847,-0.024474363,93.269843743,-0.616414545,45.449509285,47.820334459,-0.003473607,0.001736122
54.200000000,18.462159513,16.615973221,0.262983781,0.608394016,0.006375336,-0.024292187,93.381749295,-0.612149277,45.513664499,47.868084796,-0.003483148,0.001707219
54.233333333,18.481701519,16.621445162,0.262177082,0.609158117,0.006333238,-0.024112539,93.493200476,-0.607964127,45.577438455,47.915762021,-0.003492651,0.001678111
54.266666667,18.501272836,16.626906626,0.261376329,0.609919451,0.006291555,-0.023935416,93.604193242,-0.603858952,45.640829405,47.963363837,-0.003502116,0.001648799
54.300000000,18.520873334,16.632357674,0.260581438,0.610677991,0.006250289,-0.023760816,93.714723572,-0.599833612,45.703835609,48.010887963,-0.003511543,0.001619282
54.333333333,18.540502884,16.637798368,0.259792323,0.611433709,0.006209441,-0.023588736,93.824787472,-0.595887970,45.766455332,48.058332139,-0.003520932,0.001589561
54.366666667,18.560161355,16.643228766,0.259008902,0.612186577,0.006169015,-0.023419174,93.934380968,-0.592021892,45.828686847,48.105694122,-0.003530282,0.001559636
54.400000000,18.579848616,16.648648926,0.258231091,0.612936568,0.006129011,-0.023252127,94.043500116,-0.588235247,45.890528430,48.152971686,-0.003539594,0.001529505
54.433333333,18.599564538,16.654058906,0.257458805,0.613683653,0.006089432,-0.023087592,94.152140991,-0.584527907,45.951978366,48.200162625,-0.003548868,0.001499171
54.466666667,18.619308987,16.659458763,0.256691961,0.614427807,0.006050279,-0.022925567,94.260299695,-0.580899749,46.013034945,48.247264750,-0.003558103,0.001468632
54.500000000,18.639081833,16.664848550,0.255930475,0.615169002,0.006011554,-0.022766050,94.367972352,-0.577350651,46.073696462,48.294275890,-0.003567301,0.001437888
54.533333333,18.658882945,16.670228322,0.255174264,0.615907211,0.005973260,-0.022609039,94.475155110,-0.573880495,46.133961218,48.341193892,-0.003576460,0.001406940
54.566666667,18.678712188,16.675598132,0.254423245,0.616642408,0.005935397,-0.022454531,94.581844139,-0.570489167,46.193827518,48.388016621,-0.003585581,0.001375788
54.600000000,18.698569432,16.680958031,0.253677333,0.617374566,0.005897969,-0.022302525,94.688035633,-0.567176555,46.253293672,48.434741961,-0.003594664,0.001344431
54.633333333,18.718454542,16.686308068,0.252936446,0.618103659,0.005860977,-0.022153019,94.793725809,-0.563942552,46.312357996,48.481367812,-0.003603709,0.001312869
54.666666667,18.738367387,16.691648295,0.252200500,0.618829660,0.005824422,-0.022006010,94.898910904,-0.560787054,46.371018810,48.527892094,-0.003612715,0.001281103
54.700000000,18.758307831,16.696978758,0.251469412,0.619552544,0.005788308,-0.021861497,95.003587180,-0.557709959,46.429274438,48.574312742,-0.003621683,0.001249133
54.733333333,18.778275741,16.702299505,0.250743098,0.620272285,0.005752634,-0.021719478,95.107750920,-0.554711171,46.487123208,48.620627712,-0.003630613,0.001216958
54.766666667,18.798270983,16.707610581,0.250021477,0.620988857,0.005717405,-0.021579952,95.211398428,-0.551790596,46.544563452,48.666834976,-0.003639505,0.001184578
54.800000000,18.818293422,16.712912030,0.249304464,0.621702234,0.005682621,-0.021442916,95.314526031,-0.548948145,46.601593507,48.712932524,-0.003648359,0.001151995
54.833333333,18.838342923,16.718203896,0.248591976,0.622412392,0.005648284,-0.021308370,95.417130076,-0.546183730,46.658211711,48.758918365,-0.003657174,0.001119206
54.866666667,18.858419351,16.723486221,0.247883932,0.623119304,0.005614396,-0.021176311,95.519206933,-0.543497270,46.714416409,48.804790524,-0.003665951,0.001086213
54.900000000,18.878522571,16.728759046,0.247180247,0.623822946,0.005580960,-0.021046740,95.620752990,-0.540888686,46.770205946,48.850547045,-0.003674690,0.001053016
54.933333333,18.898652445,16.734022411,0.246480839,0.624523293,0.005547977,-0.020919654,95.721764660,-0.538357903,46.825578671,48.896185989,-0.003683391,0.001019614
54.966666667,18.918808839,16.739276353,0.245785625,0.625220321,0.005515449,-0.020795052,95.822238374,-0.535904849,46.880532938,48.941705436,-0.003692053,0.000986008
55.000000000,18.938991615,16.744520910,0.245094523,0.625914003,0.005483378,-0.020672933,95.922170582,-0.533529459,46.935067101,48.987103481,-0.003700677,0.000952197
55.033333333,18.959200637,16.749756118,0.244407449,0.626604317,0.005451765,-0.020553297,96.021557759,-0.531231668,46.989179518,49.032378241,-0.003709264,0.000918181
55.066666667,18.979435767,16.754982012,0.243724320,0.627291237,0.005420614,-0.020436143,96.120396396,-0.529011418,47.042868549,49.077527847,-0.003717811,0.000883962
55.100000000,18.999696868,16.760198624,0.243045055,0.627974739,0.005389925,-0.020321469,96.218683006,-0.526868652,47.096132557,49.122550450,-0.003726321,0.000849537
55.133333333,19.019983802,16.765405987,0.242369570,0.628654800,0.005359701,-0.020209275,96.316414122,-0.524803321,47.148969905,49.167444216,-0.003734792,0.000814909
55.166666667,19.040296430,16.770604132,0.241697783,0.629331395,0.005329944,-0.020099562,96.413586294,-0.522815376,47.201378962,49.212207332,-0.003743226,0.000780075
55.200000000,19.060634615,16.775793088,0.241029611,0.630004500,0.005300655,-0.019992327,96.510196096,-0.520904776,47.253358094,49.256838001,-0.003751621,0.000745038
55.233333333,19.080998217,16.780972884,0.240364971,0.630674093,0.005271837,-0.019887572,96.606240117,-0.519071480,47.304905673,49.301334444,-0.003759978,0.000709795
55.266666667,19.101387098,16.786143546,0.239703781,0.631340148,0.005243492,-0.019785295,96.701714968,-0.517315456,47.356020069,49.345694899,-0.003768296,0.000674349
55.300000000,19.121801118,16.791305100,0.239045958,0.632002644,0.005215621,-0.019685497,96.796617279,-0.515636671,47.406699656,49.389917623,-0.003776576,0.000638697
55.333333333,19.142240137,16.796457571,0.238391420,0.632661556,0.005188227,-0.019588177,96.890943698,-0.514035101,47.456942808,49.434000890,-0.003784819,0.000602842
55.366666667,19.162704015,16.801600981,0.237740084,0.633316862,0.005161311,-0.019493336,96.984690891,-0.512510724,47.506747900,49.477942991,-0.003793023,0.000566782
55.400000000,19.183192612,16.806735352,0.237091867,0.633968539,0.005134876,-0.019400974,97.077855546,-0.511063522,47.556113309,49.521742238,-0.003801188,0.000530517
55.433333333,19.203705788,16.811860705,0.236446686,0.634616563,0.005108923,-0.019311091,97.170434367,-0.509693482,47.605037411,49.565396956,-0.003809316,0.000494048
55.466666667,19.224243400,16.816977058,0.235804460,0.635260912,0.005083454,-0.019223688,97.262424076,-0.508400596,47.653518585,49.608905491,-0.003817405,0.000457374
55.500000000,19.244805309,16.822084429,0.235165105,0.635901563,0.005058472,-0.019138765,97.353821416,-0.507184860,47.701555209,49.652266207,-0.003825456,0.000420496
55.533333333,19.265391373,16.827182834,0.234528539,0.636538494,0.005033979,-0.019056324,97.444623146,-0.506046274,47.749145662,49.695477485,-0.003833469,0.000383413
55.566666667,19.286001449,16.832272288,0.233894678,0.637171683,0.005009976,-0.018976363,97.534826045,-0.504984844,47.796288323,49.738537722,-0.003841444,0.000346126
55.600000000,19.306635396,16.837352805,0.233263441,0.637801107,0.004986466,-0.018898886,97.624426909,-0.504000579,47.842981572,49.781445336,-0.003849380,0.000308635
55.633333333,19.327293071,16.842424397,0.232634744,0.638426744,0.004963451,-0.018823892,97.713422551,-0.503093493,47.889223789,49.824198762,-0.003857279,0.000270939
55.666666667,19.347974331,16.847487074,0.232008505,0.639048572,0.004940932,-0.018751383,97.801809805,-0.502263606,47.935013352,49.866796453,-0.003865139,0.000233038
55.700000000,19.368679034,16.852540846,0.231384640,0.639666569,0.004918912,-0.018681360,97.889585521,-0.501510941,47.980348642,49.909236878,-0.003872961,0.000194933
55.733333333,19.389407036,16.857585721,0.230763068,0.640280714,0.004897392,-0.018613824,97.976746565,-0.500835527,48.025228038,49.951518527,-0.003880744,0.000156624
55.766666667,19.410158194,16.862621705,0.230143704,0.640890985,0.004876376,-0.018548777,98.063289825,-0.500237397,48.069649918,49.993639907,-0.003888490,0.000118110
55.800000000,19.430932363,16.867648803,0.229526466,0.641497360,0.004855865,-0.018486221,98.149212204,-0.499716589,48.113612662,50.035599542,-0.003896197,0.000079391
55.833333333,19.451729400,16.872667020,0.228911271,0.642099818,0.004835860,-0.018426157,98.234510622,-0.499273146,48.157114646,50.077395976,-0.003903866,0.000040468
55.866666667,19.472549160,16.877676356,0.228298036,0.642698337,0.004816365,-0.018368587,98.319182018,-0.498907116,48.200154248,50.119027770,-0.003911497,0.000001341
55.900000000,19.493391498,16.882676814,0.227686677,0.643292898,0.004797381,-0.018313514,98.403223348,-0.498618551,48.242729845,50.160493504,-0.003919089,-0.000037991
55.933333333,19.514256270,16.887668392,0.227077112,0.643883478,0.004778911,-0.018260938,98.486631587,-0.498407511,48.284839811,50.201791776,-0.003926644,-0.000077528
55.966666667,19.535143330,16.892651088,0.226469257,0.644470056,0.004760956,-0.018210864,98.569403725,-0.498274057,48.326482523,50.242921202,-0.003934160,-0.000117269
56.000000000,19.556052532,16.897624899,0.225863028,0.645052612,0.004743519,-0.018163292,98.651536771,-0.498218257,48.367656353,50.283880418,-0.003941638,-0.000157214
56.033333333,19.576983731,16.902589819,0.225258343,0.645631125,0.004726601,-0.018118226,98.733027751,-0.498240185,48.408359674,50.324668078,-0.003949077,-0.000197364
56.066666667,19.597936781,16.907545842,0.224655117,0.646205575,0.004710206,-0.018075668,98.813873709,-0.498339919,48.448590857,50.365282852,-0.003956479,-0.000237718
56.100000000,19.618911534,16.912492960,0.224053267,0.646775941,0.004694335,-0.018035621,98.894071705,-0.498517542,48.488348272,50.405723433,-0.003963842,-0.000278277
56.133333333,19.639907845,16.917431163,0.223452710,0.647342203,0.004678990,-0.017998088,98.973618817,-0.498773143,48.527630288,50.445988529,-0.003971167,-0.000319040
56.166666667,19.660925567,16.922360441,0.222853360,0.647904340,0.004664173,-0.017963072,99.052512142,-0.499106815,48.566435272,50.486076870,-0.003978454,-0.000360008
56.200000000,19.681964552,16.927280780,0.222255135,0.648462332,0.004649888,-0.017930577,99.130748792,-0.499518659,48.604761590,50.525987203,-0.003985703,-0.000401180
56.233333333,19.703024652,16.932192167,0.221657951,0.649016160,0.004636135,-0.017900605,99.208325899,-0.500008779,48.642607605,50.565718294,-0.003992913,-0.000442557
56.266666667,19.724105721,16.937094586,0.221061722,0.649565803,0.004622918,-0.017873160,99.285240609,-0.500577285,48.679971680,50.605268930,-0.004000085,-0.000484139
56.300000000,19.745207610,16.941988020,0.220466365,0.650111242,0.004610238,-0.017848245,99.361490090,-0.501224292,48.716852176,50.644637914,-0.004007219,-0.000525924
56.333333333,19.766330170,16.946872449,0.219871796,0.650652457,0.004598098,-0.017825865,99.437071523,-0.501949922,48.753247451,50.683824072,-0.004014315,-0.000567915
56.366666667,19.787473254,16.951747855,0.219277930,0.651189429,0.004586500,-0.017806024,99.511982109,-0.502754300,48.789155862,50.722826247,-0.004021373,-0.000610109
56.400000000,19.808636712,16.956614215,0.218684681,0.651722137,0.004575446,-0.017788725,99.586219066,-0.503637560,48.824575765,50.761643302,-0.004028392,-0.000652509
56.433333333,19.829820395,16.961471505,0.218091967,0.652250564,0.004564938,-0.017773972,99.659779632,-0.504599838,48.859505512,50.800274120,-0.004035373,-0.000695112
56.466666667,19.851024155,16.966319701,0.217499700,0.652774688,0.004554979,-0.017761771,99.732661058,-0.505641279,48.893943454,50.838717604,-0.004042316,-0.000737920
56.500000000,19.872247841,16.971158776,0.216907797,0.653294493,0.004545572,-0.017752125,99.804860616,-0.506762031,48.927887941,50.876972676,-0.004049221,-0.000780933
56.533333333,19.893491303,16.975988702,0.216316172,0.653809957,0.004536718,-0.017745039,99.876375597,-0.507962250,48.961337318,50.915038279,-0.004056088,-0.000824150
56.566666667,19.914754392,16.980809449,0.215724739,0.654321063,0.004528420,-0.017740518,99.947203307,-0.509242096,48.994289931,50.952913376,-0.004062916,-0.000867572
56.600000000,19.936036957,16.985620986,0.215133414,0.654827792,0.004520679,-0.017738567,100.017341071,-0.510601735,49.026744122,50.990596949,-0.004069706,-0.000911198
56.633333333,19.957338847,16.990423281,0.214542109,0.655330125,0.004513500,-0.017739191,100.086786233,-0.512041341,49.058698231,51.028088002,-0.004076458,-0.000955029
56.666666667,19.978659913,16.995216298,0.213950740,0.655828043,0.004506883,-0.017742396,100.155536155,-0.513561091,49.090150595,51.065385560,-0.004083172,-0.000999064
56.700000000,20.000000001,17.000000001,0.213359221,0.656321529,0.004500832,-0.017748186,100.223587841,-0.515159155,49.121103238,51.102484603,-0.004089847,-0.001043303
56.733333333,20.021358961,17.004774352,0.212767464,0.656810563,0.004495348,-0.017756559,100.290939429,-0.516823688,49.151578006,51.139361422,-0.004096471,-0.001087518
56.766666667,20.042736642,17.009539312,0.212175385,0.657295128,0.004490434,-0.017767476,100.357588641,-0.518542855,49.181596523,51.175992118,-0.004103030,-0.001131478
56.800000000,20.064132893,17.014294841,0.211582900,0.657775206,0.004486091,-0.017780895,100.423532306,-0.520315121,49.211160151,51.212372156,-0.004109525,-0.001175183
56.833333333,20.085547560,17.019040894,0.210989925,0.658250779,0.004482320,-0.017796775,100.488768503,-0.522140537,49.240267834,51.248500669,-0.004115954,-0.001218634
56.866666667,20.106980491,17.023777429,0.210396380,0.658721830,0.004479122,-0.017815080,100.553294970,-0.524019345,49.268917976,51.284376994,-0.004122318,-0.001261830
56.900000000,20.128431534,17.028504398,0.209802184,0.659188341,0.004476496,-0.017835777,100.617109485,-0.525951715,49.297109137,51.320000348,-0.004128617,-0.001304772
56.933333333,20.149900536,17.033221755,0.209207258,0.659650297,0.004474443,-0.017858833,100.680209862,-0.527937756,49.324840016,51.355369846,-0.004134851,-0.001347458
56.966666667,20.171387344,17.037929450,0.208611524,0.660107679,0.004472961,-0.017884220,100.742593953,-0.529977523,49.352109432,51.390484521,-0.004141020,-0.001389891
57.000000000,20.192891805,17.042627433,0.208014905,0.660560473,0.004472050,-0.017911910,100.804259647,-0.532071024,49.378916315,51.425343332,-0.004147123,-0.001432068
57.033333333,20.214413765,17.047315651,0.207417324,0.661008661,0.004471708,-0.017941878,100.865204870,-0.534218228,49.405259688,51.459945181,-0.004153162,-0.001473991
57.066666667,20.235953071,17.051994050,0.206818706,0.661452228,0.004471935,-0.017974100,100.925427585,-0.536419068,49.431138661,51.494288924,-0.004159136,-0.001515659
57.100000000,20.257509568,17.056662576,0.206218975,0.661891159,0.004472728,-0.018008553,100.984925793,-0.538673449,49.456552417,51.528373375,-0.004165045,-0.001557073
57.133333333,20.279083102,17.061321171,0.205618059,0.662325437,0.004474087,-0.018045217,101.043697530,-0.540981250,49.481500208,51.562197322,-0.004170889,-0.001598232
57.166666667,20.300673520,17.065969777,0.205015883,0.662755049,0.004476008,-0.018084071,101.101740872,-0.543342328,49.505981345,51.595759528,-0.004176668,-0.001639137
57.200000000,20.322280666,17.070608334,0.204412376,0.663179978,0.004478491,-0.018125095,101.159053929,-0.545756522,49.529995190,51.629058738,-0.004182382,-0.001679787
57.233333333,20.343904386,17.075236780,0.203807464,0.663600210,0.004481533,-0.018168272,101.215634848,-0.548223659,49.553541157,51.662093690,-0.004188031,-0.001720182
57.266666667,20.365544524,17.079855052,0.203201077,0.664015732,0.004485132,-0.018213584,101.271481814,-0.550743547,49.576618701,51.694863114,-0.004193614,-0.001760322
57.300000000,20.387200926,17.084463087,0.202593143,0.664426528,0.004489286,-0.018261013,101.326593050,-0.553315990,49.599227313,51.727365737,-0.004199133,-0.001800208
57.333333333,20.408873436,17.089060817,0.201983593,0.664832585,0.004493993,-0.018310544,101.380966811,-0.555940779,49.621366522,51.759600289,-0.004204587,-0.001839840
57.366666667,20.430561899,17.093648176,0.201372356,0.665233889,0.004499250,-0.018362161,101.434601395,-0.558617701,49.643035889,51.791565506,-0.004209976,-0.001879216
57.400000000,20.452266158,17.098225095,0.200759364,0.665630427,0.004505054,-0.018415850,101.487495131,-0.561346534,49.664235001,51.823260131,-0.004215300,-0.001918339
57.433333333,20.473986057,17.102791504,0.200144547,0.666022185,0.004511404,-0.018471594,101.539646389,-0.564127055,49.684963473,51.854682916,-0.004220558,-0.001957206
57.466666667,20.495721441,17.107347330,0.199527837,0.666409151,0.004518297,-0.018529381,101.591053572,-0.566959038,49.705220944,51.885832628,-0.004225752,-0.001995819
57.500000000,20.517472153,17.111892500,0.198909166,0.666791312,0.004525731,-0.018589196,101.641715123,-0.569842253,49.725007076,51.916708048,-0.004230881,-0.002034177
57.533333333,20.539238036,17.116426941,0.198288467,0.667168655,0.004533702,-0.018651027,101.691629520,-0.572776470,49.744321550,51.947307971,-0.004235944,-0.002072281
57.566666667,20.561018934,17.120950575,0.197665674,0.667541169,0.004542209,-0.018714860,101.740795278,-0.575761458,49.763164067,51.977631211,-0.004240943,-0.002110130
57.600000000,20.582814689,17.125463325,0.197040719,0.667908840,0.004551249,-0.018780682,101.789210948,-0.578796986,49.781534347,52.007676601,-0.004245877,-0.002147724
57.633333333,20.604625145,17.129965113,0.196413536,0.668271658,0.004560820,-0.018848481,101.836875118,-0.581882826,49.799432125,52.037442993,-0.004250745,-0.002185064
57.666666667,20.626450144,17.134455859,0.195784059,0.668629612,0.004570918,-0.018918246,101.883786414,-0.585018748,49.816857154,52.066929260,-0.004255549,-0.002222149
57.700000000,20.648289528,17.138935480,0.195152225,0.668982689,0.004581541,-0.018989963,101.929943498,-0.588204525,49.833809201,52.096134297,-0.004260287,-0.002258980
57.733333333,20.670143140,17.143403893,0.194517966,0.669330878,0.004592687,-0.019063623,101.975345068,-0.591439933,49.850288048,52.125057020,-0.004264961,-0.002295555
57.766666667,20.692010822,17.147861015,0.193881220,0.669674170,0.004604354,-0.019139212,102.019989859,-0.594724748,49.866293491,52.153696368,-0.004269569,-0.002331877
57.800000000,20.713892416,17.152306760,0.193241921,0.670012553,0.004616537,-0.019216721,102.063876645,-0.598058751,49.881825340,52.182051305,-0.004274113,-0.002367943
57.833333333,20.735787763,17.156741040,0.192600006,0.670346017,0.004629236,-0.019296138,102.107004234,-0.601441724,49.896883416,52.210120818,-0.004278592,-0.002403755
57.866666667,20.757696706,17.161163767,0.191955412,0.670674552,0.004642448,-0.019377453,102.149371472,-0.604873454,49.911467556,52.237903916,-0.004283005,-0.002439313
57.900000000,20.779619086,17.165574852,0.191308075,0.670998148,0.004656169,-0.019460655,102.190977243,-0.608353727,49.925577608,52.265399635,-0.004287353,-0.002474615
57.933333333,20.801554744,17.169974204,0.190657933,0.671316795,0.004670397,-0.019545734,102.231820466,-0.611882338,49.939213430,52.292607036,-0.004291637,-0.002509664
57.966666667,20.823503521,17.174361729,0.190004923,0.671630485,0.004685131,-0.019632680,102.271900100,-0.615459080,49.952374896,52.319525203,-0.004295855,-0.002544457
58.000000000,20.845465258,17.178737336,0.189348983,0.671939208,0.004700366,-0.019721483,102.311215137,-0.619083753,49.965061890,52.346153247,-0.004300009,-0.002578996
58.033333333,20.867439796,17.183100928,0.188690052,0.672242956,0.004716101,-0.019812133,102.349764611,-0.622756159,49.977274307,52.372490304,-0.004304097,-0.002613280
58.066666667,20.889426976,17.187452410,0.188028069,0.672541719,0.004732334,-0.019904621,102.387547589,-0.626476104,49.989012055,52.398535533,-0.004308121,-0.002647310
58.100000000,20.911426637,17.191791684,0.187362971,0.672835489,0.004749061,-0.019998937,102.424563177,-0.630243398,50.000275053,52.424288124,-0.004312079,-0.002681085
58.133333333,20.933438622,17.196118651,0.186694698,0.673124258,0.004766280,-0.020095071,102.460810520,-0.634057854,50.011063232,52.449747287,-0.004315972,-0.002714605
58.166666667,20.955462769,17.200433212,0.186023191,0.673408019,0.004783989,-0.020193016,102.496288797,-0.637919289,50.021376535,52.474912262,-0.004319801,-0.002747871
58.200000000,20.977498919,17.204735265,0.185348388,0.673686763,0.004802186,-0.020292761,102.530997227,-0.641827524,50.031214914,52.499782313,-0.004323564,-0.002780882
58.233333333,20.999546911,17.209024709,0.184670229,0.673960483,0.004820867,-0.020394298,102.564935067,-0.645782382,50.040578337,52.524356730,-0.004327262,-0.002813639
58.266666667,21.021606586,17.213301439,0.183988656,0.674229173,0.004840030,-0.020497619,102.598101609,-0.649783693,50.049466780,52.548634829,-0.004330896,-0.002846141
58.300000000,21.043677784,17.217565351,0.183303609,0.674492824,0.004859673,-0.020602714,102.630496185,-0.653831287,50.057880233,52.572615952,-0.004334464,-0.002878388
58.333333333,21.065760343,17.221816338,0.182615028,0.674751430,0.004879793,-0.020709576,102.662118163,-0.657925001,50.065818696,52.596299467,-0.004337967,-0.002910381
58.366666667,21.087854103,17.226054294,0.181922856,0.675004986,0.004900388,-0.020818196,102.692966951,-0.662064673,50.073282182,52.619684769,-0.004341405,-0.002942119
58.400000000,21.109958904,17.230279110,0.181227033,0.675253484,0.004921456,-0.020928566,102.723041994,-0.666250146,50.080270717,52.642771277,-0.004344779,-0.002973602
58.433333333,21.132074584,17.234490676,0.180527502,0.675496919,0.004942993,-0.021040678,102.752342774,-0.670481267,50.086784336,52.665558438,-0.004348087,-0.003004831
58.466666667,21.154200983,17.238688882,0.179824204,0.675735285,0.004964998,-0.021154524,102.780868812,-0.674757885,50.092823089,52.688045723,-0.004351330,-0.003035805
58.500000000,21.176337939,17.242873616,0.179117082,0.675968577,0.004987469,-0.021270097,102.808619667,-0.679079854,50.098387037,52.710232630,-0.004354508,-0.003066525
58.533333333,21.198485292,17.247044765,0.178406078,0.676196789,0.005010402,-0.021387388,102.835594936,-0.683447032,50.103476253,52.732118683,-0.004357621,-0.003096990
58.566666667,21.220642879,17.251202215,0.177691136,0.676419916,0.005033796,-0.021506391,102.861794257,-0.687859278,50.108090824,52.753703432,-0.004360669,-0.003127200
58.600000000,21.242810540,17.255345850,0.176972198,0.676637954,0.005057648,-0.021627097,102.887217301,-0.692316457,50.112230849,52.774986452,-0.004363652,-0.003157156
58.633333333,21.264988113,17.259475554,0.176249208,0.676850898,0.005081955,-0.021749500,102.911863783,-0.696818435,50.115896439,52.795967345,-0.004366571,-0.003186857
58.666666667,21.287175436,17.263591210,0.175522109,0.677058744,0.005106716,-0.021873593,102.935733454,-0.701365085,50.119087718,52.816645737,-0.004369424,-0.003216303
58.700000000,21.309372348,17.267692700,0.174790845,0.677261488,0.005131929,-0.021999368,102.958826104,-0.705956279,50.121804823,52.837021281,-0.004372212,-0.003245495
58.733333333,21.331578686,17.271779902,0.174055360,0.677459126,0.005157589,-0.022126818,102.981141562,-0.710591895,50.124047905,52.857093657,-0.004374935,-0.003274432
58.766666667,21.353794289,17.275852698,0.173315599,0.677651655,0.005183697,-0.022255938,103.002679695,-0.715271814,50.125817128,52.876862567,-0.004377593,-0.003303115
58.800000000,21.376018994,17.279910964,0.172571505,0.677839071,0.005210248,-0.022386719,103.023440412,-0.719995919,50.127112669,52.896327743,-0.004380186,-0.003331543
58.833333333,21.398252639,17.283954578,0.171823024,0.678021372,0.005237241,-0.022519155,103.043423657,-0.724764097,50.127934718,52.915488939,-0.004382714,-0.003359716
58.866666667,21.420495063,17.287983416,0.171070100,0.678198554,0.005264673,-0.022653241,103.062629416,-0.729576238,50.128283481,52.934345936,-0.004385177,-0.003387635
58.900000000,21.442746102,17.291997354,0.170312679,0.678370616,0.005292543,-0.022788969,103.081057715,-0.734432235,50.128159174,52.952898541,-0.004387575,-0.003415299
58.933333333,21.465005595,17.295996264,0.169550706,0.678537555,0.005320848,-0.022926333,103.098708617,-0.739331984,50.127562032,52.971146585,-0.004389908,-0.003442708
58.966666667,21.487273378,17.299980021,0.168784127,0.678699369,0.005349585,-0.023065328,103.115582225,-0.744275383,50.126492299,52.989089926,-0.004392176,-0.003469863
59.000000000,21.509549290,17.303948496,0.168012887,0.678856056,0.005378753,-0.023205946,103.131678684,-0.749262334,50.124950238,53.006728446,-0.004394378,-0.003496763
59.033333333,21.531833166,17.307901560,0.167236932,0.679007615,0.005408349,-0.023348182,103.146998176,-0.754292742,50.122936122,53.024062054,-0.004396516,-0.003523409
59.066666667,21.554124845,17.311839083,0.166456209,0.679154045,0.005438372,-0.023492031,103.161540924,-0.759366514,50.120450243,53.041090681,-0.004398589,-0.003549800
59.100000000,21.576424164,17.315760935,0.165670663,0.679295344,0.005468817,-0.023637485,103.175307192,-0.764483560,50.117492904,53.057814287,-0.004400597,-0.003575936
59.133333333,21.598730960,17.319666982,0.164880242,0.679431512,0.005499685,-0.023784541,103.188297282,-0.769643792,50.114064426,53.074232855,-0.004402540,-0.003601818
59.166666667,21.621045069,17.323557093,0.164084892,0.679562549,0.005530971,-0.023933191,103.200511537,-0.774847125,50.110165144,53.090346394,-0.004404418,-0.003627445
59.200000000,21.643366329,17.327431133,0.163284560,0.679688454,0.005562675,-0.024083430,103.211950342,-0.780093478,50.105795406,53.106154936,-0.004406230,-0.003652817
59.233333333,21.665694576,17.331288968,0.162479194,0.679809228,0.005594794,-0.024235254,103.222614121,-0.785382770,50.100955579,53.121658541,-0.004407978,-0.003677935
59.266666667,21.688029648,17.335130462,0.161668739,0.679924870,0.005627325,-0.024388656,103.232503337,-0.790714925,50.095646044,53.136857293,-0.004409661,-0.003702798
59.300000000,21.710371381,17.338955478,0.160853145,0.680035382,0.005660267,-0.024543632,103.241618497,-0.796089866,50.089867198,53.151751299,-0.004411279,-0.003727407
59.333333333,21.732719611,17.342763878,0.160032358,0.680140764,0.005693617,-0.024700176,103.249960146,-0.801507522,50.083619454,53.166340692,-0.004412832,-0.003751761
59.366666667,21.755074175,17.346555525,0.159206327,0.680241017,0.005727374,-0.024858283,103.257528872,-0.806967822,50.076903240,53.180625632,-0.004414319,-0.003775860
59.400000000,21.777434910,17.350330278,0.158374999,0.680336142,0.005761534,-0.025017948,103.264325302,-0.812470698,50.069719001,53.194606300,-0.004415742,-0.003799705
59.433333333,21.799801652,17.354087998,0.157538323,0.680426142,0.005796097,-0.025179167,103.270350105,-0.818016083,50.062067200,53.208282904,-0.004417100,-0.003823295
59.466666667,21.822174238,17.357828542,0.156696246,0.680511018,0.005831059,-0.025341933,103.275603992,-0.823603914,50.053948315,53.221655677,-0.004418392,-0.003846631
59.500000000,21.844552504,17.361551770,0.155848718,0.680590773,0.005866419,-0.025506244,103.280087714,-0.829234129,50.045362840,53.234724874,-0.004419620,-0.003869711
59.533333333,21.866936286,17.365257538,0.154995687,0.680665408,0.005902174,-0.025672093,103.283802065,-0.834906667,50.036311288,53.247490777,-0.004420783,-0.003892538
59.566666667,21.889325421,17.368945703,0.154137101,0.680734927,0.005938323,-0.025839476,103.286747879,-0.840621471,50.026794188,53.259953691,-0.004421880,-0.003915109
59.600000000,21.911719744,17.372616119,0.153272910,0.680799332,0.005974863,-0.026008388,103.288926033,-0.846378484,50.016812086,53.272113947,-0.004422913,-0.003937426
59.633333333,21.934119093,17.376268643,0.152403063,0.680858626,0.006011792,-0.026178826,103.290337445,-0.852177651,50.006365547,53.283971898,-0.004423880,-0.003959489
59.666666667,21.956523303,17.379903126,0.151527509,0.680912814,0.006049109,-0.026350785,103.290983076,-0.858018921,49.995455152,53.295527924,-0.004424783,-0.003981296
59.700000000,21.978932210,17.383519423,0.150646197,0.680961899,0.006086810,-0.026524259,103.290863927,-0.863902241,49.984081500,53.306782426,-0.004425620,-0.004002849
59.733333333,22.001345651,17.387117385,0.149759078,0.681005884,0.006124894,-0.026699246,103.289981043,-0.869827562,49.972245210,53.317735833,-0.004426393,-0.004024148
59.766666667,22.023763461,17.390696863,0.148866099,0.681044775,0.006163359,-0.026875740,103.288335511,-0.875794836,49.959946917,53.328388595,-0.004427100,-0.004045192
59.800000000,22.046185477,17.394257709,0.147967213,0.681078576,0.006202203,-0.027053738,103.285928461,-0.881804017,49.947187274,53.338741187,-0.004427743,-0.004065981
59.833333333,22.068611535,17.397799772,0.147062367,0.681107291,0.006241423,-0.027233236,103.282761064,-0.887855060,49.933966956,53.348794108,-0.004428320,-0.004086516
59.866666667,22.091041470,17.401322902,0.146151513,0.681130926,0.006281018,-0.027414229,103.278834534,-0.893947919,49.920286653,53.358547881,-0.004428833,-0.004106796
59.900000000,22.113475119,17.404826945,0.145234601,0.681149486,0.006320985,-0.027596713,103.274150128,-0.900082554,49.906147075,53.368003053,-0.004429280,-0.004126821
59.933333333,22.135912317,17.408311751,0.144311581,0.681162976,0.006361323,-0.027780685,103.268709148,-0.906258923,49.891548953,53.377160194,-0.004429663,-0.004146592
59.966666667,22.158352901,17.411777165,0.143382403,0.681171404,0.006402029,-0.027966140,103.262512935,-0.912476985,49.876493035,53.386019899,-0.004429980,-0.004166108
60.000000000,22.180796707,17.415223034,0.142447019,0.681174774,0.006443102,-0.028153075,103.255562876,-0.918736701,49.860980090,53.394582786,-0.004430232,-0.004185370
60.033333333,22.203243569,17.418649203,0.141505378,0.681173094,0.006484538,-0.028341485,103.247860401,-0.925038033,49.845010905,53.402849495,-0.004430420,-0.004204376
60.066666667,22.225693325,17.422055517,0.140557433,0.681166370,0.006526337,-0.028531368,103.239406982,-0.931380945,49.828586289,53.410820692,-0.004430542,-0.004223129
60.100000000,22.248145811,17.425441819,0.139603133,0.681154610,0.006568497,-0.028722719,103.230204135,-0.937765399,49.811707070,53.418497066,-0.004430599,-0.004241626
60.133333333,22.270600861,17.428807954,0.138642429,0.681137819,0.006611014,-0.028915535,103.220253421,-0.944191360,49.794374095,53.425879327,-0.004430592,-0.004259869
60.166666667,22.293058312,17.432153763,0.137675274,0.681116007,0.006653887,-0.029109813,103.209556444,-0.950658794,49.776588233,53.432968210,-0.004430519,-0.004277858
60.200000000,22.315518000,17.435479088,0.136701619,0.681089182,0.006697115,-0.029305547,103.198114850,-0.957167666,49.758350375,53.439764475,-0.004430381,-0.004295592
60.233333333,22.337979761,17.438783771,0.135721414,0.681057350,0.006740695,-0.029502736,103.185930330,-0.963717943,49.739661429,53.446268901,-0.004430179,-0.004313071
60.266666667,22.360443431,17.442067652,0.134734612,0.681020521,0.006784624,-0.029701375,103.173004622,-0.970309591,49.720522328,53.452482294,-0.004429911,-0.004330295
60.300000000,22.382908845,17.445330571,0.133741164,0.680978703,0.006828902,-0.029901462,103.159339503,-0.976942579,49.700934023,53.458405480,-0.004429578,-0.004347265
60.333333333,22.405375840,17.448572368,0.132741022,0.680931906,0.006873526,-0.030102991,103.144936797,-0.983616874,49.680897488,53.464039310,-0.004429180,-0.004363980
60.366666667,22.427844252,17.451792880,0.131734138,0.680880139,0.006918494,-0.030305962,103.129798374,-0.990332444,49.660413719,53.469384655,-0.004428717,-0.004380441
60.400000000,22.450313916,17.454991947,0.130720465,0.680823410,0.006963803,-0.030510369,103.113926145,-0.997089257,49.639483732,53.474442413,-0.004428190,-0.004396647
60.433333333,22.472784668,17.458169406,0.129699953,0.680761731,0.007009453,-0.030716209,103.097322068,-1.003887282,49.618108568,53.479213500,-0.004427597,-0.004412599
60.466666667,22.495256345,17.461325093,0.128672556,0.680695112,0.007055440,-0.030923480,103.079988145,-1.010726488,49.596289287,53.483698858,-0.004426939,-0.004428295
60.500000000,22.517728783,17.464458845,0.127638226,0.680623562,0.007101764,-0.031132177,103.061926423,-1.017606844,49.574026973,53.487899449,-0.004426216,-0.004443737
60.533333333,22.540201817,17.467570497,0.126596916,0.680547092,0.007148421,-0.031342298,103.043138993,-1.024528317,49.551322734,53.491816260,-0.004425428,-0.004458925
60.566666667,22.562675283,17.470659885,0.125548577,0.680465715,0.007195411,-0.031553840,103.023627993,-1.031490876,49.528177696,53.495450296,-0.004424575,-0.004473858
60.600000000,22.585149019,17.473726843,0.124493163,0.680379439,0.007242730,-0.031766798,103.003395603,-1.038494489,49.504593014,53.498802589,-0.004423657,-0.004488536
60.633333333,22.607622859,17.476771206,0.123430627,0.680288279,0.007290377,-0.031981171,102.982444052,-1.045539125,49.480569863,53.501874190,-0.004422674,-0.004502960
60.666666667,22.630096641,17.479792806,0.122360921,0.680192245,0.007338350,-0.032196954,102.960775612,-1.052624750,49.456109440,53.504666172,-0.004421626,-0.004517129
60.700000000,22.652570199,17.482791476,0.121283998,0.680091349,0.007386646,-0.032414145,102.938392600,-1.059751332,49.431212969,53.507179631,-0.004420513,-0.004531043
60.733333333,22.675043372,17.485767050,0.120199812,0.679985604,0.007435265,-0.032632740,102.915297380,-1.066918837,49.405881696,53.509415684,-0.004419335,-0.004544703
60.766666667,22.697515994,17.488719359,0.119108316,0.679875023,0.007484203,-0.032852736,102.891492361,-1.074127231,49.380116891,53.511375470,-0.004418092,-0.004558108
60.800000000,22.719987902,17.491648235,0.118009463,0.679759619,0.007533460,-0.033074130,102.866979998,-1.081376478,49.353919848,53.513060150,-0.004416784,-0.004571259
60.833333333,22.742458933,17.494553508,0.116903207,0.679639405,0.007583032,-0.033296919,102.841762791,-1.088666544,49.327291887,53.514470904,-0.004415411,-0.004584155
60.866666667,22.764928923,17.497435009,0.115789502,0.679514395,0.007632917,-0.033521099,102.815843288,-1.095997392,49.300234351,53.515608937,-0.004413973,-0.004596796
60.900000000,22.787397708,17.500292567,0.114668300,0.679384603,0.007683115,-0.033746668,102.789224079,-1.103368984,49.272748608,53.516475471,-0.004412470,-0.004609183
60.933333333,22.809865126,17.503126013,0.113539555,0.679250043,0.007733622,-0.033973623,102.761907805,-1.110781282,49.244836052,53.517071753,-0.004410902,-0.004621315
60.966666667,22.832331012,17.505935176,0.112403223,0.679110729,0.007784437,-0.034201959,102.733897149,-1.118234246,49.216498101,53.517399048,-0.004409269,-0.004633192
61.000000000,22.854795204,17.508719883,0.111259255,0.678966677,0.007835558,-0.034431674,102.705194843,-1.125727835,49.187736200,53.517458643,-0.004407571,-0.004644815
61.033333333,22.877257537,17.511479964,0.110107608,0.678817902,0.007886982,-0.034662766,102.675803665,-1.133262007,49.158551819,53.517251846,-0.004405807,-0.004656183
61.066666667,22.899717850,17.514215246,0.108948234,0.678664418,0.007938708,-0.034895229,102.645726437,-1.140836718,49.128946453,53.516779984,-0.004403979,-0.004667297
61.100000000,22.922175978,17.516925556,0.107781089,0.678506243,0.007990734,-0.035129063,102.614966031,-1.148451923,49.098921624,53.516044406,-0.004402086,-0.004678156
61.133333333,22.944631759,17.519610721,0.106606126,0.678343391,0.008043057,-0.035364262,102.583525362,-1.156107576,49.068478881,53.515046481,-0.004400128,-0.004688760
61.166666667,22.967085029,17.522270569,0.105423300,0.678175880,0.008095676,-0.035600824,102.551407396,-1.163803628,49.037619798,53.513787598,-0.004398105,-0.004699110
61.200000000,22.989535626,17.524904924,0.104232566,0.678003725,0.008148588,-0.035838746,102.518615141,-1.171540029,49.006345977,53.512269165,-0.004396016,-0.004709205
61.233333333,23.011983387,17.527513613,0.103033878,0.677826944,0.008201792,-0.036078024,102.485151656,-1.179316727,48.974659045,53.510492611,-0.004393863,-0.004719046
61.266666667,23.034428149,17.530096461,0.101827191,0.677645554,0.008255285,-0.036318655,102.451020045,-1.187133668,48.942560660,53.508459384,-0.004391645,-0.004728631
61.300000000,23.056869750,17.532653293,0.100612461,0.677459573,0.008309066,-0.036560636,102.416223457,-1.194990797,48.910052504,53.506170953,-0.004389362,-0.004737963
61.333333333,23.079308026,17.535183935,0.099389642,0.677269018,0.008363131,-0.036803963,102.380765091,-1.202888054,48.877136288,53.503628804,-0.004387013,-0.004747039
61.366666667,23.101742815,17.537688209,0.098158690,0.677073908,0.008417480,-0.037048634,102.344648193,-1.210825380,48.843813750,53.500834443,-0.004384600,-0.004755861
61.400000000,23.124173956,17.540165941,0.096919559,0.676874261,0.008472110,-0.037294643,102.307876054,-1.218802713,48.810086656,53.497789398,-0.004382122,-0.004764428
61.433333333,23.146601284,17.542616954,0.095672206,0.676670096,0.008527019,-0.037541989,102.270452014,-1.226819986,48.775956803,53.494495211,-0.004379578,-0.004772741
61.466666667,23.169024639,17.545041071,0.094416585,0.676461432,0.008582206,-0.037790667,102.232379460,-1.234877133,48.741426012,53.490953447,-0.004376970,-0.004780799
61.500000000,23.191443858,17.547438115,0.093152653,0.676248289,0.008637667,-0.038040674,102.193661824,-1.242974083,48.706496137,53.487165687,-0.004374296,-0.004788603
61.533333333,23.213858779,17.549807910,0.091880364,0.676030685,0.008693400,-0.038292007,102.154302590,-1.251110763,48.671169058,53.483133532,-0.004371558,-0.004796152
61.566666667,23.236269240,17.552150277,0.090599676,0.675808642,0.008749405,-0.038544661,102.114305284,-1.259287098,48.635446685,53.478858599,-0.004368754,-0.004803446
61.600000000,23.258675079,17.554465040,0.089310544,0.675582179,0.008805678,-0.038798634,102.073673485,-1.267503008,48.599330958,53.474342527,-0.004365886,-0.004810485
61.633333333,23.281076135,17.556752019,0.088012924,0.675351318,0.008862218,-0.039053920,102.032410814,-1.275758412,48.562823846,53.469586968,-0.004362953,-0.004817270
61.666666667,23.303472245,17.559011037,0.086706772,0.675116078,0.008919021,-0.039310518,101.990520943,-1.284053225,48.525927347,53.464593596,-0.004359954,-0.004823801
61.700000000,23.325863248,17.561241915,0.085392045,0.674876482,0.008976088,-0.039568421,101.948007592,-1.292387358,48.488643492,53.459364100,-0.004356891,-0.004830077
61.733333333,23.348248984,17.563444474,0.084068700,0.674632550,0.009033414,-0.039827628,101.904874525,-1.300760721,48.450974338,53.453900187,-0.004353762,-0.004836098
61.766666667,23.370629289,17.565618536,0.082736692,0.674384306,0.009090998,-0.040088133,101.861125557,-1.309173218,48.412921976,53.448203582,-0.004350568,-0.004841864
61.800000000,23.393004005,17.567763920,0.081395980,0.674131770,0.009148838,-0.040349933,101.816764550,-1.317624750,48.374488526,53.442276025,-0.004347310,-0.004847376
61.833333333,23.415372968,17.569880449,0.080046518,0.673874966,0.009206931,-0.040613024,101.771795413,-1.326115215,48.335676138,53.436119275,-0.004343986,-0.004852633
61.866666667,23.437736018,17.571967941,0.078688266,0.673613916,0.009265276,-0.040877401,101.726222102,-1.334644508,48.296486997,53.429735106,-0.004340598,-0.004857636
61.900000000,23.460092996,17.574026218,0.077321179,0.673348643,0.009323870,-0.041143060,101.680048623,-1.343212518,48.256923315,53.423125308,-0.004337144,-0.004862384
61.933333333,23.482443738,17.576055098,0.075945216,0.673079171,0.009382711,-0.041409997,101.633279027,-1.351819132,48.216987337,53.416291690,-0.004333625,-0.004866877
61.966666667,23.504788086,17.578054403,0.074560333,0.672805524,0.009441797,-0.041678207,101.585917414,-1.360464230,48.176681341,53.409236073,-0.004330042,-0.004871116
62.000000000,23.527125879,17.580023952,0.073166489,0.672527726,0.009501125,-0.041947687,101.537967933,-1.369147692,48.136007636,53.401960297,-0.004326393,-0.004875100
62.033333333,23.549456956,17.581963563,0.071763641,0.672245800,0.009560694,-0.042218431,101.489434777,-1.377869389,48.094968563,53.394466214,-0.004322679,-0.004878830
62.066666667,23.571781158,17.583873058,0.070351747,0.671959772,0.009620501,-0.042490434,101.440322192,-1.386629192,48.053566496,53.386755696,-0.004318901,-0.004882305
62.100000000,23.594098324,17.585752254,0.068930765,0.671669667,0.009680544,-0.042763692,101.390634467,-1.395426964,48.011803841,53.378830626,-0.004315057,-0.004885525
62.133333333,23.616408294,17.587600971,0.067500653,0.671375510,0.009740820,-0.043038201,101.340375940,-1.404262565,47.969683038,53.370692902,-0.004311148,-0.004888490
62.166666667,23.638710909,17.589419028,0.066061371,0.671077327,0.009801328,-0.043313954,101.289550999,-1.413135849,47.927206559,53.362344440,-0.004307175,-0.004891201
62.200000000,23.661006008,17.591206244,0.064612875,0.670775144,0.009862064,-0.043590948,101.238164077,-1.422046667,47.884376911,53.353787166,-0.004303136,-0.004893658
62.233333333,23.683293434,17.592962437,0.063155126,0.670468986,0.009923028,-0.043869176,101.186219655,-1.430994862,47.841196631,53.345023024,-0.004299032,-0.004895860
62.266666667,23.705573025,17.594687427,0.061688082,0.670158881,0.009984216,-0.044148634,101.133722263,-1.439980275,47.797668294,53.336053969,-0.004294863,-0.004897807
62.300000000,23.727844624,17.596381032,0.060211702,0.669844855,0.010045626,-0.044429317,101.080676476,-1.449002741,47.753794506,53.326881970,-0.004290629,-0.004899499
62.333333333,23.750108071,17.598043070,0.058725946,0.669526936,0.010107256,-0.044711218,101.027086920,-1.458062086,47.709577909,53.317509011,-0.004286331,-0.004900937
62.366666667,23.772363207,17.599673360,0.057230773,0.669205151,0.010169103,-0.044994333,100.972958266,-1.467158136,47.665021178,53.307937087,-0.004281967,-0.004902120
62.400000000,23.794609874,17.601271721,0.055726142,0.668879528,0.010231165,-0.045278655,100.918295232,-1.476290708,47.620127024,53.298168208,-0.004277538,-0.004903049
62.433333333,23.816847913,17.602837971,0.054212013,0.668550095,0.010293440,-0.045564179,100.863102586,-1.485459613,47.574898191,53.288204395,-0.004273044,-0.004903723
62.466666667,23.839077166,17.604371928,0.052688347,0.668216881,0.010355925,-0.045850899,100.807385140,-1.494664657,47.529337460,53.278047680,-0.004268485,-0.004904143
62.500000000,23.861297474,17.605873411,0.051155104,0.667879914,0.010418618,-0.046138808,100.751147757,-1.503905641,47.483447646,53.267700111,-0.004263861,-0.004904307
62.533333333,23.883508680,17.607342238,0.049612244,0.667539224,0.010481516,-0.046427901,100.694395344,-1.513182358,47.437231599,53.257163744,-0.004259172,-0.004904217
62.566666667,23.905710625,17.608778228,0.048059728,0.667194839,0.010544617,-0.046718170,100.637132856,-1.522494595,47.390692207,53.246440649,-0.004254418,-0.004903873
62.600000000,23.927903153,17.610181198,0.046497517,0.666846791,0.010607919,-0.047009611,100.579365295,-1.531842134,47.343832391,53.235532905,-0.004249599,-0.004903274
62.633333333,23.950086105,17.611550967,0.044925571,0.666495108,0.010671419,-0.047302215,100.521097712,-1.541224748,47.296655109,53.224442603,-0.004244715,-0.004902420
62.666666667,23.972259325,17.612887354,0.043343853,0.666139821,0.010735114,-0.047595977,100.462335201,-1.550642207,47.249163357,53.213171845,-0.004239766,-0.004901312
62.700000000,23.994422655,17.614190177,0.041752323,0.665780961,0.010799002,-0.047890889,100.403082907,-1.560094270,47.201360165,53.201722742,-0.004234752,-0.004899949
62.733333333,24.016575938,17.615459255,0.040150944,0.665418559,0.010863081,-0.048186944,100.343346018,-1.569580692,47.153248600,53.190097417,-0.004229673,-0.004898331
62.766666667,24.038719018,17.616694406,0.038539677,0.665052646,0.010927347,-0.048484136,100.283129770,-1.579101221,47.104831769,53.178298002,-0.004224529,-0.004896459
62.800000000,24.060851737,17.617895448,0.036918485,0.664683253,0.010991799,-0.048782456,100.222439446,-1.588655595,47.056112811,53.166326636,-0.004219320,-0.004894332
62.833333333,24.082973941,17.619062201,0.035287331,0.664310413,0.011056434,-0.049081897,100.161280375,-1.598243547,47.007094905,53.154185470,-0.004214046,-0.004891951
62.866666667,24.105085471,17.620194483,0.033646176,0.663934159,0.011121249,-0.049382451,100.099657931,-1.607864802,46.957781269,53.141876663,-0.004208707,-0.004889315
62.900000000,24.127186173,17.621292113,0.031994984,0.663554521,0.011186241,-0.049684111,100.037577537,-1.617519079,46.908175155,53.129402382,-0.004203303,-0.004886424
62.933333333,24.149275891,17.622354910,0.030333719,0.663171534,0.011251408,-0.049986868,99.975044657,-1.627206086,46.858279855,53.116764802,-0.004197833,-0.004883279
62.966666667,24.171354469,17.623382693,0.028662343,0.662785230,0.011316748,-0.050290715,99.912064806,-1.636925526,46.808098699,53.103966107,-0.004192299,-0.004879879
63.000000000,24.193421751,17.624375281,0.026980821,0.662395644,0.011382256,-0.050595643,99.848643542,-1.646677093,46.757635054,53.091008487,-0.004186700,-0.004876224
63.033333333,24.215477583,17.625332494,0.025289117,0.662002808,0.011447932,-0.050901642,99.784786467,-1.656460472,46.706892326,53.077894141,-0.004181036,-0.004872315
63.066666667,24.237521810,17.626254152,0.023587195,0.661606757,0.011513772,-0.051208706,99.720499232,-1.666275341,46.655873960,53.064625273,-0.004175307,-0.004868151
63.100000000,24.259554276,17.627140072,0.021875020,0.661207525,0.011579773,-0.051516823,99.655787531,-1.676121370,46.604583438,53.051204093,-0.004169512,-0.004863733
63.133333333,24.281574828,17.627990077,0.020152557,0.660805148,0.011645932,-0.051825987,99.590657102,-1.685998220,46.553024282,53.037632820,-0.004163653,-0.004859060
63.166666667,24.303583311,17.628803984,0.018419772,0.660399659,0.011712248,-0.052136186,99.525113729,-1.695905542,46.501200053,53.023913676,-0.004157729,-0.004854132
63.200000000,24.325579570,17.629581616,0.016676629,0.659991095,0.011778716,-0.052447412,99.459163241,-1.705842980,46.449114350,53.010048890,-0.004151739,-0.004848950
63.233333333,24.347563453,17.630322791,0.014923095,0.659579491,0.011845335,-0.052759654,99.392811509,-1.715810169,46.396770814,52.996040696,-0.004145685,-0.004843513
63.266666667,24.369534805,17.631027330,0.013159136,0.659164883,0.011912100,-0.053072903,99.326064452,-1.725806734,46.344173122,52.981891331,-0.004139566,-0.004837821
63.300000000,24.391493473,17.631695055,0.011384719,0.658747307,0.011979010,-0.053387149,99.258928030,-1.735832292,46.291324992,52.967603038,-0.004133382,-0.004831875
63.333333333,24.413439303,17.632325786,0.009599811,0.658326800,0.012046062,-0.053702381,99.191408247,-1.745886450,46.238230181,52.953178065,-0.004127132,-0.004825674
63.366666667,24.435372144,17.632919344,0.007804378,0.657903399,0.012113252,-0.054018589,99.123511150,-1.755968805,46.184892489,52.938618662,-0.004120818,-0.004819219
63.400000000,24.457291841,17.633475550,0.005998389,0.657477141,0.012180577,-0.054335762,99.055242832,-1.766078946,46.131315751,52.923927081,-0.004114438,-0.004812509
63.433333333,24.479198243,17.633994227,0.004181812,0.657048063,0.012248035,-0.054653888,98.986609425,-1.776216451,46.077503845,52.909105580,-0.004107994,-0.004805544
63.466666667,24.501091197,17.634475195,0.002354615,0.656616203,0.012315623,-0.054972957,98.917617107,-1.786380890,46.023460689,52.894156418,-0.004101485,-0.004798325
63.500000000,24.522970551,17.634918278,0.000516767,0.656181600,0.012383337,-0.055292957,98.848272097,-1.796571820,45.969190241,52.879081857,-0.004094910,-0.004790851
63.533333333,24.544836154,17.635323298,-0.001331763,0.655744290,0.012451175,-0.055613876,98.778580656,-1.806788791,45.914696498,52.863884158,-0.004088271,-0.004783123
63.566666667,24.566687853,17.635690077,-0.003191006,0.655304314,0.012519133,-0.055935703,98.708549086,-1.817031342,45.859983500,52.848565586,-0.004081566,-0.004775139
63.600000000,24.588525498,17.636018439,-0.005060991,0.654861710,0.012587208,-0.056258425,98.638183734,-1.827299001,45.805055326,52.833128407,-0.004074797,-0.004766902
63.633333333,24.610348938,17.636308206,-0.006941748,0.654416518,0.012655398,-0.056582029,98.567490984,-1.837591286,45.749916096,52.817574887,-0.004067962,-0.004758409
63.666666667,24.632158022,17.636559202,-0.008833307,0.653968776,0.012723698,-0.056906503,98.496477263,-1.847907704,45.694569970,52.801907293,-0.004061063,-0.004749662
63.700000000,24.653952598,17.636771252,-0.010735695,0.653518525,0.012792107,-0.057231834,98.425149040,-1.858247752,45.639021150,52.786127889,-0.004054098,-0.004740661
63.733333333,24.675732518,17.636944179,-0.012648942,0.653065805,0.012860620,-0.057558008,98.353512821,-1.868610917,45.583273878,52.770238942,-0.004047068,-0.004731404
63.766666667,24.697497630,17.637077808,-0.014573076,0.652610656,0.012929234,-0.057885013,98.281575155,-1.878996673,45.527332438,52.754242717,-0.004039974,-0.004721893
63.800000000,24.719247786,17.637171964,-0.016508123,0.652153119,0.012997946,-0.058212834,98.209342629,-1.889404484,45.471201153,52.738141476,-0.004032814,-0.004712128
63.833333333,24.740982835,17.637226473,-0.018454110,0.651693234,0.013066753,-0.058541458,98.136821869,-1.899833804,45.414884388,52.721937481,-0.004025590,-0.004702108
63.866666667,24.762702629,17.637241159,-0.020411065,0.651231044,0.013135651,-0.058870870,98.064019542,-1.910284075,45.358386550,52.705632992,-0.004018300,-0.004691833
63.900000000,24.784407018,17.637215849,-0.022379013,0.650766590,0.013204638,-0.059201055,97.990942351,-1.920754726,45.301712086,52.689230265,-0.004010945,-0.004681304
63.933333333,24.806095854,17.637150370,-0.024357980,0.650299912,0.013273709,-0.059531999,97.917597038,-1.931245178,45.244865485,52.672731553,-0.004003526,-0.004670520
63.966666667,24.827768988,17.637044548,-0.026347991,0.649831055,0.013342861,-0.059863686,97.843990384,-1.941754837,45.187851275,52.656139109,-0.003996041,-0.004659481
64.000000000,24.849426273,17.636898210,-0.028349070,0.649360059,0.013412091,-0.060196102,97.770129205,-1.952283099,45.130674028,52.639455177,-0.003988491,-0.004648188
64.033333333,24.871067560,17.636711185,-0.030361241,0.648886967,0.013481395,-0.060529230,97.696020355,-1.962829348,45.073338354,52.622682000,-0.003980876,-0.004636640
64.066666667,24.892692702,17.636483299,-0.032384529,0.648411823,0.013550771,-0.060863054,97.621670724,-1.973392957,45.015848907,52.605821817,-0.003973197,-0.004624837
64.100000000,24.914301551,17.636214383,-0.034418955,0.647934669,0.013620213,-0.061197558,97.547087240,-1.983973285,44.958210380,52.588876861,-0.003965452,-0.004612780
64.133333333,24.935893960,17.635904264,-0.036464542,0.647455549,0.013689719,-0.061532726,97.472276865,-1.994569681,44.900427507,52.571849358,-0.003957642,-0.004600469
64.166666667,24.957469784,17.635552771,-0.038521312,0.646974507,0.013759285,-0.061868541,97.397246594,-2.005181481,44.842505064,52.554741530,-0.003949767,-0.004587902
64.200000000,24.979028874,17.635159736,-0.040589286,0.646491587,0.013828908,-0.062204985,97.322003461,-2.015808008,44.784447868,52.537555593,-0.003941828,-0.004575081
64.233333333,25.000571086,17.634724987,-0.042668485,0.646006832,0.013898583,-0.062542041,97.246554531,-2.026448575,44.726260776,52.520293755,-0.003933823,-0.004562006
64.266666667,25.022096273,17.634248357,-0.044758929,0.645520287,0.013968307,-0.062879691,97.170906903,-2.037102479,44.667948685,52.502958218,-0.003925753,-0.004548675
64.300000000,25.043604290,17.633729676,-0.046860638,0.645031998,0.014038077,-0.063217917,97.095067710,-2.047769007,44.609516534,52.485551176,-0.003917618,-0.004535090
64.333333333,25.065094992,17.633168776,-0.048973630,0.644542008,0.014107888,-0.063556700,97.019044117,-2.058447433,44.550969302,52.468074815,-0.003909418,-0.004521251
64.366666667,25.086568233,17.632565489,-0.051097924,0.644050364,0.014177737,-0.063896022,96.942843322,-2.069137019,44.492312008,52.450531313,-0.003901153,-0.004507157
64.400000000,25.108023869,17.631919648,-0.053233537,0.643557110,0.014247620,-0.064235864,96.866472552,-2.079837013,44.433549712,52.432922840,-0.003892823,-0.004492808
64.433333333,25.129461755,17.631231086,-0.055380486,0.643062292,0.014317533,-0.064576206,96.789939069,-2.090546651,44.374687514,52.415251555,-0.003884428,-0.004478205
64.466666667,25.150881748,17.630499638,-0.057538788,0.642565957,0.014387472,-0.064917029,96.713250161,-2.101265154,44.315730553,52.397519608,-0.003875968,-0.004463347
64.500000000,25.172283704,17.629725137,-0.059708458,0.642068150,0.014457433,-0.065258311,96.636413149,-2.111991735,44.256684008,52.379729141,-0.003867443,-0.004448234
64.533333333,25.193667480,17.628907419,-0.061889512,0.641568917,0.014527413,-0.065600034,96.559435383,-2.122725588,44.197553099,52.361882283,-0.003858853,-0.004432867
64.566666667,25.215032932,17.628046319,-0.064081963,0.641068307,0.014597407,-0.065942176,96.482324239,-2.133465898,44.138343084,52.343981154,-0.003850198,-0.004417245
64.600000000,25.236379917,17.627141674,-0.066285825,0.640566364,0.014667411,-0.066284716,96.405087123,-2.144211836,44.079059261,52.326027862,-0.003841478,-0.004401369
64.633333333,25.257708294,17.626193320,-0.068501112,0.640063138,0.014737421,-0.066627633,96.327731469,-2.154962560,44.019706966,52.308024503,-0.003832693,-0.004385238
64.666666667,25.279017920,17.625201093,-0.070727835,0.639558673,0.014807433,-0.066970905,96.250264736,-2.165717213,43.960291573,52.289973163,-0.003823843,-0.004368852
64.700000000,25.300308653,17.624164833,-0.072966006,0.639053020,0.014877444,-0.067314509,96.172694411,-2.176474928,43.900818498,52.271875913,-0.003814928,-0.004352212
64.733333333,25.321580352,17.623084378,-0.075215635,0.638546224,0.014947447,-0.067658424,96.095028004,-2.187234821,43.841293191,52.253734812,-0.003805948,-0.004335317
64.766666667,25.342832876,17.621959567,-0.077476732,0.638038334,0.015017441,-0.068002626,96.017273051,-2.197995999,43.781721143,52.235551908,-0.003796903,-0.004318167
64.800000000,25.364066083,17.620790238,-0.079749308,0.637529399,0.015087420,-0.068347093,95.939437113,-2.208757552,43.722107880,52.217329233,-0.003787793,-0.004300763
64.833333333,25.385279834,17.619576234,-0.082033369,0.637019466,0.015157379,-0.068691800,95.861527772,-2.219518558,43.662458968,52.199068805,-0.003778618,-0.004283104
64.866666667,25.406473989,17.618317395,-0.084328924,0.636508584,0.015227316,-0.069036724,95.783552635,-2.230278082,43.602780006,52.180772629,-0.003769377,-0.004265191
64.900000000,25.427648407,17.617013563,-0.086635980,0.635996802,0.015297224,-0.069381841,95.705519329,-2.241035175,43.543076635,52.162442694,-0.003760072,-0.004247022
64.933333333,25.448802949,17.615664579,-0.088954542,0.635484168,0.015367101,-0.069727126,95.627435503,-2.251788877,43.483354527,52.144080976,-0.003750702,-0.004228600
64.966666667,25.469937476,17.614270288,-0.091284616,0.634970733,0.015436941,-0.070072554,95.549308826,-2.262538211,43.423619392,52.125689433,-0.003741267,-0.004209922
65.000000000,25.491051849,17.612830532,-0.093626205,0.634456545,0.015506740,-0.070418099,95.471146986,-2.273282188,43.363876977,52.107270009,-0.003731767,-0.004190990
65.033333333,25.512145931,17.611345157,-0.095979315,0.633941654,0.015576494,-0.070763737,95.392957692,-2.284019808,43.304133061,52.088824631,-0.003722201,-0.004171804
65.066666667,25.533219582,17.609814007,-0.098343946,0.633426109,0.015646198,-0.071109440,95.314748668,-2.294750055,43.244393459,52.070355209,-0.003712571,-0.004152363
65.100000000,25.554272665,17.608236928,-0.100720102,0.632909961,0.015715847,-0.071455183,95.236527657,-2.305471900,43.184664020,52.051863637,-0.003702876,-0.004132667
65.133333333,25.575305043,17.606613767,-0.103107782,0.632393259,0.015785438,-0.071800939,95.158302418,-2.316184303,43.124950626,52.033351791,-0.003693115,-0.004112716
65.166666667,25.596316580,17.604944372,-0.105506987,0.631876053,0.015854964,-0.072146680,95.080080724,-2.326886208,43.065259194,52.014821531,-0.003683290,-0.004092511
65.200000000,25.617307137,17.603228589,-0.107917716,0.631358394,0.015924422,-0.072492379,95.001870366,-2.337576547,43.005595670,51.996274696,-0.003673400,-0.004072052
65.233333333,25.638276580,17.601466268,-0.110339966,0.630840333,0.015993807,-0.072838009,94.923679145,-2.348254239,42.945966035,51.977713109,-0.003663444,-0.004051337
65.266666667,25.659224771,17.599657259,-0.112773736,0.630321919,0.016063114,-0.073183540,94.845514877,-2.358918191,42.886376301,51.959138575,-0.003653424,-0.004030369
65.300000000,25.680151577,17.597801411,-0.115219021,0.629803204,0.016132338,-0.073528944,94.767385389,-2.369567296,42.826832510,51.940552879,-0.003643339,-0.004009145
65.333333333,25.701056861,17.595898577,-0.117675817,0.629284239,0.016201475,-0.073874193,94.689298519,-2.380200433,42.767340734,51.921957785,-0.003633188,-0.003987667
65.366666667,25.721940489,17.593948608,-0.120144118,0.628765075,0.016270519,-0.074219257,94.611262117,-2.390816471,42.707907076,51.903355041,-0.003622973,-0.003965934
65.400000000,25.742802326,17.591951356,-0.122623917,0.628245762,0.016339467,-0.074564106,94.533284039,-2.401414263,42.648537667,51.884746372,-0.003612692,-0.003943947
65.433333333,25.763642239,17.589906675,-0.125115206,0.627726352,0.016408312,-0.074908709,94.455372152,-2.411992653,42.589238666,51.866133485,-0.003602347,-0.003921705
65.466666667,25.784460094,17.587814419,-0.127617978,0.627206897,0.016477050,-0.075253037,94.377534327,-2.422550469,42.530016261,51.847518066,-0.003591936,-0.003899208
65.500000000,25.805255757,17.585674445,-0.130132222,0.626687447,0.016545675,-0.075597059,94.299778445,-2.433086530,42.470876665,51.828901780,-0.003581461,-0.003876457
65.533333333,25.826029096,17.583486607,-0.132657927,0.626168056,0.016614184,-0.075940744,94.222112390,-2.443599639,42.411826119,51.810286271,-0.003570920,-0.003853451
65.566666667,25.846779978,17.581250762,-0.135195082,0.625648773,0.016682571,-0.076284059,94.144544050,-2.454088591,42.352870889,51.791673161,-0.003560315,-0.003830190
65.600000000,25.867508272,17.578966769,-0.137743674,0.625129652,0.016750830,-0.076626973,94.067081317,-2.464552165,42.294017264,51.773064053,-0.003549644,-0.003806675
65.633333333,25.888213845,17.576634485,-0.140303689,0.624610744,0.016818956,-0.076969454,93.989732085,-2.474989131,42.235271560,51.754460526,-0.003538909,-0.003782905
65.666666667,25.908896567,17.574253771,-0.142875112,0.624092101,0.016886946,-0.077311469,93.912504249,-2.485398247,42.176640112,51.735864137,-0.003528108,-0.003758881
65.700000000,25.929556306,17.571824486,-0.145457927,0.623573774,0.016954792,-0.077652985,93.835405704,-2.495778257,42.118129281,51.717276423,-0.003517243,-0.003734602
65.733333333,25.950192932,17.569346492,-0.148052116,0.623055817,0.017022490,-0.077993968,93.758444342,-2.506127897,42.059745447,51.698698896,-0.003506312,-0.003710068
65.766666667,25.970806315,17.566819651,-0.150657662,0.622538281,0.017090035,-0.078334385,93.681628056,-2.516445889,42.001495010,51.680133046,-0.003495316,-0.003685280
65.800000000,25.991396325,17.564243825,-0.153274545,0.622021219,0.017157422,-0.078674202,93.604964735,-2.526730947,41.943384393,51.661580342,-0.003484256,-0.003660237
65.833333333,26.011962834,17.561618880,-0.155902744,0.621504683,0.017224644,-0.079013384,93.528462261,-2.536981771,41.885420033,51.643042228,-0.003473130,-0.003634939
65.866666667,26.032505711,17.558944680,-0.158542238,0.620988724,0.017291697,-0.079351897,93.452128512,-2.547197052,41.827608387,51.624520125,-0.003461939,-0.003609387
65.900000000,26.053024830,17.556221090,-0.161193003,0.620473396,0.017358575,-0.079689706,93.375971361,-2.557375471,41.769955929,51.606015432,-0.003450684,-0.003583581
65.933333333,26.073520061,17.553447978,-0.163855016,0.619958752,0.017425274,-0.080026774,93.299998670,-2.567515697,41.712469148,51.587529523,-0.003439363,-0.003557519
65.966666667,26.093991277,17.550625211,-0.166528251,0.619444842,0.017491786,-0.080363066,93.224218294,-2.577616393,41.655154546,51.569063748,-0.003427977,-0.003531203
66.000000000,26.114438351,17.547752658,-0.169212683,0.618931720,0.017558108,-0.080698547,93.148638076,-2.587676207,41.598018640,51.550619436,-0.003416526,-0.003504632
66.033333333,26.134861156,17.544830189,-0.171908282,0.618419439,0.017624232,-0.081033179,93.073265849,-2.597693781,41.541067961,51.532197888,-0.003405011,-0.003477807
66.066666667,26.155259566,17.541857675,-0.174615021,0.617908050,0.017690155,-0.081366926,92.998109432,-2.607667748,41.484309048,51.513800384,-0.003393430,-0.003450727
66.100000000,26.175633456,17.538834986,-0.177332869,0.617397606,0.017755870,-0.081699750,92.923176631,-2.617596729,41.427748452,51.495428179,-0.003381784,-0.003423393
66.133333333,26.195982698,17.535761996,-0.180061794,0.616888160,0.017821371,-0.082031615,92.848475236,-2.627479341,41.371392732,51.477082504,-0.003370073,-0.003395804
66.166666667,26.216307170,17.532638578,-0.182801765,0.616379763,0.017886653,-0.082362482,92.774013020,-2.637314188,41.315248457,51.458764564,-0.003358297,-0.003367960
66.200000000,26.236606745,17.529464608,-0.185552747,0.615872469,0.017951711,-0.082692314,92.699797740,-2.647099869,41.259322199,51.440475541,-0.003346456,-0.003339862
66.233333333,26.256881300,17.526239961,-0.188314705,0.615366329,0.018016538,-0.083021072,92.625837132,-2.656834974,41.203620540,51.422216592,-0.003334551,-0.003311509
66.266666667,26.277130711,17.522964514,-0.191087603,0.614861396,0.018081129,-0.083348718,92.552138912,-2.666518085,41.148150061,51.403988851,-0.003322580,-0.003282901
66.300000000,26.297354854,17.519638144,-0.193871403,0.614357723,0.018145478,-0.083675212,92.478710775,-2.676147780,41.092917350,51.385793425,-0.003310544,-0.003254039
66.333333333,26.317553608,17.516260731,-0.196666066,0.613855360,0.018209579,-0.084000516,92.405560391,-2.685722625,41.037928994,51.367631398,-0.003298443,-0.003224922
66.366666667,26.337726849,17.512832155,-0.199471551,0.613354362,0.018273427,-0.084324589,92.332695409,-2.695241184,40.983191582,51.349503827,-0.003286277,-0.003195550
66.400000000,26.357874456,17.509352297,-0.202287817,0.612854778,0.018337015,-0.084647393,92.260123448,-2.704702013,40.928711700,51.331411749,-0.003274046,-0.003165924
66.433333333,26.377996306,17.505821038,-0.205114821,0.612356662,0.018400338,-0.084968887,92.187852104,-2.714103662,40.874495933,51.313356171,-0.003261750,-0.003136044
66.466666667,26.398092280,17.502238263,-0.207952519,0.611860065,0.018463390,-0.085289031,92.115888940,-2.723444677,40.820550861,51.295338079,-0.003249389,-0.003105908
66.500000000,26.418162257,17.498603856,-0.210800864,0.611365040,0.018526166,-0.085607784,92.044241493,-2.732723597,40.766883060,51.277358433,-0.003236963,-0.003075518
66.533333333,26.438206115,17.494917702,-0.213659811,0.610871637,0.018588658,-0.085925106,91.972917266,-2.741938959,40.713499097,51.259418169,-0.003224472,-0.003044874
66.566666667,26.458223737,17.491179687,-0.216529309,0.610379908,0.018650861,-0.086240955,91.901923731,-2.751089292,40.660405534,51.241518197,-0.003211916,-0.003013974
66.600000000,26.478215001,17.487389701,-0.219409311,0.609889905,0.018712769,-0.086555291,91.831268325,-2.760173126,40.607608921,51.223659404,-0.003199295,-0.002982821
66.633333333,26.498179791,17.483547631,-0.222299763,0.609401679,0.018774376,-0.086868072,91.760958449,-2.769188983,40.555115796,51.205842652,-0.003186609,-0.002951412
66.666666667,26.518117987,17.479653368,-0.225200615,0.608915281,0.018835677,-0.087179257,91.691001466,-2.778135384,40.502932687,51.188068780,-0.003173857,-0.002919749
66.700000000,26.538029472,17.475706802,-0.228111812,0.608430762,0.018896665,-0.087488802,91.621404704,-2.787010849,40.451066105,51.170338599,-0.003161041,-0.002887831
66.733333333,26.557914129,17.471707828,-0.231033299,0.607948172,0.018957333,-0.087796668,91.552175448,-2.795813892,40.399522547,51.152652901,-0.003148160,-0.002855659
66.766666667,26.577771839,17.467656337,-0.233965018,0.607467564,0.019017677,-0.088102810,91.483320941,-2.804543029,40.348308491,51.135012450,-0.003135214,-0.002823232
66.800000000,26.597602489,17.463552225,-0.236906912,0.606988986,0.019077690,-0.088407187,91.414848385,-2.813196774,40.297430397,51.117417988,-0.003122203,-0.002790550
66.833333333,26.617405960,17.459395389,-0.239858922,0.606512489,0.019137365,-0.088709757,91.346764937,-2.821773637,40.246894705,51.099870232,-0.003109127,-0.002757614
66.866666667,26.637182139,17.455185724,-0.242820986,0.606038124,0.019196697,-0.089010476,91.279077707,-2.830272132,40.196707830,51.082369877,-0.003095985,-0.002724423
66.900000000,26.656930909,17.450923130,-0.245793042,0.605565940,0.019255680,-0.089309302,91.211793759,-2.838690771,40.146876166,51.064917592,-0.003082779,-0.002690978
66.933333333,26.676652157,17.446607507,-0.248775026,0.605095986,0.019314307,-0.089606191,91.144920106,-2.847028066,40.097406080,51.047514026,-0.003069508,-0.002657278
66.966666667,26.696345769,17.442238755,-0.251766872,0.604628313,0.019372572,-0.089901102,91.078463712,-2.855282532,40.048303911,51.030159802,-0.003056172,-0.002623323
67.000000000,26.716011631,17.437816777,-0.254768515,0.604162970,0.019430470,-0.090193989,91.012431489,-2.863452683,39.999575969,51.012855520,-0.003042770,-0.002589114
67.033333333,26.735649631,17.433341476,-0.257779886,0.603700004,0.019487993,-0.090484811,90.946830294,-2.871537039,39.951228534,50.995601761,-0.003029304,-0.002554650
67.066666667,26.755259655,17.428812756,-0.260800915,0.603239466,0.019545136,-0.090773523,90.881666930,-2.879534119,39.903267852,50.978399078,-0.003015773,-0.002519931
67.100000000,26.774841592,17.424230525,-0.263831531,0.602781403,0.019601893,-0.091060083,90.816948144,-2.887442446,39.855700138,50.961248005,-0.003002176,-0.002484958
67.133333333,26.794395331,17.419594689,-0.266871663,0.602325864,0.019658258,-0.091344446,90.752680621,-2.895260547,39.808531567,50.944149054,-0.002988515,-0.002449730
67.166666667,26.813920760,17.414905156,-0.269921235,0.601872896,0.019714223,-0.091626570,90.688870991,-2.902986954,39.761768277,50.927102714,-0.002974789,-0.002414248
67.200000000,26.833417770,17.410161837,-0.272980172,0.601422547,0.019769784,-0.091906410,90.625525819,-2.910620202,39.715416367,50.910109451,-0.002960997,-0.002378511
67.233333333,26.852886249,17.405364643,-0.276048399,0.600974864,0.019824933,-0.092183922,90.562651608,-2.918158832,39.669481896,50.893169712,-0.002947141,-0.002342519
67.266666667,26.872326089,17.400513487,-0.279125835,0.600529894,0.019879665,-0.092459064,90.500254797,-2.925601392,39.623970876,50.876283922,-0.002933220,-0.002306273
67.300000000,26.891737182,17.395608282,-0.282212403,0.600087684,0.019933974,-0.092731791,90.438341759,-2.932946434,39.578889276,50.859452483,-0.002919233,-0.002269772
67.333333333,26.911119417,17.390648944,-0.285308019,0.599648281,0.019987853,-0.093002059,90.376918798,-2.940192518,39.534243018,50.842675779,-0.002905182,-0.002233016
67.366666667,26.930472689,17.385635389,-0.288412602,0.599211729,0.020041295,-0.093269826,90.315992148,-2.947338211,39.490037976,50.825954172,-0.002891065,-0.002196006
67.400000000,26.949796888,17.380567535,-0.291526068,0.598778074,0.020094296,-0.093535047,90.255567975,-2.954382089,39.446279970,50.809288005,-0.002876884,-0.002158741
67.433333333,26.969091909,17.375445302,-0.294648330,0.598347362,0.020146848,-0.093797679,90.195652369,-2.961322735,39.402974770,50.792677598,-0.002862637,-0.002121222
67.466666667,26.988357646,17.370268611,-0.297779303,0.597919638,0.020198946,-0.094057678,90.136251348,-2.968158743,39.360128092,50.776123256,-0.002848326,-0.002083448
67.500000000,27.007593992,17.365037383,-0.300918897,0.597494945,0.020250583,-0.094315001,90.077370854,-2.974888713,39.317745594,50.759625260,-0.002833949,-0.002045419
67.533333333,27.026800842,17.359751542,-0.304067022,0.597073328,0.020301753,-0.094569605,90.019016750,-2.981511260,39.275832876,50.743183874,-0.002819508,-0.002007136
67.566666667,27.045978091,17.354411013,-0.307223588,0.596654831,0.020352450,-0.094821446,89.961194823,-2.988025005,39.234395479,50.726799344,-0.002805001,-0.001968598
67.600000000,27.065125636,17.349015723,-0.310388500,0.596239496,0.020402668,-0.095070481,89.903910776,-2.994428584,39.193438880,50.710471895,-0.002790429,-0.001929805
67.633333333,27.084243373,17.343565598,-0.313561666,0.595827367,0.020452401,-0.095316667,89.847170232,-3.000720643,39.152968495,50.694201736,-0.002775793,-0.001890758
67.666666667,27.103331198,17.338060569,-0.316742989,0.595418486,0.020501642,-0.095559962,89.790978729,-3.006899840,39.112989672,50.677989057,-0.002761091,-0.001851456
67.700000000,27.122389009,17.332500567,-0.319932373,0.595012894,0.020550386,-0.095800322,89.735341722,-3.012964848,39.073507692,50.661834030,-0.002746324,-0.001811900
67.733333333,27.141416705,17.326885522,-0.323129718,0.594610632,0.020598626,-0.096037706,89.680264575,-3.018914351,39.034527766,50.645736809,-0.002731493,-0.001772089
67.766666667,27.160414183,17.321215370,-0.326334925,0.594211743,0.020646357,-0.096272071,89.625752567,-3.024747049,38.996055035,50.629697532,-0.002716596,-0.001732023
67.800000000,27.179381343,17.315490044,-0.329547892,0.593816266,0.020693571,-0.096503374,89.571810886,-3.030461656,38.958094566,50.613716320,-0.002701634,-0.001691703
67.833333333,27.198318085,17.309709483,-0.332768517,0.593424241,0.020740264,-0.096731574,89.518444626,-3.036056901,38.920651350,50.597793277,-0.002686608,-0.001651128
67.866666667,27.217224308,17.303873623,-0.335996695,0.593035708,0.020786430,-0.096956630,89.465658791,-3.041531529,38.883730301,50.581928490,-0.002671516,-0.001610299
67.900000000,27.236099914,17.297982404,-0.339232322,0.592650705,0.020832061,-0.097178500,89.413458288,-3.046884301,38.847336257,50.566122031,-0.002656359,-0.001569214
67.933333333,27.254944804,17.292035768,-0.342475290,0.592269271,0.020877152,-0.097397142,89.361847928,-3.052113996,38.811473972,50.550373956,-0.002641137,-0.001527876
67.966666667,27.273758879,17.286033657,-0.345725490,0.591891443,0.020921698,-0.097612517,89.310832424,-3.057219409,38.776148119,50.534684305,-0.002625851,-0.001486282
68.000000000,27.292542042,17.279976015,-0.348982814,0.591517260,0.020965693,-0.097824583,89.260416389,-3.062199353,38.741363286,50.519053103,-0.002610499,-0.001444434
68.033333333,27.311294197,17.273862788,-0.352247151,0.591146757,0.021009130,-0.098033300,89.210604335,-3.067052660,38.707123976,50.503480360,-0.002595082,-0.001402332
68.066666667,27.330015246,17.267693924,-0.355518387,0.590779970,0.021052003,-0.098238629,89.161400673,-3.071778182,38.673434603,50.487966070,-0.002579600,-0.001359974
68.100000000,27.348705095,17.261469371,-0.358796410,0.590416936,0.021094308,-0.098440530,89.112809707,-3.076374788,38.640299492,50.472510215,-0.002564053,-0.001317362
68.133333333,27.367363647,17.255189079,-0.362081104,0.590057690,0.021136038,-0.098638963,89.064835637,-3.080841370,38.607722877,50.457112761,-0.002548441,-0.001274496
68.166666667,27.385990808,17.248853001,-0.365372353,0.589702264,0.021177187,-0.098833891,89.017482555,-3.085176838,38.575708897,50.441773659,-0.002532764,-0.001231375
68.200000000,27.404586484,17.242461090,-0.368670040,0.589350694,0.021217749,-0.099025274,88.970754445,-3.089380125,38.544261597,50.426492848,-0.002517023,-0.001187999
68.233333333,27.423150582,17.236013301,-0.371974046,0.589003013,0.021257720,-0.099213074,88.924655180,-3.093450184,38.513384928,50.411270253,-0.002501216,-0.001144369
68.266666667,27.441683008,17.229509592,-0.375284251,0.588659252,0.021297093,-0.099397254,88.879188522,-3.097385992,38.483082738,50.396105784,-0.002485344,-0.001100484
68.300000000,27.460183670,17.222949920,-0.378600533,0.588319444,0.021335862,-0.099577777,88.834358117,-3.101186546,38.453358778,50.380999340,-0.002469407,-0.001056344
68.333333333,27.478652477,17.216334246,-0.381922771,0.587983619,0.021374023,-0.099754606,88.790167502,-3.104850868,38.424216697,50.365950804,-0.002453405,-0.001011950
68.366666667,27.497089336,17.209662531,-0.385250840,0.587651809,0.021411570,-0.099927705,88.746620091,-3.108378002,38.395660041,50.350960050,-0.002437338,-0.000967301
68.400000000,27.515494159,17.202934739,-0.388584615,0.587324043,0.021448497,-0.100097038,88.703719186,-3.111767018,38.367692251,50.336026936,-0.002421206,-0.000922397
68.433333333,27.533866854,17.196150835,-0.391923970,0.587000350,0.021484799,-0.100262570,88.661467967,-3.115017008,38.340316660,50.321151307,-0.002405009,-0.000877239
68.466666667,27.552207333,17.189310785,-0.395268779,0.586680758,0.021520470,-0.100424266,88.619869495,-3.118127090,38.313536497,50.306332998,-0.002388747,-0.000831827
68.500000000,27.570515506,17.182414558,-0.398618912,0.586365296,0.021555505,-0.100582092,88.578926708,-3.121096408,38.287354877,50.291571831,-0.002372420,-0.000786159
68.533333333,27.588791285,17.175462123,-0.401974240,0.586053989,0.021589899,-0.100736014,88.538642421,-3.123924129,38.261774808,50.276867613,-0.002356027,-0.000740237
68.566666667,27.607034584,17.168453453,-0.405334632,0.585746866,0.021623647,-0.100885999,88.499019326,-3.126609449,38.236799183,50.262220143,-0.002339570,-0.000694061
68.600000000,27.625245314,17.161388521,-0.408699956,0.585443950,0.021656743,-0.101032015,88.460059987,-3.129151589,38.212430784,50.247629203,-0.002323048,-0.000647629
68.633333333,27.643423389,17.154267302,-0.412070081,0.585145266,0.021689183,-0.101174029,88.421766842,-3.131549796,38.188672274,50.233094568,-0.002306461,-0.000600944
68.666666667,27.661568725,17.147089773,-0.415444871,0.584850840,0.021720961,-0.101312010,88.384142200,-3.133803346,38.165526204,50.218615996,-0.002289809,-0.000554003
68.700000000,27.679681235,17.139855913,-0.418824191,0.584560693,0.021752073,-0.101445928,88.347188241,-3.135911540,38.142995004,50.204193237,-0.002273092,-0.000506808
68.733333333,27.697760835,17.132565702,-0.422207907,0.584274848,0.021782513,-0.101575752,88.310907014,-3.137873710,38.121080987,50.189826026,-0.002256310,-0.000459358
68.766666667,27.715807442,17.125219121,-0.425595880,0.583993327,0.021812276,-0.101701452,88.275300433,-3.139689213,38.099786345,50.175514088,-0.002239462,-0.000411654
68.800000000,27.733820971,17.117816156,-0.428987973,0.583716151,0.021841358,-0.101823000,88.240370281,-3.141357436,38.079113147,50.161257134,-0.002222550,-0.000363695
68.833333333,27.751801341,17.110356791,-0.432384047,0.583443339,0.021869755,-0.101940368,88.206118207,-3.142877795,38.059063343,50.147054864,-0.002205573,-0.000315481
68.866666667,27.769748470,17.102841014,-0.435783963,0.583174911,0.021897460,-0.102053528,88.172545721,-3.144249735,38.039638755,50.132906965,-0.002188531,-0.000267013
68.900000000,27.787662275,17.095268815,-0.439187579,0.582910885,0.021924471,-0.102162453,88.139654198,-3.145472728,38.020841084,50.118813113,-0.002171423,-0.000218290
68.933333333,27.805542677,17.087640183,-0.442594754,0.582651279,0.021950781,-0.102267117,88.107444873,-3.146546277,38.002671903,50.104772970,-0.002154251,-0.000169313
68.966666667,27.823389595,17.079955113,-0.446005345,0.582396110,0.021976388,-0.102367495,88.075918845,-3.147469917,37.985132659,50.090786186,-0.002137014,-0.000120081
69.000000000,27.841202949,17.072213598,-0.449419209,0.582145392,0.022001285,-0.102463561,88.045077068,-3.148243209,37.968224670,50.076852398,-0.002119711,-0.000070594
69.033333333,27.858982662,17.064415636,-0.452836202,0.581899142,0.022025470,-0.102555292,88.014920358,-3.148865747,37.951949128,50.062971230,-0.002102344,-0.000020853
69.066666667,27.876728654,17.056561224,-0.456256180,0.581657372,0.022048937,-0.102642664,87.985449385,-3.149337153,37.936307091,50.049142294,-0.002084912,0.000029143
69.100000000,27.894440849,17.048650362,-0.459678995,0.581420097,0.022071683,-0.102725655,87.956664679,-3.149657081,37.921299492,50.035365187,-0.002067414,0.000079394
69.133333333,27.912119168,17.040683053,-0.463104503,0.581187329,0.022093703,-0.102804243,87.928566621,-3.149825215,37.906927129,50.021639493,-0.002049852,0.000129899
69.166666667,27.929763537,17.032659301,-0.466532556,0.580959078,0.022114994,-0.102878407,87.901155451,-3.149841270,37.893190669,50.007964782,-0.002032225,0.000180659
69.200000000,27.947373879,17.024579111,-0.469963006,0.580735356,0.022135551,-0.102948127,87.874431258,-3.149704991,37.880090646,49.994340611,-0.002014532,0.000231673
69.233333333,27.964950120,17.016442491,-0.473395704,0.580516172,0.022155370,-0.103013383,87.848393985,-3.149416155,37.867627464,49.980766521,-0.001996775,0.000282942
69.266666667,27.982492184,17.008249450,-0.476830502,0.580301534,0.022174448,-0.103074156,87.823043427,-3.148974664,37.855801206,49.967242221,-0.001978952,0.000334466
69.300000000,28.000000000,17.000000000,-0.480267249,0.580091451,0.022192781,-0.103130429,87.798379230,-3.148382947,37.844607025,49.953772205,-0.001961065,0.000386244
69.333333333,28.017473493,16.991694154,-0.483705796,0.579885929,0.022210366,-0.103182196,87.774400931,-3.147655025,37.834017726,49.940383205,-0.001943182,0.000438043
69.366666667,28.034912591,16.983331928,-0.487145994,0.579684974,0.022227199,-0.103229492,87.751108056,-3.146805746,37.824004517,49.927103539,-0.001925374,0.000489628
69.400000000,28.052317223,16.974913338,-0.490587693,0.579488590,0.022243277,-0.103272364,87.728500044,-3.145837831,37.814561885,49.913938159,-0.001907641,0.000541000
69.433333333,28.069687318,16.966438404,-0.494030747,0.579296783,0.022258600,-0.103310853,87.706576207,-3.144751166,37.805689708,49.900886499,-0.001889982,0.000592158
69.466666667,28.087022805,16.957907147,-0.497475010,0.579109554,0.022273166,-0.103344999,87.685335736,-3.143545755,37.797387570,49.887948166,-0.001872397,0.000643103
69.500000000,28.104323615,16.949319589,-0.500920340,0.578926907,0.022286973,-0.103374837,87.664777696,-3.142221712,37.789654786,49.875122910,-0.001854887,0.000693833
69.533333333,28.121589678,16.940675756,-0.504366591,0.578748843,0.022300024,-0.103400404,87.644901031,-3.140779250,37.782490419,49.862410612,-0.001837451,0.000744351
69.566666667,28.138820927,16.931975674,-0.507813623,0.578575362,0.022312316,-0.103421730,87.625704562,-3.139218670,37.775893301,49.849811261,-0.001820090,0.000794654
69.600000000,28.156017293,16.923219371,-0.511261295,0.578406464,0.022323852,-0.103438849,87.607186989,-3.137540351,37.769862049,49.837324940,-0.001802804,0.000844744
69.633333333,28.173178710,16.914406878,-0.514709468,0.578242148,0.022334632,-0.103451790,87.589346893,-3.135744749,37.764395083,49.824951810,-0.001785592,0.000894620
69.666666667,28.190305111,16.905538227,-0.518158001,0.578082412,0.022344657,-0.103460583,87.572182733,-3.133832383,37.759490630,49.812692103,-0.001768454,0.000944283
69.700000000,28.207396430,16.896613452,-0.521606758,0.577927253,0.022353930,-0.103465256,87.555692852,-3.131803833,37.755146748,49.800546104,-0.001751392,0.000993732
69.733333333,28.224452602,16.887632589,-0.525055602,0.577776667,0.022362452,-0.103465837,87.539875472,-3.129659734,37.751361324,49.788514147,-0.001734403,0.001042968
69.766666667,28.241473562,16.878595676,-0.528504396,0.577630650,0.022370225,-0.103462354,87.524728700,-3.127400773,37.748132094,49.776596606,-0.001717489,0.001091990
69.800000000,28.258459247,16.869502752,-0.531953006,0.577489197,0.022377252,-0.103454833,87.510250526,-3.125027682,37.745456644,49.764793882,-0.001700650,0.001140798
69.833333333,28.275409594,16.860353858,-0.535401298,0.577352300,0.022383536,-0.103443303,87.496438826,-3.122541236,37.743332421,49.753106405,-0.001683885,0.001189392
69.866666667,28.292324538,16.851149038,-0.538849138,0.577219954,0.022389078,-0.103427789,87.483291358,-3.119942249,37.741756738,49.741534620,-0.001667194,0.001237773
69.900000000,28.309204020,16.841888337,-0.542296394,0.577092150,0.022393882,-0.103408319,87.470805770,-3.117231573,37.740726783,49.730078987,-0.001650578,0.001285941
69.933333333,28.326047976,16.832571802,-0.545742935,0.576968880,0.022397952,-0.103384918,87.458979595,-3.114410092,37.740239621,49.718739974,-0.001634037,0.001333895
69.966666667,28.342856347,16.823199480,-0.549188630,0.576850134,0.022401290,-0.103357615,87.447810256,-3.111478721,37.740292202,49.707518053,-0.001617570,0.001381635
70.000000000,28.359629071,16.813771423,-0.552633350,0.576735902,0.022403899,-0.103326435,87.437295063,-3.108438407,37.740881364,49.696413698,-0.001601178,0.001429161
70.033333333,28.376366091,16.804287682,-0.556076965,0.576626173,0.022405784,-0.103291407,87.427431217,-3.105290121,37.742003837,49.685427380,-0.001584860,0.001476474
70.066666667,28.393067345,16.794748311,-0.559519348,0.576520935,0.022406947,-0.103252557,87.418215812,-3.102034862,37.743656249,49.674559563,-0.001568616,0.001523573
70.100000000,28.409732777,16.785153365,-0.562960372,0.576420175,0.022407393,-0.103209913,87.409645832,-3.098673650,37.745835127,49.663810704,-0.001552448,0.001570459
70.133333333,28.426362328,16.775502903,-0.566399911,0.576323881,0.022407125,-0.103163503,87.401718154,-3.095207530,37.748536903,49.653181251,-0.001536353,0.001617131
70.166666667,28.442955940,16.765796982,-0.569837839,0.576232037,0.022406148,-0.103113355,87.394429549,-3.091637568,37.751757914,49.642671635,-0.001520333,0.001663590
70.200000000,28.459513559,16.756035664,-0.573274034,0.576144628,0.022404465,-0.103059498,87.387776686,-3.087964846,37.755494407,49.632282278,-0.001504388,0.001709834
70.233333333,28.476035126,16.746219012,-0.576708371,0.576061640,0.022402080,-0.103001961,87.381756126,-3.084190470,37.759742544,49.622013582,-0.001488517,0.001755866
70.266666667,28.492520588,16.736347088,-0.580140729,0.575983055,0.022398998,-0.102940772,87.376364331,-3.080315559,37.764498399,49.611865932,-0.001472721,0.001801683
70.300000000,28.508969889,16.726419960,-0.583570985,0.575908856,0.022395222,-0.102875963,87.371597659,-3.076341250,37.769757964,49.601839694,-0.001456999,0.001847287
70.333333333,28.525382974,16.716437695,-0.586999021,0.575839026,0.022390758,-0.102807561,87.367452368,-3.072268696,37.775517154,49.591935215,-0.001441352,0.001892677
70.366666667,28.541759791,16.706400362,-0.590424717,0.575773545,0.022385609,-0.102735598,87.363924618,-3.068099064,37.781771801,49.582152817,-0.001425779,0.001937854
70.400000000,28.558100286,16.696308032,-0.593847954,0.575712394,0.022379781,-0.102660105,87.361010469,-3.063833536,37.788517666,49.572492803,-0.001410281,0.001982817
70.433333333,28.574404407,16.686160778,-0.597268616,0.575655552,0.022373277,-0.102581113,87.358705884,-3.059473304,37.795750434,49.562955450,-0.001394857,0.002027567
70.466666667,28.590672101,16.675958673,-0.600686586,0.575603000,0.022366102,-0.102498652,87.357006732,-3.055019576,37.803465720,49.553541012,-0.001379508,0.002072103
70.500000000,28.606903318,16.665701794,-0.604101750,0.575554715,0.022358261,-0.102412756,87.355908784,-3.050473569,37.811659067,49.544249717,-0.001364233,0.002116425
70.533333333,28.623098006,16.655390219,-0.607513992,0.575510675,0.022349759,-0.102323456,87.355407721,-3.045836512,37.820325953,49.535081768,-0.001349033,0.002160533
70.566666667,28.639256115,16.645024026,-0.610923201,0.575470857,0.022340601,-0.102230785,87.355499128,-3.041109643,37.829461788,49.526037339,-0.001333907,0.002204428
70.600000000,28.655377596,16.634603297,-0.614329265,0.575435238,0.022330791,-0.102134775,87.356178501,-3.036294212,37.839061920,49.517116581,-0.001318856,0.002248110
70.633333333,28.671462399,16.624128113,-0.617732073,0.575403792,0.022320334,-0.102035461,87.357441245,-3.031391475,37.849121633,49.508319612,-0.001303879,0.002291578
70.666666667,28.687510477,16.613598560,-0.621131515,0.575376495,0.022309235,-0.101932875,87.359282678,-3.026402698,37.859636151,49.499646527,-0.001288977,0.002334832
70.700000000,28.703521779,16.603014722,-0.624527482,0.575353321,0.022297500,-0.101827052,87.361698028,-3.021329154,37.870600640,49.491097388,-0.001274149,0.002377872
70.733333333,28.719496261,16.592376687,-0.627919868,0.575334243,0.022285133,-0.101718026,87.364682437,-3.016172126,37.882010208,49.482672229,-0.001259396,0.002420699
70.766666667,28.735433874,16.581684543,-0.631308567,0.575319236,0.022272140,-0.101605832,87.368230964,-3.010932899,37.893859908,49.474371057,-0.001244717,0.002463312
70.800000000,28.751334571,16.570938382,-0.634693472,0.575308270,0.022258525,-0.101490505,87.372338583,-3.005612767,37.906144739,49.466193844,-0.001230113,0.002505712
70.833333333,28.767198308,16.560138295,-0.638074481,0.575301318,0.022244294,-0.101372079,87.377000183,-3.000213031,37.918859647,49.458140537,-0.001215583,0.002547898
70.866666667,28.783025040,16.549284376,-0.641451491,0.575298350,0.022229452,-0.101250592,87.382210576,-2.994734995,37.931999529,49.450211047,-0.001201128,0.002589871
70.900000000,28.798814720,16.538376720,-0.644824400,0.575299338,0.022214005,-0.101126078,87.387964492,-2.989179967,37.945559232,49.442405260,-0.001186748,0.002631629
70.933333333,28.814567305,16.527415423,-0.648193109,0.575304250,0.022197958,-0.100998573,87.394256581,-2.983549262,37.959533557,49.434723025,-0.001172441,0.002673175
70.966666667,28.830282752,16.516400584,-0.651557517,0.575313057,0.022181315,-0.100868115,87.401081418,-2.977844196,37.973917256,49.427164162,-0.001158210,0.002714506
71.000000000,28.845961016,16.505332303,-0.654917527,0.575325726,0.022164084,-0.100734739,87.408433500,-2.972066090,37.988705039,49.419728461,-0.001144053,0.002755624
71.033333333,28.861602056,16.494210681,-0.658273043,0.575342226,0.022146268,-0.100598483,87.416307250,-2.966216267,38.003891573,49.412415677,-0.001129970,0.002796528
71.066666667,28.877205830,16.483035821,-0.661623968,0.575362524,0.022127874,-0.100459384,87.424697018,-2.960296053,38.019471483,49.405225534,-0.001115962,0.002837219
71.100000000,28.892772295,16.471807826,-0.664970210,0.575386588,0.022108907,-0.100317479,87.433597080,-2.954306776,38.035439356,49.398157725,-0.001102028,0.002877696
71.133333333,28.908301411,16.460526804,-0.668311675,0.575414383,0.022089372,-0.100172806,87.443001644,-2.948249764,38.051789737,49.391211908,-0.001088169,0.002917960
71.166666667,28.923793138,16.449192861,-0.671648271,0.575445875,0.022069276,-0.100025402,87.452904847,-2.942126349,38.068517137,49.384387710,-0.001074385,0.002958010
71.200000000,28.939247434,16.437806106,-0.674979908,0.575481030,0.022048624,-0.099875306,87.463300756,-2.935937861,38.085616031,49.377684725,-0.001060675,0.002997846
71.233333333,28.954664261,16.426366649,-0.678306497,0.575519811,0.022027421,-0.099722556,87.474183374,-2.929685630,38.103080860,49.371102515,-0.001047039,0.003037468
71.266666667,28.970043579,16.414874602,-0.681627950,0.575562185,0.022005674,-0.099567189,87.485546638,-2.923370990,38.120906031,49.364640607,-0.001033478,0.003076877
71.300000000,28.985385351,16.403330079,-0.684944181,0.575608113,0.021983387,-0.099409245,87.497384419,-2.916995269,38.139085923,49.358298496,-0.001019991,0.003116073
71.333333333,29.000689537,16.391733194,-0.688255104,0.575657559,0.021960567,-0.099248762,87.509690527,-2.910559798,38.157614883,49.352075645,-0.001006579,0.003155055
71.366666667,29.015956101,16.380084063,-0.691560636,0.575710486,0.021937219,-0.099085779,87.522458710,-2.904065906,38.176487229,49.345971481,-0.000993242,0.003193823
71.400000000,29.031185006,16.368382803,-0.694860693,0.575766856,0.021913350,-0.098920334,87.535682656,-2.897514919,38.195697253,49.339985402,-0.000979979,0.003232377
71.433333333,29.046376214,16.356629535,-0.698155194,0.575826631,0.021888964,-0.098752467,87.549355992,-2.890908162,38.215239223,49.334116769,-0.000966790,0.003270718
71.466666667,29.061529690,16.344824377,-0.701444059,0.575889772,0.021864069,-0.098582217,87.563472292,-2.884246959,38.235107380,49.328364912,-0.000953676,0.003308846
71.500000000,29.076645398,16.332967453,-0.704727210,0.575956239,0.021838669,-0.098409622,87.578025070,-2.877532628,38.255295943,49.322729127,-0.000940637,0.003346759
71.533333333,29.091723304,16.321058884,-0.708004568,0.576025993,0.021812770,-0.098234723,87.593007786,-2.870766487,38.275799110,49.317208676,-0.000927672,0.003384459
71.566666667,29.106763372,16.309098797,-0.711276058,0.576098994,0.021786379,-0.098057558,87.608413849,-2.863949850,38.296611059,49.311802790,-0.000914781,0.003421946
71.600000000,29.121765569,16.297087317,-0.714541605,0.576175201,0.021759501,-0.097878166,87.624236613,-2.857084027,38.317725947,49.306510665,-0.000901965,0.003459218
71.633333333,29.136729860,16.285024571,-0.717801136,0.576254574,0.021732143,-0.097696588,87.640469381,-2.850170323,38.339137916,49.301331465,-0.000889224,0.003496278
71.666666667,29.151656213,16.272910688,-0.721054577,0.576337070,0.021704309,-0.097512862,87.657105411,-2.843210040,38.360841090,49.296264321,-0.000876557,0.003533123
71.700000000,29.166544595,16.260745799,-0.724301859,0.576422648,0.021676007,-0.097327028,87.674137907,-2.836204476,38.382829577,49.291308330,-0.000863965,0.003569755
71.733333333,29.181394974,16.248530034,-0.727542911,0.576511265,0.021647242,-0.097139125,87.691560031,-2.829154922,38.405097472,49.286462558,-0.000851447,0.003606174
71.766666667,29.196207318,16.236263527,-0.730777665,0.576602880,0.021618019,-0.096949193,87.709364896,-2.822062667,38.427638858,49.281726038,-0.000839003,0.003642378
71.800000000,29.210981595,16.223946413,-0.734006055,0.576697448,0.021588346,-0.096757271,87.727545574,-2.814928990,38.450447806,49.277097769,-0.000826634,0.003678369
71.833333333,29.225717775,16.211578826,-0.737228014,0.576794928,0.021558227,-0.096563398,87.746095093,-2.807755170,38.473518374,49.272576719,-0.000814340,0.003714147
71.866666667,29.240415828,16.199160903,-0.740443478,0.576895274,0.021527670,-0.096367615,87.765006439,-2.800542474,38.496844616,49.268161823,-0.000802120,0.003749711
71.900000000,29.255075723,16.186692783,-0.743652384,0.576998443,0.021496679,-0.096169960,87.784272559,-2.793292167,38.520420573,49.263851986,-0.000789975,0.003785061
71.933333333,29.269697431,16.174174605,-0.746854671,0.577104390,0.021465261,-0.095970472,87.803886359,-2.786005507,38.544240281,49.259646078,-0.000777904,0.003820198
71.966666667,29.284280924,16.161606511,-0.750050279,0.577213071,0.021433423,-0.095769191,87.823840711,-2.778683744,38.568297771,49.255542940,-0.000765907,0.003855121
72.000000000,29.298826171,16.148988641,-0.753239146,0.577324441,0.021401169,-0.095566157,87.844128448,-2.771328121,38.592587068,49.251541380,-0.000753986,0.003889830
72.033333333,29.313333146,16.136321140,-0.756421218,0.577438453,0.021368505,-0.095361407,87.864742370,-2.763939875,38.617102194,49.247640176,-0.000742138,0.003924326
72.066666667,29.327801820,16.123604153,-0.759596435,0.577555063,0.021335439,-0.095154981,87.885675241,-2.756520235,38.641837169,49.243838072,-0.000730365,0.003958608
72.100000000,29.342232167,16.110837825,-0.762764744,0.577674224,0.021301976,-0.094946919,87.906919795,-2.749070422,38.666786009,49.240133786,-0.000718667,0.003992676
72.133333333,29.356624159,16.098022303,-0.765926091,0.577795891,0.021268121,-0.094737258,87.928468734,-2.741591650,38.691942733,49.236526001,-0.000707043,0.004026531
72.166666667,29.370977770,16.085157737,-0.769080423,0.577920015,0.021233882,-0.094526037,87.950314731,-2.734085124,38.717301358,49.233013373,-0.000695494,0.004060173
72.200000000,29.385292974,16.072244275,-0.772227688,0.578046552,0.021199263,-0.094313296,87.972450429,-2.726552041,38.742855904,49.229594525,-0.000684019,0.004093600
72.233333333,29.399569745,16.059282070,-0.775367836,0.578175452,0.021164271,-0.094099072,87.994868445,-2.718993592,38.768600392,49.226268053,-0.000672619,0.004126814
72.266666667,29.413808059,16.046271272,-0.778500819,0.578306670,0.021128912,-0.093883403,88.017561370,-2.711410955,38.794528849,49.223032522,-0.000661293,0.004159815
72.300000000,29.428007891,16.033212036,-0.781626590,0.578440157,0.021093192,-0.093666329,88.040521770,-2.703805303,38.820635302,49.219886468,-0.000650042,0.004192602
72.333333333,29.442169216,16.020104516,-0.784745101,0.578575866,0.021057117,-0.093447887,88.063742187,-2.696177798,38.846913789,49.216828398,-0.000638865,0.004225175
72.366666667,29.456292010,16.006948868,-0.787856309,0.578713748,0.021020692,-0.093228114,88.087215142,-2.688529595,38.873358350,49.213856792,-0.000627763,0.004257534
72.400000000,29.470376251,15.993745249,-0.790960168,0.578853756,0.020983924,-0.093007049,88.110933134,-2.680861837,38.899963034,49.210970100,-0.000616735,0.004289680
72.433333333,29.484421915,15.980493817,-0.794056638,0.578995840,0.020946819,-0.092784728,88.134888642,-2.673175660,38.926721898,49.208166744,-0.000605782,0.004321613
72.466666667,29.498428979,15.967194733,-0.797145676,0.579139952,0.020909382,-0.092561190,88.159074127,-2.665472190,38.953629006,49.205445121,-0.000594903,0.004353331
72.500000000,29.512397421,15.953848156,-0.800227243,0.579286043,0.020871620,-0.092336472,88.183482032,-2.657752542,38.980678435,49.202803597,-0.000584099,0.004384837
72.533333333,29.526327219,15.940454248,-0.803301300,0.579434064,0.020833538,-0.092110610,88.208104785,-2.650017824,39.007864270,49.200240515,-0.000573369,0.004416128
72.566666667,29.540218353,15.927013173,-0.806367809,0.579583965,0.020795143,-0.091883641,88.232934797,-2.642269131,39.035180608,49.197754189,-0.000562714,0.004447206
72.600000000,29.554070800,15.913525095,-0.809426735,0.579735698,0.020756439,-0.091655602,88.257964467,-2.634507551,39.062621559,49.195342908,-0.000552133,0.004478070
72.633333333,29.567884540,15.899990178,-0.812478041,0.579889213,0.020717434,-0.091426528,88.283186180,-2.626734160,39.090181245,49.193004936,-0.000541627,0.004508721
72.666666667,29.581659554,15.886408589,-0.815521695,0.580044459,0.020678132,-0.091196457,88.308592310,-2.618950024,39.117853801,49.190738509,-0.000531195,0.004539158
72.700000000,29.595395820,15.872780496,-0.818557664,0.580201387,0.020638541,-0.090965424,88.334175221,-2.611156200,39.145633379,49.188541842,-0.000520838,0.004569381
72.733333333,29.609093320,15.859106067,-0.821585915,0.580359947,0.020598664,-0.090733465,88.359927266,-2.603353734,39.173514144,49.186413122,-0.000510555,0.004599391
72.766666667,29.622752035,15.845385473,-0.824606420,0.580520089,0.020558509,-0.090500615,88.385840792,-2.595543662,39.201490277,49.184350515,-0.000500347,0.004629187
72.800000000,29.636371945,15.831618884,-0.827619148,0.580681762,0.020518081,-0.090266910,88.411908137,-2.587727008,39.229555976,49.182352161,-0.000490214,0.004658770
72.833333333,29.649953033,15.817806472,-0.830624072,0.580844917,0.020477386,-0.090032384,88.438121635,-2.579904788,39.257705456,49.180416179,-0.000480155,0.004688139
72.866666667,29.663495280,15.803948410,-0.833621165,0.581009502,0.020436430,-0.089797072,88.464473612,-2.572078005,39.285932950,49.178540662,-0.000470170,0.004717294
72.900000000,29.676998669,15.790044872,-0.836610402,0.581175467,0.020395217,-0.089561008,88.490956395,-2.564247653,39.314232711,49.176723684,-0.000460260,0.004746236
72.933333333,29.690463183,15.776096034,-0.839591757,0.581342762,0.020353755,-0.089324228,88.517562303,-2.556414715,39.342599007,49.174963295,-0.000450424,0.004774964
72.966666667,29.703888804,15.762102072,-0.842565209,0.581511335,0.020312048,-0.089086764,88.544283657,-2.548580163,39.371026131,49.173257526,-0.000440663,0.004803478
73.000000000,29.717275517,15.748063164,-0.845530733,0.581681136,0.020270102,-0.088848651,88.571112776,-2.540744958,39.399508392,49.171604384,-0.000430976,0.004831779
73.033333333,29.730623305,15.733979487,-0.848488310,0.581852113,0.020227924,-0.088609922,88.598041979,-2.532910051,39.428040122,49.170001857,-0.000421364,0.004859866
73.066666667,29.743932152,15.719851221,-0.851437920,0.582024217,0.020185518,-0.088370610,88.625063588,-2.525076382,39.456615675,49.168447913,-0.000411827,0.004887740
73.100000000,29.757202043,15.705678547,-0.854379543,0.582197396,0.020142890,-0.088130748,88.652169926,-2.517244880,39.485229425,49.166940501,-0.000402364,0.004915400
73.133333333,29.770432963,15.691461647,-0.857313161,0.582371599,0.020100045,-0.087890368,88.679353320,-2.509416463,39.513875770,49.165477550,-0.000392975,0.004942846
73.166666667,29.783624897,15.677200702,-0.860238759,0.582546775,0.020056990,-0.087649504,88.706606100,-2.501592038,39.542549130,49.164056970,-0.000383661,0.004970079
73.200000000,29.796777831,15.662895896,-0.863156320,0.582722872,0.020013729,-0.087408187,88.733920605,-2.493772503,39.571243951,49.162676655,-0.000374422,0.004997098
73.233333333,29.809891751,15.648547415,-0.866065830,0.582899840,0.019970268,-0.087166449,88.761289177,-2.485958742,39.599954699,49.161334478,-0.000365257,0.005023903
73.266666667,29.822966642,15.634155443,-0.868967275,0.583077628,0.019926613,-0.086924321,88.788704166,-2.478151631,39.628675869,49.160028297,-0.000356166,0.005050495
73.300000000,29.836002492,15.619720168,-0.871860644,0.583256185,0.019882769,-0.086681834,88.816157932,-2.470352034,39.657401978,49.158755954,-0.000347150,0.005076873
73.333333333,29.848999288,15.605241776,-0.874745923,0.583435458,0.019838741,-0.086439021,88.843642842,-2.462560803,39.686127568,49.157515274,-0.000338209,0.005103038
73.366666667,29.861957017,15.590720456,-0.877623104,0.583615398,0.019794535,-0.086195910,88.871151275,-2.454778782,39.714847210,49.156304065,-0.000329342,0.005128989
73.400000000,29.874875666,15.576156398,-0.880492176,0.583795954,0.019750155,-0.085952533,88.898675620,-2.447006802,39.743555499,49.155120122,-0.000320549,0.005154727
73.433333333,29.887755223,15.561549792,-0.883353132,0.583977073,0.019705608,-0.085708920,88.926208278,-2.439245684,39.772247055,49.153961223,-0.000311831,0.005180250
73.466666667,29.900595678,15.546900829,-0.886205963,0.584158705,0.019660899,-0.085465100,88.953741664,-2.431496237,39.800916529,49.152825135,-0.000303188,0.005205560
73.500000000,29.913397018,15.532209702,-0.889050665,0.584340799,0.019616032,-0.085221103,88.981268205,-2.423759263,39.829558597,49.151709607,-0.000294619,0.005230657
73.533333333,29.926159232,15.517476605,-0.891887230,0.584523305,0.019571014,-0.084976959,89.008780343,-2.416035548,39.858167964,49.150612380,-0.000286124,0.005255540
73.566666667,29.938882310,15.502701731,-0.894715655,0.584706171,0.019525848,-0.084732695,89.036270538,-2.408325872,39.886739360,49.149531178,-0.000277704,0.005280209
73.600000000,29.951566241,15.487885275,-0.897535936,0.584889345,0.019480541,-0.084488340,89.063731263,-2.400631003,39.915267549,49.148463714,-0.000269359,0.005304665
73.633333333,29.964211015,15.473027433,-0.900348071,0.585072779,0.019435097,-0.084243923,89.091155009,-2.392951697,39.943747318,49.147407691,-0.000261088,0.005328907
73.666666667,29.976816622,15.458128403,-0.903152058,0.585256420,0.019389522,-0.083999472,89.118534286,-2.385288701,39.972173487,49.146360799,-0.000252892,0.005352935
73.700000000,29.989383053,15.443188382,-0.905947896,0.585440218,0.019343821,-0.083755015,89.145861623,-2.377642752,40.000540905,49.145320718,-0.000244770,0.005376750
73.733333333,30.001910298,15.428207569,-0.908735586,0.585624123,0.019297998,-0.083510578,89.173129567,-2.370014574,40.028844448,49.144285119,-0.000236722,0.005400351
73.766666667,30.014398349,15.413186163,-0.911515128,0.585808084,0.019252058,-0.083266189,89.200330686,-2.362404885,40.057079026,49.143251660,-0.000228749,0.005423739
73.800000000,30.026847197,15.398124365,-0.914286526,0.585992050,0.019206007,-0.083021875,89.227457570,-2.354814389,40.085239576,49.142217994,-0.000220851,0.005446913
73.833333333,30.039256833,15.383022376,-0.917049781,0.586175972,0.019159850,-0.082777661,89.254502830,-2.347243781,40.113321066,49.141181763,-0.000213027,0.005469873
73.866666667,30.051627250,15.367880399,-0.919804898,0.586359799,0.019113590,-0.082533575,89.281459100,-2.339693747,40.141318498,49.140140602,-0.000205278,0.005492620
73.900000000,30.063958440,15.352698636,-0.922551881,0.586543480,0.019067234,-0.082289643,89.308319037,-2.332164962,40.169226900,49.139092137,-0.000197603,0.005515153
73.933333333,30.076250395,15.337477291,-0.925290736,0.586726967,0.019020786,-0.082045888,89.335075323,-2.324658090,40.197041335,49.138033988,-0.000190003,0.005537473
73.966666667,30.088503109,15.322216569,-0.928021468,0.586910209,0.018974251,-0.081802338,89.361720664,-2.317173787,40.224756896,49.136963768,-0.000182477,0.005559579
74.000000000,30.100716573,15.306916675,-0.930744087,0.587093157,0.018927633,-0.081559017,89.388247793,-2.309712698,40.252368708,49.135879085,-0.000175025,0.005581471
74.033333333,30.112890782,15.291577816,-0.933458599,0.587275760,0.018880938,-0.081315949,89.414649467,-2.302275459,40.279871927,49.134777540,-0.000167649,0.005603149
74.066666667,30.125025730,15.276200199,-0.936165013,0.587457970,0.018834169,-0.081073160,89.440918472,-2.294862697,40.307261742,49.133656730,-0.000160346,0.005624615
74.100000000,30.137121410,15.260784031,-0.938863339,0.587639737,0.018787332,-0.080830672,89.467047620,-2.287475027,40.334533374,49.132514246,-0.000153118,0.005645866
74.133333333,30.149177816,15.245329522,-0.941553587,0.587821011,0.018740431,-0.080588511,89.493029753,-2.280113056,40.361682076,49.131347677,-0.000145965,0.005666904
74.166666667,30.161194943,15.229836881,-0.944235769,0.588001745,0.018693470,-0.080346698,89.518857742,-2.272777383,40.388703135,49.130154607,-0.000138886,0.005687728
74.200000000,30.173172786,15.214306318,-0.946909897,0.588181888,0.018646455,-0.080105258,89.544524485,-2.265468595,40.415591868,49.128932617,-0.000131882,0.005708338
74.233333333,30.185111339,15.198738044,-0.949575984,0.588361393,0.018599390,-0.079864214,89.570022913,-2.258187271,40.442343627,49.127679286,-0.000124952,0.005728735
74.266666667,30.197010599,15.183132271,-0.952234042,0.588540210,0.018552279,-0.079623588,89.595345987,-2.250933982,40.468953796,49.126392191,-0.000118097,0.005748919
74.300000000,30.208870559,15.167489212,-0.954884087,0.588718292,0.018505127,-0.079383402,89.620486699,-2.243709289,40.495417793,49.125068906,-0.000111316,0.005768888
74.333333333,30.220691217,15.151809080,-0.957526133,0.588895590,0.018457938,-0.079143678,89.645438074,-2.236513743,40.521731069,49.123707005,-0.000104610,0.005788644
74.366666667,30.232472568,15.136092089,-0.960160197,0.589072056,0.018410716,-0.078904439,89.670193168,-2.229347889,40.547889106,49.122304062,-0.000097978,0.005808187
74.400000000,30.244214608,15.120338453,-0.962786295,0.589247642,0.018363466,-0.078665705,89.694745074,-2.222212259,40.573887423,49.120857651,-0.000091421,0.005827516
74.433333333,30.255917334,15.104548389,-0.965404443,0.589422300,0.018316192,-0.078427498,89.719086913,-2.215107381,40.599721570,49.119365343,-0.000084938,0.005846631
74.466666667,30.267580742,15.088722112,-0.968014660,0.589595984,0.018268898,-0.078189838,89.743211847,-2.208033771,40.625387132,49.117824714,-0.000078530,0.005865532
74.500000000,30.279204831,15.072859839,-0.970616965,0.589768646,0.018221589,-0.077952748,89.767113067,-2.200991939,40.650879727,49.116233340,-0.000072197,0.005884220
74.533333333,30.290789595,15.056961788,-0.973211376,0.589940239,0.018174269,-0.077716245,89.790783803,-2.193982385,40.676195007,49.114588797,-0.000065937,0.005902695
74.566666667,30.302335034,15.041028177,-0.975797915,0.590110715,0.018126942,-0.077480352,89.814217321,-2.187005602,40.701328657,49.112888665,-0.000059753,0.005920956
74.600000000,30.313841145,15.025059225,-0.978376600,0.590280029,0.018079611,-0.077245087,89.837406923,-2.180062074,40.726276397,49.111130526,-0.000053643,0.005939003
74.633333333,30.325307926,15.009055151,-0.980947454,0.590448133,0.018032282,-0.077010471,89.860345946,-2.173152276,40.751033980,49.109311966,-0.000047607,0.005956836
74.666666667,30.336735375,14.993016177,-0.983510499,0.590614983,0.017984958,-0.076776521,89.883027768,-2.166276679,40.775597195,49.107430574,-0.000041646,0.005974456
74.700000000,30.348123490,14.976942522,-0.986065757,0.590780531,0.017937643,-0.076543258,89.905445803,-2.159435741,40.799961862,49.105483942,-0.000035759,0.005991862
74.733333333,30.359472269,14.960834409,-0.988613252,0.590944732,0.017890342,-0.076310701,89.927593505,-2.152629916,40.824123837,49.103469668,-0.000029947,0.006009055
74.766666667,30.370781713,14.944692060,-0.991153006,0.591107540,0.017843057,-0.076078867,89.949464364,-2.145859650,40.848079009,49.101385355,-0.000024209,0.006026034
74.800000000,30.382051819,14.928515698,-0.993685045,0.591268910,0.017795794,-0.075847774,89.971051914,-2.139125380,40.871823304,49.099228610,-0.000018546,0.006042799
74.833333333,30.393282586,14.912305545,-0.996209394,0.591428798,0.017748555,-0.075617442,89.992349725,-2.132427536,40.895352677,49.096997048,-0.000012958,0.006059351
74.866666667,30.404474015,14.896061827,-0.998726078,0.591587157,0.017701345,-0.075387887,90.013351409,-2.125766543,40.918663122,49.094688287,-0.000007444,0.006075689
74.900000000,30.415626105,14.879784768,-1.001235123,0.591743944,0.017654168,-0.075159127,90.034050620,-2.119142816,40.941750664,49.092299956,-0.000002004,0.006091814
74.933333333,30.426738855,14.863474593,-1.003736557,0.591899115,0.017607027,-0.074931179,90.054441052,-2.112556764,40.964611365,49.089829687,0.000003361,0.006107725
74.966666667,30.437812266,14.847131528,-1.006230406,0.592052624,0.017559926,-0.074704061,90.074516439,-2.106008789,40.987241318,49.087275122,0.000008652,0.006123422
75.000000000,30.448846338,14.830755800,-1.008716699,0.592204429,0.017512869,-0.074477788,90.094270562,-2.099499287,41.009636652,49.084633910,0.000013868,0.006138906
75.033333333,30.459841072,14.814347635,-1.011195463,0.592354486,0.017465860,-0.074252378,90.113697239,-2.093028647,41.031793529,49.081903710,0.000019009,0.006154176
75.066666667,30.470796467,14.797907263,-1.013666729,0.592502750,0.017418902,-0.074027846,90.132790335,-2.086597250,41.053708148,49.079082187,0.000024076,0.006169232
75.100000000,30.481712525,14.781434909,-1.016130526,0.592649181,0.017371998,-0.073804210,90.151543756,-2.080205472,41.075376739,49.076167017,0.000029069,0.006184075
75.133333333,30.492589247,14.764930805,-1.018586883,0.592793734,0.017325152,-0.073581483,90.169951452,-2.073853683,41.096795566,49.073155886,0.000033987,0.006198704
75.166666667,30.503426633,14.748395177,-1.021035831,0.592936366,0.017278369,-0.073359683,90.188007420,-2.067542245,41.117960930,49.070046489,0.000038830,0.006213120
75.200000000,30.514224686,14.731828258,-1.023477402,0.593077037,0.017231651,-0.073138824,90.205705696,-2.061271516,41.138869164,49.066836533,0.000043599,0.006227322
75.233333333,30.524983407,14.715230276,-1.025911627,0.593215703,0.017185002,-0.072918921,90.223040366,-2.055041846,41.159516634,49.063523733,0.000048294,0.006241310
75.266666667,30.535702797,14.698601464,-1.028338538,0.593352324,0.017138425,-0.072699990,90.240005559,-2.048853580,41.179899742,49.060105817,0.000052914,0.006255085
75.300000000,30.546382859,14.681942051,-1.030758168,0.593486857,0.017091923,-0.072482044,90.256595449,-2.042707057,41.200014922,49.056580526,0.000057459,0.006268646
75.333333333,30.557023593,14.665252271,-1.033170549,0.593619261,0.017045501,-0.072265099,90.272804256,-2.036602611,41.219858645,49.052945610,0.000061930,0.006281994
75.366666667,30.567625004,14.648532355,-1.035575717,0.593749497,0.016999161,-0.072049169,90.288626247,-2.030540569,41.239427413,49.049198834,0.000066327,0.006295128
75.400000000,30.578187092,14.631782537,-1.037973704,0.593877522,0.016952907,-0.071834268,90.304055735,-2.024521255,41.258717762,49.045337973,0.000070649,0.006308048
75.433333333,30.588709861,14.615003049,-1.040364544,0.594003297,0.016906742,-0.071620409,90.319087081,-2.018544984,41.277726263,49.041360818,0.000074896,0.006320754
75.466666667,30.599193313,14.598194127,-1.042748275,0.594126782,0.016860669,-0.071407607,90.333714690,-2.012612070,41.296449519,49.037265171,0.000079069,0.006333247
75.500000000,30.609637451,14.581356004,-1.045124929,0.594247937,0.016814692,-0.071195874,90.347933019,-2.006722817,41.314884168,49.033048850,0.000083168,0.006345527
75.533333333,30.620042279,14.564488914,-1.047494544,0.594366723,0.016768814,-0.070985224,90.361736568,-2.000877529,41.333026882,49.028709686,0.000087191,0.006357593
75.566666667,30.630407798,14.547593094,-1.049857156,0.594483101,0.016723037,-0.070775669,90.375119888,-1.995076501,41.350874365,49.024245523,0.000091141,0.006369445
75.600000000,30.640734013,14.530668778,-1.052212801,0.594597031,0.016677366,-0.070567224,90.388077578,-1.989320026,41.368423355,49.019654224,0.000095016,0.006381083
75.633333333,30.651020927,14.513716203,-1.054561517,0.594708476,0.016631802,-0.070359900,90.400604285,-1.983608390,41.385670623,49.014933663,0.000098816,0.006392508
75.666666667,30.661268543,14.496735606,-1.056903341,0.594817397,0.016586350,-0.070153710,90.412694705,-1.977941877,41.402612974,49.010081731,0.000102542,0.006403720
75.700000000,30.671476866,14.479727224,-1.059238311,0.594923756,0.016541012,-0.069948666,90.424343583,-1.972320764,41.419247245,49.005096337,0.000106193,0.006414717
75.733333333,30.681645899,14.462691293,-1.061566466,0.595027516,0.016495791,-0.069744781,90.435545713,-1.966745325,41.435570309,48.999975404,0.000109770,0.006425501
75.766666667,30.691775646,14.445628051,-1.063887844,0.595128639,0.016450691,-0.069542065,90.446295939,-1.961215829,41.451579068,48.994716871,0.000113273,0.006436072
75.800000000,30.701866111,14.428537738,-1.066202485,0.595227089,0.016405713,-0.069340532,90.456589156,-1.955732541,41.467270461,48.989318695,0.000116700,0.006446429
75.833333333,30.711917299,14.411420591,-1.068510429,0.595322829,0.016360862,-0.069140193,90.466420307,-1.950295723,41.482641455,48.983778852,0.000120054,0.006456572
75.866666667,30.721929214,14.394276849,-1.070811714,0.595415822,0.016316140,-0.068941058,90.475784387,-1.944905632,41.497689056,48.978095331,0.000123333,0.006466501
75.900000000,30.731901860,14.377106752,-1.073106382,0.595506033,0.016271550,-0.068743140,90.484676441,-1.939562520,41.512410296,48.972266144,0.000126537,0.006476217
75.933333333,30.741835242,14.359910539,-1.075394474,0.595593427,0.016227094,-0.068546449,90.493091564,-1.934266639,41.526802246,48.966289318,0.000129667,0.006485720
75.966666667,30.751729365,14.342688451,-1.077676030,0.595677966,0.016182777,-0.068350997,90.501024903,-1.929018232,41.540862005,48.960162898,0.000132722,0.006495009
76.000000000,30.761584234,14.325440727,-1.079951092,0.595759618,0.016138599,-0.068156794,90.508471657,-1.923817544,41.554586706,48.953884951,0.000135703,0.006504084
76.033333333,30.771399853,14.308167609,-1.082219701,0.595838346,0.016094565,-0.067963851,90.515427074,-1.918664811,41.567973515,48.947453559,0.000138609,0.006512945
76.066666667,30.781176228,14.290869337,-1.084481901,0.595914117,0.016050676,-0.067772178,90.521886456,-1.913560271,41.581019630,48.940866826,0.000141441,0.006521593
76.100000000,30.790913364,14.273546153,-1.086737733,0.595986896,0.016006936,-0.067581786,90.527845156,-1.908504155,41.593722280,48.934122876,0.000144198,0.006530027
76.133333333,30.800611266,14.256198298,-1.088987240,0.596056651,0.015963347,-0.067392685,90.533298578,-1.903496692,41.606078727,48.927219851,0.000146881,0.006538248
76.166666667,30.810269940,14.238826016,-1.091230466,0.596123347,0.015919912,-0.067204885,90.538242180,-1.898538109,41.618086265,48.920155915,0.000149489,0.006546255
76.200000000,30.819889391,14.221429547,-1.093467454,0.596186951,0.015876634,-0.067018396,90.542671472,-1.893628628,41.629742221,48.912929251,0.000152023,0.006554048
76.233333333,30.829469624,14.204009134,-1.095698247,0.596247431,0.015833515,-0.066833228,90.546582014,-1.888768469,41.641043951,48.905538064,0.000154482,0.006561628
76.266666667,30.839010646,14.186565021,-1.097922891,0.596304755,0.015790558,-0.066649390,90.549969424,-1.883957851,41.651988845,48.897980579,0.000156867,0.006568994
76.300000000,30.848512462,14.169097451,-1.100141430,0.596358890,0.015747765,-0.066466893,90.552829367,-1.879196987,41.662574325,48.890255042,0.000159177,0.006576147
76.333333333,30.857975077,14.151606666,-1.102353907,0.596409804,0.015705138,-0.066285744,90.555157565,-1.874486089,41.672797842,48.882359724,0.000161413,0.006583086
76.366666667,30.867398499,14.134092911,-1.104560370,0.596457467,0.015662681,-0.066105955,90.556949793,-1.869825368,41.682656880,48.874292913,0.000163574,0.006589811
76.400000000,30.876782733,14.116556430,-1.106760862,0.596501848,0.015620396,-0.065927533,90.558201878,-1.865215031,41.692148956,48.866052922,0.000165661,0.006596323
76.433333333,30.886127784,14.098997466,-1.108955430,0.596542915,0.015578286,-0.065750489,90.558909700,-1.860655283,41.701271615,48.857638086,0.000167673,0.006602621
76.466666667,30.895433660,14.081416265,-1.111144120,0.596580639,0.015536351,-0.065574830,90.559069196,-1.856146325,41.710022434,48.849046762,0.000169611,0.006608705
76.500000000,30.904700366,14.063813071,-1.113326979,0.596614989,0.015494597,-0.065400566,90.558676354,-1.851688360,41.718399023,48.840277331,0.000171474,0.006614576
76.533333333,30.913927909,14.046188128,-1.115504052,0.596645937,0.015453023,-0.065227706,90.557727216,-1.847281585,41.726399021,48.831328195,0.000173262,0.006620234
76.566666667,30.923116295,14.028541682,-1.117675386,0.596673452,0.015411634,-0.065056258,90.556217879,-1.842926198,41.734020098,48.822197781,0.000174976,0.006625677
76.600000000,30.932265530,14.010873978,-1.119841030,0.596697505,0.015370430,-0.064886230,90.554144495,-1.838622392,41.741259955,48.812884540,0.000176616,0.006630907
76.633333333,30.941375622,13.993185262,-1.122001030,0.596718069,0.015329415,-0.064717632,90.551503270,-1.834370361,41.748116325,48.803386945,0.000178181,0.006635923
76.666666667,30.950446576,13.975475779,-1.124155435,0.596735115,0.015288592,-0.064550472,90.548290463,-1.830170297,41.754586968,48.793703495,0.000179672,0.006640726
76.700000000,30.959478399,13.957745775,-1.126304291,0.596748615,0.015247961,-0.064384757,90.544502390,-1.826022389,41.760669678,48.783832712,0.000181088,0.006645315
76.733333333,30.968471099,13.939995497,-1.128447649,0.596758541,0.015207526,-0.064220495,90.540135420,-1.821926825,41.766362278,48.773773142,0.000182430,0.006649691
76.766666667,30.977424681,13.922225189,-1.130585555,0.596764868,0.015167288,-0.064057696,90.535185978,-1.817883792,41.771662620,48.763523357,0.000183697,0.006653853
76.800000000,30.986339152,13.904435100,-1.132718060,0.596767566,0.015127250,-0.063896367,90.529650543,-1.813893475,41.776568588,48.753081955,0.000184889,0.006657801
76.833333333,30.995214520,13.886625475,-1.134845212,0.596766612,0.015087414,-0.063736516,90.523525651,-1.809956060,41.781078095,48.742447555,0.000186007,0.006661536
76.866666667,31.004050791,13.868796561,-1.136967060,0.596761977,0.015047783,-0.063578150,90.516807891,-1.806071728,41.785189085,48.731618806,0.000187051,0.006665057
76.900000000,31.012847972,13.850948604,-1.139083655,0.596753637,0.015008358,-0.063421278,90.509493909,-1.802240661,41.788899529,48.720594380,0.000188020,0.006668364
76.933333333,31.021606070,13.833081852,-1.141195046,0.596741566,0.014969141,-0.063265907,90.501580406,-1.798463041,41.792207431,48.709372975,0.000188914,0.006671458
76.966666667,31.030325092,13.815196552,-1.143301283,0.596725739,0.014930135,-0.063112044,90.493064139,-1.794739048,41.795110823,48.697953315,0.000189734,0.006674338
77.000000000,31.039005045,13.797292951,-1.145402417,0.596706132,0.014891342,-0.062959697,90.483941919,-1.791068860,41.797607767,48.686334152,0.000190480,0.006677005
77.033333333,31.047645936,13.779371295,-1.147498499,0.596682720,0.014852763,-0.062808875,90.474210615,-1.787452656,41.799696354,48.674514261,0.000191151,0.006679458
77.066666667,31.056247773,13.761431833,-1.149589579,0.596655479,0.014814402,-0.062659583,90.463867151,-1.783890613,41.801374704,48.662492447,0.000191748,0.006681697
77.100000000,31.064810561,13.743474812,-1.151675708,0.596624386,0.014776259,-0.062511829,90.452908507,-1.780382909,41.802640967,48.650267540,0.000192270,0.006683723
77.133333333,31.073334309,13.725500480,-1.153756939,0.596589418,0.014738337,-0.062365621,90.441331718,-1.776929719,41.803493322,48.637838397,0.000192717,0.006685535
77.166666667,31.081819023,13.707509083,-1.155833321,0.596550551,0.014700639,-0.062220966,90.429133878,-1.773531221,41.803929976,48.625203901,0.000193090,0.006687133
77.200000000,31.090264711,13.689500869,-1.157904909,0.596507764,0.014663165,-0.062077871,90.416312133,-1.770187588,41.803949167,48.612362966,0.000193388,0.006688518
77.233333333,31.098671379,13.671476087,-1.159971753,0.596461034,0.014625918,-0.061936343,90.402863690,-1.766898996,41.803549160,48.599314530,0.000193612,0.006689689
77.266666667,31.107039036,13.653434984,-1.162033905,0.596410340,0.014588900,-0.061796389,90.388785809,-1.763665621,41.802728249,48.586057560,0.000193762,0.006690647
77.300000000,31.115367687,13.635377808,-1.164091420,0.596355660,0.014552113,-0.061658017,90.374075809,-1.760487636,41.801484758,48.572591051,0.000193837,0.006691391
77.333333333,31.123657341,13.617304806,-1.166144348,0.596296973,0.014515558,-0.061521232,90.358731062,-1.757365217,41.799817037,48.558914025,0.000193837,0.006691921
77.366666667,31.131908004,13.599216227,-1.168192744,0.596234259,0.014479238,-0.061386042,90.342749002,-1.754298538,41.797723467,48.545025534,0.000193763,0.006692238
77.400000000,31.140119684,13.581112318,-1.170236661,0.596167497,0.014443155,-0.061252454,90.326127114,-1.751287772,41.795202456,48.530924658,0.000193615,0.006692341
77.433333333,31.148292387,13.562993327,-1.172276151,0.596096668,0.014407310,-0.061120475,90.308862944,-1.748333096,41.792252441,48.516610503,0.000193392,0.006692231
77.466666667,31.156426122,13.544859502,-1.174311270,0.596021752,0.014371705,-0.060990112,90.290954094,-1.745434683,41.788871887,48.502082207,0.000193094,0.006691906
77.500000000,31.164520895,13.526711091,-1.176342071,0.595942729,0.014336342,-0.060861370,90.272398221,-1.742592709,41.785059286,48.487338935,0.000192722,0.006691369
77.533333333,31.172576712,13.508548342,-1.178368607,0.595859582,0.014301223,-0.060734258,90.253193042,-1.739807348,41.780813159,48.472379882,0.000192275,0.006690617
77.566666667,31.180593583,13.490371502,-1.180390934,0.595772291,0.014266350,-0.060608781,90.233336328,-1.737078776,41.776132056,48.457204272,0.000191754,0.006689652
77.600000000,31.188571513,13.472180820,-1.182409106,0.595680839,0.014231724,-0.060484947,90.212825911,-1.734407169,41.771014553,48.441811358,0.000191158,0.006688474
77.633333333,31.196510509,13.453976543,-1.184423178,0.595585208,0.014197348,-0.060362762,90.191659677,-1.731792704,41.765459254,48.426200423,0.000190488,0.006687082
77.666666667,31.204410579,13.435758918,-1.186433206,0.595485381,0.014163222,-0.060242232,90.169835570,-1.729235556,41.759464792,48.410370778,0.000189744,0.006685476
77.700000000,31.212271730,13.417528194,-1.188439243,0.595381341,0.014129350,-0.060123365,90.147351593,-1.726735904,41.753029827,48.394321766,0.000188924,0.006683656
77.733333333,31.220093968,13.399284617,-1.190441347,0.595273071,0.014095732,-0.060006166,90.124205805,-1.724293926,41.746153045,48.378052760,0.000188031,0.006681623
77.766666667,31.227877302,13.381028437,-1.192439572,0.595160556,0.014062370,-0.059890643,90.100396322,-1.721909800,41.738833162,48.361563161,0.000187063,0.006679377
77.800000000,31.235621736,13.362759899,-1.194433974,0.595043779,0.014029266,-0.059776802,90.075921320,-1.719583705,41.731068919,48.344852401,0.000186020,0.006676916
77.833333333,31.243327280,13.344479251,-1.196424611,0.594922725,0.013996422,-0.059664649,90.050779031,-1.717315823,41.722859087,48.327919944,0.000184903,0.006674242
77.866666667,31.250993938,13.326186741,-1.198411537,0.594797379,0.013963839,-0.059554191,90.024967743,-1.715106334,41.714202460,48.310765283,0.000183711,0.006671355
77.900000000,31.258621720,13.307882615,-1.200394810,0.594667727,0.013931519,-0.059445435,89.998485806,-1.712955420,41.705097865,48.293387942,0.000182445,0.006668254
77.933333333,31.266210630,13.289567121,-1.202374487,0.594533753,0.013899464,-0.059338386,89.971331625,-1.710863264,41.695544150,48.275787475,0.000181104,0.006664939
77.966666667,31.273760675,13.271240506,-1.204350624,0.594395445,0.013867675,-0.059233052,89.943503663,-1.708830051,41.685540195,48.257963469,0.000179689,0.006661411
78.000000000,31.281271864,13.252903016,-1.206323280,0.594252789,0.013836154,-0.059129439,89.915000442,-1.706855965,41.675084903,48.239915539,0.000178199,0.006657669
78.033333333,31.288744201,13.234554898,-1.208292510,0.594105771,0.013804902,-0.059027554,89.885820542,-1.704941193,41.664177207,48.221643335,0.000176635,0.006653713
78.066666667,31.296177694,13.216196398,-1.210258374,0.593954380,0.013773922,-0.058927403,89.855962599,-1.703085922,41.652816065,48.203146535,0.000174996,0.006649544
78.100000000,31.303572349,13.197827763,-1.212220929,0.593798602,0.013743215,-0.058828992,89.825425311,-1.701290341,41.641000462,48.184424849,0.000173283,0.006645161
78.133333333,31.310928173,13.179449239,-1.214180232,0.593638425,0.013712782,-0.058732328,89.794207431,-1.699554639,41.628729410,48.165478021,0.000171495,0.006640564
78.166666667,31.318245171,13.161061073,-1.216136343,0.593473838,0.013682624,-0.058637417,89.762307771,-1.697879008,41.616001947,48.146305824,0.000169633,0.006635754
78.200000000,31.325523351,13.142663509,-1.218089320,0.593304830,0.013652745,-0.058544266,89.729725203,-1.696263640,41.602817139,48.126908063,0.000167696,0.006630731
78.233333333,31.332762719,13.124256794,-1.220039222,0.593131390,0.013623144,-0.058452882,89.696458655,-1.694708730,41.589174077,48.107284577,0.000165685,0.006625493
78.266666667,31.339963280,13.105841173,-1.221986108,0.592953508,0.013593824,-0.058363271,89.662507115,-1.693214472,41.575071880,48.087435235,0.000163599,0.006620042
78.300000000,31.347125041,13.087416892,-1.223930036,0.592771172,0.013564786,-0.058275439,89.627869630,-1.691781064,41.560509691,48.067359939,0.000161439,0.006614378
78.333333333,31.354248008,13.068984194,-1.225871067,0.592584375,0.013536031,-0.058189394,89.592545304,-1.690408704,41.545486682,48.047058622,0.000159204,0.006608499
78.366666667,31.361332187,13.050543327,-1.227809260,0.592393105,0.013507562,-0.058105141,89.556533301,-1.689097592,41.530002050,48.026531251,0.000156894,0.006602408
78.400000000,31.368377583,13.032094533,-1.229744675,0.592197355,0.013479380,-0.058022687,89.519832843,-1.687847930,41.514055017,48.005777826,0.000154511,0.006596102
78.433333333,31.375384203,13.013638058,-1.231677372,0.591997116,0.013451485,-0.057942039,89.482443212,-1.686659921,41.497644835,47.984798377,0.000152052,0.006589583
78.466666667,31.382352052,12.995174145,-1.233607411,0.591792379,0.013423880,-0.057863203,89.444363746,-1.685533770,41.480770777,47.963592969,0.000149519,0.006582850
78.500000000,31.389281135,12.976703038,-1.235534853,0.591583137,0.013396567,-0.057786187,89.405593845,-1.684469683,41.463432148,47.942161698,0.000146912,0.006575904
78.533333333,31.396171459,12.958224982,-1.237459758,0.591369383,0.013369545,-0.057710996,89.366132968,-1.683467869,41.445628273,47.920504694,0.000144230,0.006568744
78.566666667,31.403023028,12.939740220,-1.239382188,0.591151109,0.013342818,-0.057637637,89.325980630,-1.682528539,41.427358509,47.898622121,0.000141474,0.006561371
78.600000000,31.409835848,12.921248994,-1.241302204,0.590928309,0.013316386,-0.057566117,89.285136408,-1.681651905,41.408622234,47.876514174,0.000138643,0.006553784
78.633333333,31.416609924,12.902751548,-1.243219867,0.590700976,0.013290252,-0.057496444,89.243599937,-1.680838179,41.389418855,47.854181082,0.000135737,0.006545983
78.666666667,31.423345261,12.884248124,-1.245135239,0.590469105,0.013264415,-0.057428622,89.201370911,-1.680087579,41.369747803,47.831623108,0.000132757,0.006537968
78.700000000,31.430041864,12.865738965,-1.247048381,0.590232691,0.013238878,-0.057362660,89.158449085,-1.679400322,41.349608538,47.808840547,0.000129703,0.006529740
78.733333333,31.436699738,12.847224312,-1.248959356,0.589991727,0.013213642,-0.057298564,89.114834272,-1.678776628,41.329000544,47.785833728,0.000126574,0.006521299
78.766666667,31.443318888,12.828704408,-1.250868226,0.589746210,0.013188709,-0.057236341,89.070526343,-1.678216718,41.307923329,47.762603014,0.000123371,0.006512644
78.800000000,31.449899318,12.810179493,-1.252775053,0.589496135,0.013164080,-0.057175998,89.025525232,-1.677720817,41.286376430,47.739148802,0.000120093,0.006503775
78.833333333,31.456441033,12.791649808,-1.254679901,0.589241499,0.013139755,-0.057117542,88.979830931,-1.677289149,41.264359409,47.715471522,0.000116740,0.006494692
78.866666667,31.462944037,12.773115595,-1.256582833,0.588982297,0.013115738,-0.057060979,88.933443490,-1.676921944,41.241871854,47.691571637,0.000113313,0.006485396
78.900000000,31.469408335,12.754577094,-1.258483911,0.588718526,0.013092029,-0.057006316,88.886363021,-1.676619430,41.218913377,47.667449645,0.000109812,0.006475886
78.933333333,31.475833930,12.736034544,-1.260383199,0.588450184,0.013068629,-0.056953562,88.838589696,-1.676381840,41.195483618,47.643106078,0.000106236,0.006466163
78.966666667,31.482220826,12.717488186,-1.262280761,0.588177269,0.013045539,-0.056902722,88.790123744,-1.676209407,41.171582242,47.618541502,0.000102585,0.006456226
79.000000000,31.488569029,12.698938258,-1.264176660,0.587899778,0.013022762,-0.056853804,88.740965458,-1.676102370,41.147208941,47.593756516,0.000098860,0.006446076
79.033333333,31.494878540,12.680385000,-1.266070962,0.587617710,0.013000298,-0.056806814,88.691115187,-1.676060964,41.122363432,47.568751756,0.000095061,0.006435711
79.066666667,31.501149364,12.661828650,-1.267963730,0.587331064,0.012978149,-0.056761761,88.640573344,-1.676085433,41.097045456,47.543527889,0.000091187,0.006425134
79.100000000,31.507381505,12.643269447,-1.269855029,0.587039838,0.012956316,-0.056718651,88.589340400,-1.676176017,41.071254783,47.518085617,0.000087238,0.006414342
79.133333333,31.513574965,12.624707628,-1.271744923,0.586744033,0.012934800,-0.056677491,88.537416886,-1.676332963,41.044991207,47.492425679,0.000083215,0.006403337
79.166666667,31.519729747,12.606143430,-1.273633479,0.586443649,0.012913603,-0.056638289,88.484803394,-1.676556517,41.018254549,47.466548845,0.000079118,0.006392118
79.200000000,31.525845855,12.587577090,-1.275520761,0.586138685,0.012892726,-0.056601052,88.431500577,-1.676846929,40.991044655,47.440455922,0.000074946,0.006380686
79.233333333,31.531923292,12.569008846,-1.277406836,0.585829143,0.012872171,-0.056565788,88.377509148,-1.677204452,40.963361397,47.414147751,0.000070699,0.006369040
79.266666667,31.537962060,12.550438933,-1.279291768,0.585515023,0.012851937,-0.056532504,88.322829881,-1.677629338,40.935204675,47.387625206,0.000066378,0.006357181
79.300000000,31.543962162,12.531867586,-1.281175624,0.585196328,0.012832028,-0.056501206,88.267463610,-1.678121845,40.906574411,47.360889199,0.000061982,0.006345108
79.333333333,31.549923600,12.513295041,-1.283058470,0.584873059,0.012812444,-0.056471904,88.211411231,-1.678682230,40.877470557,47.333940674,0.000057512,0.006332821
79.366666667,31.555846377,12.494721533,-1.284940374,0.584545218,0.012793186,-0.056444604,88.154673699,-1.679310756,40.847893089,47.306780610,0.000052968,0.006320320
79.400000000,31.561730494,12.476147296,-1.286821402,0.584212809,0.012774255,-0.056419315,88.097252032,-1.680007684,40.817842009,47.279410023,0.000048349,0.006307606
79.433333333,31.567575953,12.457572565,-1.288701620,0.583875834,0.012755654,-0.056396042,88.039147308,-1.680773280,40.787317346,47.251829962,0.000043655,0.006294679
79.466666667,31.573382756,12.438997571,-1.290581097,0.583534297,0.012737382,-0.056374796,87.980360667,-1.681607813,40.756319156,47.224041512,0.000038887,0.006281537
79.500000000,31.579150905,12.420422548,-1.292459900,0.583188202,0.012719442,-0.056355582,87.920893310,-1.682511551,40.724847518,47.196045792,0.000034044,0.006268183
79.533333333,31.584880400,12.401847729,-1.294338097,0.582837553,0.012701835,-0.056338409,87.860746498,-1.683484768,40.692902542,47.167843956,0.000029127,0.006254614
79.566666667,31.590571244,12.383273346,-1.296215756,0.582482355,0.012684561,-0.056323286,87.799921556,-1.684527737,40.660484361,47.139437195,0.000024135,0.006240832
79.600000000,31.596223437,12.364699629,-1.298092946,0.582122614,0.012667622,-0.056310218,87.738419869,-1.685640736,40.627593135,47.110826734,0.000019069,0.006226836
79.633333333,31.601836979,12.346126811,-1.299969735,0.581758334,0.012651020,-0.056299216,87.676242883,-1.686824043,40.594229051,47.082013833,0.000013928,0.006212627
79.666666667,31.607411872,12.327555120,-1.301846192,0.581389521,0.012634754,-0.056290286,87.613392109,-1.688077940,40.560392323,47.052999786,0.000008713,0.006198204
79.700000000,31.612948116,12.308984787,-1.303722386,0.581016182,0.012618828,-0.056283437,87.549869116,-1.689402711,40.526083191,47.023785925,0.000003424,0.006183567
79.733333333,31.618445711,12.290416042,-1.305598388,0.580638324,0.012603241,-0.056278676,87.485675538,-1.690798641,40.491301921,46.994373616,-0.000001941,0.006168717
79.766666667,31.623904657,12.271849112,-1.307474266,0.580255953,0.012587995,-0.056276013,87.420813069,-1.692266017,40.456048809,46.964764260,-0.000007379,0.006153653
79.800000000,31.629324954,12.253284227,-1.309350091,0.579869078,0.012573092,-0.056275455,87.355283467,-1.693805131,40.420324174,46.934959293,-0.000012893,0.006138376
79.833333333,31.634706601,12.234721614,-1.311225932,0.579477705,0.012558532,-0.056277010,87.289088552,-1.695416274,40.384128364,46.904960187,-0.000018480,0.006122885
79.866666667,31.640049599,12.216161499,-1.313101862,0.579081845,0.012544316,-0.056280687,87.222230205,-1.697099741,40.347461755,46.874768450,-0.000024142,0.006107180
79.900000000,31.645353946,12.197604110,-1.314977950,0.578681504,0.012530446,-0.056286494,87.154710373,-1.698855828,40.310324749,46.844385624,-0.000029879,0.006091262
79.933333333,31.650619641,12.179049672,-1.316854268,0.578276693,0.012516923,-0.056294440,87.086531062,-1.700684833,40.272717774,46.813813287,-0.000035690,0.006075130
79.966666667,31.655846683,12.160498410,-1.318730886,0.577867420,0.012503747,-0.056304532,87.017694343,-1.702587058,40.234641290,46.783053053,-0.000041576,0.006058785
80.000000000,31.661035070,12.141950550,-1.320607878,0.577453697,0.012490921,-0.056316781,86.948202350,-1.704562806,40.196095779,46.752106570,-0.000047537,0.006042225
80.033333333,31.666184801,12.123406315,-1.322485314,0.577035533,0.012478445,-0.056331193,86.878057279,-1.706612380,40.157081756,46.720975523,-0.000053571,0.006025453
80.066666667,31.671295875,12.104865929,-1.324363267,0.576612938,0.012466321,-0.056347778,86.807261391,-1.708736087,40.117599759,46.689661632,-0.000059681,0.006008466
80.100000000,31.676368288,12.086329615,-1.326241810,0.576185925,0.012454548,-0.056366544,86.735817009,-1.710934236,40.077650358,46.658166651,-0.000065864,0.005991266
80.133333333,31.681402039,12.067797595,-1.328121016,0.575754505,0.012443130,-0.056387501,86.663726520,-1.713207137,40.037234150,46.626492371,-0.000072123,0.005973853
80.166666667,31.686397125,12.049270090,-1.330000957,0.575318689,0.012432066,-0.056410656,86.590992376,-1.715555103,39.996351758,46.594640617,-0.000078456,0.005956226
80.200000000,31.691353544,12.030747321,-1.331881707,0.574878491,0.012421358,-0.056436019,86.517617090,-1.717978448,39.955003838,46.562613252,-0.000084863,0.005938385
80.233333333,31.696271291,12.012229510,-1.333763339,0.574433922,0.012411007,-0.056463599,86.443603241,-1.720477486,39.913191071,46.530412171,-0.000091345,0.005920330
80.266666667,31.701150365,11.993716874,-1.335645929,0.573984997,0.012401013,-0.056493404,86.368953473,-1.723052536,39.870914167,46.498039306,-0.000097901,0.005902062
80.300000000,31.705990761,11.975209634,-1.337529550,0.573531729,0.012391379,-0.056525443,86.293670493,-1.725703917,39.828173867,46.465496625,-0.000104532,0.005883580
80.333333333,31.710792475,11.956708007,-1.339414277,0.573074131,0.012382105,-0.056559726,86.217757071,-1.728431949,39.784970941,46.432786130,-0.000111237,0.005864885
80.366666667,31.715555505,11.938212211,-1.341300184,0.572612219,0.012373192,-0.056596262,86.141216045,-1.731236955,39.741306187,46.399909858,-0.000118017,0.005845976
80.400000000,31.720279845,11.919722463,-1.343187348,0.572146007,0.012364641,-0.056635059,86.064050316,-1.734119257,39.697180433,46.366869883,-0.000124871,0.005826854
80.433333333,31.724965491,11.901238979,-1.345075843,0.571675511,0.012356454,-0.056676127,85.986262849,-1.737079182,39.652594537,46.333668312,-0.000131800,0.005807517
80.466666667,31.729612438,11.882761975,-1.346965745,0.571200747,0.012348631,-0.056719475,85.907856676,-1.740117054,39.607549387,46.300307288,-0.000138804,0.005787968
80.500000000,31.734220681,11.864291664,-1.348857131,0.570721729,0.012341173,-0.056765112,85.828834892,-1.743233203,39.562045902,46.266788990,-0.000145882,0.005768204
80.533333333,31.738790216,11.845828262,-1.350750077,0.570238476,0.012334082,-0.056813048,85.749200661,-1.746427956,39.516085031,46.233115630,-0.000153034,0.005748227
80.566666667,31.743321035,11.827371982,-1.352644660,0.569751004,0.012327358,-0.056863291,85.668957209,-1.749701643,39.469667753,46.199289456,-0.000160261,0.005728036
80.600000000,31.747813135,11.808923036,-1.354540956,0.569259330,0.012321003,-0.056915851,85.588107830,-1.753054595,39.422795079,46.165312752,-0.000167562,0.005707632
80.633333333,31.752266508,11.790481635,-1.356439044,0.568763472,0.012315017,-0.056970738,85.506655883,-1.756487144,39.375468050,46.131187834,-0.000174938,0.005687014
80.666666667,31.756681148,11.772047991,-1.358339001,0.568263449,0.012309401,-0.057027961,85.424604794,-1.759999622,39.327687740,46.096917054,-0.000182389,0.005666183
80.700000000,31.761057048,11.753622315,-1.360240905,0.567759279,0.012304157,-0.057087529,85.341958054,-1.763592362,39.279455254,46.062502800,-0.000189914,0.005645138
80.733333333,31.765394203,11.735204815,-1.362144834,0.567250982,0.012299285,-0.057149452,85.258719222,-1.767265699,39.230771728,46.027947493,-0.000197513,0.005623879
80.766666667,31.769692604,11.716795700,-1.364050867,0.566738576,0.012294786,-0.057213739,85.174891922,-1.771019966,39.181638333,45.993253589,-0.000205187,0.005602406
80.800000000,31.773952244,11.698395178,-1.365959083,0.566222082,0.012290662,-0.057280401,85.090479847,-1.774855500,39.132056271,45.958423577,-0.000212936,0.005580720
80.833333333,31.778173115,11.680003456,-1.367869561,0.565701520,0.012286913,-0.057349446,85.005486756,-1.778772633,39.082026775,45.923459981,-0.000220759,0.005558821
80.866666667,31.782355209,11.661620741,-1.369782381,0.565176911,0.012283540,-0.057420883,84.919916476,-1.782771704,39.031551115,45.888365361,-0.000228656,0.005536708
80.900000000,31.786498519,11.643247238,-1.371697623,0.564648277,0.012280545,-0.057494724,84.833772900,-1.786853046,38.980630593,45.853142307,-0.000236628,0.005514381
80.933333333,31.790603035,11.624883151,-1.373615366,0.564115638,0.012277927,-0.057570977,84.747059990,-1.791016995,38.929266543,45.817793447,-0.000244675,0.005491840
80.966666667,31.794668748,11.606528685,-1.375535693,0.563579017,0.012275688,-0.057649651,84.659781775,-1.795263887,38.877460336,45.782321439,-0.000252796,0.005469086
81.000000000,31.798695650,11.588184043,-1.377458683,0.563038437,0.012273830,-0.057730758,84.571942355,-1.799594056,38.825213377,45.746728978,-0.000260991,0.005446118
81.033333333,31.802683730,11.569849425,-1.379384417,0.562493921,0.012272352,-0.057814306,84.483545893,-1.804007838,38.772527104,45.711018789,-0.000269261,0.005422937
81.066666667,31.806632979,11.551525035,-1.381312978,0.561945491,0.012271255,-0.057900305,84.394596626,-1.808505566,38.719402994,45.675193632,-0.000277606,0.005399542
81.100000000,31.810543387,11.533211072,-1.383244447,0.561393173,0.012270542,-0.057988764,84.305098857,-1.813087574,38.665842555,45.639256302,-0.000286025,0.005375934
81.133333333,31.814414943,11.514907736,-1.385178907,0.560836989,0.012270211,-0.058079694,84.215056958,-1.817754194,38.611847336,45.603209622,-0.000294519,0.005352111
81.166666667,31.818247637,11.496615225,-1.387116439,0.560276965,0.012270265,-0.058173104,84.124475371,-1.822505759,38.557418919,45.567056452,-0.000303087,0.005328076
81.200000000,31.822041457,11.478333737,-1.389057126,0.559713127,0.012270704,-0.058269005,84.033358607,-1.827342597,38.502558924,45.530799683,-0.000311729,0.005303826
81.233333333,31.825796392,11.460063470,-1.391001053,0.559145498,0.012271529,-0.058367404,83.941711248,-1.832265040,38.447269009,45.494442239,-0.000320446,0.005279363
81.266666667,31.829512431,11.441804619,-1.392948302,0.558574107,0.012272740,-0.058468313,83.849537943,-1.837273413,38.391550869,45.457987074,-0.000329238,0.005254687
81.300000000,31.833189561,11.423557378,-1.394898957,0.557998979,0.012274339,-0.058571741,83.756843415,-1.842368044,38.335406239,45.421437176,-0.000338104,0.005229796
81.333333333,31.836827770,11.405321944,-1.396853102,0.557420141,0.012276327,-0.058677698,83.663632454,-1.847549256,38.278836889,45.384795565,-0.000347045,0.005204692
81.366666667,31.840427046,11.387098507,-1.398810822,0.556837621,0.012278703,-0.058786193,83.569909923,-1.852817371,38.221844632,45.348065290,-0.000356060,0.005179375
81.400000000,31.843987375,11.368887262,-1.400772201,0.556251447,0.012281469,-0.058897236,83.475680754,-1.858172710,38.164431320,45.311249434,-0.000365149,0.005153844
81.433333333,31.847508744,11.350688399,-1.402737325,0.555661646,0.012284626,-0.059010836,83.380949952,-1.863615590,38.106598843,45.274351110,-0.000374314,0.005128099
81.466666667,31.850991139,11.332502108,-1.404706279,0.555068247,0.012288174,-0.059127004,83.285722593,-1.869146325,38.048349133,45.237373460,-0.000383552,0.005102141
81.500000000,31.854434546,11.314328580,-1.406679149,0.554471281,0.012292114,-0.059245749,83.190003823,-1.874765229,37.989684164,45.200319659,-0.000392865,0.005075969
81.533333333,31.857838951,11.296168002,-1.408656020,0.553870776,0.012296447,-0.059367080,83.093798862,-1.880472609,37.930605951,45.163192910,-0.000402253,0.005049583
81.566666667,31.861204339,11.278020562,-1.410636980,0.553266763,0.012301173,-0.059491006,82.997113000,-1.886268773,37.871116552,45.125996448,-0.000411715,0.005022984
81.600000000,31.864530695,11.259886447,-1.412622114,0.552659271,0.012306294,-0.059617538,82.899951603,-1.892154022,37.811218067,45.088733536,-0.000421252,0.004996171
81.633333333,31.867818004,11.241765842,-1.414611510,0.552048334,0.012311809,-0.059746685,82.802320105,-1.898128655,37.750912639,45.051407466,-0.000430863,0.004969144
81.666666667,31.871066250,11.223658932,-1.416605255,0.551433980,0.012317719,-0.059878455,82.704224017,-1.904192967,37.690202457,45.014021560,-0.000440549,0.004941904
81.700000000,31.874275417,11.205565900,-1.418603437,0.550816244,0.012324026,-0.060012858,82.605668921,-1.910347248,37.629089753,44.976579168,-0.000450309,0.004914451
81.733333333,31.877445487,11.187486928,-1.420606144,0.550195157,0.012330729,-0.060149904,82.506660473,-1.916591785,37.567576804,44.939083668,-0.000460144,0.004886783
81.766666667,31.880576445,11.169422199,-1.422613463,0.549570752,0.012337830,-0.060289602,82.407204403,-1.922926858,37.505665936,44.901538467,-0.000470053,0.004858902
81.800000000,31.883668273,11.151371893,-1.424625484,0.548943063,0.012345328,-0.060431960,82.307306515,-1.929352745,37.443359517,44.863946998,-0.000480037,0.004830808
81.833333333,31.886720954,11.133336189,-1.426642295,0.548312123,0.012353225,-0.060576988,82.206972687,-1.935869717,37.380659965,44.826312722,-0.000490095,0.004802500
81.866666667,31.889734469,11.115315265,-1.428663986,0.547677966,0.012361520,-0.060724695,82.106208873,-1.942478039,37.317569746,44.788639126,-0.000500228,0.004773978
81.900000000,31.892708801,11.097309299,-1.430690646,0.547040629,0.012370215,-0.060875088,82.005021100,-1.949177971,37.254091375,44.750929725,-0.000510435,0.004745242
81.933333333,31.895643930,11.079318468,-1.432722364,0.546400145,0.012379310,-0.061028178,81.903415471,-1.955969768,37.190227413,44.713188058,-0.000520717,0.004716293
81.966666667,31.898539837,11.061342946,-1.434759230,0.545756550,0.012388806,-0.061183973,81.801398165,-1.962853676,37.125980476,44.675417690,-0.000531073,0.004687131
82.000000000,31.901396504,11.043382907,-1.436801336,0.545109881,0.012398702,-0.061342480,81.698975436,-1.969829936,37.061353226,44.637622210,-0.000541504,0.004657754
82.033333333,31.904213909,11.025438525,-1.438848771,0.544460175,0.012408999,-0.061503710,81.596153615,-1.976898782,36.996348380,44.599805235,-0.000552009,0.004628165
82.066666667,31.906992033,11.007509972,-1.440901626,0.543807469,0.012419698,-0.061667669,81.492939108,-1.984060441,36.930968706,44.561970402,-0.000562589,0.004598361
82.100000000,31.909730856,10.989597418,-1.442959993,0.543151800,0.012430800,-0.061834366,81.389338399,-1.991315130,36.865217026,44.524121373,-0.000573244,0.004568344
82.133333333,31.912430355,10.971701033,-1.445023963,0.542493207,0.012442303,-0.062003808,81.285358048,-1.998663061,36.799096214,44.486261834,-0.000583972,0.004538113
82.166666667,31.915090511,10.953820986,-1.447093627,0.541831727,0.012454210,-0.062176005,81.181004693,-2.006104436,36.732609200,44.448395493,-0.000594776,0.004507669
82.200000000,31.917711300,10.935957444,-1.449169077,0.541167402,0.012466520,-0.062350963,81.076285050,-2.013639448,36.665758971,44.410526079,-0.000605654,0.004477011
82.233333333,31.920292701,10.918110574,-1.451250407,0.540500269,0.012479233,-0.062528690,80.971205911,-2.021268282,36.598548567,44.372657344,-0.000616606,0.004446139
82.266666667,31.922834691,10.900280541,-1.453337707,0.539830369,0.012492349,-0.062709194,80.865774148,-2.028991112,36.530981089,44.334793059,-0.000627633,0.004415054
82.300000000,31.925337246,10.882467509,-1.455431071,0.539157744,0.012505870,-0.062892481,80.759996711,-2.036808104,36.463059695,44.296937017,-0.000638734,0.004383755
82.333333333,31.927800345,10.864671641,-1.457530591,0.538482433,0.012519795,-0.063078559,80.653880629,-2.044719412,36.394787600,44.259093029,-0.000649910,0.004352243
82.366666667,31.930223962,10.846893098,-1.459636362,0.537804479,0.012534124,-0.063267434,80.547433009,-2.052725180,36.326168082,44.221264927,-0.000661161,0.004320517
82.400000000,31.932608073,10.829132043,-1.461748475,0.537123923,0.012548858,-0.063459113,80.440661039,-2.060825541,36.257204479,44.183456560,-0.000672485,0.004288577
82.433333333,31.934952655,10.811388632,-1.463867025,0.536440809,0.012563996,-0.063653602,80.333571986,-2.069020617,36.187900190,44.145671796,-0.000683885,0.004256424
82.466666667,31.937257680,10.793663026,-1.465992106,0.535755180,0.012579539,-0.063850908,80.226173197,-2.077310518,36.118258679,44.107914518,-0.000695359,0.004224057
82.500000000,31.939523125,10.775955381,-1.468123811,0.535067078,0.012595487,-0.064051037,80.118472099,-2.085695340,36.048283473,44.070188626,-0.000706907,0.004191476
82.533333333,31.941748963,10.758265853,-1.470262235,0.534376549,0.012611840,-0.064253994,80.010476202,-2.094175168,35.977978163,44.032498039,-0.000718530,0.004158682
82.566666667,31.943935167,10.740594597,-1.472407471,0.533683637,0.012628597,-0.064459784,79.902193094,-2.102750072,35.907346408,43.994846686,-0.000730228,0.004125674
82.600000000,31.946081712,10.722941765,-1.474559616,0.532988387,0.012645760,-0.064668413,79.793630445,-2.111420111,35.836391932,43.957238513,-0.000742000,0.004092453
82.633333333,31.948188569,10.705307511,-1.476718762,0.532290846,0.012663327,-0.064879887,79.684796009,-2.120185327,35.765118530,43.919677479,-0.000753846,0.004059018
82.666666667,31.950255710,10.687691985,-1.478885006,0.531591058,0.012681299,-0.065094208,79.575697619,-2.129045748,35.693530063,43.882167556,-0.000765767,0.004025369
82.700000000,31.952283109,10.670095336,-1.481058441,0.530889071,0.012699675,-0.065311383,79.466343192,-2.138001388,35.621630465,43.844712727,-0.000777763,0.003991507
82.733333333,31.954270736,10.652517714,-1.483239164,0.530184933,0.012718456,-0.065531414,79.356740728,-2.147052244,35.549423741,43.807316987,-0.000789833,0.003957431
82.766666667,31.956218561,10.634959266,-1.485427270,0.529478690,0.012737642,-0.065754307,79.246898308,-2.156198297,35.476913967,43.769984341,-0.000801977,0.003923141
82.800000000,31.958126557,10.617420136,-1.487622854,0.528770392,0.012757231,-0.065980063,79.136824098,-2.165439512,35.404105295,43.732718803,-0.000814196,0.003888638
82.833333333,31.959994692,10.599900471,-1.489826011,0.528060087,0.012777224,-0.066208687,79.026526348,-2.174775835,35.331001952,43.695524396,-0.000826490,0.003853921
82.866666667,31.961822937,10.582400414,-1.492036837,0.527347825,0.012797620,-0.066440180,78.916013389,-2.184207196,35.257608240,43.658405149,-0.000838858,0.003818991
82.900000000,31.963611260,10.564920106,-1.494255429,0.526633655,0.012818420,-0.066674546,78.805293640,-2.193733506,35.183928540,43.621365100,-0.000851300,0.003783847
82.933333333,31.965359630,10.547459688,-1.496481881,0.525917628,0.012839622,-0.066911786,78.694375602,-2.203354656,35.109967309,43.584408292,-0.000863817,0.003748489
82.966666667,31.967068015,10.530019300,-1.498716289,0.525199795,0.012861226,-0.067151902,78.583267861,-2.213070518,35.035729088,43.547538772,-0.000876409,0.003712918
83.000000000,31.968736384,10.512599080,-1.500958750,0.524480207,0.012883233,-0.067394896,78.471979089,-2.222880945,34.961218497,43.510760592,-0.000889075,0.003677133
83.033333333,31.970364704,10.495199165,-1.503209359,0.523758917,0.012905640,-0.067640767,78.360518044,-2.232785767,34.886440239,43.474077805,-0.000901815,0.003641135
83.066666667,31.971952940,10.477819690,-1.505468213,0.523035978,0.012928448,-0.067889517,78.248893568,-2.242784795,34.811399100,43.437494468,-0.000914631,0.003604923
83.100000000,31.973501061,10.460460790,-1.507735406,0.522311441,0.012951657,-0.068141145,78.137114591,-2.252877817,34.736099954,43.401014637,-0.000927520,0.003568497
83.133333333,31.975009031,10.443122598,-1.510011036,0.521585362,0.012975265,-0.068395651,78.025190128,-2.263064598,34.660547760,43.364642368,-0.000940484,0.003531858
83.166666667,31.976476816,10.425805244,-1.512295198,0.520857794,0.012999271,-0.068653034,77.913129281,-2.273344880,34.584747564,43.328381717,-0.000953523,0.003495005
83.200000000,31.977904381,10.408508859,-1.514587987,0.520128793,0.013023676,-0.068913292,77.800941239,-2.283718381,34.508704503,43.292236736,-0.000966636,0.003457938
83.233333333,31.979291690,10.391233573,-1.516889501,0.519398413,0.013048478,-0.069176424,77.688635279,-2.294184794,34.432423804,43.256211475,-0.000979824,0.003420658
83.266666667,31.980638707,10.373979511,-1.519199834,0.518666710,0.013073677,-0.069442427,77.576220765,-2.304743789,34.355910789,43.220309976,-0.000993086,0.003383164
83.300000000,31.981945397,10.356746800,-1.521519082,0.517933742,0.013099271,-0.069711298,77.463707148,-2.315395007,34.279170869,43.184536279,-0.001006422,0.003345457
83.333333333,31.983211721,10.339535566,-1.523847340,0.517199565,0.013125259,-0.069983033,77.351103970,-2.326138064,34.202209555,43.148894415,-0.001019834,0.003307536
83.366666667,31.984437642,10.322345930,-1.526184705,0.516464236,0.013151641,-0.070257628,77.238420857,-2.336972548,34.125032451,43.113388406,-0.001033319,0.003269401
83.400000000,31.985623123,10.305178015,-1.528531271,0.515727815,0.013178416,-0.070535080,77.125667528,-2.347898021,34.047645262,43.078022267,-0.001046879,0.003231053
83.433333333,31.986768124,10.288031941,-1.530887134,0.514990359,0.013205582,-0.070815381,77.012853789,-2.358914014,33.970053791,43.042799998,-0.001060514,0.003192491
83.466666667,31.987872607,10.270907827,-1.533252388,0.514251928,0.013233138,-0.071098527,76.899989535,-2.370020029,33.892263943,43.007725592,-0.001074223,0.003153716
83.500000000,31.988936532,10.253805791,-1.535627128,0.513512582,0.013261083,-0.071384511,76.787084751,-2.381215538,33.814281725,42.972803026,-0.001088007,0.003114727
83.533333333,31.989959860,10.236725949,-1.538011448,0.512772382,0.013289416,-0.071673326,76.674149512,-2.392499983,33.736113251,42.938036261,-0.001101865,0.003075524
83.566666667,31.990942548,10.219668415,-1.540405444,0.512031388,0.013318135,-0.071964964,76.561193982,-2.403872772,33.657764737,42.903429245,-0.001115798,0.003036107
83.600000000,31.991884558,10.202633302,-1.542809208,0.511289662,0.013347240,-0.072259417,76.448228417,-2.415333283,33.579242510,42.868985907,-0.001129805,0.002996477
83.633333333,31.992785846,10.185620723,-1.545222835,0.510547267,0.013376727,-0.072556675,76.335263161,-2.426880860,33.500553003,42.834710158,-0.001143887,0.002956634
83.666666667,31.993646371,10.168630787,-1.547646417,0.509804265,0.013406597,-0.072856728,76.222308652,-2.438514813,33.421702763,42.800605889,-0.001158043,0.002916577
83.700000000,31.994466090,10.151663603,-1.550080048,0.509060720,0.013436847,-0.073159565,76.109375415,-2.450234416,33.342698447,42.766676969,-0.001172274,0.002876306
83.733333333,31.995244960,10.134719279,-1.552523820,0.508316695,0.013467476,-0.073465176,75.996474070,-2.462038909,33.263546826,42.732927244,-0.001186579,0.002835821
83.766666667,31.995982937,10.117797921,-1.554977826,0.507572255,0.013498482,-0.073773549,75.883615326,-2.473927495,33.184254789,42.699360537,-0.001200959,0.002795123
83.800000000,31.996679978,10.100899631,-1.557442158,0.506827466,0.013529863,-0.074084669,75.770809983,-2.485899340,33.104829339,42.665980645,-0.001215413,0.002754212
83.833333333,31.997336036,10.084024515,-1.559916906,0.506082393,0.013561617,-0.074398524,75.658068936,-2.497953572,33.025277599,42.632791336,-0.001229942,0.002713086
83.866666667,31.997951068,10.067172671,-1.562402163,0.505337102,0.013593742,-0.074715098,75.545403168,-2.510089280,32.945606815,42.599796352,-0.001244545,0.002671747
83.900000000,31.998525027,10.050344201,-1.564898017,0.504591661,0.013626237,-0.075034376,75.432823756,-2.522305514,32.865824352,42.566999404,-0.001259223,0.002630195
83.933333333,31.999057867,10.033539203,-1.567404559,0.503846137,0.013659099,-0.075356343,75.320341869,-2.534601282,32.785937699,42.534404169,-0.001273976,0.002588429
83.966666667,31.999549541,10.016757773,-1.569921879,0.503100598,0.013692326,-0.075680979,75.207970201,-2.546976860,32.705952678,42.502017523,-0.001288802,0.002546449
84.000000000,32.000000000,10.000000000,-1.572450064,0.502355115,0.013725916,-0.076008274,75.095717530,-2.559427083,32.625883606,42.469833924,-0.001303704,0.002504255
84.033333333,32.000409199,9.983265990,-1.574989204,0.501609753,0.013759866,-0.076338189,74.983594538,-2.571942902,32.545753227,42.437841311,-0.001318566,0.002462038
84.066666667,32.000777088,9.966555828,-1.577539384,0.500864584,0.013794174,-0.076670684,74.871615385,-2.584518178,32.465580426,42.406034958,-0.001333274,0.002419985
84.100000000,32.001103618,9.949869605,-1.580100691,0.500119678,0.013828837,-0.077005703,74.759789535,-2.597148819,32.385377808,42.374411728,-0.001347828,0.002378097
84.133333333,32.001388739,9.933207411,-1.582673206,0.499375105,0.013863852,-0.077343194,74.648127890,-2.609833790,32.305152810,42.342975080,-0.001362229,0.002336375
84.166666667,32.001632401,9.916569332,-1.585257012,0.498630936,0.013899214,-0.077683107,74.536641372,-2.622571971,32.224913050,42.311728323,-0.001376477,0.002294817
84.200000000,32.001834553,9.899955453,-1.587852188,0.497887240,0.013934921,-0.078025391,74.425340930,-2.635362158,32.144666314,42.280674616,-0.001390571,0.002253424
84.233333333,32.001995144,9.883365860,-1.590458813,0.497144090,0.013970967,-0.078369997,74.314237534,-2.648203075,32.064420547,42.249816987,-0.001404511,0.002212196
84.266666667,32.002114123,9.866800636,-1.593076964,0.496401555,0.014007349,-0.078716878,74.203342178,-2.661093370,31.984183839,42.219158339,-0.001418297,0.002171133
84.300000000,32.002191436,9.850259860,-1.595706714,0.495659707,0.014044061,-0.079065983,74.092665877,-2.674031629,31.903964422,42.188701455,-0.001431930,0.002130235
84.333333333,32.002227032,9.833743613,-1.598348138,0.494918617,0.014081099,-0.079417267,73.982219671,-2.687016371,31.823770660,42.158449011,-0.001445410,0.002089502
84.366666667,32.002220857,9.817251973,-1.601001308,0.494178357,0.014118457,-0.079770680,73.872014618,-2.700046059,31.743611042,42.128403576,-0.001458736,0.002048934
84.400000000,32.002172857,9.800785016,-1.603666293,0.493438998,0.014156132,-0.080126176,73.762061799,-2.713119095,31.663494179,42.098567620,-0.001471908,0.002008531
84.433333333,32.002082977,9.784342818,-1.606343163,0.492700612,0.014194116,-0.080483706,73.652372313,-2.726233828,31.583428795,42.068943518,-0.001484927,0.001968293
84.466666667,32.001951164,9.767925453,-1.609031984,0.491963271,0.014232406,-0.080843223,73.542957280,-2.739388556,31.503423725,42.039533555,-0.001497792,0.001928219
84.500000000,32.001777362,9.751532992,-1.611732821,0.491227047,0.014270994,-0.081204677,73.433827840,-2.752581523,31.423487914,42.010339926,-0.001510503,0.001888311
84.533333333,32.001561515,9.735165507,-1.614445739,0.490492012,0.014309877,-0.081568021,73.324995151,-2.765810928,31.343630406,41.981364745,-0.001523061,0.001848568
84.566666667,32.001303567,9.718823065,-1.617170800,0.489758240,0.014349046,-0.081933206,73.216470387,-2.779074920,31.263860347,41.952610039,-0.001535465,0.001808989
84.600000000,32.001003461,9.702505736,-1.619908063,0.489025802,0.014388498,-0.082300181,73.108264742,-2.792371602,31.184186982,41.924077760,-0.001547716,0.001769576
84.633333333,32.000661141,9.686213586,-1.622657589,0.488294772,0.014428225,-0.082668897,73.000389425,-2.805699034,31.104619648,41.895769777,-0.001559813,0.001730327
84.666666667,32.000276548,9.669946678,-1.625419433,0.487565222,0.014468222,-0.083039303,72.892855661,-2.819055229,31.025167776,41.867687886,-0.001571756,0.001691243
84.700000000,31.999849625,9.653705077,-1.628193653,0.486837226,0.014508482,-0.083411348,72.785674693,-2.832438159,30.945840887,41.839833805,-0.001583546,0.001652325
84.733333333,31.999380314,9.637488845,-1.630980300,0.486110856,0.014548999,-0.083784980,72.678857774,-2.845845753,30.866648593,41.812209180,-0.001595182,0.001613571
84.766666667,31.998868555,9.621298041,-1.633779428,0.485386187,0.014589767,-0.084160145,72.572416175,-2.859275898,30.787600591,41.784815584,-0.001606665,0.001574982
84.800000000,31.998314289,9.605132726,-1.636591087,0.484663291,0.014630780,-0.084536792,72.466361178,-2.872726441,30.708706663,41.757654515,-0.001617994,0.001536559
84.833333333,31.997717456,9.588992956,-1.639415325,0.483942243,0.014672029,-0.084914865,72.360704078,-2.886195189,30.629976676,41.730727402,-0.001629169,0.001498300
84.866666667,31.997077997,9.572878788,-1.642252188,0.483223115,0.014713510,-0.085294309,72.255456183,-2.899679906,30.551420579,41.704035604,-0.001640191,0.001460206
84.900000000,31.996395850,9.556790277,-1.645101722,0.482505983,0.014755216,-0.085675070,72.150628810,-2.913178321,30.473048404,41.677580406,-0.001651059,0.001422277
84.933333333,31.995670955,9.540727476,-1.647963969,0.481790920,0.014797139,-0.086057089,72.046233288,-2.926688119,30.394870261,41.651363027,-0.001661774,0.001384513
84.966666667,31.994903251,9.524690436,-1.650838970,0.481078001,0.014839273,-0.086440310,71.942280953,-2.940206952,30.316896338,41.625384615,-0.001672335,0.001346914
85.000000000,31.994092676,9.508679210,-1.653726765,0.480367299,0.014881611,-0.086824674,71.838783152,-2.953732429,30.239136904,41.599646248,-0.001682743,0.001309479
85.033333333,31.993239167,9.492693845,-1.656627391,0.479658889,0.014924146,-0.087210122,71.735751238,-2.967262125,30.161602301,41.574148937,-0.001692996,0.001272210
85.066666667,31.992342662,9.476734389,-1.659540882,0.478952846,0.014966871,-0.087596594,71.633196570,-2.980793576,30.084302947,41.548893623,-0.001703097,0.001235106
85.100000000,31.991403098,9.460800890,-1.662467272,0.478249244,0.015009779,-0.087984029,71.531130516,-2.994324280,30.007249335,41.523881181,-0.001713043,0.001198167
85.133333333,31.990420412,9.444893392,-1.665406592,0.477548158,0.015052862,-0.088372365,71.429564446,-3.007851701,29.930452030,41.499112417,-0.001722836,0.001161392
85.166666667,31.989394540,9.429011938,-1.668358871,0.476849662,0.015096115,-0.088761538,71.328509735,-3.021373264,29.853921667,41.474588068,-0.001732476,0.001124783
85.200000000,31.988325419,9.413156572,-1.671324135,0.476153833,0.015139528,-0.089151486,71.227977761,-3.034886362,29.777668954,41.450308807,-0.001741962,0.001088338
85.233333333,31.987212984,9.397327334,-1.674302410,0.475460744,0.015183096,-0.089542144,71.127979903,-3.048388349,29.701704666,41.426275238,-0.001751294,0.001052059
85.266666667,31.986057170,9.381524263,-1.677293718,0.474770471,0.015226810,-0.089933445,71.028527543,-3.061876546,29.626039645,41.402487899,-0.001760473,0.001015944
85.300000000,31.984857912,9.365747398,-1.680298079,0.474083089,0.015270664,-0.090325323,70.929632062,-3.075348240,29.550684801,41.378947261,-0.001769498,0.000979995
85.333333333,31.983615145,9.349996777,-1.683315511,0.473398673,0.015314649,-0.090717710,70.831304838,-3.088800682,29.475651107,41.355653731,-0.001778369,0.000944210
85.366666667,31.982328803,9.334272434,-1.686346031,0.472717299,0.015358759,-0.091110539,70.733557251,-3.102231093,29.400949601,41.332607650,-0.001787087,0.000908590
85.400000000,31.980998821,9.318574404,-1.689389651,0.472039042,0.015402985,-0.091503739,70.636400673,-3.115636657,29.326591380,41.309809293,-0.001795651,0.000873135
85.433333333,31.979625131,9.302902720,-1.692446384,0.471363977,0.015447319,-0.091897240,70.539846474,-3.129014529,29.252587604,41.287258871,-0.001804062,0.000837846
85.466666667,31.978207667,9.287257413,-1.695516237,0.470692179,0.015491755,-0.092290971,70.443906020,-3.142361831,29.178949489,41.264956531,-0.001812319,0.000802721
85.500000000,31.976746363,9.271638514,-1.698599217,0.470023725,0.015536285,-0.092684859,70.348590667,-3.155675653,29.105688309,41.242902359,-0.001820423,0.000767761
85.533333333,31.975241150,9.256046053,-1.701695329,0.469358690,0.015580899,-0.093078831,70.253911766,-3.168953055,29.032815392,41.221096374,-0.001828373,0.000732966
85.566666667,31.973691962,9.240480056,-1.704804574,0.468697148,0.015625592,-0.093472813,70.159880656,-3.182191068,28.960342120,41.199538536,-0.001836169,0.000698336
85.600000000,31.972098730,9.224940551,-1.707926950,0.468039177,0.015670354,-0.093866729,70.066508667,-3.195386693,28.888279924,41.178228743,-0.001843812,0.000663870
85.633333333,31.970461386,9.209427562,-1.711062455,0.467384852,0.015715178,-0.094260505,69.973807119,-3.208536902,28.816640287,41.157166832,-0.001851301,0.000629570
85.666666667,31.968779862,9.193941114,-1.714211083,0.466734247,0.015760055,-0.094654062,69.881787316,-3.221638639,28.745434736,41.136352580,-0.001858636,0.000595435
85.700000000,31.967054090,9.178481229,-1.717372824,0.466087440,0.015804978,-0.095047323,69.790460550,-3.234688824,28.674674844,41.115785706,-0.001865818,0.000561465
85.733333333,31.965284000,9.163047929,-1.720547668,0.465444504,0.015849939,-0.095440209,69.699838096,-3.247684347,28.604372227,41.095465869,-0.001872846,0.000527659
85.766666667,31.963469522,9.147641234,-1.723735600,0.464805517,0.015894928,-0.095832640,69.609931214,-3.260622075,28.534538540,41.075392674,-0.001879721,0.000494019
85.800000000,31.961610588,9.132261162,-1.726936605,0.464170553,0.015939938,-0.096224536,69.520751143,-3.273498850,28.465185475,41.055565668,-0.001886442,0.000460544
85.833333333,31.959707128,9.116907731,-1.730150664,0.463539688,0.015984961,-0.096615816,69.432309104,-3.286311491,28.396324762,41.035984342,-0.001893010,0.000427233
85.866666667,31.957759072,9.101580959,-1.733377753,0.462912998,0.016029988,-0.097006398,69.344616297,-3.299056794,28.327968160,41.016648137,-0.001899424,0.000394088
85.900000000,31.955766349,9.086280860,-1.736617849,0.462290558,0.016075011,-0.097396197,69.257683899,-3.311731533,28.260127462,40.997556437,-0.001905684,0.000361107
85.933333333,31.953728889,9.071007447,-1.739870924,0.461672444,0.016120022,-0.097785131,69.171523063,-3.324332464,28.192814485,40.978708578,-0.001911791,0.000328291
85.966666667,31.951646621,9.055760735,-1.743136948,0.461058730,0.016165011,-0.098173115,69.086144915,-3.336856321,28.126041070,40.960103845,-0.001917744,0.000295641
86.000000000,31.949519475,9.040540734,-1.746415888,0.460449493,0.016209971,-0.098560063,69.001560557,-3.349299821,28.059819083,40.941741473,-0.001923543,0.000263155
86.033333333,31.947347380,9.025347454,-1.749707707,0.459844807,0.016254892,-0.098945889,68.917781059,-3.361659665,27.994160406,40.923620654,-0.001929189,0.000230834
86.066666667,31.945130263,9.010180906,-1.753012367,0.459244748,0.016299767,-0.099330506,68.834817465,-3.373932534,27.929076935,40.905740529,-0.001934681,0.000198678
86.100000000,31.942868053,8.995041096,-1.756329826,0.458649390,0.016344586,-0.099713826,68.752680782,-3.386115101,27.864580582,40.888100200,-0.001940020,0.000166687
86.133333333,31.940560680,8.979928032,-1.759660040,0.458058809,0.016389340,-0.100095762,68.671381989,-3.398204019,27.800683265,40.870698724,-0.001945205,0.000134861
86.166666667,31.938208070,8.964841719,-1.763002960,0.457473079,0.016434022,-0.100476223,68.590932026,-3.410195934,27.737396909,40.853535117,-0.001950237,0.000103200
86.200000000,31.935810151,8.949782162,-1.766358537,0.456892275,0.016478622,-0.100855120,68.511341799,-3.422087479,27.674733440,40.836608359,-0.001955115,0.000071704
86.233333333,31.933366852,8.934749363,-1.769726716,0.456316472,0.016523132,-0.101232364,68.432622173,-3.433875277,27.612704784,40.819917389,-0.001959839,0.000040373
86.266666667,31.930878099,8.919743326,-1.773107440,0.455745743,0.016567542,-0.101607861,68.354783977,-3.445555945,27.551322863,40.803461114,-0.001964410,0.000009207
86.300000000,31.928343821,8.904764050,-1.776500651,0.455180165,0.016611844,-0.101981523,68.277837995,-3.457126093,27.490599588,40.787238407,-0.001968827,-0.000021795
86.333333333,31.925763944,8.889811535,-1.779906285,0.454619809,0.016656028,-0.102353255,68.201794970,-3.468582325,27.430546860,40.771248110,-0.001973090,-0.000052631
86.366666667,31.923138395,8.874885781,-1.783324277,0.454064751,0.016700087,-0.102722966,68.126665597,-3.479921242,27.371176563,40.755489034,-0.001977200,-0.000083302
86.400000000,31.920467101,8.859986785,-1.786754557,0.453515064,0.016744010,-0.103090562,68.052460528,-3.491139445,27.312500562,40.739959966,-0.001981157,-0.000113809
86.433333333,31.917749989,8.845114543,-1.790197053,0.452970822,0.016787789,-0.103455950,67.979190364,-3.502233532,27.254530698,40.724659666,-0.001984959,-0.000144150
86.466666667,31.914986985,8.830269050,-1.793651691,0.452432098,0.016831415,-0.103819036,67.906865656,-3.513200103,27.197278783,40.709586873,-0.001988609,-0.000174327
86.500000000,31.912178016,8.815450300,-1.797118392,0.451898966,0.016874879,-0.104179725,67.835496903,-3.524035763,27.140756599,40.694740304,-0.001992104,-0.000204338
86.533333333,31.909323008,8.800658287,-1.800597074,0.451371497,0.016918171,-0.104537923,67.765094550,-3.534737119,27.084975891,40.680118658,-0.001995446,-0.000234185
86.566666667,31.906421887,8.785893001,-1.804087653,0.450849765,0.016961284,-0.104893534,67.695668986,-3.545300786,27.029948365,40.665720621,-0.001998634,-0.000263867
86.600000000,31.903474580,8.771154435,-1.807590042,0.450333843,0.017004206,-0.105246463,67.627230544,-3.555723387,26.975685681,40.651544862,-0.002001669,-0.000293384
86.633333333,31.900481011,8.756442578,-1.811104148,0.449823802,0.017046931,-0.105596615,67.559789495,-3.566001554,26.922199452,40.637590043,-0.002004550,-0.000322735
86.666666667,31.897441108,8.741757418,-1.814629878,0.449319715,0.017089447,-0.105943893,67.493356051,-3.576131931,26.869501235,40.623854815,-0.002007278,-0.000351922
86.700000000,31.894354795,8.727098942,-1.818167134,0.448821653,0.017131747,-0.106288202,67.427940358,-3.586111176,26.817602533,40.610337825,-0.002009852,-0.000380944
86.733333333,31.891221998,8.712467138,-1.821715816,0.448329687,0.017173821,-0.106629445,67.363552501,-3.595935962,26.766514786,40.597037715,-0.002012272,-0.000409801
86.766666667,31.888042644,8.697861991,-1.825275821,0.447843889,0.017215659,-0.106967525,67.300202493,-3.605602979,26.716249365,40.583953129,-0.002014539,-0.000438493
86.800000000,31.884816656,8.683283484,-1.828847040,0.447364329,0.017257254,-0.107302347,67.237900283,-3.615108936,26.666817573,40.571082711,-0.002016652,-0.000467020
86.833333333,31.881543961,8.668731601,-1.832429364,0.446891077,0.017298595,-0.107633815,67.176655746,-3.624450563,26.618230636,40.558425111,-0.002018612,-0.000495382
86.866666667,31.878224484,8.654206325,-1.836022679,0.446424204,0.017339673,-0.107961831,67.116478685,-3.633624614,26.570499699,40.545978986,-0.002020418,-0.000523579
86.900000000,31.874858150,8.639707636,-1.839626870,0.445963779,0.017380480,-0.108286300,67.057378829,-3.642627866,26.523635825,40.533743004,-0.002022070,-0.000551612
86.933333333,31.871444884,8.625235514,-1.843241814,0.445509872,0.017421006,-0.108607125,66.999365829,-3.651457124,26.477649984,40.521715845,-0.002023569,-0.000579479
86.966666667,31.867984611,8.610789939,-1.846867391,0.445062551,0.017461242,-0.108924210,66.942449259,-3.660109220,26.432553052,40.509896207,-0.002024914,-0.000607181
87.000000000,31.864477257,8.596370889,-1.850503473,0.444621886,0.017501178,-0.109237460,66.886638612,-3.668581019,26.388355809,40.498282804,-0.002026106,-0.000634719
87.033333333,31.860922746,8.581978340,-1.854149931,0.444187944,0.017540807,-0.109546779,66.831943299,-3.676869416,26.345068927,40.486874372,-0.002027144,-0.000662091
87.066666667,31.857321003,8.567612269,-1.857806633,0.443760792,0.017580118,-0.109852071,66.778372644,-3.684971342,26.302702972,40.475669673,-0.002028028,-0.000689299
87.100000000,31.853671953,8.553272650,-1.861473442,0.443340499,0.017619103,-0.110153243,66.725935889,-3.692883765,26.261268396,40.464667493,-0.002028759,-0.000716341
87.133333333,31.849975521,8.538959458,-1.865150220,0.442927131,0.017657752,-0.110450198,66.674642184,-3.700603691,26.220775532,40.453866652,-0.002029336,-0.000743219
87.166666667,31.846231632,8.524672665,-1.868836824,0.442520754,0.017696057,-0.110742844,66.624500591,-3.708128165,26.181234593,40.443265998,-0.002029759,-0.000769932
87.200000000,31.842440211,8.510412244,-1.872533110,0.442121435,0.017734008,-0.111031086,66.575520079,-3.715454277,26.142655661,40.432864418,-0.002030029,-0.000796479
87.233333333,31.838601182,8.496178165,-1.876238928,0.441729239,0.017771597,-0.111314831,66.527709523,-3.722579159,26.105048687,40.422660836,-0.002030146,-0.000822862
87.266666667,31.834714470,8.481970398,-1.879954128,0.441344230,0.017808814,-0.111593988,66.481077701,-3.729499990,26.068423484,40.412654217,-0.002030109,-0.000849080
87.300000000,31.830780001,8.467788914,-1.883678556,0.440966473,0.017845651,-0.111868464,66.435633295,-3.736213999,26.032789726,40.402843569,-0.002029918,-0.000875133
87.333333333,31.826797698,8.453633678,-1.887412052,0.440596032,0.017882099,-0.112138169,66.391384886,-3.742718463,25.998156938,40.393227948,-0.002029573,-0.000901021
87.366666667,31.822767488,8.439504659,-1.891154458,0.440232971,0.017918149,-0.112403011,66.348340952,-3.749010711,25.964534493,40.383806460,-0.002029075,-0.000926744
87.400000000,31.818689294,8.425401823,-1.894905608,0.439877352,0.017953792,-0.112662901,66.306509870,-3.755088128,25.931931611,40.374578259,-0.002028424,-0.000952302
87.433333333,31.814563041,8.411325136,-1.898665338,0.439529237,0.017989020,-0.112917751,66.265899909,-3.760948154,25.900357351,40.365542558,-0.002027619,-0.000977695
87.466666667,31.810388654,8.397274560,-1.902433477,0.439188688,0.018023823,-0.113167473,66.226519231,-3.766588285,25.869820605,40.356698626,-0.002026660,-0.001002923
87.500000000,31.806166059,8.383250060,-1.906209852,0.438855767,0.018058194,-0.113411980,66.188375890,-3.772006079,25.840330100,40.348045790,-0.002025547,-0.001027986
87.533333333,31.801895180,8.369251598,-1.909994290,0.438530533,0.018092123,-0.113651186,66.151477826,-3.777199154,25.811894385,40.339583440,-0.002024281,-0.001052885
87.566666667,31.797575943,8.355279135,-1.913786610,0.438213046,0.018125603,-0.113885006,66.115832868,-3.782165192,25.784521835,40.331311034,-0.002022862,-0.001077618
87.600000000,31.793208271,8.341332633,-1.917586634,0.437903365,0.018158624,-0.114113357,66.081448730,-3.786901938,25.758220639,40.323228092,-0.002021289,-0.001102186
87.633333333,31.788792091,8.327412050,-1.921394176,0.437601550,0.018191178,-0.114336157,66.048333009,-3.791407205,25.732998802,40.315334207,-0.002019562,-0.001126590
87.666666667,31.784327328,8.313517345,-1.925209051,0.437307658,0.018223258,-0.114553323,66.016493181,-3.795678875,25.708864138,40.307629043,-0.002017681,-0.001150828
87.700000000,31.779813906,8.299648477,-1.929031069,0.437021745,0.018254855,-0.114764776,65.985936607,-3.799714899,25.685824268,40.300112339,-0.002015647,-0.001174902
87.733333333,31.775251751,8.285805402,-1.932860038,0.436743870,0.018285960,-0.114970438,65.956670520,-3.803513297,25.663886611,40.292783909,-0.002013460,-0.001198810
87.766666667,31.770640789,8.271988076,-1.936695765,0.436474087,0.018316565,-0.115170231,65.928702033,-3.807072167,25.643058388,40.285643645,-0.002011119,-0.001222554
87.800000000,31.765980945,8.258196454,-1.940538052,0.436212451,0.018346664,-0.115364078,65.902038132,-3.810389677,25.623346610,40.278691522,-0.002008624,-0.001246133
87.833333333,31.761272144,8.244430491,-1.944386700,0.435959018,0.018376247,-0.115551906,65.876685676,-3.813464073,25.604758082,40.271927595,-0.002005976,-0.001269546
87.866666667,31.756514313,8.230690140,-1.948241507,0.435713839,0.018405307,-0.115733642,65.852651396,-3.816293679,25.587299393,40.265352003,-0.002003174,-0.001292795
87.900000000,31.751707376,8.216975353,-1.952102268,0.435476970,0.018433836,-0.115909215,65.829941889,-3.818876894,25.570976917,40.258964972,-0.002000218,-0.001315879
87.933333333,31.746851260,8.203286083,-1.955968778,0.435248461,0.018461826,-0.116078554,65.808563625,-3.821212202,25.555796809,40.252766817,-0.001997109,-0.001338798
87.966666667,31.741945891,8.189622280,-1.959840827,0.435028363,0.018489271,-0.116241592,65.788522936,-3.823298165,25.541764998,40.246757938,-0.001993846,-0.001361552
88.000000000,31.736991195,8.175983894,-1.963718204,0.434816728,0.018516162,-0.116398261,65.769826021,-3.825133427,25.528887190,40.240938831,-0.001990430,-0.001384141
88.033333333,31.731987098,8.162370874,-1.967600696,0.434613605,0.018542493,-0.116548499,65.752478940,-3.826716717,25.517168860,40.235310080,-0.001986860,-0.001406565
88.066666667,31.726933527,8.148783169,-1.971488086,0.434419043,0.018568256,-0.116692241,65.736487617,-3.828046849,25.506615253,40.229872364,-0.001983136,-0.001428824
88.100000000,31.721830407,8.135220725,-1.975380159,0.434233090,0.018593443,-0.116829428,65.721857836,-3.829122720,25.497231379,40.224626456,-0.001979259,-0.001450919
88.133333333,31.716677665,8.121683491,-1.979276694,0.434055793,0.018618049,-0.116959999,65.708595237,-3.829943316,25.489022011,40.219573226,-0.001975228,-0.001472848
88.166666667,31.711475230,8.108171411,-1.983177469,0.433887199,0.018642065,-0.117083898,65.696705320,-3.830507708,25.481991683,40.214713638,-0.001971044,-0.001494612
88.200000000,31.706223026,8.094684431,-1.987082261,0.433727353,0.018665486,-0.117201069,65.686193441,-3.830815058,25.476144686,40.210048755,-0.001966706,-0.001516211
88.233333333,31.700920981,8.081222494,-1.990990846,0.433576299,0.018688305,-0.117311460,65.677064810,-3.830864614,25.471485071,40.205579739,-0.001962214,-0.001537646
88.266666667,31.695569023,8.067785545,-1.994902996,0.433434082,0.018710514,-0.117415018,65.669324489,-3.830655714,25.468016641,40.201307848,-0.001957569,-0.001558915
88.300000000,31.690167079,8.054373526,-1.998818483,0.433300744,0.018732109,-0.117511696,65.662977394,-3.830187787,25.465742953,40.197234441,-0.001952770,-0.001580020
88.333333333,31.684715077,8.040986379,-2.002737076,0.433176328,0.018753082,-0.117601446,65.658028292,-3.829460353,25.464667314,40.193360978,-0.001947818,-0.001600959
88.366666667,31.679212944,8.027624045,-2.006658545,0.433060873,0.018773428,-0.117684224,65.654481799,-3.828473020,25.464792784,40.189689015,-0.001942712,-0.001621734
88.400000000,31.673660608,8.014286464,-2.010582655,0.432954421,0.018793139,-0.117759986,65.652342380,-3.827225491,25.466122169,40.186220211,-0.001937453,-0.001642344
88.433333333,31.668057997,8.000973576,-2.014509172,0.432857009,0.018812212,-0.117828693,65.651614347,-3.825717558,25.468658023,40.182956324,-0.001932040,-0.001662788
88.466666667,31.662405041,7.987685319,-2.018437860,0.432768678,0.018830639,-0.117890306,65.652301860,-3.823949106,25.472402648,40.179899211,-0.001926473,-0.001683068
88.500000000,31.656701666,7.974421632,-2.022368483,0.432689462,0.018848416,-0.117944789,65.654408921,-3.821920112,25.477358091,40.177050830,-0.001920752,-0.001703183
88.533333333,31.650947803,7.961182452,-2.026300802,0.432619400,0.018865537,-0.117992109,65.657939382,-3.819630644,25.483526145,40.174413237,-0.001914878,-0.001723133
88.566666667,31.645143379,7.947967716,-2.030234578,0.432558525,0.018881996,-0.118032235,65.662896934,-3.817080863,25.490908347,40.171988587,-0.001908851,-0.001742918
88.600000000,31.639288325,7.934777359,-2.034169570,0.432506873,0.018897789,-0.118065137,65.669285113,-3.814271020,25.499505979,40.169779134,-0.001902670,-0.001762538
88.633333333,31.633382570,7.921611316,-2.038105538,0.432464476,0.018912910,-0.118090790,65.677107296,-3.811201461,25.509320070,40.167787226,-0.001896335,-0.001781993
88.666666667,31.627426042,7.908469522,-2.042042238,0.432431367,0.018927356,-0.118109168,65.686366702,-3.807872620,25.520351390,40.166015312,-0.001889847,-0.001801283
88.700000000,31.621418673,7.895351910,-2.045979429,0.432407577,0.018941120,-0.118120250,65.697066390,-3.804285024,25.532600457,40.164465934,-0.001883205,-0.001820408
88.733333333,31.615360392,7.882258414,-2.049916867,0.432393135,0.018954199,-0.118124017,65.709209260,-3.800439290,25.546067533,40.163141727,-0.001876409,-0.001839368
88.766666667,31.609251130,7.869188965,-2.053854308,0.432388072,0.018966588,-0.118120452,65.722798049,-3.796336127,25.560752627,40.162045422,-0.001869460,-0.001858164
88.800000000,31.603090817,7.856143496,-2.057791506,0.432392414,0.018978283,-0.118109540,65.737835333,-3.791976329,25.576655495,40.161179839,-0.001862357,-0.001876794
88.833333333,31.596879384,7.843121936,-2.061728217,0.432406190,0.018989280,-0.118091270,65.754323529,-3.787360785,25.593775639,40.160547890,-0.001855101,-0.001895259
88.866666667,31.590616763,7.830124216,-2.065664196,0.432429425,0.018999575,-0.118065631,65.772264888,-3.782490468,25.612112313,40.160152575,-0.001847691,-0.001913560
88.900000000,31.584302884,7.817150266,-2.069599196,0.432462144,0.019009165,-0.118032617,65.791661499,-3.777366440,25.631664518,40.159996981,-0.001840128,-0.001931695
88.933333333,31.577937680,7.804200014,-2.073532973,0.432504370,0.019018045,-0.117992223,65.812515290,-3.771989850,25.652431010,40.160084281,-0.001832411,-0.001949666
88.966666667,31.571521082,7.791273389,-2.077465279,0.432556127,0.019026213,-0.117944446,65.834828022,-3.766361933,25.674410295,40.160417728,-0.001824540,-0.001967472
89.000000000,31.565053023,7.778370318,-2.081395868,0.432617437,0.019033666,-0.117889288,65.858601295,-3.760484006,25.697600636,40.161000660,-0.001816516,-0.001985112
89.033333333,31.558533436,7.765490727,-2.085324495,0.432688319,0.019040400,-0.117826751,65.883836544,-3.754357474,25.722000053,40.161836491,-0.001808338,-0.002002588
89.066666667,31.551962252,7.752634543,-2.089250914,0.432768793,0.019046413,-0.117756839,65.910535038,-3.747983822,25.747606324,40.162928715,-0.001800006,-0.002019899
89.100000000,31.545339406,7.739801691,-2.093174879,0.432858878,0.019051701,-0.117679562,65.938697885,-3.741364616,25.774416989,40.164280896,-0.001791521,-0.002037045
89.133333333,31.538664831,7.726992097,-2.097096145,0.432958591,0.019056263,-0.117594929,65.968326026,-3.734501504,25.802429351,40.165896675,-0.001782882,-0.002054025
89.166666667,31.531938460,7.714205684,-2.101014466,0.433067948,0.019060097,-0.117502952,65.999420237,-3.727396213,25.831640479,40.167779759,-0.001774090,-0.002070841
89.200000000,31.525160228,7.701442377,-2.104929599,0.433186964,0.019063199,-0.117403647,66.031981132,-3.720050545,25.862047211,40.169933922,-0.001765144,-0.002087492
89.233333333,31.518330070,7.688702097,-2.108841298,0.433315653,0.019065568,-0.117297031,66.066009160,-3.712466380,25.893646156,40.172363004,-0.001756045,-0.002103978
89.266666667,31.511447919,7.675984768,-2.112749321,0.433454028,0.019067202,-0.117183124,66.101504603,-3.704645674,25.926433698,40.175070904,-0.001746792,-0.002120299
89.300000000,31.504513712,7.663290311,-2.116653426,0.433602101,0.019068099,-0.117061948,66.138467582,-3.696590452,25.960405998,40.178061583,-0.001737385,-0.002136456
89.333333333,31.497527384,7.650618648,-2.120553370,0.433759882,0.019068259,-0.116933528,66.176898052,-3.688302815,25.995558998,40.181339055,-0.001727825,-0.002152447
89.366666667,31.490488869,7.637969698,-2.124448911,0.433927381,0.019067680,-0.116797892,66.216795807,-3.679784931,26.031888421,40.184907386,-0.001718111,-0.002168273
89.400000000,31.483398106,7.625343383,-2.128339811,0.434104606,0.019066360,-0.116655067,66.258160475,-3.671039037,26.069389781,40.188770694,-0.001708243,-0.002183934
89.433333333,31.476255030,7.612739621,-2.132225830,0.434291564,0.019064300,-0.116505086,66.300991521,-3.662067438,26.108058380,40.192933142,-0.001698222,-0.002199431
89.466666667,31.469059578,7.600158331,-2.136106730,0.434488262,0.019061497,-0.116347983,66.345288251,-3.652872502,26.147889315,40.197398936,-0.001688048,-0.002214762
89.500000000,31.461811687,7.587599432,-2.139982275,0.434694704,0.019057952,-0.116183794,66.391049804,-3.643456659,26.188877480,40.202172324,-0.001677719,-0.002229929
89.533333333,31.454511295,7.575062840,-2.143852227,0.434910894,0.019053664,-0.116012558,66.438275162,-3.633822404,26.231017573,40.207257589,-0.001667237,-0.002244930
89.566666667,31.447158341,7.562548474,-2.147716355,0.435136835,0.019048633,-0.115834314,66.486963142,-3.623972288,26.274304093,40.212659049,-0.001656602,-0.002259767
89.600000000,31.439752762,7.550056250,-2.151574424,0.435372530,0.019042859,-0.115649106,66.537112404,-3.613908921,26.318731354,40.218381050,-0.001645813,-0.002274438
89.633333333,31.432294498,7.537586084,-2.155426203,0.435617977,0.019036342,-0.115456978,66.588721445,-3.603634967,26.364293478,40.224427967,-0.001634870,-0.002288945
89.666666667,31.424783487,7.525137891,-2.159271462,0.435873177,0.019029082,-0.115257978,66.641788606,-3.593153145,26.410984408,40.230804198,-0.001623774,-0.002303287
89.700000000,31.417219670,7.512711587,-2.163109973,0.436138127,0.019021081,-0.115052154,66.696312069,-3.582466226,26.458797908,40.237514161,-0.001612524,-0.002317464
89.733333333,31.409602986,7.500307085,-2.166941510,0.436412826,0.019012337,-0.114839557,66.752289856,-3.571577028,26.507727566,40.244562289,-0.001601121,-0.002331475
89.766666667,31.401933376,7.487924300,-2.170765847,0.436697268,0.019002853,-0.114620242,66.809719835,-3.560488420,26.557766803,40.251953032,-0.001589563,-0.002345322
89.800000000,31.394210781,7.475563145,-2.174582762,0.436991450,0.018992629,-0.114394261,66.868599717,-3.549203313,26.608908871,40.259690845,-0.001577853,-0.002359004
89.833333333,31.386435142,7.463223533,-2.178392033,0.437295364,0.018981667,-0.114161673,66.928927058,-3.537724665,26.661146865,40.267780193,-0.001565989,-0.002372521
89.866666667,31.378606401,7.450905377,-2.182193440,0.437609004,0.018969968,-0.113922536,66.990699262,-3.526055474,26.714473720,40.276225542,-0.001553971,-0.002385873
89.900000000,31.370724500,7.438608587,-2.185986768,0.437932361,0.018957532,-0.113676911,67.053913577,-3.514198776,26.768882219,40.285031358,-0.001541799,-0.002399060
89.933333333,31.362789382,7.426333077,-2.189771800,0.438265425,0.018944363,-0.113424860,67.118567100,-3.502157647,26.824364998,40.294202102,-0.001529474,-0.002412083
89.966666667,31.354800990,7.414078755,-2.193548323,0.438608187,0.018930461,-0.113166446,67.184656779,-3.489935196,26.880914551,40.303742227,-0.001516996,-0.002424940
90.000000000,31.346759268,7.401845534,-2.197316127,0.438960634,0.018915829,-0.112901736,67.252179409,-3.477534566,26.938523230,40.313656178,-0.001504363,-0.002437632
90.033333333,31.338664159,7.389633323,-2.201075002,0.439322754,0.018900469,-0.112630797,67.321131639,-3.464958933,26.997183256,40.323948383,-0.001491577,-0.002450159
90.066666667,31.330515608,7.377442031,-2.204824742,0.439694533,0.018884383,-0.112353697,67.391509969,-3.452211499,27.056886717,40.334623252,-0.001478638,-0.002462522
90.100000000,31.322313561,7.365271567,-2.208565143,0.440075957,0.018867573,-0.112070508,67.463310755,-3.439295495,27.117625579,40.345685176,-0.001465545,-0.002474719
90.133333333,31.314057962,7.353121841,-2.212296003,0.440467008,0.018850043,-0.111781301,67.536530204,-3.426214177,27.179391685,40.357138519,-0.001452298,-0.002486752
90.166666667,31.305748757,7.340992759,-2.216017123,0.440867671,0.018831794,-0.111486149,67.611164383,-3.412970823,27.242176763,40.368987620,-0.001438898,-0.002498619
90.200000000,31.297385894,7.328884230,-2.219728306,0.441277927,0.018812830,-0.111185127,67.687209214,-3.399568732,27.305972429,40.381236785,-0.001425344,-0.002510322
90.233333333,31.288969318,7.316796162,-2.223429357,0.441697758,0.018793154,-0.110878312,67.764660480,-3.386011224,27.370770194,40.393890286,-0.001411637,-0.002521860
90.266666667,31.280498978,7.304728460,-2.227120084,0.442127142,0.018772769,-0.110565780,67.843513823,-3.372301633,27.436561463,40.406952360,-0.001397776,-0.002533232
90.300000000,31.271974822,7.292681031,-2.230800299,0.442566060,0.018751678,-0.110247610,67.923764747,-3.358443310,27.503337547,40.420427200,-0.001383761,-0.002544440
90.333333333,31.263396797,7.280653782,-2.234469815,0.443014489,0.018729885,-0.109923882,68.005408619,-3.344439618,27.571089659,40.434318960,-0.001369593,-0.002555483
90.366666667,31.254764853,7.268646617,-2.238128447,0.443472406,0.018707393,-0.109594677,68.088440670,-3.330293932,27.639808927,40.448631742,-0.001355271,-0.002566361
90.400000000,31.246078940,7.256659442,-2.241776015,0.443939786,0.018684207,-0.109260076,68.172855997,-3.316009635,27.709486392,40.463369605,-0.001340796,-0.002577074
90.433333333,31.237339007,7.244692162,-2.245412341,0.444416606,0.018660329,-0.108920162,68.258649567,-3.301590119,27.780113016,40.478536551,-0.001326167,-0.002587622
90.466666667,31.228545005,7.232744681,-2.249037247,0.444902838,0.018635764,-0.108575020,68.345816213,-3.287038779,27.851679685,40.494136528,-0.001311384,-0.002598005
90.500000000,31.219696886,7.220816903,-2.252650563,0.445398456,0.018610516,-0.108224734,68.434350639,-3.272359016,27.924177211,40.510173428,-0.001296448,-0.002608223
90.533333333,31.210794601,7.208908731,-2.256252116,0.445903431,0.018584589,-0.107869390,68.524247422,-3.257554232,27.997596341,40.526651081,-0.001281358,-0.002618276
90.566666667,31.201838101,7.197020069,-2.259841742,0.446417735,0.018557987,-0.107509074,68.615501014,-3.242627829,28.071927759,40.543573255,-0.001266115,-0.002628164
90.600000000,31.192827341,7.185150820,-2.263419274,0.446941338,0.018530716,-0.107143873,68.708105738,-3.227583206,28.147162088,40.560943650,-0.001250718,-0.002637888
90.633333333,31.183762274,7.173300886,-2.266984552,0.447474209,0.018502780,-0.106773876,68.802055799,-3.212423761,28.223289897,40.578765902,-0.001235167,-0.002647446
90.666666667,31.174642853,7.161470169,-2.270537417,0.448016316,0.018474182,-0.106399171,68.897345277,-3.197152886,28.300301704,40.597043573,-0.001219463,-0.002656839
90.700000000,31.165469033,7.149658571,-2.274077714,0.448567627,0.018444929,-0.106019846,68.993968133,-3.181773966,28.378187979,40.615780154,-0.001203605,-0.002666068
90.733333333,31.156240769,7.137865994,-2.277605291,0.449128107,0.018415025,-0.105635992,69.091918212,-3.166290377,28.456939150,40.634979061,-0.001187594,-0.002675131
90.766666667,31.146958017,7.126092338,-2.281119998,0.449697724,0.018384475,-0.105247699,69.191189239,-3.150705487,28.536545606,40.654643633,-0.001171429,-0.002684030
90.800000000,31.137620733,7.114337504,-2.284621688,0.450276440,0.018353284,-0.104855058,69.291774826,-3.135022651,28.616997699,40.674777128,-0.001155110,-0.002692763
90.833333333,31.128228874,7.102601393,-2.288110218,0.450864221,0.018321458,-0.104458158,69.393668473,-3.119245214,28.698285749,40.695382724,-0.001138638,-0.002701332
90.866666667,31.118782397,7.090883905,-2.291585448,0.451461029,0.018289001,-0.104057093,69.496863567,-3.103376502,28.780400049,40.716463518,-0.001122012,-0.002709736
90.900000000,31.109281262,7.079184939,-2.295047240,0.452066826,0.018255919,-0.103651953,69.601353386,-3.087419830,28.863330866,40.738022520,-0.001105233,-0.002717974
90.933333333,31.099725426,7.067504396,-2.298495460,0.452681573,0.018222218,-0.103242829,69.707131099,-3.071378493,28.947068447,40.760062652,-0.001088300,-0.002726048
90.966666667,31.090114848,7.055842173,-2.301929977,0.453305232,0.018187904,-0.102829816,69.814189770,-3.055255770,29.031603021,40.782586750,-0.001071213,-0.002733957
91.000000000,31.080449490,7.044198171,-2.305350662,0.453937761,0.018152981,-0.102413003,69.922522359,-3.039054918,29.116924800,40.805597559,-0.001053973,-0.002741701
91.033333333,31.070729311,7.032572288,-2.308757391,0.454579119,0.018117455,-0.101992484,70.032121721,-3.022779174,29.203023987,40.829097734,-0.001036579,-0.002749280
91.066666667,31.060954273,7.020964422,-2.312150042,0.455229265,0.018081333,-0.101568352,70.142980613,-3.006431755,29.289890778,40.853089835,-0.001019032,-0.002756694
91.100000000,31.051124338,7.009374471,-2.315528496,0.455888156,0.018044620,-0.101140698,70.255091689,-2.990015852,29.377515360,40.877576329,-0.001001331,-0.002763943
91.133333333,31.041239468,6.997802332,-2.318892636,0.456555748,0.018007323,-0.100709614,70.368447509,-2.973534633,29.465887921,40.902559588,-0.000983476,-0.002771027
91.166666667,31.031299626,6.986247905,-2.322242350,0.457231998,0.017969447,-0.100275193,70.483040535,-2.956991241,29.554998649,40.928041886,-0.000965468,-0.002777946
91.200000000,31.021304778,6.974711084,-2.325577529,0.457916859,0.017930998,-0.099837528,70.598863136,-2.940388793,29.644837736,40.954025400,-0.000947306,-0.002784700
91.233333333,31.011254886,6.963191769,-2.328898065,0.458610288,0.017891982,-0.099396709,70.715907588,-2.923730376,29.735395379,40.980512209,-0.000928991,-0.002791290
91.266666667,31.001149916,6.951689854,-2.332203856,0.459312236,0.017852407,-0.098952830,70.834166078,-2.907019052,29.826661785,41.007504292,-0.000910522,-0.002797714
91.300000000,30.990989835,6.940205238,-2.335494800,0.460022658,0.017812277,-0.098505980,70.953630701,-2.890257852,29.918627174,41.035003527,-0.000891899,-0.002803973
91.333333333,30.980774608,6.928737816,-2.338770801,0.460741504,0.017771600,-0.098056252,71.074293468,-2.873449777,30.011281777,41.063011690,-0.000873123,-0.002810068
91.366666667,30.970504204,6.917287484,-2.342031763,0.461468728,0.017730381,-0.097603737,71.196146302,-2.856597799,30.104615845,41.091530457,-0.000854193,-0.002815997
91.400000000,30.960178590,6.905854137,-2.345277596,0.462204280,0.017688628,-0.097148524,71.319181046,-2.839704856,30.198619646,41.120561400,-0.000835110,-0.002821762
91.433333333,30.949797735,6.894437673,-2.348508210,0.462948109,0.017646346,-0.096690704,71.443389457,-2.822773855,30.293283469,41.150105988,-0.000815873,-0.002827362
91.466666667,30.939361608,6.883037985,-2.351723521,0.463700166,0.017603542,-0.096230367,71.568763214,-2.805807670,30.388597627,41.180165587,-0.000796482,-0.002832796
91.500000000,30.928870179,6.871654970,-2.354923447,0.464460400,0.017560223,-0.095767602,71.695293917,-2.788809140,30.484552458,41.210741459,-0.000776938,-0.002838066
91.533333333,30.918323420,6.860288521,-2.358107907,0.465228759,0.017516395,-0.095302498,71.822973089,-2.771781072,30.581138329,41.241834760,-0.000757240,-0.002843171
91.566666667,30.907721302,6.848938535,-2.361276825,0.466005190,0.017472065,-0.094835143,71.951792178,-2.754726236,30.678345635,41.273446542,-0.000737389,-0.002848111
91.600000000,30.897063797,6.837604905,-2.364430128,0.466789641,0.017427239,-0.094365625,72.081742558,-2.737647367,30.776164803,41.305577755,-0.000717384,-0.002852886
91.633333333,30.886350879,6.826287526,-2.367567745,0.467582059,0.017381925,-0.093894030,72.212815531,-2.720547166,30.874586292,41.338229239,-0.000697226,-0.002857495
91.666666667,30.875582520,6.814986292,-2.370689608,0.468382389,0.017336128,-0.093420445,72.345002330,-2.703428295,30.973600597,41.371401733,-0.000676913,-0.002861940
91.700000000,30.864758696,6.803701097,-2.373795653,0.469190577,0.017289856,-0.092944957,72.478294119,-2.686293381,31.073198249,41.405095870,-0.000656448,-0.002866220
91.733333333,30.853879383,6.792431836,-2.376885817,0.470006568,0.017243116,-0.092467649,72.612681993,-2.669145014,31.173369817,41.439312176,-0.000635828,-0.002870336
91.766666667,30.842944555,6.781178401,-2.379960041,0.470830306,0.017195913,-0.091988608,72.748156984,-2.651985743,31.274105909,41.474051076,-0.000615055,-0.002874286
91.800000000,30.831954190,6.769940688,-2.383018268,0.471661735,0.017148255,-0.091507915,72.884710060,-2.634818085,31.375397174,41.509312886,-0.000594129,-0.002878071
91.833333333,30.820908265,6.758718588,-2.386060446,0.472500798,0.017100149,-0.091025655,73.022332126,-2.617644514,31.477234306,41.545097820,-0.000573049,-0.002881691
91.866666667,30.809806760,6.747511996,-2.389086523,0.473347439,0.017051602,-0.090541909,73.161014025,-2.600467467,31.579608037,41.581405988,-0.000551815,-0.002885147
91.900000000,30.798649652,6.736320804,-2.392096451,0.474201600,0.017002619,-0.090056759,73.300746544,-2.583289344,31.682509149,41.618237395,-0.000530428,-0.002888437
91.933333333,30.787436923,6.725144906,-2.395090185,0.475063222,0.016953209,-0.089570285,73.441520410,-2.566112504,31.785928467,41.655591943,-0.000508887,-0.002891562
91.966666667,30.776168552,6.713984194,-2.398067681,0.475932247,0.016903378,-0.089082568,73.583326295,-2.548939268,31.889856863,41.693469432,-0.000487192,-0.002894523
92.000000000,30.764844522,6.702838562,-2.401028900,0.476808616,0.016853133,-0.088593686,73.726154816,-2.531771918,31.994285258,41.731869558,-0.000465344,-0.002897318
92.033333333,30.753464814,6.691707903,-2.403973805,0.477692270,0.016802480,-0.088103717,73.869996536,-2.514612696,32.099204621,41.770791915,-0.000443342,-0.002899949
92.066666667,30.742029412,6.680592108,-2.406902359,0.478583149,0.016751426,-0.087612738,74.014841969,-2.497463806,32.204605972,41.810235997,-0.000421187,-0.002902415
92.100000000,30.730538300,6.669491071,-2.409814532,0.479481192,0.016699979,-0.087120826,74.160681575,-2.480327412,32.310480380,41.850201196,-0.000398878,-0.002904715
92.133333333,30.718991462,6.658404683,-2.412710292,0.480386339,0.016648144,-0.086628056,74.307505769,-2.463205638,32.416818965,41.890686804,-0.000376416,-0.002906851
92.166666667,30.707388885,6.647332838,-2.415589613,0.481298529,0.016595930,-0.086134503,74.455304916,-2.446100570,32.523612901,41.931692015,-0.000353799,-0.002908822
92.200000000,30.695730555,6.636275427,-2.418452470,0.482217699,0.016543342,-0.085640239,74.604069336,-2.429014252,32.630853414,41.973215922,-0.000331030,-0.002910628
92.233333333,30.684016458,6.625232344,-2.421298840,0.483143790,0.016490387,-0.085145338,74.753789303,-2.411948693,32.738531781,42.015257522,-0.000308106,-0.002912269
92.266666667,30.672246584,6.614203479,-2.424128703,0.484076737,0.016437073,-0.084649870,74.904455051,-2.394905858,32.846639336,42.057815715,-0.000285029,-0.002913745
92.300000000,30.660420921,6.603188725,-2.426942042,0.485016479,0.016383405,-0.084153908,75.056056767,-2.377887678,32.955167465,42.100889302,-0.000261799,-0.002915056
92.333333333,30.648539459,6.592187974,-2.429738841,0.485962952,0.016329391,-0.083657519,75.208584602,-2.360896039,33.064107610,42.144476992,-0.000238415,-0.002916202
92.366666667,30.636602190,6.581201119,-2.432519088,0.486916095,0.016275038,-0.083160773,75.362028664,-2.343932794,33.173451267,42.188577397,-0.000214877,-0.002917183
92.400000000,30.624609103,6.570228051,-2.435282771,0.487875842,0.016220351,-0.082663737,75.516379026,-2.326999753,33.283189988,42.233189038,-0.000191186,-0.002917999
92.433333333,30.612560193,6.559268662,-2.438029881,0.488842130,0.016165338,-0.082166479,75.671625722,-2.310098690,33.393315381,42.278310341,-0.000167341,-0.002918650
92.466666667,30.600455452,6.548322843,-2.440760414,0.489814894,0.016110006,-0.081669063,75.827758750,-2.293231339,33.503819108,42.323939642,-0.000143342,-0.002919137
92.500000000,30.588294874,6.537390488,-2.443474363,0.490794072,0.016054360,-0.081171554,75.984768074,-2.276399396,33.614692890,42.370075184,-0.000119190,-0.002919458
92.533333333,30.576078455,6.526471487,-2.446171728,0.491779597,0.015998408,-0.080674015,76.142643626,-2.259604522,33.725928502,42.416715124,-0.000094885,-0.002919614
92.566666667,30.563806191,6.515565733,-2.448852509,0.492771404,0.015942155,-0.080176510,76.301375304,-2.242848335,33.837517776,42.463857528,-0.000070425,-0.002919606
92.600000000,30.551478079,6.504673118,-2.451516707,0.493769429,0.015885610,-0.079679100,76.460952976,-2.226132421,33.949452601,42.511500374,-0.000045812,-0.002919432
92.633333333,30.539094116,6.493793533,-2.454164327,0.494773605,0.015828777,-0.079181844,76.621366478,-2.209458325,34.061724922,42.559641556,-0.000021046,-0.002919094
92.666666667,30.526654301,6.482926870,-2.456795374,0.495783867,0.015771664,-0.078684804,76.782605621,-2.192827557,34.174326740,42.608278881,0.000003874,-0.002918591
92.700000000,30.514158635,6.472073021,-2.459409858,0.496800149,0.015714277,-0.078188036,76.944660185,-2.176241589,34.287250114,42.657410071,0.000028948,-0.002917922
92.733333333,30.501607117,6.461231879,-2.462007788,0.497822385,0.015656622,-0.077691598,77.107519923,-2.159701859,34.400487156,42.707032767,0.000054175,-0.002917089
92.766666667,30.488999749,6.450403334,-2.464589176,0.498850507,0.015598706,-0.077195547,77.271174565,-2.143209767,34.514030039,42.757144526,0.000079556,-0.002916091
92.800000000,30.476336533,6.439587280,-2.467154036,0.499884450,0.015540535,-0.076699938,77.435613813,-2.126766678,34.627870988,42.807742825,0.000105091,-0.002914928
92.833333333,30.463617474,6.428783607,-2.469702383,0.500924147,0.015482116,-0.076204824,77.600827349,-2.110373922,34.742002286,42.858825063,0.000130779,-0.002913599
92.866666667,30.450842575,6.417992208,-2.472234236,0.501969529,0.015423454,-0.075710260,77.766804828,-2.094032794,34.856416271,42.910388557,0.000156620,-0.002912106
92.900000000,30.438011842,6.407212976,-2.474749612,0.503020530,0.015364555,-0.075216298,77.933535886,-2.077744555,34.971105338,42.962430549,0.000182616,-0.002910448
92.933333333,30.425125281,6.396445802,-2.477248534,0.504077083,0.015305427,-0.074722988,78.101010138,-2.061510430,35.086061934,43.014948204,0.000208764,-0.002908625
92.966666667,30.412182899,6.385690578,-2.479731023,0.505139119,0.015246075,-0.074230381,78.269217177,-2.045331612,35.201278565,43.067938612,0.000235067,-0.002906638
93.000000000,30.399184704,6.374947198,-2.482197104,0.506206571,0.015186504,-0.073738525,78.438146579,-2.029209260,35.316747789,43.121398789,0.000261523,-0.002904485
93.033333333,30.386130706,6.364215553,-2.484646803,0.507279370,0.015126722,-0.073247470,78.607787899,-2.013144500,35.432462219,43.175325680,0.000288133,-0.002902167
93.066666667,30.373020915,6.353495535,-2.487080147,0.508357449,0.015066734,-0.072757262,78.778130678,-1.997138425,35.548414523,43.229716155,0.000314896,-0.002899684
93.100000000,30.359855342,6.342787038,-2.489497166,0.509440739,0.015006546,-0.072267946,78.949164437,-1.981192095,35.664597420,43.284567018,0.000341813,-0.002897037
93.133333333,30.346633999,6.332089954,-2.491897889,0.510529172,0.014946164,-0.071779569,79.120878684,-1.965306541,35.781003685,43.339874999,0.000368883,-0.002894224
93.166666667,30.333356899,6.321404175,-2.494282349,0.511622679,0.014885594,-0.071292174,79.293262909,-1.949482761,35.897626146,43.395636763,0.000396107,-0.002891246
93.200000000,30.320024057,6.310729595,-2.496650579,0.512721191,0.014824841,-0.070805805,79.466306589,-1.933721720,36.014457680,43.451848909,0.000423485,-0.002888104
93.233333333,30.306635487,6.300066107,-2.499002615,0.513824639,0.014763911,-0.070320503,79.639999188,-1.918024355,36.131491220,43.508507968,0.000451016,-0.002884796
93.266666667,30.293191207,6.289413603,-2.501338492,0.514932955,0.014702811,-0.069836309,79.814330156,-1.902391572,36.248719748,43.565610408,0.000478701,-0.002881324
93.300000000,30.279691232,6.278771978,-2.503658247,0.516046068,0.014641545,-0.069353264,79.989288931,-1.886824247,36.366136298,43.623152632,0.000506540,-0.002877687
93.333333333,30.266135582,6.268141123,-2.505961921,0.517163911,0.014580120,-0.068871408,80.164864939,-1.871323227,36.483733955,43.681130984,0.000534532,-0.002873884
93.366666667,30.252524275,6.257520933,-2.508249554,0.518286413,0.014518540,-0.068390777,80.341047596,-1.855889332,36.601505853,43.739541743,0.000562677,-0.002869917
93.400000000,30.238857332,6.246911302,-2.510521186,0.519413505,0.014456812,-0.067911410,80.517826307,-1.840523349,36.719445175,43.798381132,0.000590976,-0.002865785
93.433333333,30.225134775,6.236312122,-2.512776860,0.520545118,0.014394940,-0.067433343,80.695190466,-1.825226041,36.837545155,43.857645311,0.000619429,-0.002861488
93.466666667,30.211356625,6.225723289,-2.515016621,0.521681182,0.014332931,-0.066956612,80.873129461,-1.809998141,36.955799074,43.917330387,0.000648036,-0.002857026
93.500000000,30.197522906,6.215144696,-2.517240514,0.522821626,0.014270789,-0.066481251,81.051632669,-1.794840358,37.074200262,43.977432407,0.000676796,-0.002852399
93.533333333,30.183633644,6.204576237,-2.519448584,0.523966383,0.014208520,-0.066007293,81.230689460,-1.779753370,37.192742095,44.037947365,0.000705709,-0.002847607
93.566666667,30.169688862,6.194017807,-2.521640879,0.525115380,0.014146130,-0.065534772,81.410289195,-1.764737833,37.311417996,44.098871199,0.000734777,-0.002842650
93.600000000,30.155688588,6.183469301,-2.523817448,0.526268550,0.014083622,-0.065063719,81.590421229,-1.749794373,37.430221435,44.160199794,0.000763997,-0.002837528
93.633333333,30.141632850,6.172930613,-2.525978340,0.527425821,0.014021003,-0.064594166,81.771074912,-1.734923594,37.549145928,44.221928984,0.000793372,-0.002832241
93.666666667,30.127521677,6.162401638,-2.528123606,0.528587123,0.013958277,-0.064126142,81.952239585,-1.720126074,37.668185034,44.284054551,0.000822900,-0.002826789
93.700000000,30.113355098,6.151882272,-2.530253296,0.529752387,0.013895450,-0.063659677,82.133904586,-1.705402366,37.787332359,44.346572227,0.000852582,-0.002821173
93.733333333,30.099133145,6.141372410,-2.532367464,0.530921542,0.013832526,-0.063194799,82.316059247,-1.690752998,37.906581550,44.409477697,0.000882417,-0.002815391
93.766666667,30.084855849,6.130871948,-2.534466163,0.532094518,0.013769511,-0.062731536,82.498692895,-1.676178477,38.025926300,44.472766595,0.000912406,-0.002809444
93.800000000,30.070523244,6.120380780,-2.536549447,0.533271245,0.013706409,-0.062269914,82.681794853,-1.661679284,38.145360342,44.536434510,0.000942548,-0.002803333
93.833333333,30.056135365,6.109898805,-2.538617371,0.534451652,0.013643226,-0.061809961,82.865354439,-1.647255878,38.264877454,44.600476985,0.000972844,-0.002797056
93.866666667,30.041692246,6.099425917,-2.540669991,0.535635669,0.013579965,-0.061351699,83.049360971,-1.632908697,38.384471452,44.664889519,0.001003294,-0.002790615
93.900000000,30.027193924,6.088962013,-2.542707364,0.536823225,0.013516632,-0.060895155,83.233803760,-1.618638156,38.504136195,44.729667565,0.001033897,-0.002784009
93.933333333,30.012640438,6.078506990,-2.544729548,0.538014251,0.013453231,-0.060440352,83.418672116,-1.604444648,38.623865582,44.794806534,0.001064654,-0.002777237
93.966666667,29.998031825,6.068060746,-2.546736602,0.539208676,0.013389767,-0.059987312,83.603955346,-1.590328544,38.743653549,44.860301796,0.001095564,-0.002770301
94.000000000,29.983368127,6.057623176,-2.548728583,0.540406429,0.013326244,-0.059536058,83.789642755,-1.576290197,38.863494075,44.926148680,0.001126628,-0.002763200
94.033333333,29.968649383,6.047194180,-2.550705553,0.541607439,0.013262668,-0.059086611,83.975723647,-1.562329938,38.983381174,44.992342473,0.001157846,-0.002755934
94.066666667,29.953875637,6.036773654,-2.552667572,0.542811637,0.013199042,-0.058638991,84.162187324,-1.548448077,39.103308898,45.058878426,0.001189217,-0.002748503
94.100000000,29.939046931,6.026361497,-2.554614700,0.544018951,0.013135370,-0.058193219,84.349023085,-1.534644907,39.223271337,45.125751748,0.001220742,-0.002740907
94.133333333,29.924163311,6.015957607,-2.556547001,0.545229312,0.013071658,-0.057749313,84.536220231,-1.520920699,39.343262617,45.192957614,0.001252420,-0.002733146
94.166666667,29.909224823,6.005561882,-2.558464536,0.546442647,0.013007910,-0.057307293,84.723768059,-1.507275708,39.463276899,45.260491161,0.001284252,-0.002725220
94.200000000,29.894231512,5.995174223,-2.560367368,0.547658888,0.012944129,-0.056867175,84.911655869,-1.493710169,39.583308379,45.328347490,0.001316238,-0.002717129
94.233333333,29.879183428,5.984794527,-2.562255562,0.548877963,0.012880320,-0.056428977,85.099872957,-1.480224299,39.703351288,45.396521669,0.001348377,-0.002708873
94.266666667,29.864080620,5.974422694,-2.564129181,0.550099802,0.012816487,-0.055992715,85.288408622,-1.466818298,39.823399891,45.465008731,0.001380670,-0.002700452
94.300000000,29.848923138,5.964058624,-2.565988291,0.551324334,0.012752634,-0.055558405,85.477252161,-1.453492349,39.943448486,45.533803675,0.001413116,-0.002691866
94.333333333,29.833711034,5.953702218,-2.567832957,0.552551488,0.012688766,-0.055126063,85.666392872,-1.440246618,40.063491402,45.602901470,0.001445716,-0.002683116
94.366666667,29.818444361,5.943353376,-2.569663244,0.553781195,0.012624885,-0.054695702,85.855820053,-1.427081253,40.183523002,45.672297051,0.001478470,-0.002674200
94.400000000,29.803123172,5.933011998,-2.571479219,0.555013382,0.012560997,-0.054267336,86.045523004,-1.413996388,40.303537680,45.741985324,0.001511377,-0.002665120
94.433333333,29.787747525,5.922677986,-2.573280949,0.556247980,0.012497105,-0.053840980,86.235491023,-1.400992140,40.423529858,45.811961165,0.001544438,-0.002655874
94.466666667,29.772317474,5.912351241,-2.575068500,0.557484918,0.012433213,-0.053416644,86.425713412,-1.388068611,40.543493992,45.882219420,0.001577652,-0.002646464
94.500000000,29.756833079,5.902031665,-2.576841941,0.558724125,0.012369324,-0.052994342,86.616179471,-1.375225889,40.663424564,45.952754907,0.001611020,-0.002636888
94.533333333,29.741294397,5.891719160,-2.578601339,0.559965531,0.012305442,-0.052574085,86.806878504,-1.362464045,40.783316087,46.023562416,0.001644542,-0.002627148
94.566666667,29.725701489,5.881413628,-2.580346762,0.561209065,0.012241572,-0.052155884,86.997799813,-1.349783138,40.903163102,46.094636711,0.001678217,-0.002617243
94.600000000,29.710054418,5.871114973,-2.582078280,0.562454657,0.012177717,-0.051739749,87.188932703,-1.337183212,41.022960175,46.165972528,0.001712046,-0.002607172
94.633333333,29.694353244,5.860823098,-2.583795962,0.563702235,0.012113879,-0.051325690,87.380266481,-1.324664296,41.142701902,46.237564579,0.001746028,-0.002596937
94.666666667,29.678598034,5.850537907,-2.585499876,0.564951730,0.012050064,-0.050913717,87.571790454,-1.312226408,41.262382904,46.309407550,0.001780164,-0.002586537
94.700000000,29.662788851,5.840259302,-2.587190093,0.566203071,0.011986274,-0.050503837,87.763493931,-1.299869551,41.381997829,46.381496102,0.001814454,-0.002575972
94.733333333,29.646925763,5.829987190,-2.588866682,0.567456187,0.011922512,-0.050096059,87.955366222,-1.287593717,41.501541348,46.453824874,0.001848897,-0.002565242
94.766666667,29.631008836,5.819721474,-2.590529714,0.568711008,0.011858783,-0.049690392,88.147396639,-1.275398884,41.621008159,46.526388480,0.001883493,-0.002554347
94.800000000,29.615038142,5.809462060,-2.592179259,0.569967463,0.011795089,-0.049286841,88.339574496,-1.263285019,41.740392981,46.599181515,0.001918244,-0.002543287
94.833333333,29.599013749,5.799208853,-2.593815387,0.571225481,0.011731434,-0.048885415,88.531889107,-1.251252077,41.859690560,46.672198547,0.001953148,-0.002532062
94.866666667,29.582935729,5.788961760,-2.595438170,0.572484993,0.011667822,-0.048486119,88.724329789,-1.239300001,41.978895663,46.745434127,0.001988205,-0.002520672
94.900000000,29.566804156,5.778720686,-2.597047679,0.573745928,0.011604254,-0.048088958,88.916885861,-1.227428723,42.098003078,46.818882783,0.002023417,-0.002509118
94.933333333,29.550619104,5.768485539,-2.598643985,0.575008214,0.011540735,-0.047693940,89.109546642,-1.215638165,42.217007618,46.892539023,0.002058781,-0.002497398
94.966666667,29.534380648,5.758256226,-2.600227160,0.576271782,0.011477268,-0.047301067,89.302301452,-1.203928238,42.335904115,46.966397338,0.002094300,-0.002485513
95.000000000,29.518088865,5.748032655,-2.601797274,0.577536562,0.011413855,-0.046910345,89.495139616,-1.192298841,42.454687421,47.040452195,0.002129972,-0.002473464
95.033333333,29.501743834,5.737814734,-2.603354401,0.578802482,0.011350500,-0.046521778,89.688050456,-1.180749866,42.573352410,47.114698046,0.002165797,-0.002461249
95.066666667,29.485345634,5.727602371,-2.604898611,0.580069473,0.011287206,-0.046135369,89.881023299,-1.169281191,42.691893974,47.189129325,0.002201776,-0.002448870
95.100000000,29.468894346,5.717395476,-2.606429977,0.581337464,0.011223976,-0.045751123,90.074047472,-1.157892690,42.810307025,47.263740447,0.002237909,-0.002436325
95.133333333,29.452390052,5.707193958,-2.607948571,0.582606385,0.011160812,-0.045369040,90.267112304,-1.146584222,42.928586494,47.338525810,0.002274195,-0.002423616
95.166666667,29.435832836,5.696997726,-2.609454465,0.583876165,0.011097718,-0.044989125,90.460207123,-1.135355642,43.046727328,47.413479795,0.002310635,-0.002410742
95.200000000,29.419222782,5.686806693,-2.610947732,0.585146733,0.011034695,-0.044611378,90.653321261,-1.124206792,43.164724492,47.488596769,0.002347229,-0.002397702
95.233333333,29.402559977,5.676620768,-2.612428443,0.586418021,0.010971748,-0.044235803,90.846444050,-1.113137509,43.282572970,47.563871080,0.002383976,-0.002384498
95.266666667,29.385844509,5.666439863,-2.613896671,0.587689956,0.010908879,-0.043862399,91.039564823,-1.102147619,43.400267759,47.639297064,0.002420877,-0.002371129
95.300000000,29.369076466,5.656263889,-2.615352489,0.588962470,0.010846090,-0.043491168,91.232672915,-1.091236943,43.517803875,47.714869039,0.002457931,-0.002357595
95.333333333,29.352255939,5.646092760,-2.616795969,0.590235491,0.010783385,-0.043122111,91.425757659,-1.080405291,43.635176348,47.790581311,0.002495139,-0.002343896
95.366666667,29.335383019,5.635926389,-2.618227183,0.591508949,0.010720765,-0.042755228,91.618808393,-1.069652467,43.752380222,47.866428171,0.002532501,-0.002330032
95.400000000,29.318457800,5.625764688,-2.619646204,0.592782775,0.010658234,-0.042390519,91.811814452,-1.058978268,43.869410558,47.942403895,0.002570016,-0.002316003
95.433333333,29.301480376,5.615607571,-2.621053105,0.594056897,0.010595793,-0.042027984,92.004765175,-1.048382483,43.986262427,48.018502747,0.002607684,-0.002301809
95.466666667,29.284450844,5.605454954,-2.622447957,0.595331246,0.010533446,-0.041667622,92.197649897,-1.037864896,44.102930918,48.094718979,0.002645507,-0.002287450
95.500000000,29.267369299,5.595306751,-2.623830834,0.596605752,0.010471195,-0.041309431,92.390457958,-1.027425281,44.219411130,48.171046828,0.002683483,-0.002272927
95.533333333,29.250235841,5.585162878,-2.625201807,0.597880343,0.010409042,-0.040953411,92.583178694,-1.017063410,44.335698175,48.247480520,0.002721612,-0.002258238
95.566666667,29.233050571,5.575023250,-2.626560949,0.599154951,0.010346990,-0.040599561,92.775801446,-1.006779044,44.451787177,48.324014269,0.002759895,-0.002243384
95.600000000,29.215813589,5.564887785,-2.627908332,0.600429504,0.010285041,-0.040247878,92.968315550,-0.996571942,44.567673272,48.400642278,0.002798332,-0.002228366
95.633333333,29.198524998,5.554756400,-2.629244029,0.601703933,0.010223197,-0.039898360,93.160710346,-0.986441854,44.683351608,48.477358738,0.002836922,-0.002213182
95.666666667,29.181184904,5.544629012,-2.630568111,0.602978167,0.010161461,-0.039551006,93.352975170,-0.976388526,44.798817342,48.554157828,0.002875666,-0.002197833
95.700000000,29.163793411,5.534505539,-2.631880651,0.604252137,0.010099835,-0.039205811,93.545099359,-0.966411700,44.914065641,48.631033718,0.002914564,-0.002182320
95.733333333,29.146350627,5.524385901,-2.633181721,0.605525771,0.010038321,-0.038862774,93.737072252,-0.956511109,45.029091685,48.707980567,0.002953615,-0.002166642
95.766666667,29.128856660,5.514270018,-2.634471392,0.606799000,0.009976922,-0.038521892,93.928883183,-0.946686485,45.143890659,48.784992524,0.002992820,-0.002150798
95.800000000,29.111311621,5.504157808,-2.635749736,0.608071754,0.009915639,-0.038183161,94.120521487,-0.936937551,45.258457760,48.862063727,0.003032178,-0.002134790
95.833333333,29.093715622,5.494049193,-2.637016826,0.609343963,0.009854474,-0.037846577,94.311976499,-0.927264029,45.372788194,48.939188305,0.003071690,-0.002118617
95.866666667,29.076068775,5.483944094,-2.638272731,0.610615555,0.009793430,-0.037512136,94.503237551,-0.917665634,45.486877171,49.016360380,0.003111355,-0.002102279
95.900000000,29.058371194,5.473842433,-2.639517525,0.611886463,0.009732509,-0.037179836,94.694293974,-0.908142078,45.600719914,49.093574060,0.003151174,-0.002085776
95.933333333,29.040622996,5.463744132,-2.640751277,0.613156614,0.009671712,-0.036849671,94.885135099,-0.898693067,45.714311651,49.170823448,0.003191147,-0.002069107
95.966666667,29.022824299,5.453649114,-2.641974060,0.614425939,0.009611043,-0.036521636,95.075750253,-0.889318306,45.827647614,49.248102638,0.003231273,-0.002052274
96.000000000,29.004975220,5.443557303,-2.643185944,0.615694368,0.009550502,-0.036195729,95.266128762,-0.880017493,45.940723047,49.325405714,0.003271553,-0.002035276
96.033333333,28.987075881,5.433468624,-2.644387000,0.616961831,0.009490091,-0.035871943,95.456259949,-0.870790324,46.053533197,49.402726752,0.003311987,-0.002018114
96.066666667,28.969126404,5.423383000,-2.645577298,0.618228257,0.009429813,-0.035550273,95.646133138,-0.861636491,46.166073317,49.480059821,0.003352574,-0.002000786
96.100000000,28.951126911,5.413300359,-2.646756909,0.619493577,0.009369669,-0.035230715,95.835737647,-0.852555682,46.278338665,49.557398982,0.003393314,-0.001983293
96.133333333,28.933077528,5.403220625,-2.647925904,0.620757720,0.009309661,-0.034913263,96.025062792,-0.843547583,46.390324505,49.634738286,0.003434209,-0.001965635
96.166666667,28.914978382,5.393143727,-2.649084352,0.622020616,0.009249791,-0.034597911,96.214097887,-0.834611875,46.502026106,49.712071781,0.003475257,-0.001947813
96.200000000,28.896829600,5.383069590,-2.650232324,0.623282195,0.009190061,-0.034284655,96.402832242,-0.825748238,46.613438740,49.789393503,0.003516458,-0.001929825
96.233333333,28.878631311,5.372998145,-2.651369888,0.624542386,0.009130473,-0.033973487,96.591255166,-0.816956348,46.724557683,49.866697483,0.003557813,-0.001911672
96.266666667,28.860383647,5.362929319,-2.652497115,0.625801121,0.009071027,-0.033664402,96.779355962,-0.808235878,46.835378215,49.943977747,0.003599322,-0.001893355
96.300000000,28.842086740,5.352863041,-2.653614075,0.627058327,0.009011727,-0.033357394,96.967123931,-0.799586499,46.945895621,50.021228310,0.003640984,-0.001874872
96.333333333,28.823740725,5.342799243,-2.654720835,0.628313936,0.008952573,-0.033052457,97.154548368,-0.791007880,47.056105185,50.098443183,0.003682800,-0.001856225
96.366666667,28.805345736,5.332737856,-2.655817465,0.629567876,0.008893567,-0.032749584,97.341618567,-0.782499685,47.166002197,50.175616371,0.003724770,-0.001837413
96.400000000,28.786901912,5.322678810,-2.656904034,0.630820078,0.008834711,-0.032448769,97.528323816,-0.774061580,47.275581947,50.252741870,0.003766893,-0.001818435
96.433333333,28.768409390,5.312622037,-2.657980611,0.632070472,0.008776006,-0.032150004,97.714653399,-0.765693225,47.384839728,50.329813671,0.003809169,-0.001799293
96.466666667,28.749868312,5.302567472,-2.659047262,0.633318986,0.008717454,-0.031853284,97.900596595,-0.757394281,47.493770834,50.406825761,0.003851600,-0.001779986
96.500000000,28.731278819,5.292515048,-2.660104058,0.634565552,0.008659056,-0.031558601,98.086142678,-0.749164404,47.602370561,50.483772117,0.003894183,-0.001760514
96.533333333,28.712641054,5.282464699,-2.661151064,0.635810098,0.008600814,-0.031265948,98.271280918,-0.741003252,47.710634206,50.560646712,0.003936921,-0.001740877
96.566666667,28.693955162,5.272416360,-2.662188349,0.637052554,0.008542730,-0.030975318,98.456000580,-0.732910477,47.818557065,50.637443515,0.003979812,-0.001721075
96.600000000,28.675221291,5.262369968,-2.663215981,0.638292850,0.008484804,-0.030686704,98.640290920,-0.724885733,47.926134435,50.714156485,0.004022857,-0.001701108
96.633333333,28.656439587,5.252325458,-2.664234025,0.639530916,0.008427039,-0.030400098,98.824141194,-0.716928671,48.033361614,50.790779580,0.004066055,-0.001680976
96.666666667,28.637610202,5.242282768,-2.665242550,0.640766680,0.008369435,-0.030115494,99.007540647,-0.709038941,48.140233898,50.867306749,0.004109407,-0.001660679
96.700000000,28.618733287,5.232241837,-2.666241621,0.642000074,0.008311995,-0.029832883,99.190478522,-0.701216191,48.246746585,50.943731937,0.004152912,-0.001640217
96.733333333,28.599808994,5.222202603,-2.667231306,0.643231025,0.008254718,-0.029552258,99.372944051,-0.693460070,48.352894969,51.020049083,0.004196571,-0.001619590
96.766666667,28.580837477,5.212165006,-2.668211669,0.644459464,0.008197608,-0.029273611,99.554926465,-0.685770222,48.458674344,51.096252121,0.004240384,-0.001598798
96.800000000,28.561818895,5.202128986,-2.669182777,0.645685320,0.008140664,-0.028996934,99.736414984,-0.678146294,48.564080003,51.172334981,0.004284350,-0.001577842
96.833333333,28.542753403,5.192094485,-2.670144695,0.646908523,0.008083889,-0.028722220,99.917398823,-0.670587931,48.669107237,51.248291586,0.004328470,-0.001556720
96.866666667,28.523641162,5.182061444,-2.671097489,0.648129002,0.008027284,-0.028449461,100.097867189,-0.663094775,48.773751335,51.324115854,0.004372743,-0.001535434
96.900000000,28.504482333,5.172029806,-2.672041224,0.649346686,0.007970849,-0.028178648,100.277809282,-0.655666470,48.878007584,51.399801698,0.004417170,-0.001513982
96.933333333,28.485277079,5.161999514,-2.672975965,0.650561505,0.007914587,-0.027909774,100.457214295,-0.648302658,48.981871267,51.475343028,0.004461751,-0.001492366
96.966666667,28.466025563,5.151970514,-2.673901775,0.651773388,0.007858497,-0.027642830,100.636071412,-0.641002981,49.085337666,51.550733747,0.004506485,-0.001470584
97.000000000,28.446727953,5.141942749,-2.674818719,0.652982265,0.007802583,-0.027377809,100.814369810,-0.633767081,49.188402058,51.625967752,0.004551373,-0.001448638
97.033333333,28.427384415,5.131916167,-2.675726861,0.654188064,0.007746843,-0.027114702,100.992098657,-0.626594598,49.291059718,51.701038939,0.004596415,-0.001426527
97.066666667,28.407995120,5.121890714,-2.676626266,0.655390714,0.007691281,-0.026853500,101.169247113,-0.619485172,49.393305917,51.775941196,0.004641610,-0.001404251
97.100000000,28.388560238,5.111866337,-2.677516995,0.656590146,0.007635896,-0.026594196,101.345804330,-0.612438446,49.495135923,51.850668407,0.004686958,-0.001381809
97.133333333,28.369079942,5.101842984,-2.678399112,0.657786287,0.007580691,-0.026336781,101.521759448,-0.605454058,49.596544998,51.925214450,0.004732460,-0.001359203
97.166666667,28.349554407,5.091820606,-2.679272681,0.658979068,0.007525666,-0.026081246,101.697101603,-0.598531648,49.697528401,51.999573202,0.004778116,-0.001336432
97.200000000,28.329983808,5.081799152,-2.680137763,0.660168416,0.007470822,-0.025827584,101.871819917,-0.591670858,49.798081386,52.073738532,0.004823926,-0.001313496
97.233333333,28.310368324,5.071778573,-2.680994421,0.661354262,0.007416160,-0.025575785,102.045903505,-0.584871327,49.898199202,52.147704304,0.004869889,-0.001290395
97.266666667,28.290708133,5.061758820,-2.681842717,0.662536533,0.007361681,-0.025325841,102.219341472,-0.578132695,49.997877093,52.221464379,0.004916005,-0.001267129
97.300000000,28.271003418,5.051739847,-2.682682713,0.663715159,0.007307387,-0.025077744,102.392122912,-0.571454602,50.097110298,52.295012614,0.004962276,-0.001243699
97.333333333,28.251254361,5.041721607,-2.683514469,0.664890069,0.007253278,-0.024831485,102.564236909,-0.564836691,50.195894050,52.368342859,0.005008699,-0.001220103
97.366666667,28.231461147,5.031704054,-2.684338048,0.666061190,0.007199355,-0.024587055,102.735672537,-0.558278600,50.294223576,52.441448961,0.005055277,-0.001196342
97.400000000,28.211623962,5.021687144,-2.685153509,0.667228453,0.007145620,-0.024344446,102.906418861,-0.551779973,50.392094099,52.514324762,0.005102008,-0.001172416
97.433333333,28.191742994,5.011670833,-2.685960914,0.668391785,0.007092072,-0.024103649,103.076464932,-0.545340449,50.489500833,52.586964100,0.005148892,-0.001148326
97.466666667,28.171818433,5.001655077,-2.686760323,0.669551115,0.007038714,-0.023864655,103.245799792,-0.538959673,50.586438986,52.659360806,0.005195931,-0.001124070
97.500000000,28.151850470,4.991639835,-2.687551795,0.670706372,0.006985546,-0.023627456,103.414412471,-0.532637286,50.682903762,52.731508709,0.005243122,-0.001099650
97.533333333,28.131839300,4.981625066,-2.688335391,0.671857484,0.006932569,-0.023392042,103.582291988,-0.526372932,50.778890356,52.803401632,0.005290468,-0.001075064
97.566666667,28.111785117,4.971610728,-2.689111170,0.673004379,0.006879784,-0.023158406,103.749427350,-0.520166254,50.874393955,52.875033395,0.005337967,-0.001050314
97.600000000,28.091688117,4.961596784,-2.689879190,0.674146986,0.006827192,-0.022926539,103.915807553,-0.514016898,50.969409741,52.946397811,0.005385619,-0.001025398
97.633333333,28.071548500,4.951583193,-2.690639511,0.675285233,0.006774793,-0.022696431,104.081421578,-0.507924509,51.063932887,53.017488691,0.005433426,-0.001000318
97.666666667,28.051366466,4.941569920,-2.691392192,0.676419048,0.006722589,-0.022468074,104.246258397,-0.501888732,51.157958560,53.088299838,0.005481385,-0.000975073
97.700000000,28.031142216,4.931556927,-2.692137289,0.677548360,0.006670579,-0.022241460,104.410306969,-0.495909216,51.251481916,53.158825053,0.005529499,-0.000949663
97.733333333,28.010875956,4.921544179,-2.692874862,0.678673095,0.006618766,-0.022016579,104.573556238,-0.489985607,51.344498106,53.229058132,0.005577766,-0.000924088
97.766666667,27.990567889,4.911531641,-2.693604968,0.679793183,0.006567150,-0.021793422,104.735995137,-0.484117555,51.437002271,53.298992866,0.005626186,-0.000898347
97.800000000,27.970218225,4.901519278,-2.694327664,0.680908551,0.006515732,-0.021571982,104.897612585,-0.478304709,51.528989546,53.368623040,0.005674761,-0.000872442
97.833333333,27.949827172,4.891507060,-2.695043008,0.682019127,0.006464512,-0.021352249,105.058397489,-0.472546720,51.620455053,53.437942436,0.005723488,-0.000846372
97.866666667,27.929394942,4.881494953,-2.695751056,0.683124838,0.006413491,-0.021134215,105.218338741,-0.466843240,51.711393910,53.506944831,0.005772370,-0.000820138
97.900000000,27.908921746,4.871482926,-2.696451864,0.684225613,0.006362671,-0.020917870,105.377425219,-0.461193921,51.801801222,53.575623997,0.005821405,-0.000793738
97.933333333,27.888407801,4.861470951,-2.697145489,0.685321378,0.006312051,-0.020703207,105.535645787,-0.455598419,51.891672087,53.643973700,0.005870593,-0.000767173
97.966666667,27.867853321,4.851458997,-2.697831987,0.686412062,0.006261633,-0.020490216,105.692989297,-0.450056388,51.981001594,53.711987703,0.005919935,-0.000740443
98.000000000,27.847258527,4.841447037,-2.698511413,0.687497592,0.006211416,-0.020278888,105.849444585,-0.444567485,52.069784822,53.779659763,0.005969431,-0.000713548
98.033333333,27.826623638,4.831435045,-2.699183823,0.688577895,0.006161403,-0.020069216,106.005000471,-0.439131367,52.158016838,53.846983633,0.006019081,-0.000686489
98.066666667,27.805948875,4.821422993,-2.699849272,0.689652898,0.006111593,-0.019861190,106.159645763,-0.433747693,52.245692702,53.913953061,0.006068884,-0.000659264
98.100000000,27.785234464,4.811410858,-2.700507813,0.690722529,0.006061988,-0.019654802,106.313369251,-0.428416124,52.332807463,53.980561788,0.006118840,-0.000631875
98.133333333,27.764480629,4.801398615,-2.701159503,0.691786714,0.006012587,-0.019450043,106.466159713,-0.423136322,52.419356160,54.046803553,0.006168950,-0.000604320
98.166666667,27.743687597,4.791386242,-2.701804394,0.692845381,0.005963392,-0.019246905,106.618005910,-0.417907949,52.505333822,54.112672088,0.006219214,-0.000576601
98.200000000,27.722855600,4.781373716,-2.702442542,0.693898456,0.005914404,-0.019045378,106.768896586,-0.412730670,52.590735465,54.178161121,0.006269631,-0.000548716
98.233333333,27.701984867,4.771361017,-2.703073999,0.694945866,0.005865622,-0.018845455,106.918820472,-0.407604152,52.675556098,54.243264374,0.006320202,-0.000520667
98.266666667,27.681075632,4.761348125,-2.703698818,0.695987539,0.005817048,-0.018647127,107.067766281,-0.402528061,52.759790716,54.307975565,0.006370927,-0.000492453
98.300000000,27.660128130,4.751335021,-2.704317054,0.697023399,0.005768682,-0.018450386,107.215722710,-0.397502066,52.843434304,54.372288406,0.006421805,-0.000464073
98.333333333,27.639142598,4.741321688,-2.704928758,0.698053375,0.005720524,-0.018255222,107.362678442,-0.392525839,52.926481837,54.436196604,0.006472837,-0.000435529
98.366666667,27.618119274,4.731308108,-2.705533982,0.699077392,0.005672577,-0.018061628,107.508622139,-0.387599052,53.008928278,54.499693861,0.006524022,-0.000406820
98.400000000,27.597058400,4.721294266,-2.706132780,0.700095377,0.005624839,-0.017869595,107.653542450,-0.382721377,53.090768577,54.562773874,0.006575361,-0.000377946
98.433333333,27.575960217,4.711280148,-2.706725204,0.701107256,0.005577311,-0.017679115,107.797428006,-0.377892491,53.171997673,54.625430333,0.006626854,-0.000348907
98.466666667,27.554824971,4.701265741,-2.707311303,0.702112955,0.005529995,-0.017490179,107.940267421,-0.373112072,53.252610496,54.687656925,0.006678500,-0.000319703
98.500000000,27.533652908,4.691251031,-2.707891131,0.703112400,0.005482890,-0.017302780,108.082049290,-0.368379796,53.332601959,54.749447330,0.006730300,-0.000290334
98.533333333,27.512444275,4.681236008,-2.708464738,0.704105517,0.005435998,-0.017116908,108.222762192,-0.363695347,53.411966968,54.810795224,0.006782253,-0.000260801
98.566666667,27.491199324,4.671220661,-2.709032175,0.705092232,0.005389318,-0.016932556,108.362394690,-0.359058404,53.490700413,54.871694276,0.006834360,-0.000231102
98.600000000,27.469918306,4.661204981,-2.709593492,0.706072470,0.005342852,-0.016749715,108.500935325,-0.354468654,53.568797174,54.932138151,0.006886620,-0.000201238
98.633333333,27.448601476,4.651188960,-2.710148740,0.707046158,0.005296600,-0.016568377,108.638372623,-0.349925782,53.646252116,54.992120507,0.006939035,-0.000171209
98.666666667,27.427249090,4.641172592,-2.710697968,0.708013219,0.005250562,-0.016388535,108.774695090,-0.345429475,53.723060094,55.051634996,0.006991602,-0.000141016
98.700000000,27.405861405,4.631155870,-2.711241227,0.708973581,0.005204739,-0.016210179,108.909891216,-0.340979423,53.799215949,55.110675268,0.007044324,-0.000110657
98.733333333,27.384438681,4.621138790,-2.711778565,0.709927168,0.005159132,-0.016033303,109.043949471,-0.336575318,53.874714508,55.169234962,0.007097199,-0.000080134
98.766666667,27.362981181,4.611121348,-2.712310032,0.710873905,0.005113740,-0.015857898,109.176858304,-0.332216854,53.949550587,55.227307717,0.007150227,-0.000049445
98.800000000,27.341489168,4.601103543,-2.712835678,0.711813717,0.005068565,-0.015683956,109.308606149,-0.327903725,54.023718988,55.284887161,0.007203409,-0.000018592
98.833333333,27.319962908,4.591085372,-2.713355549,0.712746529,0.005023607,-0.015511468,109.439181417,-0.323635629,54.097214499,55.341966919,0.007256745,0.000012427
98.866666667,27.298402669,4.581066835,-2.713869696,0.713672266,0.004978866,-0.015340429,109.568572504,-0.319412266,54.170031894,55.398540610,0.007310234,0.000043610
98.900000000,27.276808720,4.571047935,-2.714378165,0.714590853,0.004934343,-0.015170829,109.696767782,-0.315233337,54.242165935,55.454601848,0.007363877,0.000074958
98.933333333,27.255181334,4.561028671,-2.714881005,0.715502215,0.004890038,-0.015002660,109.823755607,-0.311098546,54.313611369,55.510144238,0.007417674,0.000106471
98.966666667,27.233520784,4.551009050,-2.715378264,0.716406274,0.004845953,-0.014835916,109.949524312,-0.307007597,54.384362930,55.565161382,0.007471624,0.000138149
99.000000000,27.211827345,4.540989073,-2.715869989,0.717302957,0.004802086,-0.014670587,110.074062213,-0.302960200,54.454415338,55.619646875,0.007525727,0.000169992
99.033333333,27.190101296,4.530968748,-2.716356226,0.718192187,0.004758439,-0.014506668,110.197357604,-0.298956062,54.523763298,55.673594306,0.007579985,0.000202001
99.066666667,27.168342916,4.520948082,-2.716837023,0.719073887,0.004715013,-0.014344150,110.319398758,-0.294994897,54.592401501,55.726997257,0.007634396,0.000234173
99.100000000,27.146552487,4.510927082,-2.717312426,0.719947983,0.004671807,-0.014183025,110.440173930,-0.291076417,54.660324624,55.779849306,0.007688960,0.000266511
99.133333333,27.124730292,4.500905757,-2.717782481,0.720814398,0.004628822,-0.014023287,110.559671351,-0.287200340,54.727527329,55.832144023,0.007743678,0.000299014
99.166666667,27.102876619,4.490884118,-2.718247236,0.721673056,0.004586059,-0.013864927,110.677879235,-0.283366384,54.794004263,55.883874972,0.007798550,0.000331682
99.200000000,27.080991753,4.480862178,-2.718706734,0.722523879,0.004543518,-0.013707939,110.794785771,-0.279574269,54.859750060,55.935035711,0.007853575,0.000364515
99.233333333,27.059075986,4.470839948,-2.719161023,0.723366792,0.004501199,-0.013552315,110.910379131,-0.275823719,54.924759337,55.985619794,0.007908754,0.000397512
99.266666667,27.037129609,4.460817442,-2.719610148,0.724201718,0.004459103,-0.013398048,111.024647461,-0.272114457,54.989026697,56.035620764,0.007964087,0.000430675
99.300000000,27.015152916,4.450794677,-2.720054153,0.725028580,0.004417230,-0.013245130,111.137578889,-0.268446213,55.052546728,56.085032161,0.008019573,0.000464003
99.333333333,26.993146202,4.440771669,-2.720493083,0.725847301,0.004375580,-0.013093555,111.249161521,-0.264818714,55.115314002,56.133847518,0.008075213,0.000497495
99.366666667,26.971109767,4.430748435,-2.720926983,0.726657804,0.004334155,-0.012943315,111.359383439,-0.261231694,55.177323077,56.182060362,0.008131006,0.000531153
99.400000000,26.949043910,4.420724994,-2.721355898,0.727460011,0.004292954,-0.012794404,111.468232706,-0.257684887,55.238568493,56.229664213,0.008186953,0.000564975
99.433333333,26.926948934,4.410701367,-2.721779871,0.728253846,0.004251978,-0.012646814,111.575697360,-0.254178030,55.299044777,56.276652583,0.008243053,0.000598963
99.466666667,26.904825142,4.400677576,-2.722198947,0.729039231,0.004211227,-0.012500539,111.681765419,-0.250710861,55.358746439,56.323018980,0.008299307,0.000633115
99.500000000,26.882672841,4.390653643,-2.722613169,0.729816087,0.004170702,-0.012355571,111.786424877,-0.247283122,55.417667972,56.368756905,0.008355715,0.000667432
99.533333333,26.860492339,4.380629592,-2.723022581,0.730584338,0.004130403,-0.012211905,111.889663706,-0.243894558,55.475803856,56.413859850,0.008412276,0.000701914
99.566666667,26.838283948,4.370605449,-2.723427226,0.731343906,0.004090330,-0.012069532,111.991469856,-0.240544915,55.533148553,56.458321303,0.008468991,0.000736561
99.600000000,26.816047978,4.360581240,-2.723827147,0.732094711,0.004050484,-0.011928447,112.091831253,-0.237233942,55.589696508,56.502134746,0.008525860,0.000771374
99.633333333,26.793784746,4.350556994,-2.724222386,0.732836677,0.004010865,-0.011788643,112.190735800,-0.233961390,55.645442150,56.545293650,0.008582882,0.000806351
99.666666667,26.771494569,4.340532739,-2.724612987,0.733569725,0.003971474,-0.011650113,112.288171378,-0.230727013,55.700379894,56.587791484,0.008640057,0.000841493
99.700000000,26.749177764,4.330508505,-2.724998992,0.734293775,0.003932310,-0.011512852,112.384125844,-0.227530569,55.754504135,56.629621708,0.008697387,0.000876800
99.733333333,26.726834653,4.320484326,-2.725380443,0.735008750,0.003893375,-0.011376851,112.478587030,-0.224371816,55.807809254,56.670777776,0.008754870,0.000912271
99.766666667,26.704465559,4.310460233,-2.725757382,0.735714571,0.003854668,-0.011242106,112.571542747,-0.221250515,55.860289613,56.711253133,0.008812506,0.000947908
99.800000000,26.682070809,4.300436262,-2.726129850,0.736411159,0.003816191,-0.011108610,112.662980780,-0.218166432,55.911939559,56.751041221,0.008870296,0.000983710
99.833333333,26.659650728,4.290412448,-2.726497889,0.737098434,0.003777943,-0.010976356,112.752888893,-0.215119333,55.962753421,56.790135472,0.008928240,0.001019677
99.866666667,26.637205646,4.280388828,-2.726861541,0.737776318,0.003739924,-0.010845339,112.841254822,-0.212108989,56.012725510,56.828529313,0.008986337,0.001055808
99.900000000,26.614735897,4.270365441,-2.727220846,0.738444730,0.003702136,-0.010715552,112.928066283,-0.209135171,56.061850121,56.866216162,0.009044588,0.001092105
99.933333333,26.592241812,4.260342326,-2.727575846,0.739103592,0.003664578,-0.010586989,113.013310964,-0.206197655,56.110121531,56.903189433,0.009102992,0.001128567
99.966666667,26.569723729,4.250319525,-2.727926581,0.739752824,0.003627251,-0.010459645,113.096976531,-0.203296218,56.157534000,56.939442531,0.009161550,0.001165193
100.000000000,26.547181986,4.240297080,-2.728273091,0.740392346,0.003590155,-0.010333514,113.179050624,-0.200430642,56.204081770,56.974968854,0.009220262,0.001201985
100.033333333,26.524616922,4.230275034,-2.728615418,0.741022077,0.003553291,-0.010208589,113.259520860,-0.197600710,56.249759065,57.009761795,0.009279127,0.001238941
100.066666667,26.502028881,4.220253434,-2.728953601,0.741641938,0.003516659,-0.010084866,113.338374829,-0.194806208,56.294560092,57.043814737,0.009338146,0.001276062
100.100000000,26.479418208,4.210232325,-2.729287680,0.742251849,0.003480258,-0.009962337,113.415600097,-0.192046925,56.338479039,57.077121058,0.009397319,0.001313349
100.133333333,26.456785248,4.200211756,-2.729617695,0.742851728,0.003444091,-0.009840999,113.491184206,-0.189322654,56.381510076,57.109674130,0.009456645,0.001350800
100.166666667,26.434130353,4.190191776,-2.729943685,0.743441495,0.003408156,-0.009720844,113.565114671,-0.186633189,56.423647356,57.141467315,0.009516124,0.001388416
100.200000000,26.411453872,4.180172435,-2.730265690,0.744021070,0.003372455,-0.009601869,113.637378982,-0.183978329,56.464885012,57.172493970,0.009575758,0.001426197
100.233333333,26.388756159,4.170153787,-2.730583749,0.744590371,0.003336988,-0.009484067,113.707964605,-0.181357875,56.505217159,57.202747446,0.009635544,0.001464143
100.266666667,26.366037570,4.160135883,-2.730897901,0.745149318,0.003301754,-0.009367433,113.776858978,-0.178771629,56.544637895,57.232221084,0.009695485,0.001502254
100.300000000,26.343298464,4.150118780,-2.731208185,0.745697828,0.003266755,-0.009251962,113.844049516,-0.176219400,56.583141296,57.260908220,0.009755579,0.001540530
100.333333333,26.320539200,4.140102533,-2.731514640,0.746235821,0.003231991,-0.009137649,113.909523605,-0.173700998,56.620721423,57.288802183,0.009815826,0.001578971
100.366666667,26.297760141,4.130087201,-2.731817303,0.746763215,0.003197462,-0.009024488,113.973268608,-0.171216234,56.657372315,57.315896293,0.009876228,0.001617577
100.400000000,26.274961651,4.120072842,-2.732116214,0.747279928,0.003163168,-0.008912475,114.035271860,-0.168764927,56.693087993,57.342183867,0.009936783,0.001656348
100.433333333,26.252144097,4.110059518,-2.732411411,0.747785878,0.003129110,-0.008801605,114.095520670,-0.166346895,56.727862460,57.367658210,0.009997491,0.001695283
100.466666667,26.229307849,4.100047289,-2.732702931,0.748280983,0.003095288,-0.008691873,114.154002322,-0.163961961,56.761689698,57.392312624,0.010058353,0.001734384
100.500000000,26.206453278,4.090036221,-2.732990812,0.748765161,0.003061703,-0.008583273,114.210704072,-0.161609950,56.794563670,57.416140402,0.010119369,0.001773650
100.533333333,26.183580757,4.080026377,-2.733275093,0.749238329,0.003028355,-0.008475803,114.265613150,-0.159290693,56.826478319,57.439134830,0.010180538,0.001813080
100.566666667,26.160690663,4.070017824,-2.733555811,0.749700405,0.002995244,-0.008369456,114.318716758,-0.157004021,56.857427570,57.461289188,0.010241861,0.001852676
100.600000000,26.137783373,4.060010631,-2.733833002,0.750151306,0.002962370,-0.008264229,114.370002075,-0.154749770,56.887405326,57.482596749,0.010303337,0.001892436
100.633333333,26.114859268,4.050004865,-2.734106705,0.750590948,0.002929735,-0.008160116,114.419456249,-0.152527779,56.916405472,57.503050777,0.010364967,0.001932362
100.666666667,26.091918732,4.040000599,-2.734376956,0.751019250,0.002897338,-0.008057114,114.467066402,-0.150337892,56.944421871,57.522644531,0.010426751,0.001972452
100.700000000,26.068962148,4.029997905,-2.734643793,0.751436126,0.002865179,-0.007955218,114.512819631,-0.148179953,56.971448367,57.541371264,0.010488688,0.002012707
100.733333333,26.045989905,4.019996855,-2.734907251,0.751841495,0.002833260,-0.007854425,114.556703003,-0.146053814,56.997478783,57.559224220,0.010550779,0.002053128
100.766666667,26.023002391,4.009997527,-2.735167369,0.752235272,0.002801580,-0.007754729,114.598703559,-0.143959326,57.022506922,57.576196637,0.010613023,0.002093713
100.800000000,25.999999999,3.999999996,-2.735424182,0.752617374,0.002770140,-0.007656128,114.638807519,-0.141897406,57.046524133,57.592283386,0.010675421,0.002134463
100.833333333,25.976983124,3.990004345,-2.735677726,0.752987715,0.002738939,-0.007558621,114.677003817,-0.139861953,57.069536615,57.607467202,0.010737533,0.002175122
100.866666667,25.953952161,3.980010645,-2.735928039,0.753346214,0.002707980,-0.007462180,114.713281084,-0.137849584,57.091545188,57.621735896,0.010798917,0.002215434
100.900000000,25.930907509,3.970018981,-2.736175154,0.753692787,0.002677261,-0.007366797,114.747626364,-0.135863216,57.112537766,57.635088598,0.010859575,0.002255399
100.933333333,25.907849569,3.960029438,-2.736419108,0.754027353,0.002646783,-0.007272457,114.780029504,-0.133900869,57.132513080,57.647516424,0.010919505,0.002295017
100.966666667,25.884778745,3.950042098,-2.736659935,0.754349831,0.002616545,-0.007179145,114.810479675,-0.131962364,57.151466060,57.659013615,0.010978709,0.002334287
101.000000000,25.861695443,3.940057048,-2.736897669,0.754660141,0.002586547,-0.007086848,114.838966191,-0.130047508,57.169391734,57.669574457,0.011037185,0.002373210
101.033333333,25.838600069,3.930074375,-2.737132343,0.754958203,0.002556789,-0.006995553,114.865478509,-0.128156095,57.186285225,57.679193283,0.011094935,0.002411787
101.066666667,25.815493035,3.920094167,-2.737363990,0.755243941,0.002527270,-0.006905247,114.890006225,-0.126287911,57.202141745,57.687864480,0.011151958,0.002450015
101.100000000,25.792374751,3.910116514,-2.737592644,0.755517277,0.002497989,-0.006815917,114.912539080,-0.124442734,57.216956591,57.695582489,0.011208253,0.002487897
101.133333333,25.769245632,3.900141509,-2.737818337,0.755778135,0.002468947,-0.006727553,114.933066954,-0.122620333,57.230725145,57.702341809,0.011263822,0.002525432
101.166666667,25.746106094,3.890169243,-2.738041100,0.756026439,0.002440142,-0.006640143,114.951579869,-0.120820473,57.243442871,57.708136998,0.011318663,0.002562619
101.200000000,25.722956555,3.880199811,-2.738260966,0.756262117,0.002411573,-0.006553675,114.968067990,-0.119042915,57.255105313,57.712962677,0.011372778,0.002599460
101.233333333,25.699797436,3.870233308,-2.738477965,0.756485093,0.002383239,-0.006468139,114.982521620,-0.117287414,57.265708090,57.716813529,0.011426166,0.002635953
101.266666667,25.676629158,3.860269832,-2.738692128,0.756695297,0.002355141,-0.006383524,114.994931205,-0.115553725,57.275246900,57.719684305,0.011478826,0.002672099
101.300000000,25.653452146,3.850309481,-2.738903487,0.756892657,0.002327276,-0.006299821,115.005287333,-0.113841600,57.283717513,57.721569820,0.011530760,0.002707898
101.333333333,25.630266826,3.840352354,-2.739112071,0.757077102,0.002299644,-0.006217018,115.013580732,-0.112150787,57.291115775,57.722464957,0.011581967,0.002743349
101.366666667,25.607073626,3.830398553,-2.739317909,0.757248563,0.002272244,-0.006135107,115.019802269,-0.110481037,57.297437601,57.722364668,0.011632446,0.002778454
101.400000000,25.583872976,3.820448179,-2.739521033,0.757406971,0.002245075,-0.006054077,115.023942953,-0.108832098,57.302678980,57.721263973,0.011682199,0.002813211
101.433333333,25.560665307,3.810501336,-2.739721470,0.757552258,0.002218136,-0.005973919,115.025993935,-0.107203718,57.306835971,57.719157965,0.011731225,0.002847621
101.466666667,25.537451054,3.800558130,-2.739919250,0.757684359,0.002191425,-0.005894624,115.025946505,-0.105595647,57.309904701,57.716041804,0.011779523,0.002881684
101.500000000,25.514230651,3.790618665,-2.740114401,0.757803206,0.002164942,-0.005816182,115.023792093,-0.104007633,57.311881369,57.711910725,0.011827095,0.002915400
101.533333333,25.491004536,3.780683050,-2.740306951,0.757908736,0.002138686,-0.005738585,115.019522271,-0.102439426,57.312762239,57.706760031,0.011873940,0.002948768
101.566666667,25.467773147,3.770751393,-2.740496930,0.758000884,0.002112655,-0.005661823,115.013128748,-0.100890778,57.312543646,57.700585102,0.011920057,0.002981790
101.600000000,25.444536926,3.760823804,-2.740684363,0.758079588,0.002086848,-0.005585888,115.004603377,-0.099361442,57.311221992,57.693381385,0.011965448,0.003014464
101.633333333,25.421296314,3.750900393,-2.740869280,0.758144785,0.002061265,-0.005510771,114.993938149,-0.097851172,57.308793744,57.685144404,0.012010112,0.003046791
101.666666667,25.398051756,3.740981274,-2.741051706,0.758196414,0.002035904,-0.005436464,114.981125194,-0.096359722,57.305255439,57.675869755,0.012054049,0.003078771
101.700000000,25.374803697,3.731066559,-2.741231669,0.758234415,0.002010763,-0.005362957,114.966156784,-0.094886852,57.300603677,57.665553106,0.012097258,0.003110404
101.733333333,25.351552585,3.721156364,-2.741409195,0.758258728,0.001985842,-0.005290243,114.949025329,-0.093432319,57.294835128,57.654190200,0.012139741,0.003141690
101.766666667,25.328298867,3.711250804,-2.741584310,0.758269296,0.001961140,-0.005218313,114.929723380,-0.091995885,57.287946526,57.641776853,0.012181497,0.003172628
101.800000000,25.305042996,3.701349995,-2.741757041,0.758266061,0.001936655,-0.005147160,114.908243626,-0.090577314,57.279934671,57.628308955,0.012222525,0.003203219
101.833333333,25.281785422,3.691454056,-2.741927414,0.758248967,0.001912386,-0.005076774,114.884578898,-0.089176370,57.270796429,57.613782468,0.012262827,0.003233464
101.866666667,25.258526599,3.681563107,-2.742095453,0.758217957,0.001888332,-0.005007148,114.858722163,-0.087792822,57.260528731,57.598193432,0.012302402,0.003263360
101.900000000,25.235266982,3.671677267,-2.742261184,0.758172978,0.001864491,-0.004938274,114.830666531,-0.086426439,57.249128575,57.581537957,0.012341250,0.003292910
101.933333333,25.212007027,3.661796658,-2.742424632,0.758113975,0.001840863,-0.004870145,114.800405249,-0.085076994,57.236593021,57.563812228,0.012379371,0.003322113
101.966666667,25.188747192,3.651921403,-2.742585821,0.758040896,0.001817447,-0.004802752,114.767931703,-0.083744260,57.222919197,57.545012506,0.012416764,0.003350968
102.000000000,25.165487937,3.642051624,-2.742744776,0.757953689,0.001794240,-0.004736087,114.733239420,-0.082428015,57.208104296,57.525135123,0.012453431,0.003379477
102.033333333,25.142229721,3.632187447,-2.742901521,0.757852302,0.001771242,-0.004670144,114.696322063,-0.081128037,57.192145575,57.504176488,0.012489371,0.003407638
102.066666667,25.118973007,3.622328997,-2.743056081,0.757736687,0.001748452,-0.004604914,114.657173438,-0.079844109,57.175040356,57.482133082,0.012524584,0.003435452
102.100000000,25.095718258,3.612476402,-2.743208478,0.757606793,0.001725868,-0.004540391,114.615787487,-0.078576013,57.156786026,57.459001461,0.012559070,0.003462918
102.133333333,25.072465939,3.602629788,-2.743358736,0.757462573,0.001703489,-0.004476566,114.572158292,-0.077323536,57.137380038,57.434778254,0.012592828,0.003490038
102.166666667,25.049216515,3.592789284,-2.743506878,0.757303979,0.001681314,-0.004413432,114.526280072,-0.076086467,57.116819907,57.409460165,0.012625860,0.003516810
102.200000000,25.025970453,3.582955021,-2.743652928,0.757130965,0.001659342,-0.004350983,114.478147188,-0.074864597,57.095103216,57.383043972,0.012658165,0.003543236
102.233333333,25.002728222,3.573127129,-2.743796907,0.756943485,0.001637571,-0.004289211,114.427754136,-0.073657718,57.072227610,57.355526527,0.012689743,0.003569314
102.266666667,24.979490290,3.563305740,-2.743938839,0.756741496,0.001616000,-0.004228108,114.375095554,-0.072465628,57.048190800,57.326904754,0.012720594,0.003595045
102.300000000,24.956257129,3.553490986,-2.744078745,0.756524952,0.001594628,-0.004167668,114.320166216,-0.071288124,57.022990563,57.297175653,0.012750718,0.003620429
102.333333333,24.933029210,3.543683001,-2.744216648,0.756293813,0.001573454,-0.004107884,114.262961035,-0.070125006,56.996624737,57.266336298,0.012780114,0.003645465
102.366666667,24.909807006,3.533881920,-2.744352569,0.756048036,0.001552477,-0.004048749,114.203475064,-0.068976078,56.969091229,57.234383835,0.012808784,0.003670155
102.400000000,24.886590991,3.524087878,-2.744486530,0.755787579,0.001531695,-0.003990257,114.141703492,-0.067841144,56.940388007,57.201315485,0.012836727,0.003694497
102.433333333,24.863381640,3.514301011,-2.744618551,0.755512404,0.001511107,-0.003932399,114.077641647,-0.066720013,56.910513105,57.167128542,0.012863943,0.003718492
102.466666667,24.840179428,3.504521457,-2.744748655,0.755222471,0.001490711,-0.003875170,114.011284996,-0.065612495,56.879464623,57.131820373,0.012890432,0.003742140
102.500000000,24.816984833,3.494749354,-2.744876862,0.754917742,0.001470508,-0.003818563,113.942629144,-0.064518402,56.847240723,57.095388421,0.012916194,0.003765441
102.533333333,24.793798332,3.484984841,-2.745003192,0.754598180,0.001450494,-0.003762571,113.871669834,-0.063437547,56.813839634,57.057830200,0.012941229,0.003788394
102.566666667,24.770620405,3.475228057,-2.745127666,0.754263748,0.001430670,-0.003707188,113.798402946,-0.062369749,56.779259647,57.019143299,0.012965537,0.003811001
102.600000000,24.747451530,3.465479145,-2.745250305,0.753914412,0.001411034,-0.003652408,113.722824499,-0.061314827,56.743499121,56.979325378,0.012989118,0.003833260
102.633333333,24.724292190,3.455738244,-2.745371127,0.753550136,0.001391584,-0.003598223,113.644930651,-0.060272602,56.706556476,56.938374174,0.013011972,0.003855172
102.666666667,24.701142864,3.446005497,-2.745490154,0.753170888,0.001372320,-0.003544629,113.564717695,-0.059242897,56.668430200,56.896287495,0.013034099,0.003876737
102.700000000,24.678004037,3.436281049,-2.745607404,0.752776634,0.001353240,-0.003491617,113.482182064,-0.058225538,56.629118843,56.853063221,0.013055499,0.003897955
102.733333333,24.654876190,3.426565042,-2.745722896,0.752367343,0.001334344,-0.003439183,113.397320330,-0.057220355,56.588621021,56.808699308,0.013076171,0.003918825
102.766666667,24.631759807,3.416857621,-2.745836651,0.751942984,0.001315629,-0.003387320,113.310129199,-0.056227176,56.546935415,56.763193784,0.013096117,0.003939349
102.800000000,24.608655374,3.407158932,-2.745948686,0.751503528,0.001297095,-0.003336022,113.220605517,-0.055245835,56.504060769,56.716544748,0.013115336,0.003959525
102.833333333,24.585563376,3.397469122,-2.746059021,0.751048945,0.001278740,-0.003285283,113.128746269,-0.054276166,56.459995893,56.668750376,0.013133828,0.003979354
102.866666667,24.562484298,3.387788337,-2.746167674,0.750579207,0.001260563,-0.003235097,113.034548574,-0.053318005,56.414739661,56.619808913,0.013151593,0.003998836
102.900000000,24.539418628,3.378116724,-2.746274664,0.750094287,0.001242564,-0.003185458,112.938009692,-0.052371193,56.368291013,56.569718679,0.013168631,0.004017971
102.933333333,24.516366853,3.368454433,-2.746380008,0.749594159,0.001224741,-0.003136360,112.839127019,-0.051435570,56.320648952,56.518478066,0.013184942,0.004036758
102.966666667,24.493329461,3.358801613,-2.746483724,0.749078797,0.001207092,-0.003087798,112.737898088,-0.050510978,56.271812547,56.466085540,0.013200526,0.004055199
103.000000000,24.470306940,3.349158413,-2.746585831,0.748548177,0.001189616,-0.003039766,112.634320569,-0.049597264,56.221780932,56.412539638,0.013215383,0.004073292
103.033333333,24.447299781,3.339524984,-2.746686346,0.748002276,0.001172313,-0.002992257,112.528392273,-0.048694274,56.170553303,56.357838970,0.013229513,0.004091038
103.066666667,24.424308472,3.329901477,-2.746785286,0.747441071,0.001155182,-0.002945268,112.420111144,-0.047801857,56.118128924,56.301982220,0.013242916,0.004108437
103.100000000,24.401333503,3.320288044,-2.746882668,0.746864540,0.001138220,-0.002898791,112.309475265,-0.046919865,56.064507123,56.244968142,0.013255592,0.004125489
103.133333333,24.378375366,3.310684837,-2.746978510,0.746272663,0.001121427,-0.002852821,112.196482856,-0.046048151,56.009687291,56.186795565,0.013267541,0.004142193
103.166666667,24.355434552,3.301092010,-2.747072828,0.745665419,0.001104801,-0.002807354,112.081132276,-0.045186570,55.953668887,56.127463388,0.013278764,0.004158551
103.200000000,24.332511552,3.291509717,-2.747165639,0.745042789,0.001088342,-0.002762383,111.963422018,-0.044334980,55.896451433,56.066970586,0.013289259,0.004174561
103.233333333,24.309606858,3.281938111,-2.747256959,0.744404757,0.001072048,-0.002717903,111.843350715,-0.043493239,55.838034514,56.005316201,0.013299027,0.004190224
103.266666667,24.286720963,3.272377347,-2.747346805,0.743751303,0.001055919,-0.002673909,111.720917135,-0.042661208,55.778417783,55.942499352,0.013308068,0.004205540
103.300000000,24.263854359,3.262827581,-2.747435192,0.743082413,0.001039952,-0.002630397,111.596120185,-0.041838750,55.717600958,55.878519227,0.013316382,0.004220509
103.333333333,24.241007540,3.253288970,-2.747522137,0.742398070,0.001024148,-0.002587359,111.468958907,-0.041025730,55.655583818,55.813375089,0.013323969,0.004235131
103.366666667,24.218180998,3.243761669,-2.747607656,0.741698261,0.001008504,-0.002544793,111.339432482,-0.040222015,55.592366212,55.747066270,0.013330829,0.004249405
103.400000000,24.195375227,3.234245835,-2.747691764,0.740982971,0.000993019,-0.002502691,111.207540227,-0.039427473,55.527948050,55.679592176,0.013336962,0.004263332
103.433333333,24.172590722,3.224741628,-2.747774476,0.740252189,0.000977693,-0.002461050,111.073281595,-0.038641973,55.462329310,55.610952285,0.013342368,0.004276912
103.466666667,24.149827976,3.215249203,-2.747855808,0.739505902,0.000962525,-0.002419865,110.936656177,-0.037865389,55.395510032,55.541146145,0.013347047,0.004290145
103.500000000,24.127087484,3.205768721,-2.747935775,0.738744099,0.000947512,-0.002379130,110.797663701,-0.037097594,55.327490323,55.470173378,0.013350999,0.004303031
103.533333333,24.104369739,3.196300340,-2.748014391,0.737966771,0.000932655,-0.002338841,110.656304033,-0.036338464,55.258270356,55.398033677,0.013354225,0.004315570
103.566666667,24.081675237,3.186844220,-2.748091672,0.737173909,0.000917952,-0.002298992,110.512577172,-0.035587875,55.187850365,55.324726807,0.013356723,0.004327761
103.600000000,24.059004472,3.177400521,-2.748167632,0.736365505,0.000903401,-0.002259580,110.366483257,-0.034845707,55.116230654,55.250252603,0.013358494,0.004339605
103.633333333,24.036357938,3.167969403,-2.748242286,0.735541550,0.000889002,-0.002220599,110.218022564,-0.034111841,55.043411588,55.174610975,0.013359538,0.004351102
103.666666667,24.013736132,3.158551028,-2.748315648,0.734702040,0.000874754,-0.002182046,110.067195503,-0.033386158,54.969393601,55.097801902,0.013359855,0.004362252
103.700000000,23.991139546,3.149145557,-2.748387732,0.733846969,0.000860656,-0.002143914,109.914002623,-0.032668544,54.894177188,55.019825435,0.013359445,0.004373055
103.733333333,23.968568677,3.139753151,-2.748458551,0.732976332,0.000846706,-0.002106200,109.758444609,-0.031958884,54.817762913,54.940681696,0.013358308,0.004383510
103.766666667,23.946024019,3.130373973,-2.748528121,0.732090125,0.000832903,-0.002068899,109.600522283,-0.031257064,54.740151402,54.860370881,0.013356445,0.004393619
103.800000000,23.923506066,3.121008185,-2.748596455,0.731188346,0.000819246,-0.002032006,109.440236602,-0.030562975,54.661343349,54.778893254,0.013353854,0.004403380
103.833333333,23.901015314,3.111655950,-2.748663565,0.730270993,0.000805735,-0.001995518,109.277588662,-0.029876507,54.581339510,54.696249152,0.013350536,0.004412794
103.866666667,23.878552257,3.102317432,-2.748729466,0.729338066,0.000792368,-0.001959430,109.112579694,-0.029197551,54.500140710,54.612438984,0.013346491,0.004421861
103.900000000,23.856117389,3.092992793,-2.748794171,0.728389564,0.000779144,-0.001923737,108.945211066,-0.028526002,54.417747836,54.527463230,0.013341719,0.004430581
103.933333333,23.833711204,3.083682199,-2.748857693,0.727425488,0.000766062,-0.001888435,108.775484282,-0.027861755,54.334161843,54.441322439,0.013336221,0.004438953
103.966666667,23.811334197,3.074385812,-2.748920044,0.726445839,0.000753121,-0.001853521,108.603400982,-0.027204706,54.249383748,54.354017234,0.013329995,0.004446979
104.000000000,23.788986861,3.065103799,-2.748981239,0.725450622,0.000740320,-0.001818989,108.428962945,-0.026554755,54.163414637,54.265548308,0.013323042,0.004454657
104.033333333,23.766669690,3.055836323,-2.749041289,0.724439839,0.000727657,-0.001784837,108.252172084,-0.025911799,54.076255659,54.175916425,0.013315362,0.004461988
104.066666667,23.744383177,3.046583550,-2.749100206,0.723413495,0.000715133,-0.001751058,108.073030449,-0.025275742,53.987908028,54.085122420,0.013306956,0.004468972
104.100000000,23.722127816,3.037345645,-2.749158005,0.722371595,0.000702745,-0.001717651,107.891540226,-0.024646485,53.898373027,53.993167200,0.013297822,0.004475609
104.133333333,23.699904098,3.028122773,-2.749214695,0.721314146,0.000690493,-0.001684609,107.707703739,-0.024023933,53.807651999,53.900051740,0.013287961,0.004481898
104.166666667,23.677712517,3.018915101,-2.749270291,0.720241155,0.000678376,-0.001651931,107.521523447,-0.023407991,53.715746357,53.805777090,0.013277373,0.004487841
104.200000000,23.655553563,3.009722795,-2.749324803,0.719152630,0.000666392,-0.001619611,107.333001945,-0.022798566,53.622657577,53.710344368,0.013266059,0.004493436
104.233333333,23.633427730,3.000546021,-2.749378245,0.718048580,0.000654541,-0.001587646,107.142141965,-0.022195566,53.528387201,53.613754764,0.013254017,0.004498684
104.266666667,23.611335507,2.991384946,-2.749430626,0.716929015,0.000642822,-0.001556032,106.948946375,-0.021598902,53.432936837,53.516009538,0.013241248,0.004503585
104.300000000,23.589277386,2.982239736,-2.749481960,0.715793945,0.000631234,-0.001524765,106.753418180,-0.021008484,53.336308158,53.417110021,0.013227753,0.004508139
104.333333333,23.567253856,2.973110558,-2.749532258,0.714643384,0.000619775,-0.001493841,106.555560520,-0.020424225,53.238502904,53.317057616,0.013213530,0.004512345
104.366666667,23.545265408,2.963997579,-2.749581530,0.713477342,0.000608445,-0.001463257,106.355376672,-0.019846039,53.139522877,53.215853795,0.013198580,0.004516205
104.400000000,23.523312530,2.954900967,-2.749629789,0.712295834,0.000597242,-0.001433010,106.152870049,-0.019273839,53.039369949,53.113500100,0.013182903,0.004519717
104.433333333,23.501395711,2.945820888,-2.749677045,0.711098875,0.000586166,-0.001403094,105.948044200,-0.018707544,52.938046054,53.009998146,0.013166500,0.004522882
104.466666667,23.479515439,2.936757511,-2.749723310,0.709886478,0.000575216,-0.001373507,105.740902811,-0.018147070,52.835553194,52.905349618,0.013149369,0.004525700
104.500000000,23.457672201,2.927711002,-2.749768594,0.708658662,0.000564391,-0.001344246,105.531449704,-0.017592337,52.731893435,52.799556269,0.013131511,0.004528171
104.533333333,23.435866484,2.918681530,-2.749812908,0.707415443,0.000553689,-0.001315306,105.319688835,-0.017043264,52.627068910,52.692619925,0.013112927,0.004530294
104.566666667,23.414098774,2.909669261,-2.749856263,0.706156838,0.000543110,-0.001286684,105.105624299,-0.016499773,52.521081817,52.584542482,0.013093615,0.004532070
104.600000000,23.392369556,2.900674365,-2.749898669,0.704882867,0.000532653,-0.001258377,104.889260326,-0.015961786,52.413934420,52.475325906,0.013073577,0.004533500
104.633333333,23.370679315,2.891697009,-2.749940137,0.703593550,0.000522317,-0.001230382,104.670601281,-0.015429228,52.305629048,52.364972232,0.013052811,0.004534582
104.666666667,23.349028534,2.882737361,-2.749980677,0.702288907,0.000512101,-0.001202694,104.449651666,-0.014902023,52.196168098,52.253483569,0.013031318,0.004535317
104.700000000,23.327417698,2.873795588,-2.750020299,0.700968961,0.000502004,-0.001175312,104.226416121,-0.014380097,52.085554028,52.140862092,0.013009099,0.004535704
104.733333333,23.305847287,2.864871859,-2.750059014,0.699633733,0.000492025,-0.001148230,104.000899417,-0.013863377,51.973789368,52.027110050,0.012986152,0.004535745
104.766666667,23.284317783,2.855966342,-2.750096831,0.698283246,0.000482163,-0.001121447,103.773106467,-0.013351793,51.860876708,51.912229759,0.012962478,0.004535438
104.800000000,23.262829668,2.847079204,-2.750133760,0.696917526,0.000472417,-0.001094958,103.543042316,-0.012845273,51.746818709,51.796223607,0.012938078,0.004534785
104.833333333,23.241383419,2.838210615,-2.750169812,0.695536598,0.000462787,-0.001068761,103.310712145,-0.012343749,51.631618094,51.679094051,0.012912950,0.004533784
104.866666667,23.219979517,2.829360740,-2.750204995,0.694140487,0.000453270,-0.001042853,103.076121274,-0.011847152,51.515277653,51.560843621,0.012887096,0.004532436
104.900000000,23.198618439,2.820529750,-2.750239319,0.692729221,0.000443868,-0.001017230,102.839275156,-0.011355414,51.397800243,51.441474913,0.012860514,0.004530740
104.933333333,23.177300662,2.811717810,-2.750272794,0.691302828,0.000434578,-0.000991890,102.600179381,-0.010868471,51.279188785,51.320990596,0.012833206,0.004528698
104.966666667,23.156026661,2.802925090,-2.750305429,0.689861336,0.000425399,-0.000966828,102.358839675,-0.010386256,51.159446268,51.199393407,0.012805170,0.004526308
105.000000000,23.134796912,2.794151757,-2.750337234,0.688404775,0.000416331,-0.000942043,102.115261900,-0.009908706,51.038575746,51.076686154,0.012776407,0.004523571
105.033333333,23.113611887,2.785397978,-2.750368217,0.686933175,0.000407373,-0.000917531,101.869452053,-0.009435758,50.916580337,50.952871716,0.012746918,0.004520487
105.066666667,23.092472061,2.776663921,-2.750398388,0.685446569,0.000398524,-0.000893290,101.621416269,-0.008967351,50.793463230,50.827953039,0.012716701,0.004517056
105.100000000,23.071377904,2.767949753,-2.750427755,0.683944989,0.000389783,-0.000869316,101.371160817,-0.008503422,50.669227674,50.701933143,0.012685758,0.004513278
105.133333333,23.050329886,2.759255641,-2.750456328,0.682428467,0.000381150,-0.000845606,101.118692102,-0.008043912,50.543876989,50.574815113,0.012654087,0.004509153
105.166666667,23.029328478,2.750581753,-2.750484114,0.680897039,0.000372622,-0.000822158,100.864016666,-0.007588763,50.417414557,50.446602108,0.012621690,0.004504680
105.200000000,23.008374146,2.741928256,-2.750511124,0.679350738,0.000364200,-0.000798969,100.607141185,-0.007137916,50.289843830,50.317297354,0.012588565,0.004499860
105.233333333,22.987467359,2.733295316,-2.750537365,0.677789602,0.000355883,-0.000776036,100.348072473,-0.006691315,50.161168324,50.186904149,0.012554714,0.004494693
105.266666667,22.966608580,2.724683099,-2.750562846,0.676213667,0.000347669,-0.000753357,100.086817478,-0.006248902,50.031391620,50.055425858,0.012520135,0.004489179
105.300000000,22.945798276,2.716091773,-2.750587575,0.674622971,0.000339558,-0.000730927,99.823383285,-0.005810624,49.900517367,49.922865919,0.012484830,0.004483318
105.333333333,22.925036909,2.707521503,-2.750611561,0.673017552,0.000331550,-0.000708746,99.557777115,-0.005376425,49.768549279,49.789227836,0.012448797,0.004477109
105.366666667,22.904324940,2.698972456,-2.750634811,0.671397451,0.000323642,-0.000686809,99.290006323,-0.004946252,49.635491138,49.654515186,0.012412038,0.004470554
105.400000000,22.883662831,2.690444796,-2.750657335,0.669762707,0.000315835,-0.000665116,99.020078403,-0.004520054,49.501346790,49.518731613,0.012374551,0.004463651
105.433333333,22.863051039,2.681938690,-2.750679140,0.668113362,0.000308127,-0.000643662,98.748000980,-0.004097778,49.366120148,49.381880832,0.012336338,0.004456401
105.466666667,22.842490023,2.673454302,-2.750700233,0.666449458,0.000300518,-0.000622445,98.473781819,-0.003679374,49.229815191,49.243966629,0.012297397,0.004448804
105.500000000,22.821980239,2.664991797,-2.750720624,0.664771038,0.000293007,-0.000601463,98.197428820,-0.003264791,49.092435965,49.104992855,0.012257730,0.004440860
105.533333333,22.801522142,2.656551341,-2.750740318,0.663078147,0.000285593,-0.000580713,97.918950017,-0.002853982,48.953986582,48.964963435,0.012217336,0.004432568
105.566666667,22.781116184,2.648133098,-2.750759326,0.661370830,0.000278275,-0.000560193,97.638353581,-0.002446897,48.814471220,48.823882361,0.012176214,0.004423929
105.600000000,22.760762818,2.639737230,-2.750777653,0.659649131,0.000271053,-0.000539901,97.355647819,-0.002043489,48.673894124,48.681753696,0.012134366,0.004414944
105.633333333,22.740462494,2.631363903,-2.750795307,0.657913099,0.000263925,-0.000519833,97.070841173,-0.001643712,48.532259603,48.538581570,0.012091790,0.004405611
105.666666667,22.720215660,2.623013279,-2.750812297,0.656162780,0.000256891,-0.000499987,96.783942221,-0.001247519,48.389572034,48.394370186,0.012048488,0.004395931
105.700000000,22.700022763,2.614685522,-2.750828628,0.654398224,0.000249950,-0.000480361,96.494959676,-0.000854867,48.245835862,48.249123813,0.012004459,0.004385903
105.733333333,22.679884249,2.606380794,-2.750844310,0.652619479,0.000243102,-0.000460953,96.203902388,-0.000465711,48.101055596,48.102846791,0.011959702,0.004375529
105.766666667,22.659800562,2.598099257,-2.750859348,0.650826596,0.000236344,-0.000441760,95.910779342,-0.000080007,47.955235812,47.955543530,0.011914219,0.004364807
105.800000000,22.639772144,2.589841074,-2.750873750,0.649019626,0.000229678,-0.000422781,95.615599659,0.000302288,47.808381152,47.807218506,0.011868008,0.004353738
105.833333333,22.619799434,2.581606405,-2.750887522,0.647198622,0.000223101,-0.000404011,95.318372595,0.000681215,47.660496326,47.657876269,0.011821071,0.004342322
105.866666667,22.599882873,2.573395412,-2.750900673,0.645363635,0.000216614,-0.000385450,95.019107542,0.001056815,47.511586108,47.507521434,0.011773407,0.004330559
105.900000000,22.580022896,2.565208255,-2.750913209,0.643514721,0.000210215,-0.000367096,94.717814028,0.001429130,47.361655341,47.356158687,0.011725015,0.004318449
105.933333333,22.560219939,2.557045094,-2.750925136,0.641651934,0.000203904,-0.000348945,94.414501717,0.001798198,47.210708932,47.203792785,0.011675897,0.004305991
105.966666667,22.540474436,2.548906090,-2.750936462,0.639775330,0.000197679,-0.000330996,94.109180407,0.002164060,47.058751857,47.050428550,0.011626052,0.004293187
106.000000000,22.520786817,2.540791401,-2.750947193,0.637884965,0.000191541,-0.000313246,93.801860034,0.002526752,46.905789156,46.896070878,0.011575479,0.004280035
106.033333333,22.501157513,2.532701186,-2.750957335,0.635980897,0.000185488,-0.000295694,93.492550667,0.002886314,46.751825937,46.740724730,0.011524180,0.004266536
106.066666667,22.481586950,2.524635604,-2.750966896,0.634063185,0.000179519,-0.000278337,93.181262513,0.003242782,46.596867375,46.584395137,0.011472154,0.004252690
106.100000000,22.462075556,2.516594812,-2.750975882,0.632131886,0.000173635,-0.000261173,92.868005913,0.003596192,46.440918710,46.427087202,0.011419400,0.004238497
106.133333333,22.442623754,2.508578967,-2.750984299,0.630187063,0.000167833,-0.000244201,92.552791344,0.003946581,46.283985250,46.268806094,0.011365920,0.004223956
106.166666667,22.423231966,2.500588227,-2.750992153,0.628228775,0.000162114,-0.000227417,92.235629419,0.004293983,46.126072369,46.109557051,0.011311713,0.004209069
106.200000000,22.403900612,2.492622747,-2.750999451,0.626257085,0.000156477,-0.000210821,91.916530888,0.004638433,45.967185506,45.949345381,0.011256778,0.004193834
106.233333333,22.384630110,2.484682683,-2.751006199,0.624272055,0.000150921,-0.000194409,91.595506633,0.004979964,45.807330170,45.788176462,0.011201117,0.004178252
106.266666667,22.365420875,2.476768190,-2.751012404,0.622273750,0.000145445,-0.000178181,91.272567674,0.005318611,45.646511934,45.626055740,0.011144729,0.004162323
106.300000000,22.346273322,2.468879422,-2.751018070,0.620262234,0.000140048,-0.000162134,90.947725167,0.005654405,45.484736439,45.462988729,0.011087614,0.004146046
106.333333333,22.327187862,2.461016533,-2.751023205,0.618237572,0.000134731,-0.000146266,90.620990403,0.005987378,45.322009390,45.298981012,0.011029771,0.004129423
106.366666667,22.308164905,2.453179678,-2.751027813,0.616199832,0.000129491,-0.000130575,90.292374807,0.006317563,45.158336563,45.134038243,0.010971202,0.004112452
106.400000000,22.289204858,2.445369007,-2.751031902,0.614149079,0.000124329,-0.000115059,89.961889942,0.006644990,44.993723798,44.968166144,0.010911906,0.004095134
106.433333333,22.270308127,2.437584674,-2.751035476,0.612085384,0.000119244,-0.000099717,89.629547506,0.006969689,44.828177001,44.801370504,0.010851883,0.004077469
106.466666667,22.251475114,2.429826829,-2.751038542,0.610008814,0.000114235,-0.000084546,89.295359331,0.007291691,44.661702147,44.633657183,0.010791132,0.004059457
106.500000000,22.232706220,2.422095623,-2.751041106,0.607919440,0.000109301,-0.000069545,88.959337386,0.007611023,44.494305277,44.465032109,0.010729655,0.004041098
106.533333333,22.214001844,2.414391206,-2.751043172,0.605817332,0.000104442,-0.000054713,88.621493775,0.007927716,44.325992496,44.295501279,0.010667451,0.004022391
106.566666667,22.195362383,2.406713728,-2.751044746,0.603702563,0.000099657,-0.000040046,88.281840739,0.008241797,44.156769980,44.125070759,0.010604520,0.004003338
106.600000000,22.176788229,2.399063337,-2.751045835,0.601575205,0.000094946,-0.000025543,87.940390653,0.008553294,43.986643969,43.953746684,0.010540861,0.003983937
106.633333333,22.158279775,2.391440182,-2.751046443,0.599435332,0.000090307,-0.000011204,87.597156027,0.008862234,43.815620771,43.781535255,0.010476476,0.003964189
106.666666667,22.139837410,2.383844408,-2.751046575,0.597283018,0.000085740,0.000002975,87.252149508,0.009168644,43.643706761,43.608442747,0.010411364,0.003944094
106.700000000,22.121461521,2.376276163,-2.751046238,0.595118339,0.000081245,0.000016995,86.905383877,0.009472549,43.470908379,43.434475499,0.010345525,0.003923652
106.733333333,22.103152491,2.368735593,-2.751045436,0.592941371,0.000076820,0.000030858,86.556872053,0.009773975,43.297232133,43.259639920,0.010278959,0.003902862
106.766666667,22.084910704,2.361222842,-2.751044175,0.590752191,0.000072465,0.000044564,86.206627089,0.010072948,43.122684599,43.083942490,0.010211666,0.003881725
106.800000000,22.066736537,2.353738054,-2.751042460,0.588550877,0.000068180,0.000058117,85.854662172,0.010369493,42.947272418,42.907389754,0.010143645,0.003860242
106.833333333,22.048630369,2.346281374,-2.751040295,0.586337509,0.000063964,0.000071517,85.500990628,0.010663632,42.771002299,42.729988328,0.010074898,0.003838411
106.866666667,22.030592574,2.338852942,-2.751037687,0.584112165,0.000059815,0.000084766,85.145625915,0.010955391,42.593881018,42.551744897,0.010005424,0.003816232
106.900000000,22.012623524,2.331452902,-2.751034639,0.581874928,0.000055734,0.000097866,84.788581629,0.011244793,42.415915416,42.372666213,0.009935223,0.003793707
106.933333333,21.994723587,2.324081394,-2.751031157,0.579625877,0.000051721,0.000110819,84.429871501,0.011531859,42.237112403,42.192759098,0.009864295,0.003770835
106.966666667,21.976893131,2.316738559,-2.751027246,0.577365097,0.000047773,0.000123625,84.069509396,0.011816614,42.057478955,42.012030441,0.009792640,0.003747615
107.000000000,21.959132520,2.309424534,-2.751022911,0.575092670,0.000043891,0.000136287,83.707509316,0.012099078,41.877022115,41.830487201,0.009720258,0.003724048
107.033333333,21.941442114,2.302139460,-2.751018156,0.572808681,0.000040074,0.000148806,83.343885399,0.012379273,41.695748994,41.648136405,0.009647148,0.003700134
107.066666667,21.923822274,2.294883472,-2.751012986,0.570513216,0.000036322,0.000161183,82.978651917,0.012657221,41.513666769,41.464985148,0.009573312,0.003675873
107.100000000,21.906273353,2.287656709,-2.751007406,0.568206359,0.000032633,0.000173421,82.611823279,0.012932943,41.330782683,41.281040596,0.009498749,0.003651265
107.133333333,21.888795706,2.280459305,-2.751001421,0.565888198,0.000029007,0.000185520,82.243414027,0.013206458,41.147104047,41.096309980,0.009423459,0.003626309
107.166666667,21.871389684,2.273291396,-2.750995034,0.563558822,0.000025444,0.000197482,81.873438841,0.013477786,40.962638240,40.910800601,0.009347442,0.003601006
107.200000000,21.854055633,2.266153114,-2.750988251,0.561218318,0.000021944,0.000209309,81.501912537,0.013746948,40.777392706,40.724519831,0.009270698,0.003575357
107.233333333,21.836793898,2.259044594,-2.750981077,0.558866777,0.000018504,0.000221002,81.128850063,0.014013962,40.591374958,40.537475105,0.009193227,0.003549360
107.266666667,21.819604822,2.251965967,-2.750973514,0.556504289,0.000015125,0.000232562,80.754266506,0.014278847,40.404592574,40.349673932,0.009115029,0.003523015
107.300000000,21.802488744,2.244917364,-2.750965569,0.554130946,0.000011807,0.000243991,80.378177087,0.014541622,40.217053201,40.161123886,0.009036104,0.003496324
107.333333333,21.785445999,2.237898914,-2.750957245,0.551746839,0.000008548,0.000255290,80.000597161,0.014802305,40.028764551,39.971832610,0.008956452,0.003469286
107.366666667,21.768476921,2.230910748,-2.750948547,0.549352064,0.000005348,0.000266460,79.621542223,0.015060913,39.839734405,39.781807817,0.008876073,0.003441900
107.400000000,21.751581840,2.223952993,-2.750939478,0.546946712,0.000002207,0.000277504,79.241027898,0.015317464,39.649970611,39.591057287,0.008794967,0.003414167
107.433333333,21.734761083,2.217025775,-2.750930044,0.544530880,-0.000000876,0.000288421,78.859069951,0.015571975,39.459481081,39.399588869,0.008713134,0.003386087
107.466666667,21.718014975,2.210129222,-2.750920248,0.542104664,-0.000003902,0.000299215,78.475684279,0.015824463,39.268273799,39.207410480,0.008630574,0.003357660
107.500000000,21.701343836,2.203263457,-2.750910094,0.539668160,-0.000006871,0.000309885,78.090886916,0.016074944,39.076356812,39.014530104,0.008547287,0.003328886
107.533333333,21.684747985,2.196428604,-2.750899587,0.537221467,-0.000009784,0.000320433,77.704694033,0.016323434,38.883738236,38.820955797,0.008463273,0.003299764
107.566666667,21.668227737,2.189624787,-2.750888730,0.534764682,-0.000012642,0.000330861,77.317121933,0.016569949,38.690426254,38.626695679,0.008378532,0.003270295
107.600000000,21.651783403,2.182852127,-2.750877527,0.532297905,-0.000015444,0.000341170,76.928187058,0.016814505,38.496429115,38.431757943,0.008293064,0.003240480
107.633333333,21.635415293,2.176110744,-2.750865983,0.529821237,-0.000018192,0.000351361,76.537905983,0.017057116,38.301755138,38.236150846,0.008206869,0.003210317
107.666666667,21.619123712,2.169400759,-2.750854102,0.527334779,-0.000020885,0.000361435,76.146295420,0.017297797,38.106412705,38.039882715,0.008119947,0.003179806
107.700000000,21.602908962,2.162722288,-2.750841886,0.524838633,-0.000023525,0.000371394,75.753372215,0.017536564,37.910410268,37.842961947,0.008032298,0.003148949
107.733333333,21.586771343,2.156075451,-2.750829341,0.522332903,-0.000026112,0.000381238,75.359153351,0.017773429,37.713756347,37.645397004,0.007943922,0.003117745
107.766666667,21.570711150,2.149460362,-2.750816469,0.519817692,-0.000028647,0.000390970,74.963655945,0.018008408,37.516459526,37.447196419,0.007854819,0.003086193
107.800000000,21.554728676,2.142877136,-2.750803275,0.517293106,-0.000031130,0.000400589,74.566897251,0.018241513,37.318528459,37.248368792,0.007764989,0.003054294
107.833333333,21.538824210,2.136325887,-2.750789762,0.514759249,-0.000033562,0.000410098,74.168894657,0.018472759,37.119971865,37.048922791,0.007674432,0.003022048
107.866666667,21.522998038,2.129806729,-2.750775934,0.512216230,-0.000035942,0.000419498,73.769665687,0.018702158,36.920798533,36.848867154,0.007583148,0.002989455
107.900000000,21.507250442,2.123319771,-2.750761795,0.509664154,-0.000038273,0.000428789,73.369228001,0.018929724,36.721017316,36.648210685,0.007491137,0.002956515
107.933333333,21.491581702,2.116865124,-2.750747348,0.507103132,-0.000040553,0.000437973,72.967599395,0.019155468,36.520637136,36.446962258,0.007398399,0.002923227
107.966666667,21.475992094,2.110442897,-2.750732597,0.504533271,-0.000042785,0.000447051,72.564797797,0.019379404,36.319666983,36.245130814,0.007304934,0.002889592
108.000000000,21.460481889,2.104053198,-2.750717545,0.501954683,-0.000044967,0.000456024,72.160841275,0.019601543,36.118115913,36.042725362,0.007210742,0.002855611
108.033333333,21.445051357,2.097696134,-2.750702195,0.499367479,-0.000047102,0.000464893,71.755748030,0.019821897,35.915993048,35.839754981,0.007115824,0.002821282
108.066666667,21.429700763,2.091371808,-2.750686552,0.496771770,-0.000049188,0.000473659,71.349536398,0.020040479,35.713307581,35.636228817,0.007020178,0.002786605
108.100000000,21.414430369,2.085080325,-2.750670618,0.494167670,-0.000051228,0.000482324,70.942224852,0.020257298,35.510068769,35.432156083,0.006923805,0.002751582
108.133333333,21.399240432,2.078821788,-2.750654397,0.491555292,-0.000053220,0.000490888,70.533831999,0.020472367,35.306285937,35.227546062,0.006826705,0.002716211
108.166666667,21.384131208,2.072596298,-2.750637893,0.488934752,-0.000055167,0.000499353,70.124376583,0.020685697,35.101968478,35.022408105,0.006728878,0.002680494
108.200000000,21.369102947,2.066403954,-2.750621108,0.486306164,-0.000057067,0.000507719,69.713877483,0.020897297,34.897125852,34.816751631,0.006630324,0.002644429
108.233333333,21.354155897,2.060244856,-2.750604046,0.483669646,-0.000058923,0.000515988,69.302353711,0.021107179,34.691767585,34.610586126,0.006531043,0.002608017
108.266666667,21.339290302,2.054119101,-2.750586710,0.481025314,-0.000060733,0.000524160,68.889824419,0.021315353,34.485903274,34.403921145,0.006431036,0.002571258
108.300000000,21.324506401,2.048026784,-2.750569103,0.478373287,-0.000062499,0.000532237,68.476308891,0.021521829,34.279542579,34.196766312,0.006330301,0.002534151
108.333333333,21.309804432,2.041968000,-2.750551229,0.475713685,-0.000064222,0.000540220,68.061826547,0.021726617,34.072695229,33.989131318,0.006228839,0.002496698
108.366666667,21.295184626,2.035942843,-2.750533090,0.473046627,-0.000065901,0.000548109,67.646396943,0.021929726,33.865371021,33.781025922,0.006126650,0.002458897
108.400000000,21.280647213,2.029951404,-2.750514690,0.470372234,-0.000067537,0.000555905,67.230039771,0.022131166,33.657579819,33.572459951,0.006023734,0.002420749
108.433333333,21.266192417,2.023993773,-2.750496032,0.467690628,-0.000069131,0.000563610,66.812774856,0.022330946,33.449331554,33.363443302,0.005920091,0.002382254
108.466666667,21.251820459,2.018070039,-2.750477118,0.465001932,-0.000070683,0.000571225,66.394622163,0.022529075,33.240636225,33.153985938,0.005815722,0.002343412
108.500000000,21.237531557,2.012180291,-2.750457952,0.462306270,-0.000072193,0.000578750,65.975601787,0.022725561,33.031503896,32.944097891,0.005710625,0.002304223
108.533333333,21.223325925,2.006324613,-2.750438537,0.459603766,-0.000073663,0.000586187,65.555733962,0.022920415,32.821944702,32.733789260,0.005604801,0.002264686
108.566666667,21.209203772,2.000503091,-2.750418875,0.456894546,-0.000075092,0.000593535,65.135039057,0.023113643,32.611968843,32.523070214,0.005498250,0.002224803
108.600000000,21.195165303,1.994715807,-2.750398970,0.454178735,-0.000076481,0.000600797,64.713537575,0.023305255,32.401586586,32.311950990,0.005390973,0.002184572
108.633333333,21.181210720,1.988962844,-2.750378825,0.451456462,-0.000077830,0.000607973,64.291250157,0.023495258,32.190808267,32.100441890,0.005282968,0.002143994
108.666666667,21.167340221,1.983244282,-2.750358442,0.448727854,-0.000079140,0.000615064,63.868197576,0.023683661,31.979644289,31.888553287,0.005174236,0.002103068
108.700000000,21.153554000,1.977560198,-2.750337824,0.445993041,-0.000080411,0.000622071,63.444400744,0.023870470,31.768105122,31.676295622,0.005064777,0.002061796
108.733333333,21.139852246,1.971910671,-2.750316973,0.443252152,-0.000081644,0.000628995,63.019880705,0.024055694,31.556201302,31.463679402,0.004954592,0.002020177
108.766666667,21.126235144,1.966295776,-2.750295894,0.440505318,-0.000082839,0.000635836,62.594658641,0.024239340,31.343943435,31.250715205,0.004843679,0.001978210
108.800000000,21.112702876,1.960715586,-2.750274588,0.437752670,-0.000083996,0.000642596,62.168755868,0.024421415,31.131342193,31.037413675,0.004732039,0.001935896
108.833333333,21.099255620,1.955170176,-2.750253058,0.434994343,-0.000085117,0.000649275,61.742193840,0.024601926,30.918408316,30.823785524,0.004619672,0.001893235
108.866666667,21.085893549,1.949659614,-2.750231306,0.432230468,-0.000086201,0.000655874,61.314994142,0.024780880,30.705152609,30.609841533,0.004506579,0.001850227
108.900000000,21.072616831,1.944183971,-2.750209337,0.429461180,-0.000087249,0.000662394,60.887178499,0.024958284,30.491585948,30.395592550,0.004392758,0.001806871
108.933333333,21.059425631,1.938743314,-2.750187151,0.426686615,-0.000088261,0.000668836,60.458768767,0.025134143,30.277719275,30.181049493,0.004278210,0.001763169
108.966666667,21.046320110,1.933337710,-2.750164752,0.423906909,-0.000089237,0.000675200,60.029786942,0.025308466,30.063563597,29.966223345,0.004162936,0.001719119
109.000000000,21.033300425,1.927967223,-2.750142142,0.421122199,-0.000090179,0.000681488,59.600255153,0.025481256,29.849129993,29.751125160,0.004046934,0.001674722
109.033333333,21.020366727,1.922631916,-2.750119324,0.418332623,-0.000091087,0.000687700,59.170195663,0.025652522,29.634429605,29.535766059,0.003930205,0.001629978
109.066666667,21.007519164,1.917331849,-2.750096300,0.415538319,-0.000091960,0.000693837,58.739630874,0.025822268,29.419473644,29.320157230,0.003812750,0.001584887
109.100000000,20.994757880,1.912067083,-2.750073073,0.412739428,-0.000092800,0.000699899,58.308583321,0.025990500,29.204273391,29.104309930,0.003694567,0.001539449
109.133333333,20.982083013,1.906837676,-2.750049645,0.409936089,-0.000093607,0.000705888,57.877075674,0.026157223,28.988840189,28.888235485,0.003575657,0.001493663
109.166666667,20.969494698,1.901643683,-2.750026018,0.407128446,-0.000094380,0.000711804,57.445130741,0.026322444,28.773185454,28.671945287,0.003456021,0.001447531
109.200000000,20.956993065,1.896485159,-2.750002196,0.404316639,-0.000095122,0.000717649,57.012771463,0.026486166,28.557320666,28.455450797,0.003335657,0.001401051
109.233333333,20.944578241,1.891362157,-2.749978181,0.401500813,-0.000095831,0.000723421,56.580020917,0.026648395,28.341257372,28.238763545,0.003214566,0.001354224
109.266666667,20.932250346,1.886274728,-2.749953974,0.398681112,-0.000096509,0.000729123,56.146902316,0.026809136,28.125007189,28.021895127,0.003092749,0.001307049
109.300000000,20.920009497,1.881222921,-2.749929578,0.395857680,-0.000097155,0.000734755,55.713439009,0.026968393,27.908581800,27.804857210,0.002970204,0.001259528
109.333333333,20.907855806,1.876206783,-2.749904996,0.393030664,-0.000097771,0.000740318,55.279654479,0.027126171,27.691992954,27.587661526,0.002846933,0.001211659
109.366666667,20.895789382,1.871226361,-2.749880229,0.390200210,-0.000098356,0.000745812,54.845572346,0.027282474,27.475252470,27.370319876,0.002722934,0.001163444
109.400000000,20.883810327,1.866281698,-2.749855281,0.387366467,-0.000098911,0.000751239,54.411216363,0.027437306,27.258372232,27.152844131,0.002598208,0.001114881
109.433333333,20.871918740,1.861372837,-2.749830153,0.384529583,-0.000099437,0.000756598,53.976610420,0.027590671,27.041364193,26.935246227,0.002472756,0.001065971
109.466666667,20.860114715,1.856499818,-2.749804847,0.381689708,-0.000099933,0.000761891,53.541778544,0.027742572,26.824240373,26.717538171,0.002346576,0.001016714
109.500000000,20.848398340,1.851662679,-2.749779367,0.378846992,-0.000100400,0.000767117,53.106744895,0.027893014,26.607012859,26.499732036,0.002219670,0.000967109
109.533333333,20.836769702,1.846861458,-2.749753713,0.376001586,-0.000100839,0.000772279,52.671533769,0.028041999,26.389693805,26.281839964,0.002092036,0.000917158
109.566666667,20.825228878,1.842096188,-2.749727888,0.373153644,-0.000101250,0.000777375,52.236169598,0.028189530,26.172295433,26.063874165,0.001963675,0.000866859
109.600000000,20.813775946,1.837366904,-2.749701895,0.370303317,-0.000101633,0.000782408,51.800676949,0.028335610,25.954830032,25.845846917,0.001834588,0.000816213
109.633333333,20.802410974,1.832673636,-2.749675735,0.367450760,-0.000101988,0.000787378,51.365080525,0.028480242,25.737309958,25.627770567,0.001704773,0.000765220
109.666666667,20.791134029,1.828016414,-2.749649410,0.364596128,-0.000102316,0.000792284,50.929405164,0.028623428,25.519747635,25.409657528,0.001574232,0.000713880
109.700000000,20.779945170,1.823395265,-2.749622923,0.361739577,-0.000102618,0.000797128,50.493675839,0.028765170,25.302155555,25.191520284,0.001442963,0.000662193
109.733333333,20.768844455,1.818810214,-2.749596276,0.358881264,-0.000102893,0.000801911,50.057917659,0.028905471,25.084546274,24.973371385,0.001310968,0.000610158
109.766666667,20.757831934,1.814261286,-2.749569470,0.356021346,-0.000103143,0.000806633,49.622155870,0.029044332,24.866932420,24.755223450,0.001178245,0.000557776
109.800000000,20.746907653,1.809748501,-2.749542508,0.353159981,-0.000103366,0.000811294,49.186415850,0.029181754,24.649326683,24.537089167,0.001044796,0.000505047
109.833333333,20.736071653,1.805271880,-2.749515392,0.350297330,-0.000103565,0.000815895,48.750723115,0.029317739,24.431741824,24.318981291,0.000910619,0.000451971
109.866666667,20.725323971,1.800831439,-2.749488124,0.347433551,-0.000103739,0.000820436,48.315103316,0.029452287,24.214190671,24.100912645,0.000775716,0.000398548
109.900000000,20.714664637,1.796427196,-2.749460705,0.344568808,-0.000103888,0.000824919,47.879582238,0.029585399,23.996686116,23.882896122,0.000640085,0.000344778
109.933333333,20.704093678,1.792059163,-2.749433137,0.341703261,-0.000104012,0.000829343,47.444185804,0.029717075,23.779241123,23.664944682,0.000503728,0.000290660
109.966666667,20.693611116,1.787727352,-2.749405424,0.338837074,-0.000104113,0.000833710,47.008940071,0.029847315,23.561868718,23.447071353,0.000366643,0.000236195
110.000000000,20.683216966,1.783431774,-2.749377566,0.335970410,-0.000104191,0.000838019,46.573871231,0.029976119,23.344581998,23.229289233,0.000228832,0.000181384
110.033333333,20.672911239,1.779172436,-2.749349565,0.333103435,-0.000104245,0.000842271,46.139005612,0.030103486,23.127394125,23.011611487,0.000090293,0.000126224
110.066666667,20.662693941,1.774949343,-2.749321423,0.330236314,-0.000104277,0.000846467,45.704369677,0.030229415,22.910318328,22.794051349,-0.000048972,0.000070718
110.100000000,20.652565073,1.770762499,-2.749293143,0.327369213,-0.000104285,0.000850607,45.269990026,0.030353904,22.693367906,22.576622121,-0.000188964,0.000014865
110.133333333,20.642524630,1.766611906,-2.749264726,0.324502300,-0.000104272,0.000854691,44.835893393,0.030476952,22.476556220,22.359337173,-0.000329684,-0.000041336
110.166666667,20.632572604,1.762497564,-2.749236173,0.321635744,-0.000104237,0.000858720,44.402106647,0.030598556,22.259896701,22.142209946,-0.000471130,-0.000097883
110.200000000,20.622708979,1.758419469,-2.749207487,0.318769713,-0.000104180,0.000862695,43.968656795,0.030718714,22.043402847,21.925253947,-0.000613304,-0.000154778
110.233333333,20.612933734,1.754377617,-2.749178670,0.315904378,-0.000104103,0.000866615,43.535570975,0.030837422,21.827088222,21.708482753,-0.000756204,-0.000212020
110.266666667,20.603246846,1.750372002,-2.749149723,0.313039910,-0.000104004,0.000870481,43.102876465,0.030954677,21.610966457,21.491910008,-0.000899832,-0.000269610
110.300000000,20.593648282,1.746402613,-2.749120648,0.310176481,-0.000103885,0.000874294,42.670600677,0.031070474,21.395051250,21.275549427,-0.001044186,-0.000327546
110.333333333,20.584138007,1.742469442,-2.749091447,0.307314263,-0.000103745,0.000878054,42.238771157,0.031184809,21.179356364,21.059414793,-0.001189267,-0.000385830
110.366666667,20.574715980,1.738572473,-2.749062122,0.304453430,-0.000103586,0.000881761,41.807415587,0.031297676,20.963895632,20.843519956,-0.001335076,-0.000444460
110.400000000,20.565382154,1.734711692,-2.749032674,0.301594157,-0.000103407,0.000885415,41.376561787,0.031409069,20.748682950,20.627878837,-0.001481611,-0.000503438
110.433333333,20.556136477,1.730887081,-2.749003105,0.298736620,-0.000103208,0.000889018,40.946237708,0.031518983,20.533732282,20.412505426,-0.001628873,-0.000562763
110.466666667,20.546978891,1.727098620,-2.748973417,0.295880994,-0.000102991,0.000892569,40.516471440,0.031627409,20.319057660,20.197413780,-0.001776863,-0.000622435
110.500000000,20.537909332,1.723346288,-2.748943611,0.293027457,-0.000102755,0.000896068,40.087291208,0.031734340,20.104673180,19.982618028,-0.001925579,-0.000682455
110.533333333,20.528927733,1.719630060,-2.748913690,0.290176187,-0.000102501,0.000899516,39.658725371,0.031839766,19.890593005,19.768132366,-0.002075023,-0.000742821
110.566666667,20.520034020,1.715949911,-2.748883655,0.287327364,-0.000102228,0.000902913,39.230802425,0.031943679,19.676831365,19.553971059,-0.002225193,-0.000803535
110.600000000,20.511228113,1.712305810,-2.748853508,0.284481167,-0.000101938,0.000906259,38.803550999,0.032046069,19.463402555,19.340148444,-0.002376090,-0.000864596
110.633333333,20.502509925,1.708697728,-2.748823250,0.281637777,-0.000101630,0.000909555,38.376999860,0.032146923,19.250320936,19.126678925,-0.002527715,-0.000926004
110.666666667,20.493879368,1.705125631,-2.748792883,0.278797376,-0.000101305,0.000912800,37.951177911,0.032246230,19.037600936,18.913576975,-0.002680066,-0.000987759
110.700000000,20.485336344,1.701589483,-2.748762409,0.275960146,-0.000100964,0.000915996,37.526114187,0.032343976,18.825257048,18.700857140,-0.002833144,-0.001049862
110.733333333,20.476880751,1.698089248,-2.748731829,0.273126272,-0.000100605,0.000919141,37.101837862,0.032440148,18.613303830,18.488534032,-0.002986949,-0.001112311
110.766666667,20.468512482,1.694624885,-2.748701145,0.270295937,-0.000100231,0.000922236,36.678378243,0.032534729,18.401755908,18.276622335,-0.003141482,-0.001175108
110.800000000,20.460231423,1.691196351,-2.748670359,0.267469326,-0.000099840,0.000925282,36.255764774,0.032627703,18.190627970,18.065136804,-0.003296741,-0.001238252
110.833333333,20.452037454,1.687803603,-2.748639472,0.264646627,-0.000099433,0.000928278,35.834027034,0.032719053,17.979934773,17.854092261,-0.003452727,-0.001301743
110.866666667,20.443930451,1.684446592,-2.748608487,0.261828026,-0.000099012,0.000931225,35.413194737,0.032808759,17.769691136,17.643503601,-0.003609441,-0.001365581
110.900000000,20.435910283,1.681125270,-2.748577404,0.259013711,-0.000098574,0.000934122,34.993297734,0.032896800,17.559911944,17.433385789,-0.003766881,-0.001429767
110.933333333,20.427976813,1.677839584,-2.748546225,0.256203871,-0.000098122,0.000936969,34.574366008,0.032983155,17.350612148,17.223753860,-0.003925048,-0.001494299
110.966666667,20.420129900,1.674589482,-2.748514953,0.253398696,-0.000097656,0.000939767,34.156429682,0.033067799,17.141806761,17.014622921,-0.004083942,-0.001559179
111.000000000,20.412369394,1.671374905,-2.748483588,0.250598377,-0.000097175,0.000942515,33.739519011,0.033150706,16.933510864,16.806008148,-0.004243564,-0.001624406
111.033333333,20.404695141,1.668195795,-2.748452132,0.247803104,-0.000096680,0.000945213,33.323664388,0.033231850,16.725739598,16.597924790,-0.004403912,-0.001689980
111.066666667,20.397106981,1.665052091,-2.748420588,0.245013072,-0.000096171,0.000947862,32.908896338,0.033311201,16.518508171,16.390388167,-0.004564987,-0.001755901
111.100000000,20.389604749,1.661943729,-2.748388956,0.242228472,-0.000095648,0.000950461,32.495245526,0.033388728,16.311831855,16.183413671,-0.004726789,-0.001822170
111.133333333,20.382188272,1.658870643,-2.748357238,0.239449500,-0.000095112,0.000953009,32.082742749,0.033464396,16.105725982,15.977016766,-0.004889319,-0.001888785
111.166666667,20.374857371,1.655832763,-2.748325436,0.236676350,-0.000094564,0.000955507,31.671418940,0.033538170,15.900205952,15.771212989,-0.005052575,-0.001955748
111.200000000,20.367611864,1.652830019,-2.748293552,0.233909218,-0.000094002,0.000957954,31.261305170,0.033610012,15.695287223,15.566017946,-0.005216558,-0.002023058
111.233333333,20.360451559,1.649862338,-2.748261588,0.231148302,-0.000093428,0.000960350,30.852432641,0.033679880,15.490985320,15.361447321,-0.005381268,-0.002090715
111.266666667,20.353376261,1.646929642,-2.748229544,0.228393799,-0.000092842,0.000962695,30.444832695,0.033747729,15.287315827,15.157516868,-0.005546705,-0.002158719
111.300000000,20.346385767,1.644031853,-2.748197423,0.225645909,-0.000092243,0.000964988,30.038536806,0.033813513,15.084294391,14.954242416,-0.005712869,-0.002227071
111.333333333,20.339479868,1.641168890,-2.748165227,0.222904830,-0.000091633,0.000967228,29.633576587,0.033877182,14.881936720,14.751639866,-0.005879761,-0.002295769
111.366666667,20.332658351,1.638340670,-2.748132957,0.220170763,-0.000091011,0.000969416,29.229983782,0.033938681,14.680258585,14.549725197,-0.006047379,-0.002364815
111.400000000,20.325920993,1.635547105,-2.748100615,0.217443909,-0.000090378,0.000971550,28.827790275,0.033997953,14.479275816,14.348514459,-0.006215724,-0.002434208
111.433333333,20.319267568,1.632788108,-2.748068203,0.214724472,-0.000089734,0.000973630,28.427028081,0.034054936,14.279004302,14.148023779,-0.006384796,-0.002503948
111.466666667,20.312697843,1.630063585,-2.748035723,0.212012654,-0.000089079,0.000975656,28.027729356,0.034109564,14.079459994,13.948269362,-0.006554595,-0.002574035
111.500000000,20.306211578,1.627373445,-2.748003176,0.209308658,-0.000088414,0.000977625,27.629926385,0.034161768,13.880658900,13.749267485,-0.006725121,-0.002644470
111.533333333,20.299808527,1.624717589,-2.747970565,0.206612692,-0.000087738,0.000979538,27.233651594,0.034211472,13.682617089,13.551034506,-0.006896375,-0.002715251
111.566666667,20.293488438,1.622095919,-2.747937890,0.203924959,-0.000087052,0.000981394,26.838937542,0.034258595,13.485350685,13.353586858,-0.007068355,-0.002786380
111.600000000,20.287251052,1.619508333,-2.747905155,0.201245667,-0.000086356,0.000983191,26.445816924,0.034303052,13.288875870,13.156941054,-0.007241062,-0.002857856
111.633333333,20.281096104,1.616954726,-2.747872361,0.198575023,-0.000085651,0.000984928,26.054322569,0.034344752,13.093208883,12.961113685,-0.007414496,-0.002929679
111.666666667,20.275023323,1.614434991,-2.747839511,0.195913237,-0.000084936,0.000986605,25.664487443,0.034383595,12.898366020,12.766121423,-0.007588657,-0.003001849
111.700000000,20.269032431,1.611949019,-2.747806605,0.193260517,-0.000084212,0.000988220,25.276344648,0.034419478,12.704363628,12.571981020,-0.007763545,-0.003074367
111.733333333,20.263123144,1.609496696,-2.747773647,0.190617074,-0.000083478,0.000989770,24.889927420,0.034452289,12.511218112,12.378709308,-0.007939160,-0.003147231
111.766666667,20.257295170,1.607077907,-2.747740639,0.187983120,-0.000082737,0.000991256,24.505269132,0.034481908,12.318945927,12.186323205,-0.008115502,-0.003220443
111.800000000,20.251548213,1.604692535,-2.747707582,0.185358865,-0.000081986,0.000992675,24.122403291,0.034508206,12.127563581,11.994839710,-0.008292571,-0.003294002
111.833333333,20.245881969,1.602340459,-2.747674479,0.182744524,-0.000081227,0.000994025,23.741363540,0.034531049,11.937087633,11.804275907,-0.008470367,-0.003367908
111.866666667,20.240296127,1.600021556,-2.747641332,0.180140311,-0.000080460,0.000995305,23.362183658,0.034550288,11.747534691,11.614648968,-0.008648890,-0.003442161
111.900000000,20.234790371,1.597735699,-2.747608144,0.177546439,-0.000079685,0.000996512,22.984897559,0.034565768,11.558921411,11.425976148,-0.008828140,-0.003516762
111.933333333,20.229364376,1.595482759,-2.747574917,0.174963126,-0.000078902,0.000997644,22.609539293,0.034577323,11.371264498,11.238274795,-0.009008118,-0.003591709
111.966666667,20.224017812,1.593262606,-2.747541654,0.172390586,-0.000078112,0.000998698,22.236143044,0.034584772,11.184580699,11.051562345,-0.009188822,-0.003667004
112.000000000,20.218750343,1.591075104,-2.747508357,0.169829039,-0.000077314,0.000999673,21.864743134,0.034587926,10.998886808,10.865856325,-0.009370253,-0.003742646
112.033333333,20.213561625,1.588920116,-2.747475029,0.167278702,-0.000076510,0.001000564,21.495374018,0.034586579,10.814199660,10.681174358,-0.009552411,-0.003818635
112.066666667,20.208451306,1.586797503,-2.747441673,0.164739795,-0.000075698,0.001001370,21.128070287,0.034580513,10.630536130,10.497534158,-0.009735296,-0.003894971
112.100000000,20.203419031,1.584707121,-2.747408291,0.162212538,-0.000074879,0.001002087,20.762866670,0.034569494,10.447913130,10.314953540,-0.009918908,-0.003971655
112.133333333,20.198464435,1.582648825,-2.747374888,0.159697151,-0.000074054,0.001002711,20.399798028,0.034553271,10.266347612,10.133450416,-0.010103247,-0.004048685
112.166666667,20.193587147,1.580622466,-2.747341465,0.157193858,-0.000073222,0.001003239,20.038899359,0.034531577,10.085856559,9.953042800,-0.010288313,-0.004126063
112.200000000,20.188786790,1.578627893,-2.747308026,0.154702880,-0.000072384,0.001003667,19.680205798,0.034504126,9.906456987,9.773748811,-0.010474106,-0.004203788
112.233333333,20.184062979,1.576664951,-2.747274575,0.152224442,-0.000071540,0.001003990,19.323752612,0.034470609,9.728165939,9.595586673,-0.010660626,-0.004281860
112.266666667,20.179415322,1.574733484,-2.747241115,0.149758768,-0.000070690,0.001004204,18.969575207,0.034430700,9.551000487,9.418574720,-0.010847873,-0.004360279
112.300000000,20.174843423,1.572833331,-2.747207650,0.147306083,-0.000069834,0.001004304,18.617709122,0.034384046,9.374977726,9.242731397,-0.011035847,-0.004439046
112.333333333,20.170346874,1.570964330,-2.747174183,0.144866615,-0.000068973,0.001004284,18.268190033,0.034330271,9.200114768,9.068075265,-0.011224547,-0.004518159
112.366666667,20.165925265,1.569126315,-2.747140720,0.142440591,-0.000068106,0.001004139,17.921053752,0.034268973,9.026428747,8.894625005,-0.011413975,-0.004597620
112.400000000,20.161578176,1.567319116,-2.747107263,0.140028238,-0.000067234,0.001003863,17.576336223,0.034199721,8.853936805,8.722399418,-0.011604130,-0.004677428
112.433333333,20.157305180,1.565542562,-2.747073818,0.137629786,-0.000066356,0.001003449,17.234073530,0.034122053,8.682656098,8.551417432,-0.011795012,-0.004757583
112.466666667,20.153105844,1.563796478,-2.747040389,0.135245465,-0.000065474,0.001002890,16.894301890,0.034035477,8.512603785,8.381698105,-0.011986621,-0.004838086
112.500000000,20.148979728,1.562080687,-2.747006982,0.132875506,-0.000064587,0.001002179,16.557057656,0.033939463,8.343797026,8.213260629,-0.012178957,-0.004918935
112.533333333,20.144926384,1.560395008,-2.746973601,0.130520141,-0.000063695,0.001001308,16.222377315,0.033833447,8.176252980,8.046124336,-0.012372020,-0.005000132
112.566666667,20.140945358,1.558739257,-2.746940252,0.128179602,-0.000062799,0.001000268,15.890297494,0.033716825,8.009988795,7.880308699,-0.012565810,-0.005081675
112.600000000,20.137036188,1.557113248,-2.746906941,0.125854123,-0.000061898,0.000999050,15.560854950,0.033588949,7.845021607,7.715833343,-0.012760327,-0.005163566
112.633333333,20.133198405,1.555516790,-2.746873673,0.123543938,-0.000060993,0.000997644,15.234086579,0.033449128,7.681368535,7.552718043,-0.012955571,-0.005245804
112.666666667,20.129431532,1.553949692,-2.746840456,0.121249284,-0.000060084,0.000996039,14.910029411,0.033296623,7.519046672,7.390982738,-0.013151542,-0.005328390
112.700000000,20.125735086,1.552411757,-2.746807295,0.118970395,-0.000059171,0.000994224,14.588720612,0.033130644,7.358073082,7.230647530,-0.013348239,-0.005411322
112.733333333,20.122108577,1.550902786,-2.746774199,0.116707510,-0.000058254,0.000992188,14.270197484,0.032950347,7.198464794,7.071732690,-0.013545664,-0.005494602
112.766666667,20.118551506,1.549422577,-2.746741175,0.114460866,-0.000057333,0.000989916,13.954497464,0.032754832,7.040238794,6.914258670,-0.013743816,-0.005578228
112.800000000,20.115063369,1.547970926,-2.746708231,0.112230702,-0.000056408,0.000987396,13.641658124,0.032543138,6.883412019,6.758246105,-0.013942695,-0.005662202
112.833333333,20.111643651,1.546547624,-2.746675375,0.110017259,-0.000055480,0.000984612,13.331717172,0.032314239,6.728001354,6.603715818,-0.014142301,-0.005746524
112.866666667,20.108291834,1.545152459,-2.746642617,0.107820777,-0.000054549,0.000981549,13.024712452,0.032067045,6.574023621,6.450688831,-0.014342634,-0.005831192
112.900000000,20.105007390,1.543785218,-2.746609965,0.105641497,-0.000053614,0.000978190,12.720681943,0.031800393,6.421495574,6.299186369,-0.014543694,-0.005916207
112.933333333,20.101789783,1.542445684,-2.746577431,0.103479662,-0.000052676,0.000974516,12.419663759,0.031513047,6.270433894,6.149229865,-0.014745480,-0.006001570
112.966666667,20.098638472,1.541133634,-2.746545025,0.101335516,-0.000051735,0.000970508,12.121696150,0.031203695,6.120855182,6.000840969,-0.014947994,-0.006087280
113.000000000,20.095552906,1.539848846,-2.746512759,0.099209303,-0.000050791,0.000966146,11.826817503,0.030870944,5.972775952,5.854041551,-0.015151235,-0.006173337
113.033333333,20.092532529,1.538591092,-2.746480644,0.097101268,-0.000049844,0.000961408,11.535066337,0.030513320,5.826212629,5.708853708,-0.015355203,-0.006259741
113.066666667,20.089576774,1.537360142,-2.746448693,0.095011657,-0.000048895,0.000956270,11.246481310,0.030129262,5.681181543,5.565299768,-0.015559898,-0.006346492
113.100000000,20.086685071,1.536155763,-2.746416921,0.092940717,-0.000047943,0.000950708,10.961101214,0.029717124,5.537698923,5.423402291,-0.015765319,-0.006433590
113.133333333,20.083856837,1.534977718,-2.746385342,0.090888696,-0.000046988,0.000944696,10.678964976,0.029275175,5.395780901,5.283184075,-0.015971468,-0.006521036
113.166666667,20.081091487,1.533825766,-2.746353971,0.088855844,-0.000046031,0.000938204,10.400111659,0.028801592,5.255443506,5.144668153,-0.016178344,-0.006608829
113.200000000,20.078388425,1.532699666,-2.746322825,0.086842409,-0.000045072,0.000931205,10.124580463,0.028294469,5.116702672,5.007877791,-0.016385947,-0.006696969
113.233333333,20.075747046,1.531599170,-2.746291921,0.084848642,-0.000044110,0.000923665,9.852410721,0.027751815,4.979574236,4.872836485,-0.016594276,-0.006785456
113.266666667,20.073166742,1.530524029,-2.746261278,0.082874795,-0.000043147,0.000915553,9.583641903,0.027171560,4.844073950,4.739567952,-0.016803333,-0.006874290
113.300000000,20.070646892,1.529473990,-2.746230916,0.080921120,-0.000042182,0.000906832,9.318313614,0.026551558,4.710217494,4.608096119,-0.017013117,-0.006963472
113.333333333,20.068186872,1.528448797,-2.746200855,0.078987870,-0.000041215,0.000897467,9.056465594,0.025889599,4.578020488,4.478445107,-0.017223628,-0.007053000
113.366666667,20.065786047,1.527448189,-2.746171117,0.077075300,-0.000040247,0.000887418,8.798137721,0.025183420,4.447498515,4.350639206,-0.017434865,-0.007142876
113.400000000,20.063443775,1.526471905,-2.746141726,0.075183664,-0.000039278,0.000876646,8.543370006,0.024430717,4.318667151,4.224702855,-0.017646830,-0.007233099
113.433333333,20.061159406,1.525519678,-2.746112707,0.073313219,-0.000038307,0.000865107,8.292202596,0.023629164,4.191541999,4.100660597,-0.017859522,-0.007323669
113.466666667,20.058932284,1.524591238,-2.746084086,0.071464222,-0.000037336,0.000852759,8.044675774,0.022776439,4.066138730,3.978537044,-0.018072941,-0.007414586
113.500000000,20.056761742,1.523686313,-2.746055890,0.069636929,-0.000036364,0.000839557,7.800829958,0.021870244,3.942473141,3.858356817,-0.018287086,-0.007505851
113.533333333,20.054647107,1.522804625,-2.746028149,0.067831600,-0.000035392,0.000825452,7.560705703,0.020908348,3.820561214,3.740144489,-0.018501959,-0.007597463
113.566666667,20.052587698,1.521945897,-2.746000894,0.066048494,-0.000034420,0.000810399,7.324343697,0.019888618,3.700419192,3.623924506,-0.018717559,-0.007689421
113.600000000,20.050582826,1.521109843,-2.745974157,0.064287872,-0.000033449,0.000794348,7.091784766,0.018809069,3.582063670,3.509721097,-0.018933885,-0.007781727
113.633333333,20.048631794,1.520296179,-2.745947973,0.062549995,-0.000032478,0.000777250,6.863069870,0.017667915,3.465511695,3.397558175,-0.019150939,-0.007874380
113.666666667,20.046733895,1.519504613,-2.745922376,0.060835125,-0.000031509,0.000759057,6.638240106,0.016463633,3.350780885,3.287459221,-0.019368720,-0.007967381
113.700000000,20.044888418,1.518734853,-2.745897405,0.059143526,-0.000030542,0.000739721,6.417336704,0.015195028,3.237889560,3.179447144,-0.019587227,-0.008060728
113.733333333,20.043094640,1.517986601,-2.745873097,0.057475460,-0.000029577,0.000719194,6.200401031,0.013861315,3.126856891,3.073544140,-0.019806462,-0.008154423
113.766666667,20.041351831,1.517259559,-2.745849494,0.055831194,-0.000028615,0.000697431,5.987474591,0.012462200,3.017703065,2.969771526,-0.020026424,-0.008248465
113.800000000,20.039659256,1.516553420,-2.745826638,0.054210993,-0.000027657,0.000674390,5.778599022,0.010997975,2.910449463,2.868149559,-0.020247112,-0.008342854
113.833333333,20.038016166,1.515867880,-2.745804571,0.052615124,-0.000026703,0.000650034,5.573816097,0.009469619,2.805118854,2.768697244,-0.020468528,-0.008437590
113.866666667,20.036421809,1.515202626,-2.745783338,0.051043853,-0.000025755,0.000624329,5.373167726,0.007878898,2.701735591,2.671432135,-0.020690671,-0.008532673
113.900000000,20.034875423,1.514557344,-2.745762985,0.049497451,-0.000024813,0.000597247,5.176695953,0.006228481,2.600325825,2.576370128,-0.020913540,-0.008628104
113.933333333,20.033376236,1.513931717,-2.745743557,0.047976185,-0.000023878,0.000568770,4.984442959,0.004522042,2.500917714,2.483525245,-0.021137137,-0.008723881
113.966666667,20.031923471,1.513325424,-2.745725101,0.046480327,-0.000022952,0.000538886,4.796451059,0.002764367,2.403541620,2.392909439,-0.021361460,-0.008820006
114.000000000,20.030516339,1.512738139,-2.745707665,0.045010148,-0.000022035,0.000507598,4.612762706,0.000961456,2.308230306,2.304532400,-0.021586511,-0.008916478
114.033333333,20.029154046,1.512169534,-2.745691294,0.043565918,-0.000021130,0.000474918,4.433420486,-0.000879397,2.215019094,2.218401392,-0.021812289,-0.009013297
114.066666667,20.027835789,1.511619277,-2.745676036,0.042147913,-0.000020237,0.000440872,4.258467122,-0.002749532,2.123946000,2.134521122,-0.022038793,-0.009110463
114.100000000,20.026560754,1.511087032,-2.745661934,0.040756404,-0.000019358,0.000405503,4.087945471,-0.004638880,2.035051812,2.052893659,-0.022266025,-0.009207977
114.133333333,20.025328122,1.510572460,-2.745649031,0.039391668,-0.000018495,0.000368872,3.921898528,-0.006535960,1.948380111,1.973518417,-0.022493983,-0.009305837
114.166666667,20.024137064,1.510075219,-2.745637370,0.038053979,-0.000017649,0.000331058,3.760369422,-0.008427897,1.863977216,1.896392206,-0.022722669,-0.009404045
114.200000000,20.022986742,1.509594961,-2.745626986,0.036743614,-0.000016822,0.000292160,3.603401417,-0.010300507,1.781892042,1.821509375,-0.022952081,-0.009502600
114.233333333,20.021876311,1.509131337,-2.745617916,0.035460851,-0.000016017,0.000252298,3.451037913,-0.012138414,1.702175852,1.748862061,-0.023182221,-0.009601502
114.266666667,20.020804916,1.508683993,-2.745610187,0.034205968,-0.000015235,0.000211616,3.303322448,-0.013925242,1.624881912,1.678440535,-0.023413087,-0.009700752
114.300000000,20.019771694,1.508252571,-2.745603825,0.032979244,-0.000014479,0.000170278,3.160298691,-0.015643850,1.550065019,1.610233672,-0.023644681,-0.009800348
114.333333333,20.018775774,1.507836710,-2.745598850,0.031780959,-0.000013750,0.000128470,3.022010449,-0.017276636,1.477780924,1.544229525,-0.023877001,-0.009900292
114.366666667,20.017816276,1.507436046,-2.745595272,0.030611394,-0.000013050,0.000086402,2.888501666,-0.018805897,1.408085646,1.480416020,-0.024110049,-0.010000583
114.400000000,20.016892311,1.507050210,-2.745593097,0.029470831,-0.000012383,0.000044300,2.759816419,-0.020214230,1.341034690,1.418781729,-0.024343823,-0.010101221
114.433333333,20.016002982,1.506678830,-2.745592322,0.028359553,-0.000011749,0.000002410,2.635998922,-0.021484980,1.276682191,1.359316731,-0.024578325,-0.010202206
114.466666667,20.015147382,1.506321529,-2.745592936,0.027277843,-0.000011151,-0.000039011,2.517093522,-0.022602707,1.215080016,1.302013506,-0.024813553,-0.010303538
114.500000000,20.014324599,1.505977928,-2.745594918,0.026225987,-0.000010591,-0.000079691,2.403144706,-0.023553658,1.156276856,1.246867850,-0.025049509,-0.010405218
114.533333333,20.013533706,1.505647644,-2.745598240,0.025204269,-0.000010071,-0.000119355,2.294197093,-0.024326225,1.100317344,1.193879748,-0.025286191,-0.010507244
114.566666667,20.012773774,1.505330289,-2.745602863,0.024212976,-0.000009592,-0.000157725,2.190295438,-0.024911361,1.047241254,1.143054183,-0.025523601,-0.010609618
114.600000000,20.012043861,1.505025472,-2.745608739,0.023252395,-0.000009155,-0.000194527,2.091484632,-0.025302941,0.997082815,1.094401817,-0.025761737,-0.010712339
114.633333333,20.011343016,1.504732798,-2.745615811,0.022322814,-0.000008762,-0.000229497,1.997809702,-0.025498026,0.949870186,1.047939515,-0.026000601,-0.010815407
114.666666667,20.010670282,1.504451869,-2.745624014,0.021424522,-0.000008414,-0.000262383,1.909315809,-0.025497037,0.905625141,1.003690668,-0.026240191,-0.010918822
114.700000000,20.010024692,1.504182282,-2.745633275,0.020557810,-0.000008110,-0.000292956,1.826048252,-0.025303802,0.864362969,0.961685283,-0.026480509,-0.011022585
114.733333333,20.009405268,1.503923631,-2.745643514,0.019722968,-0.000007852,-0.000321013,1.748052463,-0.024925472,0.826092632,0.921959831,-0.026721553,-0.011126695
114.766666667,20.008811025,1.503675505,-2.745654643,0.018920287,-0.000007638,-0.000346377,1.675374010,-0.024372312,0.790817174,0.884556836,-0.026963325,-0.011231151
114.800000000,20.008240970,1.503437492,-2.745666570,0.018150061,-0.000007468,-0.000368909,1.608058597,-0.023657357,0.758534382,0.849524215,-0.027205823,-0.011335955
114.833333333,20.007694099,1.503209171,-2.745679199,0.017412583,-0.000007340,-0.000388501,1.546152065,-0.022795948,0.729237671,0.816914394,-0.027449048,-0.011441107
114.866666667,20.007169401,1.502990123,-2.745692431,0.016708147,-0.000007254,-0.000405087,1.489700387,-0.021805173,0.702917168,0.786783219,-0.027693001,-0.011546605
114.900000000,20.006665853,1.502779921,-2.745706165,0.016037049,-0.000007207,-0.000418635,1.438749673,-0.020703216,0.679560960,0.759188714,-0.027937680,-0.011652450
114.933333333,20.006182426,1.502578135,-2.745720300,0.015399584,-0.000007196,-0.000429152,1.393346171,-0.019508652,0.659156446,0.734189725,-0.028183087,-0.011758643
114.966666667,20.005718081,1.502384333,-2.745734735,0.014796051,-0.000007219,-0.000436680,1.353536260,-0.018239713,0.641691759,0.711844501,-0.028429220,-0.011865183
115.000000000,20.005271769,1.502198076,-2.745749373,0.014226746,-0.000007273,-0.000441288,1.319366458,-0.016913539,0.627157192,0.692209266,-0.028676080,-0.011972070
115.033333333,20.004842432,1.502018923,-2.745764116,0.013691969,-0.000007353,-0.000443074,1.290883417,-0.015545457,0.615546599,0.675336818,-0.028923668,-0.012079304
115.066666667,20.004429005,1.501846429,-2.745778873,0.013192019,-0.000007456,-0.000442157,1.268133924,-0.014148287,0.606858718,0.661275207,-0.029171982,-0.012186885
115.100000000,20.004030410,1.501680144,-2.745793556,0.012727198,-0.000007577,-0.000438667,1.251164903,-0.012731715,0.601098384,0.650066519,-0.029421023,-0.012294814
115.133333333,20.003645564,1.501519616,-2.745808082,0.012297806,-0.000007712,-0.000432741,1.240023412,-0.011301729,0.598277612,0.641745801,-0.029670792,-0.012403090
115.166666667,20.003273371,1.501364385,-2.745822371,0.011904146,-0.000007856,-0.000424516,1.234756645,-0.009860138,0.598416519,0.636340126,-0.029921287,-0.012511712
115.200000000,20.002912729,1.501213993,-2.745836349,0.011546522,-0.000008004,-0.000414118,1.235411932,-0.008404175,0.601544090,0.633867842,-0.030172509,-0.012620682
115.233333333,20.002562524,1.501067972,-2.745849946,0.011225238,-0.000008151,-0.000401656,1.242036737,-0.006926197,0.607698759,0.634337979,-0.030424459,-0.012729999
115.266666667,20.002221634,1.500925853,-2.745863094,0.010940598,-0.000008292,-0.000387211,1.254678661,-0.005413468,0.616928815,0.637749846,-0.030677135,-0.012839664
115.300000000,20.001888928,1.500787163,-2.745875728,0.010692910,-0.000008420,-0.000370833,1.273385441,-0.003848049,0.629292625,0.644092815,-0.030930538,-0.012949675
115.333333333,20.001563265,1.500651425,-2.745887784,0.010482479,-0.000008531,-0.000352526,1.298204946,-0.002206785,0.644858655,0.653346291,-0.031184669,-0.013060034
115.366666667,20.001243494,1.500518156,-2.745899196,0.010309614,-0.000008620,-0.000332250,1.329185185,-0.000461400,0.663705285,0.665479900,-0.031439526,-0.013170740
115.400000000,20.000928456,1.500386871,-2.745909899,0.010174623,-0.000008681,-0.000309908,1.366374299,0.001421286,0.685920393,0.680453907,-0.031695110,-0.013281793
115.433333333,20.000616982,1.500257080,-2.745919819,0.010077816,-0.000008709,-0.000285341,1.409820567,0.003479001,0.711600670,0.698219898,-0.031951422,-0.013393193
115.466666667,20.000307893,1.500128289,-2.745928880,0.010019503,-0.000008699,-0.000258328,1.459572402,0.005753507,0.740850638,0.718721764,-0.032208460,-0.013504940
115.500000000,20.000000000,1.500000000,-2.745936995,0.009999996,-0.000008645,-0.000228580,1.486028814,0.007489658,0.757417595,0.728611219,-0.032466225,-0.013617035
