t,tau_u_applied,tau_r_applied,T1_applied,T2_applied
0.000000000,15.188342793,-1.104529269,5.470076648,9.718266145
0.033333333,15.223741430,-1.138615911,5.422224733,9.801516697
0.066666667,15.297471490,-1.129748564,5.476142352,9.821329138
0.100000000,15.377050465,-1.119824021,5.535017501,9.842032965
0.133333333,15.462427901,-1.108869131,5.598773315,9.863654587
0.166666667,15.553553262,-1.096920625,5.667313890,9.886239372
0.200000000,15.650375979,-1.084023765,5.740526903,9.909849076
0.233333333,15.752845488,-1.070231024,5.818286160,9.934559328
0.266666667,15.860911261,-1.055600811,5.900454071,9.960457190
0.300000000,15.974522832,-1.040196247,5.986884019,9.987638813
0.333333333,16.093629815,-1.024083997,6.077422605,10.016207210
0.366666667,16.218181924,-1.007333183,6.171911765,10.046270159
0.400000000,16.348128985,-0.990014358,6.270190726,10.077938259
0.433333333,16.483420943,-0.972198583,6.372097812,10.111323130
0.466666667,16.624007876,-0.953956568,6.477472076,10.146535801
0.500000000,16.769839998,-0.935357928,6.586154753,10.183685245
0.533333333,16.920867663,-0.916470507,6.697990549,10.222877115
0.566666667,17.077041370,-0.897359813,6.812828737,10.264212633
0.600000000,17.238311764,-0.878088528,6.930524097,10.307787667
0.633333333,17.404629639,-0.858716118,7.050937670,10.353691969
0.666666667,17.575945939,-0.839298516,7.173937361,10.402008578
0.700000000,17.752211755,-0.819887894,7.299398389,10.452813366
0.733333333,17.933378331,-0.800532497,7.427203594,10.506174738
0.766666667,18.119397059,-0.781276559,7.557243608,10.562153451
0.800000000,18.310219478,-0.762160267,7.689416919,10.620802560
0.833333333,18.505797278,-0.743219785,7.823629822,10.682167456
0.866666667,18.706082294,-0.724487329,7.959796283,10.746286011
0.900000000,18.911026509,-0.705991276,8.097837724,10.813188785
0.933333333,19.120582051,-0.687756308,8.237682741,10.882899310
0.966666667,19.334701193,-0.669803590,8.379266769,10.955434424
1.000000000,19.553336352,-0.652150962,8.522531711,11.030804640
1.033333333,19.776440087,-0.634813146,8.667425532,11.109014555
1.066666667,20.003965103,-0.617801975,8.813901831,11.190063272
1.100000000,20.235864245,-0.601126611,8.961919408,11.273944837
1.133333333,20.472090499,-0.584793783,9.111441821,11.360648679
1.166666667,20.712596995,-0.568808006,9.262436948,11.450160047
1.200000000,20.957337001,-0.553171808,9.414876562,11.542460439
1.233333333,21.206263929,-0.537885945,9.568735917,11.637528012
1.266666667,21.459331329,-0.522949606,9.723993345,11.735337984
1.300000000,21.716492895,-0.508360610,9.880629890,11.835863004
1.333333333,21.977702458,-0.494115586,10.038628948,11.939073511
1.366666667,22.242913995,-0.480210151,10.197975938,12.044938057
1.400000000,22.512081620,-0.466639058,10.358658006,12.153423614
1.433333333,22.785159591,-0.453396350,10.520663739,12.264495852
1.466666667,23.062102307,-0.440475483,10.683982917,12.378119390
1.500000000,23.342864310,-0.427869452,10.848606285,12.494258025
1.533333333,23.627400284,-0.415570892,11.014525349,12.612874935
1.566666667,23.915665057,-0.403572174,11.181732194,12.733932863
1.600000000,24.207613600,-0.391865485,11.350219328,12.857394272
1.633333333,24.503201028,-0.380442907,11.519979538,12.983221489
1.666666667,24.802382601,-0.369296472,11.691005777,13.111376824
1.700000000,25.105113725,-0.358418221,11.863291052,13.241822673
1.733333333,25.411349950,-0.347800247,12.036828346,13.374521604
1.766666667,25.721046974,-0.337434734,12.211610537,13.509436437
1.800000000,26.034160641,-0.327313988,12.387630343,13.646530298
1.833333333,26.350646942,-0.317430465,12.564880269,13.785766672
1.866666667,26.670462015,-0.307776786,12.743352572,13.927109443
1.900000000,26.993562148,-0.298345760,12.923039227,14.070522921
1.933333333,27.319903777,-0.289130391,13.103931906,14.215971871
1.966666667,27.649443488,-0.280123886,13.286021964,14.363421524
2.000000000,27.982138015,-0.271319663,13.469300426,14.512837590
2.033333333,28.317944244,-0.262711353,13.653757982,14.664186262
2.066666667,28.656819210,-0.254292800,13.839384989,14.817434221
2.100000000,28.998720100,-0.246058062,14.026171469,14.972548631
2.133333333,29.343604253,-0.238001405,14.214107117,15.129497136
2.166666667,29.691429158,-0.230117302,14.403181306,15.288247851
2.200000000,30.042152457,-0.222400428,14.593383098,15.448769359
2.233333333,30.395731944,-0.214845654,14.784701252,15.611030692
2.266666667,30.752125568,-0.207448044,14.977124238,15.775001329
2.300000000,31.111291428,-0.200202842,15.170640249,15.940651179
2.333333333,31.473187777,-0.193105474,15.365237209,16.107950569
2.366666667,31.837773024,-0.186151534,15.560902793,16.276870232
2.400000000,32.205005730,-0.179336784,15.757624435,16.447381295
2.433333333,32.574844609,-0.172657140,15.955389343,16.619455266
2.466666667,32.947248532,-0.166108672,16.154184511,16.793064021
2.500000000,33.322176522,-0.159687594,16.353996733,16.968179789
2.533333333,33.699587759,-0.153390259,16.554812613,17.144775146
2.566666667,34.079441577,-0.147213149,16.756618579,17.322822998
2.600000000,34.461697463,-0.141152877,16.959400892,17.502296571
2.633333333,34.846315064,-0.135206172,17.163145662,17.683169402
2.666666667,35.233254177,-0.129369883,17.367838852,17.865415325
2.700000000,35.622474759,-0.123640964,17.573466294,18.049008465
2.733333333,36.013936920,-0.118016478,17.780013695,18.233923226
2.766666667,36.407600927,-0.112493585,17.987466646,18.420134281
2.800000000,36.803427202,-0.107069542,18.195810636,18.607616566
2.833333333,37.201376323,-0.101741697,18.405031052,18.796345271
2.866666667,37.601409025,-0.096507485,18.615113195,18.986295831
2.900000000,38.003486199,-0.091364426,18.826042280,19.177443918
2.933333333,38.407568891,-0.086310117,19.037803452,19.369765439
2.966666667,38.813618304,-0.081342233,19.250381782,19.563236522
3.000000000,39.221595799,-0.076458521,19.463762283,19.757833516
3.033333333,39.631462890,-0.071656799,19.677929909,19.953532981
3.066666667,40.043181250,-0.066934951,19.892869565,20.150311685
3.100000000,40.456712708,-0.062290927,20.108566111,20.348146598
3.133333333,40.872019250,-0.057722735,20.325004366,20.547014884
3.166666667,41.289063017,-0.053228445,20.542169114,20.746893903
3.200000000,41.707806307,-0.048806183,20.760045109,20.947761198
3.233333333,42.128211577,-0.044454130,20.978617077,21.149594500
3.266666667,42.550241438,-0.040170519,21.197869722,21.352371716
3.300000000,42.973858658,-0.035953632,21.417787730,21.556070928
3.333333333,43.399026164,-0.031801801,21.638355772,21.760670392
3.366666667,43.825707037,-0.027713406,21.859558507,21.966148530
3.400000000,44.253864516,-0.023686870,22.081380586,22.172483930
3.433333333,44.683461997,-0.019720659,22.303806655,22.379655342
3.466666667,45.114463032,-0.015813283,22.526821357,22.587641675
3.500000000,45.546831331,-0.011963291,22.750409337,22.796421994
3.533333333,45.980530760,-0.008169271,22.974555244,23.005975516
3.566666667,46.415525341,-0.004429849,23.199243731,23.216281611
3.600000000,46.851779255,-0.000743687,23.424459460,23.427319795
3.633333333,47.289256838,0.002890516,23.650187105,23.639069734
3.666666667,47.727922584,0.006474031,23.876411351,23.851511232
3.700000000,48.167741142,0.010008092,24.103116901,24.064624241
3.733333333,48.608677321,0.013493903,24.330288473,24.278388847
3.766666667,49.050696083,0.016932637,24.557910805,24.492785278
3.800000000,49.493762551,0.020325438,24.785968656,24.707793895
3.833333333,49.937842001,0.023673420,25.014446807,24.923395193
3.866666667,50.382899868,0.026977668,25.243330066,25.139569802
3.900000000,50.828901744,0.030239244,25.472603264,25.356298480
3.933333333,51.275813377,0.033459178,25.702251263,25.573562115
3.966666667,51.723600673,0.036638480,25.932258952,25.791341721
4.000000000,52.172229692,0.039778131,26.162611252,26.009618440
4.033333333,52.621666655,0.042879091,26.393293118,26.228373537
4.066666667,53.071877936,0.045942295,26.624289535,26.447588401
4.100000000,53.522830069,0.048968656,26.855585526,26.667244543
4.133333333,53.974489743,0.051959065,27.087166150,26.887323593
4.166666667,54.426823804,0.054914392,27.319016502,27.107807301
4.200000000,54.879799255,0.057835487,27.551121718,27.328677537
4.233333333,55.333383256,0.060723178,27.783466971,27.549916285
4.266666667,55.787543124,0.063578276,28.016037478,27.771505646
4.300000000,56.242246333,0.066401571,28.248818496,27.993427837
4.333333333,56.697460513,0.069193837,28.481795327,28.215665186
4.366666667,57.153153452,0.071955826,28.714953315,28.438200137
4.400000000,57.609293093,0.074688278,28.948277851,28.661015242
4.433333333,58.065847538,0.077391913,29.181754371,28.884093167
4.466666667,58.522785045,0.080067435,29.415368358,29.107416687
4.500000000,58.980074029,0.082715532,29.649105345,29.330968684
4.533333333,59.437683060,0.085336877,29.882950910,29.554732150
4.566666667,59.895580868,0.087932129,30.116890683,29.778690185
4.600000000,60.353736337,0.090501931,30.350910344,30.002825993
4.633333333,60.812118511,0.093046912,30.584995625,30.227122886
4.666666667,61.270696587,0.095567688,30.819132308,30.451564279
4.700000000,61.729439922,0.098064860,31.053306230,30.676133692
4.733333333,62.188318028,0.100539018,31.287503279,30.900814749
4.766666667,62.647300575,0.102990738,31.521709398,31.125591177
4.800000000,63.106357389,0.105420584,31.755910586,31.350446803
4.833333333,63.565458454,0.107829108,31.990092897,31.575365557
4.866666667,64.024573909,0.110216852,32.224242439,31.800331469
4.900000000,64.483674052,0.112584344,32.458345380,32.025328672
4.933333333,64.942729336,0.114932103,32.692387942,32.250341394
4.966666667,65.401710372,0.117260635,32.926356407,32.475353965
5.000000000,65.860587928,0.119570439,33.160237116,32.700350812
5.033333333,66.319332928,0.121862001,33.394016466,32.925316462
5.066666667,66.777916454,0.124135799,33.627680917,33.150235537
5.100000000,67.236309744,0.126392300,33.861216987,33.375092757
5.133333333,67.694484193,0.128631963,34.094611256,33.599872937
5.166666667,68.152411354,0.130855237,34.327850364,33.824560990
5.200000000,68.610062935,0.133062564,34.560921013,34.049141922
5.233333333,69.067410802,0.135254374,34.793809966,34.273600836
5.266666667,69.524426979,0.137431092,35.026504051,34.497922927
5.300000000,69.981083644,0.139593134,35.258990157,34.722093487
5.333333333,70.437353136,0.141740908,35.491255237,34.946097899
5.366666667,70.893207947,0.143874814,35.723286308,35.169921639
5.400000000,71.348620729,0.145995245,35.955070451,35.393550278
5.433333333,71.803564289,0.148102587,36.186594812,35.616969477
5.466666667,72.258011592,0.150197219,36.417846601,35.840164991
5.500000000,72.711935760,0.152279512,36.648813096,36.063122664
5.533333333,73.165310071,0.154349833,36.879481637,36.285828434
5.566666667,73.618107962,0.156408540,37.109839634,36.508268328
5.600000000,74.070303024,0.158455985,37.339874561,36.730428463
5.633333333,74.521869008,0.160492517,37.569573960,36.952295048
5.666666667,74.972779821,0.162518476,37.798925440,37.173854381
5.700000000,75.423009527,0.164534196,38.027916679,37.395092848
5.733333333,75.872532346,0.166540008,38.256535419,37.615996927
5.766666667,76.321322658,0.168536236,38.484769475,37.836553183
5.800000000,76.769354997,0.170523199,38.712606727,38.056748270
5.833333333,77.216604056,0.172501211,38.940035126,38.276568929
5.866666667,77.663044684,0.174470582,39.167042691,38.496001992
5.900000000,78.108651888,0.176431615,39.393617511,38.715034376
5.933333333,78.553400832,0.178384611,39.619747744,38.933653088
5.966666667,78.997266837,0.180329864,39.845421619,39.151845218
6.000000000,79.440225381,0.182267666,40.070627434,39.369597947
6.033333333,79.882252100,0.184198304,40.295353558,39.586898542
6.066666667,80.323322787,0.186122060,40.519588432,39.803734355
6.100000000,80.763413391,0.188039213,40.743320566,40.020092825
6.133333333,81.202500021,0.189950037,40.966538543,40.235961477
6.166666667,81.640558940,0.191854805,41.189231017,40.451327922
6.200000000,82.077566570,0.193753783,41.411386713,40.666179857
6.233333333,82.513499491,0.195647236,41.632994429,40.880505061
6.266666667,82.948334439,0.197535424,41.854043035,41.094291404
6.300000000,83.382048308,0.199418605,42.074521472,41.307526836
6.333333333,83.814618150,0.201297034,42.294418756,41.520199393
6.366666667,84.246021172,0.203170962,42.513723975,41.732297197
6.400000000,84.676234743,0.205040637,42.732426289,41.943808454
6.433333333,85.105236384,0.206906305,42.950514933,42.154721451
6.466666667,85.533003777,0.208768209,43.167979213,42.365024564
6.500000000,85.959514761,0.210626589,43.384808513,42.574706249
6.533333333,86.384747332,0.212481682,43.600992286,42.783755047
6.566666667,86.808679643,0.214333725,43.816520062,42.992159582
6.600000000,87.231290006,0.216182949,44.031381444,43.199908562
6.633333333,87.652556890,0.218029586,44.245566111,43.406990779
6.666666667,88.072458920,0.219873864,44.459063814,43.613395105
6.700000000,88.490974881,0.221716010,44.671864382,43.819110498
6.733333333,88.908083714,0.223556247,44.883957717,44.024125997
6.766666667,89.323764520,0.225394799,45.095333796,44.228430724
6.800000000,89.737996554,0.227231885,45.305982672,44.432013882
6.833333333,90.150759232,0.229067725,45.515894473,44.634864760
6.866666667,90.562032127,0.230902536,45.725059403,44.836972724
6.900000000,90.971794969,0.232736534,45.933467742,45.038327227
6.933333333,91.380027645,0.234569932,46.141109845,45.238917800
6.966666667,91.786710202,0.236402942,46.347976144,45.438734059
7.000000000,92.191822845,0.238235777,46.554057147,45.637765698
7.033333333,92.595345934,0.240068645,46.759343438,45.836002496
7.066666667,92.997259989,0.241901756,46.963825678,46.033434311
7.100000000,93.397545688,0.243735316,47.167494605,46.230051083
7.133333333,93.796183868,0.245569532,47.370341033,46.425842834
7.166666667,94.193155520,0.247404609,47.572355854,46.620799666
7.200000000,94.588441798,0.249240751,47.773530036,46.814911762
7.233333333,94.982024011,0.251078162,47.973854624,47.008169387
7.266666667,95.373883626,0.252917043,48.173320742,47.200562884
7.300000000,95.764002271,0.254757596,48.371919590,47.392082681
7.333333333,96.152361728,0.256600023,48.569642447,47.582719281
7.366666667,96.538943942,0.258444523,48.766480669,47.772463273
7.400000000,96.923731011,0.260291295,48.962425689,47.961305323
7.433333333,97.306705196,0.262140539,49.157469019,48.149236177
7.466666667,97.687848914,0.263992452,49.351602250,48.336246664
7.500000000,98.067144740,0.265847234,49.544817050,48.522327690
7.533333333,98.444575408,0.267705080,49.737105165,48.707470242
7.566666667,98.820123810,0.269566188,49.928458421,48.891665389
7.600000000,99.193772998,0.271430756,50.118868722,49.074904276
7.633333333,99.565506181,0.273298979,50.308328050,49.257178130
7.666666667,99.935306726,0.275171054,50.496828467,49.438478259
7.700000000,100.303158161,0.277047177,50.684362113,49.618796047
7.733333333,100.669044169,0.278927544,50.870921208,49.798122961
7.766666667,101.032948596,0.280812351,51.056498051,49.976450545
7.800000000,101.394855442,0.282701794,51.241085018,50.153770424
7.833333333,101.754748870,0.284596070,51.424674569,50.330074301
7.866666667,102.112613199,0.286495373,51.607259240,50.505353960
7.900000000,102.468432908,0.288399900,51.788831647,50.679601261
7.933333333,102.822192634,0.290309849,51.969384487,50.852808147
7.966666667,103.173877174,0.292225414,52.148910537,51.024966637
8.000000000,103.523471482,0.294146794,52.327402652,51.196068830
8.033333333,103.870960674,0.296074184,52.504853769,51.366106905
8.066666667,104.216330022,0.298007784,52.681256903,51.535073119
8.100000000,104.559564959,0.299947790,52.856605153,51.702959806
8.133333333,104.900651076,0.301894401,53.030891695,51.869759381
8.166666667,105.239574124,0.303847816,53.204109786,52.035464338
8.200000000,105.576320012,0.305808234,53.376252764,52.200067248
8.233333333,105.910874811,0.307775855,53.547314049,52.363560761
8.266666667,106.243224747,0.309750879,53.717287140,52.525937606
8.300000000,106.573356208,0.311733507,53.886165618,52.687190591
8.333333333,106.901255743,0.313723941,54.053943143,52.847312600
8.366666667,107.226910056,0.315722384,54.220613459,53.006296597
8.400000000,107.550306015,0.317729038,54.386170389,53.164135626
8.433333333,107.871430644,0.319744108,54.550607838,53.320822806
8.466666667,108.190271128,0.321767798,54.713919792,53.476351336
8.500000000,108.506814813,0.323800315,54.876100319,53.630714494
8.533333333,108.821049203,0.325841863,55.037143569,53.783905633
8.566666667,109.132961961,0.327892652,55.197043773,53.935918188
8.600000000,109.442540913,0.329952889,55.355795243,54.086745670
8.633333333,109.749774041,0.332022784,55.513392374,54.236381667
8.666666667,110.054649489,0.334102547,55.669829642,54.384819847
8.700000000,110.357155562,0.336192389,55.825101606,54.532053955
8.733333333,110.657280722,0.338292524,55.979202907,54.678077814
8.766666667,110.955013593,0.340403165,56.132128268,54.822885325
8.800000000,111.250342960,0.342524527,56.283872494,54.966470466
8.833333333,111.543257766,0.344656826,56.434430472,55.108827294
8.866666667,111.833747116,0.346800280,56.583797173,55.249949943
8.900000000,112.121800274,0.348955106,56.731967649,55.389832625
8.933333333,112.407406665,0.351121526,56.878937037,55.528469629
8.966666667,112.690555876,0.353299760,57.024700553,55.665855323
9.000000000,112.971237651,0.355490031,57.169253500,55.801984151
9.033333333,113.249441898,0.357692562,57.312591261,55.936850637
9.066666667,113.525158682,0.359907580,57.454709303,56.070449379
9.100000000,113.798378234,0.362135311,57.595603177,56.202775056
9.133333333,114.069090939,0.364375984,57.735268516,56.333822423
9.166666667,114.337287350,0.366629829,57.873701038,56.463586312
9.200000000,114.602958174,0.368897076,58.010896541,56.592061633
9.233333333,114.866094284,0.371177960,58.146850911,56.719243374
9.266666667,115.126686713,0.373472714,58.281560114,56.845126599
9.300000000,115.384726652,0.375781575,58.415020201,56.969706451
9.333333333,115.640205458,0.378104781,58.547227308,57.092978150
9.366666667,115.893114645,0.380442572,58.678177653,57.214936992
9.400000000,116.143445890,0.382795188,58.807867538,57.335578352
9.433333333,116.391191033,0.385162874,58.936293351,57.454897682
9.466666667,116.636342073,0.387545874,59.063451563,57.572890510
9.500000000,116.878891171,0.389944434,59.189338728,57.689552443
9.533333333,117.118830651,0.392358804,59.313951486,57.804879165
9.566666667,117.356152997,0.394789233,59.437286561,57.918866436
9.600000000,117.590850856,0.397235974,59.559340762,58.031510094
9.633333333,117.822917035,0.399699281,59.680110981,58.142806054
9.666666667,118.052344506,0.402179410,59.799594196,58.252750310
9.700000000,118.279126401,0.404676620,59.917787470,58.361338931
9.733333333,118.503256013,0.407191171,60.034687950,58.468568063
9.766666667,118.724726800,0.409723324,60.150292869,58.574433932
9.800000000,118.943532380,0.412273343,60.264599543,58.678932837
9.833333333,119.159666534,0.414841496,60.377605375,58.782061159
9.866666667,119.373123206,0.417428050,60.489307854,58.883815352
9.900000000,119.583896501,0.420033276,60.599704551,58.984191950
9.933333333,119.791980689,0.422657447,60.708793127,59.083187562
9.966666667,119.997370200,0.425300836,60.816571324,59.180798877
10.000000000,120.200059629,0.427963722,60.923036972,59.277022657
10.033333333,120.400043732,0.430646383,61.028187987,59.371855746
10.066666667,120.597317430,0.433349100,61.132022369,59.465295061
10.100000000,120.791875805,0.436072158,61.234538206,59.557337599
10.133333333,120.983714103,0.438815842,61.335733670,59.647980433
10.166666667,121.172827734,0.441580440,61.435607021,59.737220714
10.200000000,121.359212271,0.444366243,61.534156603,59.825055668
10.233333333,121.542863448,0.447173544,61.631380847,59.911482601
10.266666667,121.723777167,0.450002638,61.727278271,59.996498895
10.300000000,121.901949489,0.452853822,61.821847480,60.080102009
10.333333333,122.077376643,0.455727397,61.915087163,60.162289480
10.366666667,122.250055019,0.458623666,62.006996097,60.243058921
10.400000000,122.419981171,0.461542932,62.097573146,60.322408024
10.433333333,122.587151818,0.464485503,62.186817261,60.400334557
10.466666667,122.751563844,0.467451689,62.274727479,60.476836365
10.500000000,122.913214295,0.470441803,62.361302923,60.551911372
10.533333333,123.072100383,0.473456159,62.446542804,60.625557578
10.566666667,123.228219483,0.476495074,62.530446422,60.697773061
10.600000000,123.381569138,0.479558868,62.613013162,60.768555976
10.633333333,123.532147050,0.482647864,62.694242495,60.837904556
10.666666667,123.679951092,0.485762387,62.774133982,60.905817110
10.700000000,123.824979297,0.488902764,62.852687271,60.972292027
10.733333333,123.967229866,0.492069324,62.929902096,61.037327771
10.766666667,124.106701164,0.495262403,63.005778279,61.100922885
10.800000000,124.243391722,0.498482333,63.080315732,61.163075990
10.833333333,124.377300234,0.501729454,63.153514451,61.223785783
10.866666667,124.508425563,0.505004105,63.225374523,61.283051040
10.900000000,124.636766736,0.508306631,63.295896121,61.340870615
10.933333333,124.762322944,0.511637378,63.365079506,61.397243438
10.966666667,124.885093548,0.514996693,63.432925029,61.452168518
11.000000000,125.005078071,0.518384928,63.499433128,61.505644943
11.033333333,125.122276204,0.521802438,63.564604328,61.557671876
11.066666667,125.236687804,0.525249578,63.628439244,61.608248560
11.100000000,125.348312895,0.528726708,63.690938578,61.657374317
11.133333333,125.457151667,0.532234190,63.752103122,61.705048545
11.166666667,125.563204475,0.535772389,63.811933755,61.751270720
11.200000000,125.666471845,0.539341673,63.870431446,61.796040398
11.233333333,125.766954465,0.542942410,63.927597252,61.839357212
11.266666667,125.864653193,0.546574976,63.983432319,61.881220874
11.300000000,125.959569055,0.550239744,64.037937880,61.921631174
11.333333333,126.051703241,0.553937093,64.091115260,61.960587981
11.366666667,126.141057111,0.557667404,64.142965870,61.998091241
11.400000000,126.227632193,0.561431060,64.193491212,62.034140981
11.433333333,126.311430182,0.565228449,64.242692877,62.068737305
11.466666667,126.392452939,0.569059958,64.290572543,62.101880396
11.500000000,126.470702496,0.572925981,64.337131980,62.133570516
11.533333333,126.546181052,0.576826910,64.382373045,62.163808007
11.566666667,126.618890974,0.580763143,64.426297685,62.192593289
11.600000000,126.688834799,0.584735079,64.468907937,62.219926862
11.633333333,126.756015230,0.588743122,64.510205927,62.245809304
11.666666667,126.820435142,0.592787675,64.550193869,62.270241273
11.700000000,126.882097577,0.596869146,64.588874070,62.293223507
11.733333333,126.941005747,0.600987946,64.626248922,62.314756824
11.766666667,126.997163031,0.605144486,64.662320911,62.334842120
11.800000000,127.050572982,0.609339181,64.697092609,62.353480373
11.833333333,127.101239318,0.613572451,64.730566680,62.370672638
11.866666667,127.149165930,0.617844714,64.762745876,62.386420054
11.900000000,127.194356877,0.622156393,64.793633040,62.400723837
11.933333333,127.236816389,0.626507913,64.823231104,62.413585286
11.966666667,127.276548867,0.630899701,64.851543090,62.425005777
12.000000000,127.313558881,0.635332188,64.878572110,62.434986771
12.033333333,127.347851172,0.639805805,64.904321365,62.443529807
12.066666667,127.379430652,0.644320987,64.928794146,62.450636505
12.100000000,127.408302404,0.648878170,64.951993836,62.456308568
12.133333333,127.434471683,0.653477793,64.973923905,62.460547779
12.166666667,127.457943915,0.658120297,64.994587913,62.463356002
12.200000000,127.478724695,0.662806125,65.013989512,62.464735184
12.233333333,127.496819794,0.667535723,65.032132441,62.464687353
12.266666667,127.512235151,0.672309537,65.049020531,62.463214619
12.300000000,127.524976879,0.677128017,65.064657703,62.460319176
12.333333333,127.535051263,0.681991613,65.079047965,62.456003298
12.366666667,127.542464761,0.686900780,65.092195418,62.450269343
12.400000000,127.547224002,0.691855970,65.104104251,62.443119751
12.433333333,127.549335790,0.696857641,65.114778743,62.434557047
12.466666667,127.548807099,0.701906251,65.124223262,62.424583837
12.500000000,127.545645080,0.707002258,65.132442268,62.413202812
12.533333333,127.539857053,0.712146126,65.139440307,62.400416747
12.566666667,127.531450516,0.717338314,65.145222016,62.386228500
12.600000000,127.520433138,0.722579289,65.149792124,62.370641014
12.633333333,127.506812761,0.727869514,65.153155446,62.353657316
12.666666667,127.490597405,0.733209455,65.155316886,62.335280519
12.700000000,127.471795261,0.738599581,65.156281441,62.315513820
12.733333333,127.450414696,0.744040359,65.156054193,62.294360503
12.766666667,127.426464251,0.749532259,65.154640316,62.271823935
12.800000000,127.399952642,0.755075750,65.152045070,62.247907572
12.833333333,127.370888762,0.760671302,65.148273807,62.222614954
12.866666667,127.339281676,0.766319387,65.143331966,62.195949710
12.900000000,127.305140628,0.772020475,65.137225075,62.167915554
12.933333333,127.268475035,0.777775040,65.129958748,62.138516287
12.966666667,127.229294492,0.783583552,65.121538692,62.107755800
13.000000000,127.187608769,0.789446483,65.111970698,62.075638071
13.033333333,127.143427813,0.795364305,65.101260648,62.042167165
13.066666667,127.096761747,0.801337490,65.089414508,62.007347239
13.100000000,127.047620871,0.807366508,65.076438336,61.971182535
13.133333333,126.996015662,0.813451830,65.062338274,61.933677388
13.166666667,126.941956775,0.819593926,65.047120553,61.894836222
13.200000000,126.885455042,0.825793264,65.030791490,61.854663552
13.233333333,126.826521471,0.832050312,65.013357490,61.813163981
13.266666667,126.765167251,0.838365537,64.994825044,61.770342208
13.300000000,126.701403746,0.844739404,64.975200727,61.726203019
13.333333333,126.635242500,0.851172376,64.954491204,61.680751296
13.366666667,126.566695236,0.857664915,64.932703223,61.633992012
13.400000000,126.495773854,0.864217480,64.909843619,61.585930234
13.433333333,126.422490433,0.870830529,64.885919311,61.536571122
13.466666667,126.346857233,0.877504517,64.860937302,61.485919930
13.500000000,126.268886691,0.884239895,64.834904682,61.433982009
13.533333333,126.188591426,0.891037114,64.807828624,61.380762802
13.566666667,126.105984234,0.897896619,64.779716385,61.326267850
13.600000000,126.021078094,0.904818853,64.750575304,61.270502791
13.633333333,125.933886163,0.911804256,64.720412804,61.213473358
13.666666667,125.844421778,0.918853262,64.689236392,61.155185385
13.700000000,125.752698458,0.925966302,64.657053656,61.095644801
13.733333333,125.658729902,0.933143804,64.623872266,61.034857636
13.766666667,125.562529991,0.940386188,64.589699972,60.972830018
13.800000000,125.464112786,0.947693872,64.554544608,60.909568178
13.833333333,125.363492529,0.955067266,64.518414084,60.845078445
13.866666667,125.260683646,0.962506777,64.481316395,60.779367251
13.900000000,125.155700742,0.970012805,64.443259611,60.712441131
13.933333333,125.048558605,0.977585742,64.404251883,60.644306723
13.966666667,124.939272207,0.985225975,64.364301439,60.574970768
14.000000000,124.827856698,0.992933883,64.323416586,60.504440112
14.033333333,124.714327416,1.000709840,64.281605708,60.432721708
14.066666667,124.598699877,1.008554209,64.238877264,60.359822613
14.100000000,124.480989782,1.016467347,64.195239789,60.285749993
14.133333333,124.361213015,1.024449601,64.150701894,60.210511121
14.166666667,124.239385645,1.032501310,64.105272265,60.134113380
14.200000000,124.115523920,1.040622803,64.058959659,60.056564261
14.233333333,123.989644276,1.048814401,64.011772908,59.977871368
14.266666667,123.861763330,1.057076411,63.963720916,59.898042414
14.300000000,123.731897885,1.065409132,63.914812658,59.817085227
14.333333333,123.600064927,1.073812852,63.865057179,59.735007747
14.366666667,123.466281625,1.082287847,63.814463594,59.651818031
14.400000000,123.330565334,1.090834378,63.763041087,59.567524247
14.433333333,123.192933595,1.099452699,63.710798910,59.482134684
14.466666667,123.053404130,1.108143045,63.657746382,59.395657748
14.500000000,122.911994848,1.116905641,63.603892886,59.308101961
14.533333333,122.768723843,1.125740695,63.549247874,59.219475969
14.566666667,122.623609393,1.134648404,63.493820858,59.129788535
14.600000000,122.476669962,1.143628945,63.437621414,59.039048548
14.633333333,122.327924200,1.152682483,63.380659182,58.947265018
14.666666667,122.177390940,1.161809163,63.322943860,58.854447080
14.700000000,122.025028953,1.171028411,63.264492190,58.760536762
14.733333333,121.870964026,1.180307849,63.205304800,58.665659227
14.766666667,121.715239196,1.189647627,63.145403496,58.569835700
14.800000000,121.557741126,1.199090987,63.084814769,58.472926357
14.833333333,121.398546183,1.208617772,63.023538037,58.375008146
14.866666667,121.237671845,1.218228446,62.961582935,58.276088911
14.900000000,121.075135599,1.227923491,62.898959128,58.176176471
14.933333333,120.910954933,1.237703397,62.835676308,58.075278625
14.966666667,120.745147344,1.247568668,62.771744187,57.973403156
15.000000000,120.577730332,1.257519814,62.707172501,57.870557831
15.033333333,120.408721405,1.267557354,62.641970999,57.766750406
15.066666667,120.238138077,1.277681814,62.576149450,57.661988627
15.100000000,120.065997868,1.287893723,62.509717633,57.556280236
15.133333333,119.892318307,1.298193617,62.442685341,57.449632966
15.166666667,119.717116927,1.308582034,62.375062376,57.342054551
15.200000000,119.540411273,1.319059515,62.306858551,57.233552722
15.233333333,119.362218895,1.329626603,62.238083684,57.124135211
15.266666667,119.182557353,1.340283842,62.168747603,57.013809750
15.300000000,119.001444215,1.351031777,62.098860139,56.902584076
15.333333333,118.818897059,1.361870952,62.028431130,56.790465929
15.366666667,118.634933471,1.372801913,61.957470414,56.677463057
15.400000000,118.449571049,1.383825203,61.885987838,56.563583212
15.433333333,118.262827400,1.394941364,61.813993245,56.448834155
15.466666667,118.074720141,1.406150936,61.741496486,56.333223656
15.500000000,117.885266901,1.417454457,61.668507407,56.216759494
15.533333333,117.694485319,1.428852464,61.595035859,56.099449460
15.566666667,117.502393046,1.440345487,61.521091690,55.981301356
15.600000000,117.309007746,1.451934056,61.446684750,55.862322996
15.633333333,117.114347093,1.463618696,61.371824885,55.742522208
15.666666667,116.918428776,1.475399927,61.296521940,55.621906836
15.700000000,116.721270495,1.487278266,61.220785760,55.500484736
15.733333333,116.522889965,1.499254224,61.144626183,55.378263782
15.766666667,116.323304912,1.511328307,61.068053046,55.255251866
15.800000000,116.122533079,1.523501015,60.991076184,55.131456896
15.833333333,115.920592222,1.535772842,60.913705423,55.006886799
15.866666667,115.717500111,1.548144277,60.835950589,54.881549522
15.900000000,115.513274531,1.560615801,60.757821499,54.755453032
15.933333333,115.307933283,1.573187888,60.679327965,54.628605318
15.966666667,115.101494184,1.585861005,60.600479793,54.501014390
16.000000000,114.893975065,1.598635610,60.521286783,54.372688282
16.033333333,114.685393777,1.611512155,60.441758725,54.243635051
16.066666667,114.475768183,1.624491082,60.361905403,54.113862780
16.100000000,114.265116167,1.637572824,60.281736591,53.983379577
16.133333333,114.053455629,1.650757804,60.201262053,53.852193575
16.166666667,113.840804484,1.664046438,60.120491546,53.720312938
16.200000000,113.627180669,1.677439129,60.039434813,53.587745857
16.233333333,113.412602137,1.690936270,59.958101588,53.454500550
16.266666667,113.197086861,1.704538244,59.876501592,53.320585269
16.300000000,112.980652831,1.718245422,59.794644535,53.186008296
16.333333333,112.763318058,1.732058163,59.712540112,53.050777946
16.366666667,112.545100571,1.745976814,59.630198005,52.914902566
16.400000000,112.326018420,1.760001709,59.547627881,52.778390538
16.433333333,112.106089675,1.774133169,59.464839393,52.641250282
16.466666667,111.885332426,1.788371500,59.381842174,52.503490252
16.500000000,111.663764785,1.802716995,59.298645845,52.365118940
16.533333333,111.441404883,1.817169934,59.215260006,52.226144877
16.566666667,111.218270874,1.831730577,59.131694239,52.086576635
16.600000000,110.994380932,1.846399173,59.047958107,51.946422825
16.633333333,110.769753255,1.861175953,58.964061152,51.805692103
16.666666667,110.544406061,1.876061129,58.880012895,51.664393167
16.700000000,110.318357593,1.891054900,58.795822835,51.522534758
16.733333333,110.091626113,1.906157443,58.711500447,51.380125666
16.766666667,109.864229909,1.921368919,58.627055184,51.237174725
16.800000000,109.636187291,1.936689469,58.542496471,51.093690820
16.833333333,109.407516593,1.952119214,58.457833709,50.949682884
16.866666667,109.178236171,1.967658256,58.373076270,50.805159901
16.900000000,108.948364407,1.983306674,58.288233500,50.660130907
16.933333333,108.717919706,1.999064527,58.203314713,50.514604993
16.966666667,108.486920496,2.014931852,58.118329195,50.368591301
17.000000000,108.255385233,2.030908663,58.033286198,50.222099035
17.033333333,108.023332393,2.046994948,57.948194943,50.075137450
17.066666667,107.790780480,2.063190675,57.863064615,49.927715865
17.100000000,107.557748023,2.079495784,57.777904365,49.779843658
17.133333333,107.324253574,2.095910191,57.692723308,49.631530266
17.166666667,107.090315712,2.112433785,57.607530519,49.482785193
17.200000000,106.855953041,2.129066428,57.522335035,49.333618006
17.233333333,106.621184191,2.145807954,57.437145854,49.184038337
17.266666667,106.386027817,2.162658171,57.351971929,49.034055887
17.300000000,106.150502599,2.179616854,57.266822172,48.883680427
17.333333333,105.914627244,2.196683750,57.181705449,48.732921796
17.366666667,105.678420486,2.213858575,57.096630579,48.581789906
17.400000000,105.441901082,2.231141014,57.011606337,48.430294745
17.433333333,105.205087817,2.248530718,56.926641443,48.278446373
17.466666667,104.967999501,2.266027307,56.841744572,48.126254929
17.500000000,104.730654971,2.283630365,56.756924342,47.973730629
17.533333333,104.493073090,2.301339443,56.672189320,47.820883770
17.566666667,104.255272747,2.319154055,56.587548017,47.667724730
17.600000000,104.017272855,2.337073678,56.503008884,47.514263970
17.633333333,103.779092355,2.355097753,56.418580318,47.360512037
17.666666667,103.540750214,2.373225682,56.334270650,47.206479564
17.700000000,103.302265423,2.391456829,56.250088153,47.052177271
17.733333333,103.063657001,2.409790517,56.166041033,46.897615968
17.766666667,102.824943989,2.428226027,56.082137431,46.742806558
17.800000000,102.586145458,2.446762600,55.998385422,46.587760036
17.833333333,102.347280499,2.465399435,55.914793008,46.432487491
17.866666667,102.108368233,2.484135683,55.831368123,46.277000110
17.900000000,101.869427801,2.502970457,55.748118625,46.121309176
17.933333333,101.630478372,2.521902818,55.665052298,45.965426074
17.966666667,101.391539138,2.540931786,55.582176849,45.809362289
18.000000000,101.152629315,2.560056329,55.499499906,45.653129409
18.033333333,100.913768142,2.579275371,55.417029016,45.496739126
18.066666667,100.674974882,2.598587784,55.334771641,45.340203240
18.100000000,100.436268820,2.617992391,55.252735161,45.183533659
18.133333333,100.197669266,2.637487962,55.170926868,45.026742398
18.166666667,99.959195549,2.657073218,55.089353963,44.869841586
18.200000000,99.720867021,2.676746825,55.008023558,44.712843463
18.233333333,99.482703055,2.696507395,54.926942671,44.555760383
18.266666667,99.244723045,2.716353486,54.846118226,44.398604819
18.300000000,99.006946404,2.736283599,54.765557047,44.241389358
18.333333333,98.769392567,2.756296180,54.685265860,44.084126707
18.366666667,98.532080984,2.776389615,54.605251291,43.926829693
18.400000000,98.295031127,2.796562234,54.525519860,43.769511268
18.433333333,98.058262484,2.816812305,54.446077981,43.612184502
18.466666667,97.821794558,2.837138036,54.366931963,43.454862595
18.500000000,97.585646873,2.857537575,54.288088003,43.297558870
18.533333333,97.349838963,2.878009006,54.209552185,43.140286778
18.566666667,97.114390380,2.898550351,54.131330481,42.983059899
18.600000000,96.879320688,2.919159568,54.053428745,42.825891943
18.633333333,96.644649464,2.939834550,53.975852713,42.668796751
18.666666667,96.410396299,2.960573123,53.898608001,42.511788298
18.700000000,96.176580791,2.981373048,53.821700102,42.354880689
18.733333333,95.943222551,3.002232017,53.745134386,42.198088166
18.766666667,95.710341198,3.023147657,53.668916092,42.041425105
18.800000000,95.477956358,3.044117522,53.593050336,41.884906021
18.833333333,95.246087663,3.065139099,53.517542100,41.728545563
18.866666667,95.014754754,3.086209805,53.442396233,41.572358520
18.900000000,94.783977271,3.107326985,53.367617452,41.416359819
18.933333333,94.553774861,3.128487910,53.293210335,41.260564526
18.966666667,94.324167170,3.149689784,53.219179324,41.104987846
19.000000000,94.095173845,3.170929734,53.145528718,40.949645127
19.033333333,93.866814534,3.192204813,53.072262677,40.794551856
19.066666667,93.639108878,3.213512005,52.999385217,40.639723661
19.100000000,93.412076516,3.234848213,52.926900207,40.485176310
19.133333333,93.185737083,3.256210270,52.854811369,40.330925714
19.166666667,92.960110204,3.277594932,52.783122280,40.176987925
19.200000000,92.735215497,3.298998879,52.711836363,40.023379134
19.233333333,92.511072566,3.320418716,52.640956890,39.870115675
19.266666667,92.287701006,3.341850970,52.570486984,39.717214022
19.300000000,92.065120396,3.363292093,52.500429608,39.564690788
19.333333333,91.843350300,3.384738461,52.430787575,39.412562724
19.366666667,91.622410262,3.406186372,52.361563539,39.260846723
19.400000000,91.402319807,3.427632047,52.292759995,39.109559813
19.433333333,91.183098439,3.449071632,52.224379281,38.958719157
19.466666667,90.964765635,3.470501195,52.156423577,38.808342058
19.500000000,90.747340848,3.491916728,52.088894901,38.658445947
19.533333333,90.530843502,3.513314146,52.021795109,38.509048393
19.566666667,90.315292990,3.534689289,51.955125897,38.360167092
19.600000000,90.100708671,3.556037921,51.888888800,38.211819871
19.633333333,89.887109870,3.577355731,51.823085188,38.064024682
19.666666667,89.674515873,3.598638333,51.757716270,37.916799603
19.700000000,89.462945926,3.619881267,51.692783091,37.770162835
19.733333333,89.252419233,3.641079998,51.628286536,37.624132696
19.766666667,89.042954951,3.662229922,51.564227325,37.478727626
19.800000000,88.834572189,3.683326359,51.500606015,37.333966174
19.833333333,88.627290007,3.704364560,51.437423004,37.189867003
19.866666667,88.421127408,3.725339707,51.374678525,37.046448884
19.900000000,88.216103343,3.746246910,51.312372652,36.903730690
19.933333333,88.012236699,3.767081215,51.250505301,36.761731398
19.966666667,87.809546304,3.787837598,51.189076225,36.620470079
20.000000000,87.608050920,3.808510972,51.128085022,36.479965898
20.033333333,87.407769240,3.829096187,51.067531134,36.340238106
20.066666667,87.208719886,3.849588029,51.007413845,36.201306041
20.100000000,87.010921405,3.869981225,50.947732288,36.063189117
20.133333333,86.814392267,3.890270442,50.888485444,35.925906823
20.166666667,86.619150862,3.910450291,50.829672145,35.789478717
20.200000000,86.425215492,3.930515330,50.771291072,35.653924420
20.233333333,86.232604376,3.950460060,50.713340766,35.519263610
20.266666667,86.041335637,3.970278937,50.655819620,35.385516017
20.300000000,85.851427308,3.989966364,50.598725892,35.252701416
20.333333333,85.662897321,4.009516700,50.542057698,35.120839622
20.366666667,85.475763506,4.028924261,50.485813023,34.989950483
20.400000000,85.290043590,4.048183321,50.429989720,34.860053870
20.433333333,85.105755189,4.067288118,50.374585514,34.731169675
20.466666667,84.922915808,4.086232853,50.319598006,34.603317802
20.500000000,84.741542834,4.105011695,50.265024676,34.476518157
20.533333333,84.561653533,4.123618784,50.210862890,34.350790644
20.566666667,84.383265051,4.142048234,50.157109898,34.226155153
20.600000000,84.206394401,4.160294135,50.103762845,34.102631556
20.633333333,84.031058468,4.178350559,50.050818772,33.980239697
20.666666667,83.857273999,4.196211562,49.998274618,33.858999381
20.700000000,83.685057602,4.213871184,49.946127232,33.738930370
20.733333333,83.514425740,4.231323460,49.894373371,33.620052369
20.766666667,83.345394731,4.248562419,49.843009709,33.502385022
20.800000000,83.177980739,4.265582085,49.792032841,33.385947898
20.833333333,83.012199771,4.282376490,49.741439289,33.270760482
20.866666667,82.848067677,4.298939667,49.691225506,33.156842171
20.900000000,82.685600139,4.315265664,49.641387885,33.044212255
20.933333333,82.524812674,4.331348540,49.591922760,32.932889913
20.966666667,82.365720624,4.347182376,49.542826419,32.822894205
21.000000000,82.208339155,4.362761273,49.494095103,32.714244052
21.033333333,82.052683253,4.378079363,49.445725017,32.606958236
21.066666667,81.898767717,4.393130807,49.397712332,32.501055384
21.100000000,81.746607157,4.407909803,49.350053199,32.396553958
21.133333333,81.596215991,4.422410591,49.302743748,32.293472243
21.166666667,81.447608437,4.436627457,49.255780097,32.191828340
21.200000000,81.300798512,4.450554734,49.209158360,32.091640152
21.233333333,81.155800027,4.464186814,49.162874656,31.992925371
21.266666667,81.012626581,4.477518145,49.116925109,31.895701473
21.300000000,80.871291561,4.490543242,49.071305862,31.799985700
21.333333333,80.731808132,4.503256687,49.026013079,31.705795053
21.366666667,80.594189239,4.515653135,48.981042957,31.613146282
21.400000000,80.458447597,4.527727323,48.936391728,31.522055870
21.433333333,80.324595692,4.539474068,48.892055668,31.432540024
21.466666667,80.192645773,4.550888275,48.848031108,31.344614666
21.500000000,80.062609852,4.561964943,48.804314432,31.258295420
21.533333333,79.934499694,4.572699169,48.760902095,31.173597600
21.566666667,79.808326821,4.583086149,48.717790620,31.090536201
21.600000000,79.684102500,4.593121188,48.674976611,31.009125888
21.633333333,79.561837745,4.602799702,48.632456761,30.929380984
21.666666667,79.441543309,4.612117222,48.590227850,30.851315459
21.700000000,79.323229686,4.621069399,48.548286764,30.774942921
21.733333333,79.206907098,4.629652010,48.506630492,30.700276607
21.766666667,79.092585503,4.637860959,48.465256134,30.627329368
21.800000000,78.980274579,4.645692285,48.424160914,30.556113665
21.833333333,78.869983732,4.653142162,48.383342177,30.486641555
21.866666667,78.761722085,4.660206907,48.342797401,30.418924684
21.900000000,78.655498475,4.666882981,48.302524201,30.352974274
21.933333333,78.551321454,4.673166996,48.262520335,30.288801119
21.966666667,78.449199284,4.679055714,48.222783708,30.226415576
22.000000000,78.349139930,4.684546056,48.183312380,30.165827549
22.033333333,78.251151062,4.689635100,48.144104569,30.107046492
22.066666667,78.155240050,4.694320088,48.105158656,30.050081393
22.100000000,78.061413961,4.698598429,48.066473191,29.994940770
22.133333333,77.969679556,4.702467700,48.028046893,29.941632662
22.166666667,77.880043288,4.705925650,47.989878663,29.890164626
22.200000000,77.792511300,4.708970201,47.951967575,29.840543725
22.233333333,77.707089421,4.711599455,47.914312893,29.792776528
22.266666667,77.623783162,4.713811691,47.876914063,29.746869099
22.300000000,77.542597720,4.715605369,47.839770723,29.702826997
22.333333333,77.463537970,4.716979133,47.802882702,29.660655268
22.366666667,77.386608463,4.717931812,47.766250023,29.620358440
22.400000000,77.311813429,4.718462420,47.729872908,29.581940522
22.433333333,77.239156771,4.718570161,47.693751772,29.545404999
22.466666667,77.168642063,4.718254425,47.657887234,29.510754829
22.500000000,77.100272552,4.717514794,47.622280111,29.477992441
22.533333333,77.034051152,4.716351038,47.586931419,29.447119733
22.566666667,76.969980449,4.714763120,47.551842378,29.418138071
22.600000000,76.908062691,4.712751192,47.517014407,29.391048285
22.633333333,76.848299797,4.710315598,47.482449125,29.365850672
22.666666667,76.790693347,4.707456873,47.448148352,29.342544996
22.700000000,76.735244588,4.704175742,47.414114105,29.321130483
22.733333333,76.681954430,4.700473119,47.380348598,29.301605831
22.766666667,76.630823444,4.696350110,47.346854242,29.283969202
22.800000000,76.581851867,4.691808006,47.313633637,29.268218230
22.833333333,76.535039598,4.686848285,47.280689577,29.254350021
22.866666667,76.490386196,4.681472611,47.248025042,29.242361154
22.900000000,76.447890886,4.675682831,47.215643196,29.232247691
22.933333333,76.407552555,4.669480975,47.183547383,29.224005171
22.966666667,76.369369750,4.662869251,47.151741127,29.217628623
23.000000000,76.333340686,4.655850045,47.120228122,29.213112564
23.033333333,76.299463241,4.648425918,47.089012231,29.210451009
23.066666667,76.267734955,4.640599602,47.058097482,29.209637474
23.100000000,76.238153039,4.632374001,47.027488059,29.210664980
23.133333333,76.210714367,4.623752182,46.997188303,29.213526064
23.166666667,76.185415483,4.614737379,46.967202701,29.218212782
23.200000000,76.162252601,4.605332982,46.937535881,29.224716720
23.233333333,76.141221603,4.595542540,46.908192610,29.233028993
23.266666667,76.122318048,4.585369754,46.879177783,29.243140266
23.300000000,76.105537166,4.574818474,46.850496418,29.255040748
23.333333333,76.090873864,4.563892695,46.822153653,29.268720211
23.366666667,76.078322727,4.552596551,46.794154732,29.284167996
23.400000000,76.067878022,4.540934317,46.766505004,29.301373017
23.433333333,76.059533695,4.528910396,46.739209916,29.320323779
23.466666667,76.053283380,4.516529321,46.712275000,29.341008380
23.500000000,76.049120398,4.503795750,46.685705871,29.363414527
23.533333333,76.047037758,4.490714456,46.659508218,29.387529540
23.566666667,76.047028164,4.477290331,46.633687796,29.413340367
23.600000000,76.049084014,4.463528374,46.608250418,29.440833596
23.633333333,76.053197405,4.449433687,46.583201948,29.469995457
23.666666667,76.059360137,4.435011476,46.558548292,29.500811845
23.700000000,76.067563714,4.420267039,46.534295393,29.533268321
23.733333333,76.077799347,4.405205764,46.510449220,29.567350127
23.766666667,76.090057959,4.389833126,46.487015760,29.603042199
23.800000000,76.104330190,4.374154678,46.464001013,29.640329177
23.833333333,76.120606396,4.358176048,46.441410983,29.679195413
23.866666667,76.138876657,4.341902937,46.419251669,29.719624988
23.900000000,76.159130778,4.325341107,46.397529056,29.761601722
23.933333333,76.181358296,4.308496382,46.376249113,29.805109183
23.966666667,76.205548479,4.291374641,46.355417780,29.850130700
24.000000000,76.231690336,4.273981812,46.335040960,29.896649376
24.033333333,76.259772615,4.256323869,46.315124517,29.944648098
24.066666667,76.289783814,4.238406825,46.295674264,29.994109550
24.100000000,76.321712178,4.220236731,46.276695956,30.045016222
24.133333333,76.355545709,4.201819664,46.258195285,30.097350423
24.166666667,76.391272167,4.183161731,46.240177874,30.151094293
24.200000000,76.428879076,4.164269057,46.222649264,30.206229813
24.233333333,76.468353730,4.145147786,46.205614915,30.262738815
24.266666667,76.509683194,4.125804071,46.189080195,30.320602998
24.300000000,76.552854309,4.106244075,46.173050377,30.379803933
24.333333333,76.597853702,4.086473963,46.157530626,30.440323075
24.366666667,76.644667782,4.066499899,46.142526004,30.502141778
24.400000000,76.693282753,4.046328040,46.128041454,30.565241299
24.433333333,76.743684614,4.025964536,46.114081800,30.629602814
24.466666667,76.795859164,4.005415522,46.100651740,30.695207424
24.500000000,76.849792010,3.984687116,46.087755844,30.762036166
24.533333333,76.905468568,3.963785414,46.075398543,30.830070025
24.566666667,76.962874069,3.942716489,46.063584129,30.899289940
24.600000000,77.021993565,3.921486383,46.052316750,30.969676815
24.633333333,77.082811935,3.900101108,46.041600406,31.041211529
24.666666667,77.145313885,3.878566640,46.031438943,31.113874942
24.700000000,77.209483958,3.856888917,46.021836050,31.187647907
24.733333333,77.275306537,3.835073835,46.012795259,31.262511278
24.766666667,77.342765849,3.813127246,46.004319935,31.338445914
24.800000000,77.411845971,3.791054953,45.996413279,31.415432692
24.833333333,77.482530835,3.768862711,45.989078323,31.493452512
24.866666667,77.554804233,3.746556221,45.982317926,31.572486306
24.900000000,77.628649819,3.724141130,45.976134775,31.652515044
24.933333333,77.704051120,3.701623025,45.970531378,31.733519742
24.966666667,77.780991534,3.679007436,45.965510067,31.815481467
25.000000000,77.859454339,3.656299828,45.961072993,31.898381346
25.033333333,77.939422696,3.633505605,45.957222127,31.982200569
25.066666667,78.020879657,3.610630102,45.953959256,32.066920401
25.100000000,78.103808163,3.587678589,45.951285984,32.152522179
25.133333333,78.188191056,3.564656265,45.949203730,32.238987326
25.166666667,78.274011080,3.541568258,45.947713729,32.326297351
25.200000000,78.361250885,3.518419625,45.946817029,32.414433857
25.233333333,78.449893034,3.495215346,45.946514491,32.503378543
25.266666667,78.539920006,3.471960331,45.946806793,32.593113213
25.300000000,78.631314200,3.448659409,45.947694425,32.683619775
25.333333333,78.724057940,3.425317335,45.949177691,32.774880249
25.366666667,78.818133481,3.401938785,45.951256711,32.866876770
25.400000000,78.913523012,3.378528355,45.953931419,32.959591593
25.433333333,79.010208659,3.355090563,45.957201566,33.053007093
25.466666667,79.108172491,3.331629847,45.961066720,33.147105771
25.500000000,79.207396524,3.308150562,45.965526266,33.241870258
25.533333333,79.307862724,3.284656984,45.970579408,33.337283316
25.566666667,79.409553014,3.261153306,45.976225173,33.433327841
25.600000000,79.512449273,3.237643641,45.982462408,33.529986866
25.633333333,79.616533346,3.214132017,45.989289783,33.627243564
25.666666667,79.721787044,3.190622382,45.996705795,33.725081248
25.700000000,79.828192146,3.167118601,46.004708768,33.823483378
25.733333333,79.935730409,3.143624458,46.013296854,33.922433555
25.766666667,80.044383566,3.120143652,46.022468036,34.021915530
25.800000000,80.154133333,3.096679802,46.032220132,34.121913201
25.833333333,80.264961411,3.073236446,46.042550793,34.222410618
25.866666667,80.376849490,3.049817038,46.053457510,34.323391980
25.900000000,80.489779252,3.026424953,46.064937613,34.424841640
25.933333333,80.603732376,3.003063485,46.076988274,34.526744102
25.966666667,80.718690538,2.979735846,46.089606511,34.629084027
26.000000000,80.834635418,2.956445170,46.102789190,34.731846229
26.033333333,80.951548702,2.933194511,46.116533026,34.835015676
26.066666667,81.069412082,2.909986844,46.130834588,34.938577494
26.100000000,81.188207264,2.886825067,46.145690300,35.042516964
26.133333333,81.307915969,2.863712000,46.161096446,35.146819523
26.166666667,81.428519934,2.840650385,46.177049170,35.251470764
26.200000000,81.550000916,2.817642891,46.193544480,35.356456437
26.233333333,81.672340698,2.794692109,46.210578251,35.461762447
26.266666667,81.795521086,2.771800558,46.228146231,35.567374855
26.300000000,81.919523916,2.748970681,46.246244036,35.673279879
26.333333333,82.044331054,2.726204850,46.264867163,35.779463892
26.366666667,82.169924401,2.703505367,46.284010983,35.885913419
26.400000000,82.296285894,2.680874459,46.303670752,35.992615142
26.433333333,82.423397506,2.658314286,46.323841610,36.099555895
26.466666667,82.551241253,2.635826939,46.344518585,36.206722668
26.500000000,82.679799194,2.613414440,46.365696596,36.314102598
26.533333333,82.809053431,2.591078744,46.387370454,36.421682977
26.566666667,82.938986116,2.568821742,46.409534869,36.529451247
26.600000000,83.069579448,2.546645258,46.432184450,36.637394998
26.633333333,83.200815678,2.524551052,46.455313708,36.745501970
26.666666667,83.332677111,2.502540823,46.478917060,36.853760050
26.700000000,83.465146104,2.480616206,46.502988832,36.962157272
26.733333333,83.598205074,2.458778776,46.527523261,37.070681814
26.766666667,83.731836496,2.437030050,46.552514497,37.179321999
26.800000000,83.866022903,2.415371483,46.577956611,37.288066292
26.833333333,84.000746891,2.393804475,46.603843590,37.396903302
26.866666667,84.135991121,2.372330368,46.630169345,37.505821775
26.900000000,84.271738315,2.350950450,46.656927715,37.614810600
26.933333333,84.407971265,2.329665952,46.684112464,37.723858802
26.966666667,84.544672828,2.308478054,46.711717288,37.832955540
27.000000000,84.681825932,2.287387883,46.739735819,37.942090113
27.033333333,84.819413572,2.266396515,46.768161622,38.051251950
27.066666667,84.957418818,2.245504973,46.796988204,38.160430614
27.100000000,85.095824810,2.224714236,46.826209012,38.269615798
27.133333333,85.234614764,2.204025229,46.855817438,38.378797326
27.166666667,85.373771967,2.183438835,46.885806819,38.487965148
27.200000000,85.513279786,2.162955887,46.916170444,38.597109342
27.233333333,85.653121662,2.142577175,46.946901552,38.706220110
27.266666667,85.793281113,2.122303445,46.977993335,38.815287778
27.300000000,85.933741738,2.102135398,47.009438943,38.924302796
27.333333333,86.074487214,2.082073696,47.041231483,39.033255731
27.366666667,86.215501298,2.062118956,47.073364025,39.142137272
27.400000000,86.356767827,2.042271758,47.105829601,39.250938226
27.433333333,86.498270720,2.022532641,47.138621208,39.359649512
27.466666667,86.639993979,2.002902106,47.171731809,39.468262169
27.500000000,86.781921687,1.983380619,47.205154341,39.576767346
27.533333333,86.924038013,1.963968605,47.238881708,39.685156305
27.566666667,87.066327206,1.944666457,47.272906789,39.793420417
27.600000000,87.208773601,1.925474532,47.307222440,39.901551162
27.633333333,87.351361620,1.906393155,47.341821492,40.009540128
27.666666667,87.494075766,1.887422615,47.376696758,40.117379008
27.700000000,87.636900630,1.868563172,47.411841030,40.225059600
27.733333333,87.779820889,1.849815052,47.447247084,40.332573805
27.766666667,87.922821304,1.831178455,47.482907680,40.439913624
27.800000000,88.065886725,1.812653546,47.518815565,40.547071159
27.833333333,88.209002086,1.794240465,47.554963475,40.654038611
27.866666667,88.352152409,1.775939323,47.591344134,40.760808276
27.900000000,88.495322805,1.757750204,47.627950257,40.867372548
27.933333333,88.638498468,1.739673166,47.664774554,40.973723914
27.966666667,88.781664682,1.721708241,47.701809728,41.079854955
28.000000000,88.924806819,1.703855435,47.739048477,41.185758342
28.033333333,89.067910336,1.686114732,47.776483499,41.291426837
28.066666667,89.210960778,1.668486091,47.814107487,41.396853291
28.100000000,89.353943779,1.650969448,47.851913136,41.502030643
28.133333333,89.496845059,1.633564719,47.889893143,41.606951916
28.166666667,89.639650425,1.616271796,47.928040206,41.711610220
28.200000000,89.782345773,1.599090553,47.966347026,41.815998747
28.233333333,89.924917085,1.582020840,48.004806312,41.920110773
28.266666667,90.067350430,1.565062492,48.043410777,42.023939653
28.300000000,90.209631963,1.548215322,48.082153140,42.127478823
28.333333333,90.351747929,1.531479127,48.121026132,42.230721797
28.366666667,90.493684656,1.514853684,48.160022489,42.333662167
28.400000000,90.635428561,1.498338754,48.199134962,42.436293600
28.433333333,90.776966146,1.481934083,48.238356309,42.538609837
28.466666667,90.918283998,1.465639398,48.277679303,42.640604696
28.500000000,91.059368793,1.449454413,48.317096729,42.742272064
28.533333333,91.200207288,1.433378827,48.356601388,42.843605901
28.566666667,91.340786329,1.417412323,48.396186093,42.944600236
28.600000000,91.481092845,1.401554572,48.435843676,43.045249170
28.633333333,91.621113850,1.385805230,48.475566983,43.145546868
28.666666667,91.760836443,1.370163942,48.515348879,43.245487564
28.700000000,91.900247804,1.354630339,48.555182246,43.345065558
28.733333333,92.039335201,1.339204041,48.595059986,43.444275214
28.766666667,92.178085981,1.323884656,48.634975020,43.543110960
28.800000000,92.316487576,1.308671781,48.674920290,43.641567287
28.833333333,92.454527501,1.293565003,48.714888756,43.739638745
28.866666667,92.592193351,1.278563898,48.754873402,43.837319949
28.900000000,92.729472804,1.263668033,48.794867235,43.934605569
28.933333333,92.866353619,1.248876965,48.834863281,44.031490338
28.966666667,93.002823634,1.234190243,48.874854591,44.127969043
29.000000000,93.138870771,1.219607405,48.914834241,44.224036530
29.033333333,93.274483028,1.205127984,48.954795329,44.319687699
29.066666667,93.409648484,1.190751502,48.994730977,44.414917507
29.100000000,93.544355298,1.176477477,49.034634336,44.509720963
29.133333333,93.678591706,1.162305416,49.074498576,44.604093129
29.166666667,93.812346021,1.148234822,49.114316899,44.698029121
29.200000000,93.945606635,1.134265191,49.154082530,44.791524105
29.233333333,94.078362018,1.120396010,49.193788721,44.884573297
29.266666667,94.210600714,1.106626765,49.233428750,44.977171963
29.300000000,94.342311343,1.092956932,49.272995925,45.069315419
29.333333333,94.473482604,1.079385983,49.312483577,45.160999026
29.366666667,94.604103266,1.065913387,49.351885070,45.252218196
29.400000000,94.734161413,1.052540524,49.391197100,45.342964314
29.433333333,94.863647469,1.039258450,49.430397677,45.433249792
29.466666667,94.992551048,1.026062926,49.469473459,45.523077589
29.500000000,95.120859992,1.012958718,49.508427531,45.612432461
29.533333333,95.248564715,0.999942221,49.547248168,45.701316547
29.566666667,95.375654981,0.987012821,49.585929070,45.789725911
29.600000000,95.502120662,0.974169881,49.624463947,45.877656714
29.633333333,95.627951742,0.961412742,49.662846529,45.965105213
29.666666667,95.753138315,0.948740732,49.701070564,46.052067751
29.700000000,95.877670585,0.936153158,49.739129827,46.138540758
29.733333333,96.001538864,0.923649318,49.777018120,46.224520744
29.766666667,96.124733573,0.911228495,49.814729278,46.310004295
29.800000000,96.247245240,0.898889965,49.852257168,46.394988072
29.833333333,96.369064498,0.886632992,49.889595695,46.479468803
29.866666667,96.490182090,0.874456834,49.926738802,46.563443288
29.900000000,96.610588860,0.862360740,49.963680470,46.646908391
29.933333333,96.730275761,0.850343958,50.000414723,46.729861038
29.966666667,96.849233846,0.838405726,50.036935627,46.812298220
30.000000000,96.967454275,0.826545280,50.073237292,46.894216983
30.033333333,97.084928309,0.814761854,50.109313873,46.975614436
30.066666667,97.201647311,0.803054676,50.145159570,47.056487741
30.100000000,97.317602747,0.791422973,50.180768630,47.136834117
30.133333333,97.432786182,0.779865972,50.216135345,47.216650837
30.166666667,97.547189282,0.768382896,50.251254056,47.295935226
30.200000000,97.660803815,0.756972967,50.286119152,47.374684663
30.233333333,97.773621644,0.745635408,50.320725069,47.452896576
30.266666667,97.885634734,0.734369441,50.355066292,47.530568442
30.300000000,97.996835145,0.723174287,50.389137355,47.607697790
30.333333333,98.107215036,0.712049168,50.422932840,47.684282196
30.366666667,98.216766663,0.700993305,50.456447380,47.760319283
30.400000000,98.325482375,0.690005923,50.489675654,47.835806721
30.433333333,98.433354620,0.679086244,50.522612394,47.910742226
30.466666667,98.540375939,0.668233492,50.555252377,47.985123561
30.500000000,98.646538967,0.657446894,50.587590434,48.058948533
30.533333333,98.751836434,0.646725677,50.619621442,48.132214993
30.566666667,98.856261162,0.636069068,50.651340327,48.204920836
30.600000000,98.959806066,0.625476297,50.682742067,48.277064000
30.633333333,99.062464153,0.614946597,50.713821686,48.348642467
30.666666667,99.164228520,0.604479200,50.744574260,48.419654260
30.700000000,99.265092357,0.594073341,50.774994912,48.490097445
30.733333333,99.365048943,0.583728258,50.805078814,48.559970129
30.766666667,99.464091647,0.573443189,50.834821188,48.629270460
30.800000000,99.562213927,0.563217376,50.864217302,48.697996625
30.833333333,99.659409330,0.553050062,50.893262476,48.766146854
30.866666667,99.755671491,0.542940491,50.921952075,48.833719416
30.900000000,99.850994133,0.532887913,50.950281515,48.900712618
30.933333333,99.945371064,0.522891577,50.978246258,48.967124807
30.966666667,100.038796183,0.512950736,51.005841814,49.032954369
31.000000000,100.131263470,0.503064643,51.033063742,49.098199728
31.033333333,100.222766993,0.493232558,51.059907646,49.162859347
31.066666667,100.313300907,0.483453738,51.086369181,49.226931726
31.100000000,100.402859447,0.473727447,51.112444045,49.290415402
31.133333333,100.491436937,0.464052950,51.138127987,49.353308950
31.166666667,100.579027780,0.454429512,51.163416799,49.415610982
31.200000000,100.665626466,0.444856406,51.188306321,49.477320145
31.233333333,100.751227565,0.435332902,51.212792441,49.538435125
31.266666667,100.835825731,0.425858277,51.236871090,49.598954641
31.300000000,100.919415698,0.416431807,51.260538247,49.658877451
31.333333333,101.001992284,0.407052773,51.283789937,49.718202347
31.366666667,101.083550384,0.397720459,51.306622229,49.776928155
31.400000000,101.164084976,0.388434150,51.329031238,49.835053738
31.433333333,101.243591118,0.379193134,51.351013125,49.892577993
31.466666667,101.322063947,0.369996703,51.372564094,49.949499853
31.500000000,101.399498678,0.360844149,51.393680395,50.005818283
31.533333333,101.475890607,0.351734770,51.414358323,50.061532284
31.566666667,101.551235106,0.342667865,51.434594215,50.116640890
31.600000000,101.625527626,0.333642734,51.454384455,50.171143170
31.633333333,101.698763695,0.324658683,51.473725469,50.225038226
31.666666667,101.770938919,0.315715019,51.492613727,50.278325192
31.700000000,101.842048979,0.306811051,51.511045741,50.331003238
31.733333333,101.912089633,0.297946091,51.529018069,50.383071564
31.766666667,101.981056716,0.289119455,51.546527311,50.434529406
31.800000000,102.048946137,0.280330460,51.563570107,50.485376030
31.833333333,102.115753881,0.271578426,51.580143145,50.535610736
31.866666667,102.181476006,0.262862676,51.596243150,50.585232856
31.900000000,102.246108647,0.254182535,51.611866892,50.634241755
31.933333333,102.309648011,0.245537332,51.627011182,50.682636829
31.966666667,102.372090380,0.236926396,51.641672874,50.730417506
32.000000000,102.433432108,0.228349060,51.655848862,50.777583246
32.033333333,102.493669622,0.219804661,51.669536082,50.824133541
32.066666667,102.552799424,0.211292535,51.682731510,50.870067914
32.100000000,102.610818086,0.202812024,51.695432166,50.915385920
32.133333333,102.667722252,0.194362470,51.707635107,50.960087145
32.166666667,102.723508638,0.185943219,51.719337432,51.004171207
32.200000000,102.778174032,0.177553617,51.730536280,51.047637752
32.233333333,102.831715293,0.169193017,51.741228832,51.090486461
32.266666667,102.884129349,0.160860769,51.751412306,51.132717043
32.300000000,102.935413201,0.152556228,51.761083962,51.174329239
32.333333333,102.985563917,0.144278752,51.770241098,51.215322819
32.366666667,103.034578637,0.136027701,51.778881051,51.255697587
32.400000000,103.082454571,0.127802435,51.787001199,51.295453373
32.433333333,103.129188997,0.119602318,51.794598957,51.334590040
32.466666667,103.174779261,0.111426717,51.801671779,51.373107481
32.500000000,103.219222779,0.103275001,51.808217160,51.411005619
32.533333333,103.262517036,0.095146538,51.814232630,51.448284407
32.566666667,103.304659585,0.087040702,51.819715758,51.484943827
32.600000000,103.345648044,0.078956868,51.824664152,51.520983892
32.633333333,103.385480102,0.070894411,51.829075457,51.556404645
32.666666667,103.424153515,0.062852711,51.832947356,51.591206159
32.700000000,103.461666104,0.054831149,51.836277570,51.625388534
32.733333333,103.498015758,0.046829107,51.839063855,51.658951904
32.766666667,103.533200434,0.038845970,51.841304005,51.691896428
32.800000000,103.567218153,0.030881124,51.842995854,51.724222299
32.833333333,103.600067003,0.022933958,51.844137267,51.755929736
32.866666667,103.631745139,0.015003862,51.844726151,51.787018989
32.900000000,103.662250781,0.007090228,51.844760445,51.817490337
32.933333333,103.691582214,-0.000807550,51.844238127,51.847344087
32.966666667,103.719737789,-0.008690076,51.843157210,51.876580579
33.000000000,103.746715921,-0.016557953,51.841515743,51.905200178
33.033333333,103.772515090,-0.024411782,51.839311810,51.933203280
33.066666667,103.797133843,-0.032252162,51.836543532,51.960590311
33.100000000,103.820570788,-0.040079691,51.833209065,51.987361724
33.133333333,103.842824600,-0.047894965,51.829306598,52.013518002
33.166666667,103.863894017,-0.055698578,51.824834358,52.039059659
33.200000000,103.883777840,-0.063491124,51.819790605,52.063987235
33.233333333,103.902474934,-0.071273193,51.814173635,52.088301299
33.266666667,103.919984230,-0.079045375,51.807981778,52.112002452
33.300000000,103.936304719,-0.086808260,51.801213398,52.135091322
33.333333333,103.951435458,-0.094562434,51.793866893,52.157568564
33.366666667,103.965375563,-0.102308484,51.785940698,52.179434865
33.400000000,103.978124218,-0.110046992,51.777433278,52.200690940
33.433333333,103.989680667,-0.117778543,51.768343135,52.221337532
33.466666667,104.000044215,-0.125503719,51.758668802,52.241375412
33.500000000,104.009214232,-0.133223099,51.748408849,52.260805383
33.533333333,104.017190150,-0.140937263,51.737561876,52.279628274
33.566666667,104.023971461,-0.148646790,51.726126518,52.297844943
33.600000000,104.029557722,-0.156352257,51.714101444,52.315456278
33.633333333,104.033948549,-0.164054238,51.701485355,52.332463195
33.666666667,104.037143622,-0.171753310,51.688276984,52.348866638
33.700000000,104.039142680,-0.179450046,51.674475098,52.364667582
33.733333333,104.039945527,-0.187145018,51.660078498,52.379867029
33.766666667,104.039552024,-0.194838799,51.645086015,52.394466009
33.800000000,104.037962097,-0.202531958,51.629496514,52.408465583
33.833333333,104.035175731,-0.210225066,51.613308891,52.421866839
33.866666667,104.031192972,-0.217918693,51.596522077,52.434670895
33.900000000,104.026013928,-0.225613404,51.579135032,52.446878896
33.933333333,104.019638767,-0.233309769,51.561146750,52.458492017
33.966666667,104.012067719,-0.241008354,51.542556256,52.469511462
34.000000000,104.003301071,-0.248709723,51.523362608,52.479938464
34.033333333,103.993339175,-0.256414441,51.503564893,52.489774282
34.066666667,103.982182440,-0.264123074,51.483162232,52.499020208
34.100000000,103.969831337,-0.271836183,51.462153777,52.507677560
34.133333333,103.956286397,-0.279554333,51.440538713,52.515747684
34.166666667,103.941548210,-0.287278084,51.418316252,52.523231959
34.200000000,103.925617429,-0.295007998,51.395485641,52.530131788
34.233333333,103.908494763,-0.302744637,51.372046157,52.536448606
34.266666667,103.890180983,-0.310488559,51.347997108,52.542183875
34.300000000,103.870676921,-0.318240326,51.323337834,52.547339087
34.333333333,103.849983467,-0.326000495,51.298067704,52.551915763
34.366666667,103.828101570,-0.333769627,51.272186119,52.555915452
34.400000000,103.805032242,-0.341548278,51.245692510,52.559339732
34.433333333,103.780776552,-0.349337006,51.218586341,52.562190211
34.466666667,103.755335628,-0.357136370,51.190867103,52.564468526
34.500000000,103.728710660,-0.364946925,51.162534320,52.566176341
34.533333333,103.700902896,-0.372769229,51.133587546,52.567315350
34.566666667,103.671913643,-0.380603837,51.104026365,52.567887278
34.600000000,103.641744268,-0.388451305,51.073850393,52.567893875
34.633333333,103.610396198,-0.396312189,51.043059273,52.567336925
34.666666667,103.577870917,-0.404187044,51.011652682,52.566218236
34.700000000,103.544169973,-0.412076424,50.979630324,52.564539649
34.733333333,103.509294967,-0.419980885,50.946991935,52.562303032
34.766666667,103.473247565,-0.427900980,50.913737282,52.559510283
34.800000000,103.436029489,-0.435837264,50.879866159,52.556163330
34.833333333,103.397642520,-0.443790291,50.845378392,52.552264128
34.866666667,103.358088500,-0.451760614,50.810273838,52.547814662
34.900000000,103.317369330,-0.459748787,50.774552382,52.542816948
34.933333333,103.275486969,-0.467755363,50.738213940,52.537273029
34.966666667,103.232443435,-0.475780895,50.701258457,52.531184978
35.000000000,103.188240808,-0.483825937,50.663685909,52.524554899
35.033333333,103.142881223,-0.491891041,50.625496301,52.517384921
35.066666667,103.096366877,-0.499976760,50.586689668,52.509677208
35.100000000,103.048700025,-0.508083647,50.547266076,52.501433949
35.133333333,102.999882983,-0.516212254,50.507225618,52.492657364
35.166666667,102.949918124,-0.524363133,50.466568421,52.483349703
35.200000000,102.898807881,-0.532536838,50.425294637,52.473513244
35.233333333,102.846554747,-0.540733919,50.383404452,52.463150295
35.266666667,102.793161273,-0.548954930,50.340898079,52.452263194
35.300000000,102.738630070,-0.557200422,50.297775761,52.440854309
35.333333333,102.682963809,-0.565470948,50.254037774,52.428926035
35.366666667,102.626165219,-0.573767059,50.209684420,52.416480800
35.400000000,102.568237089,-0.582089307,50.164716032,52.403521058
35.433333333,102.509182268,-0.590438244,50.119132973,52.390049294
35.466666667,102.449003662,-0.598814421,50.072935637,52.376068025
35.500000000,102.387704240,-0.607218390,50.026124446,52.361579794
35.533333333,102.325287028,-0.615650703,49.978699854,52.346587174
35.566666667,102.261755114,-0.624111911,49.930662343,52.331092771
35.600000000,102.197111641,-0.632602566,49.882012425,52.315099216
35.633333333,102.131359818,-0.641123217,49.832750645,52.298609173
35.666666667,102.064502908,-0.649674418,49.782877574,52.281625334
35.700000000,101.996544237,-0.658256718,49.732393815,52.264150421
35.733333333,101.927487190,-0.666870668,49.681300003,52.246187186
35.766666667,101.857335212,-0.675516819,49.629596801,52.227738411
35.800000000,101.786091808,-0.684195721,49.577284902,52.208806906
35.833333333,101.713760542,-0.692907925,49.524365031,52.189395511
35.866666667,101.640345040,-0.701653980,49.470837943,52.169507098
35.900000000,101.565848987,-0.710434437,49.416704422,52.149144566
35.933333333,101.490276129,-0.719249845,49.361965285,52.128310844
35.966666667,101.413630270,-0.728100754,49.306621378,52.107008892
36.000000000,101.335915277,-0.736987711,49.250673579,52.085241698
36.033333333,101.257135076,-0.745911267,49.194122795,52.063012282
36.066666667,101.177293656,-0.754871968,49.136969966,52.040323690
36.100000000,101.096395062,-0.763870364,49.079216062,52.017179000
36.133333333,101.014443404,-0.772907001,49.020862085,51.993581319
36.166666667,100.931442851,-0.781982426,48.961909067,51.969533784
36.200000000,100.847397634,-0.791097187,48.902358073,51.945039561
36.233333333,100.762312042,-0.800251828,48.842210197,51.920101845
36.266666667,100.676190429,-0.809446896,48.781466568,51.894723861
36.300000000,100.589037208,-0.818682935,48.720128345,51.868908863
36.333333333,100.500856853,-0.827960488,48.658196718,51.842660135
36.366666667,100.411653902,-0.837280100,48.595672912,51.815980990
36.400000000,100.321432950,-0.846642313,48.532558180,51.788874770
36.433333333,100.230198658,-0.856047669,48.468853812,51.761344846
36.466666667,100.137955746,-0.865496708,48.404561126,51.733394620
36.500000000,100.044708997,-0.874989971,48.339681478,51.705027520
36.533333333,99.950463257,-0.884527996,48.274216252,51.676247005
36.566666667,99.855223430,-0.894111321,48.208166867,51.647056563
36.600000000,99.758994487,-0.903740483,48.141534776,51.617459711
36.633333333,99.661781459,-0.913416018,48.074321465,51.587459994
36.666666667,99.563589438,-0.923138459,48.006528452,51.557060986
36.700000000,99.464423582,-0.932908339,47.938157292,51.526266290
36.733333333,99.364289109,-0.942726191,47.869209571,51.495079537
36.766666667,99.263191300,-0.952592544,47.799686912,51.463504388
36.800000000,99.161135500,-0.962507926,47.729590970,51.431544530
36.833333333,99.058127117,-0.972472864,47.658923436,51.399203681
36.866666667,98.954171621,-0.982487882,47.587686037,51.366485584
36.900000000,98.849274545,-0.992553505,47.515880532,51.333394013
36.933333333,98.743441489,-1.002670253,47.443508720,51.299932769
36.966666667,98.636678111,-1.012838645,47.370572432,51.266105680
37.000000000,98.528990138,-1.023059197,47.297073536,51.231916602
37.033333333,98.420383358,-1.033332425,47.223013938,51.197369420
37.066666667,98.310863623,-1.043658841,47.148395578,51.162468045
37.100000000,98.200436850,-1.054038954,47.073220436,51.127216414
37.133333333,98.089109019,-1.064473272,46.997490525,51.091618494
37.166666667,97.976886177,-1.074962299,46.921207899,51.055678278
37.200000000,97.863774433,-1.085506535,46.844374649,51.019399784
37.233333333,97.749779962,-1.096106481,46.766992903,50.982787059
37.266666667,97.634909004,-1.106762630,46.689064829,50.945844175
37.300000000,97.519167862,-1.117475475,46.610592632,50.908575230
37.333333333,97.402562907,-1.128245506,46.531578558,50.870984349
37.366666667,97.285100574,-1.139073206,46.452024892,50.833075682
37.400000000,97.166787362,-1.149959056,46.371933957,50.794853405
37.433333333,97.047629840,-1.160903536,46.291308120,50.756321720
37.466666667,96.927634637,-1.171907117,46.210149785,50.717484852
37.500000000,96.806808452,-1.182970270,46.128461400,50.678347053
37.533333333,96.685158050,-1.194093458,46.046245452,50.638912598
37.566666667,96.562690259,-1.205277143,45.963504471,50.599185788
37.600000000,96.439411977,-1.216521779,45.880241029,50.559170947
37.633333333,96.315330167,-1.227827817,45.796457743,50.518872424
37.666666667,96.190451858,-1.239195703,45.712157269,50.478294589
37.700000000,96.064784147,-1.250625877,45.627342311,50.437441837
37.733333333,95.938334199,-1.262118773,45.542015613,50.396318586
37.766666667,95.811109243,-1.273674820,45.456179967,50.354929276
37.800000000,95.683116578,-1.285294442,45.369838209,50.313278369
37.833333333,95.554363570,-1.296978054,45.282993219,50.271370351
37.866666667,95.424857652,-1.308726068,45.195647926,50.229209726
37.900000000,95.294606325,-1.320538887,45.107805304,50.186801021
37.933333333,95.163617158,-1.332416907,45.019468373,50.144148785
37.966666667,95.031897789,-1.344360519,44.930640204,50.101257585
38.000000000,94.899455923,-1.356370105,44.841323914,50.058132009
38.033333333,94.766299334,-1.368446039,44.751522668,50.014776665
38.066666667,94.632435864,-1.380588689,44.661239684,49.971196180
38.100000000,94.497873425,-1.392798413,44.570478225,49.927395200
38.133333333,94.362619996,-1.405075562,44.479241610,49.883378387
38.166666667,94.226683628,-1.417420477,44.387533205,49.839150423
38.200000000,94.090072438,-1.429833490,44.295356430,49.794716007
38.233333333,93.952794613,-1.442314925,44.202714758,49.750079855
38.266666667,93.814858411,-1.454865096,44.109611713,49.705246697
38.300000000,93.676272158,-1.467484306,44.016050876,49.660221282
38.333333333,93.537044251,-1.480172848,43.922035880,49.615008372
38.366666667,93.397183156,-1.492931006,43.827570413,49.569612743
38.400000000,93.256697410,-1.505759051,43.732658222,49.524039188
38.433333333,93.115595618,-1.518657245,43.637303107,49.478292511
38.466666667,92.973886458,-1.531625836,43.541508929,49.432377529
38.500000000,92.831578676,-1.544665062,43.445279604,49.386299072
38.533333333,92.688681090,-1.557775147,43.348619109,49.340061981
38.566666667,92.545202589,-1.570956304,43.251531479,49.293671109
38.600000000,92.401152131,-1.584208732,43.154020812,49.247131318
38.633333333,92.256538746,-1.597532616,43.056091266,49.200447480
38.666666667,92.111371536,-1.610928128,42.957747059,49.153624476
38.700000000,91.965659671,-1.624395427,42.858992476,49.106667195
38.733333333,91.819412397,-1.637934654,42.759831863,49.059580533
38.766666667,91.672639025,-1.651545938,42.660269632,49.012369394
38.800000000,91.525348944,-1.665229391,42.560310259,48.965038685
38.833333333,91.377551610,-1.678985109,42.459958288,48.917593322
38.866666667,91.229256551,-1.692813172,42.359218330,48.870038221
38.900000000,91.080473369,-1.706713643,42.258095063,48.822378305
38.933333333,90.931211735,-1.720686568,42.156593237,48.774618498
38.966666667,90.781481394,-1.734731975,42.054717668,48.726763725
39.000000000,90.631292161,-1.748849873,41.952473248,48.678818913
39.033333333,90.480653924,-1.763040253,41.849864936,48.630788988
39.066666667,90.329576643,-1.777303088,41.746897768,48.582678875
39.100000000,90.178070348,-1.791638328,41.643576852,48.534493497
39.133333333,90.026145145,-1.806045905,41.539907370,48.486237775
39.166666667,89.873811208,-1.820525730,41.435894584,48.437916624
39.200000000,89.721078785,-1.835077693,41.331543829,48.389534956
39.233333333,89.567958195,-1.849701660,41.226860520,48.341097675
39.266666667,89.414459832,-1.864397477,41.121850151,48.292609680
39.300000000,89.260594157,-1.879164967,41.016518296,48.244075860
39.333333333,89.106371707,-1.894003926,40.910870611,48.195501096
39.366666667,88.951803090,-1.908914130,40.804912833,48.146890257
39.400000000,88.796898986,-1.923895329,40.698650784,48.098248203
39.433333333,88.641670147,-1.938947246,40.592090369,48.049579777
39.466666667,88.486127395,-1.954069580,40.485237581,48.000889813
39.500000000,88.330281627,-1.969262003,40.378098499,47.952183127
39.533333333,88.174143809,-1.984524160,40.270679289,47.903464520
39.566666667,88.017724981,-1.999855667,40.162986208,47.854738773
39.600000000,87.861036252,-2.015256113,40.055025601,47.806010651
39.633333333,87.704088804,-2.030725057,39.946803907,47.757284897
39.666666667,87.546893891,-2.046262030,39.838327657,47.708566234
39.700000000,87.389462836,-2.061866531,39.729603475,47.659859362
39.733333333,87.231807035,-2.077538027,39.620638081,47.611168955
39.766666667,87.073937954,-2.093275957,39.511438291,47.562499663
39.800000000,86.915867130,-2.109079724,39.402011019,47.513856110
39.833333333,86.757606169,-2.124948699,39.292363278,47.465242891
39.866666667,86.599166749,-2.140882221,39.182502180,47.416664569
39.900000000,86.440560618,-2.156879593,39.072434938,47.368125680
39.933333333,86.281799593,-2.172940083,38.962168868,47.319630725
39.966666667,86.122895560,-2.189062922,38.851711391,47.271184169
40.000000000,85.963860477,-2.205247308,38.741070031,47.222790446
40.033333333,85.804706368,-2.221492398,38.630252418,47.174453950
40.066666667,85.645445326,-2.237797314,38.519266290,47.126179036
40.100000000,85.486089515,-2.254161136,38.408119495,47.077970020
40.133333333,85.326651163,-2.270582909,38.296819988,47.029831175
40.166666667,85.167142570,-2.287061633,38.185375837,46.981766733
40.200000000,85.007576100,-2.303596271,38.073795220,46.933780879
40.233333333,84.847964185,-2.320185743,37.962086432,46.885877753
40.266666667,84.688319323,-2.336828927,37.850257879,46.838061444
40.300000000,84.528654078,-2.353524656,37.738318084,46.790335994
40.333333333,84.368981082,-2.370271723,37.626275689,46.742705393
40.366666667,84.209313028,-2.387068873,37.514139450,46.695173578
40.400000000,84.049662676,-2.403914808,37.401918245,46.647744430
40.433333333,83.890042849,-2.420808183,37.289621073,46.600421775
40.466666667,83.730466434,-2.437747605,37.177257053,46.553209381
40.500000000,83.570946382,-2.454731638,37.064835426,46.506110956
40.533333333,83.411495703,-2.471758792,36.952365559,46.459130145
40.566666667,83.252127472,-2.488827534,36.839856941,46.412270532
40.600000000,83.092854823,-2.505936276,36.727319188,46.365535635
40.633333333,82.933690951,-2.523083384,36.614762045,46.318928906
40.666666667,82.774649110,-2.540267171,36.502195380,46.272453730
40.700000000,82.615742613,-2.557485899,36.389629194,46.226113419
40.733333333,82.456984832,-2.574737777,36.277073615,46.179911217
40.766666667,82.298389195,-2.592020961,36.164538902,46.133850292
40.800000000,82.139969186,-2.609333556,36.052035447,46.087933739
40.833333333,81.981738347,-2.626673609,35.939573772,46.042164575
40.866666667,81.823710272,-2.644039114,35.827164532,45.996545740
40.900000000,81.665898610,-2.661428010,35.714818518,45.951080093
40.933333333,81.508317064,-2.678838178,35.602546651,45.905770412
40.966666667,81.350979385,-2.696267444,35.490359992,45.860619394
41.000000000,81.193899380,-2.713713578,35.378269733,45.815629647
41.033333333,81.037090901,-2.731174288,35.266287205,45.770803696
41.066666667,80.880567852,-2.748647227,35.154423874,45.726143978
41.100000000,80.724344183,-2.766129989,35.042691344,45.681652840
41.133333333,80.568433891,-2.783620108,34.931101354,45.637332537
41.166666667,80.412851018,-2.801115057,34.819665783,45.593185234
41.200000000,80.257609649,-2.818612252,34.708396647,45.549213002
41.233333333,80.102723915,-2.836109046,34.597306100,45.505417815
41.266666667,79.948207984,-2.853602731,34.486406432,45.461801552
41.300000000,79.794076068,-2.871090539,34.375710074,45.418365994
41.333333333,79.640342415,-2.888569640,34.265229593,45.375112822
41.366666667,79.487021313,-2.906037141,34.154977694,45.332043619
41.400000000,79.334127083,-2.923490088,34.044967219,45.289159865
41.433333333,79.181674083,-2.940925465,33.935211148,45.246462935
41.466666667,79.029676703,-2.958340192,33.825722597,45.203954105
41.500000000,78.878149362,-2.975731128,33.716514819,45.161634543
41.533333333,78.727106514,-2.993095068,33.607601202,45.119505311
41.566666667,78.576562635,-3.010428745,33.498995269,45.077567366
41.600000000,78.426532233,-3.027728829,33.390710675,45.035821557
41.633333333,78.277029836,-3.044991927,33.282761212,44.994268624
41.666666667,78.128069998,-3.062214583,33.175160801,44.952909197
41.700000000,77.979667292,-3.079393280,33.067923493,44.911743799
41.733333333,77.831836313,-3.096524436,32.961063472,44.870772841
41.766666667,77.684591671,-3.113604409,32.854595048,44.829996622
41.800000000,77.537947991,-3.130629495,32.748532658,44.789415333
41.833333333,77.391919913,-3.147595929,32.642890863,44.749029050
41.866666667,77.246522088,-3.164499881,32.537684349,44.708837739
41.900000000,77.101769176,-3.181337466,32.432927922,44.668841254
41.933333333,76.957675844,-3.198104736,32.328636507,44.629039337
41.966666667,76.814257181,-3.214799131,32.224822569,44.589434613
42.000000000,76.671527111,-3.231415090,32.121503768,44.550023343
42.033333333,76.529499962,-3.247955424,32.018681858,44.510818104
42.066666667,76.388190870,-3.264427003,31.916351198,44.471839671
42.100000000,76.247613443,-3.280825994,31.814525964,44.433087479
42.133333333,76.107781627,-3.297148725,31.713220189,44.394561438
42.166666667,75.968709302,-3.313391528,31.612447867,44.356261435
42.200000000,75.830410285,-3.329550736,31.512222959,44.318187326
42.233333333,75.692898331,-3.345622679,31.412559398,44.280338933
42.266666667,75.556187123,-3.361603685,31.313471090,44.242716034
42.300000000,75.420290279,-3.377490076,31.214971917,44.205318362
42.333333333,75.285221343,-3.393278165,31.117075740,44.168145604
42.366666667,75.150993790,-3.408964259,31.019796398,44.131197392
42.400000000,75.017621017,-3.424544656,30.923147709,44.094473308
42.433333333,74.885116346,-3.440015645,30.827143471,44.057972876
42.466666667,74.753493024,-3.455373507,30.731797460,44.021695564
42.500000000,74.622764213,-3.470614513,30.637123428,43.985640785
42.533333333,74.492942997,-3.485734925,30.543135104,43.949807893
42.566666667,74.364042373,-3.500730999,30.449846189,43.914196184
42.600000000,74.236075255,-3.515598981,30.357270357,43.878804898
42.633333333,74.109054468,-3.530335112,30.265421250,43.843633219
42.666666667,73.982992748,-3.544935627,30.174312475,43.808680272
42.700000000,73.857902737,-3.559396757,30.083957604,43.773945132
42.733333333,73.733796985,-3.573714729,29.994370167,43.739426818
42.766666667,73.610687947,-3.587885769,29.905563649,43.705124298
42.800000000,73.488587978,-3.601906101,29.817551488,43.671036490
42.833333333,73.367509335,-3.615771950,29.730347071,43.637162264
42.866666667,73.247464172,-3.629479546,29.643963728,43.603500444
42.900000000,73.128464539,-3.643025121,29.558414728,43.570049811
42.933333333,73.010522379,-3.656404914,29.473713277,43.536809102
42.966666667,72.893649529,-3.669615172,29.389872511,43.503777017
43.000000000,72.777857713,-3.682652150,29.306905492,43.470952221
43.033333333,72.663158545,-3.695512116,29.224825202,43.438333342
43.066666667,72.549563522,-3.708191354,29.143644542,43.405918980
43.100000000,72.437084025,-3.720686160,29.063376321,43.373707705
43.133333333,72.325731318,-3.732992850,28.984033256,43.341698062
43.166666667,72.215516542,-3.745107759,28.905627966,43.309888576
43.200000000,72.106450715,-3.757027245,28.828172963,43.278277752
43.233333333,71.998544730,-3.768747691,28.751680652,43.246864078
43.266666667,71.891809352,-3.780265504,28.676163322,43.215646030
43.300000000,71.786255219,-3.791577124,28.601633141,43.184622078
43.333333333,71.681892834,-3.802679018,28.528102152,43.153790682
43.366666667,71.578732568,-3.813567689,28.455582266,43.123150302
43.400000000,71.476784656,-3.824239677,28.384085257,43.092699398
43.433333333,71.376059195,-3.834691556,28.313622759,43.062436436
43.466666667,71.276566141,-3.844919945,28.244206254,43.032359888
43.500000000,71.178315310,-3.854921503,28.175847072,43.002468238
43.533333333,71.081316372,-3.864692936,28.108556386,42.972759986
43.566666667,70.985578851,-3.874230997,28.042345200,42.943233651
43.600000000,70.891112123,-3.883532489,27.977224352,42.913887771
43.633333333,70.797925413,-3.892594268,27.913204500,42.884720913
43.666666667,70.706027795,-3.901413243,27.850296123,42.855731672
43.700000000,70.615428188,-3.909986382,27.788509514,42.826918674
43.733333333,70.526135353,-3.918310711,27.727854770,42.798280583
43.766666667,70.438157896,-3.926383320,27.668341794,42.769816102
43.800000000,70.351504261,-3.934201360,27.609980283,42.741523977
43.833333333,70.266182729,-3.941762051,27.552779729,42.713403001
43.866666667,70.182201420,-3.949062678,27.496749406,42.685452014
43.900000000,70.099568286,-3.956100601,27.441898372,42.657669913
43.933333333,70.018291111,-3.962873249,27.388235462,42.630055649
43.966666667,69.938377512,-3.969378128,27.335769279,42.602608232
44.000000000,69.859834932,-3.975612820,27.284508196,42.575326736
44.033333333,69.782670645,-3.981574988,27.234460344,42.548210300
44.066666667,69.706891746,-3.987262375,27.185633614,42.521258132
44.100000000,69.632505158,-3.992672804,27.138035648,42.494469511
44.133333333,69.559517624,-3.997804189,27.091673834,42.467843790
44.166666667,69.487935709,-4.002654524,27.046555308,42.441380401
44.200000000,69.417765795,-4.007221897,27.002686941,42.415078854
44.233333333,69.349014086,-4.011504484,26.960075343,42.388938742
44.266666667,69.281686597,-4.015500551,26.918726854,42.362959743
44.300000000,69.215789162,-4.019208461,26.878647540,42.337141622
44.333333333,69.151327428,-4.022626669,26.839843196,42.311484232
44.366666667,69.088306852,-4.025753728,26.802319333,42.285987519
44.400000000,69.026732705,-4.028588288,26.766081182,42.260651522
44.433333333,68.966610066,-4.031129098,26.731133690,42.235476376
44.466666667,68.907943823,-4.033375008,26.697481512,42.210462311
44.500000000,68.850738674,-4.035324967,26.665129016,42.185609657
44.533333333,68.794999119,-4.036978028,26.634080275,42.160918845
44.566666667,68.740729469,-4.038333348,26.604339064,42.136390404
44.600000000,68.687933835,-4.039390188,26.575908864,42.112024971
44.633333333,68.636616135,-4.040147911,26.548792854,42.087823281
44.666666667,68.586780090,-4.040605989,26.522993912,42.063786178
44.700000000,68.538429221,-4.040763999,26.498514613,42.039914608
44.733333333,68.491566852,-4.040621624,26.475357227,42.016209625
44.766666667,68.446196109,-4.040178654,26.453523719,41.992672389
44.800000000,68.402319916,-4.039434989,26.433015749,41.969304167
44.833333333,68.359941001,-4.038390632,26.413834669,41.946106332
44.866666667,68.319061887,-4.037045699,26.395981523,41.923080364
44.900000000,68.279684898,-4.035400408,26.379457048,41.900227850
44.933333333,68.241812158,-4.033455090,26.364261674,41.877550484
44.966666667,68.205445588,-4.031210181,26.350395523,41.855050065
45.000000000,68.170586908,-4.028666224,26.337858409,41.832728499
45.033333333,68.137237635,-4.025823868,26.326649840,41.810587795
45.066666667,68.105399086,-4.022683871,26.316769021,41.788630065
45.100000000,68.075072376,-4.019247096,26.308214849,41.766857527
45.133333333,68.046258417,-4.015514510,26.300985920,41.745272498
45.166666667,68.018957921,-4.011487186,26.295080527,41.723877394
45.200000000,67.993171397,-4.007166298,26.290496663,41.702674734
45.233333333,67.968899154,-4.002553127,26.287232025,41.681667129
45.266666667,67.946141299,-3.997649052,26.285284011,41.660857288
45.300000000,67.924897741,-3.992455555,26.284649727,41.640248015
45.333333333,67.905168188,-3.986974215,26.285325987,41.619842201
45.366666667,67.886952147,-3.981206713,26.287309319,41.599642829
45.400000000,67.870248929,-3.975154822,26.290595960,41.579652969
45.433333333,67.855057645,-3.968820415,26.295181871,41.559875774
45.466666667,67.841377209,-3.962205455,26.301062729,41.540314481
45.500000000,67.829206340,-3.955312001,26.308233937,41.520972404
45.533333333,67.818543560,-3.948142201,26.316690625,41.501852935
45.566666667,67.809387196,-3.940698290,26.326427656,41.482959540
45.600000000,67.801735381,-3.932982593,26.337439626,41.464295755
45.633333333,67.795586059,-3.924997520,26.349720875,41.445865184
45.666666667,67.790936977,-3.916745564,26.363265481,41.427671495
45.700000000,67.787785695,-3.908229297,26.378067276,41.409718419
45.733333333,67.786129584,-3.899451375,26.394119840,41.392009744
45.766666667,67.785965825,-3.890414528,26.411416513,41.374549312
45.800000000,67.787291415,-3.881121562,26.429950396,41.357341019
45.833333333,67.790103165,-3.871575356,26.449714360,41.340388806
45.866666667,67.794397703,-3.861778860,26.470701044,41.323696659
45.900000000,67.800171472,-3.851735092,26.492902867,41.307268605
45.933333333,67.807420739,-3.841447137,26.516312029,41.291108710
45.966666667,67.816141590,-3.830918143,26.540920520,41.275221070
46.000000000,67.826329933,-3.820151320,26.566720121,41.259609813
46.033333333,67.837981503,-3.809149937,26.593702411,41.244279092
46.066666667,67.851091859,-3.797917319,26.621858777,41.229233082
46.100000000,67.865656390,-3.786456847,26.651180413,41.214475977
46.133333333,67.881670315,-3.774771951,26.681658328,41.200011986
46.166666667,67.899128684,-3.762866113,26.713283355,41.185845328
46.200000000,67.918026382,-3.750742860,26.746046152,41.171980230
46.233333333,67.938358130,-3.738405765,26.779937209,41.158420920
46.266666667,67.960118487,-3.725858441,26.814946858,41.145171629
46.300000000,67.983301854,-3.713104540,26.851065272,41.132236581
46.333333333,68.007902471,-3.700147754,26.888282477,41.119619994
46.366666667,68.033914425,-3.686991807,26.926588354,41.107326072
46.400000000,68.061331651,-3.673640454,26.965972646,41.095359005
46.433333333,68.090147931,-3.660097480,27.006424965,41.083722966
46.466666667,68.120356898,-3.646366700,27.047934796,41.072422102
46.500000000,68.151952041,-3.632451948,27.090491505,41.061460536
46.533333333,68.184926705,-3.618357085,27.134084343,41.050842361
46.566666667,68.219274090,-3.604085988,27.178702453,41.040571637
46.600000000,68.254987261,-3.589642554,27.224334873,41.030652388
46.633333333,68.292059145,-3.575030693,27.270970548,41.021088598
46.666666667,68.330482535,-3.560254328,27.318598328,41.011884207
46.700000000,68.370250091,-3.545317394,27.367206980,41.003043111
46.733333333,68.411354345,-3.530223831,27.416785190,40.994569155
46.766666667,68.453787703,-3.514977587,27.467321569,40.986466134
46.800000000,68.497542445,-3.499582612,27.518804660,40.978737785
46.833333333,68.542610731,-3.484042860,27.571222943,40.971387789
46.866666667,68.588984602,-3.468362281,27.624564837,40.964419765
46.900000000,68.636655982,-3.452544825,27.678818712,40.957837271
46.933333333,68.685616682,-3.436594436,27.733972887,40.951643794
46.966666667,68.735858400,-3.420515050,27.790015642,40.945842758
47.000000000,68.787372727,-3.404310597,27.846935215,40.940437512
47.033333333,68.840151149,-3.387984995,27.904719815,40.935431334
47.066666667,68.894185046,-3.371542148,27.963357622,40.930827423
47.100000000,68.949465700,-3.354985949,28.022836795,40.926628905
47.133333333,69.005984293,-3.338320272,28.083145470,40.922838822
47.166666667,69.063731913,-3.321548974,28.144271776,40.919460137
47.200000000,69.122699555,-3.304675894,28.206203827,40.916495728
47.233333333,69.182878123,-3.287704850,28.268929735,40.913948388
47.266666667,69.244258435,-3.270639635,28.332437612,40.911820823
47.300000000,69.306831223,-3.253484020,28.396715573,40.910115649
47.333333333,69.370587137,-3.236241750,28.461751741,40.908835396
47.366666667,69.435516747,-3.218916544,28.527534250,40.907982497
47.400000000,69.501610548,-3.201512092,28.594051250,40.907559298
47.433333333,69.568858958,-3.184032055,28.661290912,40.907568046
47.466666667,69.637252325,-3.166480062,28.729241428,40.908010897
47.500000000,69.706780927,-3.148859712,28.797891018,40.908889909
47.533333333,69.777434975,-3.131174570,28.867227931,40.910207045
47.566666667,69.849204618,-3.113428167,28.937240450,40.911964168
47.600000000,69.922079940,-3.095623999,29.007916895,40.914163045
47.633333333,69.996050969,-3.077765526,29.079245626,40.916805343
47.666666667,70.071107674,-3.059856172,29.151215044,40.919892630
47.700000000,70.147239972,-3.041899322,29.223813598,40.923426374
47.733333333,70.224437728,-3.023898321,29.297029784,40.927407944
47.766666667,70.302690756,-3.005856479,29.370852150,40.931838606
47.800000000,70.381988826,-2.987777061,29.445269296,40.936719529
47.833333333,70.462321661,-2.969663293,29.520269882,40.942051779
47.866666667,70.543678943,-2.951518362,29.595842621,40.947836322
47.900000000,70.626050316,-2.933345410,29.671976293,40.954074023
47.933333333,70.709425385,-2.915147536,29.748659738,40.960765647
47.966666667,70.793793719,-2.896927800,29.825881860,40.967911859
48.000000000,70.879144856,-2.878689214,29.903631632,40.975513224
48.033333333,70.965468304,-2.860434749,29.981898097,40.983570207
48.066666667,71.052753540,-2.842167330,30.060670367,40.992083173
48.100000000,71.140990018,-2.823889839,30.139937626,41.001052392
48.133333333,71.230167167,-2.805605113,30.219689136,41.010478031
48.166666667,71.320274392,-2.787315943,30.299914229,41.020360163
48.200000000,71.411301082,-2.769025075,30.380602320,41.030698762
48.233333333,71.503236607,-2.750735211,30.461742898,41.041493709
48.266666667,71.596070319,-2.732449005,30.543325534,41.052744785
48.300000000,71.689791561,-2.714169068,30.625339880,41.064451681
48.333333333,71.784389660,-2.695897964,30.707775669,41.076613991
48.366666667,71.879853936,-2.677638210,30.790622717,41.089231219
48.400000000,71.976173701,-2.659392281,30.873870926,41.102302775
48.433333333,72.073338261,-2.641162602,30.957510280,41.115827981
48.466666667,72.171336918,-2.622951556,31.041530852,41.129806066
48.500000000,72.270158971,-2.604761478,31.125922798,41.144236173
48.533333333,72.369793719,-2.586594658,31.210676363,41.159117356
48.566666667,72.470230465,-2.568453343,31.295781880,41.174448585
48.600000000,72.571458510,-2.550339733,31.381229769,41.190228742
48.633333333,72.673467166,-2.532255983,31.467010540,41.206456626
48.666666667,72.776245746,-2.514204203,31.553114790,41.223130956
48.700000000,72.879783574,-2.496186461,31.639533208,41.240250366
48.733333333,72.984069983,-2.478204778,31.726256571,41.257813412
48.766666667,73.089094318,-2.460261134,31.813275747,41.275818571
48.800000000,73.194845935,-2.442357463,31.900581693,41.294264242
48.833333333,73.301314207,-2.424495656,31.988165456,41.313148750
48.866666667,73.408488519,-2.406677563,32.076018176,41.332470343
48.900000000,73.516358276,-2.388904991,32.164131079,41.352227197
48.933333333,73.624912902,-2.371179702,32.252495486,41.372417416
48.966666667,73.734141838,-2.353503420,32.341102804,41.393039034
49.000000000,73.844034548,-2.335877825,32.429944534,41.414090014
49.033333333,73.954580520,-2.318304558,32.519012264,41.435568256
49.066666667,74.065769262,-2.300785218,32.608297672,41.457471589
49.100000000,74.177590309,-2.283321365,32.697792529,41.479797780
49.133333333,74.290033224,-2.265914519,32.787488691,41.502544533
49.166666667,74.403087595,-2.248566160,32.877378105,41.525709490
49.200000000,74.516743038,-2.231277730,32.967452808,41.549290231
49.233333333,74.630989201,-2.214050633,33.057704922,41.573284279
49.266666667,74.745815760,-2.196886235,33.148126660,41.597689101
49.300000000,74.861212425,-2.179785864,33.238710320,41.622502105
49.333333333,74.977168936,-2.162750813,33.329448290,41.647720646
49.366666667,75.093675070,-2.145782336,33.420333042,41.673342028
49.400000000,75.210720636,-2.128881655,33.511357136,41.699363500
49.433333333,75.328295478,-2.112049953,33.602513215,41.725782263
49.466666667,75.446389480,-2.095288380,33.693794010,41.752595470
49.500000000,75.564992559,-2.078598052,33.785192334,41.779800226
49.533333333,75.684094673,-2.061980051,33.876701085,41.807393588
49.566666667,75.803685818,-2.045435425,33.968313245,41.835372573
49.600000000,75.923756029,-2.028965191,34.060021877,41.863734152
49.633333333,76.044295381,-2.012570333,34.151820127,41.892475254
49.666666667,76.165293993,-1.996251803,34.243701222,41.921592771
49.700000000,76.286742022,-1.980010522,34.335658469,41.951083553
49.733333333,76.408629669,-1.963847381,34.427685256,41.980944413
49.766666667,76.530947179,-1.947763241,34.519775050,42.011172130
49.800000000,76.653684841,-1.931758933,34.611921396,42.041763445
49.833333333,76.776832985,-1.915835259,34.704117918,42.072715067
49.866666667,76.900381989,-1.899992993,34.796358315,42.104023674
49.900000000,77.024322275,-1.884232882,34.888636365,42.135685910
49.933333333,77.148644312,-1.868555643,34.980945919,42.167698393
49.966666667,77.273338614,-1.852961969,35.073280906,42.200057708
50.000000000,77.398395743,-1.837452524,35.165635325,42.232760418
50.033333333,77.523806307,-1.822027949,35.258003252,42.265803055
50.066666667,77.649560962,-1.806688857,35.350378833,42.299182128
50.100000000,77.775650413,-1.791435837,35.442756288,42.332894125
50.133333333,77.902065413,-1.776269456,35.535129906,42.366935506
50.166666667,78.028796763,-1.761190253,35.627494048,42.401302715
50.200000000,78.155835314,-1.746198748,35.719843142,42.435992172
50.233333333,78.283171967,-1.731295434,35.812171687,42.471000279
50.266666667,78.410797670,-1.716480785,35.904474249,42.506323421
50.300000000,78.538703424,-1.701755251,35.996745460,42.541957964
50.333333333,78.666880280,-1.687119262,36.088980020,42.577900259
50.366666667,78.795319337,-1.672573227,36.181172694,42.614146643
50.400000000,78.924011747,-1.658117533,36.273318310,42.650693436
50.433333333,79.052948711,-1.643752548,36.365411763,42.687536949
50.466666667,79.182121484,-1.629478622,36.457448007,42.724673477
50.500000000,79.311521369,-1.615296084,36.549422062,42.762099307
50.533333333,79.441139723,-1.601205244,36.641329008,42.799810715
50.566666667,79.570967951,-1.587206395,36.733163985,42.837803967
50.600000000,79.700997514,-1.573299813,36.824922194,42.876075321
50.633333333,79.831219921,-1.559485755,36.916598894,42.914621027
50.666666667,79.961626735,-1.545764461,37.008189404,42.953437331
50.700000000,80.092209570,-1.532136156,37.099689100,42.992520470
50.733333333,80.222960092,-1.518601049,37.191093414,43.031866678
50.766666667,80.353870017,-1.505159331,37.282397834,43.071472184
50.800000000,80.484931117,-1.491811180,37.373597904,43.111333213
50.833333333,80.616135213,-1.478556759,37.464689223,43.151445989
50.866666667,80.747474177,-1.465396216,37.555667443,43.191806734
50.900000000,80.878939937,-1.452329684,37.646528269,43.232411668
50.933333333,81.010524468,-1.439357284,37.737267458,43.273257010
50.966666667,81.142219800,-1.426479122,37.827880819,43.314338981
51.000000000,81.274018015,-1.413695293,37.918364213,43.355653802
51.033333333,81.405911243,-1.401005878,38.008713548,43.397197695
51.066666667,81.537891670,-1.388410947,38.098924784,43.438966886
51.100000000,81.669951532,-1.375910555,38.188993929,43.480957603
51.133333333,81.802083115,-1.363504750,38.278917038,43.523166076
51.166666667,81.934278757,-1.351193565,38.368690215,43.565588542
51.200000000,82.066530849,-1.338977024,38.458309608,43.608221241
51.233333333,82.198831831,-1.326855141,38.547771413,43.651060417
51.266666667,82.331174194,-1.314827917,38.637071871,43.694102323
51.300000000,82.463550481,-1.302895347,38.726207266,43.737343215
51.333333333,82.595953285,-1.291057412,38.815173926,43.780779358
51.366666667,82.728375248,-1.279314088,38.903968224,43.824407024
51.400000000,82.860809066,-1.267665339,38.992586574,43.868222492
51.433333333,82.993247481,-1.256111121,39.081025431,43.912222050
51.466666667,83.125683286,-1.244651382,39.169281292,43.956401994
51.500000000,83.258109326,-1.233286063,39.257350696,44.000758630
51.533333333,83.390518493,-1.222015094,39.345230219,44.045288274
51.566666667,83.522903728,-1.210838401,39.432916478,44.089987251
51.600000000,83.655258023,-1.199755900,39.520406128,44.134851896
51.633333333,83.787574418,-1.188767500,39.607695863,44.179878556
51.666666667,83.919846002,-1.177873106,39.694782412,44.225063589
51.700000000,84.052065910,-1.167072613,39.781662545,44.270403365
51.733333333,84.184227328,-1.156365912,39.868333063,44.315894265
51.766666667,84.316323489,-1.145752888,39.954790806,44.361532682
51.800000000,84.448347672,-1.135233417,40.041032649,44.407315023
51.833333333,84.580293207,-1.124807374,40.127055500,44.453237707
51.866666667,84.712153467,-1.114474625,40.212856301,44.499297166
51.900000000,84.843921874,-1.104235033,40.298432027,44.545489846
51.933333333,84.975591896,-1.094088455,40.383779689,44.591812207
51.966666667,85.107157048,-1.084034743,40.468896325,44.638260723
52.000000000,85.238610890,-1.074073747,40.553779009,44.684831881
52.033333333,85.369947028,-1.064205309,40.638424843,44.731522185
52.066666667,85.501159114,-1.054429269,40.722830962,44.778328151
52.100000000,85.632240843,-1.044745464,40.806994530,44.825246313
52.133333333,85.763185959,-1.035153724,40.890912740,44.872273219
52.166666667,85.893988246,-1.025653880,40.974582815,44.919405431
52.200000000,86.024641535,-1.016245756,41.058002006,44.966639529
52.233333333,86.155139700,-1.006929174,41.141167592,45.013972108
52.266666667,86.285476658,-0.997703954,41.224076879,45.061399779
52.300000000,86.415646370,-0.988569912,41.306727201,45.108919169
52.333333333,86.545642841,-0.979526861,41.389115919,45.156526922
52.366666667,86.675460117,-0.970574613,41.471240418,45.204219699
52.400000000,86.805092287,-0.961712977,41.553098111,45.251994177
52.433333333,86.934533483,-0.952941760,41.634686433,45.299847049
52.466666667,87.063777876,-0.944260767,41.716002848,45.347775028
52.500000000,87.192819681,-0.935669800,41.797044841,45.395774841
52.533333333,87.321653154,-0.927168661,41.877809920,45.443843234
52.566666667,87.450272590,-0.918757151,41.958295621,45.491976969
52.600000000,87.578672326,-0.910435066,42.038499497,45.540172829
52.633333333,87.706846738,-0.902202205,42.118419128,45.588427610
52.666666667,87.834790243,-0.894058364,42.198052115,45.636738129
52.700000000,87.962497297,-0.886003337,42.277396078,45.685101219
52.733333333,88.089962395,-0.878036919,42.356448661,45.733513733
52.766666667,88.217180070,-0.870158903,42.435207529,45.781972541
52.800000000,88.344144894,-0.862369082,42.513670365,45.830474529
52.833333333,88.470851479,-0.854667250,42.591834875,45.879016604
52.866666667,88.597294472,-0.847053196,42.669698782,45.927595690
52.900000000,88.723468559,-0.839526714,42.747259829,45.976208730
52.933333333,88.849368464,-0.832087596,42.824515779,46.024852685
52.966666667,88.974988945,-0.824735632,42.901464412,46.073524534
53.000000000,89.100324800,-0.817470614,42.978103526,46.122221273
53.033333333,89.225370860,-0.810292335,43.054430939,46.170939921
53.066666667,89.350121994,-0.803200587,43.130444483,46.219677511
53.100000000,89.474573106,-0.796195162,43.206142011,46.268431096
53.133333333,89.598719136,-0.789275854,43.281521388,46.317197748
53.166666667,89.722555057,-0.782442456,43.356580498,46.365974559
53.200000000,89.846075878,-0.775694762,43.431317242,46.414758636
53.233333333,89.969276641,-0.769032569,43.505729534,46.463547107
53.266666667,90.092152424,-0.762455672,43.579815305,46.512337119
53.300000000,90.214698337,-0.755963868,43.653572500,46.561125837
53.333333333,90.336909524,-0.749556955,43.726999080,46.609910445
53.366666667,90.458781162,-0.743234733,43.800093018,46.658688144
53.400000000,90.580308459,-0.736997002,43.872852303,46.707456156
53.433333333,90.701486659,-0.730843564,43.945274937,46.756211722
53.466666667,90.822311033,-0.724774223,44.017358935,46.804952099
53.500000000,90.942776889,-0.718788782,44.089102325,46.853674564
53.533333333,91.062879563,-0.712887049,44.160503149,46.902376414
53.566666667,91.182614423,-0.707068831,44.231559460,46.951054963
53.600000000,91.301976868,-0.701333937,44.302269324,46.999707544
53.633333333,91.420962328,-0.695682180,44.372630818,47.048331510
53.666666667,91.539566261,-0.690113372,44.442642031,47.096924231
53.700000000,91.657784158,-0.684627328,44.512301063,47.145483095
53.733333333,91.775611538,-0.679223866,44.581606026,47.194005512
53.766666667,91.893043950,-0.673902805,44.650555043,47.242488907
53.800000000,92.010076970,-0.668663965,44.719146245,47.290930725
53.833333333,92.126706205,-0.663507170,44.787377775,47.339328430
53.866666667,92.242927290,-0.658432247,44.855247785,47.387679504
53.900000000,92.358735887,-0.653439022,44.922754439,47.435981448
53.933333333,92.474127688,-0.648527327,44.989895908,47.484231780
53.966666667,92.589098411,-0.643696993,45.056670373,47.532428038
54.000000000,92.703643801,-0.638947857,45.123076022,47.580567779
54.033333333,92.817759632,-0.634279755,45.189111056,47.628648576
54.066666667,92.931441702,-0.629692529,45.254773680,47.676668022
54.100000000,93.044685838,-0.625186021,45.320062110,47.724623729
54.133333333,93.157487893,-0.620760077,45.384974568,47.772513325
54.166666667,93.269843743,-0.616414545,45.449509285,47.820334459
54.200000000,93.381749295,-0.612149277,45.513664499,47.868084796
54.233333333,93.493200476,-0.607964127,45.577438455,47.915762021
54.266666667,93.604193242,-0.603858952,45.640829405,47.963363837
54.300000000,93.714723572,-0.599833612,45.703835609,48.010887963
54.333333333,93.824787472,-0.595887970,45.766455332,48.058332139
54.366666667,93.934380968,-0.592021892,45.828686847,48.105694122
54.400000000,94.043500116,-0.588235247,45.890528430,48.152971686
54.433333333,94.152140991,-0.584527907,45.951978366,48.200162625
54.466666667,94.260299695,-0.580899749,46.013034945,48.247264750
54.500000000,94.367972352,-0.577350651,46.073696462,48.294275890
54.533333333,94.475155110,-0.573880495,46.133961218,48.341193892
54.566666667,94.581844139,-0.570489167,46.193827518,48.388016621
54.600000000,94.688035633,-0.567176555,46.253293672,48.434741961
54.633333333,94.793725809,-0.563942552,46.312357996,48.481367812
54.666666667,94.898910904,-0.560787054,46.371018810,48.527892094
54.700000000,95.003587180,-0.557709959,46.429274438,48.574312742
54.733333333,95.107750920,-0.554711171,46.487123208,48.620627712
54.766666667,95.211398428,-0.551790596,46.544563452,48.666834976
54.800000000,95.314526031,-0.548948145,46.601593507,48.712932524
54.833333333,95.417130076,-0.546183730,46.658211711,48.758918365
54.866666667,95.519206933,-0.543497270,46.714416409,48.804790524
54.900000000,95.620752990,-0.540888686,46.770205946,48.850547045
54.933333333,95.721764660,-0.538357903,46.825578671,48.896185989
54.966666667,95.822238374,-0.535904849,46.880532938,48.941705436
55.000000000,95.922170582,-0.533529459,46.935067101,48.987103481
55.033333333,96.021557759,-0.531231668,46.989179518,49.032378241
55.066666667,96.120396396,-0.529011418,47.042868549,49.077527847
55.100000000,96.218683006,-0.526868652,47.096132557,49.122550450
55.133333333,96.316414122,-0.524803321,47.148969905,49.167444216
55.166666667,96.413586294,-0.522815376,47.201378962,49.212207332
55.200000000,96.510196096,-0.520904776,47.253358094,49.256838001
55.233333333,96.606240117,-0.519071480,47.304905673,49.301334444
55.266666667,96.701714968,-0.517315456,47.356020069,49.345694899
55.300000000,96.796617279,-0.515636671,47.406699656,49.389917623
55.333333333,96.890943698,-0.514035101,47.456942808,49.434000890
55.366666667,96.984690891,-0.512510724,47.506747900,49.477942991
55.400000000,97.077855546,-0.511063522,47.556113309,49.521742238
55.433333333,97.170434367,-0.509693482,47.605037411,49.565396956
55.466666667,97.262424076,-0.508400596,47.653518585,49.608905491
55.500000000,97.353821416,-0.507184860,47.701555209,49.652266207
55.533333333,97.444623146,-0.506046274,47.749145662,49.695477485
55.566666667,97.534826045,-0.504984844,47.796288323,49.738537722
55.600000000,97.624426909,-0.504000579,47.842981572,49.781445336
55.633333333,97.713422551,-0.503093493,47.889223789,49.824198762
55.666666667,97.801809805,-0.502263606,47.935013352,49.866796453
55.700000000,97.889585521,-0.501510941,47.980348642,49.909236878
55.733333333,97.976746565,-0.500835527,48.025228038,49.951518527
55.766666667,98.063289825,-0.500237397,48.069649918,49.993639907
55.800000000,98.149212204,-0.499716589,48.113612662,50.035599542
55.833333333,98.234510622,-0.499273146,48.157114646,50.077395976
55.866666667,98.319182018,-0.498907116,48.200154248,50.119027770
55.900000000,98.403223348,-0.498618551,48.242729845,50.160493504
55.933333333,98.486631587,-0.498407511,48.284839811,50.201791776
55.966666667,98.569403725,-0.498274057,48.326482523,50.242921202
56.000000000,98.651536771,-0.498218257,48.367656353,50.283880418
56.033333333,98.733027751,-0.498240185,48.408359674,50.324668078
56.066666667,98.813873709,-0.498339919,48.448590857,50.365282852
56.100000000,98.894071705,-0.498517542,48.488348272,50.405723433
56.133333333,98.973618817,-0.498773143,48.527630288,50.445988529
56.166666667,99.052512142,-0.499106815,48.566435272,50.486076870
56.200000000,99.130748792,-0.499518659,48.604761590,50.525987203
56.233333333,99.208325899,-0.500008779,48.642607605,50.565718294
56.266666667,99.285240609,-0.500577285,48.679971680,50.605268930
56.300000000,99.361490090,-0.501224292,48.716852176,50.644637914
56.333333333,99.437071523,-0.501949922,48.753247451,50.683824072
56.366666667,99.511982109,-0.502754300,48.789155862,50.722826247
56.400000000,99.586219066,-0.503637560,48.824575765,50.761643302
56.433333333,99.659779632,-0.504599838,48.859505512,50.800274120
56.466666667,99.732661058,-0.505641279,48.893943454,50.838717604
56.500000000,99.804860616,-0.506762031,48.927887941,50.876972676
56.533333333,99.876375597,-0.507962250,48.961337318,50.915038279
56.566666667,99.947203307,-0.509242096,48.994289931,50.952913376
56.600000000,100.017341071,-0.510601735,49.026744122,50.990596949
56.633333333,100.086786233,-0.512041341,49.058698231,51.028088002
56.666666667,100.155536155,-0.513561091,49.090150595,51.065385560
56.700000000,100.223587841,-0.515159155,49.121103238,51.102484603
56.733333333,100.290939429,-0.516823688,49.151578006,51.139361422
56.766666667,100.357588641,-0.518542855,49.181596523,51.175992118
56.800000000,100.423532306,-0.520315121,49.211160151,51.212372156
56.833333333,100.488768503,-0.522140537,49.240267834,51.248500669
56.866666667,100.553294970,-0.524019345,49.268917976,51.284376994
56.900000000,100.617109485,-0.525951715,49.297109137,51.320000348
56.933333333,100.680209862,-0.527937756,49.324840016,51.355369846
56.966666667,100.742593953,-0.529977523,49.352109432,51.390484521
57.000000000,100.804259647,-0.532071024,49.378916315,51.425343332
57.033333333,100.865204870,-0.534218228,49.405259688,51.459945181
57.066666667,100.925427585,-0.536419068,49.431138661,51.494288924
57.100000000,100.984925793,-0.538673449,49.456552417,51.528373375
57.133333333,101.043697530,-0.540981250,49.481500208,51.562197322
57.166666667,101.101740872,-0.543342328,49.505981345,51.595759528
57.200000000,101.159053929,-0.545756522,49.529995190,51.629058738
57.233333333,101.215634848,-0.548223659,49.553541157,51.662093690
57.266666667,101.271481814,-0.550743547,49.576618701,51.694863114
57.300000000,101.326593050,-0.553315990,49.599227313,51.727365737
57.333333333,101.380966811,-0.555940779,49.621366522,51.759600289
57.366666667,101.434601395,-0.558617701,49.643035889,51.791565506
57.400000000,101.487495131,-0.561346534,49.664235001,51.823260131
57.433333333,101.539646389,-0.564127055,49.684963473,51.854682916
57.466666667,101.591053572,-0.566959038,49.705220944,51.885832628
57.500000000,101.641715123,-0.569842253,49.725007076,51.916708048
57.533333333,101.691629520,-0.572776470,49.744321550,51.947307971
57.566666667,101.740795278,-0.575761458,49.763164067,51.977631211
57.600000000,101.789210948,-0.578796986,49.781534347,52.007676601
57.633333333,101.836875118,-0.581882826,49.799432125,52.037442993
57.666666667,101.883786414,-0.585018748,49.816857154,52.066929260
57.700000000,101.929943498,-0.588204525,49.833809201,52.096134297
57.733333333,101.975345068,-0.591439933,49.850288048,52.125057020
57.766666667,102.019989859,-0.594724748,49.866293491,52.153696368
57.800000000,102.063876645,-0.598058751,49.881825340,52.182051305
57.833333333,102.107004234,-0.601441724,49.896883416,52.210120818
57.866666667,102.149371472,-0.604873454,49.911467556,52.237903916
57.900000000,102.190977243,-0.608353727,49.925577608,52.265399635
57.933333333,102.231820466,-0.611882338,49.939213430,52.292607036
57.966666667,102.271900100,-0.615459080,49.952374896,52.319525203
58.000000000,102.311215137,-0.619083753,49.965061890,52.346153247
58.033333333,102.349764611,-0.622756159,49.977274307,52.372490304
58.066666667,102.387547589,-0.626476104,49.989012055,52.398535533
58.100000000,102.424563177,-0.630243398,50.000275053,52.424288124
58.133333333,102.460810520,-0.634057854,50.011063232,52.449747287
58.166666667,102.496288797,-0.637919289,50.021376535,52.474912262
58.200000000,102.530997227,-0.641827524,50.031214914,52.499782313
58.233333333,102.564935067,-0.645782382,50.040578337,52.524356730
58.266666667,102.598101609,-0.649783693,50.049466780,52.548634829
58.300000000,102.630496185,-0.653831287,50.057880233,52.572615952
58.333333333,102.662118163,-0.657925001,50.065818696,52.596299467
58.366666667,102.692966951,-0.662064673,50.073282182,52.619684769
58.400000000,102.723041994,-0.666250146,50.080270717,52.642771277
58.433333333,102.752342774,-0.670481267,50.086784336,52.665558438
58.466666667,102.780868812,-0.674757885,50.092823089,52.688045723
58.500000000,102.808619667,-0.679079854,50.098387037,52.710232630
58.533333333,102.835594936,-0.683447032,50.103476253,52.732118683
58.566666667,102.861794257,-0.687859278,50.108090824,52.753703432
58.600000000,102.887217301,-0.692316457,50.112230849,52.774986452
58.633333333,102.911863783,-0.696818435,50.115896439,52.795967345
58.666666667,102.935733454,-0.701365085,50.119087718,52.816645737
58.700000000,102.958826104,-0.705956279,50.121804823,52.837021281
58.733333333,102.981141562,-0.710591895,50.124047905,52.857093657
58.766666667,103.002679695,-0.715271814,50.125817128,52.876862567
58.800000000,103.023440412,-0.719995919,50.127112669,52.896327743
58.833333333,103.043423657,-0.724764097,50.127934718,52.915488939
58.866666667,103.062629416,-0.729576238,50.128283481,52.934345936
58.900000000,103.081057715,-0.734432235,50.128159174,52.952898541
58.933333333,103.098708617,-0.739331984,50.127562032,52.971146585
58.966666667,103.115582225,-0.744275383,50.126492299,52.989089926
59.000000000,103.131678684,-0.749262334,50.124950238,53.006728446
59.033333333,103.146998176,-0.754292742,50.122936122,53.024062054
59.066666667,103.161540924,-0.759366514,50.120450243,53.041090681
59.100000000,103.175307192,-0.764483560,50.117492904,53.057814287
59.133333333,103.188297282,-0.769643792,50.114064426,53.074232855
59.166666667,103.200511537,-0.774847125,50.110165144,53.090346394
59.200000000,103.211950342,-0.780093478,50.105795406,53.106154936
59.233333333,103.222614121,-0.785382770,50.100955579,53.121658541
59.266666667,103.232503337,-0.790714925,50.095646044,53.136857293
59.300000000,103.241618497,-0.796089866,50.089867198,53.151751299
59.333333333,103.249960146,-0.801507522,50.083619454,53.166340692
59.366666667,103.257528872,-0.806967822,50.076903240,53.180625632
59.400000000,103.264325302,-0.812470698,50.069719001,53.194606300
59.433333333,103.270350105,-0.818016083,50.062067200,53.208282904
59.466666667,103.275603992,-0.823603914,50.053948315,53.221655677
59.500000000,103.280087714,-0.829234129,50.045362840,53.234724874
59.533333333,103.283802065,-0.834906667,50.036311288,53.247490777
59.566666667,103.286747879,-0.840621471,50.026794188,53.259953691
59.600000000,103.288926033,-0.846378484,50.016812086,53.272113947
59.633333333,103.290337445,-0.852177651,50.006365547,53.283971898
59.666666667,103.290983076,-0.858018921,49.995455152,53.295527924
59.700000000,103.290863927,-0.863902241,49.984081500,53.306782426
59.733333333,103.289981043,-0.869827562,49.972245210,53.317735833
59.766666667,103.288335511,-0.875794836,49.959946917,53.328388595
59.800000000,103.285928461,-0.881804017,49.947187274,53.338741187
59.833333333,103.282761064,-0.887855060,49.933966956,53.348794108
59.866666667,103.278834534,-0.893947919,49.920286653,53.358547881
59.900000000,103.274150128,-0.900082554,49.906147075,53.368003053
59.933333333,103.268709148,-0.906258923,49.891548953,53.377160194
59.966666667,103.262512935,-0.912476985,49.876493035,53.386019899
60.000000000,103.255562876,-0.918736701,49.860980090,53.394582786
60.033333333,103.247860401,-0.925038033,49.845010905,53.402849495
60.066666667,103.239406982,-0.931380945,49.828586289,53.410820692
60.100000000,103.230204135,-0.937765399,49.811707070,53.418497066
60.133333333,103.220253421,-0.944191360,49.794374095,53.425879327
60.166666667,103.209556444,-0.950658794,49.776588233,53.432968210
60.200000000,103.198114850,-0.957167666,49.758350375,53.439764475
60.233333333,103.185930330,-0.963717943,49.739661429,53.446268901
60.266666667,103.173004622,-0.970309591,49.720522328,53.452482294
60.300000000,103.159339503,-0.976942579,49.700934023,53.458405480
60.333333333,103.144936797,-0.983616874,49.680897488,53.464039310
60.366666667,103.129798374,-0.990332444,49.660413719,53.469384655
60.400000000,103.113926145,-0.997089257,49.639483732,53.474442413
60.433333333,103.097322068,-1.003887282,49.618108568,53.479213500
60.466666667,103.079988145,-1.010726488,49.596289287,53.483698858
60.500000000,103.061926423,-1.017606844,49.574026973,53.487899449
60.533333333,103.043138993,-1.024528317,49.551322734,53.491816260
60.566666667,103.023627993,-1.031490876,49.528177696,53.495450296
60.600000000,103.003395603,-1.038494489,49.504593014,53.498802589
60.633333333,102.982444052,-1.045539125,49.480569863,53.501874190
60.666666667,102.960775612,-1.052624750,49.456109440,53.504666172
60.700000000,102.938392600,-1.059751332,49.431212969,53.507179631
60.733333333,102.915297380,-1.066918837,49.405881696,53.509415684
60.766666667,102.891492361,-1.074127231,49.380116891,53.511375470
60.800000000,102.866979998,-1.081376478,49.353919848,53.513060150
60.833333333,102.841762791,-1.088666544,49.327291887,53.514470904
60.866666667,102.815843288,-1.095997392,49.300234351,53.515608937
60.900000000,102.789224079,-1.103368984,49.272748608,53.516475471
60.933333333,102.761907805,-1.110781282,49.244836052,53.517071753
60.966666667,102.733897149,-1.118234246,49.216498101,53.517399048
61.000000000,102.705194843,-1.125727835,49.187736200,53.517458643
61.033333333,102.675803665,-1.133262007,49.158551819,53.517251846
61.066666667,102.645726437,-1.140836718,49.128946453,53.516779984
61.100000000,102.614966031,-1.148451923,49.098921624,53.516044406
61.133333333,102.583525362,-1.156107576,49.068478881,53.515046481
61.166666667,102.551407396,-1.163803628,49.037619798,53.513787598
61.200000000,102.518615141,-1.171540029,49.006345977,53.512269165
61.233333333,102.485151656,-1.179316727,48.974659045,53.510492611
61.266666667,102.451020045,-1.187133668,48.942560660,53.508459384
61.300000000,102.416223457,-1.194990797,48.910052504,53.506170953
61.333333333,102.380765091,-1.202888054,48.877136288,53.503628804
61.366666667,102.344648193,-1.210825380,48.843813750,53.500834443
61.400000000,102.307876054,-1.218802713,48.810086656,53.497789398
61.433333333,102.270452014,-1.226819986,48.775956803,53.494495211
61.466666667,102.232379460,-1.234877133,48.741426012,53.490953447
61.500000000,102.193661824,-1.242974083,48.706496137,53.487165687
61.533333333,102.154302590,-1.251110763,48.671169058,53.483133532
61.566666667,102.114305284,-1.259287098,48.635446685,53.478858599
61.600000000,102.073673485,-1.267503008,48.599330958,53.474342527
61.633333333,102.032410814,-1.275758412,48.562823846,53.469586968
61.666666667,101.990520943,-1.284053225,48.525927347,53.464593596
61.700000000,101.948007592,-1.292387358,48.488643492,53.459364100
61.733333333,101.904874525,-1.300760721,48.450974338,53.453900187
61.766666667,101.861125557,-1.309173218,48.412921976,53.448203582
61.800000000,101.816764550,-1.317624750,48.374488526,53.442276025
61.833333333,101.771795413,-1.326115215,48.335676138,53.436119275
61.866666667,101.726222102,-1.334644508,48.296486997,53.429735106
61.900000000,101.680048623,-1.343212518,48.256923315,53.423125308
61.933333333,101.633279027,-1.351819132,48.216987337,53.416291690
61.966666667,101.585917414,-1.360464230,48.176681341,53.409236073
62.000000000,101.537967933,-1.369147692,48.136007636,53.401960297
62.033333333,101.489434777,-1.377869389,48.094968563,53.394466214
62.066666667,101.440322192,-1.386629192,48.053566496,53.386755696
62.100000000,101.390634467,-1.395426964,48.011803841,53.378830626
62.133333333,101.340375940,-1.404262565,47.969683038,53.370692902
62.166666667,101.289550999,-1.413135849,47.927206559,53.362344440
62.200000000,101.238164077,-1.422046667,47.884376911,53.353787166
62.233333333,101.186219655,-1.430994862,47.841196631,53.345023024
62.266666667,101.133722263,-1.439980275,47.797668294,53.336053969
62.300000000,101.080676476,-1.449002741,47.753794506,53.326881970
62.333333333,101.027086920,-1.458062086,47.709577909,53.317509011
62.366666667,100.972958266,-1.467158136,47.665021178,53.307937087
62.400000000,100.918295232,-1.476290708,47.620127024,53.298168208
62.433333333,100.863102586,-1.485459613,47.574898191,53.288204395
62.466666667,100.807385140,-1.494664657,47.529337460,53.278047680
62.500000000,100.751147757,-1.503905641,47.483447646,53.267700111
62.533333333,100.694395344,-1.513182358,47.437231599,53.257163744
62.566666667,100.637132856,-1.522494595,47.390692207,53.246440649
62.600000000,100.579365295,-1.531842134,47.343832391,53.235532905
62.633333333,100.521097712,-1.541224748,47.296655109,53.224442603
62.666666667,100.462335201,-1.550642207,47.249163357,53.213171845
62.700000000,100.403082907,-1.560094270,47.201360165,53.201722742
62.733333333,100.343346018,-1.569580692,47.153248600,53.190097417
62.766666667,100.283129770,-1.579101221,47.104831769,53.178298002
62.800000000,100.222439446,-1.588655595,47.056112811,53.166326636
62.833333333,100.161280375,-1.598243547,47.007094905,53.154185470
62.866666667,100.099657931,-1.607864802,46.957781269,53.141876663
62.900000000,100.037577537,-1.617519079,46.908175155,53.129402382
62.933333333,99.975044657,-1.627206086,46.858279855,53.116764802
62.966666667,99.912064806,-1.636925526,46.808098699,53.103966107
63.000000000,99.848643542,-1.646677093,46.757635054,53.091008487
63.033333333,99.784786467,-1.656460472,46.706892326,53.077894141
63.066666667,99.720499232,-1.666275341,46.655873960,53.064625273
63.100000000,99.655787531,-1.676121370,46.604583438,53.051204093
63.133333333,99.590657102,-1.685998220,46.553024282,53.037632820
63.166666667,99.525113729,-1.695905542,46.501200053,53.023913676
63.200000000,99.459163241,-1.705842980,46.449114350,53.010048890
63.233333333,99.392811509,-1.715810169,46.396770814,52.996040696
63.266666667,99.326064452,-1.725806734,46.344173122,52.981891331
63.300000000,99.258928030,-1.735832292,46.291324992,52.967603038
63.333333333,99.191408247,-1.745886450,46.238230181,52.953178065
63.366666667,99.123511150,-1.755968805,46.184892489,52.938618662
63.400000000,99.055242832,-1.766078946,46.131315751,52.923927081
63.433333333,98.986609425,-1.776216451,46.077503845,52.909105580
63.466666667,98.917617107,-1.786380890,46.023460689,52.894156418
63.500000000,98.848272097,-1.796571820,45.969190241,52.879081857
63.533333333,98.778580656,-1.806788791,45.914696498,52.863884158
63.566666667,98.708549086,-1.817031342,45.859983500,52.848565586
63.600000000,98.638183734,-1.827299001,45.805055326,52.833128407
63.633333333,98.567490984,-1.837591286,45.749916096,52.817574887
63.666666667,98.496477263,-1.847907704,45.694569970,52.801907293
63.700000000,98.425149040,-1.858247752,45.639021150,52.786127889
63.733333333,98.353512821,-1.868610917,45.583273878,52.770238942
63.766666667,98.281575155,-1.878996673,45.527332438,52.754242717
63.800000000,98.209342629,-1.889404484,45.471201153,52.738141476
63.833333333,98.136821869,-1.899833804,45.414884388,52.721937481
63.866666667,98.064019542,-1.910284075,45.358386550,52.705632992
63.900000000,97.990942351,-1.920754726,45.301712086,52.689230265
63.933333333,97.917597038,-1.931245178,45.244865485,52.672731553
63.966666667,97.843990384,-1.941754837,45.187851275,52.656139109
64.000000000,97.770129205,-1.952283099,45.130674028,52.639455177
64.033333333,97.696020355,-1.962829348,45.073338354,52.622682000
64.066666667,97.621670724,-1.973392957,45.015848907,52.605821817
64.100000000,97.547087240,-1.983973285,44.958210380,52.588876861
64.133333333,97.472276865,-1.994569681,44.900427507,52.571849358
64.166666667,97.397246594,-2.005181481,44.842505064,52.554741530
64.200000000,97.322003461,-2.015808008,44.784447868,52.537555593
64.233333333,97.246554531,-2.026448575,44.726260776,52.520293755
64.266666667,97.170906903,-2.037102479,44.667948685,52.502958218
64.300000000,97.095067710,-2.047769007,44.609516534,52.485551176
64.333333333,97.019044117,-2.058447433,44.550969302,52.468074815
64.366666667,96.942843322,-2.069137019,44.492312008,52.450531313
64.400000000,96.866472552,-2.079837013,44.433549712,52.432922840
64.433333333,96.789939069,-2.090546651,44.374687514,52.415251555
64.466666667,96.713250161,-2.101265154,44.315730553,52.397519608
64.500000000,96.636413149,-2.111991735,44.256684008,52.379729141
64.533333333,96.559435383,-2.122725588,44.197553099,52.361882283
64.566666667,96.482324239,-2.133465898,44.138343084,52.343981154
64.600000000,96.405087123,-2.144211836,44.079059261,52.326027862
64.633333333,96.327731469,-2.154962560,44.019706966,52.308024503
64.666666667,96.250264736,-2.165717213,43.960291573,52.289973163
64.700000000,96.172694411,-2.176474928,43.900818498,52.271875913
64.733333333,96.095028004,-2.187234821,43.841293191,52.253734812
64.766666667,96.017273051,-2.197995999,43.781721143,52.235551908
64.800000000,95.939437113,-2.208757552,43.722107880,52.217329233
64.833333333,95.861527772,-2.219518558,43.662458968,52.199068805
64.866666667,95.783552635,-2.230278082,43.602780006,52.180772629
64.900000000,95.705519329,-2.241035175,43.543076635,52.162442694
64.933333333,95.627435503,-2.251788877,43.483354527,52.144080976
64.966666667,95.549308826,-2.262538211,43.423619392,52.125689433
65.000000000,95.471146986,-2.273282188,43.363876977,52.107270009
65.033333333,95.392957692,-2.284019808,43.304133061,52.088824631
65.066666667,95.314748668,-2.294750055,43.244393459,52.070355209
65.100000000,95.236527657,-2.305471900,43.184664020,52.051863637
65.133333333,95.158302418,-2.316184303,43.124950626,52.033351791
65.166666667,95.080080724,-2.326886208,43.065259194,52.014821531
65.200000000,95.001870366,-2.337576547,43.005595670,51.996274696
65.233333333,94.923679145,-2.348254239,42.945966035,51.977713109
65.266666667,94.845514877,-2.358918191,42.886376301,51.959138575
65.300000000,94.767385389,-2.369567296,42.826832510,51.940552879
65.333333333,94.689298519,-2.380200433,42.767340734,51.921957785
65.366666667,94.611262117,-2.390816471,42.707907076,51.903355041
65.400000000,94.533284039,-2.401414263,42.648537667,51.884746372
65.433333333,94.455372152,-2.411992653,42.589238666,51.866133485
65.466666667,94.377534327,-2.422550469,42.530016261,51.847518066
65.500000000,94.299778445,-2.433086530,42.470876665,51.828901780
65.533333333,94.222112390,-2.443599639,42.411826119,51.810286271
65.566666667,94.144544050,-2.454088591,42.352870889,51.791673161
65.600000000,94.067081317,-2.464552165,42.294017264,51.773064053
65.633333333,93.989732085,-2.474989131,42.235271560,51.754460526
65.666666667,93.912504249,-2.485398247,42.176640112,51.735864137
65.700000000,93.835405704,-2.495778257,42.118129281,51.717276423
65.733333333,93.758444342,-2.506127897,42.059745447,51.698698896
65.766666667,93.681628056,-2.516445889,42.001495010,51.680133046
65.800000000,93.604964735,-2.526730947,41.943384393,51.661580342
65.833333333,93.528462261,-2.536981771,41.885420033,51.643042228
65.866666667,93.452128512,-2.547197052,41.827608387,51.624520125
65.900000000,93.375971361,-2.557375471,41.769955929,51.606015432
65.933333333,93.299998670,-2.567515697,41.712469148,51.587529523
65.966666667,93.224218294,-2.577616393,41.655154546,51.569063748
66.000000000,93.148638076,-2.587676207,41.598018640,51.550619436
66.033333333,93.073265849,-2.597693781,41.541067961,51.532197888
66.066666667,92.998109432,-2.607667748,41.484309048,51.513800384
66.100000000,92.923176631,-2.617596729,41.427748452,51.495428179
66.133333333,92.848475236,-2.627479341,41.371392732,51.477082504
66.166666667,92.774013020,-2.637314188,41.315248457,51.458764564
66.200000000,92.699797740,-2.647099869,41.259322199,51.440475541
66.233333333,92.625837132,-2.656834974,41.203620540,51.422216592
66.266666667,92.552138912,-2.666518085,41.148150061,51.403988851
66.300000000,92.478710775,-2.676147780,41.092917350,51.385793425
66.333333333,92.405560391,-2.685722625,41.037928994,51.367631398
66.366666667,92.332695409,-2.695241184,40.983191582,51.349503827
66.400000000,92.260123448,-2.704702013,40.928711700,51.331411749
66.433333333,92.187852104,-2.714103662,40.874495933,51.313356171
66.466666667,92.115888940,-2.723444677,40.820550861,51.295338079
66.500000000,92.044241493,-2.732723597,40.766883060,51.277358433
66.533333333,91.972917266,-2.741938959,40.713499097,51.259418169
66.566666667,91.901923731,-2.751089292,40.660405534,51.241518197
66.600000000,91.831268325,-2.760173126,40.607608921,51.223659404
66.633333333,91.760958449,-2.769188983,40.555115796,51.205842652
66.666666667,91.691001466,-2.778135384,40.502932687,51.188068780
66.700000000,91.621404704,-2.787010849,40.451066105,51.170338599
66.733333333,91.552175448,-2.795813892,40.399522547,51.152652901
66.766666667,91.483320941,-2.804543029,40.348308491,51.135012450
66.800000000,91.414848385,-2.813196774,40.297430397,51.117417988
66.833333333,91.346764937,-2.821773637,40.246894705,51.099870232
66.866666667,91.279077707,-2.830272132,40.196707830,51.082369877
66.900000000,91.211793759,-2.838690771,40.146876166,51.064917592
66.933333333,91.144920106,-2.847028066,40.097406080,51.047514026
66.966666667,91.078463712,-2.855282532,40.048303911,51.030159802
67.000000000,91.012431489,-2.863452683,39.999575969,51.012855520
67.033333333,90.946830294,-2.871537039,39.951228534,50.995601761
67.066666667,90.881666930,-2.879534119,39.903267852,50.978399078
67.100000000,90.816948144,-2.887442446,39.855700138,50.961248005
67.133333333,90.752680621,-2.895260547,39.808531567,50.944149054
67.166666667,90.688870991,-2.902986954,39.761768277,50.927102714
67.200000000,90.625525819,-2.910620202,39.715416367,50.910109451
67.233333333,90.562651608,-2.918158832,39.669481896,50.893169712
67.266666667,90.500254797,-2.925601392,39.623970876,50.876283922
67.300000000,90.438341759,-2.932946434,39.578889276,50.859452483
67.333333333,90.376918798,-2.940192518,39.534243018,50.842675779
67.366666667,90.315992148,-2.947338211,39.490037976,50.825954172
67.400000000,90.255567975,-2.954382089,39.446279970,50.809288005
67.433333333,90.195652369,-2.961322735,39.402974770,50.792677598
67.466666667,90.136251348,-2.968158743,39.360128092,50.776123256
67.500000000,90.077370854,-2.974888713,39.317745594,50.759625260
67.533333333,90.019016750,-2.981511260,39.275832876,50.743183874
67.566666667,89.961194823,-2.988025005,39.234395479,50.726799344
67.600000000,89.903910776,-2.994428584,39.193438880,50.710471895
67.633333333,89.847170232,-3.000720643,39.152968495,50.694201736
67.666666667,89.790978729,-3.006899840,39.112989672,50.677989057
67.700000000,89.735341722,-3.012964848,39.073507692,50.661834030
67.733333333,89.680264575,-3.018914351,39.034527766,50.645736809
67.766666667,89.625752567,-3.024747049,38.996055035,50.629697532
67.800000000,89.571810886,-3.030461656,38.958094566,50.613716320
67.833333333,89.518444626,-3.036056901,38.920651350,50.597793277
67.866666667,89.465658791,-3.041531529,38.883730301,50.581928490
67.900000000,89.413458288,-3.046884301,38.847336257,50.566122031
67.933333333,89.361847928,-3.052113996,38.811473972,50.550373956
67.966666667,89.310832424,-3.057219409,38.776148119,50.534684305
68.000000000,89.260416389,-3.062199353,38.741363286,50.519053103
68.033333333,89.210604335,-3.067052660,38.707123976,50.503480360
68.066666667,89.161400673,-3.071778182,38.673434603,50.487966070
68.100000000,89.112809707,-3.076374788,38.640299492,50.472510215
68.133333333,89.064835637,-3.080841370,38.607722877,50.457112761
68.166666667,89.017482555,-3.085176838,38.575708897,50.441773659
68.200000000,88.970754445,-3.089380125,38.544261597,50.426492848
68.233333333,88.924655180,-3.093450184,38.513384928,50.411270253
68.266666667,88.879188522,-3.097385992,38.483082738,50.396105784
68.300000000,88.834358117,-3.101186546,38.453358778,50.380999340
68.333333333,88.790167502,-3.104850868,38.424216697,50.365950804
68.366666667,88.746620091,-3.108378002,38.395660041,50.350960050
68.400000000,88.703719186,-3.111767018,38.367692251,50.336026936
68.433333333,88.661467967,-3.115017008,38.340316660,50.321151307
68.466666667,88.619869495,-3.118127090,38.313536497,50.306332998
68.500000000,88.578926708,-3.121096408,38.287354877,50.291571831
68.533333333,88.538642421,-3.123924129,38.261774808,50.276867613
68.566666667,88.499019326,-3.126609449,38.236799183,50.262220143
68.600000000,88.460059987,-3.129151589,38.212430784,50.247629203
68.633333333,88.421766842,-3.131549796,38.188672274,50.233094568
68.666666667,88.384142200,-3.133803346,38.165526204,50.218615996
68.700000000,88.347188241,-3.135911540,38.142995004,50.204193237
68.733333333,88.310907014,-3.137873710,38.121080987,50.189826026
68.766666667,88.275300433,-3.139689213,38.099786345,50.175514088
68.800000000,88.240370281,-3.141357436,38.079113147,50.161257134
68.833333333,88.206118207,-3.142877795,38.059063343,50.147054864
68.866666667,88.172545721,-3.144249735,38.039638755,50.132906965
68.900000000,88.139654198,-3.145472728,38.020841084,50.118813113
68.933333333,88.107444873,-3.146546277,38.002671903,50.104772970
68.966666667,88.075918845,-3.147469917,37.985132659,50.090786186
69.000000000,88.045077068,-3.148243209,37.968224670,50.076852398
69.033333333,88.014920358,-3.148865747,37.951949128,50.062971230
69.066666667,87.985449385,-3.149337153,37.936307091,50.049142294
69.100000000,87.956664679,-3.149657081,37.921299492,50.035365187
69.133333333,87.928566621,-3.149825215,37.906927129,50.021639493
69.166666667,87.901155451,-3.149841270,37.893190669,50.007964782
69.200000000,87.874431258,-3.149704991,37.880090646,49.994340611
69.233333333,87.848393985,-3.149416155,37.867627464,49.980766521
69.266666667,87.823043427,-3.148974664,37.855801206,49.967242221
69.300000000,87.798379230,-3.148382947,37.844607025,49.953772205
69.333333333,87.774400931,-3.147655025,37.834017726,49.940383205
69.366666667,87.751108056,-3.146805746,37.824004517,49.927103539
69.400000000,87.728500044,-3.145837831,37.814561885,49.913938159
69.433333333,87.706576207,-3.144751166,37.805689708,49.900886499
69.466666667,87.685335736,-3.143545755,37.797387570,49.887948166
69.500000000,87.664777696,-3.142221712,37.789654786,49.875122910
69.533333333,87.644901031,-3.140779250,37.782490419,49.862410612
69.566666667,87.625704562,-3.139218670,37.775893301,49.849811261
69.600000000,87.607186989,-3.137540351,37.769862049,49.837324940
69.633333333,87.589346893,-3.135744749,37.764395083,49.824951810
69.666666667,87.572182733,-3.133832383,37.759490630,49.812692103
69.700000000,87.555692852,-3.131803833,37.755146748,49.800546104
69.733333333,87.539875472,-3.129659734,37.751361324,49.788514147
69.766666667,87.524728700,-3.127400773,37.748132094,49.776596606
69.800000000,87.510250526,-3.125027682,37.745456644,49.764793882
69.833333333,87.496438826,-3.122541236,37.743332421,49.753106405
69.866666667,87.483291358,-3.119942249,37.741756738,49.741534620
69.900000000,87.470805770,-3.117231573,37.740726783,49.730078987
69.933333333,87.458979595,-3.114410092,37.740239621,49.718739974
69.966666667,87.447810256,-3.111478721,37.740292202,49.707518053
70.000000000,87.437295063,-3.108438407,37.740881364,49.696413698
70.033333333,87.427431217,-3.105290121,37.742003837,49.685427380
70.066666667,87.418215812,-3.102034862,37.743656249,49.674559563
70.100000000,87.409645832,-3.098673650,37.745835127,49.663810704
70.133333333,87.401718154,-3.095207530,37.748536903,49.653181251
70.166666667,87.394429549,-3.091637568,37.751757914,49.642671635
70.200000000,87.387776686,-3.087964846,37.755494407,49.632282278
70.233333333,87.381756126,-3.084190470,37.759742544,49.622013582
70.266666667,87.376364331,-3.080315559,37.764498399,49.611865932
70.300000000,87.371597659,-3.076341250,37.769757964,49.601839694
70.333333333,87.367452368,-3.072268696,37.775517154,49.591935215
70.366666667,87.363924618,-3.068099064,37.781771801,49.582152817
70.400000000,87.361010469,-3.063833536,37.788517666,49.572492803
70.433333333,87.358705884,-3.059473304,37.795750434,49.562955450
70.466666667,87.357006732,-3.055019576,37.803465720,49.553541012
70.500000000,87.355908784,-3.050473569,37.811659067,49.544249717
70.533333333,87.355407721,-3.045836512,37.820325953,49.535081768
70.566666667,87.355499128,-3.041109643,37.829461788,49.526037339
70.600000000,87.356178501,-3.036294212,37.839061920,49.517116581
70.633333333,87.357441245,-3.031391475,37.849121633,49.508319612
70.666666667,87.359282678,-3.026402698,37.859636151,49.499646527
70.700000000,87.361698028,-3.021329154,37.870600640,49.491097388
70.733333333,87.364682437,-3.016172126,37.882010208,49.482672229
70.766666667,87.368230964,-3.010932899,37.893859908,49.474371057
70.800000000,87.372338583,-3.005612767,37.906144739,49.466193844
70.833333333,87.377000183,-3.000213031,37.918859647,49.458140537
70.866666667,87.382210576,-2.994734995,37.931999529,49.450211047
70.900000000,87.387964492,-2.989179967,37.945559232,49.442405260
70.933333333,87.394256581,-2.983549262,37.959533557,49.434723025
70.966666667,87.401081418,-2.977844196,37.973917256,49.427164162
71.000000000,87.408433500,-2.972066090,37.988705039,49.419728461
71.033333333,87.416307250,-2.966216267,38.003891573,49.412415677
71.066666667,87.424697018,-2.960296053,38.019471483,49.405225534
71.100000000,87.433597080,-2.954306776,38.035439356,49.398157725
71.133333333,87.443001644,-2.948249764,38.051789737,49.391211908
71.166666667,87.452904847,-2.942126349,38.068517137,49.384387710
71.200000000,87.463300756,-2.935937861,38.085616031,49.377684725
71.233333333,87.474183374,-2.929685630,38.103080860,49.371102515
71.266666667,87.485546638,-2.923370990,38.120906031,49.364640607
71.300000000,87.497384419,-2.916995269,38.139085923,49.358298496
71.333333333,87.509690527,-2.910559798,38.157614883,49.352075645
71.366666667,87.522458710,-2.904065906,38.176487229,49.345971481
71.400000000,87.535682656,-2.897514919,38.195697253,49.339985402
71.433333333,87.549355992,-2.890908162,38.215239223,49.334116769
71.466666667,87.563472292,-2.884246959,38.235107380,49.328364912
71.500000000,87.578025070,-2.877532628,38.255295943,49.322729127
71.533333333,87.593007786,-2.870766487,38.275799110,49.317208676
71.566666667,87.608413849,-2.863949850,38.296611059,49.311802790
71.600000000,87.624236613,-2.857084027,38.317725947,49.306510665
71.633333333,87.640469381,-2.850170323,38.339137916,49.301331465
71.666666667,87.657105411,-2.843210040,38.360841090,49.296264321
71.700000000,87.674137907,-2.836204476,38.382829577,49.291308330
71.733333333,87.691560031,-2.829154922,38.405097472,49.286462558
71.766666667,87.709364896,-2.822062667,38.427638858,49.281726038
71.800000000,87.727545574,-2.814928990,38.450447806,49.277097769
71.833333333,87.746095093,-2.807755170,38.473518374,49.272576719
71.866666667,87.765006439,-2.800542474,38.496844616,49.268161823
71.900000000,87.784272559,-2.793292167,38.520420573,49.263851986
71.933333333,87.803886359,-2.786005507,38.544240281,49.259646078
71.966666667,87.823840711,-2.778683744,38.568297771,49.255542940
72.000000000,87.844128448,-2.771328121,38.592587068,49.251541380
72.033333333,87.864742370,-2.763939875,38.617102194,49.247640176
72.066666667,87.885675241,-2.756520235,38.641837169,49.243838072
72.100000000,87.906919795,-2.749070422,38.666786009,49.240133786
72.133333333,87.928468734,-2.741591650,38.691942733,49.236526001
72.166666667,87.950314731,-2.734085124,38.717301358,49.233013373
72.200000000,87.972450429,-2.726552041,38.742855904,49.229594525
72.233333333,87.994868445,-2.718993592,38.768600392,49.226268053
72.266666667,88.017561370,-2.711410955,38.794528849,49.223032522
72.300000000,88.040521770,-2.703805303,38.820635302,49.219886468
72.333333333,88.063742187,-2.696177798,38.846913789,49.216828398
72.366666667,88.087215142,-2.688529595,38.873358350,49.213856792
72.400000000,88.110933134,-2.680861837,38.899963034,49.210970100
72.433333333,88.134888642,-2.673175660,38.926721898,49.208166744
72.466666667,88.159074127,-2.665472190,38.953629006,49.205445121
72.500000000,88.183482032,-2.657752542,38.980678435,49.202803597
72.533333333,88.208104785,-2.650017824,39.007864270,49.200240515
72.566666667,88.232934797,-2.642269131,39.035180608,49.197754189
72.600000000,88.257964467,-2.634507551,39.062621559,49.195342908
72.633333333,88.283186180,-2.626734160,39.090181245,49.193004936
72.666666667,88.308592310,-2.618950024,39.117853801,49.190738509
72.700000000,88.334175221,-2.611156200,39.145633379,49.188541842
72.733333333,88.359927266,-2.603353734,39.173514144,49.186413122
72.766666667,88.385840792,-2.595543662,39.201490277,49.184350515
72.800000000,88.411908137,-2.587727008,39.229555976,49.182352161
72.833333333,88.438121635,-2.579904788,39.257705456,49.180416179
72.866666667,88.464473612,-2.572078005,39.285932950,49.178540662
72.900000000,88.490956395,-2.564247653,39.314232711,49.176723684
72.933333333,88.517562303,-2.556414715,39.342599007,49.174963295
72.966666667,88.544283657,-2.548580163,39.371026131,49.173257526
73.000000000,88.571112776,-2.540744958,39.399508392,49.171604384
73.033333333,88.598041979,-2.532910051,39.428040122,49.170001857
73.066666667,88.625063588,-2.525076382,39.456615675,49.168447913
73.100000000,88.652169926,-2.517244880,39.485229425,49.166940501
73.133333333,88.679353320,-2.509416463,39.513875770,49.165477550
73.166666667,88.706606100,-2.501592038,39.542549130,49.164056970
73.200000000,88.733920605,-2.493772503,39.571243951,49.162676655
73.233333333,88.761289177,-2.485958742,39.599954699,49.161334478
73.266666667,88.788704166,-2.478151631,39.628675869,49.160028297
73.300000000,88.816157932,-2.470352034,39.657401978,49.158755954
73.333333333,88.843642842,-2.462560803,39.686127568,49.157515274
73.366666667,88.871151275,-2.454778782,39.714847210,49.156304065
73.400000000,88.898675620,-2.447006802,39.743555499,49.155120122
73.433333333,88.926208278,-2.439245684,39.772247055,49.153961223
73.466666667,88.953741664,-2.431496237,39.800916529,49.152825135
73.500000000,88.981268205,-2.423759263,39.829558597,49.151709607
73.533333333,89.008780343,-2.416035548,39.858167964,49.150612380
73.566666667,89.036270538,-2.408325872,39.886739360,49.149531178
73.600000000,89.063731263,-2.400631003,39.915267549,49.148463714
73.633333333,89.091155009,-2.392951697,39.943747318,49.147407691
73.666666667,89.118534286,-2.385288701,39.972173487,49.146360799
73.700000000,89.145861623,-2.377642752,40.000540905,49.145320718
73.733333333,89.173129567,-2.370014574,40.028844448,49.144285119
73.766666667,89.200330686,-2.362404885,40.057079026,49.143251660
73.800000000,89.227457570,-2.354814389,40.085239576,49.142217994
73.833333333,89.254502830,-2.347243781,40.113321066,49.141181763
73.866666667,89.281459100,-2.339693747,40.141318498,49.140140602
73.900000000,89.308319037,-2.332164962,40.169226900,49.139092137
73.933333333,89.335075323,-2.324658090,40.197041335,49.138033988
73.966666667,89.361720664,-2.317173787,40.224756896,49.136963768
74.000000000,89.388247793,-2.309712698,40.252368708,49.135879085
74.033333333,89.414649467,-2.302275459,40.279871927,49.134777540
74.066666667,89.440918472,-2.294862697,40.307261742,49.133656730
74.100000000,89.467047620,-2.287475027,40.334533374,49.132514246
74.133333333,89.493029753,-2.280113056,40.361682076,49.131347677
74.166666667,89.518857742,-2.272777383,40.388703135,49.130154607
74.200000000,89.544524485,-2.265468595,40.415591868,49.128932617
74.233333333,89.570022913,-2.258187271,40.442343627,49.127679286
74.266666667,89.595345987,-2.250933982,40.468953796,49.126392191
74.300000000,89.620486699,-2.243709289,40.495417793,49.125068906
74.333333333,89.645438074,-2.236513743,40.521731069,49.123707005
74.366666667,89.670193168,-2.229347889,40.547889106,49.122304062
74.400000000,89.694745074,-2.222212259,40.573887423,49.120857651
74.433333333,89.719086913,-2.215107381,40.599721570,49.119365343
74.466666667,89.743211847,-2.208033771,40.625387132,49.117824714
74.500000000,89.767113067,-2.200991939,40.650879727,49.116233340
74.533333333,89.790783803,-2.193982385,40.676195007,49.114588797
74.566666667,89.814217321,-2.187005602,40.701328657,49.112888665
74.600000000,89.837406923,-2.180062074,40.726276397,49.111130526
74.633333333,89.860345946,-2.173152276,40.751033980,49.109311966
74.666666667,89.883027768,-2.166276679,40.775597195,49.107430574
74.700000000,89.905445803,-2.159435741,40.799961862,49.105483942
74.733333333,89.927593505,-2.152629916,40.824123837,49.103469668
74.766666667,89.949464364,-2.145859650,40.848079009,49.101385355
74.800000000,89.971051914,-2.139125380,40.871823304,49.099228610
74.833333333,89.992349725,-2.132427536,40.895352677,49.096997048
74.866666667,90.013351409,-2.125766543,40.918663122,49.094688287
74.900000000,90.034050620,-2.119142816,40.941750664,49.092299956
74.933333333,90.054441052,-2.112556764,40.964611365,49.089829687
74.966666667,90.074516439,-2.106008789,40.987241318,49.087275122
75.000000000,90.094270562,-2.099499287,41.009636652,49.084633910
75.033333333,90.113697239,-2.093028647,41.031793529,49.081903710
75.066666667,90.132790335,-2.086597250,41.053708148,49.079082187
75.100000000,90.151543756,-2.080205472,41.075376739,49.076167017
75.133333333,90.169951452,-2.073853683,41.096795566,49.073155886
75.166666667,90.188007420,-2.067542245,41.117960930,49.070046489
75.200000000,90.205705696,-2.061271516,41.138869164,49.066836533
75.233333333,90.223040366,-2.055041846,41.159516634,49.063523733
75.266666667,90.240005559,-2.048853580,41.179899742,49.060105817
75.300000000,90.256595449,-2.042707057,41.200014922,49.056580526
75.333333333,90.272804256,-2.036602611,41.219858645,49.052945610
75.366666667,90.288626247,-2.030540569,41.239427413,49.049198834
75.400000000,90.304055735,-2.024521255,41.258717762,49.045337973
75.433333333,90.319087081,-2.018544984,41.277726263,49.041360818
75.466666667,90.333714690,-2.012612070,41.296449519,49.037265171
75.500000000,90.347933019,-2.006722817,41.314884168,49.033048850
75.533333333,90.361736568,-2.000877529,41.333026882,49.028709686
75.566666667,90.375119888,-1.995076501,41.350874365,49.024245523
75.600000000,90.388077578,-1.989320026,41.368423355,49.019654224
75.633333333,90.400604285,-1.983608390,41.385670623,49.014933663
75.666666667,90.412694705,-1.977941877,41.402612974,49.010081731
75.700000000,90.424343583,-1.972320764,41.419247245,49.005096337
75.733333333,90.435545713,-1.966745325,41.435570309,48.999975404
75.766666667,90.446295939,-1.961215829,41.451579068,48.994716871
75.800000000,90.456589156,-1.955732541,41.467270461,48.989318695
75.833333333,90.466420307,-1.950295723,41.482641455,48.983778852
75.866666667,90.475784387,-1.944905632,41.497689056,48.978095331
75.900000000,90.484676441,-1.939562520,41.512410296,48.972266144
75.933333333,90.493091564,-1.934266639,41.526802246,48.966289318
75.966666667,90.501024903,-1.929018232,41.540862005,48.960162898
76.000000000,90.508471657,-1.923817544,41.554586706,48.953884951
76.033333333,90.515427074,-1.918664811,41.567973515,48.947453559
76.066666667,90.521886456,-1.913560271,41.581019630,48.940866826
76.100000000,90.527845156,-1.908504155,41.593722280,48.934122876
76.133333333,90.533298578,-1.903496692,41.606078727,48.927219851
76.166666667,90.538242180,-1.898538109,41.618086265,48.920155915
76.200000000,90.542671472,-1.893628628,41.629742221,48.912929251
76.233333333,90.546582014,-1.888768469,41.641043951,48.905538064
76.266666667,90.549969424,-1.883957851,41.651988845,48.897980579
76.300000000,90.552829367,-1.879196987,41.662574325,48.890255042
76.333333333,90.555157565,-1.874486089,41.672797842,48.882359724
76.366666667,90.556949793,-1.869825368,41.682656880,48.874292913
76.400000000,90.558201878,-1.865215031,41.692148956,48.866052922
76.433333333,90.558909700,-1.860655283,41.701271615,48.857638086
76.466666667,90.559069196,-1.856146325,41.710022434,48.849046762
76.500000000,90.558676354,-1.851688360,41.718399023,48.840277331
76.533333333,90.557727216,-1.847281585,41.726399021,48.831328195
76.566666667,90.556217879,-1.842926198,41.734020098,48.822197781
76.600000000,90.554144495,-1.838622392,41.741259955,48.812884540
76.633333333,90.551503270,-1.834370361,41.748116325,48.803386945
76.666666667,90.548290463,-1.830170297,41.754586968,48.793703495
76.700000000,90.544502390,-1.826022389,41.760669678,48.783832712
76.733333333,90.540135420,-1.821926825,41.766362278,48.773773142
76.766666667,90.535185978,-1.817883792,41.771662620,48.763523357
76.800000000,90.529650543,-1.813893475,41.776568588,48.753081955
76.833333333,90.523525651,-1.809956060,41.781078095,48.742447555
76.866666667,90.516807891,-1.806071728,41.785189085,48.731618806
76.900000000,90.509493909,-1.802240661,41.788899529,48.720594380
76.933333333,90.501580406,-1.798463041,41.792207431,48.709372975
76.966666667,90.493064139,-1.794739048,41.795110823,48.697953315
77.000000000,90.483941919,-1.791068860,41.797607767,48.686334152
77.033333333,90.474210615,-1.787452656,41.799696354,48.674514261
77.066666667,90.463867151,-1.783890613,41.801374704,48.662492447
77.100000000,90.452908507,-1.780382909,41.802640967,48.650267540
77.133333333,90.441331718,-1.776929719,41.803493322,48.637838397
77.166666667,90.429133878,-1.773531221,41.803929976,48.625203901
77.200000000,90.416312133,-1.770187588,41.803949167,48.612362966
77.233333333,90.402863690,-1.766898996,41.803549160,48.599314530
77.266666667,90.388785809,-1.763665621,41.802728249,48.586057560
77.300000000,90.374075809,-1.760487636,41.801484758,48.572591051
77.333333333,90.358731062,-1.757365217,41.799817037,48.558914025
77.366666667,90.342749002,-1.754298538,41.797723467,48.545025534
77.400000000,90.326127114,-1.751287772,41.795202456,48.530924658
77.433333333,90.308862944,-1.748333096,41.792252441,48.516610503
77.466666667,90.290954094,-1.745434683,41.788871887,48.502082207
77.500000000,90.272398221,-1.742592709,41.785059286,48.487338935
77.533333333,90.253193042,-1.739807348,41.780813159,48.472379882
77.566666667,90.233336328,-1.737078776,41.776132056,48.457204272
77.600000000,90.212825911,-1.734407169,41.771014553,48.441811358
77.633333333,90.191659677,-1.731792704,41.765459254,48.426200423
77.666666667,90.169835570,-1.729235556,41.759464792,48.410370778
77.700000000,90.147351593,-1.726735904,41.753029827,48.394321766
77.733333333,90.124205805,-1.724293926,41.746153045,48.378052760
77.766666667,90.100396322,-1.721909800,41.738833162,48.361563161
77.800000000,90.075921320,-1.719583705,41.731068919,48.344852401
77.833333333,90.050779031,-1.717315823,41.722859087,48.327919944
77.866666667,90.024967743,-1.715106334,41.714202460,48.310765283
77.900000000,89.998485806,-1.712955420,41.705097865,48.293387942
77.933333333,89.971331625,-1.710863264,41.695544150,48.275787475
77.966666667,89.943503663,-1.708830051,41.685540195,48.257963469
78.000000000,89.915000442,-1.706855965,41.675084903,48.239915539
78.033333333,89.885820542,-1.704941193,41.664177207,48.221643335
78.066666667,89.855962599,-1.703085922,41.652816065,48.203146535
78.100000000,89.825425311,-1.701290341,41.641000462,48.184424849
78.133333333,89.794207431,-1.699554639,41.628729410,48.165478021
78.166666667,89.762307771,-1.697879008,41.616001947,48.146305824
78.200000000,89.729725203,-1.696263640,41.602817139,48.126908063
78.233333333,89.696458655,-1.694708730,41.589174077,48.107284577
78.266666667,89.662507115,-1.693214472,41.575071880,48.087435235
78.300000000,89.627869630,-1.691781064,41.560509691,48.067359939
78.333333333,89.592545304,-1.690408704,41.545486682,48.047058622
78.366666667,89.556533301,-1.689097592,41.530002050,48.026531251
78.400000000,89.519832843,-1.687847930,41.514055017,48.005777826
78.433333333,89.482443212,-1.686659921,41.497644835,47.984798377
78.466666667,89.444363746,-1.685533770,41.480770777,47.963592969
78.500000000,89.405593845,-1.684469683,41.463432148,47.942161698
78.533333333,89.366132968,-1.683467869,41.445628273,47.920504694
78.566666667,89.325980630,-1.682528539,41.427358509,47.898622121
78.600000000,89.285136408,-1.681651905,41.408622234,47.876514174
78.633333333,89.243599937,-1.680838179,41.389418855,47.854181082
78.666666667,89.201370911,-1.680087579,41.369747803,47.831623108
78.700000000,89.158449085,-1.679400322,41.349608538,47.808840547
78.733333333,89.114834272,-1.678776628,41.329000544,47.785833728
78.766666667,89.070526343,-1.678216718,41.307923329,47.762603014
78.800000000,89.025525232,-1.677720817,41.286376430,47.739148802
78.833333333,88.979830931,-1.677289149,41.264359409,47.715471522
78.866666667,88.933443490,-1.676921944,41.241871854,47.691571637
78.900000000,88.886363021,-1.676619430,41.218913377,47.667449645
78.933333333,88.838589696,-1.676381840,41.195483618,47.643106078
78.966666667,88.790123744,-1.676209407,41.171582242,47.618541502
79.000000000,88.740965458,-1.676102370,41.147208941,47.593756516
79.033333333,88.691115187,-1.676060964,41.122363432,47.568751756
79.066666667,88.640573344,-1.676085433,41.097045456,47.543527889
79.100000000,88.589340400,-1.676176017,41.071254783,47.518085617
79.133333333,88.537416886,-1.676332963,41.044991207,47.492425679
79.166666667,88.484803394,-1.676556517,41.018254549,47.466548845
79.200000000,88.431500577,-1.676846929,40.991044655,47.440455922
79.233333333,88.377509148,-1.677204452,40.963361397,47.414147751
79.266666667,88.322829881,-1.677629338,40.935204675,47.387625206
79.300000000,88.267463610,-1.678121845,40.906574411,47.360889199
79.333333333,88.211411231,-1.678682230,40.877470557,47.333940674
79.366666667,88.154673699,-1.679310756,40.847893089,47.306780610
79.400000000,88.097252032,-1.680007684,40.817842009,47.279410023
79.433333333,88.039147308,-1.680773280,40.787317346,47.251829962
79.466666667,87.980360667,-1.681607813,40.756319156,47.224041512
79.500000000,87.920893310,-1.682511551,40.724847518,47.196045792
79.533333333,87.860746498,-1.683484768,40.692902542,47.167843956
79.566666667,87.799921556,-1.684527737,40.660484361,47.139437195
79.600000000,87.738419869,-1.685640736,40.627593135,47.110826734
79.633333333,87.676242883,-1.686824043,40.594229051,47.082013833
79.666666667,87.613392109,-1.688077940,40.560392323,47.052999786
79.700000000,87.549869116,-1.689402711,40.526083191,47.023785925
79.733333333,87.485675538,-1.690798641,40.491301921,46.994373616
79.766666667,87.420813069,-1.692266017,40.456048809,46.964764260
79.800000000,87.355283467,-1.693805131,40.420324174,46.934959293
79.833333333,87.289088552,-1.695416274,40.384128364,46.904960187
79.866666667,87.222230205,-1.697099741,40.347461755,46.874768450
79.900000000,87.154710373,-1.698855828,40.310324749,46.844385624
79.933333333,87.086531062,-1.700684833,40.272717774,46.813813287
79.966666667,87.017694343,-1.702587058,40.234641290,46.783053053
80.000000000,86.948202350,-1.704562806,40.196095779,46.752106570
80.033333333,86.878057279,-1.706612380,40.157081756,46.720975523
80.066666667,86.807261391,-1.708736087,40.117599759,46.689661632
80.100000000,86.735817009,-1.710934236,40.077650358,46.658166651
80.133333333,86.663726520,-1.713207137,40.037234150,46.626492371
80.166666667,86.590992376,-1.715555103,39.996351758,46.594640617
80.200000000,86.517617090,-1.717978448,39.955003838,46.562613252
80.233333333,86.443603241,-1.720477486,39.913191071,46.530412171
80.266666667,86.368953473,-1.723052536,39.870914167,46.498039306
80.300000000,86.293670493,-1.725703917,39.828173867,46.465496625
80.333333333,86.217757071,-1.728431949,39.784970941,46.432786130
80.366666667,86.141216045,-1.731236955,39.741306187,46.399909858
80.400000000,86.064050316,-1.734119257,39.697180433,46.366869883
80.433333333,85.986262849,-1.737079182,39.652594537,46.333668312
80.466666667,85.907856676,-1.740117054,39.607549387,46.300307288
80.500000000,85.828834892,-1.743233203,39.562045902,46.266788990
80.533333333,85.749200661,-1.746427956,39.516085031,46.233115630
80.566666667,85.668957209,-1.749701643,39.469667753,46.199289456
80.600000000,85.588107830,-1.753054595,39.422795079,46.165312752
80.633333333,85.506655883,-1.756487144,39.375468050,46.131187834
80.666666667,85.424604794,-1.759999622,39.327687740,46.096917054
80.700000000,85.341958054,-1.763592362,39.279455254,46.062502800
80.733333333,85.258719222,-1.767265699,39.230771728,46.027947493
80.766666667,85.174891922,-1.771019966,39.181638333,45.993253589
80.800000000,85.090479847,-1.774855500,39.132056271,45.958423577
80.833333333,85.005486756,-1.778772633,39.082026775,45.923459981
80.866666667,84.919916476,-1.782771704,39.031551115,45.888365361
80.900000000,84.833772900,-1.786853046,38.980630593,45.853142307
80.933333333,84.747059990,-1.791016995,38.929266543,45.817793447
80.966666667,84.659781775,-1.795263887,38.877460336,45.782321439
81.000000000,84.571942355,-1.799594056,38.825213377,45.746728978
81.033333333,84.483545893,-1.804007838,38.772527104,45.711018789
81.066666667,84.394596626,-1.808505566,38.719402994,45.675193632
81.100000000,84.305098857,-1.813087574,38.665842555,45.639256302
81.133333333,84.215056958,-1.817754194,38.611847336,45.603209622
81.166666667,84.124475371,-1.822505759,38.557418919,45.567056452
81.200000000,84.033358607,-1.827342597,38.502558924,45.530799683
81.233333333,83.941711248,-1.832265040,38.447269009,45.494442239
81.266666667,83.849537943,-1.837273413,38.391550869,45.457987074
81.300000000,83.756843415,-1.842368044,38.335406239,45.421437176
81.333333333,83.663632454,-1.847549256,38.278836889,45.384795565
81.366666667,83.569909923,-1.852817371,38.221844632,45.348065290
81.400000000,83.475680754,-1.858172710,38.164431320,45.311249434
81.433333333,83.380949952,-1.863615590,38.106598843,45.274351110
81.466666667,83.285722593,-1.869146325,38.048349133,45.237373460
81.500000000,83.190003823,-1.874765229,37.989684164,45.200319659
81.533333333,83.093798862,-1.880472609,37.930605951,45.163192910
81.566666667,82.997113000,-1.886268773,37.871116552,45.125996448
81.600000000,82.899951603,-1.892154022,37.811218067,45.088733536
81.633333333,82.802320105,-1.898128655,37.750912639,45.051407466
81.666666667,82.704224017,-1.904192967,37.690202457,45.014021560
81.700000000,82.605668921,-1.910347248,37.629089753,44.976579168
81.733333333,82.506660473,-1.916591785,37.567576804,44.939083668
81.766666667,82.407204403,-1.922926858,37.505665936,44.901538467
81.800000000,82.307306515,-1.929352745,37.443359517,44.863946998
81.833333333,82.206972687,-1.935869717,37.380659965,44.826312722
81.866666667,82.106208873,-1.942478039,37.317569746,44.788639126
81.900000000,82.005021100,-1.949177971,37.254091375,44.750929725
81.933333333,81.903415471,-1.955969768,37.190227413,44.713188058
81.966666667,81.801398165,-1.962853676,37.125980476,44.675417690
82.000000000,81.698975436,-1.969829936,37.061353226,44.637622210
82.033333333,81.596153615,-1.976898782,36.996348380,44.599805235
82.066666667,81.492939108,-1.984060441,36.930968706,44.561970402
82.100000000,81.389338399,-1.991315130,36.865217026,44.524121373
82.133333333,81.285358048,-1.998663061,36.799096214,44.486261834
82.166666667,81.181004693,-2.006104436,36.732609200,44.448395493
82.200000000,81.076285050,-2.013639448,36.665758971,44.410526079
82.233333333,80.971205911,-2.021268282,36.598548567,44.372657344
82.266666667,80.865774148,-2.028991112,36.530981089,44.334793059
82.300000000,80.759996711,-2.036808104,36.463059695,44.296937017
82.333333333,80.653880629,-2.044719412,36.394787600,44.259093029
82.366666667,80.547433009,-2.052725180,36.326168082,44.221264927
82.400000000,80.440661039,-2.060825541,36.257204479,44.183456560
82.433333333,80.333571986,-2.069020617,36.187900190,44.145671796
82.466666667,80.226173197,-2.077310518,36.118258679,44.107914518
82.500000000,80.118472099,-2.085695340,36.048283473,44.070188626
82.533333333,80.010476202,-2.094175168,35.977978163,44.032498039
82.566666667,79.902193094,-2.102750072,35.907346408,43.994846686
82.600000000,79.793630445,-2.111420111,35.836391932,43.957238513
82.633333333,79.684796009,-2.120185327,35.765118530,43.919677479
82.666666667,79.575697619,-2.129045748,35.693530063,43.882167556
82.700000000,79.466343192,-2.138001388,35.621630465,43.844712727
82.733333333,79.356740728,-2.147052244,35.549423741,43.807316987
82.766666667,79.246898308,-2.156198297,35.476913967,43.769984341
82.800000000,79.136824098,-2.165439512,35.404105295,43.732718803
82.833333333,79.026526348,-2.174775835,35.331001952,43.695524396
82.866666667,78.916013389,-2.184207196,35.257608240,43.658405149
82.900000000,78.805293640,-2.193733506,35.183928540,43.621365100
82.933333333,78.694375602,-2.203354656,35.109967309,43.584408292
82.966666667,78.583267861,-2.213070518,35.035729088,43.547538772
83.000000000,78.471979089,-2.222880945,34.961218497,43.510760592
83.033333333,78.360518044,-2.232785767,34.886440239,43.474077805
83.066666667,78.248893568,-2.242784795,34.811399100,43.437494468
83.100000000,78.137114591,-2.252877817,34.736099954,43.401014637
83.133333333,78.025190128,-2.263064598,34.660547760,43.364642368
83.166666667,77.913129281,-2.273344880,34.584747564,43.328381717
83.200000000,77.800941239,-2.283718381,34.508704503,43.292236736
83.233333333,77.688635279,-2.294184794,34.432423804,43.256211475
83.266666667,77.576220765,-2.304743789,34.355910789,43.220309976
83.300000000,77.463707148,-2.315395007,34.279170869,43.184536279
83.333333333,77.351103970,-2.326138064,34.202209555,43.148894415
83.366666667,77.238420857,-2.336972548,34.125032451,43.113388406
83.400000000,77.125667528,-2.347898021,34.047645262,43.078022267
83.433333333,77.012853789,-2.358914014,33.970053791,43.042799998
83.466666667,76.899989535,-2.370020029,33.892263943,43.007725592
83.500000000,76.787084751,-2.381215538,33.814281725,42.972803026
83.533333333,76.674149512,-2.392499983,33.736113251,42.938036261
83.566666667,76.561193982,-2.403872772,33.657764737,42.903429245
83.600000000,76.448228417,-2.415333283,33.579242510,42.868985907
83.633333333,76.335263161,-2.426880860,33.500553003,42.834710158
83.666666667,76.222308652,-2.438514813,33.421702763,42.800605889
83.700000000,76.109375415,-2.450234416,33.342698447,42.766676969
83.733333333,75.996474070,-2.462038909,33.263546826,42.732927244
83.766666667,75.883615326,-2.473927495,33.184254789,42.699360537
83.800000000,75.770809983,-2.485899340,33.104829339,42.665980645
83.833333333,75.658068936,-2.497953572,33.025277599,42.632791336
83.866666667,75.545403168,-2.510089280,32.945606815,42.599796352
83.900000000,75.432823756,-2.522305514,32.865824352,42.566999404
83.933333333,75.320341869,-2.534601282,32.785937699,42.534404169
83.966666667,75.207970201,-2.546976860,32.705952678,42.502017523
84.000000000,75.095717530,-2.559427083,32.625883606,42.469833924
84.033333333,74.983594538,-2.571942902,32.545753227,42.437841311
84.066666667,74.871615385,-2.584518178,32.465580426,42.406034958
84.100000000,74.759789535,-2.597148819,32.385377808,42.374411728
84.133333333,74.648127890,-2.609833790,32.305152810,42.342975080
84.166666667,74.536641372,-2.622571971,32.224913050,42.311728323
84.200000000,74.425340930,-2.635362158,32.144666314,42.280674616
84.233333333,74.314237534,-2.648203075,32.064420547,42.249816987
84.266666667,74.203342178,-2.661093370,31.984183839,42.219158339
84.300000000,74.092665877,-2.674031629,31.903964422,42.188701455
84.333333333,73.982219671,-2.687016371,31.823770660,42.158449011
84.366666667,73.872014618,-2.700046059,31.743611042,42.128403576
84.400000000,73.762061799,-2.713119095,31.663494179,42.098567620
84.433333333,73.652372313,-2.726233828,31.583428795,42.068943518
84.466666667,73.542957280,-2.739388556,31.503423725,42.039533555
84.500000000,73.433827840,-2.752581523,31.423487914,42.010339926
84.533333333,73.324995151,-2.765810928,31.343630406,41.981364745
84.566666667,73.216470387,-2.779074920,31.263860347,41.952610039
84.600000000,73.108264742,-2.792371602,31.184186982,41.924077760
84.633333333,73.000389425,-2.805699034,31.104619648,41.895769777
84.666666667,72.892855661,-2.819055229,31.025167776,41.867687886
84.700000000,72.785674693,-2.832438159,30.945840887,41.839833805
84.733333333,72.678857774,-2.845845753,30.866648593,41.812209180
84.766666667,72.572416175,-2.859275898,30.787600591,41.784815584
84.800000000,72.466361178,-2.872726441,30.708706663,41.757654515
84.833333333,72.360704078,-2.886195189,30.629976676,41.730727402
84.866666667,72.255456183,-2.899679906,30.551420579,41.704035604
84.900000000,72.150628810,-2.913178321,30.473048404,41.677580406
84.933333333,72.046233288,-2.926688119,30.394870261,41.651363027
84.966666667,71.942280953,-2.940206952,30.316896338,41.625384615
85.000000000,71.838783152,-2.953732429,30.239136904,41.599646248
85.033333333,71.735751238,-2.967262125,30.161602301,41.574148937
85.066666667,71.633196570,-2.980793576,30.084302947,41.548893623
85.100000000,71.531130516,-2.994324280,30.007249335,41.523881181
85.133333333,71.429564446,-3.007851701,29.930452030,41.499112417
85.166666667,71.328509735,-3.021373264,29.853921667,41.474588068
85.200000000,71.227977761,-3.034886362,29.777668954,41.450308807
85.233333333,71.127979903,-3.048388349,29.701704666,41.426275238
85.266666667,71.028527543,-3.061876546,29.626039645,41.402487899
85.300000000,70.929632062,-3.075348240,29.550684801,41.378947261
85.333333333,70.831304838,-3.088800682,29.475651107,41.355653731
85.366666667,70.733557251,-3.102231093,29.400949601,41.332607650
85.400000000,70.636400673,-3.115636657,29.326591380,41.309809293
85.433333333,70.539846474,-3.129014529,29.252587604,41.287258871
85.466666667,70.443906020,-3.142361831,29.178949489,41.264956531
85.500000000,70.348590667,-3.155675653,29.105688309,41.242902359
85.533333333,70.253911766,-3.168953055,29.032815392,41.221096374
85.566666667,70.159880656,-3.182191068,28.960342120,41.199538536
85.600000000,70.066508667,-3.195386693,28.888279924,41.178228743
85.633333333,69.973807119,-3.208536902,28.816640287,41.157166832
85.666666667,69.881787316,-3.221638639,28.745434736,41.136352580
85.700000000,69.790460550,-3.234688824,28.674674844,41.115785706
85.733333333,69.699838096,-3.247684347,28.604372227,41.095465869
85.766666667,69.609931214,-3.260622075,28.534538540,41.075392674
85.800000000,69.520751143,-3.273498850,28.465185475,41.055565668
85.833333333,69.432309104,-3.286311491,28.396324762,41.035984342
85.866666667,69.344616297,-3.299056794,28.327968160,41.016648137
85.900000000,69.257683899,-3.311731533,28.260127462,40.997556437
85.933333333,69.171523063,-3.324332464,28.192814485,40.978708578
85.966666667,69.086144915,-3.336856321,28.126041070,40.960103845
86.000000000,69.001560557,-3.349299821,28.059819083,40.941741473
86.033333333,68.917781059,-3.361659665,27.994160406,40.923620654
86.066666667,68.834817465,-3.373932534,27.929076935,40.905740529
86.100000000,68.752680782,-3.386115101,27.864580582,40.888100200
86.133333333,68.671381989,-3.398204019,27.800683265,40.870698724
86.166666667,68.590932026,-3.410195934,27.737396909,40.853535117
86.200000000,68.511341799,-3.422087479,27.674733440,40.836608359
86.233333333,68.432622173,-3.433875277,27.612704784,40.819917389
86.266666667,68.354783977,-3.445555945,27.551322863,40.803461114
86.300000000,68.277837995,-3.457126093,27.490599588,40.787238407
86.333333333,68.201794970,-3.468582325,27.430546860,40.771248110
86.366666667,68.126665597,-3.479921242,27.371176563,40.755489034
86.400000000,68.052460528,-3.491139445,27.312500562,40.739959966
86.433333333,67.979190364,-3.502233532,27.254530698,40.724659666
86.466666667,67.906865656,-3.513200103,27.197278783,40.709586873
86.500000000,67.835496903,-3.524035763,27.140756599,40.694740304
86.533333333,67.765094550,-3.534737119,27.084975891,40.680118658
86.566666667,67.695668986,-3.545300786,27.029948365,40.665720621
86.600000000,67.627230544,-3.555723387,26.975685681,40.651544862
86.633333333,67.559789495,-3.566001554,26.922199452,40.637590043
86.666666667,67.493356051,-3.576131931,26.869501235,40.623854815
86.700000000,67.427940358,-3.586111176,26.817602533,40.610337825
86.733333333,67.363552501,-3.595935962,26.766514786,40.597037715
86.766666667,67.300202493,-3.605602979,26.716249365,40.583953129
86.800000000,67.237900283,-3.615108936,26.666817573,40.571082711
86.833333333,67.176655746,-3.624450563,26.618230636,40.558425111
86.866666667,67.116478685,-3.633624614,26.570499699,40.545978986
86.900000000,67.057378829,-3.642627866,26.523635825,40.533743004
86.933333333,66.999365829,-3.651457124,26.477649984,40.521715845
86.966666667,66.942449259,-3.660109220,26.432553052,40.509896207
87.000000000,66.886638612,-3.668581019,26.388355809,40.498282804
87.033333333,66.831943299,-3.676869416,26.345068927,40.486874372
87.066666667,66.778372644,-3.684971342,26.302702972,40.475669673
87.100000000,66.725935889,-3.692883765,26.261268396,40.464667493
87.133333333,66.674642184,-3.700603691,26.220775532,40.453866652
87.166666667,66.624500591,-3.708128165,26.181234593,40.443265998
87.200000000,66.575520079,-3.715454277,26.142655661,40.432864418
87.233333333,66.527709523,-3.722579159,26.105048687,40.422660836
87.266666667,66.481077701,-3.729499990,26.068423484,40.412654217
87.300000000,66.435633295,-3.736213999,26.032789726,40.402843569
87.333333333,66.391384886,-3.742718463,25.998156938,40.393227948
87.366666667,66.348340952,-3.749010711,25.964534493,40.383806460
87.400000000,66.306509870,-3.755088128,25.931931611,40.374578259
87.433333333,66.265899909,-3.760948154,25.900357351,40.365542558
87.466666667,66.226519231,-3.766588285,25.869820605,40.356698626
87.500000000,66.188375890,-3.772006079,25.840330100,40.348045790
87.533333333,66.151477826,-3.777199154,25.811894385,40.339583440
87.566666667,66.115832868,-3.782165192,25.784521835,40.331311034
87.600000000,66.081448730,-3.786901938,25.758220639,40.323228092
87.633333333,66.048333009,-3.791407205,25.732998802,40.315334207
87.666666667,66.016493181,-3.795678875,25.708864138,40.307629043
87.700000000,65.985936607,-3.799714899,25.685824268,40.300112339
87.733333333,65.956670520,-3.803513297,25.663886611,40.292783909
87.766666667,65.928702033,-3.807072167,25.643058388,40.285643645
87.800000000,65.902038132,-3.810389677,25.623346610,40.278691522
87.833333333,65.876685676,-3.813464073,25.604758082,40.271927595
87.866666667,65.852651396,-3.816293679,25.587299393,40.265352003
87.900000000,65.829941889,-3.818876894,25.570976917,40.258964972
87.933333333,65.808563625,-3.821212202,25.555796809,40.252766817
87.966666667,65.788522936,-3.823298165,25.541764998,40.246757938
88.000000000,65.769826021,-3.825133427,25.528887190,40.240938831
88.033333333,65.752478940,-3.826716717,25.517168860,40.235310080
88.066666667,65.736487617,-3.828046849,25.506615253,40.229872364
88.100000000,65.721857836,-3.829122720,25.497231379,40.224626456
88.133333333,65.708595237,-3.829943316,25.489022011,40.219573226
88.166666667,65.696705320,-3.830507708,25.481991683,40.214713638
88.200000000,65.686193441,-3.830815058,25.476144686,40.210048755
88.233333333,65.677064810,-3.830864614,25.471485071,40.205579739
88.266666667,65.669324489,-3.830655714,25.468016641,40.201307848
88.300000000,65.662977394,-3.830187787,25.465742953,40.197234441
88.333333333,65.658028292,-3.829460353,25.464667314,40.193360978
88.366666667,65.654481799,-3.828473020,25.464792784,40.189689015
88.400000000,65.652342380,-3.827225491,25.466122169,40.186220211
88.433333333,65.651614347,-3.825717558,25.468658023,40.182956324
88.466666667,65.652301860,-3.823949106,25.472402648,40.179899211
88.500000000,65.654408921,-3.821920112,25.477358091,40.177050830
88.533333333,65.657939382,-3.819630644,25.483526145,40.174413237
88.566666667,65.662896934,-3.817080863,25.490908347,40.171988587
88.600000000,65.669285113,-3.814271020,25.499505979,40.169779134
88.633333333,65.677107296,-3.811201461,25.509320070,40.167787226
88.666666667,65.686366702,-3.807872620,25.520351390,40.166015312
88.700000000,65.697066390,-3.804285024,25.532600457,40.164465934
88.733333333,65.709209260,-3.800439290,25.546067533,40.163141727
88.766666667,65.722798049,-3.796336127,25.560752627,40.162045422
88.800000000,65.737835333,-3.791976329,25.576655495,40.161179839
88.833333333,65.754323529,-3.787360785,25.593775639,40.160547890
88.866666667,65.772264888,-3.782490468,25.612112313,40.160152575
88.900000000,65.791661499,-3.777366440,25.631664518,40.159996981
88.933333333,65.812515290,-3.771989850,25.652431010,40.160084281
88.966666667,65.834828022,-3.766361933,25.674410295,40.160417728
89.000000000,65.858601295,-3.760484006,25.697600636,40.161000660
89.033333333,65.883836544,-3.754357474,25.722000053,40.161836491
89.066666667,65.910535038,-3.747983822,25.747606324,40.162928715
89.100000000,65.938697885,-3.741364616,25.774416989,40.164280896
89.133333333,65.968326026,-3.734501504,25.802429351,40.165896675
89.166666667,65.999420237,-3.727396213,25.831640479,40.167779759
89.200000000,66.031981132,-3.720050545,25.862047211,40.169933922
89.233333333,66.066009160,-3.712466380,25.893646156,40.172363004
89.266666667,66.101504603,-3.704645674,25.926433698,40.175070904
89.300000000,66.138467582,-3.696590452,25.960405998,40.178061583
89.333333333,66.176898052,-3.688302815,25.995558998,40.181339055
89.366666667,66.216795807,-3.679784931,26.031888421,40.184907386
89.400000000,66.258160475,-3.671039037,26.069389781,40.188770694
89.433333333,66.300991521,-3.662067438,26.108058380,40.192933142
89.466666667,66.345288251,-3.652872502,26.147889315,40.197398936
89.500000000,66.391049804,-3.643456659,26.188877480,40.202172324
89.533333333,66.438275162,-3.633822404,26.231017573,40.207257589
89.566666667,66.486963142,-3.623972288,26.274304093,40.212659049
89.600000000,66.537112404,-3.613908921,26.318731354,40.218381050
89.633333333,66.588721445,-3.603634967,26.364293478,40.224427967
89.666666667,66.641788606,-3.593153145,26.410984408,40.230804198
89.700000000,66.696312069,-3.582466226,26.458797908,40.237514161
89.733333333,66.752289856,-3.571577028,26.507727566,40.244562289
89.766666667,66.809719835,-3.560488420,26.557766803,40.251953032
89.800000000,66.868599717,-3.549203313,26.608908871,40.259690845
89.833333333,66.928927058,-3.537724665,26.661146865,40.267780193
89.866666667,66.990699262,-3.526055474,26.714473720,40.276225542
89.900000000,67.053913577,-3.514198776,26.768882219,40.285031358
89.933333333,67.118567100,-3.502157647,26.824364998,40.294202102
89.966666667,67.184656779,-3.489935196,26.880914551,40.303742227
90.000000000,67.252179409,-3.477534566,26.938523230,40.313656178
90.033333333,67.321131639,-3.464958933,26.997183256,40.323948383
90.066666667,67.391509969,-3.452211499,27.056886717,40.334623252
90.100000000,67.463310755,-3.439295495,27.117625579,40.345685176
90.133333333,67.536530204,-3.426214177,27.179391685,40.357138519
90.166666667,67.611164383,-3.412970823,27.242176763,40.368987620
90.200000000,67.687209214,-3.399568732,27.305972429,40.381236785
90.233333333,67.764660480,-3.386011224,27.370770194,40.393890286
90.266666667,67.843513823,-3.372301633,27.436561463,40.406952360
90.300000000,67.923764747,-3.358443310,27.503337547,40.420427200
90.333333333,68.005408619,-3.344439618,27.571089659,40.434318960
90.366666667,68.088440670,-3.330293932,27.639808927,40.448631742
90.400000000,68.172855997,-3.316009635,27.709486392,40.463369605
90.433333333,68.258649567,-3.301590119,27.780113016,40.478536551
90.466666667,68.345816213,-3.287038779,27.851679685,40.494136528
90.500000000,68.434350639,-3.272359016,27.924177211,40.510173428
90.533333333,68.524247422,-3.257554232,27.997596341,40.526651081
90.566666667,68.615501014,-3.242627829,28.071927759,40.543573255
90.600000000,68.708105738,-3.227583206,28.147162088,40.560943650
90.633333333,68.802055799,-3.212423761,28.223289897,40.578765902
90.666666667,68.897345277,-3.197152886,28.300301704,40.597043573
90.700000000,68.993968133,-3.181773966,28.378187979,40.615780154
90.733333333,69.091918212,-3.166290377,28.456939150,40.634979061
90.766666667,69.191189239,-3.150705487,28.536545606,40.654643633
90.800000000,69.291774826,-3.135022651,28.616997699,40.674777128
90.833333333,69.393668473,-3.119245214,28.698285749,40.695382724
90.866666667,69.496863567,-3.103376502,28.780400049,40.716463518
90.900000000,69.601353386,-3.087419830,28.863330866,40.738022520
90.933333333,69.707131099,-3.071378493,28.947068447,40.760062652
90.966666667,69.814189770,-3.055255770,29.031603021,40.782586750
91.000000000,69.922522359,-3.039054918,29.116924800,40.805597559
91.033333333,70.032121721,-3.022779174,29.203023987,40.829097734
91.066666667,70.142980613,-3.006431755,29.289890778,40.853089835
91.100000000,70.255091689,-2.990015852,29.377515360,40.877576329
91.133333333,70.368447509,-2.973534633,29.465887921,40.902559588
91.166666667,70.483040535,-2.956991241,29.554998649,40.928041886
91.200000000,70.598863136,-2.940388793,29.644837736,40.954025400
91.233333333,70.715907588,-2.923730376,29.735395379,40.980512209
91.266666667,70.834166078,-2.907019052,29.826661785,41.007504292
91.300000000,70.953630701,-2.890257852,29.918627174,41.035003527
91.333333333,71.074293468,-2.873449777,30.011281777,41.063011690
91.366666667,71.196146302,-2.856597799,30.104615845,41.091530457
91.400000000,71.319181046,-2.839704856,30.198619646,41.120561400
91.433333333,71.443389457,-2.822773855,30.293283469,41.150105988
91.466666667,71.568763214,-2.805807670,30.388597627,41.180165587
91.500000000,71.695293917,-2.788809140,30.484552458,41.210741459
91.533333333,71.822973089,-2.771781072,30.581138329,41.241834760
91.566666667,71.951792178,-2.754726236,30.678345635,41.273446542
91.600000000,72.081742558,-2.737647367,30.776164803,41.305577755
91.633333333,72.212815531,-2.720547166,30.874586292,41.338229239
91.666666667,72.345002330,-2.703428295,30.973600597,41.371401733
91.700000000,72.478294119,-2.686293381,31.073198249,41.405095870
91.733333333,72.612681993,-2.669145014,31.173369817,41.439312176
91.766666667,72.748156984,-2.651985743,31.274105909,41.474051076
91.800000000,72.884710060,-2.634818085,31.375397174,41.509312886
91.833333333,73.022332126,-2.617644514,31.477234306,41.545097820
91.866666667,73.161014025,-2.600467467,31.579608037,41.581405988
91.900000000,73.300746544,-2.583289344,31.682509149,41.618237395
91.933333333,73.441520410,-2.566112504,31.785928467,41.655591943
91.966666667,73.583326295,-2.548939268,31.889856863,41.693469432
92.000000000,73.726154816,-2.531771918,31.994285258,41.731869558
92.033333333,73.869996536,-2.514612696,32.099204621,41.770791915
92.066666667,74.014841969,-2.497463806,32.204605972,41.810235997
92.100000000,74.160681575,-2.480327412,32.310480380,41.850201196
92.133333333,74.307505769,-2.463205638,32.416818965,41.890686804
92.166666667,74.455304916,-2.446100570,32.523612901,41.931692015
92.200000000,74.604069336,-2.429014252,32.630853414,41.973215922
92.233333333,74.753789303,-2.411948693,32.738531781,42.015257522
92.266666667,74.904455051,-2.394905858,32.846639336,42.057815715
92.300000000,75.056056767,-2.377887678,32.955167465,42.100889302
92.333333333,75.208584602,-2.360896039,33.064107610,42.144476992
92.366666667,75.362028664,-2.343932794,33.173451267,42.188577397
92.400000000,75.516379026,-2.326999753,33.283189988,42.233189038
92.433333333,75.671625722,-2.310098690,33.393315381,42.278310341
92.466666667,75.827758750,-2.293231339,33.503819108,42.323939642
92.500000000,75.984768074,-2.276399396,33.614692890,42.370075184
92.533333333,76.142643626,-2.259604522,33.725928502,42.416715124
92.566666667,76.301375304,-2.242848335,33.837517776,42.463857528
92.600000000,76.460952976,-2.226132421,33.949452601,42.511500374
92.633333333,76.621366478,-2.209458325,34.061724922,42.559641556
92.666666667,76.782605621,-2.192827557,34.174326740,42.608278881
92.700000000,76.944660185,-2.176241589,34.287250114,42.657410071
92.733333333,77.107519923,-2.159701859,34.400487156,42.707032767
92.766666667,77.271174565,-2.143209767,34.514030039,42.757144526
92.800000000,77.435613813,-2.126766678,34.627870988,42.807742825
92.833333333,77.600827349,-2.110373922,34.742002286,42.858825063
92.866666667,77.766804828,-2.094032794,34.856416271,42.910388557
92.900000000,77.933535886,-2.077744555,34.971105338,42.962430549
92.933333333,78.101010138,-2.061510430,35.086061934,43.014948204
92.966666667,78.269217177,-2.045331612,35.201278565,43.067938612
93.000000000,78.438146579,-2.029209260,35.316747789,43.121398789
93.033333333,78.607787899,-2.013144500,35.432462219,43.175325680
93.066666667,78.778130678,-1.997138425,35.548414523,43.229716155
93.100000000,78.949164437,-1.981192095,35.664597420,43.284567018
93.133333333,79.120878684,-1.965306541,35.781003685,43.339874999
93.166666667,79.293262909,-1.949482761,35.897626146,43.395636763
93.200000000,79.466306589,-1.933721720,36.014457680,43.451848909
93.233333333,79.639999188,-1.918024355,36.131491220,43.508507968
93.266666667,79.814330156,-1.902391572,36.248719748,43.565610408
93.300000000,79.989288931,-1.886824247,36.366136298,43.623152632
93.333333333,80.164864939,-1.871323227,36.483733955,43.681130984
93.366666667,80.341047596,-1.855889332,36.601505853,43.739541743
93.400000000,80.517826307,-1.840523349,36.719445175,43.798381132
93.433333333,80.695190466,-1.825226041,36.837545155,43.857645311
93.466666667,80.873129461,-1.809998141,36.955799074,43.917330387
93.500000000,81.051632669,-1.794840358,37.074200262,43.977432407
93.533333333,81.230689460,-1.779753370,37.192742095,44.037947365
93.566666667,81.410289195,-1.764737833,37.311417996,44.098871199
93.600000000,81.590421229,-1.749794373,37.430221435,44.160199794
93.633333333,81.771074912,-1.734923594,37.549145928,44.221928984
93.666666667,81.952239585,-1.720126074,37.668185034,44.284054551
93.700000000,82.133904586,-1.705402366,37.787332359,44.346572227
93.733333333,82.316059247,-1.690752998,37.906581550,44.409477697
93.766666667,82.498692895,-1.676178477,38.025926300,44.472766595
93.800000000,82.681794853,-1.661679284,38.145360342,44.536434510
93.833333333,82.865354439,-1.647255878,38.264877454,44.600476985
93.866666667,83.049360971,-1.632908697,38.384471452,44.664889519
93.900000000,83.233803760,-1.618638156,38.504136195,44.729667565
93.933333333,83.418672116,-1.604444648,38.623865582,44.794806534
93.966666667,83.603955346,-1.590328544,38.743653549,44.860301796
94.000000000,83.789642755,-1.576290197,38.863494075,44.926148680
94.033333333,83.975723647,-1.562329938,38.983381174,44.992342473
94.066666667,84.162187324,-1.548448077,39.103308898,45.058878426
94.100000000,84.349023085,-1.534644907,39.223271337,45.125751748
94.133333333,84.536220231,-1.520920699,39.343262617,45.192957614
94.166666667,84.723768059,-1.507275708,39.463276899,45.260491161
94.200000000,84.911655869,-1.493710169,39.583308379,45.328347490
94.233333333,85.099872957,-1.480224299,39.703351288,45.396521669
94.266666667,85.288408622,-1.466818298,39.823399891,45.465008731
94.300000000,85.477252161,-1.453492349,39.943448486,45.533803675
94.333333333,85.666392872,-1.440246618,40.063491402,45.602901470
94.366666667,85.855820053,-1.427081253,40.183523002,45.672297051
94.400000000,86.045523004,-1.413996388,40.303537680,45.741985324
94.433333333,86.235491023,-1.400992140,40.423529858,45.811961165
94.466666667,86.425713412,-1.388068611,40.543493992,45.882219420
94.500000000,86.616179471,-1.375225889,40.663424564,45.952754907
94.533333333,86.806878504,-1.362464045,40.783316087,46.023562416
94.566666667,86.997799813,-1.349783138,40.903163102,46.094636711
94.600000000,87.188932703,-1.337183212,41.022960175,46.165972528
94.633333333,87.380266481,-1.324664296,41.142701902,46.237564579
94.666666667,87.571790454,-1.312226408,41.262382904,46.309407550
94.700000000,87.763493931,-1.299869551,41.381997829,46.381496102
94.733333333,87.955366222,-1.287593717,41.501541348,46.453824874
94.766666667,88.147396639,-1.275398884,41.621008159,46.526388480
94.800000000,88.339574496,-1.263285019,41.740392981,46.599181515
94.833333333,88.531889107,-1.251252077,41.859690560,46.672198547
94.866666667,88.724329789,-1.239300001,41.978895663,46.745434127
94.900000000,88.916885861,-1.227428723,42.098003078,46.818882783
94.933333333,89.109546642,-1.215638165,42.217007618,46.892539023
94.966666667,89.302301452,-1.203928238,42.335904115,46.966397338
95.000000000,89.495139616,-1.192298841,42.454687421,47.040452195
95.033333333,89.688050456,-1.180749866,42.573352410,47.114698046
95.066666667,89.881023299,-1.169281191,42.691893974,47.189129325
95.100000000,90.074047472,-1.157892690,42.810307025,47.263740447
95.133333333,90.267112304,-1.146584222,42.928586494,47.338525810
95.166666667,90.460207123,-1.135355642,43.046727328,47.413479795
95.200000000,90.653321261,-1.124206792,43.164724492,47.488596769
95.233333333,90.846444050,-1.113137509,43.282572970,47.563871080
95.266666667,91.039564823,-1.102147619,43.400267759,47.639297064
95.300000000,91.232672915,-1.091236943,43.517803875,47.714869039
95.333333333,91.425757659,-1.080405291,43.635176348,47.790581311
95.366666667,91.618808393,-1.069652467,43.752380222,47.866428171
95.400000000,91.811814452,-1.058978268,43.869410558,47.942403895
95.433333333,92.004765175,-1.048382483,43.986262427,48.018502747
95.466666667,92.197649897,-1.037864896,44.102930918,48.094718979
95.500000000,92.390457958,-1.027425281,44.219411130,48.171046828
95.533333333,92.583178694,-1.017063410,44.335698175,48.247480520
95.566666667,92.775801446,-1.006779044,44.451787177,48.324014269
95.600000000,92.968315550,-0.996571942,44.567673272,48.400642278
95.633333333,93.160710346,-0.986441854,44.683351608,48.477358738
95.666666667,93.352975170,-0.976388526,44.798817342,48.554157828
95.700000000,93.545099359,-0.966411700,44.914065641,48.631033718
95.733333333,93.737072252,-0.956511109,45.029091685,48.707980567
95.766666667,93.928883183,-0.946686485,45.143890659,48.784992524
95.800000000,94.120521487,-0.936937551,45.258457760,48.862063727
95.833333333,94.311976499,-0.927264029,45.372788194,48.939188305
95.866666667,94.503237551,-0.917665634,45.486877171,49.016360380
95.900000000,94.694293974,-0.908142078,45.600719914,49.093574060
95.933333333,94.885135099,-0.898693067,45.714311651,49.170823448
95.966666667,95.075750253,-0.889318306,45.827647614,49.248102638
96.000000000,95.266128762,-0.880017493,45.940723047,49.325405714
96.033333333,95.456259949,-0.870790324,46.053533197,49.402726752
96.066666667,95.646133138,-0.861636491,46.166073317,49.480059821
96.100000000,95.835737647,-0.852555682,46.278338665,49.557398982
96.133333333,96.025062792,-0.843547583,46.390324505,49.634738286
96.166666667,96.214097887,-0.834611875,46.502026106,49.712071781
96.200000000,96.402832242,-0.825748238,46.613438740,49.789393503
96.233333333,96.591255166,-0.816956348,46.724557683,49.866697483
96.266666667,96.779355962,-0.808235878,46.835378215,49.943977747
96.300000000,96.967123931,-0.799586499,46.945895621,50.021228310
96.333333333,97.154548368,-0.791007880,47.056105185,50.098443183
96.366666667,97.341618567,-0.782499685,47.166002197,50.175616371
96.400000000,97.528323816,-0.774061580,47.275581947,50.252741870
96.433333333,97.714653399,-0.765693225,47.384839728,50.329813671
96.466666667,97.900596595,-0.757394281,47.493770834,50.406825761
96.500000000,98.086142678,-0.749164404,47.602370561,50.483772117
96.533333333,98.271280918,-0.741003252,47.710634206,50.560646712
96.566666667,98.456000580,-0.732910477,47.818557065,50.637443515
96.600000000,98.640290920,-0.724885733,47.926134435,50.714156485
96.633333333,98.824141194,-0.716928671,48.033361614,50.790779580
96.666666667,99.007540647,-0.709038941,48.140233898,50.867306749
96.700000000,99.190478522,-0.701216191,48.246746585,50.943731937
96.733333333,99.372944051,-0.693460070,48.352894969,51.020049083
96.766666667,99.554926465,-0.685770222,48.458674344,51.096252121
96.800000000,99.736414984,-0.678146294,48.564080003,51.172334981
96.833333333,99.917398823,-0.670587931,48.669107237,51.248291586
96.866666667,100.097867189,-0.663094775,48.773751335,51.324115854
96.900000000,100.277809282,-0.655666470,48.878007584,51.399801698
96.933333333,100.457214295,-0.648302658,48.981871267,51.475343028
96.966666667,100.636071412,-0.641002981,49.085337666,51.550733747
97.000000000,100.814369810,-0.633767081,49.188402058,51.625967752
97.033333333,100.992098657,-0.626594598,49.291059718,51.701038939
97.066666667,101.169247113,-0.619485172,49.393305917,51.775941196
97.100000000,101.345804330,-0.612438446,49.495135923,51.850668407
97.133333333,101.521759448,-0.605454058,49.596544998,51.925214450
97.166666667,101.697101603,-0.598531648,49.697528401,51.999573202
97.200000000,101.871819917,-0.591670858,49.798081386,52.073738532
97.233333333,102.045903505,-0.584871327,49.898199202,52.147704304
97.266666667,102.219341472,-0.578132695,49.997877093,52.221464379
97.300000000,102.392122912,-0.571454602,50.097110298,52.295012614
97.333333333,102.564236909,-0.564836691,50.195894050,52.368342859
97.366666667,102.735672537,-0.558278600,50.294223576,52.441448961
97.400000000,102.906418861,-0.551779973,50.392094099,52.514324762
97.433333333,103.076464932,-0.545340449,50.489500833,52.586964100
97.466666667,103.245799792,-0.538959673,50.586438986,52.659360806
97.500000000,103.414412471,-0.532637286,50.682903762,52.731508709
97.533333333,103.582291988,-0.526372932,50.778890356,52.803401632
97.566666667,103.749427350,-0.520166254,50.874393955,52.875033395
97.600000000,103.915807553,-0.514016898,50.969409741,52.946397811
97.633333333,104.081421578,-0.507924509,51.063932887,53.017488691
97.666666667,104.246258397,-0.501888732,51.157958560,53.088299838
97.700000000,104.410306969,-0.495909216,51.251481916,53.158825053
97.733333333,104.573556238,-0.489985607,51.344498106,53.229058132
97.766666667,104.735995137,-0.484117555,51.437002271,53.298992866
97.800000000,104.897612585,-0.478304709,51.528989546,53.368623040
97.833333333,105.058397489,-0.472546720,51.620455053,53.437942436
97.866666667,105.218338741,-0.466843240,51.711393910,53.506944831
97.900000000,105.377425219,-0.461193921,51.801801222,53.575623997
97.933333333,105.535645787,-0.455598419,51.891672087,53.643973700
97.966666667,105.692989297,-0.450056388,51.981001594,53.711987703
98.000000000,105.849444585,-0.444567485,52.069784822,53.779659763
98.033333333,106.005000471,-0.439131367,52.158016838,53.846983633
98.066666667,106.159645763,-0.433747693,52.245692702,53.913953061
98.100000000,106.313369251,-0.428416124,52.332807463,53.980561788
98.133333333,106.466159713,-0.423136322,52.419356160,54.046803553
98.166666667,106.618005910,-0.417907949,52.505333822,54.112672088
98.200000000,106.768896586,-0.412730670,52.590735465,54.178161121
98.233333333,106.918820472,-0.407604152,52.675556098,54.243264374
98.266666667,107.067766281,-0.402528061,52.759790716,54.307975565
98.300000000,107.215722710,-0.397502066,52.843434304,54.372288406
98.333333333,107.362678442,-0.392525839,52.926481837,54.436196604
98.366666667,107.508622139,-0.387599052,53.008928278,54.499693861
98.400000000,107.653542450,-0.382721377,53.090768577,54.562773874
98.433333333,107.797428006,-0.377892491,53.171997673,54.625430333
98.466666667,107.940267421,-0.373112072,53.252610496,54.687656925
98.500000000,108.082049290,-0.368379796,53.332601959,54.749447330
98.533333333,108.222762192,-0.363695347,53.411966968,54.810795224
98.566666667,108.362394690,-0.359058404,53.490700413,54.871694276
98.600000000,108.500935325,-0.354468654,53.568797174,54.932138151
98.633333333,108.638372623,-0.349925782,53.646252116,54.992120507
98.666666667,108.774695090,-0.345429475,53.723060094,55.051634996
98.700000000,108.909891216,-0.340979423,53.799215949,55.110675268
98.733333333,109.043949471,-0.336575318,53.874714508,55.169234962
98.766666667,109.176858304,-0.332216854,53.949550587,55.227307717
98.800000000,109.308606149,-0.327903725,54.023718988,55.284887161
98.833333333,109.439181417,-0.323635629,54.097214499,55.341966919
98.866666667,109.568572504,-0.319412266,54.170031894,55.398540610
98.900000000,109.696767782,-0.315233337,54.242165935,55.454601848
98.933333333,109.823755607,-0.311098546,54.313611369,55.510144238
98.966666667,109.949524312,-0.307007597,54.384362930,55.565161382
99.000000000,110.074062213,-0.302960200,54.454415338,55.619646875
99.033333333,110.197357604,-0.298956062,54.523763298,55.673594306
99.066666667,110.319398758,-0.294994897,54.592401501,55.726997257
99.100000000,110.440173930,-0.291076417,54.660324624,55.779849306
99.133333333,110.559671351,-0.287200340,54.727527329,55.832144023
99.166666667,110.677879235,-0.283366384,54.794004263,55.883874972
99.200000000,110.794785771,-0.279574269,54.859750060,55.935035711
99.233333333,110.910379131,-0.275823719,54.924759337,55.985619794
99.266666667,111.024647461,-0.272114457,54.989026697,56.035620764
99.300000000,111.137578889,-0.268446213,55.052546728,56.085032161
99.333333333,111.249161521,-0.264818714,55.115314002,56.133847518
99.366666667,111.359383439,-0.261231694,55.177323077,56.182060362
99.400000000,111.468232706,-0.257684887,55.238568493,56.229664213
99.433333333,111.575697360,-0.254178030,55.299044777,56.276652583
99.466666667,111.681765419,-0.250710861,55.358746439,56.323018980
99.500000000,111.786424877,-0.247283122,55.417667972,56.368756905
99.533333333,111.889663706,-0.243894558,55.475803856,56.413859850
99.566666667,111.991469856,-0.240544915,55.533148553,56.458321303
99.600000000,112.091831253,-0.237233942,55.589696508,56.502134746
99.633333333,112.190735800,-0.233961390,55.645442150,56.545293650
99.666666667,112.288171378,-0.230727013,55.700379894,56.587791484
99.700000000,112.384125844,-0.227530569,55.754504135,56.629621708
99.733333333,112.478587030,-0.224371816,55.807809254,56.670777776
99.766666667,112.571542747,-0.221250515,55.860289613,56.711253133
99.800000000,112.662980780,-0.218166432,55.911939559,56.751041221
99.833333333,112.752888893,-0.215119333,55.962753421,56.790135472
99.866666667,112.841254822,-0.212108989,56.012725510,56.828529313
99.900000000,112.928066283,-0.209135171,56.061850121,56.866216162
99.933333333,113.013310964,-0.206197655,56.110121531,56.903189433
99.966666667,113.096976531,-0.203296218,56.157534000,56.939442531
100.000000000,113.179050624,-0.200430642,56.204081770,56.974968854
100.033333333,113.259520860,-0.197600710,56.249759065,57.009761795
100.066666667,113.338374829,-0.194806208,56.294560092,57.043814737
100.100000000,113.415600097,-0.192046925,56.338479039,57.077121058
100.133333333,113.491184206,-0.189322654,56.381510076,57.109674130
100.166666667,113.565114671,-0.186633189,56.423647356,57.141467315
100.200000000,113.637378982,-0.183978329,56.464885012,57.172493970
100.233333333,113.707964605,-0.181357875,56.505217159,57.202747446
100.266666667,113.776858978,-0.178771629,56.544637895,57.232221084
100.300000000,113.844049516,-0.176219400,56.583141296,57.260908220
100.333333333,113.909523605,-0.173700998,56.620721423,57.288802183
100.366666667,113.973268608,-0.171216234,56.657372315,57.315896293
100.400000000,114.035271860,-0.168764927,56.693087993,57.342183867
100.433333333,114.095520670,-0.166346895,56.727862460,57.367658210
100.466666667,114.154002322,-0.163961961,56.761689698,57.392312624
100.500000000,114.210704072,-0.161609950,56.794563670,57.416140402
100.533333333,114.265613150,-0.159290693,56.826478319,57.439134830
100.566666667,114.318716758,-0.157004021,56.857427570,57.461289188
100.600000000,114.370002075,-0.154749770,56.887405326,57.482596749
100.633333333,114.419456249,-0.152527779,56.916405472,57.503050777
100.666666667,114.467066402,-0.150337892,56.944421871,57.522644531
100.700000000,114.512819631,-0.148179953,56.971448367,57.541371264
100.733333333,114.556703003,-0.146053814,56.997478783,57.559224220
100.766666667,114.598703559,-0.143959326,57.022506922,57.576196637
100.800000000,114.638807519,-0.141897406,57.046524133,57.592283386
100.833333333,114.677003817,-0.139861953,57.069536615,57.607467202
100.866666667,114.713281084,-0.137849584,57.091545188,57.621735896
100.900000000,114.747626364,-0.135863216,57.112537766,57.635088598
100.933333333,114.780029504,-0.133900869,57.132513080,57.647516424
100.966666667,114.810479675,-0.131962364,57.151466060,57.659013615
101.000000000,114.838966191,-0.130047508,57.169391734,57.669574457
101.033333333,114.865478509,-0.128156095,57.186285225,57.679193283
101.066666667,114.890006225,-0.126287911,57.202141745,57.687864480
101.100000000,114.912539080,-0.124442734,57.216956591,57.695582489
101.133333333,114.933066954,-0.122620333,57.230725145,57.702341809
101.166666667,114.951579869,-0.120820473,57.243442871,57.708136998
101.200000000,114.968067990,-0.119042915,57.255105313,57.712962677
101.233333333,114.982521620,-0.117287414,57.265708090,57.716813529
101.266666667,114.994931205,-0.115553725,57.275246900,57.719684305
101.300000000,115.005287333,-0.113841600,57.283717513,57.721569820
101.333333333,115.013580732,-0.112150787,57.291115775,57.722464957
101.366666667,115.019802269,-0.110481037,57.297437601,57.722364668
101.400000000,115.023942953,-0.108832098,57.302678980,57.721263973
101.433333333,115.025993935,-0.107203718,57.306835971,57.719157965
101.466666667,115.025946505,-0.105595647,57.309904701,57.716041804
101.500000000,115.023792093,-0.104007633,57.311881369,57.711910725
101.533333333,115.019522271,-0.102439426,57.312762239,57.706760031
101.566666667,115.013128748,-0.100890778,57.312543646,57.700585102
101.600000000,115.004603377,-0.099361442,57.311221992,57.693381385
101.633333333,114.993938149,-0.097851172,57.308793744,57.685144404
101.666666667,114.981125194,-0.096359722,57.305255439,57.675869755
101.700000000,114.966156784,-0.094886852,57.300603677,57.665553106
101.733333333,114.949025329,-0.093432319,57.294835128,57.654190200
101.766666667,114.929723380,-0.091995885,57.287946526,57.641776853
101.800000000,114.908243626,-0.090577314,57.279934671,57.628308955
101.833333333,114.884578898,-0.089176370,57.270796429,57.613782468
101.866666667,114.858722163,-0.087792822,57.260528731,57.598193432
101.900000000,114.830666531,-0.086426439,57.249128575,57.581537957
101.933333333,114.800405249,-0.085076994,57.236593021,57.563812228
101.966666667,114.767931703,-0.083744260,57.222919197,57.545012506
102.000000000,114.733239420,-0.082428015,57.208104296,57.525135123
102.033333333,114.696322063,-0.081128037,57.192145575,57.504176488
102.066666667,114.657173438,-0.079844109,57.175040356,57.482133082
102.100000000,114.615787487,-0.078576013,57.156786026,57.459001461
102.133333333,114.572158292,-0.077323536,57.137380038,57.434778254
102.166666667,114.526280072,-0.076086467,57.116819907,57.409460165
102.200000000,114.478147188,-0.074864597,57.095103216,57.383043972
102.233333333,114.427754136,-0.073657718,57.072227610,57.355526527
102.266666667,114.375095554,-0.072465628,57.048190800,57.326904754
102.300000000,114.320166216,-0.071288124,57.022990563,57.297175653
102.333333333,114.262961035,-0.070125006,56.996624737,57.266336298
102.366666667,114.203475064,-0.068976078,56.969091229,57.234383835
102.400000000,114.141703492,-0.067841144,56.940388007,57.201315485
102.433333333,114.077641647,-0.066720013,56.910513105,57.167128542
102.466666667,114.011284996,-0.065612495,56.879464623,57.131820373
102.500000000,113.942629144,-0.064518402,56.847240723,57.095388421
102.533333333,113.871669834,-0.063437547,56.813839634,57.057830200
102.566666667,113.798402946,-0.062369749,56.779259647,57.019143299
102.600000000,113.722824499,-0.061314827,56.743499121,56.979325378
102.633333333,113.644930651,-0.060272602,56.706556476,56.938374174
102.666666667,113.564717695,-0.059242897,56.668430200,56.896287495
102.700000000,113.482182064,-0.058225538,56.629118843,56.853063221
102.733333333,113.397320330,-0.057220355,56.588621021,56.808699308
102.766666667,113.310129199,-0.056227176,56.546935415,56.763193784
102.800000000,113.220605517,-0.055245835,56.504060769,56.716544748
102.833333333,113.128746269,-0.054276166,56.459995893,56.668750376
102.866666667,113.034548574,-0.053318005,56.414739661,56.619808913
102.900000000,112.938009692,-0.052371193,56.368291013,56.569718679
102.933333333,112.839127019,-0.051435570,56.320648952,56.518478066
102.966666667,112.737898088,-0.050510978,56.271812547,56.466085540
103.000000000,112.634320569,-0.049597264,56.221780932,56.412539638
103.033333333,112.528392273,-0.048694274,56.170553303,56.357838970
103.066666667,112.420111144,-0.047801857,56.118128924,56.301982220
103.100000000,112.309475265,-0.046919865,56.064507123,56.244968142
103.133333333,112.196482856,-0.046048151,56.009687291,56.186795565
103.166666667,112.081132276,-0.045186570,55.953668887,56.127463388
103.200000000,111.963422018,-0.044334980,55.896451433,56.066970586
103.233333333,111.843350715,-0.043493239,55.838034514,56.005316201
103.266666667,111.720917135,-0.042661208,55.778417783,55.942499352
103.300000000,111.596120185,-0.041838750,55.717600958,55.878519227
103.333333333,111.468958907,-0.041025730,55.655583818,55.813375089
103.366666667,111.339432482,-0.040222015,55.592366212,55.747066270
103.400000000,111.207540227,-0.039427473,55.527948050,55.679592176
103.433333333,111.073281595,-0.038641973,55.462329310,55.610952285
103.466666667,110.936656177,-0.037865389,55.395510032,55.541146145
103.500000000,110.797663701,-0.037097594,55.327490323,55.470173378
103.533333333,110.656304033,-0.036338464,55.258270356,55.398033677
103.566666667,110.512577172,-0.035587875,55.187850365,55.324726807
103.600000000,110.366483257,-0.034845707,55.116230654,55.250252603
103.633333333,110.218022564,-0.034111841,55.043411588,55.174610975
103.666666667,110.067195503,-0.033386158,54.969393601,55.097801902
103.700000000,109.914002623,-0.032668544,54.894177188,55.019825435
103.733333333,109.758444609,-0.031958884,54.817762913,54.940681696
103.766666667,109.600522283,-0.031257064,54.740151402,54.860370881
103.800000000,109.440236602,-0.030562975,54.661343349,54.778893254
103.833333333,109.277588662,-0.029876507,54.581339510,54.696249152
103.866666667,109.112579694,-0.029197551,54.500140710,54.612438984
103.900000000,108.945211066,-0.028526002,54.417747836,54.527463230
103.933333333,108.775484282,-0.027861755,54.334161843,54.441322439
103.966666667,108.603400982,-0.027204706,54.249383748,54.354017234
104.000000000,108.428962945,-0.026554755,54.163414637,54.265548308
104.033333333,108.252172084,-0.025911799,54.076255659,54.175916425
104.066666667,108.073030449,-0.025275742,53.987908028,54.085122420
104.100000000,107.891540226,-0.024646485,53.898373027,53.993167200
104.133333333,107.707703739,-0.024023933,53.807651999,53.900051740
104.166666667,107.521523447,-0.023407991,53.715746357,53.805777090
104.200000000,107.333001945,-0.022798566,53.622657577,53.710344368
104.233333333,107.142141965,-0.022195566,53.528387201,53.613754764
104.266666667,106.948946375,-0.021598902,53.432936837,53.516009538
104.300000000,106.753418180,-0.021008484,53.336308158,53.417110021
104.333333333,106.555560520,-0.020424225,53.238502904,53.317057616
104.366666667,106.355376672,-0.019846039,53.139522877,53.215853795
104.400000000,106.152870049,-0.019273839,53.039369949,53.113500100
104.433333333,105.948044200,-0.018707544,52.938046054,53.009998146
104.466666667,105.740902811,-0.018147070,52.835553194,52.905349618
104.500000000,105.531449704,-0.017592337,52.731893435,52.799556269
104.533333333,105.319688835,-0.017043264,52.627068910,52.692619925
104.566666667,105.105624299,-0.016499773,52.521081817,52.584542482
104.600000000,104.889260326,-0.015961786,52.413934420,52.475325906
104.633333333,104.670601281,-0.015429228,52.305629048,52.364972232
104.666666667,104.449651666,-0.014902023,52.196168098,52.253483569
104.700000000,104.226416121,-0.014380097,52.085554028,52.140862092
104.733333333,104.000899417,-0.013863377,51.973789368,52.027110050
104.766666667,103.773106467,-0.013351793,51.860876708,51.912229759
104.800000000,103.543042316,-0.012845273,51.746818709,51.796223607
104.833333333,103.310712145,-0.012343749,51.631618094,51.679094051
104.866666667,103.076121274,-0.011847152,51.515277653,51.560843621
104.900000000,102.839275156,-0.011355414,51.397800243,51.441474913
104.933333333,102.600179381,-0.010868471,51.279188785,51.320990596
104.966666667,102.358839675,-0.010386256,51.159446268,51.199393407
105.000000000,102.115261900,-0.009908706,51.038575746,51.076686154
105.033333333,101.869452053,-0.009435758,50.916580337,50.952871716
105.066666667,101.621416269,-0.008967351,50.793463230,50.827953039
105.100000000,101.371160817,-0.008503422,50.669227674,50.701933143
105.133333333,101.118692102,-0.008043912,50.543876989,50.574815113
105.166666667,100.864016666,-0.007588763,50.417414557,50.446602108
105.200000000,100.607141185,-0.007137916,50.289843830,50.317297354
105.233333333,100.348072473,-0.006691315,50.161168324,50.186904149
105.266666667,100.086817478,-0.006248902,50.031391620,50.055425858
105.300000000,99.823383285,-0.005810624,49.900517367,49.922865919
105.333333333,99.557777115,-0.005376425,49.768549279,49.789227836
105.366666667,99.290006323,-0.004946252,49.635491138,49.654515186
105.400000000,99.020078403,-0.004520054,49.501346790,49.518731613
105.433333333,98.748000980,-0.004097778,49.366120148,49.381880832
105.466666667,98.473781819,-0.003679374,49.229815191,49.243966629
105.500000000,98.197428820,-0.003264791,49.092435965,49.104992855
105.533333333,97.918950017,-0.002853982,48.953986582,48.964963435
105.566666667,97.638353581,-0.002446897,48.814471220,48.823882361
105.600000000,97.355647819,-0.002043489,48.673894124,48.681753696
105.633333333,97.070841173,-0.001643712,48.532259603,48.538581570
105.666666667,96.783942221,-0.001247519,48.389572034,48.394370186
105.700000000,96.494959676,-0.000854867,48.245835862,48.249123813
105.733333333,96.203902388,-0.000465711,48.101055596,48.102846791
105.766666667,95.910779342,-0.000080007,47.955235812,47.955543530
105.800000000,95.615599659,0.000302288,47.808381152,47.807218506
105.833333333,95.318372595,0.000681215,47.660496326,47.657876269
105.866666667,95.019107542,0.001056815,47.511586108,47.507521434
105.900000000,94.717814028,0.001429130,47.361655341,47.356158687
105.933333333,94.414501717,0.001798198,47.210708932,47.203792785
105.966666667,94.109180407,0.002164060,47.058751857,47.050428550
106.000000000,93.801860034,0.002526752,46.905789156,46.896070878
106.033333333,93.492550667,0.002886314,46.751825937,46.740724730
106.066666667,93.181262513,0.003242782,46.596867375,46.584395137
106.100000000,92.868005913,0.003596192,46.440918710,46.427087202
106.133333333,92.552791344,0.003946581,46.283985250,46.268806094
106.166666667,92.235629419,0.004293983,46.126072369,46.109557051
106.200000000,91.916530888,0.004638433,45.967185506,45.949345381
106.233333333,91.595506633,0.004979964,45.807330170,45.788176462
106.266666667,91.272567674,0.005318611,45.646511934,45.626055740
106.300000000,90.947725167,0.005654405,45.484736439,45.462988729
106.333333333,90.620990403,0.005987378,45.322009390,45.298981012
106.366666667,90.292374807,0.006317563,45.158336563,45.134038243
106.400000000,89.961889942,0.006644990,44.993723798,44.968166144
106.433333333,89.629547506,0.006969689,44.828177001,44.801370504
106.466666667,89.295359331,0.007291691,44.661702147,44.633657183
106.500000000,88.959337386,0.007611023,44.494305277,44.465032109
106.533333333,88.621493775,0.007927716,44.325992496,44.295501279
106.566666667,88.281840739,0.008241797,44.156769980,44.125070759
106.600000000,87.940390653,0.008553294,43.986643969,43.953746684
106.633333333,87.597156027,0.008862234,43.815620771,43.781535255
106.666666667,87.252149508,0.009168644,43.643706761,43.608442747
106.700000000,86.905383877,0.009472549,43.470908379,43.434475499
106.733333333,86.556872053,0.009773975,43.297232133,43.259639920
106.766666667,86.206627089,0.010072948,43.122684599,43.083942490
106.800000000,85.854662172,0.010369493,42.947272418,42.907389754
106.833333333,85.500990628,0.010663632,42.771002299,42.729988328
106.866666667,85.145625915,0.010955391,42.593881018,42.551744897
106.900000000,84.788581629,0.011244793,42.415915416,42.372666213
106.933333333,84.429871501,0.011531859,42.237112403,42.192759098
106.966666667,84.069509396,0.011816614,42.057478955,42.012030441
107.000000000,83.707509316,0.012099078,41.877022115,41.830487201
107.033333333,83.343885399,0.012379273,41.695748994,41.648136405
107.066666667,82.978651917,0.012657221,41.513666769,41.464985148
107.100000000,82.611823279,0.012932943,41.330782683,41.281040596
107.133333333,82.243414027,0.013206458,41.147104047,41.096309980
107.166666667,81.873438841,0.013477786,40.962638240,40.910800601
107.200000000,81.501912537,0.013746948,40.777392706,40.724519831
107.233333333,81.128850063,0.014013962,40.591374958,40.537475105
107.266666667,80.754266506,0.014278847,40.404592574,40.349673932
107.300000000,80.378177087,0.014541622,40.217053201,40.161123886
107.333333333,80.000597161,0.014802305,40.028764551,39.971832610
107.366666667,79.621542223,0.015060913,39.839734405,39.781807817
107.400000000,79.241027898,0.015317464,39.649970611,39.591057287
107.433333333,78.859069951,0.015571975,39.459481081,39.399588869
107.466666667,78.475684279,0.015824463,39.268273799,39.207410480
107.500000000,78.090886916,0.016074944,39.076356812,39.014530104
107.533333333,77.704694033,0.016323434,38.883738236,38.820955797
107.566666667,77.317121933,0.016569949,38.690426254,38.626695679
107.600000000,76.928187058,0.016814505,38.496429115,38.431757943
107.633333333,76.537905983,0.017057116,38.301755138,38.236150846
107.666666667,76.146295420,0.017297797,38.106412705,38.039882715
107.700000000,75.753372215,0.017536564,37.910410268,37.842961947
107.733333333,75.359153351,0.017773429,37.713756347,37.645397004
107.766666667,74.963655945,0.018008408,37.516459526,37.447196419
107.800000000,74.566897251,0.018241513,37.318528459,37.248368792
107.833333333,74.168894657,0.018472759,37.119971865,37.048922791
107.866666667,73.769665687,0.018702158,36.920798533,36.848867154
107.900000000,73.369228001,0.018929724,36.721017316,36.648210685
107.933333333,72.967599395,0.019155468,36.520637136,36.446962258
107.966666667,72.564797797,0.019379404,36.319666983,36.245130814
108.000000000,72.160841275,0.019601543,36.118115913,36.042725362
108.033333333,71.755748030,0.019821897,35.915993048,35.839754981
108.066666667,71.349536398,0.020040479,35.713307581,35.636228817
108.100000000,70.942224852,0.020257298,35.510068769,35.432156083
108.133333333,70.533831999,0.020472367,35.306285937,35.227546062
108.166666667,70.124376583,0.020685697,35.101968478,35.022408105
108.200000000,69.713877483,0.020897297,34.897125852,34.816751631
108.233333333,69.302353711,0.021107179,34.691767585,34.610586126
108.266666667,68.889824419,0.021315353,34.485903274,34.403921145
108.300000000,68.476308891,0.021521829,34.279542579,34.196766312
108.333333333,68.061826547,0.021726617,34.072695229,33.989131318
108.366666667,67.646396943,0.021929726,33.865371021,33.781025922
108.400000000,67.230039771,0.022131166,33.657579819,33.572459951
108.433333333,66.812774856,0.022330946,33.449331554,33.363443302
108.466666667,66.394622163,0.022529075,33.240636225,33.153985938
108.500000000,65.975601787,0.022725561,33.031503896,32.944097891
108.533333333,65.555733962,0.022920415,32.821944702,32.733789260
108.566666667,65.135039057,0.023113643,32.611968843,32.523070214
108.600000000,64.713537575,0.023305255,32.401586586,32.311950990
108.633333333,64.291250157,0.023495258,32.190808267,32.100441890
108.666666667,63.868197576,0.023683661,31.979644289,31.888553287
108.700000000,63.444400744,0.023870470,31.768105122,31.676295622
108.733333333,63.019880705,0.024055694,31.556201302,31.463679402
108.766666667,62.594658641,0.024239340,31.343943435,31.250715205
108.800000000,62.168755868,0.024421415,31.131342193,31.037413675
108.833333333,61.742193840,0.024601926,30.918408316,30.823785524
108.866666667,61.314994142,0.024780880,30.705152609,30.609841533
108.900000000,60.887178499,0.024958284,30.491585948,30.395592550
108.933333333,60.458768767,0.025134143,30.277719275,30.181049493
108.966666667,60.029786942,0.025308466,30.063563597,29.966223345
109.000000000,59.600255153,0.025481256,29.849129993,29.751125160
109.033333333,59.170195663,0.025652522,29.634429605,29.535766059
109.066666667,58.739630874,0.025822268,29.419473644,29.320157230
109.100000000,58.308583321,0.025990500,29.204273391,29.104309930
109.133333333,57.877075674,0.026157223,28.988840189,28.888235485
109.166666667,57.445130741,0.026322444,28.773185454,28.671945287
109.200000000,57.012771463,0.026486166,28.557320666,28.455450797
109.233333333,56.580020917,0.026648395,28.341257372,28.238763545
109.266666667,56.146902316,0.026809136,28.125007189,28.021895127
109.300000000,55.713439009,0.026968393,27.908581800,27.804857210
109.333333333,55.279654479,0.027126171,27.691992954,27.587661526
109.366666667,54.845572346,0.027282474,27.475252470,27.370319876
109.400000000,54.411216363,0.027437306,27.258372232,27.152844131
109.433333333,53.976610420,0.027590671,27.041364193,26.935246227
109.466666667,53.541778544,0.027742572,26.824240373,26.717538171
109.500000000,53.106744895,0.027893014,26.607012859,26.499732036
109.533333333,52.671533769,0.028041999,26.389693805,26.281839964
109.566666667,52.236169598,0.028189530,26.172295433,26.063874165
109.600000000,51.800676949,0.028335610,25.954830032,25.845846917
109.633333333,51.365080525,0.028480242,25.737309958,25.627770567
109.666666667,50.929405164,0.028623428,25.519747635,25.409657528
109.700000000,50.493675839,0.028765170,25.302155555,25.191520284
109.733333333,50.057917659,0.028905471,25.084546274,24.973371385
109.766666667,49.622155870,0.029044332,24.866932420,24.755223450
109.800000000,49.186415850,0.029181754,24.649326683,24.537089167
109.833333333,48.750723115,0.029317739,24.431741824,24.318981291
109.866666667,48.315103316,0.029452287,24.214190671,24.100912645
109.900000000,47.879582238,0.029585399,23.996686116,23.882896122
109.933333333,47.444185804,0.029717075,23.779241123,23.664944682
109.966666667,47.008940071,0.029847315,23.561868718,23.447071353
110.000000000,46.573871231,0.029976119,23.344581998,23.229289233
110.033333333,46.139005612,0.030103486,23.127394125,23.011611487
110.066666667,45.704369677,0.030229415,22.910318328,22.794051349
110.100000000,45.269990026,0.030353904,22.693367906,22.576622121
110.133333333,44.835893393,0.030476952,22.476556220,22.359337173
110.166666667,44.402106647,0.030598556,22.259896701,22.142209946
110.200000000,43.968656795,0.030718714,22.043402847,21.925253947
110.233333333,43.535570975,0.030837422,21.827088222,21.708482753
110.266666667,43.102876465,0.030954677,21.610966457,21.491910008
110.300000000,42.670600677,0.031070474,21.395051250,21.275549427
110.333333333,42.238771157,0.031184809,21.179356364,21.059414793
110.366666667,41.807415587,0.031297676,20.963895632,20.843519956
110.400000000,41.376561787,0.031409069,20.748682950,20.627878837
110.433333333,40.946237708,0.031518983,20.533732282,20.412505426
110.466666667,40.516471440,0.031627409,20.319057660,20.197413780
110.500000000,40.087291208,0.031734340,20.104673180,19.982618028
110.533333333,39.658725371,0.031839766,19.890593005,19.768132366
110.566666667,39.230802425,0.031943679,19.676831365,19.553971059
110.600000000,38.803550999,0.032046069,19.463402555,19.340148444
110.633333333,38.376999860,0.032146923,19.250320936,19.126678925
110.666666667,37.951177911,0.032246230,19.037600936,18.913576975
110.700000000,37.526114187,0.032343976,18.825257048,18.700857140
110.733333333,37.101837862,0.032440148,18.613303830,18.488534032
110.766666667,36.678378243,0.032534729,18.401755908,18.276622335
110.800000000,36.255764774,0.032627703,18.190627970,18.065136804
110.833333333,35.834027034,0.032719053,17.979934773,17.854092261
110.866666667,35.413194737,0.032808759,17.769691136,17.643503601
110.900000000,34.993297734,0.032896800,17.559911944,17.433385789
110.933333333,34.574366008,0.032983155,17.350612148,17.223753860
110.966666667,34.156429682,0.033067799,17.141806761,17.014622921
111.000000000,33.739519011,0.033150706,16.933510864,16.806008148
111.033333333,33.323664388,0.033231850,16.725739598,16.597924790
111.066666667,32.908896338,0.033311201,16.518508171,16.390388167
111.100000000,32.495245526,0.033388728,16.311831855,16.183413671
111.133333333,32.082742749,0.033464396,16.105725982,15.977016766
111.166666667,31.671418940,0.033538170,15.900205952,15.771212989
111.200000000,31.261305170,0.033610012,15.695287223,15.566017946
111.233333333,30.852432641,0.033679880,15.490985320,15.361447321
111.266666667,30.444832695,0.033747729,15.287315827,15.157516868
111.300000000,30.038536806,0.033813513,15.084294391,14.954242416
111.333333333,29.633576587,0.033877182,14.881936720,14.751639866
111.366666667,29.229983782,0.033938681,14.680258585,14.549725197
111.400000000,28.827790275,0.033997953,14.479275816,14.348514459
111.433333333,28.427028081,0.034054936,14.279004302,14.148023779
111.466666667,28.027729356,0.034109564,14.079459994,13.948269362
111.500000000,27.629926385,0.034161768,13.880658900,13.749267485
111.533333333,27.233651594,0.034211472,13.682617089,13.551034506
111.566666667,26.838937542,0.034258595,13.485350685,13.353586858
111.600000000,26.445816924,0.034303052,13.288875870,13.156941054
111.633333333,26.054322569,0.034344752,13.093208883,12.961113685
111.666666667,25.664487443,0.034383595,12.898366020,12.766121423
111.700000000,25.276344648,0.034419478,12.704363628,12.571981020
111.733333333,24.889927420,0.034452289,12.511218112,12.378709308
111.766666667,24.505269132,0.034481908,12.318945927,12.186323205
111.800000000,24.122403291,0.034508206,12.127563581,11.994839710
111.833333333,23.741363540,0.034531049,11.937087633,11.804275907
111.866666667,23.362183658,0.034550288,11.747534691,11.614648968
111.900000000,22.984897559,0.034565768,11.558921411,11.425976148
111.933333333,22.609539293,0.034577323,11.371264498,11.238274795
111.966666667,22.236143044,0.034584772,11.184580699,11.051562345
112.000000000,21.864743134,0.034587926,10.998886808,10.865856325
112.033333333,21.495374018,0.034586579,10.814199660,10.681174358
112.066666667,21.128070287,0.034580513,10.630536130,10.497534158
112.100000000,20.762866670,0.034569494,10.447913130,10.314953540
112.133333333,20.399798028,0.034553271,10.266347612,10.133450416
112.166666667,20.038899359,0.034531577,10.085856559,9.953042800
112.200000000,19.680205798,0.034504126,9.906456987,9.773748811
112.233333333,19.323752612,0.034470609,9.728165939,9.595586673
112.266666667,18.969575207,0.034430700,9.551000487,9.418574720
112.300000000,18.617709122,0.034384046,9.374977726,9.242731397
112.333333333,18.268190033,0.034330271,9.200114768,9.068075265
112.366666667,17.921053752,0.034268973,9.026428747,8.894625005
112.400000000,17.576336223,0.034199721,8.853936805,8.722399418
112.433333333,17.234073530,0.034122053,8.682656098,8.551417432
112.466666667,16.894301890,0.034035477,8.512603785,8.381698105
112.500000000,16.557057656,0.033939463,8.343797026,8.213260629
112.533333333,16.222377315,0.033833447,8.176252980,8.046124336
112.566666667,15.890297494,0.033716825,8.009988795,7.880308699
112.600000000,15.560854950,0.033588949,7.845021607,7.715833343
112.633333333,15.234086579,0.033449128,7.681368535,7.552718043
112.666666667,14.910029411,0.033296623,7.519046672,7.390982738
112.700000000,14.588720612,0.033130644,7.358073082,7.230647530
112.733333333,14.270197484,0.032950347,7.198464794,7.071732690
112.766666667,13.954497464,0.032754832,7.040238794,6.914258670
112.800000000,13.641658124,0.032543138,6.883412019,6.758246105
112.833333333,13.331717172,0.032314239,6.728001354,6.603715818
112.866666667,13.024712452,0.032067045,6.574023621,6.450688831
112.900000000,12.720681943,0.031800393,6.421495574,6.299186369
112.933333333,12.419663759,0.031513047,6.270433894,6.149229865
112.966666667,12.121696150,0.031203695,6.120855182,6.000840969
113.000000000,11.826817503,0.030870944,5.972775952,5.854041551
113.033333333,11.535066337,0.030513320,5.826212629,5.708853708
113.066666667,11.246481310,0.030129262,5.681181543,5.565299768
113.100000000,10.961101214,0.029717124,5.537698923,5.423402291
113.133333333,10.678964976,0.029275175,5.395780901,5.283184075
113.166666667,10.400111659,0.028801592,5.255443506,5.144668153
113.200000000,10.124580463,0.028294469,5.116702672,5.007877791
113.233333333,9.852410721,0.027751815,4.979574236,4.872836485
113.266666667,9.583641903,0.027171560,4.844073950,4.739567952
113.300000000,9.318313614,0.026551558,4.710217494,4.608096119
113.333333333,9.056465594,0.025889599,4.578020488,4.478445107
113.366666667,8.798137721,0.025183420,4.447498515,4.350639206
113.400000000,8.543370006,0.024430717,4.318667151,4.224702855
113.433333333,8.292202596,0.023629164,4.191541999,4.100660597
113.466666667,8.044675774,0.022776439,4.066138730,3.978537044
113.500000000,7.800829958,0.021870244,3.942473141,3.858356817
113.533333333,7.560705703,0.020908348,3.820561214,3.740144489
113.566666667,7.324343697,0.019888618,3.700419192,3.623924506
113.600000000,7.091784766,0.018809069,3.582063670,3.509721097
113.633333333,6.863069870,0.017667915,3.465511695,3.397558175
113.666666667,6.638240106,0.016463633,3.350780885,3.287459221
113.700000000,6.417336704,0.015195028,3.237889560,3.179447144
113.733333333,6.200401031,0.013861315,3.126856891,3.073544140
113.766666667,5.987474591,0.012462200,3.017703065,2.969771526
113.800000000,5.778599022,0.010997975,2.910449463,2.868149559
113.833333333,5.573816097,0.009469619,2.805118854,2.768697244
113.866666667,5.373167726,0.007878898,2.701735591,2.671432135
113.900000000,5.176695953,0.006228481,2.600325825,2.576370128
113.933333333,4.984442959,0.004522042,2.500917714,2.483525245
113.966666667,4.796451059,0.002764367,2.403541620,2.392909439
114.000000000,4.612762706,0.000961456,2.308230306,2.304532400
114.033333333,4.433420486,-0.000879397,2.215019094,2.218401392
114.066666667,4.258467122,-0.002749532,2.123946000,2.134521122
114.100000000,4.087945471,-0.004638880,2.035051812,2.052893659
114.133333333,3.921898528,-0.006535960,1.948380111,1.973518417
114.166666667,3.760369422,-0.008427897,1.863977216,1.896392206
114.200000000,3.603401417,-0.010300507,1.781892042,1.821509375
114.233333333,3.451037913,-0.012138414,1.702175852,1.748862061
114.266666667,3.303322448,-0.013925242,1.624881912,1.678440535
114.300000000,3.160298691,-0.015643850,1.550065019,1.610233672
114.333333333,3.022010449,-0.017276636,1.477780924,1.544229525
114.366666667,2.888501666,-0.018805897,1.408085646,1.480416020
114.400000000,2.759816419,-0.020214230,1.341034690,1.418781729
114.433333333,2.635998922,-0.021484980,1.276682191,1.359316731
114.466666667,2.517093522,-0.022602707,1.215080016,1.302013506
114.500000000,2.403144706,-0.023553658,1.156276856,1.246867850
114.533333333,2.294197093,-0.024326225,1.100317344,1.193879748
114.566666667,2.190295438,-0.024911361,1.047241254,1.143054183
114.600000000,2.091484632,-0.025302941,0.997082815,1.094401817
114.633333333,1.997809702,-0.025498026,0.949870186,1.047939515
114.666666667,1.909315809,-0.025497037,0.905625141,1.003690668
114.700000000,1.826048252,-0.025303802,0.864362969,0.961685283
114.733333333,1.748052463,-0.024925472,0.826092632,0.921959831
114.766666667,1.675374010,-0.024372312,0.790817174,0.884556836
114.800000000,1.608058597,-0.023657357,0.758534382,0.849524215
114.833333333,1.546152065,-0.022795948,0.729237671,0.816914394
114.866666667,1.489700387,-0.021805173,0.702917168,0.786783219
114.900000000,1.438749673,-0.020703216,0.679560960,0.759188714
114.933333333,1.393346171,-0.019508652,0.659156446,0.734189725
114.966666667,1.353536260,-0.018239713,0.641691759,0.711844501
115.000000000,1.319366458,-0.016913539,0.627157192,0.692209266
115.033333333,1.290883417,-0.015545457,0.615546599,0.675336818
115.066666667,1.268133924,-0.014148287,0.606858718,0.661275207
115.100000000,1.251164903,-0.012731715,0.601098384,0.650066519
115.133333333,1.240023412,-0.011301729,0.598277612,0.641745801
115.166666667,1.234756645,-0.009860138,0.598416519,0.636340126
115.200000000,1.235411932,-0.008404175,0.601544090,0.633867842
115.233333333,1.242036737,-0.006926197,0.607698759,0.634337979
115.266666667,1.254678661,-0.005413468,0.616928815,0.637749846
115.300000000,1.273385441,-0.003848049,0.629292625,0.644092815
115.333333333,1.298204946,-0.002206785,0.644858655,0.653346291
115.366666667,1.329185185,-0.000461400,0.663705285,0.665479900
115.400000000,1.366374299,0.001421286,0.685920393,0.680453907
115.433333333,1.409820567,0.003479001,0.711600670,0.698219898
115.466666667,1.459572402,0.005753507,0.740850638,0.718721764
