t,x_ref,y_ref,psi_ref,u_ref,v_ref,r_ref,x_real,y_real,psi_real,u_real,v_real,r_real,tau_u_plan,tau_r_plan,T1_plan,T2_plan
0.000000000,0.000000014,-0.000000001,-0.000000000,0.100000000,0.000000000,-0.000000000,0.000000014,-0.000000001,-0.000000000,0.100000000,0.000000000,-0.000000000,15.188342793,-1.104529269,5.470076648,9.718266145
0.033333333,0.003333584,-0.000000020,-0.000036257,0.100021336,0.000001930,-0.002134356,0.003333691,-0.000000017,-0.000034794,0.100020304,0.000002031,-0.002064632,15.223741430,-1.138615911,5.422224733,9.801516697
0.066666667,0.006668574,-0.000000151,-0.000141074,0.100085108,0.000007360,-0.004115316,0.006668389,-0.000000130,-0.000137234,0.100060897,0.000007874,-0.004059590,15.297471490,-1.129748564,5.476142352,9.821329138
0.100000000,0.010006392,-0.000000507,-0.000309472,0.100190964,0.000015858,-0.005950811,0.010005159,-0.000000441,-0.000303723,0.100143911,0.000017131,-0.005909109,15.377050465,-1.119824021,5.535017501,9.842032965
0.133333333,0.013348435,-0.000001198,-0.000536726,0.100338554,0.000027033,-0.007648299,0.013345408,-0.000001050,-0.000529536,0.100268979,0.000029364,-0.007620632,15.462427901,-1.108869131,5.598773315,9.863654587
0.166666667,0.016696089,-0.000002331,-0.000818356,0.100527529,0.000040527,-0.009214815,0.016690534,-0.000002057,-0.000810192,0.100435736,0.000044176,-0.009201167,15.553553262,-1.096920625,5.667313890,9.886239372
0.200000000,0.020050727,-0.000004016,-0.001150106,0.100757539,0.000056018,-0.010657015,0.020041917,-0.000003563,-0.001141437,0.100643821,0.000061203,-0.010657339,15.650375979,-1.084023765,5.740526903,9.909849076
0.233333333,0.023413710,-0.000006357,-0.001527940,0.101028238,0.000073213,-0.011981214,0.023400932,-0.000005669,-0.001519231,0.100892876,0.000080118,-0.011995424,15.752845488,-1.070231024,5.818286160,9.934559328
0.266666667,0.026786390,-0.000009461,-0.001948024,0.101339281,0.000091847,-0.013193425,0.026768936,-0.000008474,-0.001939739,0.101182543,0.000100623,-0.013221391,15.860911261,-1.055600811,5.900454071,9.960457190
0.300000000,0.030170106,-0.000013429,-0.002406723,0.101690322,0.000111680,-0.014299381,0.030147278,-0.000012079,-0.002399318,0.101512469,0.000122447,-0.014340929,15.974522832,-1.040196247,5.986884019,9.987638813
0.333333333,0.033566184,-0.000018365,-0.002900587,0.102081020,0.000132492,-0.015304570,0.033537294,-0.000016583,-0.002894514,0.101882303,0.000145345,-0.015359479,16.093629815,-1.024083997,6.077422605,10.016207210
0.366666667,0.036975941,-0.000024370,-0.003426344,0.102511033,0.000154088,-0.016214250,0.036940307,-0.000022084,-0.003422047,0.102291693,0.000169095,-0.016282250,16.218181924,-1.007333183,6.171911765,10.046270159
0.400000000,0.040400681,-0.000031542,-0.003980896,0.102980021,0.000176290,-0.017033468,0.040357631,-0.000028680,-0.003978809,0.102740293,0.000193496,-0.017114244,16.348128985,-0.990014358,6.270190726,10.077938259
0.433333333,0.043841697,-0.000039980,-0.004561310,0.103487643,0.000198938,-0.017767079,0.043790565,-0.000036471,-0.004561855,0.103227757,0.000218368,-0.017860272,16.483420943,-0.972198583,6.372097812,10.111323130
0.466666667,0.047300271,-0.000049780,-0.005164809,0.104033564,0.000221886,-0.018419756,0.047240400,-0.000045551,-0.005168399,0.103753742,0.000243548,-0.018524964,16.624007876,-0.953956568,6.477472076,10.146535801
0.500000000,0.050777673,-0.000061040,-0.005788772,0.104617445,0.000245006,-0.018996000,0.050708412,-0.000056018,-0.005795803,0.104317905,0.000268888,-0.019112783,16.769839998,-0.935357928,6.586154753,10.183685245
0.533333333,0.054275163,-0.000073852,-0.006430723,0.105238952,0.000268180,-0.019500149,0.054195869,-0.000067967,-0.006441579,0.104919906,0.000294258,-0.019628034,16.920867663,-0.916470507,6.697990549,10.222877115
0.566666667,0.057793987,-0.000088309,-0.007088330,0.105897750,0.000291304,-0.019936388,0.057704024,-0.000081493,-0.007103376,0.105559406,0.000319540,-0.020074867,17.077041370,-0.897359813,6.812828737,10.264212633
0.600000000,0.061335384,-0.000104504,-0.007759397,0.106593506,0.000314285,-0.020308747,0.061234121,-0.000096688,-0.007778983,0.106236068,0.000344629,-0.020457290,17.238311764,-0.878088528,6.930524097,10.307787667
0.633333333,0.064900576,-0.000122527,-0.008441860,0.107325888,0.000337040,-0.020621113,0.064787393,-0.000113647,-0.008466316,0.106949556,0.000369431,-0.020779164,17.404629639,-0.858716118,7.050937670,10.353691969
0.666666667,0.068490780,-0.000142467,-0.009133781,0.108094564,0.000359495,-0.020877227,0.068365060,-0.000132460,-0.009163421,0.107699535,0.000393865,-0.021044216,17.575945939,-0.839298516,7.173937361,10.402008578
0.700000000,0.072107198,-0.000164411,-0.009833347,0.108899204,0.000381584,-0.021080689,0.071968331,-0.000153218,-0.009868464,0.108485673,0.000417857,-0.021256031,17.752211755,-0.819887894,7.299398389,10.452813366
0.733333333,0.075751022,-0.000188446,-0.010538859,0.109739480,0.000403251,-0.021234963,0.075598404,-0.000176011,-0.010579728,0.109307637,0.000441344,-0.021418064,17.933378331,-0.800532497,7.427203594,10.506174738
0.766666667,0.079423432,-0.000214658,-0.011248736,0.110615062,0.000424445,-0.021343370,0.079256468,-0.000200928,-0.011295611,0.110165097,0.000464270,-0.021533635,18.119397059,-0.781276559,7.557243608,10.562153451
0.800000000,0.083125599,-0.000243129,-0.011961500,0.111525623,0.000445123,-0.021409101,0.082943697,-0.000228056,-0.012014617,0.111057722,0.000486587,-0.021605931,18.310219478,-0.762160267,7.689416919,10.620802560
0.833333333,0.086858681,-0.000273944,-0.012675782,0.112470838,0.000465246,-0.021435207,0.086661258,-0.000257481,-0.012735354,0.111985185,0.000508255,-0.021638008,18.505797278,-0.743219785,7.823629822,10.682167456
0.866666667,0.090623827,-0.000307184,-0.013390309,0.113450379,0.000484784,-0.021424609,0.090410302,-0.000289288,-0.013456533,0.112947157,0.000529239,-0.021632794,18.706082294,-0.724487329,7.959796283,10.746286011
0.900000000,0.094422172,-0.000342928,-0.014103905,0.114463923,0.000503708,-0.021380092,0.094191974,-0.000323561,-0.014176956,0.113943312,0.000549511,-0.021593085,18.911026509,-0.705991276,8.097837724,10.813188785
0.933333333,0.098254843,-0.000381255,-0.014815484,0.115511146,0.000521997,-0.021304313,0.098007406,-0.000360383,-0.014895520,0.114973324,0.000569046,-0.021521552,19.120582051,-0.687756308,8.237682741,10.882899310
0.966666667,0.102122955,-0.000422243,-0.015524046,0.116591724,0.000539632,-0.021199800,0.101857718,-0.000399835,-0.015611205,0.116036869,0.000587827,-0.021420736,19.334701193,-0.669803590,8.379266769,10.955434424
1.000000000,0.106027613,-0.000465969,-0.016228675,0.117705336,0.000556598,-0.021068952,0.105744020,-0.000441998,-0.016323078,0.117133624,0.000605838,-0.021293055,19.553336352,-0.652150962,8.522531711,11.030804640
1.033333333,0.109969909,-0.000512508,-0.016928531,0.118851659,0.000572884,-0.020914044,0.109667411,-0.000486950,-0.017030280,0.118263265,0.000623071,-0.021140805,19.776440087,-0.634813146,8.667425532,11.109014555
1.066666667,0.113950927,-0.000561933,-0.017622847,0.120030374,0.000588482,-0.020737230,0.113628980,-0.000534770,-0.017732030,0.119425471,0.000639517,-0.020966160,20.003965103,-0.617801975,8.813901831,11.190063272
1.100000000,0.117971738,-0.000614317,-0.018310929,0.121241162,0.000603387,-0.020540543,0.117629805,-0.000585532,-0.018427615,0.120619920,0.000655173,-0.020771175,20.235864245,-0.601126611,8.961919408,11.273944837
1.133333333,0.122033405,-0.000669732,-0.018992146,0.122483702,0.000617596,-0.020325897,0.121670952,-0.000639313,-0.019116391,0.121846294,0.000670040,-0.020557789,20.472090499,-0.584793783,9.111441821,11.360648679
1.166666667,0.126136976,-0.000728247,-0.019665930,0.123757677,0.000631109,-0.020095097,0.125753477,-0.000696187,-0.019797775,0.123104272,0.000684118,-0.020327830,20.712596995,-0.568808006,9.262436948,11.450160047
1.200000000,0.130283493,-0.000789932,-0.020331771,0.125062770,0.000643928,-0.019849835,0.129878426,-0.000756225,-0.020471243,0.124393536,0.000697413,-0.020083015,20.957337001,-0.553171808,9.414876562,11.542460439
1.233333333,0.134473985,-0.000854854,-0.020989214,0.126398664,0.000656057,-0.019591698,0.134046834,-0.000819498,-0.021136328,0.125713770,0.000709931,-0.019824954,21.206263929,-0.537885945,9.568735917,11.637528012
1.266666667,0.138709471,-0.000923081,-0.021637855,0.127765044,0.000667500,-0.019322168,0.138259725,-0.000886077,-0.021792612,0.127064656,0.000721680,-0.019555156,21.459331329,-0.522949606,9.723993345,11.735337984
1.300000000,0.142990958,-0.000994676,-0.022277338,0.129161595,0.000678264,-0.019042630,0.142518112,-0.000956031,-0.022439730,0.128445879,0.000732670,-0.019275030,21.716492895,-0.508360610,9.880629890,11.835863004
1.333333333,0.147319445,-0.001069705,-0.022907350,0.130588004,0.000688357,-0.018754375,0.146822999,-0.001029425,-0.023077358,0.129857124,0.000742912,-0.018985889,21.977702458,-0.494115586,10.038628948,11.939073511
1.366666667,0.151695919,-0.001148229,-0.023527622,0.132043957,0.000697789,-0.018458602,0.151175378,-0.001106326,-0.023705216,0.131298078,0.000752419,-0.018688956,22.242913995,-0.480210151,10.197975938,12.044938057
1.400000000,0.156121358,-0.001230312,-0.024137922,0.133529143,0.000706569,-0.018156422,0.155576232,-0.001186799,-0.024323065,0.132768427,0.000761205,-0.018385366,22.512081620,-0.466639058,10.358658006,12.153423614
1.433333333,0.160596726,-0.001316012,-0.024738054,0.135043249,0.000714709,-0.017848867,0.160026532,-0.001270907,-0.024930699,0.134267860,0.000769284,-0.018076172,22.785159591,-0.453396350,10.520663739,12.264495852
1.466666667,0.165122982,-0.001405390,-0.025327855,0.136585966,0.000722220,-0.017536889,0.164527239,-0.001358712,-0.025527949,0.135796065,0.000776671,-0.017762347,23.062102307,-0.440475483,10.683982917,12.378119390
1.500000000,0.169701070,-0.001498503,-0.025907192,0.138156984,0.000729115,-0.017221364,0.169079305,-0.001450273,-0.026114675,0.137352731,0.000783382,-0.017444787,23.342864310,-0.427869452,10.848606285,12.494258025
1.533333333,0.174331926,-0.001595408,-0.026475961,0.139755995,0.000735406,-0.016903100,0.173683671,-0.001545651,-0.026690767,0.138937550,0.000789434,-0.017124321,23.627400284,-0.415570892,11.014525349,12.612874935
1.566666667,0.179016475,-0.001696160,-0.027034083,0.141382691,0.000741106,-0.016582839,0.178341266,-0.001644904,-0.027256141,0.140550214,0.000794842,-0.016801707,23.915665057,-0.403572174,11.181732194,12.733932863
1.600000000,0.183755633,-0.001800816,-0.027581504,0.143036764,0.000746230,-0.016261259,0.183053011,-0.001748088,-0.027810736,0.142190413,0.000799625,-0.016477641,24.207613600,-0.391865485,11.350219328,12.857394272
1.633333333,0.188550305,-0.001909426,-0.028118189,0.144717910,0.000750791,-0.015938980,0.187819815,-0.001855258,-0.028354515,0.143857843,0.000803800,-0.016152760,24.503201028,-0.380442907,11.519979538,12.983221489
1.666666667,0.193401384,-0.002022044,-0.028644125,0.146425822,0.000754803,-0.015616568,0.192642580,-0.001966469,-0.028887461,0.145552197,0.000807382,-0.015827645,24.802382601,-0.369296472,11.691005777,13.111376824
1.700000000,0.198309756,-0.002138721,-0.029159318,0.148160198,0.000758280,-0.015294537,0.197522193,-0.002081774,-0.029409575,0.147273170,0.000810391,-0.015502823,25.105113725,-0.358418221,11.863291052,13.241822673
1.733333333,0.203276295,-0.002259506,-0.029663786,0.149920733,0.000761237,-0.014973352,0.202459535,-0.002201224,-0.029920875,0.149020459,0.000812843,-0.015178774,25.411349950,-0.347800247,12.036828346,13.374521604
1.766666667,0.208301866,-0.002384448,-0.030157566,0.151707125,0.000763687,-0.014653433,0.207455475,-0.002324870,-0.030421393,0.150793760,0.000814755,-0.014855930,25.721046974,-0.337434734,12.211610537,13.509436437
1.800000000,0.213387323,-0.002513594,-0.030640706,0.153519074,0.000765645,-0.014335162,0.212510873,-0.002452760,-0.030911177,0.152592772,0.000816145,-0.014534683,26.034160641,-0.327313988,12.387630343,13.646530298
1.833333333,0.218533511,-0.002646991,-0.031113268,0.155356279,0.000767124,-0.014018877,0.217626578,-0.002584942,-0.031390285,0.154417194,0.000817029,-0.014215383,26.350646942,-0.317430465,12.564880269,13.785766672
1.866666667,0.223741263,-0.002784683,-0.031575322,0.157218440,0.000768139,-0.013704883,0.222803429,-0.002721463,-0.031858788,0.156266726,0.000817423,-0.013898345,26.670462015,-0.307776786,12.743352572,13.927109443
1.900000000,0.229011406,-0.002926715,-0.032026949,0.159105259,0.000768704,-0.013393452,0.228042256,-0.002862369,-0.032316766,0.158141068,0.000817345,-0.013583849,26.993562148,-0.298345760,12.923039227,14.070522921
1.933333333,0.234344752,-0.003073129,-0.032468240,0.161016439,0.000768832,-0.013084824,0.233343879,-0.003007703,-0.032764307,0.160039922,0.000816810,-0.013272142,27.319903777,-0.289130391,13.103931906,14.215971871
1.966666667,0.239742108,-0.003223967,-0.032899292,0.162951682,0.000768536,-0.012779211,0.238709107,-0.003157508,-0.033201510,0.161962992,0.000815834,-0.012963446,27.649443488,-0.280123886,13.286021964,14.363421524
2.000000000,0.245204268,-0.003379269,-0.033320207,0.164910694,0.000767830,-0.012476799,0.244138739,-0.003311826,-0.033628476,0.163909981,0.000814432,-0.012657951,27.982138015,-0.271319663,13.469300426,14.512837590
2.033333333,0.250732017,-0.003539075,-0.033731096,0.166893180,0.000766727,-0.012177749,0.249633567,-0.003470698,-0.034045316,0.165880594,0.000812619,-0.012355826,28.317944244,-0.262711353,13.653757982,14.664186262
2.066666667,0.256326131,-0.003703424,-0.034132073,0.168898846,0.000765238,-0.011882200,0.255194371,-0.003634162,-0.034452144,0.167874537,0.000810410,-0.012057216,28.656819210,-0.254292800,13.839384989,14.817434221
2.100000000,0.261987376,-0.003872351,-0.034523257,0.170927399,0.000763377,-0.011590273,0.260821920,-0.003802257,-0.034849080,0.169891516,0.000807820,-0.011762244,28.998720100,-0.246058062,14.026171469,14.972548631
2.133333333,0.267716508,-0.004045894,-0.034904771,0.172978549,0.000761156,-0.011302067,0.266516977,-0.003975020,-0.035236247,0.171931240,0.000804861,-0.011471016,29.343604253,-0.238001405,14.214107117,15.129497136
2.166666667,0.273514274,-0.004224087,-0.035276739,0.175052003,0.000758586,-0.011017666,0.272280291,-0.004152487,-0.035613771,0.173993416,0.000801548,-0.011183619,29.691429158,-0.230117302,14.403181306,15.288247851
2.200000000,0.279381409,-0.004406963,-0.035639291,0.177147473,0.000755678,-0.010737138,0.278112605,-0.004334691,-0.035981780,0.176077756,0.000797893,-0.010900125,30.042152457,-0.222400428,14.593383098,15.448769359
2.233333333,0.285318642,-0.004594556,-0.035992555,0.179264670,0.000752445,-0.010460536,0.284014652,-0.004521667,-0.036340407,0.178183969,0.000793909,-0.010620589,30.395731944,-0.214845654,14.784701252,15.611030692
2.266666667,0.291326689,-0.004786896,-0.036336665,0.181403307,0.000748896,-0.010187902,0.289987152,-0.004713447,-0.036689783,0.180311767,0.000789608,-0.010345056,30.752125568,-0.207448044,14.977124238,15.775001329
2.300000000,0.297406261,-0.004984015,-0.036671752,0.183563095,0.000745042,-0.009919265,0.296030819,-0.004910061,-0.037030043,0.182460864,0.000785003,-0.010073557,31.111291428,-0.200202842,15.170640249,15.940651179
2.333333333,0.303558054,-0.005185941,-0.036997950,0.185743751,0.000740894,-0.009654642,0.302146357,-0.005111540,-0.037361321,0.184630973,0.000780103,-0.009806113,31.473187777,-0.193105474,15.365237209,16.107950569
2.366666667,0.309782758,-0.005392703,-0.037315393,0.187944989,0.000736461,-0.009394044,0.308334460,-0.005317913,-0.037683752,0.186821808,0.000774922,-0.009542734,31.837773024,-0.186151534,15.560902793,16.276870232
2.400000000,0.316081054,-0.005604328,-0.037624216,0.190166526,0.000731753,-0.009137470,0.314595812,-0.005529207,-0.037997473,0.189033086,0.000769468,-0.009283421,32.205005730,-0.179336784,15.757624435,16.447381295
2.433333333,0.322453612,-0.005820841,-0.037924552,0.192408078,0.000726778,-0.008884912,0.320931087,-0.005745449,-0.038302619,0.191264523,0.000763752,-0.009028169,32.574844609,-0.172657140,15.955389343,16.619455266
2.466666667,0.328901092,-0.006042268,-0.038216535,0.194669365,0.000721547,-0.008636357,0.327340953,-0.005966664,-0.038599324,0.193515838,0.000757784,-0.008776964,32.947248532,-0.166108672,16.154184511,16.793064021
2.500000000,0.335424147,-0.006268633,-0.038500299,0.196950105,0.000716067,-0.008391783,0.333826065,-0.006192876,-0.038887724,0.195786748,0.000751574,-0.008529786,33.322176522,-0.159687594,16.353996733,16.968179789
2.533333333,0.342023419,-0.006499957,-0.038775976,0.199250020,0.000710347,-0.008151164,0.340387071,-0.006424110,-0.039167952,0.198076974,0.000745130,-0.008286608,33.699587759,-0.153390259,16.554812613,17.144775146
2.566666667,0.348699542,-0.006736264,-0.039043696,0.201568829,0.000704395,-0.007914468,0.347024609,-0.006660386,-0.039440141,0.200386237,0.000738461,-0.008047400,34.079441577,-0.147213149,16.756618579,17.322822998
2.600000000,0.355453139,-0.006977573,-0.039303591,0.203906257,0.000698218,-0.007681659,0.353739306,-0.006901727,-0.039704423,0.202714259,0.000731576,-0.007812126,34.461697463,-0.141152877,16.959400892,17.502296571
2.633333333,0.362284826,-0.007223904,-0.039555788,0.206262027,0.000691825,-0.007452697,0.360531784,-0.007148151,-0.039960928,0.205060762,0.000724482,-0.007580745,34.846315064,-0.135206172,17.163145662,17.683169402
2.666666667,0.369195209,-0.007475275,-0.039800417,0.208635862,0.000685221,-0.007227539,0.367402651,-0.007399678,-0.040209785,0.207425470,0.000717187,-0.007353216,35.233254177,-0.129369883,17.367838852,17.865415325
2.700000000,0.376184884,-0.007731705,-0.040037602,0.211027488,0.000678415,-0.007006139,0.374352510,-0.007656326,-0.040451122,0.209808110,0.000709698,-0.007129491,35.622474759,-0.123640964,17.573466294,18.049008465
2.733333333,0.383254439,-0.007993208,-0.040267469,0.213436633,0.000671412,-0.006788448,0.381381952,-0.007918111,-0.040685064,0.212208405,0.000702023,-0.006909521,36.013936920,-0.118016478,17.780013695,18.233923226
2.766666667,0.390404452,-0.008259800,-0.040490140,0.215863022,0.000664219,-0.006574414,0.388491561,-0.008185049,-0.040911737,0.214626084,0.000694169,-0.006693254,36.407600927,-0.112493585,17.987466646,18.420134281
2.800000000,0.397635493,-0.008531496,-0.040705735,0.218306386,0.000656842,-0.006363984,0.395681910,-0.008457154,-0.041131263,0.217060875,0.000686140,-0.006480638,36.803427202,-0.107069542,18.195810636,18.607616566
2.833333333,0.404948122,-0.008808309,-0.040914375,0.220766454,0.000649287,-0.006157103,0.402953565,-0.008734440,-0.041343761,0.219512506,0.000677945,-0.006271617,37.201376323,-0.101741697,18.405031052,18.796345271
2.866666667,0.412342892,-0.009090251,-0.041116177,0.223242955,0.000641560,-0.005953715,0.410307082,-0.009016920,-0.041549352,0.221980708,0.000669588,-0.006066133,37.601409025,-0.096507485,18.615113195,18.986295831
2.900000000,0.419820345,-0.009377332,-0.041311256,0.225735623,0.000633666,-0.005753763,0.417743008,-0.009304604,-0.041748153,0.224465212,0.000661075,-0.005864130,38.003486199,-0.091364426,18.826042280,19.177443918
2.933333333,0.427381015,-0.009669564,-0.041499727,0.228244189,0.000625610,-0.005557189,0.425261882,-0.009597504,-0.041940277,0.226965750,0.000652412,-0.005665549,38.407568891,-0.086310117,19.037803452,19.369765439
2.966666667,0.435025427,-0.009966954,-0.041681699,0.230768387,0.000617397,-0.005363934,0.432864232,-0.009895628,-0.042125839,0.229482055,0.000643603,-0.005470330,38.813618304,-0.081342233,19.250381782,19.563236522
3.000000000,0.442754098,-0.010269511,-0.041857284,0.233307953,0.000609031,-0.005173937,0.440550580,-0.010198984,-0.042304949,0.232013862,0.000634653,-0.005278413,39.221595799,-0.076458521,19.463762283,19.757833516
3.033333333,0.450567534,-0.010577242,-0.042026588,0.235862621,0.000600518,-0.004987141,0.448321437,-0.010507581,-0.042477717,0.234560905,0.000625567,-0.005089738,39.631462890,-0.071656799,19.677929909,19.953532981
3.066666667,0.458466235,-0.010890152,-0.042189718,0.238432129,0.000591862,-0.004803483,0.456177307,-0.010821424,-0.042644249,0.237122922,0.000616350,-0.004904243,40.043181250,-0.066934951,19.892869565,20.150311685
3.100000000,0.466450691,-0.011208248,-0.042346778,0.241016214,0.000583066,-0.004622906,0.464118684,-0.011140519,-0.042804650,0.239699648,0.000607005,-0.004721869,40.456712708,-0.062290927,20.108566111,20.348146598
3.133333333,0.474521383,-0.011531531,-0.042497868,0.243614616,0.000574135,-0.004445347,0.472146054,-0.011464869,-0.042959024,0.242290823,0.000597537,-0.004542555,40.872019250,-0.057722735,20.325004366,20.547014884
3.166666667,0.482678783,-0.011860006,-0.042643088,0.246227074,0.000565072,-0.004270749,0.480259894,-0.011794478,-0.043107472,0.244896187,0.000587948,-0.004366240,41.289063017,-0.053228445,20.542169114,20.746893903
3.200000000,0.490923357,-0.012193675,-0.042782537,0.248853329,0.000555882,-0.004099051,0.488460672,-0.012129348,-0.043250091,0.247515478,0.000578244,-0.004192865,41.707806307,-0.048806183,20.760045109,20.947761198
3.233333333,0.499255560,-0.012532537,-0.042916309,0.251493123,0.000546566,-0.003930194,0.496748848,-0.012469480,-0.043386980,0.250148440,0.000568426,-0.004022368,42.128211577,-0.044454130,20.978617077,21.149594500
3.266666667,0.507675839,-0.012876593,-0.043044499,0.254146199,0.000537130,-0.003764120,0.505124874,-0.012814874,-0.043518234,0.252794814,0.000558499,-0.003854691,42.550241438,-0.040170519,21.197869722,21.352371716
3.300000000,0.516184632,-0.013225842,-0.043167199,0.256812301,0.000527575,-0.003600769,0.513589192,-0.013165529,-0.043643944,0.255454344,0.000548465,-0.003689775,42.973858658,-0.035953632,21.417787730,21.556070928
3.333333333,0.524782370,-0.013580282,-0.043284498,0.259491175,0.000517905,-0.003440085,0.522142237,-0.013521444,-0.043764204,0.258126774,0.000538327,-0.003527562,43.399026164,-0.031801801,21.638355772,21.760670392
3.366666667,0.533469474,-0.013939909,-0.043396484,0.262182566,0.000508123,-0.003282011,0.530784435,-0.013882616,-0.043879100,0.260811850,0.000528088,-0.003367993,43.825707037,-0.027713406,21.859558507,21.966148530
3.400000000,0.542246357,-0.014304719,-0.043503244,0.264886221,0.000498231,-0.003126489,0.539516204,-0.014249041,-0.043988721,0.263509319,0.000517750,-0.003211011,44.253864516,-0.023686870,22.081380586,22.172483930
3.433333333,0.551113426,-0.014674708,-0.043604860,0.267601890,0.000488232,-0.002973465,0.548337951,-0.014620714,-0.044093152,0.266218929,0.000507317,-0.003056561,44.683461997,-0.019720659,22.303806655,22.379655342
3.466666667,0.560071075,-0.015049869,-0.043701417,0.270329319,0.000478128,-0.002822884,0.557250079,-0.014997629,-0.044192477,0.268940427,0.000496789,-0.002904586,45.114463032,-0.015813283,22.526821357,22.587641675
3.500000000,0.569119694,-0.015430195,-0.043792994,0.273068261,0.000467922,-0.002674690,0.566252980,-0.015379779,-0.044286776,0.271673564,0.000486170,-0.002755032,45.546831331,-0.011963291,22.750409337,22.796421994
3.533333333,0.578259663,-0.015815678,-0.043879670,0.275818467,0.000457615,-0.002528831,0.575347038,-0.015767157,-0.044376131,0.274418090,0.000475461,-0.002607844,45.980530760,-0.008169271,22.974555244,23.005975516
3.566666667,0.587491354,-0.016206309,-0.043961522,0.278579688,0.000447210,-0.002385254,0.584532629,-0.016159755,-0.044460617,0.277173757,0.000464664,-0.002462969,46.415525341,-0.004429849,23.199243731,23.216281611
3.600000000,0.596815129,-0.016602079,-0.044038625,0.281351678,0.000436709,-0.002243907,0.593810120,-0.016557562,-0.044540313,0.279940319,0.000453781,-0.002320355,46.851779255,-0.000743687,23.424459460,23.427319795
3.633333333,0.606231345,-0.017002976,-0.044111053,0.284134191,0.000426113,-0.002104740,0.603179872,-0.016960567,-0.044615293,0.282717528,0.000442814,-0.002179950,47.289256838,0.002890516,23.650187105,23.639069734
3.666666667,0.615740350,-0.017408988,-0.044178877,0.286926983,0.000415425,-0.001967701,0.612642235,-0.017368760,-0.044685628,0.285505140,0.000431764,-0.002041703,47.727922584,0.006474031,23.876411351,23.851511232
3.700000000,0.625342482,-0.017820103,-0.044242168,0.289729810,0.000404645,-0.001832743,0.622197554,-0.017782128,-0.044751391,0.288302911,0.000420633,-0.001905564,48.167741142,0.010008092,24.103116901,24.064624241
3.733333333,0.635038072,-0.018236306,-0.044300995,0.292542430,0.000393776,-0.001699815,0.631846163,-0.018200657,-0.044812651,0.291110598,0.000409422,-0.001771485,48.608677321,0.013493903,24.330288473,24.278388847
3.766666667,0.644827445,-0.018657584,-0.044355423,0.295364601,0.000382819,-0.001568872,0.641588390,-0.018624333,-0.044869475,0.293927958,0.000398132,-0.001639417,49.050696083,0.016932637,24.557910805,24.492785278
3.800000000,0.654710914,-0.019083920,-0.044405519,0.298196082,0.000371775,-0.001439866,0.651424554,-0.019053140,-0.044921930,0.296754751,0.000386765,-0.001509313,49.493762551,0.020325438,24.785968656,24.707793895
3.833333333,0.664688788,-0.019515297,-0.044451346,0.301036635,0.000360645,-0.001312751,0.661354966,-0.019487063,-0.044970081,0.299590736,0.000375321,-0.001381126,49.937842001,0.023673420,25.014446807,24.923395193
3.866666667,0.674761366,-0.019951700,-0.044492967,0.303886021,0.000349432,-0.001187483,0.671379930,-0.019926084,-0.045013990,0.302435675,0.000363802,-0.001254811,50.382899868,0.026977668,25.243330066,25.139569802
3.900000000,0.684928939,-0.020393107,-0.044530442,0.306744003,0.000338135,-0.001064016,0.681499740,-0.020370184,-0.045053720,0.305289330,0.000352209,-0.001130323,50.828901744,0.030239244,25.472603264,25.356298480
3.933333333,0.695191791,-0.020839502,-0.044563830,0.309610344,0.000326756,-0.000942309,0.691714685,-0.020819345,-0.045089330,0.308151465,0.000340542,-0.001007619,51.275813377,0.033459178,25.702251263,25.573562115
3.966666667,0.705550197,-0.021290862,-0.044593191,0.312484808,0.000315296,-0.000822318,0.702025045,-0.021273547,-0.045120879,0.311021842,0.000328802,-0.000886654,51.723600673,0.036638480,25.932258952,25.791341721
4.000000000,0.716004427,-0.021747167,-0.044618580,0.315367163,0.000303756,-0.000704002,0.712431090,-0.021732769,-0.045148425,0.313900228,0.000316991,-0.000767388,52.172229692,0.039778131,26.162611252,26.009618440
4.033333333,0.726554739,-0.022208395,-0.044640052,0.318257174,0.000292137,-0.000587320,0.722933086,-0.022196989,-0.045172023,0.316786389,0.000305108,-0.000649780,52.621666655,0.042879091,26.393293118,26.228373537
4.066666667,0.737201387,-0.022674523,-0.044657661,0.321154609,0.000280438,-0.000472232,0.733531289,-0.022666183,-0.045191728,0.319680092,0.000293154,-0.000533787,53.071877936,0.045942295,26.624289535,26.447588401
4.100000000,0.747944615,-0.023145527,-0.044671460,0.324059237,0.000268663,-0.000358699,0.744225948,-0.023140330,-0.045207593,0.322581106,0.000281131,-0.000419371,53.522830069,0.048968656,26.855585526,26.667244543
4.133333333,0.758784662,-0.023621381,-0.044681500,0.326970829,0.000256810,-0.000246682,0.755017303,-0.023619404,-0.045219671,0.325489199,0.000269037,-0.000306494,53.974489743,0.051959065,27.087166150,26.887323593
4.166666667,0.769721755,-0.024102060,-0.044687830,0.329889154,0.000244880,-0.000136145,0.765905588,-0.024103379,-0.045228011,0.328404142,0.000256875,-0.000195116,54.426823804,0.054914392,27.319016502,27.107807301
4.200000000,0.780756118,-0.024587538,-0.044690500,0.332813986,0.000232874,-0.000027050,0.776891030,-0.024592229,-0.045232663,0.331325707,0.000244643,-0.000085201,54.879799255,0.057835487,27.551121718,27.328677537
4.233333333,0.791887965,-0.025077786,-0.044689557,0.335745096,0.000220793,0.000080639,0.787973845,-0.025085927,-0.045233675,0.334253666,0.000232343,0.000023288,55.333383256,0.060723178,27.783466971,27.549916285
4.266666667,0.803117502,-0.025572777,-0.044685047,0.338682259,0.000208637,0.000186957,0.799154246,-0.025584446,-0.045231095,0.337187793,0.000219975,0.000130387,55.787543124,0.063578276,28.016037478,27.771505646
4.300000000,0.814444930,-0.026072481,-0.044677016,0.341625251,0.000196406,0.000291939,0.810432434,-0.026087754,-0.045224967,0.340127861,0.000207539,0.000236130,56.242246333,0.066401571,28.248818496,27.993427837
4.333333333,0.825870440,-0.026576867,-0.044665507,0.344573846,0.000184101,0.000395618,0.821808607,-0.026595824,-0.045215337,0.343073648,0.000195035,0.000340552,56.697460513,0.069193837,28.481795327,28.215665186
4.366666667,0.837394218,-0.027085906,-0.044650563,0.347527823,0.000171722,0.000498028,0.833282953,-0.027108624,-0.045202248,0.346024929,0.000182463,0.000443687,57.153153452,0.071955826,28.714953315,28.438200137
4.400000000,0.849016439,-0.027599564,-0.044632226,0.350486959,0.000159269,0.000599201,0.844855651,-0.027626123,-0.045185742,0.348981481,0.000169824,0.000545567,57.609293093,0.074688278,28.948277851,28.661015242
4.433333333,0.860737275,-0.028117808,-0.044610536,0.353451034,0.000146743,0.000699169,0.856526877,-0.028148287,-0.045165861,0.351943085,0.000157117,0.000646224,58.065847538,0.077391913,29.181754371,28.884093167
4.466666667,0.872556888,-0.028640606,-0.044585534,0.356419827,0.000134144,0.000797963,0.868296796,-0.028675084,-0.045142645,0.354909518,0.000144343,0.000745690,58.522785045,0.080067435,29.415368358,29.107416687
4.500000000,0.884475433,-0.029167923,-0.044557258,0.359393121,0.000121471,0.000895613,0.880165568,-0.029206479,-0.045116133,0.357880563,0.000131502,0.000843996,58.980074029,0.082715532,29.649105345,29.330968684
4.533333333,0.896493058,-0.029699723,-0.044525746,0.362370697,0.000108725,0.000992150,0.892133343,-0.029742437,-0.045086363,0.360856001,0.000118593,0.000941171,59.437683060,0.085336877,29.882950910,29.554732150
4.566666667,0.908609905,-0.030235969,-0.044491034,0.365352339,0.000095907,0.001087602,0.904200268,-0.030282922,-0.045053372,0.363835614,0.000105617,0.001037246,59.895580868,0.087932129,30.116890683,29.778690185
4.600000000,0.920826106,-0.030776625,-0.044453157,0.368337831,0.000083015,0.001181998,0.916366478,-0.030827898,-0.045017197,0.366819187,0.000092573,0.001132249,60.353736337,0.090501931,30.350910344,30.002825993
4.633333333,0.933141789,-0.031321653,-0.044412152,0.371326959,0.000070051,0.001275365,0.928632104,-0.031377326,-0.044977873,0.369806505,0.000079461,0.001226209,60.812118511,0.093046912,30.584995625,30.227122886
4.666666667,0.945557073,-0.031871014,-0.044368050,0.374319508,0.000057014,0.001367732,0.940997269,-0.031931169,-0.044935434,0.372797352,0.000066282,0.001319153,61.270696587,0.095567688,30.819132308,30.451564279
4.700000000,0.958072070,-0.032424668,-0.044320887,0.377315268,0.000043904,0.001459125,0.953462090,-0.032489386,-0.044889913,0.375791517,0.000053035,0.001411108,61.729439922,0.098064860,31.053306230,30.676133692
4.733333333,0.970686886,-0.032982575,-0.044270692,0.380314025,0.000030721,0.001549570,0.966026674,-0.033051937,-0.044841344,0.378788787,0.000039720,0.001502101,62.188318028,0.100539018,31.287503279,30.900814749
4.766666667,0.983401619,-0.033544693,-0.044217498,0.383315569,0.000017465,0.001639093,0.978691125,-0.033618783,-0.044789757,0.381788952,0.000026336,0.001592158,62.647300575,0.102990738,31.521709398,31.125591177
4.800000000,0.996216360,-0.034110979,-0.044161335,0.386319692,0.000004135,0.001727719,0.991455536,-0.034189879,-0.044735183,0.384791801,0.000012883,0.001681304,63.106357389,0.105420584,31.755910586,31.350446803
4.833333333,1.009131194,-0.034681393,-0.044102232,0.389326184,-0.000009267,0.001815472,1.004319996,-0.034765185,-0.044677654,0.387797125,-0.000000638,0.001769564,63.565458454,0.107829108,31.990092897,31.575365557
4.866666667,1.022146199,-0.035255888,-0.044040219,0.392334839,-0.000022743,0.001902377,1.017284585,-0.035344656,-0.044617196,0.390804717,-0.000014228,0.001856963,64.024573909,0.110216852,32.224242439,31.800331469
4.900000000,1.035261445,-0.035834421,-0.043975322,0.395345449,-0.000036293,0.001988458,1.030349379,-0.035928248,-0.044553840,0.393814369,-0.000027888,0.001943524,64.483674052,0.112584344,32.458345380,32.025328672
4.933333333,1.048476996,-0.036416946,-0.043907570,0.398357811,-0.000049917,0.002073736,1.043514444,-0.036515916,-0.044487612,0.396825877,-0.000041618,0.002029271,64.942729336,0.114932103,32.692387942,32.250341394
4.966666667,1.061792909,-0.037003417,-0.043836987,0.401371718,-0.000063615,0.002158236,1.056779840,-0.037107613,-0.044418539,0.399839034,-0.000055418,0.002114226,65.401710372,0.117260635,32.926356407,32.475353965
5.000000000,1.075209234,-0.037593786,-0.043763601,0.404386970,-0.000077387,0.002241978,1.070145622,-0.037703294,-0.044346647,0.402853638,-0.000069288,0.002198412,65.860587928,0.119570439,33.160237116,32.700350812
5.033333333,1.088726015,-0.038188007,-0.043687436,0.407403362,-0.000091234,0.002324985,1.083611837,-0.038302910,-0.044271961,0.405869486,-0.000083229,0.002281851,66.319332928,0.121862001,33.394016466,32.925316462
5.066666667,1.102343289,-0.038786030,-0.043608515,0.410420694,-0.000105155,0.002407278,1.097178523,-0.038906413,-0.044194507,0.408886375,-0.000097242,0.002364564,66.777916454,0.124135799,33.627680917,33.150235537
5.100000000,1.116061085,-0.039387805,-0.043526864,0.413438766,-0.000119152,0.002488878,1.110845716,-0.039513754,-0.044114307,0.411904106,-0.000111326,0.002446573,67.236309744,0.126392300,33.861216987,33.375092757
5.133333333,1.129879429,-0.039993283,-0.043442503,0.416457379,-0.000133225,0.002569805,1.124613442,-0.040124883,-0.044031385,0.414922479,-0.000125482,0.002527897,67.694484193,0.128631963,34.094611256,33.599872937
5.166666667,1.143798335,-0.040602412,-0.043355456,0.419476334,-0.000147374,0.002650079,1.138481721,-0.040739749,-0.043945764,0.417941294,-0.000139711,0.002608558,68.152411354,0.130855237,34.327850364,33.824560990
5.200000000,1.157817815,-0.041215140,-0.043265743,0.422495435,-0.000161599,0.002729720,1.152450567,-0.041358301,-0.043857465,0.420960356,-0.000154013,0.002688575,68.610062935,0.133062564,34.560921013,34.049141922
5.233333333,1.171937873,-0.041831416,-0.043173387,0.425514486,-0.000175900,0.002808746,1.166519987,-0.041980485,-0.043766509,0.423979467,-0.000168389,0.002767967,69.067410802,0.135254374,34.793809966,34.273600836
5.266666667,1.186158506,-0.042451184,-0.043078405,0.428533292,-0.000190279,0.002887177,1.180689982,-0.042606250,-0.043672917,0.426998431,-0.000182838,0.002846753,69.524426979,0.137431092,35.026504051,34.497922927
5.300000000,1.200479705,-0.043074392,-0.042980820,0.431551658,-0.000204735,0.002965030,1.194960546,-0.043235540,-0.043576708,0.430017055,-0.000197362,0.002924952,69.981083644,0.139593134,35.258990157,34.722093487
5.333333333,1.214901454,-0.043700985,-0.042880648,0.434569392,-0.000219269,0.003042325,1.209331666,-0.043868303,-0.043477903,0.433035144,-0.000211960,0.003002582,70.437353136,0.141740908,35.491255237,34.946097899
5.366666667,1.229423731,-0.044330905,-0.042777909,0.437586303,-0.000233882,0.003119078,1.223803324,-0.044504481,-0.043376519,0.436052507,-0.000226634,0.003079661,70.893207947,0.143874814,35.723286308,35.169921639
5.400000000,1.244046508,-0.044964098,-0.042672620,0.440602199,-0.000248573,0.003195308,1.238375495,-0.045144018,-0.043272575,0.439068952,-0.000241385,0.003156207,71.348620729,0.145995245,35.955070451,35.393550278
5.433333333,1.258769752,-0.045600506,-0.042564799,0.443616891,-0.000263344,0.003271030,1.253048148,-0.045786859,-0.043166088,0.442084289,-0.000256211,0.003232236,71.803564289,0.148102587,36.186594812,35.616969477
5.466666667,1.273593419,-0.046240070,-0.042454462,0.446630189,-0.000278194,0.003346262,1.267821244,-0.046432944,-0.043057076,0.445098329,-0.000271115,0.003307766,72.258011592,0.150197219,36.417846601,35.840164991
5.500000000,1.288517464,-0.046882732,-0.042341625,0.449641907,-0.000293125,0.003421019,1.282694740,-0.047082216,-0.042945554,0.448110883,-0.000286096,0.003382813,72.711935760,0.152279512,36.648813096,36.063122664
5.533333333,1.303541834,-0.047528433,-0.042226304,0.452651857,-0.000308136,0.003495319,1.297668586,-0.047734615,-0.042831538,0.451121764,-0.000301156,0.003457393,73.165310071,0.154349833,36.879481637,36.285828434
5.566666667,1.318666467,-0.048177112,-0.042108513,0.455659854,-0.000323229,0.003569176,1.312742724,-0.048390081,-0.042715043,0.454130786,-0.000316294,0.003531523,73.618107962,0.156408540,37.109839634,36.508268328
5.600000000,1.333891300,-0.048828708,-0.041988268,0.458665713,-0.000338403,0.003642607,1.327917093,-0.049048554,-0.042596086,0.457137764,-0.000331512,0.003605216,74.070303024,0.158455985,37.339874561,36.730428463
5.633333333,1.349216259,-0.049483159,-0.041865582,0.461669251,-0.000353659,0.003715626,1.343191623,-0.049709971,-0.042474678,0.460142514,-0.000346809,0.003678490,74.521869008,0.160492517,37.569573960,36.952295048
5.666666667,1.364641267,-0.050140404,-0.041740469,0.464670285,-0.000368999,0.003788247,1.358566241,-0.050374271,-0.042350836,0.463144853,-0.000362188,0.003751359,74.972779821,0.162518476,37.798925440,37.173854381
5.700000000,1.380166240,-0.050800378,-0.041612941,0.467668634,-0.000384422,0.003860487,1.374040864,-0.051041391,-0.042224570,0.466144599,-0.000377647,0.003823838,75.423009527,0.164534196,38.027916679,37.395092848
5.733333333,1.395791089,-0.051463018,-0.041483012,0.470664117,-0.000399928,0.003932358,1.389615405,-0.051711268,-0.042095896,0.469141570,-0.000393188,0.003895940,75.872532346,0.166540008,38.256535419,37.615996927
5.766666667,1.411515715,-0.052128260,-0.041350693,0.473656556,-0.000415520,0.004003875,1.405289773,-0.052383835,-0.041964823,0.472135588,-0.000408811,0.003967681,76.321322658,0.168536236,38.484769475,37.836553183
5.800000000,1.427340019,-0.052796037,-0.041215995,0.476645770,-0.000431196,0.004075052,1.421063868,-0.053059030,-0.041831366,0.475126472,-0.000424518,0.004039075,76.769354997,0.170523199,38.712606727,38.056748270
5.833333333,1.443263892,-0.053466284,-0.041078931,0.479631584,-0.000446958,0.004145903,1.436937584,-0.053736785,-0.041695534,0.478114045,-0.000440308,0.004110134,77.216604056,0.172501211,38.940035126,38.276568929
5.866666667,1.459287221,-0.054138934,-0.040939510,0.482613820,-0.000462806,0.004216440,1.452910812,-0.054417034,-0.041557339,0.481098131,-0.000456182,0.004180873,77.663044684,0.174470582,39.167042691,38.496001992
5.900000000,1.475409884,-0.054813920,-0.040797743,0.485592304,-0.000478741,0.004286677,1.468983435,-0.055099710,-0.041416792,0.484078553,-0.000472142,0.004251304,78.108651888,0.176431615,39.393617511,38.715034376
5.933333333,1.491631759,-0.055491173,-0.040653639,0.488566861,-0.000494764,0.004356626,1.485155329,-0.055784744,-0.041273901,0.487055137,-0.000488187,0.004321441,78.553400832,0.178384611,39.619747744,38.933653088
5.966666667,1.507952712,-0.056170624,-0.040507208,0.491537319,-0.000510874,0.004426300,1.501426367,-0.056472069,-0.041128678,0.490027709,-0.000504318,0.004391296,78.997266837,0.180329864,39.845421619,39.151845218
6.000000000,1.524372607,-0.056852204,-0.040358460,0.494503504,-0.000527073,0.004495712,1.517796415,-0.057161615,-0.040981130,0.492996096,-0.000520536,0.004460882,79.440225381,0.182267666,40.070627434,39.369597947
6.033333333,1.540891301,-0.057535842,-0.040207401,0.497465246,-0.000543362,0.004564874,1.534265333,-0.057853311,-0.040831268,0.495960127,-0.000536842,0.004530211,79.882252100,0.184198304,40.295353558,39.586898542
6.066666667,1.557508646,-0.058221468,-0.040054042,0.500422375,-0.000559741,0.004633798,1.550832975,-0.058547087,-0.040679098,0.498919631,-0.000553236,0.004599295,80.323322787,0.186122060,40.519588432,39.803734355
6.100000000,1.574224488,-0.058909009,-0.039898388,0.503374722,-0.000576210,0.004702495,1.567499191,-0.059242872,-0.040524630,0.501874438,-0.000569719,0.004668147,80.763413391,0.188039213,40.743320566,40.020092825
6.133333333,1.591038668,-0.059598394,-0.039740449,0.506322118,-0.000592770,0.004770977,1.584263823,-0.059940592,-0.040367870,0.504824380,-0.000586291,0.004736777,81.202500021,0.189950037,40.966538543,40.235961477
6.166666667,1.607951019,-0.060289550,-0.039580230,0.509264397,-0.000609422,0.004839256,1.601126709,-0.060640177,-0.040208827,0.507769289,-0.000602954,0.004805198,81.640558940,0.191854805,41.189231017,40.451327922
6.200000000,1.624961372,-0.060982402,-0.039417738,0.512201392,-0.000626167,0.004907343,1.618087681,-0.061341551,-0.040047505,0.510709000,-0.000619708,0.004873421,82.077566570,0.193753783,41.411386713,40.666179857
6.233333333,1.642069549,-0.061676877,-0.039252980,0.515132940,-0.000643005,0.004975248,1.635146565,-0.062044640,-0.039883913,0.513643345,-0.000636554,0.004941456,82.513499491,0.195647236,41.632994429,40.880505061
6.266666667,1.659275370,-0.062372898,-0.039085961,0.518058875,-0.000659937,0.005042983,1.652303184,-0.062749371,-0.039718057,0.516572162,-0.000653492,0.005009315,82.948334439,0.197535424,41.854043035,41.094291404
6.300000000,1.676578647,-0.063070392,-0.038916687,0.520979035,-0.000676964,0.005110559,1.669557351,-0.063455667,-0.039549941,0.519495287,-0.000670523,0.005077009,83.382048308,0.199418605,42.074521472,41.307526836
6.333333333,1.693979187,-0.063769280,-0.038745162,0.523893259,-0.000694086,0.005177985,1.686908878,-0.064163452,-0.039379571,0.522412557,-0.000687648,0.005144548,83.814618150,0.201297034,42.294418756,41.520199393
6.366666667,1.711476793,-0.064469487,-0.038571393,0.526801385,-0.000711303,0.005245273,1.704357569,-0.064872649,-0.039206952,0.525323810,-0.000704868,0.005211943,84.246021172,0.203170962,42.513723975,41.732297197
6.400000000,1.729071261,-0.065170934,-0.038395383,0.529703254,-0.000728618,0.005312433,1.721903223,-0.065583181,-0.039032089,0.528228888,-0.000722183,0.005279204,84.676234743,0.205040637,42.732426289,41.943808454
6.433333333,1.746762382,-0.065873544,-0.038217136,0.532598707,-0.000746029,0.005379474,1.739545635,-0.066294969,-0.038854987,0.531127631,-0.000739594,0.005346341,85.105236384,0.206906305,42.950514933,42.154721451
6.466666667,1.764549942,-0.066577236,-0.038036656,0.535487587,-0.000763539,0.005446407,1.757284593,-0.067007936,-0.038675648,0.534019879,-0.000757102,0.005413365,85.533003777,0.208768209,43.167979213,42.365024564
6.500000000,1.782433723,-0.067281932,-0.037853947,0.538369736,-0.000781147,0.005513241,1.775119881,-0.067722000,-0.038494077,0.536905477,-0.000774708,0.005480284,85.959514761,0.210626589,43.384808513,42.574706249
6.533333333,1.800413500,-0.067987552,-0.037669012,0.541245000,-0.000798855,0.005579987,1.793051276,-0.068437083,-0.038310277,0.539784269,-0.000792411,0.005547110,86.384747332,0.212481682,43.600992286,42.783755047
6.566666667,1.818489043,-0.068694014,-0.037481853,0.544113223,-0.000816664,0.005646652,1.811078553,-0.069153103,-0.038124250,0.542656098,-0.000810214,0.005613851,86.808679643,0.214333725,43.816520062,42.992159582
6.600000000,1.836660118,-0.069401237,-0.037292473,0.546974253,-0.000834573,0.005713248,1.829201479,-0.069869980,-0.037936001,0.545520811,-0.000828117,0.005680517,87.231290006,0.216182949,44.031381444,43.199908562
6.633333333,1.854926484,-0.070109139,-0.037100874,0.549827936,-0.000852583,0.005779784,1.847419816,-0.070587630,-0.037745530,0.548378256,-0.000846119,0.005747117,87.652556890,0.218029586,44.245566111,43.406990779
6.666666667,1.873287898,-0.070817637,-0.036907058,0.552674122,-0.000870696,0.005846267,1.865733323,-0.071305973,-0.037552841,0.551228279,-0.000864224,0.005813661,88.072458920,0.219873864,44.459063814,43.613395105
6.700000000,1.891744109,-0.071526648,-0.036711027,0.555512659,-0.000888912,0.005912708,1.884141753,-0.072024923,-0.037357934,0.554070731,-0.000882430,0.005880157,88.490974881,0.221716010,44.671864382,43.819110498
6.733333333,1.910294862,-0.072236087,-0.036512781,0.558343399,-0.000907232,0.005979116,1.902644851,-0.072744398,-0.037160811,0.556905461,-0.000900739,0.005946615,88.908083714,0.223556247,44.883957717,44.024125997
6.766666667,1.928939897,-0.072945871,-0.036312323,0.561166194,-0.000925657,0.006045498,1.921242363,-0.073464312,-0.036961473,0.559732321,-0.000919151,0.006013043,89.323764520,0.225394799,45.095333796,44.228430724
6.800000000,1.947678950,-0.073655913,-0.036109652,0.563980895,-0.000944186,0.006111865,1.939934024,-0.074184582,-0.036759922,0.562551162,-0.000937668,0.006079451,89.737996554,0.227231885,45.305982672,44.432013882
6.833333333,1.966511750,-0.074366129,-0.035904769,0.566787358,-0.000962822,0.006178224,1.958719569,-0.074905120,-0.036556157,0.565361839,-0.000956290,0.006145847,90.150759232,0.229067725,45.515894473,44.634864760
6.866666667,1.985438024,-0.075076431,-0.035697673,0.569585435,-0.000981565,0.006244584,1.977598724,-0.075625842,-0.036350179,0.568164204,-0.000975018,0.006212239,90.562032127,0.230902536,45.725059403,44.836972724
6.900000000,2.004457491,-0.075786733,-0.035488366,0.572374985,-0.001000415,0.006310953,1.996571213,-0.076346659,-0.036141988,0.570958114,-0.000993853,0.006278636,90.971794969,0.232736534,45.933467742,45.038327227
6.933333333,2.023569868,-0.076496946,-0.035276846,0.575155862,-0.001019374,0.006377340,2.015636754,-0.077067485,-0.035931583,0.573743425,-0.001012795,0.006345046,91.380027645,0.234569932,46.141109845,45.238917800
6.966666667,2.042774865,-0.077206984,-0.035063113,0.577927926,-0.001038442,0.006443753,2.034795060,-0.077788231,-0.035718965,0.576519995,-0.001031845,0.006411477,91.786710202,0.236402942,46.347976144,45.438734059
7.000000000,2.062072190,-0.077916757,-0.034847166,0.580691035,-0.001057619,0.006510199,2.054045841,-0.078508809,-0.035504131,0.579287681,-0.001051004,0.006477939,92.191822845,0.238235777,46.554057147,45.637765698
7.033333333,2.081461542,-0.078626176,-0.034629002,0.583445050,-0.001076908,0.006576688,2.073388800,-0.079229129,-0.035287082,0.582046343,-0.001070273,0.006544438,92.595345934,0.240068645,46.759343438,45.836002496
7.066666667,2.100942619,-0.079335150,-0.034408622,0.586189830,-0.001096307,0.006643227,2.092823636,-0.079949102,-0.035067815,0.584795842,-0.001089652,0.006610983,92.997259989,0.241901756,46.963825678,46.033434311
7.100000000,2.120515114,-0.080043590,-0.034186023,0.588925239,-0.001115819,0.006709823,2.112350044,-0.080668637,-0.034846330,0.587536039,-0.001109143,0.006677581,93.397545688,0.243735316,47.167494605,46.230051083
7.133333333,2.140178715,-0.080751403,-0.033961203,0.591651140,-0.001135444,0.006776486,2.131967714,-0.081387643,-0.034622623,0.590266797,-0.001128746,0.006744241,93.796183868,0.245569532,47.370341033,46.425842834
7.166666667,2.159933103,-0.081458500,-0.033734159,0.594367396,-0.001155183,0.006843221,2.151676332,-0.082106028,-0.034396693,0.592987980,-0.001148462,0.006810971,94.193155520,0.247404609,47.572355854,46.620799666
7.200000000,2.179777958,-0.082164786,-0.033504890,0.597073873,-0.001175037,0.006910038,2.171475577,-0.082823701,-0.034168538,0.595699452,-0.001168292,0.006877777,94.588441798,0.249240751,47.773530036,46.814911762
7.233333333,2.199712954,-0.082870171,-0.033273392,0.599770437,-0.001195005,0.006976943,2.191365128,-0.083540569,-0.033938154,0.598401079,-0.001188237,0.006944668,94.982024011,0.251078162,47.973854624,47.008169387
7.266666667,2.219737761,-0.083574559,-0.033039662,0.602456955,-0.001215090,0.007043944,2.211344655,-0.084256538,-0.033705539,0.601092727,-0.001208297,0.007011651,95.373883626,0.252917043,48.173320742,47.200562884
7.300000000,2.239852043,-0.084277858,-0.032803697,0.605133296,-0.001235292,0.007111049,2.231413827,-0.084971515,-0.033470690,0.603774265,-0.001228473,0.007078734,95.764002271,0.254757596,48.371919590,47.392082681
7.333333333,2.260055462,-0.084979973,-0.032565493,0.607799329,-0.001255612,0.007178264,2.251572305,-0.085685404,-0.033233602,0.606445561,-0.001248766,0.007145923,96.152361728,0.256600023,48.569642447,47.582719281
7.366666667,2.280347674,-0.085680808,-0.032325047,0.610454925,-0.001276051,0.007245598,2.271819749,-0.086398113,-0.032994274,0.609106485,-0.001269178,0.007213227,96.538943942,0.258444523,48.766480669,47.772463273
7.400000000,2.300728331,-0.086380269,-0.032082354,0.613099954,-0.001296609,0.007313057,2.292155813,-0.087109544,-0.032752700,0.611756909,-0.001289708,0.007280653,96.923731011,0.260291295,48.962425689,47.961305323
7.433333333,2.321197080,-0.087078260,-0.031837411,0.615734291,-0.001317287,0.007380649,2.312580148,-0.087819602,-0.032508876,0.614396703,-0.001310357,0.007348207,97.306705196,0.262140539,49.157469019,48.149236177
7.466666667,2.341753566,-0.087774683,-0.031590212,0.618357807,-0.001338086,0.007448381,2.333092398,-0.088528190,-0.032262798,0.617025742,-0.001331127,0.007415898,97.687848914,0.263992452,49.351602250,48.336246664
7.500000000,2.362397428,-0.088469442,-0.031340752,0.620970377,-0.001359007,0.007516259,2.353692205,-0.089235212,-0.032014461,0.619643899,-0.001352018,0.007483732,98.067144740,0.265847234,49.544817050,48.522327690
7.533333333,2.383128300,-0.089162440,-0.031089028,0.623571878,-0.001380051,0.007584292,2.374379207,-0.089940569,-0.031763861,0.622251049,-0.001373031,0.007551716,98.444575408,0.267705080,49.737105165,48.707470242
7.566666667,2.403945814,-0.089853577,-0.030835033,0.626162185,-0.001401218,0.007652485,2.395153037,-0.090644163,-0.031510991,0.624847068,-0.001394168,0.007619858,98.820123810,0.269566188,49.928458421,48.891665389
7.600000000,2.424849597,-0.090542755,-0.030578762,0.628741177,-0.001422510,0.007720847,2.416013323,-0.091345897,-0.031255848,0.627431834,-0.001415427,0.007688164,99.193772998,0.271430756,50.118868722,49.074904276
7.633333333,2.445839271,-0.091229875,-0.030320210,0.631308733,-0.001443926,0.007789383,2.436959691,-0.092045670,-0.030998425,0.630005225,-0.001436812,0.007756641,99.565506181,0.273298979,50.308328050,49.257178130
7.666666667,2.466914456,-0.091914838,-0.030059370,0.633864731,-0.001465469,0.007858101,2.457991761,-0.092743384,-0.030738717,0.632567120,-0.001458322,0.007825296,99.935306726,0.275171054,50.496828467,49.438478259
7.700000000,2.488074765,-0.092597543,-0.029796236,0.636409054,-0.001487139,0.007927007,2.479109151,-0.093438937,-0.030476717,0.635117399,-0.001479958,0.007894136,100.303158161,0.277047177,50.684362113,49.618796047
7.733333333,2.509319809,-0.093277889,-0.029530802,0.638941582,-0.001508937,0.007996109,2.500311472,-0.094132229,-0.030212419,0.637655943,-0.001501721,0.007963168,100.669044169,0.278927544,50.870921208,49.798122961
7.766666667,2.530649196,-0.093955775,-0.029263061,0.641462199,-0.001530863,0.008065413,2.521598333,-0.094823159,-0.029945816,0.640182636,-0.001523613,0.008032399,101.032948596,0.280812351,51.056498051,49.976450545
7.800000000,2.552062528,-0.094631100,-0.028993007,0.643970789,-0.001552919,0.008134926,2.542969340,-0.095511625,-0.029676903,0.642697360,-0.001545633,0.008101835,101.394855442,0.282701794,51.241085018,50.153770424
7.833333333,2.573559404,-0.095303761,-0.028720632,0.646467236,-0.001575105,0.008204654,2.564424093,-0.096197526,-0.029405671,0.645200001,-0.001567783,0.008171483,101.754748870,0.284596070,51.424674569,50.330074301
7.866666667,2.595139419,-0.095973655,-0.028445929,0.648951427,-0.001597422,0.008274604,2.585962190,-0.096880757,-0.029132115,0.647690442,-0.001590064,0.008241350,102.112613199,0.286495373,51.607259240,50.505353960
7.900000000,2.616802164,-0.096640681,-0.028168890,0.651423250,-0.001619871,0.008344784,2.607583223,-0.097561217,-0.028856225,0.650168572,-0.001612476,0.008311443,102.468432908,0.288399900,51.788831647,50.679601261
7.933333333,2.638547227,-0.097304732,-0.027889508,0.653882591,-0.001642453,0.008415198,2.629286782,-0.098238801,-0.028577995,0.652634278,-0.001635021,0.008381767,102.822192634,0.290309849,51.969384487,50.852808147
7.966666667,2.660374192,-0.097965707,-0.027607775,0.656329340,-0.001665169,0.008485855,2.651072453,-0.098913405,-0.028297418,0.655087448,-0.001657698,0.008452330,103.173877174,0.292225414,52.148910537,51.024966637
8.000000000,2.682282638,-0.098623499,-0.027323683,0.658763388,-0.001688020,0.008556760,2.672939818,-0.099584925,-0.028014483,0.657527972,-0.001680510,0.008523138,103.523471482,0.294146794,52.327402652,51.196068830
8.033333333,2.704272141,-0.099278004,-0.027037222,0.661184625,-0.001711006,0.008627920,2.694888454,-0.100253256,-0.027729185,0.659955741,-0.001703457,0.008594198,103.870960674,0.296074184,52.504853769,51.366106905
8.066666667,2.726342276,-0.099929117,-0.026748386,0.663592945,-0.001734128,0.008699342,2.716917936,-0.100918292,-0.027441513,0.662370647,-0.001726540,0.008665516,104.216330022,0.298007784,52.681256903,51.535073119
8.100000000,2.748492610,-0.100576731,-0.026457164,0.665988240,-0.001757388,0.008771032,2.739027836,-0.101579926,-0.027151460,0.664772582,-0.001749760,0.008737099,104.559564959,0.299947790,52.856605153,51.702959806
8.133333333,2.770722709,-0.101220740,-0.026163548,0.668370405,-0.001780786,0.008842996,2.761217721,-0.102238053,-0.026859016,0.667161440,-0.001773117,0.008808953,104.900651076,0.301894401,53.030891695,51.869759381
8.166666667,2.793032135,-0.101861037,-0.025867528,0.670739335,-0.001804323,0.008915242,2.783487154,-0.102892566,-0.026564173,0.669537117,-0.001796613,0.008881085,105.239574124,0.303847816,53.204109786,52.035464338
8.200000000,2.815420446,-0.102497514,-0.025569095,0.673094928,-0.001828000,0.008987774,2.805835695,-0.103543356,-0.026266920,0.671899508,-0.001820248,0.008953501,105.576320012,0.305808234,53.376252764,52.200067248
8.233333333,2.837887197,-0.103130065,-0.025268240,0.675437079,-0.001851818,0.009060601,2.828262902,-0.104190317,-0.025967248,0.674248510,-0.001844024,0.009026208,105.910874811,0.307775855,53.547314049,52.363560761
8.266666667,2.860431941,-0.103758579,-0.024964952,0.677765689,-0.001875777,0.009133728,2.850768328,-0.104833339,-0.025665148,0.676584022,-0.001867941,0.009099212,106.243224747,0.309750879,53.717287140,52.525937606
8.300000000,2.883054224,-0.104382950,-0.024659221,0.680080656,-0.001899879,0.009207162,2.873351521,-0.105472315,-0.025360610,0.678905942,-0.001892000,0.009172519,106.573356208,0.311733507,53.886165618,52.687190591
8.333333333,2.905753592,-0.105003067,-0.024351037,0.682381882,-0.001924125,0.009280909,2.896012030,-0.106107134,-0.025053622,0.681214171,-0.001916202,0.009246137,106.901255743,0.313723941,54.053943143,52.847312600
8.366666667,2.928529586,-0.105618821,-0.024040390,0.684669268,-0.001948515,0.009354975,2.918749397,-0.106737688,-0.024744176,0.683508610,-0.001940549,0.009320070,107.226910056,0.315722384,54.220613459,53.006296597
8.400000000,2.951381743,-0.106230102,-0.023727268,0.686942717,-0.001973051,0.009429367,2.941563161,-0.107363866,-0.024432259,0.685789161,-0.001965040,0.009394326,107.550306015,0.317729038,54.386170389,53.164135626
8.433333333,2.974309600,-0.106836800,-0.023411661,0.689202133,-0.001997733,0.009504092,2.964452860,-0.107985558,-0.024117862,0.688055728,-0.001989677,0.009468912,107.871430644,0.319744108,54.550607838,53.320822806
8.466666667,2.997312686,-0.107438804,-0.023093558,0.691447421,-0.002022562,0.009579155,2.987418026,-0.108602652,-0.023800973,0.690308215,-0.002014461,0.009543832,108.190271128,0.321767798,54.713919792,53.476351336
8.500000000,3.020390532,-0.108036002,-0.022772946,0.693678486,-0.002047539,0.009654563,3.010458189,-0.109215038,-0.023481581,0.692546527,-0.002039392,0.009619095,108.506814813,0.323800315,54.876100319,53.630714494
8.533333333,3.043542661,-0.108628283,-0.022449815,0.695895236,-0.002072665,0.009730322,3.033572877,-0.109822604,-0.023159674,0.694770571,-0.002064473,0.009694706,108.821049203,0.325841863,55.037143569,53.783905633
8.566666667,3.066768595,-0.109215535,-0.022124153,0.698097579,-0.002097941,0.009806440,3.056761612,-0.110425237,-0.022835241,0.696980254,-0.002089702,0.009770671,109.132961961,0.327892652,55.197043773,53.935918188
8.600000000,3.090067855,-0.109797644,-0.021795948,0.700285423,-0.002123368,0.009882921,3.080023916,-0.111022825,-0.022508270,0.699175485,-0.002115083,0.009846997,109.442540913,0.329952889,55.355795243,54.086745670
8.633333333,3.113439954,-0.110374500,-0.021465186,0.702458680,-0.002148947,0.009959773,3.103359305,-0.111615255,-0.022178749,0.701356173,-0.002140614,0.009923690,109.749774041,0.332022784,55.513392374,54.236381667
8.666666667,3.136884407,-0.110945987,-0.021131857,0.704617260,-0.002174679,0.010037001,3.126767294,-0.112202413,-0.021846664,0.703522230,-0.002166298,0.010000758,110.054649489,0.334102547,55.669829642,54.384819847
8.700000000,3.160400723,-0.111511992,-0.020795947,0.706761075,-0.002200565,0.010114613,3.150247395,-0.112784186,-0.021512005,0.705673566,-0.002192136,0.010078205,110.357155562,0.336192389,55.825101606,54.532053955
8.733333333,3.183988409,-0.112072402,-0.020457444,0.708890040,-0.002226605,0.010192614,3.173799115,-0.113360460,-0.021174757,0.707810096,-0.002218128,0.010156038,110.657280722,0.338292524,55.979202907,54.678077814
8.766666667,3.207646968,-0.112627101,-0.020116334,0.711004067,-0.002252800,0.010271012,3.197421961,-0.113931119,-0.020834909,0.709931732,-0.002244275,0.010234265,110.955013593,0.340403165,56.132128268,54.822885325
8.800000000,3.231375902,-0.113175975,-0.019772603,0.713103073,-0.002279153,0.010349812,3.221115434,-0.114496049,-0.020492446,0.712038389,-0.002270578,0.010312891,111.250342960,0.342524527,56.283872494,54.966470466
8.833333333,3.255174708,-0.113718909,-0.019426240,0.715186974,-0.002305662,0.010429020,3.244879034,-0.115055135,-0.020147355,0.714129983,-0.002297038,0.010391922,111.543257766,0.344656826,56.434430472,55.108827294
8.866666667,3.279042882,-0.114255786,-0.019077229,0.717255687,-0.002332331,0.010508644,3.268712258,-0.115608261,-0.019799624,0.716206432,-0.002323656,0.010471365,111.833747116,0.346800280,56.583797173,55.249949943
8.900000000,3.302979917,-0.114786492,-0.018725556,0.719309132,-0.002359158,0.010588689,3.292614600,-0.116155310,-0.019449237,0.718267654,-0.002350434,0.010551227,112.121800274,0.348955106,56.731967649,55.389832625
8.933333333,3.326985302,-0.115310909,-0.018371209,0.721347228,-0.002386147,0.010669163,3.316585551,-0.116696167,-0.019096181,0.720313566,-0.002377371,0.010631514,112.407406665,0.351121526,56.878937037,55.528469629
8.966666667,3.351058524,-0.115828921,-0.018014171,0.723369894,-0.002413296,0.010750071,3.340624599,-0.117230714,-0.018740441,0.722344090,-0.002404469,0.010712232,112.690555876,0.353299760,57.024700553,55.665855323
9.000000000,3.375199067,-0.116340410,-0.017654430,0.725377055,-0.002440608,0.010831419,3.364731231,-0.117758834,-0.018382004,0.724359148,-0.002431730,0.010793387,112.971237651,0.355490031,57.169253500,55.801984151
9.033333333,3.399406412,-0.116845260,-0.017291969,0.727368631,-0.002468083,0.010913216,3.388904928,-0.118280410,-0.018020853,0.726358660,-0.002459153,0.010874987,113.249441898,0.357692562,57.312591261,55.936850637
9.066666667,3.423680040,-0.117343352,-0.016926774,0.729344547,-0.002495722,0.010995466,3.413145171,-0.118795323,-0.017656976,0.728342550,-0.002486741,0.010957038,113.525158682,0.359907580,57.454709303,56.070449379
9.100000000,3.448019425,-0.117834569,-0.016558830,0.731304727,-0.002523527,0.011078177,3.437451439,-0.119303455,-0.017290355,0.730310743,-0.002514493,0.011039546,113.798378234,0.362135311,57.595603177,56.202775056
9.133333333,3.472424043,-0.118318791,-0.016188121,0.733249099,-0.002551497,0.011161354,3.461823205,-0.119804689,-0.016920977,0.732263165,-0.002542411,0.011122518,114.069090939,0.364375984,57.735268516,56.333822423
9.166666667,3.496893364,-0.118795901,-0.015814631,0.735177588,-0.002579635,0.011245006,3.486259943,-0.120298903,-0.016548825,0.734199741,-0.002570496,0.011205960,114.337287350,0.366629829,57.873701038,56.463586312
9.200000000,3.521426856,-0.119265778,-0.015438345,0.737090123,-0.002607942,0.011329137,3.510761123,-0.120785980,-0.016173883,0.736120399,-0.002598749,0.011289879,114.602958174,0.368897076,58.010896541,56.592061633
9.233333333,3.546023987,-0.119728303,-0.015059246,0.738986633,-0.002636417,0.011413755,3.535326213,-0.121265800,-0.015796137,0.738025068,-0.002627170,0.011374282,114.866094284,0.371177960,58.146850911,56.719243374
9.266666667,3.570684220,-0.120183356,-0.014677318,0.740867047,-0.002665062,0.011498866,3.559954676,-0.121738243,-0.015415568,0.739913677,-0.002655762,0.011459174,115.126686713,0.373472714,58.281560114,56.845126599
9.300000000,3.595407016,-0.120630818,-0.014292545,0.742731299,-0.002693879,0.011584477,3.584645977,-0.122203187,-0.015032161,0.741786158,-0.002684524,0.011544564,115.384726652,0.375781575,58.415020201,56.969706451
9.333333333,3.620191835,-0.121070567,-0.013904910,0.744579319,-0.002722868,0.011670595,3.609399576,-0.122660513,-0.014645900,0.743642441,-0.002713458,0.011630456,115.640205458,0.378104781,58.547227308,57.092978150
9.366666667,3.645038133,-0.121502483,-0.013514396,0.746411041,-0.002752030,0.011757226,3.634214930,-0.123110100,-0.014256767,0.745482460,-0.002742565,0.011716859,115.893114645,0.380442572,58.678177653,57.214936992
9.400000000,3.669945365,-0.121926444,-0.013120985,0.748226399,-0.002781366,0.011844377,3.659091495,-0.123551826,-0.013864745,0.747306149,-0.002771846,0.011803778,116.143445890,0.382795188,58.807867538,57.335578352
9.433333333,3.694912983,-0.122342330,-0.012724660,0.750025329,-0.002810878,0.011932054,3.684028725,-0.123985569,-0.013469817,0.749113442,-0.002801302,0.011891220,116.391191033,0.385162874,58.936293351,57.454897682
9.466666667,3.719940438,-0.122750017,-0.012325404,0.751807768,-0.002840566,0.012020265,3.709026071,-0.124411208,-0.013071966,0.750904276,-0.002830934,0.011979193,116.636342073,0.387545874,59.063451563,57.572890510
9.500000000,3.745027176,-0.123149386,-0.011923198,0.753573653,-0.002870430,0.012109016,3.734082982,-0.124828621,-0.012671173,0.752678587,-0.002860743,0.012067702,116.878891171,0.389944434,59.189338728,57.689552443
9.533333333,3.770172643,-0.123540311,-0.011518025,0.755322922,-0.002900474,0.012198314,3.759198904,-0.125237684,-0.012267421,0.754436314,-0.002890729,0.012156756,117.118830651,0.392358804,59.313951486,57.804879165
9.566666667,3.795376284,-0.123922672,-0.011109866,0.757055516,-0.002930696,0.012288166,3.784373282,-0.125638275,-0.011860691,0.756177396,-0.002920895,0.012246359,117.356152997,0.394789233,59.437286561,57.918866436
9.600000000,3.820637539,-0.124296345,-0.010698702,0.758771375,-0.002961098,0.012378578,3.809605559,-0.126030271,-0.011450964,0.757901773,-0.002951241,0.012336520,117.590850856,0.397235974,59.559340762,58.031510094
9.633333333,3.845955848,-0.124661207,-0.010284516,0.760470441,-0.002991682,0.012469558,3.834895176,-0.126413548,-0.011038223,0.759609386,-0.002981767,0.012427246,117.822917035,0.399699281,59.680110981,58.142806054
9.666666667,3.871330649,-0.125017135,-0.009867286,0.762152658,-0.003022449,0.012561113,3.860241570,-0.126787982,-0.010622449,0.761300179,-0.003012476,0.012518542,118.052344506,0.402179410,59.799594196,58.252750310
9.700000000,3.896761375,-0.125364003,-0.009446996,0.763817968,-0.003053398,0.012653249,3.885644178,-0.127153450,-0.010203621,0.762974093,-0.003043368,0.012610417,118.279126401,0.404676620,59.917787470,58.361338931
9.733333333,3.922247462,-0.125701689,-0.009023624,0.765466317,-0.003084532,0.012745974,3.911102434,-0.127509827,-0.009781721,0.764631075,-0.003074444,0.012702877,118.503256013,0.407191171,60.034687950,58.468568063
9.766666667,3.947788340,-0.126030068,-0.008597151,0.767097651,-0.003115852,0.012839294,3.936615772,-0.127856989,-0.009356729,0.766271068,-0.003105705,0.012795928,118.724726800,0.409723324,60.150292869,58.574433932
9.800000000,3.973383439,-0.126349015,-0.008167558,0.768711918,-0.003147358,0.012933216,3.962183621,-0.128194810,-0.008928625,0.767894021,-0.003137152,0.012889579,118.943532380,0.412273343,60.264599543,58.678932837
9.833333333,3.999032187,-0.126658405,-0.007734824,0.770309065,-0.003179051,0.013027749,3.987805411,-0.128523166,-0.008497389,0.769499880,-0.003168786,0.012983837,119.159666534,0.414841496,60.377605375,58.782061159
9.866666667,4.024734010,-0.126958113,-0.007298928,0.771889042,-0.003210933,0.013122898,4.013480568,-0.128841931,-0.008063002,0.771088595,-0.003200609,0.013078707,119.373123206,0.417428050,60.489307854,58.883815352
9.900000000,4.050488331,-0.127248014,-0.006859850,0.773451799,-0.003243005,0.013218671,4.039208517,-0.129150979,-0.007625441,0.772660114,-0.003232621,0.013174198,119.583896501,0.420033276,60.599704551,58.984191950
9.933333333,4.076294574,-0.127527981,-0.006417569,0.774997287,-0.003275267,0.013315075,4.064988682,-0.129450184,-0.007184687,0.774214390,-0.003264824,0.013270317,119.791980689,0.422657447,60.708793127,59.083187562
9.966666667,4.102152158,-0.127797889,-0.005972064,0.776525460,-0.003307721,0.013412118,4.090820484,-0.129739421,-0.006740718,0.775751374,-0.003297218,0.013367071,119.997370200,0.425300836,60.816571324,59.180798877
10.000000000,4.128060504,-0.128057612,-0.005523313,0.778036270,-0.003340367,0.013509806,4.116703343,-0.130018562,-0.006293513,0.777271019,-0.003329804,0.013464467,120.200059629,0.427963722,60.923036972,59.277022657
10.033333333,4.154019027,-0.128307023,-0.005071295,0.779529673,-0.003373208,0.013608147,4.142636678,-0.130287481,-0.005843051,0.778773279,-0.003362584,0.013562512,120.400043732,0.430646383,61.028187987,59.371855746
10.066666667,4.180027145,-0.128545995,-0.004615988,0.781005623,-0.003406243,0.013707149,4.168619905,-0.130546051,-0.005389310,0.780258110,-0.003395559,0.013661214,120.597317430,0.433349100,61.132022369,59.465295061
10.100000000,4.206084271,-0.128774401,-0.004157370,0.782464078,-0.003439474,0.013806818,4.194652439,-0.130794145,-0.004932267,0.781725467,-0.003428729,0.013760581,120.791875805,0.436072158,61.234538206,59.557337599
10.133333333,4.232189817,-0.128992114,-0.003695418,0.783904996,-0.003472903,0.013907163,4.220733693,-0.131031636,-0.004471901,0.783175307,-0.003462096,0.013860619,120.983714103,0.438815842,61.335733670,59.647980433
10.166666667,4.258343195,-0.129199007,-0.003230110,0.785328335,-0.003506529,0.014008190,4.246863079,-0.131258395,-0.004008189,0.784607590,-0.003495661,0.013961336,121.172827734,0.441580440,61.435607021,59.737220714
10.200000000,4.284543814,-0.129394952,-0.002761422,0.786734056,-0.003540354,0.014109908,4.273040008,-0.131474295,-0.003541108,0.786022275,-0.003529425,0.014062740,121.359212271,0.444366243,61.534156603,59.825055668
10.233333333,4.310791082,-0.129579820,-0.002289333,0.788122119,-0.003574380,0.014212324,4.299263889,-0.131679207,-0.003070635,0.787419322,-0.003563389,0.014164838,121.542863448,0.447173544,61.631380847,59.911482601
10.266666667,4.337084407,-0.129753485,-0.001813817,0.789492487,-0.003608607,0.014315444,4.325534129,-0.131873004,-0.002596747,0.788798692,-0.003597554,0.014267637,121.723777167,0.450002638,61.727278271,59.996498895
10.300000000,4.363423194,-0.129915817,-0.001334853,0.790845123,-0.003643036,0.014419278,4.351850134,-0.132055556,-0.002119421,0.790160349,-0.003631921,0.014371147,121.901949489,0.452853822,61.821847480,60.080102009
10.333333333,4.389806845,-0.130066688,-0.000852415,0.792179991,-0.003677669,0.014523833,4.378211309,-0.132226735,-0.001638632,0.791504256,-0.003666491,0.014475373,122.077376643,0.455727397,61.915087163,60.162289480
10.366666667,4.416234765,-0.130205970,-0.000366480,0.793497056,-0.003712506,0.014629117,4.404617058,-0.132386412,-0.001154357,0.792830377,-0.003701266,0.014580324,122.250055019,0.458623666,62.006996097,60.243058921
10.400000000,4.442706355,-0.130333533,0.000122977,0.794796285,-0.003747549,0.014735136,4.431066782,-0.132534457,-0.000666571,0.794138680,-0.003736246,0.014686008,122.419981171,0.461542932,62.097573146,60.322408024
10.433333333,4.469221015,-0.130449247,0.000615981,0.796077646,-0.003782798,0.014841900,4.457559882,-0.132670742,-0.000175250,0.795429130,-0.003771432,0.014792432,122.587151818,0.464485503,62.186817261,60.400334557
10.466666667,4.495778143,-0.130552985,0.001112556,0.797341106,-0.003818256,0.014949416,4.484095759,-0.132795136,0.000319631,0.796701696,-0.003806826,0.014899605,122.751563844,0.467451689,62.274727479,60.476836365
10.500000000,4.522377138,-0.130644615,0.001612727,0.798586636,-0.003853922,0.015057692,4.510673809,-0.132907510,0.000818097,0.797956346,-0.003842429,0.015007534,122.913214295,0.470441803,62.361302923,60.551911372
10.533333333,4.549017396,-0.130724009,0.002116521,0.799814207,-0.003889798,0.015166736,4.537293432,-0.133007734,0.001320173,0.799193052,-0.003878241,0.015116227,123.072100383,0.473456159,62.446542804,60.625557578
10.566666667,4.575698313,-0.130791036,0.002623962,0.801023789,-0.003925884,0.015276556,4.563954023,-0.133095677,0.001825886,0.800411784,-0.003914264,0.015225692,123.228219483,0.476495074,62.530446422,60.697773061
10.600000000,4.602419283,-0.130845567,0.003135077,0.802215356,-0.003962183,0.015387161,4.590654976,-0.133171209,0.002335261,0.801612514,-0.003950499,0.015335938,123.381569138,0.479558868,62.613013162,60.768555976
10.633333333,4.629179699,-0.130887470,0.003649893,0.803388883,-0.003998696,0.015498557,4.617395687,-0.133234200,0.002848324,0.802795217,-0.003986947,0.015446972,123.532147050,0.482647864,62.694242495,60.837904556
10.666666667,4.655978955,-0.130916616,0.004168435,0.804544343,-0.004035422,0.015610754,4.644175547,-0.133284518,0.003365101,0.803959866,-0.004023610,0.015558802,123.679951092,0.485762387,62.774133982,60.905817110
10.700000000,4.682816441,-0.130932874,0.004690730,0.805681713,-0.004072364,0.015723760,4.670993950,-0.133322033,0.003885620,0.805106436,-0.004060487,0.015671438,123.824979297,0.488902764,62.852687271,60.972292027
10.733333333,4.709691549,-0.130936112,0.005216806,0.806800971,-0.004109522,0.015837583,4.697850286,-0.133346614,0.004409906,0.806234906,-0.004097581,0.015784886,123.967229866,0.492069324,62.929902096,61.037327771
10.766666667,4.736603666,-0.130926201,0.005746690,0.807902094,-0.004146898,0.015952231,4.724743944,-0.133358129,0.004937989,0.807345252,-0.004134892,0.015899156,124.106701164,0.495262403,63.005778279,61.100922885
10.800000000,4.763552184,-0.130903008,0.006280409,0.808985061,-0.004184493,0.016067713,4.751674315,-0.133356448,0.005469894,0.808437453,-0.004172421,0.016014256,124.243391722,0.498482333,63.080315732,61.163075990
10.833333333,4.790536488,-0.130866403,0.006817992,0.810049855,-0.004222307,0.016184038,4.778640787,-0.133341437,0.006005649,0.809511489,-0.004210171,0.016130194,124.377300234,0.501729454,63.153514451,61.223785783
10.866666667,4.817555967,-0.130816253,0.007359467,0.811096455,-0.004260342,0.016301213,4.805642747,-0.133312966,0.006545284,0.810567341,-0.004248140,0.016246978,124.508425563,0.505004105,63.225374523,61.283051040
10.900000000,4.844610006,-0.130752428,0.007904862,0.812124844,-0.004298599,0.016419247,4.832679583,-0.133270903,0.007088826,0.811604991,-0.004286332,0.016364618,124.636766736,0.508306631,63.295896121,61.340870615
10.933333333,4.871697992,-0.130674796,0.008454206,0.813135006,-0.004337079,0.016538149,4.859750679,-0.133215115,0.007636304,0.812624422,-0.004324747,0.016483122,124.762322944,0.511637378,63.365079506,61.397243438
10.966666667,4.898819309,-0.130583224,0.009007528,0.814126927,-0.004375783,0.016657928,4.886855422,-0.133145471,0.008187746,0.813625619,-0.004363385,0.016602498,124.885093548,0.514996693,63.432925029,61.452168518
11.000000000,4.925973341,-0.130477581,0.009564858,0.815100591,-0.004414713,0.016778592,4.913993196,-0.133061838,0.008743183,0.814608567,-0.004402249,0.016722755,125.005078071,0.518384928,63.499433128,61.505644943
11.033333333,4.953159472,-0.130357734,0.010126224,0.816055986,-0.004453869,0.016900150,4.941163385,-0.132964083,0.009302643,0.815573251,-0.004441339,0.016843902,125.122276204,0.521802438,63.564604328,61.557671876
11.066666667,4.980377085,-0.130223551,0.010691658,0.816993100,-0.004493252,0.017022611,4.968365372,-0.132852074,0.009866156,0.816519661,-0.004480656,0.016965947,125.236687804,0.525249578,63.628439244,61.608248560
11.100000000,5.007625562,-0.130074900,0.011261189,0.817911921,-0.004532864,0.017145983,4.995598541,-0.132725678,0.010433753,0.817447783,-0.004520202,0.017088901,125.348312895,0.528726708,63.690938578,61.657374317
11.133333333,5.034904286,-0.129911647,0.011834848,0.818812441,-0.004572705,0.017270277,5.022862273,-0.132584763,0.011005464,0.818357609,-0.004559977,0.017212770,125.457151667,0.532234190,63.752103122,61.705048545
11.166666667,5.062212637,-0.129733661,0.012412665,0.819694650,-0.004612777,0.017395500,5.050155949,-0.132429195,0.011581319,0.819249128,-0.004599983,0.017337566,125.563204475,0.535772389,63.811933755,61.751270720
11.200000000,5.089549997,-0.129540809,0.012994673,0.820558541,-0.004653081,0.017521662,5.077478953,-0.132258841,0.012161350,0.820122332,-0.004640221,0.017463295,125.666471845,0.539341673,63.870431446,61.796040398
11.233333333,5.116915745,-0.129332957,0.013580902,0.821404107,-0.004693618,0.017648772,5.104830663,-0.132073568,0.012745588,0.820977215,-0.004680691,0.017589968,125.766954465,0.542942410,63.927597252,61.839357212
11.266666667,5.144309263,-0.129109973,0.014171383,0.822231343,-0.004734389,0.017776838,5.132210461,-0.131873242,0.013334064,0.821813771,-0.004721396,0.017717594,125.864653193,0.546574976,63.983432319,61.881220874
11.300000000,5.171729930,-0.128871723,0.014766150,0.823040244,-0.004775395,0.017905872,5.159617726,-0.131657731,0.013926810,0.822631993,-0.004762335,0.017846182,125.959569055,0.550239744,64.037937880,61.921631174
11.333333333,5.199177125,-0.128618074,0.015365234,0.823830808,-0.004816637,0.018035880,5.187051838,-0.131426900,0.014523859,0.823431880,-0.004803511,0.017975741,126.051703241,0.553937093,64.091115260,61.960587981
11.366666667,5.226650227,-0.128348892,0.015968669,0.824603032,-0.004858116,0.018166874,5.214512177,-0.131180615,0.015125244,0.824213428,-0.004844923,0.018106281,126.141057111,0.557667404,64.142965870,61.998091241
11.400000000,5.254148616,-0.128064045,0.016576486,0.825356915,-0.004899834,0.018298862,5.241998121,-0.130918744,0.015730996,0.824976635,-0.004886574,0.018237810,126.227632193,0.561431060,64.193491212,62.034140981
11.433333333,5.281671669,-0.127763399,0.017188720,0.826092457,-0.004941791,0.018431854,5.269509049,-0.130641153,0.016341149,0.825721501,-0.004928465,0.018370338,126.311430182,0.565228449,64.242692877,62.068737305
11.466666667,5.309218766,-0.127446820,0.017805404,0.826809659,-0.004983989,0.018565858,5.297044341,-0.130347706,0.016955737,0.826448026,-0.004970596,0.018503876,126.392452939,0.569059958,64.290572543,62.101880396
11.500000000,5.336789285,-0.127114174,0.018426572,0.827508524,-0.005026428,0.018700886,5.324603373,-0.130038271,0.017574793,0.827156213,-0.005012968,0.018638431,126.470702496,0.572925981,64.337131980,62.133570516
11.533333333,5.364382603,-0.126765328,0.019052258,0.828189055,-0.005069110,0.018836947,5.352185525,-0.129712712,0.018198352,0.827846063,-0.005055584,0.018774015,126.546181052,0.576826910,64.382373045,62.163808007
11.566666667,5.391998099,-0.126400148,0.019682497,0.828851257,-0.005112036,0.018974049,5.379790175,-0.129370897,0.018826448,0.828517582,-0.005098443,0.018910636,126.618890974,0.580763143,64.426297685,62.192593289
11.600000000,5.419635150,-0.126018499,0.020317323,0.829495134,-0.005155207,0.019112203,5.407416701,-0.129012690,0.019459115,0.829170773,-0.005141547,0.019048304,126.688834799,0.584735079,64.468907937,62.219926862
11.633333333,5.447293136,-0.125620249,0.020956773,0.830120693,-0.005198624,0.019251419,5.435064480,-0.128637958,0.020096389,0.829805644,-0.005184896,0.019187030,126.756015230,0.588743122,64.510205927,62.245809304
11.666666667,5.474971433,-0.125205262,0.021600881,0.830727943,-0.005242287,0.019391707,5.462732892,-0.128246566,0.020738305,0.830422200,-0.005228493,0.019326822,126.820435142,0.592787675,64.550193869,62.270241273
11.700000000,5.502669420,-0.124773404,0.022249683,0.831316892,-0.005286199,0.019533076,5.490421313,-0.127838379,0.021384899,0.831020451,-0.005272338,0.019467691,126.882097577,0.596869146,64.588874070,62.293223507
11.733333333,5.530386475,-0.124324542,0.022903216,0.831887551,-0.005330360,0.019675537,5.518129123,-0.127413262,0.022036207,0.831600406,-0.005316432,0.019609647,126.941005747,0.600987946,64.626248922,62.314756824
11.766666667,5.558121976,-0.123858541,0.023561516,0.832439929,-0.005374771,0.019819099,5.545855698,-0.126971083,0.022692265,0.832162075,-0.005360776,0.019752700,126.997163031,0.605144486,64.662320911,62.334842120
11.800000000,5.585875301,-0.123375267,0.024224620,0.832974040,-0.005419433,0.019963772,5.573600419,-0.126511704,0.023353111,0.832705470,-0.005405372,0.019896859,127.050572982,0.609339181,64.697092609,62.353480373
11.833333333,5.613645830,-0.122874586,0.024892565,0.833489896,-0.005464348,0.020109567,5.601362663,-0.126034993,0.024018780,0.833230604,-0.005450220,0.020042135,127.101239318,0.613572451,64.730566680,62.370672638
11.866666667,5.641432940,-0.122356362,0.025565389,0.833987512,-0.005509516,0.020256495,5.629141809,-0.125540814,0.024689311,0.833737490,-0.005495321,0.020188539,127.149165930,0.617844714,64.762745876,62.386420054
11.900000000,5.669236011,-0.121820462,0.026243130,0.834466904,-0.005554938,0.020404564,5.656937236,-0.125029033,0.025364741,0.834226144,-0.005540676,0.020336080,127.194356877,0.622156393,64.793633040,62.400723837
11.933333333,5.697054422,-0.121266752,0.026925825,0.834928088,-0.005600616,0.020553786,5.684748323,-0.124499514,0.026045109,0.834696581,-0.005586288,0.020484768,127.236816389,0.626507913,64.823231104,62.413585286
11.966666667,5.724887553,-0.120695096,0.027613515,0.835371082,-0.005646550,0.020704170,5.712574450,-0.123952123,0.026730452,0.835148819,-0.005632155,0.020634614,127.276548867,0.630899701,64.851543090,62.425005777
12.000000000,5.752734783,-0.120105360,0.028306236,0.835795904,-0.005692741,0.020855728,5.740414996,-0.123386725,0.027420810,0.835582875,-0.005678281,0.020785629,127.313558881,0.635332188,64.878572110,62.434986771
12.033333333,5.780595493,-0.119497410,0.029004030,0.836202575,-0.005739191,0.021008470,5.768269342,-0.122803185,0.028116221,0.835998770,-0.005724664,0.020937822,127.347851172,0.639805805,64.904321365,62.443529807
12.066666667,5.808469064,-0.118871111,0.029706935,0.836591116,-0.005785901,0.021162406,5.796136868,-0.122201368,0.028816726,0.836396523,-0.005771308,0.021091205,127.379430652,0.644320987,64.928794146,62.450636505
12.100000000,5.836354877,-0.118226328,0.030414991,0.836961548,-0.005832871,0.021317547,5.824016955,-0.121581139,0.029522364,0.836776157,-0.005818212,0.021245787,127.408302404,0.648878170,64.951993836,62.456308568
12.133333333,5.864252314,-0.117562927,0.031128238,0.837313896,-0.005880103,0.021473903,5.851908986,-0.120942363,0.030233174,0.837137694,-0.005865377,0.021401580,127.434471683,0.653477793,64.973923905,62.460547779
12.166666667,5.892160756,-0.116880774,0.031846719,0.837648183,-0.005927597,0.021631485,5.879812341,-0.120284906,0.030949198,0.837481158,-0.005912806,0.021558594,127.457943915,0.658120297,64.994587913,62.463356002
12.200000000,5.920079587,-0.116179733,0.032570472,0.837964435,-0.005975354,0.021790304,5.907726404,-0.119608632,0.031670477,0.837806574,-0.005960498,0.021716840,127.478724695,0.662806125,65.013989512,62.464735184
12.233333333,5.948008190,-0.115459670,0.033299541,0.838262679,-0.006023376,0.021950371,5.935650558,-0.118913406,0.032397052,0.838113967,-0.006008454,0.021876328,127.496819794,0.667535723,65.032132441,62.464687353
12.266666667,5.975945949,-0.114720450,0.034033966,0.838542942,-0.006071663,0.022111697,5.963584185,-0.118199093,0.033128964,0.838403366,-0.006056676,0.022037070,127.512235151,0.672309537,65.049020531,62.463214619
12.300000000,6.003892248,-0.113961939,0.034773790,0.838805253,-0.006120217,0.022274292,5.991526672,-0.117465559,0.033866255,0.838674798,-0.006105165,0.022199076,127.524976879,0.677128017,65.064657703,62.460319176
12.333333333,6.031846473,-0.113184002,0.035519055,0.839049643,-0.006169038,0.022438167,6.019477402,-0.116712668,0.034608968,0.838928293,-0.006153921,0.022362357,127.535051263,0.681991613,65.079047965,62.456003298
12.366666667,6.059808010,-0.112386505,0.036269804,0.839276143,-0.006218128,0.022603333,6.047435761,-0.115940285,0.035357146,0.839163881,-0.006202946,0.022526924,127.542464761,0.686900780,65.092195418,62.450269343
12.400000000,6.087776246,-0.111569313,0.037026081,0.839484784,-0.006267486,0.022769802,6.075401136,-0.115148276,0.036110830,0.839381595,-0.006252240,0.022692789,127.547224002,0.691855970,65.104104251,62.443119751
12.433333333,6.115750567,-0.110732291,0.037787928,0.839675600,-0.006317115,0.022937584,6.103372915,-0.114336505,0.036870066,0.839581466,-0.006301804,0.022859961,127.549335790,0.696857641,65.114778743,62.434557047
12.466666667,6.143730364,-0.109875305,0.038555391,0.839848625,-0.006367015,0.023106690,6.131350485,-0.113504838,0.037634896,0.839763529,-0.006351640,0.023028453,127.548807099,0.701906251,65.124223262,62.424583837
12.500000000,6.171715024,-0.108998220,0.039328512,0.840003896,-0.006417186,0.023277132,6.159333234,-0.112653140,0.038405365,0.839927819,-0.006401748,0.023198275,127.545645080,0.707002258,65.132442268,62.413202812
12.533333333,6.199703938,-0.108100902,0.040107338,0.840141449,-0.006467631,0.023448921,6.187320554,-0.111781275,0.039181517,0.840074373,-0.006452129,0.023369439,127.539857053,0.712146126,65.139440307,62.400416747
12.566666667,6.227696497,-0.107183217,0.040891912,0.840261322,-0.006518349,0.023622068,6.215311834,-0.110889110,0.039963398,0.840203226,-0.006502784,0.023541955,127.531450516,0.717338314,65.145222016,62.386228500
12.600000000,6.255692094,-0.106245030,0.041682281,0.840363554,-0.006569342,0.023796584,6.243306467,-0.109976508,0.040751052,0.840314419,-0.006553714,0.023715835,127.520433138,0.722579289,65.149792124,62.370641014
12.633333333,6.283690120,-0.105286206,0.042478490,0.840448185,-0.006620610,0.023972481,6.271303844,-0.109043337,0.041544525,0.840407990,-0.006604920,0.023891091,127.506812761,0.727869514,65.153155446,62.353657316
12.666666667,6.311689971,-0.104306612,0.043280586,0.840515256,-0.006672155,0.024149769,6.299303359,-0.108089460,0.042343864,0.840483980,-0.006656402,0.024067733,127.490597405,0.733209455,65.155316886,62.335280519
12.700000000,6.339691041,-0.103306113,0.044088615,0.840564810,-0.006723976,0.024328461,6.327304407,-0.107114743,0.043149114,0.840542431,-0.006708162,0.024245773,127.471795261,0.738599581,65.156281441,62.315513820
12.733333333,6.367692726,-0.102284574,0.044902624,0.840596891,-0.006776076,0.024508568,6.355306385,-0.106119052,0.043960322,0.840583386,-0.006760199,0.024425223,127.450414696,0.744040359,65.156054193,62.294360503
12.766666667,6.395694425,-0.101241863,0.045722660,0.840611542,-0.006828454,0.024690101,6.383308687,-0.105102252,0.044777536,0.840606890,-0.006812516,0.024606093,127.426464251,0.749532259,65.154640316,62.271823935
12.800000000,6.423695535,-0.100177844,0.046548772,0.840608811,-0.006881112,0.024873071,6.411310714,-0.104064208,0.045600803,0.840612986,-0.006865113,0.024788395,127.399952642,0.755075750,65.152045070,62.247907572
12.833333333,6.451695455,-0.099092384,0.047381006,0.840588743,-0.006934050,0.025057490,6.439311863,-0.103004787,0.046430171,0.840601723,-0.006917991,0.024972141,127.370888762,0.760671302,65.148273807,62.222614954
12.866666667,6.479693588,-0.097985348,0.048219413,0.840551388,-0.006987269,0.025243370,6.467311535,-0.101923853,0.047265689,0.840573147,-0.006971150,0.025157343,127.339281676,0.766319387,65.143331966,62.195949710
12.900000000,6.507689335,-0.096856603,0.049064040,0.840496793,-0.007040769,0.025430722,6.495309131,-0.100821273,0.048107404,0.840527307,-0.007024591,0.025344010,127.305140628,0.772020475,65.137225075,62.167915554
12.933333333,6.535682100,-0.095706015,0.049914936,0.840425011,-0.007094552,0.025619557,6.523304056,-0.099696913,0.048955367,0.840464253,-0.007078315,0.025532156,127.268475035,0.777775040,65.129958748,62.138516287
12.966666667,6.563671287,-0.094533450,0.050772153,0.840336092,-0.007148619,0.025809888,6.551295712,-0.098550637,0.049809627,0.840384035,-0.007132323,0.025721792,127.229294492,0.783583552,65.121538692,62.107755800
13.000000000,6.591656302,-0.093338774,0.051635739,0.840230089,-0.007202969,0.026001725,6.579283506,-0.097382313,0.050670232,0.840286707,-0.007186615,0.025912929,127.187608769,0.789446483,65.111970698,62.075638071
13.033333333,6.619636554,-0.092121855,0.052505744,0.840107056,-0.007257604,0.026195081,6.607266844,-0.096191806,0.051537235,0.840172321,-0.007241192,0.026105579,127.143427813,0.795364305,65.101260648,62.042167165
13.066666667,6.647611451,-0.090882558,0.053382221,0.839967047,-0.007312524,0.026389966,6.635245134,-0.094978983,0.052410685,0.840040932,-0.007296055,0.026299753,127.096761747,0.801337490,65.089414508,62.007347239
13.100000000,6.675580404,-0.089620750,0.054265220,0.839810120,-0.007367729,0.026586393,6.663217787,-0.093743708,0.053290633,0.839892595,-0.007351204,0.026495464,127.047620871,0.807366508,65.076438336,61.971182535
13.133333333,6.703542825,-0.088336298,0.055154792,0.839636331,-0.007423222,0.026784373,6.691184214,-0.092485850,0.054177131,0.839727367,-0.007406640,0.026692722,126.996015662,0.813451830,65.062338274,61.933677388
13.166666667,6.731498126,-0.087029068,0.056050989,0.839445739,-0.007479001,0.026983918,6.719143828,-0.091205275,0.055070231,0.839545305,-0.007462364,0.026891539,126.941956775,0.819593926,65.047120553,61.894836222
13.200000000,6.759445725,-0.085698928,0.056953864,0.839238403,-0.007535067,0.027185039,6.747096043,-0.089901848,0.055969984,0.839346470,-0.007518375,0.027091927,126.885455042,0.825793264,65.030791490,61.854663552
13.233333333,6.787385036,-0.084345745,0.057863470,0.839014384,-0.007591422,0.027387748,6.775040274,-0.088575436,0.056876443,0.839130920,-0.007574676,0.027293897,126.826521471,0.832050312,65.013357490,61.813163981
13.266666667,6.815315478,-0.082969386,0.058779860,0.838773744,-0.007648065,0.027592056,6.802975940,-0.087225907,0.057789662,0.838898718,-0.007631265,0.027497462,126.765167251,0.838365537,64.994825044,61.770342208
13.300000000,6.843236472,-0.081569717,0.059703086,0.838516547,-0.007704998,0.027797975,6.830902460,-0.085853127,0.058709693,0.838649926,-0.007688145,0.027702632,126.701403746,0.844739404,64.975200727,61.726203019
13.333333333,6.871147439,-0.080146607,0.060633204,0.838242856,-0.007762220,0.028005516,6.858819255,-0.084456963,0.059636590,0.838384608,-0.007745315,0.027909419,126.635242500,0.851172376,64.954491204,61.680751296
13.366666667,6.899047803,-0.078699922,0.061570267,0.837952737,-0.007819732,0.028214692,6.886725747,-0.083037282,0.060570408,0.838102827,-0.007802775,0.028117835,126.566695236,0.857664915,64.932703223,61.633992012
13.400000000,6.926936988,-0.077229531,0.062514330,0.837646256,-0.007877534,0.028425513,6.914621361,-0.081593952,0.061511201,0.837804651,-0.007860527,0.028327891,126.495773854,0.864217480,64.909843619,61.585930234
13.433333333,6.954814422,-0.075735302,0.063465449,0.837323482,-0.007935628,0.028637991,6.942505522,-0.080126840,0.062459023,0.837490147,-0.007918570,0.028539599,126.422490433,0.870830529,64.885919311,61.536571122
13.466666667,6.982679534,-0.074217101,0.064423677,0.836984482,-0.007994012,0.028852138,6.970377660,-0.078635813,0.063413930,0.837159382,-0.007976905,0.028752970,126.346857233,0.877504517,64.860937302,61.485919930
13.500000000,7.010531754,-0.072674798,0.065389072,0.836629328,-0.008052688,0.029067964,6.998237203,-0.077120738,0.064375978,0.836812427,-0.008035532,0.028968015,126.268886691,0.884239895,64.834904682,61.433982009
13.533333333,7.038370515,-0.071108260,0.066361689,0.836258089,-0.008111656,0.029285482,7.026083584,-0.075581485,0.065345222,0.836449351,-0.008094452,0.029184746,126.188591426,0.891037114,64.807828624,61.380762802
13.566666667,7.066195251,-0.069517356,0.067341586,0.835870840,-0.008170915,0.029504701,7.053916236,-0.074017920,0.066321719,0.836070227,-0.008153665,0.029403175,126.105984234,0.897896619,64.779716385,61.326267850
13.600000000,7.094005400,-0.067901954,0.068328818,0.835467653,-0.008230468,0.029725635,7.081734595,-0.072429912,0.067305526,0.835675128,-0.008213171,0.029623312,126.021078094,0.904818853,64.750575304,61.270502791
13.633333333,7.121800400,-0.066261922,0.069323444,0.835048603,-0.008290312,0.029948294,7.109538098,-0.070817329,0.068296700,0.835264127,-0.008272971,0.029845168,125.933886163,0.911804256,64.720412804,61.213473358
13.666666667,7.149579690,-0.064597130,0.070325520,0.834613766,-0.008350450,0.030172688,7.137326185,-0.069180039,0.069295299,0.834837301,-0.008333064,0.030068756,125.844421778,0.918853262,64.689236392,61.155185385
13.700000000,7.177342715,-0.062907447,0.071335105,0.834163219,-0.008410880,0.030398830,7.165098299,-0.067517911,0.070301379,0.834394725,-0.008393451,0.030294086,125.752698458,0.925966302,64.657053656,61.095644801
13.733333333,7.205088919,-0.061192742,0.072352258,0.833697040,-0.008471603,0.030626729,7.192853882,-0.065830814,0.071315000,0.833936478,-0.008454132,0.030521168,125.658729902,0.933143804,64.623872266,61.034857636
13.766666667,7.232817748,-0.059452883,0.073377037,0.833215309,-0.008532619,0.030856398,7.220592380,-0.064118616,0.072336220,0.833462637,-0.008515107,0.030750015,125.562529991,0.940386188,64.589699972,60.972830018
13.800000000,7.260528653,-0.057687741,0.074409502,0.832718106,-0.008593929,0.031087846,7.248313242,-0.062381187,0.073365099,0.832973284,-0.008576376,0.030980636,125.464112786,0.947693872,64.554544608,60.909568178
13.833333333,7.288221083,-0.055897184,0.075449711,0.832205514,-0.008655531,0.031321085,7.276015919,-0.060618395,0.074401694,0.832468499,-0.008637939,0.031213043,125.363492529,0.955067266,64.518414084,60.845078445
13.866666667,7.315894494,-0.054081084,0.076497725,0.831677615,-0.008717426,0.031556126,7.303699861,-0.058830111,0.075446067,0.831948365,-0.008699797,0.031447247,125.260683646,0.962506777,64.481316395,60.779367251
13.900000000,7.343548340,-0.052239309,0.077553603,0.831134493,-0.008779615,0.031792977,7.331364525,-0.057016203,0.076498278,0.831412966,-0.008761948,0.031683257,125.155700742,0.970012805,64.443259611,60.712441131
13.933333333,7.371182080,-0.050371730,0.078617407,0.830576234,-0.008842096,0.032031651,7.359009368,-0.055176542,0.077558385,0.830862385,-0.008824393,0.031921085,125.048558605,0.977585742,64.404251883,60.644306723
13.966666667,7.398795175,-0.048478218,0.079689198,0.830002925,-0.008904870,0.032272158,7.386633848,-0.053310998,0.078626451,0.830296709,-0.008887133,0.032160740,124.939272207,0.985225975,64.364301439,60.574970768
14.000000000,7.426387087,-0.046558642,0.080769036,0.829414652,-0.008967936,0.032514507,7.414237428,-0.051419440,0.079702537,0.829716026,-0.008950166,0.032402233,124.827856698,0.992933883,64.323416586,60.504440112
14.033333333,7.453957282,-0.044612874,0.081856984,0.828811505,-0.009031295,0.032758709,7.441819572,-0.049501739,0.080786704,0.829120423,-0.009013492,0.032645575,124.714327416,1.000709840,64.281605708,60.432721708
14.066666667,7.481505227,-0.042640785,0.082953102,0.828193575,-0.009094945,0.033004773,7.469379746,-0.047557765,0.081879013,0.828509990,-0.009077112,0.032890775,124.598699877,1.008554209,64.238877264,60.359822613
14.100000000,7.509030393,-0.040642245,0.084057454,0.827560952,-0.009158887,0.033252710,7.496917419,-0.045587390,0.082979527,0.827884818,-0.009141024,0.033137842,124.480989782,1.016467347,64.195239789,60.285749993
14.133333333,7.536532252,-0.038617127,0.085170102,0.826913728,-0.009223120,0.033502528,7.524432063,-0.043590484,0.084088308,0.827244998,-0.009205229,0.033386788,124.361213015,1.024449601,64.150701894,60.210511121
14.166666667,7.564010280,-0.036565301,0.086291108,0.826251998,-0.009287644,0.033754238,7.551923153,-0.041566919,0.085205420,0.826590624,-0.009269726,0.033637620,124.239385645,1.032501310,64.105272265,60.134113380
14.200000000,7.591463955,-0.034486640,0.087420537,0.825575857,-0.009352458,0.034007849,7.579390165,-0.039516565,0.086330924,0.825921790,-0.009334515,0.033890349,124.115523920,1.040622803,64.058959659,60.056564261
14.233333333,7.618892758,-0.032381015,0.088558451,0.824885400,-0.009417562,0.034263369,7.606832577,-0.037439295,0.087464885,0.825238592,-0.009399595,0.034144984,123.989644276,1.048814401,64.011772908,59.977871368
14.266666667,7.646296170,-0.030248299,0.089704915,0.824180725,-0.009482955,0.034520809,7.634249873,-0.035334980,0.088607365,0.824541125,-0.009464966,0.034401533,123.861763330,1.057076411,63.963720916,59.898042414
14.300000000,7.673673680,-0.028088365,0.090859991,0.823461930,-0.009548637,0.034780175,7.661641537,-0.033203493,0.089758430,0.823829488,-0.009530626,0.034660006,123.731897885,1.065409132,63.914812658,59.817085227
14.333333333,7.701024774,-0.025901084,0.092023746,0.822729115,-0.009614606,0.035041477,7.689007055,-0.031044705,0.090918143,0.823103781,-0.009596576,0.034920411,123.600064927,1.073812852,63.865057179,59.735007747
14.366666667,7.728348945,-0.023686331,0.093196243,0.821982381,-0.009680863,0.035304724,7.716345918,-0.028858489,0.092086569,0.822364102,-0.009662815,0.035182757,123.466281625,1.082287847,63.814463594,59.651818031
14.400000000,7.755645686,-0.021443977,0.094377548,0.821221830,-0.009747405,0.035569922,7.743657620,-0.026644719,0.093263773,0.821610555,-0.009729342,0.035447051,123.330565334,1.090834378,63.763041087,59.567524247
14.433333333,7.782914494,-0.019173897,0.095567725,0.820447565,-0.009814233,0.035837081,7.770941654,-0.024403266,0.094449820,0.820843241,-0.009796155,0.035713302,123.192933595,1.099452699,63.710798910,59.482134684
14.466666667,7.810154870,-0.016875964,0.096766841,0.819659691,-0.009881345,0.036106207,7.798197521,-0.022134005,0.095644774,0.820062264,-0.009863255,0.035981517,123.053404130,1.108143045,63.657746382,59.395657748
14.500000000,7.837366316,-0.014550053,0.097974960,0.818858314,-0.009948741,0.036377307,7.825424721,-0.019836809,0.096848703,0.819267729,-0.009930640,0.036251704,122.911994848,1.116905641,63.603892886,59.308101961
14.533333333,7.864548338,-0.012196036,0.099192148,0.818043539,-0.010016419,0.036650390,7.852622758,-0.017511551,0.098061671,0.818459744,-0.009998309,0.036523870,122.768723843,1.125740695,63.549247874,59.219475969
14.566666667,7.891700444,-0.009813790,0.100418473,0.817215476,-0.010084378,0.036925461,7.879791140,-0.015158106,0.099283744,0.817638414,-0.010066260,0.036798021,122.623609393,1.134648404,63.493820858,59.129788535
14.600000000,7.918822145,-0.007403188,0.101654000,0.816374235,-0.010152617,0.037202527,7.906929376,-0.012776348,0.100514990,0.816803850,-0.010134494,0.037074165,122.476669962,1.143628945,63.437621414,59.039048548
14.633333333,7.945912957,-0.004964105,0.102898796,0.815519924,-0.010221135,0.037481595,7.934036981,-0.010366151,0.101755474,0.815956161,-0.010203009,0.037352307,122.327924200,1.152682483,63.380659182,58.947265018
14.666666667,7.972972398,-0.002496417,0.104152927,0.814652657,-0.010289930,0.037762669,7.961113469,-0.007927390,0.103005263,0.815095457,-0.010271803,0.037632454,122.177390940,1.161809163,63.322943860,58.854447080
14.700000000,7.999999987,0.000000001,0.105416461,0.813772545,-0.010359001,0.038045756,7.988158361,-0.005459941,0.104264425,0.814221852,-0.010340875,0.037914612,122.025028953,1.171028411,63.264492190,58.760536762
14.733333333,8.026995259,0.002525272,0.106689466,0.812879625,-0.010428336,0.038330934,8.015171178,-0.002963679,0.105533026,0.813335421,-0.010410224,0.038198820,121.870964026,1.180307849,63.205304800,58.665659227
14.766666667,8.053957719,0.005079522,0.107972010,0.811974167,-0.010497956,0.038618073,8.042151446,-0.000438479,0.106811135,0.812436312,-0.010479848,0.038485059,121.715239196,1.189647627,63.145403496,58.569835700
14.800000000,8.080886908,0.007662874,0.109264159,0.811056209,-0.010567848,0.038907272,8.069098692,0.002115783,0.108098819,0.811524684,-0.010549747,0.038773307,121.557741126,1.199090987,63.084814769,58.472926357
14.833333333,8.107782361,0.010275451,0.110565983,0.810125866,-0.010638011,0.039198551,8.096012450,0.004699229,0.109396146,0.810600613,-0.010619918,0.039063625,121.398546183,1.208617772,63.023538037,58.375008146
14.866666667,8.134643613,0.012917377,0.111877551,0.809183252,-0.010708443,0.039491930,8.122892255,0.007311985,0.110703186,0.809664213,-0.010690360,0.039356033,121.237671845,1.218228446,62.961582935,58.276088911
14.900000000,8.161470205,0.015588773,0.113198934,0.808228482,-0.010779144,0.039787426,8.149737645,0.009954173,0.112020009,0.808715598,-0.010761074,0.039650550,121.075135599,1.227923491,62.898959128,58.176176471
14.933333333,8.188261679,0.018289763,0.114530202,0.807261672,-0.010850113,0.040085059,8.176548161,0.012625917,0.113346684,0.807754883,-0.010832057,0.039947195,120.910954933,1.237703397,62.835676308,58.075278625
14.966666667,8.215017582,0.021020468,0.115871428,0.806282935,-0.010921349,0.040384846,8.203323348,0.015327337,0.114683284,0.806782184,-0.010903309,0.040245985,120.745147344,1.247568668,62.771744187,57.973403156
15.000000000,8.241737461,0.023781012,0.117222682,0.805292387,-0.010992852,0.040686804,8.230062752,0.018058558,0.116029880,0.805797615,-0.010974829,0.040546938,120.577730332,1.257519814,62.707172501,57.870557831
15.033333333,8.268420870,0.026571514,0.118584038,0.804290142,-0.011064622,0.040990950,8.256765925,0.020819701,0.117386544,0.804801291,-0.011046618,0.040850071,120.408721405,1.267557354,62.641970999,57.766750406
15.066666667,8.295067363,0.029392097,0.119955568,0.803276316,-0.011136657,0.041297302,8.283432421,0.023610888,0.118753350,0.803793327,-0.011118674,0.041155402,120.238138077,1.277681814,62.576149450,57.661988627
15.100000000,8.321676499,0.032242882,0.121337348,0.802251024,-0.011208957,0.041605875,8.310061795,0.026432240,0.120130371,0.802773838,-0.011190997,0.041462947,120.065997868,1.287893723,62.509717633,57.556280236
15.133333333,8.348247839,0.035123990,0.122729451,0.801214380,-0.011281521,0.041916687,8.336653609,0.029283879,0.121517681,0.801742938,-0.011263586,0.041772722,119.892318307,1.298193617,62.442685341,57.449632966
15.166666667,8.374780948,0.038035540,0.124131951,0.800166498,-0.011354351,0.042229753,8.363207424,0.032165925,0.122915355,0.800700743,-0.011336441,0.042084744,119.717116927,1.308582034,62.375062376,57.342054551
15.200000000,8.401275393,0.040977654,0.125544925,0.799107496,-0.011427444,0.042545089,8.389722807,0.035078498,0.124323467,0.799647368,-0.011409562,0.042399029,119.540411273,1.319059515,62.306858551,57.233552722
15.233333333,8.427730744,0.043950450,0.126968448,0.798037486,-0.011500801,0.042862711,8.416199327,0.038021720,0.125742094,0.798582927,-0.011482949,0.042715592,119.362218895,1.329626603,62.238083684,57.124135211
15.266666667,8.454146575,0.046954049,0.128402597,0.796956584,-0.011574421,0.043182635,8.442636557,0.040995709,0.127171312,0.797507536,-0.011556600,0.043034450,119.182557353,1.340283842,62.168747603,57.013809750
15.300000000,8.480522464,0.049988570,0.129847449,0.795864906,-0.011648304,0.043504876,8.469034071,0.044000586,0.128611198,0.796421309,-0.011630516,0.043355617,119.001444215,1.351031777,62.098860139,56.902584076
15.333333333,8.506857989,0.053054131,0.131303080,0.794762566,-0.011722450,0.043829449,8.495391447,0.047036470,0.130061828,0.795324363,-0.011704697,0.043679110,118.818897059,1.361870952,62.028431130,56.790465929
15.366666667,8.533152734,0.056150851,0.132769570,0.793649680,-0.011796858,0.044156370,8.521708268,0.050103480,0.131523281,0.794216811,-0.011779141,0.044004944,118.634933471,1.372801913,61.957470414,56.677463057
15.400000000,8.559406284,0.059278849,0.134246997,0.792526362,-0.011871528,0.044485654,8.547984117,0.053201734,0.132995635,0.793098768,-0.011853850,0.044333133,118.449571049,1.383825203,61.885987838,56.563583212
15.433333333,8.585618228,0.062438242,0.135735439,0.791392729,-0.011946460,0.044817316,8.574218581,0.056331351,0.134478968,0.791970352,-0.011928821,0.044663693,118.262827400,1.394941364,61.813993245,56.448834155
15.466666667,8.611788158,0.065629149,0.137234977,0.790248894,-0.012021653,0.045151371,8.600411252,0.059492449,0.135973360,0.790831675,-0.012004056,0.044996639,118.074720141,1.406150936,61.741496486,56.333223656
15.500000000,8.637915669,0.068851686,0.138745690,0.789094974,-0.012097107,0.045487834,8.626561722,0.062685146,0.137478891,0.789682854,-0.012079553,0.045331987,117.885266901,1.417454457,61.668507407,56.216759494
15.533333333,8.664000358,0.072105971,0.140267658,0.787931084,-0.012172821,0.045826719,8.652669588,0.065909558,0.138995641,0.788524004,-0.012155313,0.045669749,117.694485319,1.428852464,61.595035859,56.099449460
15.566666667,8.690041827,0.075392120,0.141800964,0.786757339,-0.012248795,0.046168042,8.678734450,0.069165804,0.140523690,0.787355241,-0.012231335,0.046009943,117.502393046,1.440345487,61.521091690,55.981301356
15.600000000,8.716039679,0.078710249,0.143345687,0.785573854,-0.012325030,0.046511816,8.704755909,0.072454000,0.142063121,0.786176679,-0.012307618,0.046352581,117.309007746,1.451934056,61.446684750,55.862322996
15.633333333,8.741993522,0.082060475,0.144901911,0.784380746,-0.012401523,0.046858056,8.730733571,0.075774261,0.143614014,0.784988435,-0.012384163,0.046697679,117.114347093,1.463618696,61.371824885,55.742522208
15.666666667,8.767902964,0.085442914,0.146469718,0.783178129,-0.012478275,0.047206778,8.756667044,0.079126706,0.145176452,0.783790623,-0.012460968,0.047045251,116.918428776,1.475399927,61.296521940,55.621906836
15.700000000,8.793767619,0.088857680,0.148049189,0.781966120,-0.012555286,0.047557994,8.782555940,0.082511448,0.146750518,0.782583360,-0.012538034,0.047395311,116.721270495,1.487278266,61.220785760,55.500484736
15.733333333,8.819587103,0.092304889,0.149640410,0.780744834,-0.012632554,0.047911719,8.808399873,0.085928603,0.148336295,0.781366761,-0.012615359,0.047747875,116.522889965,1.499254224,61.144626183,55.378263782
15.766666667,8.845361033,0.095784656,0.151243464,0.779514386,-0.012710080,0.048267968,8.834198461,0.089378288,0.149933867,0.780140942,-0.012692944,0.048102955,116.323304912,1.511328307,61.068053046,55.255251866
15.800000000,8.871089033,0.099297095,0.152858435,0.778274894,-0.012787863,0.048626755,8.859951323,0.092860616,0.151543317,0.778906018,-0.012770788,0.048460566,116.122533079,1.523501015,60.991076184,55.131456896
15.833333333,8.896770725,0.102842319,0.154485408,0.777026471,-0.012865902,0.048988092,8.885658082,0.096375701,0.153164730,0.777662106,-0.012848890,0.048820722,115.920592222,1.535772842,60.913705423,55.006886799
15.866666667,8.922405738,0.106420444,0.156124469,0.775769235,-0.012944197,0.049351995,8.911318365,0.099923659,0.154798192,0.776409321,-0.012927250,0.049183436,115.717500111,1.548144277,60.835950589,54.881549522
15.900000000,8.947993702,0.110031581,0.157775702,0.774503302,-0.013022747,0.049718476,8.936931801,0.103504602,0.156443787,0.775147779,-0.013005868,0.049548724,115.513274531,1.560615801,60.757821499,54.755453032
15.933333333,8.973534251,0.113675845,0.159439194,0.773228787,-0.013101552,0.050087550,8.962498021,0.107118644,0.158101603,0.773877597,-0.013084742,0.049916597,115.307933283,1.573187888,60.679327965,54.628605318
15.966666667,8.999027020,0.117353348,0.161115033,0.771945807,-0.013180610,0.050459230,8.988016660,0.110765898,0.159771724,0.772598890,-0.013163872,0.050287071,115.101494184,1.585861005,60.600479793,54.501014390
16.000000000,9.024471650,0.121064202,0.162803304,0.770654478,-0.013259922,0.050833528,9.013487357,0.114446477,0.161454239,0.771311775,-0.013243257,0.050660157,114.893975065,1.598635610,60.521286783,54.372688282
16.033333333,9.049867781,0.124808519,0.164504095,0.769354916,-0.013339486,0.051210459,9.038909751,0.118160493,0.163149234,0.770016368,-0.013322897,0.051035869,114.685393777,1.611512155,60.441758725,54.243635051
16.066666667,9.075215058,0.128586411,0.166217495,0.768047238,-0.013419302,0.051590036,9.064283487,0.121908058,0.164856798,0.768712785,-0.013402792,0.051414221,114.475768183,1.624491082,60.361905403,54.113862780
16.100000000,9.100513131,0.132397989,0.167943592,0.766731561,-0.013499368,0.051972270,9.089608210,0.125689284,0.166577018,0.767401144,-0.013482939,0.051795226,114.265116167,1.637572824,60.281736591,53.983379577
16.133333333,9.125761648,0.136243364,0.169682474,0.765408000,-0.013579685,0.052357176,9.114883571,0.129504282,0.168309983,0.766081559,-0.013563339,0.052178895,114.053455629,1.650757804,60.201262053,53.852193575
16.166666667,9.150960265,0.140122647,0.171434232,0.764076673,-0.013660251,0.052744765,9.140109220,0.133353164,0.170055782,0.764754149,-0.013643990,0.052565243,113.840804484,1.664046438,60.120491546,53.720312938
16.200000000,9.176108637,0.144035948,0.173198953,0.762737696,-0.013741065,0.053135050,9.165284814,0.137236038,0.171814505,0.763419030,-0.013724893,0.052954281,113.627180669,1.677439129,60.039434813,53.587745857
16.233333333,9.201206423,0.147983377,0.174976729,0.761391187,-0.013822127,0.053528042,9.190410009,0.141153017,0.173586242,0.762076318,-0.013806045,0.053346021,113.412602137,1.690936270,59.958101588,53.454500550
16.266666667,9.226253286,0.151965044,0.176767651,0.760037262,-0.013903435,0.053923755,9.215484468,0.145104210,0.175371082,0.760726131,-0.013887446,0.053740476,113.197086861,1.704538244,59.876501592,53.320585269
16.300000000,9.251248891,0.155981057,0.178571808,0.758676038,-0.013984989,0.054322200,9.240507853,0.149089725,0.177169116,0.759368585,-0.013969095,0.054137658,112.980652831,1.718245422,59.794644535,53.186008296
16.333333333,9.276192904,0.160031525,0.180389292,0.757307633,-0.014066787,0.054723389,9.265479830,0.153109673,0.178980437,0.758003799,-0.014050991,0.054537578,112.763318058,1.732058163,59.712540112,53.050777946
16.366666667,9.301084998,0.164116557,0.182220195,0.755932163,-0.014148828,0.055127332,9.290400070,0.157164162,0.180805134,0.756631888,-0.014133133,0.054940248,112.545100571,1.745976814,59.630198005,52.914902566
16.400000000,9.325924846,0.168236261,0.184064608,0.754549747,-0.014231112,0.055534041,9.315268244,0.161253301,0.182643300,0.755252971,-0.014215520,0.055345679,112.326018420,1.760001709,59.547627881,52.778390538
16.433333333,9.350712123,0.172390745,0.185922625,0.753160502,-0.014313636,0.055943527,9.340084027,0.165377197,0.184495027,0.753867164,-0.014298150,0.055753882,112.106089675,1.774133169,59.464839393,52.641250282
16.466666667,9.375446509,0.176580115,0.187794338,0.751764545,-0.014396401,0.056355802,9.364847097,0.169535959,0.186360408,0.752474586,-0.014381024,0.056164869,111.885332426,1.788371500,59.381842174,52.503490252
16.500000000,9.400127686,0.180804479,0.189679840,0.750361994,-0.014479404,0.056770874,9.389557134,0.173729693,0.188239536,0.751075354,-0.014464138,0.056578649,111.663764785,1.802716995,59.298645845,52.365118940
16.533333333,9.424755338,0.185063944,0.191579224,0.748952967,-0.014562645,0.057188754,9.414213822,0.177958507,0.190132503,0.749669585,-0.014547493,0.056995233,111.441404883,1.817169934,59.215260006,52.226144877
16.566666667,9.449329153,0.189358616,0.193492585,0.747537582,-0.014646121,0.057609453,9.438816846,0.182222506,0.192039404,0.748257399,-0.014631087,0.057414631,111.218270874,1.831730577,59.131694239,52.086576635
16.600000000,9.473848820,0.193688600,0.195420015,0.746115957,-0.014729832,0.058032980,9.463365896,0.186521798,0.193960333,0.746838912,-0.014714918,0.057836853,110.994380932,1.846399173,59.047958107,51.946422825
16.633333333,9.498314034,0.198054002,0.197361611,0.744688210,-0.014813776,0.058459344,9.487860663,0.190856488,0.195895384,0.745414243,-0.014798985,0.058261908,110.769753255,1.861175953,58.964061152,51.805692103
16.666666667,9.522724490,0.202454927,0.199317466,0.743254460,-0.014897952,0.058888554,9.512300842,0.195226681,0.197844651,0.743983511,-0.014883287,0.058689806,110.544406061,1.876061129,58.880012895,51.664393167
16.700000000,9.547079885,0.206891480,0.201287675,0.741814825,-0.014982358,0.059320619,9.536686130,0.199632482,0.199808229,0.742546833,-0.014967822,0.059120554,110.318357593,1.891054900,58.795822835,51.522534758
16.733333333,9.571379923,0.211363765,0.203272335,0.740369424,-0.015066993,0.059755547,9.561016226,0.204073997,0.201786214,0.741104328,-0.015052589,0.059554163,110.091626113,1.906157443,58.711500447,51.380125666
16.766666667,9.595624306,0.215871885,0.205271539,0.738918375,-0.015151855,0.060193347,9.585290834,0.208551329,0.203778701,0.739656115,-0.015137586,0.059990640,109.864229909,1.921368919,58.627055184,51.237174725
16.800000000,9.619812741,0.220415946,0.207285385,0.737461797,-0.015236942,0.060634025,9.609509659,0.213064582,0.205785785,0.738202312,-0.015222811,0.060429992,109.636187291,1.936689469,58.542496471,51.093690820
16.833333333,9.643944938,0.224996049,0.209313968,0.735999810,-0.015322252,0.061077590,9.633672409,0.217613859,0.207807563,0.736743039,-0.015308263,0.060872228,109.407516593,1.952119214,58.457833709,50.949682884
16.866666667,9.668020608,0.229612297,0.211357384,0.734532532,-0.015407785,0.061524048,9.657778794,0.222199264,0.209844131,0.735278415,-0.015393941,0.061317354,109.178236171,1.967658256,58.373076270,50.805159901
16.900000000,9.692039468,0.234264793,0.213415731,0.733060083,-0.015493537,0.061973405,9.681828529,0.226820900,0.211895586,0.733808559,-0.015479841,0.061765378,108.948364407,1.983306674,58.288233500,50.660130907
16.933333333,9.716001234,0.238953639,0.215489105,0.731582582,-0.015579507,0.062425668,9.705821330,0.231478868,0.213962024,0.732333589,-0.015565963,0.062216305,108.717919706,1.999064527,58.203314713,50.514604993
16.966666667,9.739905627,0.243678937,0.217577602,0.730100149,-0.015665694,0.062880843,9.729756916,0.236173270,0.216043541,0.730853627,-0.015652304,0.062670141,108.486920496,2.014931852,58.118329195,50.368591301
17.000000000,9.763752370,0.248440787,0.219681320,0.728612904,-0.015752094,0.063338934,9.753635009,0.240904209,0.218140236,0.729368791,-0.015738863,0.063126893,108.255385233,2.030908663,58.033286198,50.222099035
17.033333333,9.787541189,0.253239290,0.221800357,0.727120965,-0.015838707,0.063799947,9.777455332,0.245671784,0.220252205,0.727879200,-0.015825637,0.063586564,108.023332393,2.046994948,57.948194943,50.075137450
17.066666667,9.811271811,0.258074546,0.223934809,0.725624454,-0.015925529,0.064263886,9.801217613,0.250476098,0.222379545,0.726384976,-0.015912625,0.064049160,107.790780480,2.063190675,57.863064615,49.927715865
17.100000000,9.834943968,0.262946657,0.226084775,0.724123491,-0.016012559,0.064730754,9.824921583,0.255317249,0.224522355,0.724886238,-0.015999824,0.064514684,107.557748023,2.079495784,57.777904365,49.779843658
17.133333333,9.858557394,0.267855720,0.228250352,0.722618195,-0.016099794,0.065200556,9.848566972,0.260195338,0.226680732,0.723383107,-0.016087232,0.064983140,107.324253574,2.095910191,57.692723308,49.631530266
17.166666667,9.882111826,0.272801836,0.230431637,0.721108688,-0.016187233,0.065673293,9.872153517,0.265110465,0.228854773,0.721875702,-0.016174846,0.065454532,107.090315712,2.112433785,57.607530519,49.482785193
17.200000000,9.905607001,0.277785103,0.232628729,0.719595090,-0.016274872,0.066148968,9.895680955,0.270062728,0.231044578,0.720364145,-0.016262665,0.065928861,106.855953041,2.129066428,57.522335035,49.333618006
17.233333333,9.929042663,0.282805619,0.234841726,0.718077521,-0.016362709,0.066627583,9.919149027,0.275052226,0.233250242,0.718848555,-0.016350687,0.066406130,106.621184191,2.145807954,57.437145854,49.184038337
17.266666667,9.952418554,0.287863483,0.237070726,0.716556103,-0.016450742,0.067109139,9.942557475,0.280079057,0.235471865,0.717329055,-0.016438907,0.066886341,106.386027817,2.162658171,57.351971929,49.034055887
17.300000000,9.975734423,0.292958791,0.239315826,0.715030957,-0.016538968,0.067593637,9.965906046,0.285143319,0.237709545,0.715805764,-0.016527325,0.067369494,106.150502599,2.179616854,57.266822172,48.883680427
17.333333333,9.998990018,0.298091642,0.241577125,0.713502204,-0.016627384,0.068081077,9.989194487,0.290245110,0.239963380,0.714278805,-0.016615937,0.067855589,105.914627244,2.196683750,57.181705449,48.732921796
17.366666667,10.022185093,0.303262131,0.243854721,0.711969966,-0.016715988,0.068571457,10.012422550,0.295384526,0.242233467,0.712748298,-0.016704741,0.068344627,105.678420486,2.213858575,57.096630579,48.581789906
17.400000000,10.045319401,0.308470355,0.246148712,0.710434364,-0.016804777,0.069064777,10.035589988,0.300561664,0.244519905,0.711214365,-0.016793733,0.068836606,105.441901082,2.231141014,57.011606337,48.430294745
17.433333333,10.068392700,0.313716409,0.248459196,0.708895520,-0.016893748,0.069561036,10.058696557,0.305776621,0.246822792,0.709677128,-0.016882912,0.069331524,105.205087817,2.248530718,56.926641443,48.278446373
17.466666667,10.091404751,0.319000390,0.250786270,0.707353556,-0.016982898,0.070060229,10.081742016,0.311029491,0.249142226,0.708136709,-0.016972274,0.069829380,104.967999501,2.266027307,56.841744572,48.126254929
17.500000000,10.114355316,0.324322392,0.253130033,0.705808593,-0.017072224,0.070562355,10.104726127,0.316320370,0.251478305,0.706593229,-0.017061817,0.070330171,104.730654971,2.283630365,56.756924342,47.973730629
17.533333333,10.137244159,0.329682509,0.255490582,0.704260756,-0.017161723,0.071067409,10.127648653,0.321649353,0.253831126,0.705046811,-0.017151536,0.070833893,104.493073090,2.301339443,56.672189320,47.820883770
17.566666667,10.160071050,0.335080837,0.257868014,0.702710165,-0.017251392,0.071575386,10.150509361,0.327016534,0.256200787,0.703497577,-0.017241429,0.071340542,104.255272747,2.319154055,56.587548017,47.667724730
17.600000000,10.182835757,0.340517467,0.260262428,0.701156943,-0.017341226,0.072086281,10.173308020,0.332422008,0.258587386,0.701945650,-0.017331494,0.071850112,104.017272855,2.337073678,56.503008884,47.514263970
17.633333333,10.205538055,0.345992495,0.262673920,0.699601214,-0.017431224,0.072600088,10.196044402,0.337865868,0.260991020,0.700391153,-0.017421725,0.072362598,103.779092355,2.355097753,56.418580318,47.360512037
17.666666667,10.228177718,0.351506012,0.265102586,0.698043101,-0.017521382,0.073116800,10.218718280,0.343348207,0.263411785,0.698834208,-0.017512121,0.072877994,103.540750214,2.373225682,56.334270650,47.206479564
17.700000000,10.250754525,0.357058111,0.267548525,0.696482725,-0.017611695,0.073636408,10.241329433,0.348869117,0.265849779,0.697274938,-0.017602678,0.073396291,103.302265423,2.391456829,56.250088153,47.052177271
17.733333333,10.273268255,0.362648884,0.270011832,0.694920212,-0.017702161,0.074158905,10.263877638,0.354428691,0.268305099,0.695713468,-0.017693391,0.073917482,103.063657001,2.409790517,56.166041033,46.897615968
17.766666667,10.295718693,0.368278423,0.272492603,0.693355684,-0.017792776,0.074684281,10.286362678,0.360027022,0.270777841,0.694149919,-0.017784258,0.074441557,102.824943989,2.428226027,56.082137431,46.742806558
17.800000000,10.318105624,0.373946818,0.274990935,0.691789265,-0.017883535,0.075212525,10.308784338,0.365664199,0.273268100,0.692584417,-0.017875275,0.074968507,102.586145458,2.446762600,55.998385422,46.587760036
17.833333333,10.340428835,0.379654161,0.277506922,0.690221079,-0.017974436,0.075743627,10.331142403,0.371340314,0.275775972,0.691017083,-0.017966438,0.075498321,102.347280499,2.465399435,55.914793008,46.432487491
17.866666667,10.362688118,0.385400540,0.280040659,0.688651250,-0.018065473,0.076277573,10.353436664,0.377055458,0.278301553,0.689448044,-0.018057742,0.076030987,102.108368233,2.484135683,55.831368123,46.277000110
17.900000000,10.384883266,0.391186047,0.282592242,0.687079903,-0.018156644,0.076814351,10.375666913,0.382809721,0.280844937,0.687877422,-0.018149185,0.076566492,101.869427801,2.502970457,55.748118625,46.121309176
17.933333333,10.407014075,0.397010771,0.285161764,0.685507161,-0.018247943,0.077353947,10.397832944,0.388603191,0.283406219,0.686305343,-0.018240761,0.077104823,101.630478372,2.521902818,55.665052298,45.965426074
17.966666667,10.429080341,0.402874800,0.287749319,0.683933149,-0.018339367,0.077896346,10.419934553,0.394435959,0.285985493,0.684731930,-0.018332467,0.077645966,101.391539138,2.540931786,55.582176849,45.809362289
18.000000000,10.451081867,0.408778222,0.290355001,0.682357993,-0.018430911,0.078441531,10.441971542,0.400308113,0.288582852,0.683157308,-0.018424298,0.078189904,101.152629315,2.560056329,55.499499906,45.653129409
18.033333333,10.473018455,0.414721126,0.292978901,0.680781817,-0.018522571,0.078989486,10.463943710,0.406219741,0.291198390,0.681581602,-0.018516251,0.078736622,100.913768142,2.579275371,55.417029016,45.496739126
18.066666667,10.494889911,0.420703600,0.295621112,0.679204746,-0.018614342,0.079540192,10.485850863,0.412170931,0.293832198,0.680004938,-0.018608320,0.079286101,100.674974882,2.598587784,55.334771641,45.340203240
18.100000000,10.516696043,0.426725729,0.298281725,0.677626906,-0.018706220,0.080093630,10.507692808,0.418161770,0.296484368,0.678427440,-0.018700500,0.079838322,100.436268820,2.617992391,55.252735161,45.183533659
18.133333333,10.538436661,0.432787601,0.300960831,0.676048422,-0.018798199,0.080649780,10.529469353,0.424192345,0.299154991,0.676849234,-0.018792788,0.080393267,100.197669266,2.637487962,55.170926868,45.026742398
18.166666667,10.560111579,0.438889303,0.303658520,0.674469419,-0.018890276,0.081208619,10.551180312,0.430262743,0.301844158,0.675270446,-0.018885179,0.080950913,99.959195549,2.657073218,55.089353963,44.869841586
18.200000000,10.581720611,0.445030918,0.306374881,0.672890025,-0.018982444,0.081770127,10.572825497,0.436373049,0.304551959,0.673691201,-0.018977666,0.081511240,99.720867021,2.676746825,55.008023558,44.712843463
18.233333333,10.603263576,0.451212534,0.309110003,0.671310364,-0.019074699,0.082334278,10.594404725,0.442523349,0.307278482,0.672111625,-0.019070246,0.082074223,99.482703055,2.696507395,54.926942671,44.555760383
18.266666667,10.624740294,0.457434234,0.311863973,0.669730563,-0.019167035,0.082901047,10.615917817,0.448713728,0.310023815,0.670531845,-0.019162914,0.082639838,99.244723045,2.716353486,54.846118226,44.398604819
18.300000000,10.646150588,0.463696103,0.314636879,0.668150749,-0.019259448,0.083470409,10.637364592,0.454944270,0.312788046,0.668951986,-0.019255664,0.083208060,99.006946404,2.736283599,54.765557047,44.241389358
18.333333333,10.667494282,0.469998224,0.317428806,0.666571047,-0.019351932,0.084042336,10.658744876,0.461215060,0.315571262,0.667372175,-0.019348490,0.083778862,98.769392567,2.756296180,54.685265860,44.084126707
18.366666667,10.688771204,0.476340681,0.320239839,0.664991585,-0.019444481,0.084616798,10.680058494,0.467526180,0.318373547,0.665792539,-0.019441387,0.084352216,98.532080984,2.776389615,54.605251291,43.926829693
18.400000000,10.709981185,0.482723557,0.323070062,0.663412490,-0.019537090,0.085193767,10.701305276,0.473877715,0.321194987,0.664213205,-0.019534351,0.084928091,98.295031127,2.796562234,54.525519860,43.769511268
18.433333333,10.731124056,0.489146934,0.325919558,0.661833889,-0.019629753,0.085773210,10.722485052,0.480269747,0.324035664,0.662634299,-0.019627374,0.085506458,98.058262484,2.816812305,54.446077981,43.612184502
18.466666667,10.752199652,0.495610894,0.328788410,0.660255908,-0.019722464,0.086355094,10.743597656,0.486702358,0.326895662,0.661055949,-0.019720451,0.086087284,97.821794558,2.837138036,54.366931963,43.454862595
18.500000000,10.773207810,0.502115518,0.331676698,0.658678676,-0.019815218,0.086939386,10.764642924,0.493175629,0.329775062,0.659478283,-0.019813577,0.086670536,97.585646873,2.857537575,54.288088003,43.297558870
18.533333333,10.794148370,0.508660887,0.334584501,0.657102319,-0.019908007,0.087526050,10.785620694,0.499689642,0.332673944,0.657901426,-0.019906745,0.087256179,97.349838963,2.878009006,54.209552185,43.140286778
18.566666667,10.815021174,0.515247083,0.337511899,0.655526967,-0.020000826,0.088115048,10.806530807,0.506244478,0.335592386,0.656325508,-0.019999949,0.087844176,97.114390380,2.898550351,54.131330481,42.983059899
18.600000000,10.835826065,0.521874184,0.340458968,0.653952746,-0.020093668,0.088706343,10.827373106,0.512840216,0.338530468,0.654750657,-0.020093183,0.088434490,96.879320688,2.919159568,54.053428745,42.825891943
18.633333333,10.856562891,0.528542270,0.343425784,0.652379784,-0.020186527,0.089299895,10.848147437,0.519476937,0.341488266,0.653176999,-0.020186440,0.089027082,96.644649464,2.939834550,53.975852713,42.668796751
18.666666667,10.877231499,0.535251421,0.346412422,0.650808210,-0.020279397,0.089895661,10.868853647,0.526154720,0.344465854,0.651604663,-0.020279714,0.089621911,96.410396299,2.960573123,53.898608001,42.511788298
18.700000000,10.897831743,0.542001714,0.349418954,0.649238153,-0.020372270,0.090493599,10.889491586,0.532873644,0.347463307,0.650033778,-0.020372998,0.090218934,96.176580791,2.981373048,53.821700102,42.354880689
18.733333333,10.918363474,0.548793228,0.352445453,0.647669740,-0.020465140,0.091093664,10.910061107,0.539633786,0.350480697,0.648464471,-0.020466285,0.090818109,95.943222551,3.002232017,53.745134386,42.198088166
18.766666667,10.938826549,0.555626041,0.355491988,0.646103100,-0.020557999,0.091695811,10.930562065,0.546435225,0.353518095,0.646896872,-0.020559569,0.091419388,95.710341198,3.023147657,53.668916092,42.041425105
18.800000000,10.959220826,0.562500229,0.358558629,0.644538362,-0.020650841,0.092299990,10.950994316,0.553278038,0.356575570,0.645331109,-0.020652842,0.092022726,95.477956358,3.044117522,53.593050336,41.884906021
18.833333333,10.979546166,0.569415869,0.361645442,0.642975656,-0.020743659,0.092906154,10.971357720,0.560162302,0.359653191,0.643767311,-0.020746097,0.092628075,95.246087663,3.065139099,53.517542100,41.728545563
18.866666667,10.999802431,0.576373036,0.364752492,0.641415109,-0.020836444,0.093514250,10.991652139,0.567088093,0.362751023,0.642205606,-0.020839327,0.093235383,95.014754754,3.086209805,53.442396233,41.572358520
18.900000000,11.019989486,0.583371808,0.367879843,0.639856851,-0.020929190,0.094124227,11.011877437,0.574055486,0.365869131,0.640646125,-0.020932525,0.093844598,94.783977271,3.107326985,53.367617452,41.416359819
18.933333333,11.040107200,0.590412257,0.371027557,0.638301012,-0.021021889,0.094736029,11.032033480,0.581064558,0.369007577,0.639088995,-0.021025682,0.094455668,94.553774861,3.128487910,53.293210335,41.260564526
18.966666667,11.060155441,0.597494460,0.374195693,0.636747720,-0.021114533,0.095349600,11.052120137,0.588115383,0.372166422,0.637534348,-0.021118792,0.095068537,94.324167170,3.149689784,53.219179324,41.104987846
19.000000000,11.080134082,0.604618490,0.377384310,0.635197106,-0.021207113,0.095964883,11.072137278,0.595208035,0.375345726,0.635982310,-0.021211845,0.095683147,94.095173845,3.170929734,53.145528718,40.949645127
19.033333333,11.100042997,0.611784421,0.380593464,0.633649298,-0.021299623,0.096581818,11.092084777,0.602342589,0.378545546,0.634433014,-0.021304835,0.096299441,93.866814534,3.192204813,53.072262677,40.794551856
19.066666667,11.119882062,0.618992325,0.383823208,0.632104427,-0.021392054,0.097200343,11.111962509,0.609519116,0.381765936,0.632886587,-0.021397753,0.096917357,93.639108878,3.213512005,52.999385217,40.639723661
19.100000000,11.139651156,0.626242276,0.387073595,0.630562622,-0.021484397,0.097820394,11.131770352,0.616737691,0.385006949,0.631343160,-0.021490590,0.097536833,93.412076516,3.234848213,52.926900207,40.485176310
19.133333333,11.159350161,0.633534345,0.390344674,0.629024013,-0.021576644,0.098441908,11.151508186,0.623998386,0.388268637,0.629802863,-0.021583339,0.098157804,93.185737083,3.256210270,52.854811369,40.330925714
19.166666667,11.178978959,0.640868603,0.393636493,0.627488730,-0.021668786,0.099064816,11.171175893,0.631301271,0.391551048,0.628265825,-0.021675991,0.098780205,92.960110204,3.277594932,52.783122280,40.176987925
19.200000000,11.198537436,0.648245122,0.396949098,0.625956903,-0.021760816,0.099689049,11.190773358,0.638646419,0.394854229,0.626732176,-0.021768537,0.099403968,92.735215497,3.298998879,52.711836363,40.023379134
19.233333333,11.218025479,0.655663972,0.400282531,0.624428663,-0.021852722,0.100314537,11.210300466,0.646033900,0.398178223,0.625202047,-0.021860969,0.100029022,92.511072566,3.320418716,52.640956890,39.870115675
19.266666667,11.237442979,0.663125224,0.403636833,0.622904138,-0.021944498,0.100941208,11.229757108,0.653463784,0.401523074,0.623675568,-0.021953276,0.100655296,92.287701006,3.341850970,52.570486984,39.717214022
19.300000000,11.256789828,0.670628945,0.407012042,0.621383460,-0.022036133,0.101568985,11.249143173,0.660936141,0.404888819,0.622152868,-0.022045451,0.101282716,92.065120396,3.363292093,52.500429608,39.564690788
19.333333333,11.276065920,0.678175207,0.410408194,0.619866759,-0.022127618,0.102197793,11.268458556,0.668451041,0.408275497,0.620634078,-0.022137484,0.101911206,91.843350300,3.384738461,52.430787575,39.412562724
19.366666667,11.295271151,0.685764075,0.413825322,0.618354164,-0.022218944,0.102827554,11.287703152,0.676008551,0.411683141,0.619119328,-0.022229365,0.102540690,91.622410262,3.406186372,52.361563539,39.260846723
19.400000000,11.314405421,0.693395620,0.417263456,0.616845806,-0.022310101,0.103458185,11.306876858,0.683608740,0.415111784,0.617608748,-0.022321085,0.103171086,91.402319807,3.427632047,52.292759995,39.109559813
19.433333333,11.333468631,0.701069907,0.420722624,0.615341816,-0.022401080,0.104089606,11.325979575,0.691251676,0.418561453,0.616102469,-0.022412635,0.103802314,91.183098439,3.449071632,52.224379281,38.958719157
19.466666667,11.352460683,0.708787004,0.424202850,0.613842323,-0.022491870,0.104721730,11.345011205,0.698937425,0.422032176,0.614600621,-0.022504003,0.104434291,90.964765635,3.470501195,52.156423577,38.808342058
19.500000000,11.371381482,0.716546977,0.427704158,0.612347459,-0.022582461,0.105354472,11.363971651,0.706666055,0.425523977,0.613103334,-0.022595181,0.105066929,90.747340848,3.491916728,52.088894901,38.658445947
19.533333333,11.390230937,0.724349892,0.431226565,0.610857352,-0.022672844,0.105987743,11.382860820,0.714437630,0.429036875,0.611610738,-0.022686159,0.105700142,90.530843502,3.513314146,52.021795109,38.509048393
19.566666667,11.409008957,0.732195814,0.434770088,0.609372134,-0.022763007,0.106621452,11.401678622,0.722252217,0.432570888,0.610122963,-0.022776925,0.106333840,90.315292990,3.534689289,51.955125897,38.360167092
19.600000000,11.427715454,0.740084807,0.438334740,0.607891934,-0.022852941,0.107255506,11.420424966,0.730109881,0.436126031,0.608640141,-0.022867470,0.106967931,90.100708671,3.556037921,51.888888800,38.211819871
19.633333333,11.446350341,0.748016936,0.441920531,0.606416882,-0.022942635,0.107889810,11.439099765,0.738010685,0.439702316,0.607162400,-0.022957783,0.107602321,89.887109870,3.577355731,51.823085188,38.064024682
19.666666667,11.464913534,0.755992264,0.445527468,0.604947110,-0.023032078,0.108524268,11.457702935,0.745954694,0.443299751,0.605689872,-0.023047853,0.108236915,89.674515873,3.598638333,51.757716270,37.916799603
19.700000000,11.483404953,0.764010854,0.449155554,0.603482746,-0.023121259,0.109158781,11.476234393,0.753941971,0.446918340,0.604222685,-0.023137669,0.108871614,89.462945926,3.619881267,51.692783091,37.770162835
19.733333333,11.501824516,0.772072769,0.452804789,0.602023920,-0.023210167,0.109793246,11.494694057,0.761972579,0.450558086,0.602760971,-0.023227221,0.109506319,89.252419233,3.641079998,51.628286536,37.624132696
19.766666667,11.520172147,0.780178071,0.456475170,0.600570763,-0.023298791,0.110427562,11.513081850,0.770046580,0.454218988,0.601304858,-0.023316497,0.110140927,89.042954951,3.662229922,51.564227325,37.478727626
19.800000000,11.538447771,0.788326821,0.460166691,0.599123404,-0.023387120,0.111061623,11.531397695,0.778164036,0.457901040,0.599854477,-0.023405485,0.110775334,88.834572189,3.683326359,51.500606015,37.333966174
19.833333333,11.556651313,0.796519080,0.463879340,0.597681973,-0.023475142,0.111695322,11.549641517,0.786325007,0.461604233,0.598409957,-0.023494176,0.111409434,88.627290007,3.704364560,51.437423004,37.189867003
19.866666667,11.574782702,0.804754908,0.467613105,0.596246598,-0.023562845,0.112328548,11.567813245,0.794529555,0.465328557,0.596971428,-0.023582556,0.112043118,88.421127408,3.725339707,51.374678525,37.046448884
19.900000000,11.592841870,0.813034365,0.471367966,0.594817410,-0.023650218,0.112961192,11.585912807,0.802777739,0.469073994,0.595539019,-0.023670614,0.112676276,88.216103343,3.746246910,51.312372652,36.903730690
19.933333333,11.610828749,0.821357510,0.475143904,0.593394538,-0.023737250,0.113593139,11.603940137,0.811069620,0.472840526,0.594112859,-0.023758339,0.113308796,88.012236699,3.767081215,51.250505301,36.761731398
19.966666667,11.628743274,0.829724403,0.478940893,0.591978109,-0.023823927,0.114224273,11.621895167,0.819405255,0.476628129,0.592693078,-0.023845718,0.113940563,87.809546304,3.787837598,51.189076225,36.620470079
20.000000000,11.646585382,0.838135100,0.482758904,0.590568254,-0.023910238,0.114854478,11.639777835,0.827784703,0.480436777,0.591279803,-0.023932740,0.114571461,87.608050920,3.808510972,51.128085022,36.479965898
20.033333333,11.664355013,0.846589659,0.486597904,0.589165100,-0.023996170,0.115483633,11.657588077,0.836208023,0.484266438,0.589873165,-0.024019391,0.115201370,87.407769240,3.829096187,51.067531134,36.340238106
20.066666667,11.682052107,0.855088138,0.490457855,0.587768776,-0.024081712,0.116111617,11.675325835,0.844675271,0.488117077,0.588473290,-0.024105660,0.115830170,87.208719886,3.849588029,51.007413845,36.201306041
20.100000000,11.699676608,0.863630593,0.494338718,0.586379410,-0.024166851,0.116738306,11.692991050,0.853186504,0.491988656,0.587080308,-0.024191534,0.116457739,87.010921405,3.869981225,50.947732288,36.063189117
20.133333333,11.717228460,0.872217080,0.498240446,0.584997130,-0.024251573,0.117363575,11.710583668,0.861741778,0.495881130,0.585694346,-0.024277001,0.117083952,86.814392267,3.890270442,50.888485444,35.925906823
20.166666667,11.734707612,0.880847653,0.502162990,0.583622062,-0.024335867,0.117987296,11.728103633,0.870341148,0.499794454,0.584315532,-0.024362047,0.117708681,86.619150862,3.910450291,50.829672145,35.789478717
20.200000000,11.752114013,0.889522368,0.506106296,0.582254335,-0.024419719,0.118609339,11.745550894,0.878984671,0.503728574,0.582943993,-0.024446660,0.118331800,86.425215492,3.930515330,50.771291072,35.653924420
20.233333333,11.769447614,0.898241279,0.510070307,0.580894075,-0.024503116,0.119229573,11.762925403,0.887672400,0.507683437,0.581579856,-0.024530827,0.118953177,86.232604376,3.950460060,50.713340766,35.519263610
20.266666667,11.786708367,0.907004439,0.514054959,0.579541409,-0.024586046,0.119847865,11.780227110,0.896404388,0.511658980,0.580223248,-0.024614534,0.119572679,86.041335637,3.970278937,50.655819620,35.385516017
20.300000000,11.803896230,0.915811901,0.518060186,0.578196462,-0.024668494,0.120464079,11.797455971,0.905180690,0.515655139,0.578874295,-0.024697769,0.120190174,85.851427308,3.989966364,50.598725892,35.252701416
20.333333333,11.821011158,0.924663718,0.522085916,0.576859361,-0.024750449,0.121078079,11.814611942,0.914001358,0.519671846,0.577533123,-0.024780517,0.120805523,85.662897321,4.009516700,50.542057698,35.120839622
20.366666667,11.838053111,0.933559941,0.526132073,0.575530231,-0.024831895,0.121689726,11.831694980,0.922866444,0.523709025,0.576199858,-0.024862766,0.121418591,85.475763506,4.028924261,50.485813023,34.989950483
20.400000000,11.855022052,0.942500623,0.530198576,0.574209197,-0.024912820,0.122298879,11.848705048,0.931776000,0.527766600,0.574874626,-0.024944503,0.122029236,85.290043590,4.048183321,50.429989720,34.860053870
20.433333333,11.871917942,0.951485812,0.534285340,0.572896383,-0.024993210,0.122905396,11.865642106,0.940730077,0.531844486,0.573557550,-0.025025712,0.122637318,85.105755189,4.067288118,50.374585514,34.731169675
20.466666667,11.888740747,0.960515561,0.538392274,0.571591914,-0.025073051,0.123509134,11.882506120,0.949728725,0.535942596,0.572248755,-0.025106381,0.123242693,84.922915808,4.086232853,50.319598006,34.603317802
20.500000000,11.905490435,0.969589917,0.542519284,0.570295913,-0.025152330,0.124109946,11.899297055,0.958771994,0.540060837,0.570948365,-0.025186495,0.123845218,84.741542834,4.105011695,50.265024676,34.476518157
20.533333333,11.922166974,0.978708930,0.546666269,0.569008504,-0.025231032,0.124707686,11.916014879,0.967859933,0.544199112,0.569656503,-0.025266041,0.124444744,84.561653533,4.123618784,50.210862890,34.350790644
20.566666667,11.938770336,0.987872649,0.550833125,0.567729808,-0.025309143,0.125302205,11.932659564,0.976992591,0.548357319,0.568373292,-0.025345005,0.125041126,84.383265051,4.142048234,50.157109898,34.226155153
20.600000000,11.955300494,0.997081120,0.555019741,0.566459948,-0.025386650,0.125893354,11.949231080,0.986170016,0.552535349,0.567098855,-0.025423371,0.125634213,84.206394401,4.160294135,50.103762845,34.102631556
20.633333333,11.971757422,1.006334392,0.559226003,0.565199045,-0.025463537,0.126480980,11.965729403,0.995392255,0.556733091,0.565833314,-0.025501127,0.126223855,84.031058468,4.178350559,50.050818772,33.980239697
20.666666667,11.988141099,1.015632511,0.563451791,0.563947220,-0.025539792,0.127064931,11.982154507,1.004659356,0.560950426,0.564576788,-0.025578258,0.126809900,83.857273999,4.196211562,49.998274618,33.858999381
20.700000000,12.004451502,1.024975522,0.567696980,0.562704594,-0.025615399,0.127645052,11.998506371,1.013971365,0.565187234,0.563329400,-0.025654749,0.127392193,83.685057602,4.213871184,49.946127232,33.738930370
20.733333333,12.020688612,1.034363472,0.571961439,0.561471285,-0.025690345,0.128221190,12.014784975,1.023328327,0.569443386,0.562091268,-0.025730586,0.127970581,83.514425740,4.231323460,49.894373371,33.620052369
20.766666667,12.036852413,1.043796404,0.576245033,0.560247413,-0.025764614,0.128793186,12.030990301,1.032730288,0.573718748,0.560862512,-0.025805755,0.128544907,83.345394731,4.248562419,49.843009709,33.502385022
20.800000000,12.052942889,1.053274363,0.580547621,0.559033097,-0.025838192,0.129360884,12.047122331,1.042177291,0.578013184,0.559643252,-0.025880240,0.129115015,83.177980739,4.265582085,49.792032841,33.385947898
20.833333333,12.068960025,1.062797393,0.584869058,0.557828453,-0.025911065,0.129924125,12.063181052,1.051669382,0.582326550,0.558433603,-0.025954027,0.129680747,83.012199771,4.282376490,49.741439289,33.270760482
20.866666667,12.084903812,1.072365536,0.589209192,0.556633598,-0.025983218,0.130482750,12.079166451,1.061206603,0.586658698,0.557233685,-0.026027103,0.130241942,82.848067677,4.298939667,49.691225506,33.156842171
20.900000000,12.100774238,1.081978836,0.593567867,0.555448649,-0.026054636,0.131036598,12.095078518,1.070788997,0.591009472,0.556043613,-0.026099450,0.130798442,82.685600139,4.315265664,49.641387885,33.044212255
20.933333333,12.116571296,1.091637333,0.597944921,0.554273720,-0.026125305,0.131585507,12.110917243,1.080416607,0.595378715,0.554863503,-0.026171056,0.131350086,82.524812674,4.331348540,49.591922760,32.932889913
20.966666667,12.132294980,1.101341069,0.602340186,0.553108926,-0.026195210,0.132129317,12.126682619,1.090089473,0.599766262,0.553693469,-0.026241905,0.131896712,82.365720624,4.347182376,49.542826419,32.822894205
21.000000000,12.147945286,1.111090084,0.606753490,0.551954381,-0.026264337,0.132667865,12.142374642,1.099807637,0.604171942,0.552533626,-0.026311983,0.132438157,82.208339155,4.362761273,49.494095103,32.714244052
21.033333333,12.163522212,1.120884418,0.611184654,0.550810196,-0.026332670,0.133200988,12.157993308,1.109571138,0.608595580,0.551384087,-0.026381274,0.132974260,82.052683253,4.378079363,49.445725017,32.606958236
21.066666667,12.179025756,1.130724111,0.615633496,0.549676484,-0.026400195,0.133728522,12.173538615,1.119380017,0.613036996,0.550244963,-0.026449764,0.133504857,81.898767717,4.393130807,49.397712332,32.501055384
21.100000000,12.194455921,1.140609202,0.620099825,0.548553356,-0.026466898,0.134250303,12.189010565,1.129234313,0.617496003,0.549116367,-0.026517437,0.134029784,81.746607157,4.407909803,49.350053199,32.396553958
21.133333333,12.209812710,1.150539727,0.624583448,0.547440922,-0.026532763,0.134766169,12.204409159,1.139134064,0.621972409,0.547998408,-0.026584280,0.134548878,81.596215991,4.422410591,49.302743748,32.293472243
21.166666667,12.225096128,1.160515726,0.629084165,0.546339289,-0.026597775,0.135275954,12.219734402,1.149079308,0.626466017,0.546891196,-0.026650277,0.135061974,81.447608437,4.436627457,49.255780097,32.191828340
21.200000000,12.240306181,1.170537234,0.633601769,0.545248567,-0.026661921,0.135779494,12.234986299,1.159070082,0.630976625,0.545794840,-0.026715413,0.135568909,81.300798512,4.450554734,49.209158360,32.091640152
21.233333333,12.255442878,1.180604288,0.638136051,0.544168861,-0.026725185,0.136276626,12.250164857,1.169106424,0.635504024,0.544709446,-0.026779674,0.136069517,81.155800027,4.464186814,49.162874656,31.992925371
21.266666667,12.270506231,1.190716923,0.642686794,0.543100278,-0.026787553,0.136767185,12.265270088,1.179188368,0.640048000,0.543635121,-0.026843044,0.136563635,81.012626581,4.477518145,49.116925109,31.895701473
21.300000000,12.285496250,1.200875175,0.647253776,0.542042922,-0.026849010,0.137251008,12.280302001,1.189315950,0.644608335,0.542571970,-0.026905509,0.137051099,80.871291561,4.490543242,49.071305862,31.799985700
21.333333333,12.300412950,1.211079077,0.651836770,0.540996896,-0.026909541,0.137727931,12.295260611,1.199489205,0.649184804,0.541520097,-0.026967055,0.137531746,80.731808132,4.503256687,49.026013079,31.705795053
21.366666667,12.315256347,1.221328664,0.656435543,0.539962304,-0.026969133,0.138197791,12.310145931,1.209708167,0.653777177,0.540479605,-0.027027666,0.138005412,80.594189239,4.515653135,48.981042957,31.613146282
21.400000000,12.330026459,1.231623968,0.661049856,0.538939245,-0.027027771,0.138660427,12.324957978,1.219972870,0.658385219,0.539450595,-0.027087328,0.138471935,80.458447597,4.527727323,48.936391728,31.522055870
21.433333333,12.344723305,1.241965022,0.665679467,0.537927820,-0.027085439,0.139115677,12.339696772,1.230283346,0.663008688,0.538433169,-0.027146026,0.138931153,80.324595692,4.539474068,48.892055668,31.432540024
21.466666667,12.359346906,1.252351858,0.670324127,0.536928127,-0.027142125,0.139563380,12.354362331,1.240639628,0.667647339,0.537427426,-0.027203746,0.139382905,80.192645773,4.550888275,48.848031108,31.344614666
21.500000000,12.373897285,1.262784507,0.674983581,0.535940264,-0.027197814,0.140003376,12.368954679,1.251041747,0.672300920,0.536433462,-0.027260474,0.139827030,80.062609852,4.561964943,48.804314432,31.258295420
21.533333333,12.388374467,1.273262999,0.679657570,0.534964326,-0.027252491,0.140435507,12.383473838,1.261489734,0.676969174,0.535451376,-0.027316195,0.140263370,79.934499694,4.572699169,48.760902095,31.173597600
21.566666667,12.402778477,1.283787364,0.684345829,0.534000408,-0.027306143,0.140859616,12.397919834,1.271983620,0.681651838,0.534481262,-0.027370895,0.140691765,79.808326821,4.583086149,48.717790620,31.090536201
21.600000000,12.417109345,1.294357632,0.689048087,0.533048604,-0.027358756,0.141275545,12.412292694,1.282523434,0.686348646,0.533523215,-0.027424560,0.141112060,79.684102500,4.593121188,48.674976611,31.009125888
21.633333333,12.431367100,1.304973831,0.693764071,0.532109006,-0.027410315,0.141683141,12.426592447,1.293109206,0.691059325,0.532577327,-0.027477176,0.141524098,79.561837745,4.602799702,48.632456761,30.929380984
21.666666667,12.445551773,1.315635989,0.698493498,0.531181703,-0.027460809,0.142082250,12.440819124,1.303740963,0.695783597,0.531643689,-0.027528729,0.141927726,79.441543309,4.612117222,48.590227850,30.851315459
21.700000000,12.459663399,1.326344134,0.703236085,0.530266784,-0.027510222,0.142472720,12.454972757,1.314418733,0.700521178,0.530722390,-0.027579205,0.142322792,79.323229686,4.621069399,48.548286764,30.774942921
21.733333333,12.473702011,1.337098291,0.707991540,0.529364338,-0.027558541,0.142854402,12.469053379,1.325142544,0.705271782,0.529813520,-0.027628590,0.142709143,79.206907098,4.629652010,48.506630492,30.700276607
21.766666667,12.487667647,1.347898487,0.712759568,0.528474450,-0.027605754,0.143227148,12.483061027,1.335912422,0.710035115,0.528917165,-0.027676872,0.143086632,79.092585503,4.637860959,48.465256134,30.627329368
21.800000000,12.501560344,1.358744748,0.717539869,0.527597204,-0.027651847,0.143590812,12.496995738,1.346728393,0.714810879,0.528033410,-0.027724037,0.143455112,78.980274579,4.645692285,48.424160914,30.556113665
21.833333333,12.515380144,1.369637098,0.722332137,0.526732683,-0.027696807,0.143945251,12.510857551,1.357590481,0.719598772,0.527162338,-0.027770071,0.143814438,78.869983732,4.653142162,48.383342177,30.486641555
21.866666667,12.529127088,1.380575561,0.727136064,0.525880968,-0.027740621,0.144290323,12.524646506,1.368498712,0.724398485,0.526304032,-0.027814962,0.144164467,78.761722085,4.660206907,48.342797401,30.418924684
21.900000000,12.542801219,1.391560160,0.731951333,0.525042140,-0.027783278,0.144625889,12.538362647,1.379453110,0.729209707,0.525458572,-0.027858697,0.144505059,78.655498475,4.666882981,48.302524201,30.352974274
21.933333333,12.556402582,1.402590918,0.736777626,0.524216274,-0.027824764,0.144951812,12.552006017,1.390453697,0.734032121,0.524626037,-0.027901263,0.144836076,78.551321454,4.673166996,48.262520335,30.288801119
21.966666667,12.569931224,1.413667858,0.741614620,0.523403448,-0.027865067,0.145267960,12.565576661,1.401500496,0.738865405,0.523806503,-0.027942648,0.145157383,78.449199284,4.679055714,48.222783708,30.226415576
22.000000000,12.583387193,1.424791000,0.746461986,0.522603737,-0.027904176,0.145574200,12.579074628,1.412593529,0.743709234,0.523000047,-0.027982840,0.145468848,78.349139930,4.684546056,48.183312380,30.165827549
22.033333333,12.596770540,1.435960366,0.751319391,0.521817212,-0.027942079,0.145870405,12.592499966,1.423732817,0.748563276,0.522206740,-0.028021826,0.145770340,78.251151062,4.689635100,48.144104569,30.107046492
22.066666667,12.610081316,1.447175975,0.756186501,0.521043944,-0.027978764,0.146156449,12.605852726,1.434918380,0.753427199,0.521426657,-0.028059595,0.146061733,78.155240050,4.694320088,48.105158656,30.050081393
22.100000000,12.623319574,1.458437847,0.761062972,0.520284003,-0.028014219,0.146432210,12.619132960,1.446150240,0.758300662,0.520659865,-0.028096135,0.146342904,78.061413961,4.698598429,48.066473191,29.994940770
22.133333333,12.636485370,1.469746000,0.765948462,0.519537455,-0.028048435,0.146697571,12.632340722,1.457428414,0.763183324,0.519906434,-0.028131435,0.146613732,77.969679556,4.702467700,48.028046893,29.941632662
22.166666667,12.649578759,1.481100453,0.770842620,0.518804366,-0.028081400,0.146952414,12.645476067,1.468752921,0.768074836,0.519166429,-0.028165484,0.146874099,77.880043288,4.705925650,47.989878663,29.890164626
22.200000000,12.662599801,1.492501223,0.775745095,0.518084800,-0.028113103,0.147196628,12.658539053,1.480123780,0.772974850,0.518439915,-0.028198270,0.147123892,77.792511300,4.708970201,47.951967575,29.840543725
22.233333333,12.675548554,1.503948326,0.780655531,0.517378817,-0.028143534,0.147430105,12.671529738,1.491541006,0.777883010,0.517726955,-0.028229784,0.147363001,77.707089421,4.711599455,47.914312893,29.792776528
22.266666667,12.688425080,1.515441779,0.785573568,0.516686477,-0.028172683,0.147652739,12.684448182,1.503004618,0.782798958,0.517027609,-0.028260015,0.147591317,77.623783162,4.713811691,47.876914063,29.746869099
22.300000000,12.701229443,1.526981597,0.790498843,0.516007839,-0.028200541,0.147864430,12.697294447,1.514514631,0.787722334,0.516341936,-0.028288953,0.147808740,77.542597720,4.715605369,47.839770723,29.702826997
22.333333333,12.713961706,1.538567795,0.795430989,0.515342956,-0.028227098,0.148065080,12.710068598,1.526071059,0.792652771,0.515669992,-0.028316589,0.148015169,77.463537970,4.716979133,47.802882702,29.660655268
22.366666667,12.726621935,1.550200386,0.800369636,0.514691884,-0.028252345,0.148254597,12.722770698,1.537673918,0.797589903,0.515011831,-0.028342912,0.148210508,77.386608463,4.717931812,47.766250023,29.620358440
22.400000000,12.739210199,1.561879384,0.805314413,0.514054673,-0.028276272,0.148432890,12.735400814,1.549323221,0.802533358,0.514367507,-0.028367913,0.148394668,77.311813429,4.718462420,47.729872908,29.581940522
22.433333333,12.751726566,1.573604802,0.810264944,0.513431373,-0.028298872,0.148599874,12.747959015,1.561018981,0.807482762,0.513737071,-0.028391585,0.148567559,77.239156771,4.718570161,47.693751772,29.545404999
22.466666667,12.764171107,1.585376651,0.815220850,0.512822031,-0.028320136,0.148755470,12.760445370,1.572761211,0.812437737,0.513120569,-0.028413917,0.148729100,77.168642063,4.718254425,47.657887234,29.510754829
22.500000000,12.776543895,1.597194942,0.820181750,0.512226692,-0.028340056,0.148899600,12.772859950,1.584549922,0.817397905,0.512518049,-0.028434902,0.148879212,77.100272552,4.717514794,47.622280111,29.477992441
22.533333333,12.788845003,1.609059687,0.825147261,0.511645400,-0.028358625,0.149032192,12.785202828,1.596385126,0.822362882,0.511929555,-0.028454532,0.149017820,77.034051152,4.716351038,47.586931419,29.447119733
22.566666667,12.801074507,1.620970895,0.830116998,0.511078195,-0.028375835,0.149153179,12.797474079,1.608266832,0.827332285,0.511355129,-0.028472800,0.149144853,76.969980449,4.714763120,47.551842378,29.418138071
22.600000000,12.813232483,1.632928575,0.835090571,0.510525116,-0.028391679,0.149262496,12.809673777,1.620195051,0.832305726,0.510794811,-0.028489697,0.149260247,76.908062691,4.712751192,47.517014407,29.391048285
22.633333333,12.825319011,1.644932735,0.840067593,0.509986201,-0.028406151,0.149360086,12.821802001,1.632169792,0.837282817,0.510248638,-0.028505218,0.149363941,76.848299797,4.710315598,47.482449125,29.365850672
22.666666667,12.837334169,1.656983384,0.845047669,0.509461482,-0.028419245,0.149445895,12.833858829,1.644191062,0.842263165,0.509716647,-0.028519355,0.149455877,76.790693347,4.707456873,47.448148352,29.342544996
22.700000000,12.849278040,1.669080528,0.850030408,0.508950993,-0.028430954,0.149519873,12.845844341,1.656258869,0.847246380,0.509198870,-0.028532103,0.149536005,76.735244588,4.704175742,47.414114105,29.321130483
22.733333333,12.861150707,1.681224174,0.855015414,0.508454764,-0.028441272,0.149581976,12.857758620,1.668373220,0.852232065,0.508695339,-0.028543455,0.149604277,76.681954430,4.700473119,47.380348598,29.301605831
22.766666667,12.872952253,1.693414327,0.860002290,0.507972821,-0.028450196,0.149632164,12.869601748,1.680534122,0.857219826,0.508206082,-0.028553406,0.149660652,76.630823444,4.696350110,47.346854242,29.283969202
22.800000000,12.884682764,1.705650993,0.864990639,0.507505191,-0.028457720,0.149670402,12.881373810,1.692741579,0.862209265,0.507731127,-0.028561950,0.149705091,76.581851867,4.691808006,47.313633637,29.268218230
22.833333333,12.896342329,1.717934175,0.869980061,0.507051897,-0.028463839,0.149696661,12.893074893,1.704995596,0.867199984,0.507270498,-0.028569084,0.149737563,76.535039598,4.686848285,47.280689577,29.254350021
22.866666667,12.907931036,1.730263877,0.874970158,0.506612960,-0.028468549,0.149710914,12.904705084,1.717296178,0.872191583,0.506824216,-0.028574802,0.149758039,76.490386196,4.681472611,47.248025042,29.242361154
22.900000000,12.919448974,1.742640102,0.879960528,0.506188398,-0.028471847,0.149713143,12.916264473,1.729643328,0.877183662,0.506392301,-0.028579101,0.149766498,76.447890886,4.675682831,47.215643196,29.232247691
22.933333333,12.930896237,1.755062852,0.884950770,0.505778227,-0.028473730,0.149703332,12.927753149,1.742037048,0.882175820,0.505974772,-0.028581977,0.149762921,76.407552555,4.669480975,47.183547383,29.224005171
22.966666667,12.942272917,1.767532128,0.889940484,0.505382462,-0.028474193,0.149681471,12.939171206,1.754477340,0.887167656,0.505571643,-0.028583426,0.149747295,76.369369750,4.662869251,47.151741127,29.217628623
23.000000000,12.953579109,1.780047931,0.894929266,0.505001115,-0.028473236,0.149647555,12.950518736,1.766964205,0.892158769,0.505182927,-0.028583446,0.149719614,76.333340686,4.655850045,47.120228122,29.213112564
23.033333333,12.964814908,1.792610261,0.899916716,0.504634194,-0.028470855,0.149601584,12.961795834,1.779497644,0.897148755,0.504808635,-0.028582035,0.149679875,76.299463241,4.648425918,47.089012231,29.210451009
23.066666667,12.975980413,1.805219117,0.904902432,0.504281707,-0.028467048,0.149543562,12.973002597,1.792077657,0.902137213,0.504448774,-0.028579189,0.149628079,76.267734955,4.640599602,47.058097482,29.209637474
23.100000000,12.987075723,1.817874497,0.909886011,0.503943658,-0.028461816,0.149473499,12.984139123,1.804704242,0.907123742,0.504103352,-0.028574908,0.149564233,76.238153039,4.632374001,47.027488059,29.210664980
23.133333333,12.998100937,1.830576400,0.914867054,0.503620051,-0.028455155,0.149391411,12.995205510,1.817377397,0.912107940,0.503772370,-0.028569190,0.149488351,76.210714367,4.623752182,46.997188303,29.213526064
23.166666667,13.009056157,1.843324822,0.919845158,0.503310883,-0.028447066,0.149297317,13.006201859,1.830097121,0.917089406,0.503455832,-0.028562035,0.149400450,76.185415483,4.614737379,46.967202701,29.218212782
23.200000000,13.019941488,1.856119760,0.924819926,0.503016155,-0.028437549,0.149191242,13.017128273,1.842863410,0.922067740,0.503153735,-0.028553441,0.149300552,76.162252601,4.605332982,46.937535881,29.224716720
23.233333333,13.030757032,1.868961210,0.929790957,0.502735860,-0.028426603,0.149073216,13.027984854,1.855676260,0.927042542,0.502866076,-0.028543408,0.149188683,76.141221603,4.595542540,46.908192610,29.233028993
23.266666667,13.041502896,1.881849165,0.934757854,0.502469992,-0.028414229,0.148943273,13.038771707,1.868535666,0.932013414,0.502592849,-0.028531937,0.149064877,76.122318048,4.585369754,46.879177783,29.243140266
23.300000000,13.052179188,1.894783621,0.939720220,0.502218541,-0.028400429,0.148801453,13.049488939,1.881441623,0.936979959,0.502334047,-0.028519029,0.148929170,76.105537166,4.574818474,46.850496418,29.255040748
23.333333333,13.062786016,1.907764571,0.944677661,0.501981496,-0.028385203,0.148647801,13.060136656,1.894394126,0.941941781,0.502089658,-0.028504685,0.148781604,76.090873864,4.563892695,46.822153653,29.268720211
23.366666667,13.073323490,1.920792006,0.949629782,0.501758843,-0.028368553,0.148482365,13.070714968,1.907393166,0.946898484,0.501859670,-0.028488905,0.148622226,76.078322727,4.552596551,46.794154732,29.284167996
23.400000000,13.083791722,1.933865920,0.954576191,0.501550565,-0.028350482,0.148305199,13.081223985,1.920438736,0.951849677,0.501644067,-0.028471692,0.148451087,76.067878022,4.540934317,46.766505004,29.301373017
23.433333333,13.094190824,1.946986304,0.959516500,0.501356644,-0.028330991,0.148116363,13.091663819,1.933530829,0.956794968,0.501442833,-0.028453049,0.148268244,76.059533695,4.528910396,46.739209916,29.320323779
23.466666667,13.104520910,1.960153147,0.964450319,0.501177059,-0.028310084,0.147915918,13.102034581,1.946669434,0.961733968,0.501255947,-0.028432977,0.148073757,76.053283380,4.516529321,46.712275000,29.341008380
23.500000000,13.114782096,1.973366440,0.969377263,0.501011786,-0.028287763,0.147703934,13.112336388,1.959854543,0.966666291,0.501083387,-0.028411480,0.147867692,76.049120398,4.503795750,46.685705871,29.363414527
23.533333333,13.124974499,1.986626172,0.974296948,0.500860800,-0.028264034,0.147480482,13.122569353,1.973086143,0.971591550,0.500925129,-0.028388561,0.147650118,76.047037758,4.490714456,46.659508218,29.387529540
23.566666667,13.135098236,1.999932330,0.979208994,0.500724073,-0.028238899,0.147245638,13.132733594,1.986364225,0.976509364,0.500781147,-0.028364224,0.147421111,76.047028164,4.477290331,46.633687796,29.413340367
23.600000000,13.145153428,2.013284903,0.984113021,0.500601575,-0.028212363,0.146999485,13.142829229,1.999688776,0.981419354,0.500651410,-0.028338473,0.147180748,76.049084014,4.463528374,46.608250418,29.440833596
23.633333333,13.155140194,2.026683876,0.989008656,0.500493274,-0.028184431,0.146742106,13.152856378,2.013059782,0.986321141,0.500535889,-0.028311313,0.146929114,76.053197405,4.449433687,46.583201948,29.469995457
23.666666667,13.165058657,2.040129236,0.993895524,0.500399134,-0.028155108,0.146473593,13.162815161,2.026477232,0.991214352,0.500434549,-0.028282749,0.146666295,76.059360137,4.435011476,46.558548292,29.500811845
23.700000000,13.174908940,2.053620968,0.998773256,0.500319119,-0.028124399,0.146194037,13.172705701,2.039941109,0.996098616,0.500347354,-0.028252786,0.146392382,76.067563714,4.420267039,46.534295393,29.533268321
23.733333333,13.184691168,2.067159056,1.003641486,0.500253189,-0.028092311,0.145903538,13.182528121,2.053451398,1.000973564,0.500274268,-0.028221429,0.146107472,76.077799347,4.405205764,46.510449220,29.567350127
23.766666667,13.194405467,2.080743485,1.008499850,0.500201304,-0.028058849,0.145602195,13.192282545,2.067008085,1.005838831,0.500215249,-0.028188685,0.145811664,76.090057959,4.389833126,46.487015760,29.603042199
23.800000000,13.204051963,2.094374237,1.013347990,0.500163421,-0.028024021,0.145290115,13.201969099,2.080611152,1.010694057,0.500170254,-0.028154560,0.145505061,76.104330190,4.374154678,46.464001013,29.640329177
23.833333333,13.213630785,2.108051294,1.018185548,0.500139492,-0.027987832,0.144967407,13.211587911,2.094260582,1.015538882,0.500139241,-0.028119062,0.145187771,76.120606396,4.358176048,46.441410983,29.679195413
23.866666667,13.223142064,2.121774637,1.023012173,0.500129471,-0.027950291,0.144634183,13.221139109,2.107956356,1.020372952,0.500122161,-0.028082196,0.144859903,76.138876657,4.341902937,46.419251669,29.719624988
23.900000000,13.232585929,2.135544248,1.027827515,0.500133308,-0.027911405,0.144290559,13.230622823,2.121698456,1.025195918,0.500118966,-0.028043970,0.144521573,76.159130778,4.325341107,46.397529056,29.761601722
23.933333333,13.241962513,2.149360106,1.032631231,0.500150949,-0.027871182,0.143936655,13.240039183,2.135486862,1.030007431,0.500129605,-0.028004393,0.144172898,76.181358296,4.308496382,46.376249113,29.805109183
23.966666667,13.251271949,2.163222190,1.037422979,0.500182343,-0.027829631,0.143572593,13.249388322,2.149321553,1.034807150,0.500154025,-0.027963473,0.143813999,76.205548479,4.291374641,46.355417780,29.850130700
24.000000000,13.260514373,2.177130479,1.042202423,0.500227431,-0.027786759,0.143198499,13.258670374,2.163202508,1.039594735,0.500192171,-0.027921217,0.143445000,76.231690336,4.273981812,46.335040960,29.896649376
24.033333333,13.269689919,2.191084949,1.046969232,0.500286157,-0.027742575,0.142814503,13.267885473,2.177129704,1.044369852,0.500243985,-0.027877634,0.143066030,76.259772615,4.256323869,46.315124517,29.944648098
24.066666667,13.278798725,2.205085579,1.051723076,0.500358459,-0.027697090,0.142420736,13.277033754,2.191103120,1.049132171,0.500309408,-0.027832734,0.142677217,76.289783814,4.238406825,46.295674264,29.994109550
24.100000000,13.287840930,2.219132344,1.056463632,0.500444275,-0.027650312,0.142017333,13.286115356,2.205122731,1.053881366,0.500388380,-0.027786527,0.142278697,76.321712178,4.220236731,46.276695956,30.045016222
24.133333333,13.296816672,2.233225218,1.061190582,0.500543542,-0.027602251,0.141604431,13.295130416,2.219188513,1.058617116,0.500480836,-0.027739021,0.141870604,76.355545709,4.201819664,46.258195285,30.097350423
24.166666667,13.305726093,2.247364178,1.065903612,0.500656192,-0.027552917,0.141182171,13.304079073,2.233300441,1.063339104,0.500586711,-0.027690226,0.141453077,76.391272167,4.183161731,46.240177874,30.151094293
24.200000000,13.314569334,2.261549195,1.070602411,0.500782159,-0.027502321,0.140750694,13.312961469,2.247458488,1.068047018,0.500705940,-0.027640154,0.141026258,76.428879076,4.164269057,46.222649264,30.206229813
24.233333333,13.323346539,2.275780244,1.075286675,0.500921372,-0.027450473,0.140310145,13.321777745,2.261662628,1.072740550,0.500838452,-0.027588814,0.140590290,76.468353730,4.145147786,46.205614915,30.262738815
24.266666667,13.332057852,2.290057296,1.079956104,0.501073759,-0.027397385,0.139860672,13.330528045,2.275912833,1.077419398,0.500984176,-0.027536218,0.140145318,76.509683194,4.125804071,46.189080195,30.320602998
24.300000000,13.340703418,2.304380322,1.084610403,0.501239247,-0.027343066,0.139402423,13.339212512,2.290209075,1.082083265,0.501143040,-0.027482376,0.139691492,76.552854309,4.106244075,46.173050377,30.379803933
24.333333333,13.349283383,2.318749294,1.089249282,0.501417760,-0.027287529,0.138935549,13.347831293,2.304551325,1.086731858,0.501314970,-0.027427299,0.139228960,76.597853702,4.086473963,46.157530626,30.440323075
24.366666667,13.357797896,2.333164180,1.093872456,0.501609221,-0.027230786,0.138460203,13.356384533,2.318939552,1.091364889,0.501499889,-0.027371000,0.138757875,76.644667782,4.066499899,46.142526004,30.502141778
24.400000000,13.366247105,2.347624950,1.098479646,0.501813552,-0.027172847,0.137976540,13.364872380,2.333373727,1.095982075,0.501697720,-0.027313490,0.138278390,76.693282753,4.046328040,46.128041454,30.565241299
24.433333333,13.374631161,2.362131573,1.103070575,0.502030671,-0.027113726,0.137484716,13.373294983,2.347853817,1.100583140,0.501908381,-0.027254782,0.137790661,76.743684614,4.025964536,46.114081800,30.629602814
24.466666667,13.382950215,2.376684014,1.107644976,0.502260496,-0.027053434,0.136984887,13.381652492,2.362379789,1.105167810,0.502131792,-0.027194886,0.137294845,76.795859164,4.005415522,46.100651740,30.695207424
24.500000000,13.391204418,2.391282242,1.112202584,0.502502944,-0.026991985,0.136477214,13.389945059,2.376951612,1.109735821,0.502367871,-0.027133817,0.136791099,76.849792010,3.984687116,46.087755844,30.762036166
24.533333333,13.399393925,2.405926221,1.116743141,0.502757928,-0.026929390,0.135961856,13.398172835,2.391569250,1.114286908,0.502616531,-0.027071586,0.136279583,76.905468568,3.963785414,46.075398543,30.830070025
24.566666667,13.407518889,2.420615916,1.121266392,0.503025363,-0.026865662,0.135438974,13.406335975,2.406232669,1.118820817,0.502877687,-0.027008207,0.135760457,76.962874069,3.942716489,46.063584129,30.899289940
24.600000000,13.415579467,2.435351293,1.125772089,0.503305159,-0.026800815,0.134908730,13.414434631,2.420941834,1.123337296,0.503151251,-0.026943692,0.135233884,77.021993565,3.921486383,46.052316750,30.969676815
24.633333333,13.423575815,2.450132314,1.130259991,0.503597225,-0.026734862,0.134371287,13.422468961,2.435696708,1.127836100,0.503437133,-0.026878056,0.134700027,77.082811935,3.900101108,46.041600406,31.041211529
24.666666667,13.431508091,2.464958941,1.134729859,0.503901471,-0.026667817,0.133826810,13.430439120,2.450497253,1.132316989,0.503735243,-0.026811310,0.134159047,77.145313885,3.878566640,46.031438943,31.113874942
24.700000000,13.439376454,2.479831137,1.139181463,0.504217804,-0.026599692,0.133275461,13.438345266,2.465343433,1.136779728,0.504045488,-0.026743470,0.133611110,77.209483958,3.856888917,46.021836050,31.187647907
24.733333333,13.447181064,2.494748862,1.143614575,0.504546128,-0.026530502,0.132717407,13.446187560,2.480235207,1.141224088,0.504367774,-0.026674548,0.133056379,77.275306537,3.835073835,46.012795259,31.262511278
24.766666667,13.454922083,2.509712077,1.148028975,0.504886349,-0.026460261,0.132152813,13.453966159,2.495172536,1.145649846,0.504702007,-0.026604559,0.132495021,77.342765849,3.813127246,46.004319935,31.338445914
24.800000000,13.462599671,2.524720741,1.152424448,0.505238368,-0.026388982,0.131581843,13.461681226,2.510155380,1.150056782,0.505048090,-0.026533516,0.131927200,77.411845971,3.791054953,45.996413279,31.415432692
24.833333333,13.470213993,2.539774812,1.156800784,0.505602088,-0.026316679,0.131004663,13.469332922,2.525183698,1.154444685,0.505405924,-0.026461435,0.131353081,77.482530835,3.768862711,45.989078323,31.493452512
24.866666667,13.477765212,2.554874249,1.161157779,0.505977409,-0.026243368,0.130421440,13.476921410,2.540257447,1.158813348,0.505775412,-0.026388328,0.130772832,77.554804233,3.746556221,45.982317926,31.572486306
24.900000000,13.485253494,2.570019007,1.165495234,0.506364229,-0.026169061,0.129832338,13.484446856,2.555376584,1.163162568,0.506156452,-0.026314211,0.130186617,77.628649819,3.724141130,45.976134775,31.652515044
24.933333333,13.492679005,2.585209043,1.169812955,0.506762448,-0.026093774,0.129237524,13.491909424,2.570541066,1.167492150,0.506548943,-0.026239098,0.129594602,77.704051120,3.701623025,45.970531378,31.733519742
24.966666667,13.500041913,2.600444313,1.174110756,0.507171960,-0.026017522,0.128637163,13.499309279,2.585750847,1.171801904,0.506952782,-0.026163004,0.128996952,77.780991534,3.679007436,45.965510067,31.815481467
25.000000000,13.507342386,2.615724770,1.178388455,0.507592663,-0.025940318,0.128031419,13.506646591,2.601005883,1.176091644,0.507367865,-0.026085943,0.128393833,77.859454339,3.656299828,45.961072993,31.898381346
25.033333333,13.514580593,2.631050369,1.182645873,0.508024450,-0.025862178,0.127420458,13.513921527,2.616306128,1.180361190,0.507794088,-0.026007930,0.127785410,77.939422696,3.633505605,45.957222127,31.982200569
25.066666667,13.521756705,2.646421061,1.186882841,0.508467215,-0.025783116,0.126804442,13.521134255,2.631651534,1.184610369,0.508231344,-0.025928980,0.127171846,78.020879657,3.610630102,45.953959256,32.066920401
25.100000000,13.528870893,2.661836799,1.191099193,0.508920851,-0.025703147,0.126183536,13.528284948,2.647042052,1.188839012,0.508679526,-0.025849108,0.126553305,78.103808163,3.587678589,45.951285984,32.152522179
25.133333333,13.535923329,2.677297535,1.195294768,0.509385248,-0.025622285,0.125557902,13.535373776,2.662477636,1.193046956,0.509138527,-0.025768330,0.125929951,78.188191056,3.564656265,45.949203730,32.238987326
25.166666667,13.542914188,2.692803217,1.199469411,0.509860298,-0.025540547,0.124927702,13.542400911,2.677958234,1.197234043,0.509608236,-0.025686659,0.125301945,78.274011080,3.541568258,45.947713729,32.326297351
25.200000000,13.549843642,2.708353797,1.203622973,0.510345889,-0.025457947,0.124293096,13.549366527,2.693483797,1.201400121,0.510088544,-0.025604111,0.124669449,78.361250885,3.518419625,45.946817029,32.414433857
25.233333333,13.556711869,2.723949222,1.207755310,0.510841911,-0.025374499,0.123654246,13.556270799,2.709054272,1.205545043,0.510579341,-0.025520702,0.124032624,78.449893034,3.495215346,45.946514491,32.503378543
25.266666667,13.563519043,2.739589440,1.211866283,0.511348251,-0.025290219,0.123011309,13.563113901,2.724669609,1.209668667,0.511080514,-0.025436446,0.123391629,78.539920006,3.471960331,45.946806793,32.593113213
25.300000000,13.570265342,2.755274397,1.215955758,0.511864797,-0.025205122,0.122364444,13.569896010,2.740329754,1.213770857,0.511591951,-0.025351358,0.122746623,78.631314200,3.448659409,45.947694425,32.683619775
25.333333333,13.576950945,2.771004041,1.220023607,0.512391435,-0.025119223,0.121713807,13.576617303,2.756034653,1.217851482,0.512113538,-0.025265454,0.122097763,78.724057940,3.425317335,45.949177691,32.774880249
25.366666667,13.583576031,2.786778317,1.224069707,0.512928050,-0.025032537,0.121059554,13.583277958,2.771784252,1.221910417,0.512645162,-0.025178749,0.121445205,78.818133481,3.401938785,45.951256711,32.866876770
25.400000000,13.590140779,2.802597168,1.228093940,0.513474527,-0.024945078,0.120401839,13.589878156,2.787578494,1.225947539,0.513186707,-0.025091258,0.120789103,78.913523012,3.378528355,45.953931419,32.959591593
25.433333333,13.596645371,2.818460538,1.232096193,0.514030750,-0.024856863,0.119740814,13.596418074,2.803417325,1.229962734,0.513738058,-0.025002996,0.120129612,79.010208659,3.355090563,45.957201566,33.053007093
25.466666667,13.603089989,2.834368371,1.236076359,0.514596603,-0.024767906,0.119076631,13.602897896,2.819300686,1.233955892,0.514299099,-0.024913979,0.119466883,79.108172491,3.331629847,45.961066720,33.147105771
25.500000000,13.609474815,2.850320607,1.240034334,0.515171969,-0.024678221,0.118409440,13.609317802,2.835228519,1.237926907,0.514869713,-0.024824221,0.118801067,79.207396524,3.308150562,45.965526266,33.241870258
25.533333333,13.615800034,2.866317188,1.243970020,0.515756729,-0.024587825,0.117739389,13.615677976,2.851200766,1.241875678,0.515449782,-0.024733738,0.118132314,79.307862724,3.284656984,45.970579408,33.337283316
25.566666667,13.622065829,2.882358054,1.247883326,0.516350767,-0.024496731,0.117066625,13.621978601,2.867217366,1.245802111,0.516039188,-0.024642545,0.117460769,79.409553014,3.261153306,45.976225173,33.433327841
25.600000000,13.628272388,2.898443144,1.251774163,0.516953962,-0.024404955,0.116391292,13.628219862,2.883278260,1.249706115,0.516637814,-0.024550657,0.116786581,79.512449273,3.237643641,45.982462408,33.529986866
25.633333333,13.634419896,2.914572397,1.255642447,0.517566196,-0.024312512,0.115713534,13.634401946,2.899383385,1.253587603,0.517245540,-0.024458088,0.116109891,79.616533346,3.214132017,45.989289783,33.627243564
25.666666667,13.640508540,2.930745751,1.259488100,0.518187350,-0.024219415,0.115033492,13.640525037,2.915532680,1.257446495,0.517862246,-0.024364854,0.115430844,79.721787044,3.190622382,45.996705795,33.725081248
25.700000000,13.646538509,2.946963141,1.263311049,0.518817302,-0.024125681,0.114351307,13.646589325,2.931726081,1.261282715,0.518487813,-0.024270970,0.114749580,79.828192146,3.167118601,46.004708768,33.823483378
25.733333333,13.652509993,2.963224504,1.267111224,0.519455933,-0.024031324,0.113667116,13.652594996,2.947963523,1.265096192,0.519122120,-0.024176451,0.114066238,79.935730409,3.143624458,46.013296854,33.922433555
25.766666667,13.658423180,2.979529776,1.270888561,0.520103122,-0.023936358,0.112981055,13.658542241,2.964244943,1.268886857,0.519765047,-0.024081310,0.113380955,80.044383566,3.120143652,46.022468036,34.021915530
25.800000000,13.664278262,2.995878889,1.274643000,0.520758747,-0.023840798,0.112293259,13.664431249,2.980570274,1.272654650,0.520416472,-0.023985564,0.112693866,80.154133333,3.096679802,46.032220132,34.121913201
25.833333333,13.670075430,3.012271777,1.278374484,0.521422688,-0.023744657,0.111603859,13.670262212,2.996939450,1.276399511,0.521076275,-0.023889227,0.112005104,80.264961411,3.073236446,46.042550793,34.222410618
25.866666667,13.675814878,3.028708373,1.282082963,0.522094821,-0.023647952,0.110912987,13.676035320,3.013352402,1.280121388,0.521744333,-0.023792312,0.111314801,80.376849490,3.049817038,46.053457510,34.323391980
25.900000000,13.681496798,3.045188609,1.285768391,0.522775026,-0.023550695,0.110220770,13.681750767,3.029809063,1.283820231,0.522420525,-0.023694836,0.110623086,80.489779252,3.026424953,46.064937613,34.424841640
25.933333333,13.687121384,3.061712414,1.289430723,0.523463180,-0.023452902,0.109527335,13.687408746,3.046309363,1.287495995,0.523104728,-0.023596811,0.109930087,80.603732376,3.003063485,46.076988274,34.526744102
25.966666667,13.692688832,3.078279718,1.293069922,0.524159161,-0.023354586,0.108832807,13.693009451,3.062853233,1.291148639,0.523796820,-0.023498253,0.109235929,80.718690538,2.979735846,46.089606511,34.629084027
26.000000000,13.698199338,3.094890452,1.296685953,0.524862846,-0.023255761,0.108137307,13.698553078,3.079440600,1.294778128,0.524496679,-0.023399175,0.108540736,80.834635418,2.956445170,46.102789190,34.731846229
26.033333333,13.703653098,3.111544541,1.300278786,0.525574112,-0.023156441,0.107440957,13.704039822,3.096071394,1.298384428,0.525204182,-0.023299592,0.107844629,80.951548702,2.933194511,46.116533026,34.835015676
26.066666667,13.709050309,3.128241915,1.303848395,0.526292836,-0.023056639,0.106743873,13.709469880,3.112745541,1.301967511,0.525919206,-0.023199518,0.107147727,81.069412082,2.909986844,46.130834588,34.938577494
26.100000000,13.714391170,3.144982498,1.307394757,0.527018897,-0.022956371,0.106046173,13.714843450,3.129462967,1.305527353,0.526641628,-0.023098966,0.106450147,81.188207264,2.886825067,46.145690300,35.042516964
26.133333333,13.719675880,3.161766216,1.310917853,0.527752170,-0.022855648,0.105347970,13.720160730,3.146223599,1.309063933,0.527371326,-0.022997950,0.105752005,81.307915969,2.863712000,46.161096446,35.146819523
26.166666667,13.724904638,3.178592995,1.314417668,0.528492532,-0.022754485,0.104649376,13.725421919,3.163027360,1.312577234,0.528108176,-0.022896484,0.105053414,81.428519934,2.840650385,46.177049170,35.251470764
26.200000000,13.730077645,3.195462757,1.317894192,0.529239861,-0.022652895,0.103950501,13.730627217,3.179874174,1.316067242,0.528852055,-0.022794582,0.104354484,81.550000916,2.817642891,46.193544480,35.356456437
26.233333333,13.735195103,3.212375424,1.321347417,0.529994033,-0.022550891,0.103251454,13.735776824,3.196763965,1.319533950,0.529602839,-0.022692256,0.103655325,81.672340698,2.794692109,46.210578251,35.461762447
26.266666667,13.740257214,3.229330920,1.324777338,0.530754926,-0.022448486,0.102552338,13.740870943,3.213696653,1.322977350,0.530360407,-0.022589521,0.102956043,81.795521086,2.771800558,46.228146231,35.567374855
26.300000000,13.745264180,3.246329165,1.328183956,0.531522416,-0.022345693,0.101853259,13.745909775,3.230672160,1.326397440,0.531124635,-0.022486389,0.102256743,81.919523916,2.748970681,46.246244036,35.673279879
26.333333333,13.750216205,3.263370078,1.331567273,0.532296381,-0.022242525,0.101154317,13.750893524,3.247690406,1.329794221,0.531895400,-0.022382873,0.101557527,82.044331054,2.726204850,46.264867163,35.779463892
26.366666667,13.755113494,3.280453580,1.334927295,0.533076698,-0.022138996,0.100455612,13.755822393,3.264751310,1.333167699,0.532672579,-0.022278987,0.100858496,82.169924401,2.703505367,46.284010983,35.885913419
26.400000000,13.759956251,3.297579588,1.338264033,0.533863244,-0.022035116,0.099757241,13.760696586,3.281854791,1.336517881,0.533456049,-0.022174743,0.100159748,82.296285894,2.680874459,46.303670752,35.992615142
26.433333333,13.764744682,3.314748019,1.341577498,0.534655896,-0.021930899,0.099059298,13.765516309,3.299000765,1.339844777,0.534245688,-0.022070153,0.099461379,82.423397506,2.658314286,46.323841610,36.099555895
26.466666667,13.769478994,3.331958791,1.344867706,0.535454532,-0.021826357,0.098361878,13.770281768,3.316189150,1.343148402,0.535041373,-0.021965231,0.098763484,82.551241253,2.635826939,46.344518585,36.206722668
26.500000000,13.774159393,3.349211818,1.348134677,0.536259030,-0.021721503,0.097665070,13.774993169,3.333419860,1.346428774,0.535842982,-0.021859988,0.098066153,82.679799194,2.613414440,46.365696596,36.314102598
26.533333333,13.778786089,3.366507016,1.351378433,0.537069268,-0.021616348,0.096968964,13.779650720,3.350692811,1.349685912,0.536650392,-0.021754438,0.097369478,82.809053431,2.591078744,46.387370454,36.421682977
26.566666667,13.783359289,3.383844297,1.354598998,0.537885124,-0.021510904,0.096273646,13.784254629,3.368007917,1.352919841,0.537463482,-0.021648591,0.096673546,82.938986116,2.568821742,46.409534869,36.529451247
26.600000000,13.787879203,3.401223575,1.357796399,0.538706476,-0.021405183,0.095579201,13.788805105,3.385365090,1.356130585,0.538282130,-0.021542459,0.095978443,83.069579448,2.546645258,46.432184450,36.637394998
26.633333333,13.792346040,3.418644762,1.360970668,0.539533203,-0.021299196,0.094885712,13.793302356,3.402764242,1.359318175,0.539106215,-0.021436056,0.095284252,83.200815678,2.524551052,46.455313708,36.745501970
26.666666667,13.796760012,3.436107769,1.364121838,0.540365184,-0.021192956,0.094193260,13.797746594,3.420205285,1.362482643,0.539935614,-0.021329392,0.094591056,83.332677111,2.502540823,46.478917060,36.853760050
26.700000000,13.801121330,3.453612506,1.367249945,0.541202298,-0.021086473,0.093501922,13.802138029,3.437688128,1.365624021,0.540770208,-0.021222479,0.093898934,83.465146104,2.480616206,46.502988832,36.962157272
26.733333333,13.805430205,3.471158882,1.370355026,0.542044424,-0.020979758,0.092811776,13.806476873,3.455212680,1.368742349,0.541609875,-0.021115328,0.093207963,83.598205074,2.458778776,46.527523261,37.070681814
26.766666667,13.809686850,3.488746805,1.373437123,0.542891442,-0.020872823,0.092122896,13.810763337,3.472778851,1.371837665,0.542454494,-0.021007950,0.092518219,83.731836496,2.437030050,46.552514497,37.179321999
26.800000000,13.813891480,3.506376182,1.376496280,0.543743233,-0.020765679,0.091435354,13.814997635,3.490386547,1.374910011,0.543303947,-0.020900357,0.091829776,83.866022903,2.415371483,46.577956611,37.288066292
26.833333333,13.818044306,3.524046921,1.379532542,0.544599676,-0.020658336,0.090749223,13.819179981,3.508035676,1.377959432,0.544158113,-0.020792560,0.091142706,84.000746891,2.393804475,46.603843590,37.396903302
26.866666667,13.822145545,3.541758926,1.382545957,0.545460652,-0.020550805,0.090064569,13.823310587,3.525726141,1.380985976,0.545016872,-0.020684569,0.090457079,84.135991121,2.372330368,46.630169345,37.505821775
26.900000000,13.826195411,3.559512102,1.385536576,0.546326043,-0.020443096,0.089381462,13.827389670,3.543457849,1.383989690,0.545880106,-0.020576394,0.089772962,84.271738315,2.350950450,46.656927715,37.614810600
26.933333333,13.830194120,3.577306354,1.388504451,0.547195730,-0.020335220,0.088699964,13.831417443,3.561230703,1.386970628,0.546747695,-0.020468047,0.089090421,84.407971265,2.329665952,46.684112464,37.723858802
26.966666667,13.834141889,3.595141582,1.391449638,0.548069595,-0.020227186,0.088020140,13.835394125,3.579044605,1.389928842,0.547619522,-0.020359538,0.088409521,84.544672828,2.308478054,46.711717288,37.832955540
27.000000000,13.838038934,3.613017690,1.394372193,0.548947519,-0.020119006,0.087342050,13.839319930,3.596899458,1.392864387,0.548495469,-0.020250877,0.087730324,84.681825932,2.287387883,46.739735819,37.942090113
27.033333333,13.841885473,3.630934578,1.397272174,0.549829387,-0.020010688,0.086665755,13.843195077,3.614795163,1.395777323,0.549375417,-0.020142073,0.087052891,84.819413572,2.266396515,46.768161622,38.051251950
27.066666667,13.845681725,3.648892146,1.400149643,0.550715080,-0.019902242,0.085991312,13.847019783,3.632731619,1.398667708,0.550259250,-0.020033138,0.086377279,84.957418818,2.245504973,46.796988204,38.160430614
27.100000000,13.849427908,3.666890293,1.403004662,0.551604482,-0.019793679,0.085318777,13.850794266,3.650708726,1.401535605,0.551146851,-0.019924080,0.085703546,85.095824810,2.224714236,46.826209012,38.269615798
27.133333333,13.853124241,3.684928917,1.405837295,0.552497478,-0.019685007,0.084648204,13.854518746,3.668726382,1.404381076,0.552038104,-0.019814909,0.085031747,85.234614764,2.204025229,46.855817438,38.378797326
27.166666667,13.856770945,3.703007916,1.408647610,0.553393951,-0.019576235,0.083979646,13.858193442,3.686784483,1.407204188,0.552932893,-0.019705634,0.084361936,85.373771967,2.183438835,46.885806819,38.487965148
27.200000000,13.860368240,3.721127185,1.411435674,0.554293787,-0.019467374,0.083313152,13.861818575,3.704882927,1.410005007,0.553831102,-0.019596266,0.083694163,85.513279786,2.162955887,46.916170444,38.597109342
27.233333333,13.863916346,3.739286619,1.414201557,0.555196871,-0.019358431,0.082648774,13.865394365,3.723021609,1.412783602,0.554732617,-0.019486813,0.083028480,85.653121662,2.142577175,46.946901552,38.706220110
27.266666667,13.867415487,3.757486114,1.416945329,0.556103089,-0.019249416,0.081986557,13.868921033,3.741200422,1.415540043,0.555637323,-0.019377283,0.082364933,85.793281113,2.122303445,46.977993335,38.815287778
27.300000000,13.870865883,3.775725562,1.419667065,0.557012326,-0.019140337,0.081326548,13.872398801,3.759419261,1.418274404,0.556545107,-0.019267687,0.081703571,85.933741738,2.102135398,47.009438943,38.924302796
27.333333333,13.874267758,3.794004855,1.422366837,0.557924471,-0.019031204,0.080668792,13.875827893,3.777678019,1.420986756,0.557455854,-0.019158032,0.081044438,86.074487214,2.082073696,47.041231483,39.033255731
27.366666667,13.877621334,3.812323886,1.425044723,0.558839409,-0.018922023,0.080013329,13.879208529,3.795976585,1.423677176,0.558369452,-0.019048328,0.080387578,86.215501298,2.062118956,47.073364025,39.142137272
27.400000000,13.880926836,3.830682545,1.427700799,0.559757030,-0.018812805,0.079360203,13.882540935,3.814314852,1.426345740,0.559285789,-0.018938582,0.079733032,86.356767827,2.042271758,47.105829601,39.250938226
27.433333333,13.884184487,3.849080720,1.430335143,0.560677221,-0.018703556,0.078709452,13.885825334,3.832692709,1.428992525,0.560204752,-0.018828803,0.079080841,86.498270720,2.022532641,47.138621208,39.359649512
27.466666667,13.887394513,3.867518302,1.432947836,0.561599870,-0.018594285,0.078061115,13.889061951,3.851110045,1.431617610,0.561126229,-0.018718999,0.078431044,86.639993979,2.002902106,47.171731809,39.468262169
27.500000000,13.890557139,3.885995177,1.435538959,0.562524869,-0.018485000,0.077415228,13.892251010,3.869566747,1.434221077,0.562050112,-0.018609178,0.077783679,86.781921687,1.983380619,47.205154341,39.576767346
27.533333333,13.893672590,3.904511232,1.438108593,0.563452105,-0.018375709,0.076771826,13.895392738,3.888062702,1.436803006,0.562976287,-0.018499349,0.077138780,86.924038013,1.963968605,47.238881708,39.685156305
27.566666667,13.896741093,3.923066353,1.440656823,0.564381471,-0.018266418,0.076130943,13.898487360,3.906597797,1.439363482,0.563904647,-0.018389517,0.076496384,87.066327206,1.944666457,47.272906789,39.793420417
27.600000000,13.899762875,3.941660425,1.443183733,0.565312856,-0.018157136,0.075492613,13.901535102,3.925171915,1.441902586,0.564835081,-0.018279692,0.075856522,87.208773601,1.925474532,47.307222440,39.901551162
27.633333333,13.902738162,3.960293331,1.445689408,0.566246152,-0.018047869,0.074856865,13.904536192,3.943784941,1.444420405,0.565767481,-0.018169881,0.075219227,87.351361620,1.906393155,47.341821492,40.009540128
27.666666667,13.905667182,3.978964954,1.448173935,0.567181252,-0.017938626,0.074223729,13.907490857,3.962436759,1.446917025,0.566701739,-0.018060091,0.074584530,87.494075766,1.887422615,47.376696758,40.117379008
27.700000000,13.908550164,3.997675177,1.450637401,0.568118048,-0.017829413,0.073593234,13.910399325,3.981127249,1.449392533,0.567637747,-0.017950329,0.073952459,87.636900630,1.868563172,47.411841030,40.225059600
27.733333333,13.911387336,4.016423880,1.453079896,0.569056434,-0.017720236,0.072965407,13.913261825,3.999856294,1.451847016,0.568575398,-0.017840602,0.073323041,87.779820889,1.849815052,47.447247084,40.332573805
27.766666667,13.914178926,4.035210942,1.455501508,0.569996302,-0.017611104,0.072340275,13.916078585,4.018623773,1.454280564,0.569514585,-0.017730918,0.072696305,87.922821304,1.831178455,47.482907680,40.439913624
27.800000000,13.916925166,4.054036244,1.457902328,0.570937548,-0.017502022,0.071717860,13.918849834,4.037429565,1.456693266,0.570455202,-0.017621282,0.072072275,88.065886725,1.812653546,47.518815565,40.547071159
27.833333333,13.919626283,4.072899663,1.460282446,0.571880066,-0.017392997,0.071098188,13.921575803,4.056273548,1.459085214,0.571397145,-0.017511702,0.071450974,88.209002086,1.794240465,47.554963475,40.654038611
27.866666667,13.922282510,4.091801075,1.462641955,0.572823752,-0.017284036,0.070481280,13.924256722,4.075155600,1.461456497,0.572340308,-0.017402184,0.070832427,88.352152409,1.775939323,47.591344134,40.760808276
27.900000000,13.924894075,4.110740358,1.464980946,0.573768502,-0.017175144,0.069867158,13.926892820,4.094075598,1.463807210,0.573284588,-0.017292735,0.070216655,88.495322805,1.757750204,47.627950257,40.867372548
27.933333333,13.927461212,4.129717385,1.467299514,0.574714212,-0.017066328,0.069255841,13.929484330,4.113033415,1.466137443,0.574229879,-0.017183361,0.069603677,88.638498468,1.739673166,47.664774554,40.973723914
27.966666667,13.929984150,4.148732032,1.469597752,0.575660781,-0.016957595,0.068647348,13.932031482,4.132028926,1.468447292,0.575176080,-0.017074068,0.068993515,88.781664682,1.721708241,47.701809728,41.079854955
28.000000000,13.932463123,4.167784171,1.471875754,0.576608105,-0.016848949,0.068041697,13.934534508,4.151062006,1.470736850,0.576123088,-0.016964861,0.068386186,88.924806819,1.703855435,47.739048477,41.185758342
28.033333333,13.934898361,4.186873675,1.474133616,0.577556083,-0.016740397,0.067438905,13.936993641,4.170132525,1.473006211,0.577070802,-0.016855748,0.067781707,89.067910336,1.686114732,47.776483499,41.291426837
28.066666667,13.937290099,4.206000413,1.476371433,0.578504614,-0.016631945,0.066838988,13.939409113,4.189240356,1.475255471,0.578019118,-0.016746734,0.067180095,89.210960778,1.668486091,47.814107487,41.396853291
28.100000000,13.939638569,4.225164258,1.478589300,0.579453597,-0.016523598,0.066241960,13.941781157,4.208385369,1.477484727,0.578967938,-0.016637824,0.066581365,89.353943779,1.650969448,47.851913136,41.502030643
28.133333333,13.941944005,4.244365077,1.480787316,0.580402934,-0.016415361,0.065647836,13.944110006,4.227567432,1.479694073,0.579917161,-0.016529024,0.065985531,89.496845059,1.633564719,47.889893143,41.606951916
28.166666667,13.944206640,4.263602739,1.482965576,0.581352524,-0.016307240,0.065056627,13.946395895,4.246786415,1.481883607,0.580866687,-0.016420340,0.065392607,89.639650425,1.616271796,47.928040206,41.711610220
28.200000000,13.946426709,4.282877111,1.485124178,0.582302269,-0.016199241,0.064468346,13.948639057,4.266042185,1.484053427,0.581816418,-0.016311777,0.064802605,89.782345773,1.599090553,47.966347026,41.815998747
28.233333333,13.948604446,4.302188060,1.487263220,0.583252071,-0.016091367,0.063883004,13.950839727,4.285334608,1.486203629,0.582766254,-0.016203339,0.064215537,89.924917085,1.582020840,48.004806312,41.920110773
28.266666667,13.950740086,4.321535450,1.489382800,0.584201832,-0.015983626,0.063300610,13.952998139,4.304663550,1.488334312,0.583716099,-0.016095033,0.063631412,90.067350430,1.565062492,48.043410777,42.023939653
28.300000000,13.952833864,4.340919145,1.491483016,0.585151456,-0.015876020,0.062721174,13.955114529,4.324028875,1.490445574,0.584665855,-0.015986864,0.063050241,90.209631963,1.548215322,48.082153140,42.127478823
28.333333333,13.954886016,4.360339010,1.493563967,0.586100846,-0.015768556,0.062144705,13.957189132,4.343430446,1.492537513,0.585615426,-0.015878835,0.062472032,90.351747929,1.531479127,48.121026132,42.230721797
28.366666667,13.956896777,4.379794905,1.495625753,0.587049907,-0.015661238,0.061571209,13.959222184,4.362868126,1.494610229,0.586564716,-0.015770952,0.061896793,90.493684656,1.514853684,48.160022489,42.333662167
28.400000000,13.958866384,4.399286692,1.497668471,0.587998544,-0.015554070,0.061000694,13.961213922,4.382341777,1.496663821,0.587513628,-0.015663221,0.061324532,90.635428561,1.498338754,48.199134962,42.436293600
28.433333333,13.960795073,4.418814232,1.499692223,0.588946661,-0.015447057,0.060433165,13.963164580,4.401851258,1.498698387,0.588462069,-0.015555644,0.060755254,90.776966146,1.481934083,48.238356309,42.538609837
28.466666667,13.962683081,4.438377383,1.501697107,0.589894166,-0.015340204,0.059868628,13.965074397,4.421396429,1.500714028,0.589409945,-0.015448227,0.060188966,90.918283998,1.465639398,48.277679303,42.640604696
28.500000000,13.964530645,4.457976004,1.503683224,0.590840964,-0.015233515,0.059307087,13.966943609,4.440977149,1.502710843,0.590357161,-0.015340975,0.059625672,91.059368793,1.449454413,48.317096729,42.742272064
28.533333333,13.966338002,4.477609951,1.505650672,0.591786964,-0.015126994,0.058748546,13.968772454,4.460593275,1.504688932,0.591303624,-0.015233891,0.059065377,91.200207288,1.433378827,48.356601388,42.843605901
28.566666667,13.968105390,4.497279081,1.507599553,0.592732072,-0.015020645,0.058193007,13.970561169,4.480244664,1.506648396,0.592249243,-0.015126979,0.058508082,91.340786329,1.417412323,48.396186093,42.944600236
28.600000000,13.969833047,4.516983250,1.509529967,0.593676198,-0.014914472,0.057640473,13.972309991,4.499931170,1.508589333,0.593193925,-0.015020245,0.057953793,91.481092845,1.401554572,48.435843676,43.045249170
28.633333333,13.971521211,4.536722310,1.511442012,0.594619251,-0.014808479,0.057090946,13.974019161,4.519652648,1.510511845,0.594137579,-0.014913691,0.057402509,91.621113850,1.385805230,48.475566983,43.145546868
28.666666667,13.973170120,4.556496116,1.513335791,0.595561139,-0.014702671,0.056544427,13.975688914,4.539408952,1.512416031,0.595080115,-0.014807322,0.056854233,91.760836443,1.370163942,48.515348879,43.245487564
28.700000000,13.974780013,4.576304518,1.515211403,0.596501774,-0.014597051,0.056000916,13.977319491,4.559199933,1.514301993,0.596021442,-0.014701142,0.056308966,91.900247804,1.354630339,48.555182246,43.345065558
28.733333333,13.976351129,4.596147369,1.517068948,0.597441066,-0.014491622,0.055460412,13.978911130,4.579025444,1.516169829,0.596961471,-0.014595154,0.055766707,92.039335201,1.339204041,48.595059986,43.444275214
28.766666667,13.977883707,4.616024518,1.518908527,0.598378926,-0.014386388,0.054922916,13.980464071,4.598885334,1.518019641,0.597900112,-0.014489363,0.055227456,92.178085981,1.323884656,48.634975020,43.543110960
28.800000000,13.979377986,4.635935815,1.520730240,0.599315267,-0.014281354,0.054388426,13.981978552,4.618779453,1.519851528,0.598837278,-0.014383771,0.054691212,92.316487576,1.308671781,48.674920290,43.641567287
28.833333333,13.980834207,4.655881107,1.522534186,0.600250000,-0.014176521,0.053856940,13.983454814,4.638707649,1.521665592,0.599772881,-0.014278382,0.054157973,92.454527501,1.293565003,48.714888756,43.739638745
28.866666667,13.982252608,4.675860240,1.524320467,0.601183040,-0.014071894,0.053328454,13.984893096,4.658669770,1.523461931,0.600706834,-0.014173200,0.053627738,92.592193351,1.278563898,48.754873402,43.837319949
28.900000000,13.983633429,4.695873062,1.526089182,0.602114299,-0.013967476,0.052802968,13.986293638,4.678665661,1.525240646,0.601639049,-0.014068227,0.053100503,92.729472804,1.263668033,48.794867235,43.934605569
28.933333333,13.984976912,4.715919417,1.527840431,0.603043692,-0.013863271,0.052280476,13.987656681,4.698695167,1.527001838,0.602569441,-0.013963468,0.052576265,92.866353619,1.248876965,48.834863281,44.031490338
28.966666667,13.986283296,4.735999149,1.529574314,0.603971133,-0.013759280,0.051760975,13.988982465,4.718758134,1.528745605,0.603497924,-0.013858925,0.052055021,93.002823634,1.234190243,48.874854591,44.127969043
29.000000000,13.987552822,4.756112100,1.531290930,0.604896539,-0.013655508,0.051244460,13.990271230,4.738854403,1.530472048,0.604424414,-0.013754602,0.051536766,93.138870771,1.219607405,48.914834241,44.224036530
29.033333333,13.988785731,4.776258113,1.532990379,0.605819824,-0.013551957,0.050730928,13.991523218,4.758983818,1.532181266,0.605348826,-0.013650501,0.051021496,93.274483028,1.205127984,48.954795329,44.319687699
29.066666667,13.989982263,4.796437027,1.534672760,0.606740905,-0.013448630,0.050220371,13.992738670,4.779146219,1.533873359,0.606271076,-0.013546626,0.050509205,93.409648484,1.190751502,48.994730977,44.414917507
29.100000000,13.991142660,4.816648684,1.536338172,0.607659700,-0.013345530,0.049712785,13.993917826,4.799341446,1.535548425,0.607191081,-0.013442979,0.049999889,93.544355298,1.176477477,49.034634336,44.509720963
29.133333333,13.992267163,4.836892920,1.537986715,0.608576126,-0.013242661,0.049208163,13.995060928,4.819569338,1.537206564,0.608108758,-0.013339564,0.049493540,93.678591706,1.162305416,49.074498576,44.604093129
29.166666667,13.993356014,4.857169575,1.539618487,0.609490100,-0.013140024,0.048706499,13.996168218,4.839829734,1.538847875,0.609024025,-0.013236382,0.048990153,93.812346021,1.148234822,49.114316899,44.698029121
29.200000000,13.994409453,4.877478485,1.541233586,0.610401543,-0.013037622,0.048207785,13.997239937,4.860122469,1.540472456,0.609936801,-0.013133437,0.048489721,93.945606635,1.134265191,49.154082530,44.791524105
29.233333333,13.995427724,4.897819484,1.542832110,0.611310372,-0.012935458,0.047712015,13.998276327,4.880447380,1.542080406,0.610847004,-0.013030731,0.047992237,94.078362018,1.120396010,49.193788721,44.884573297
29.266666667,13.996411067,4.918192408,1.544414158,0.612216508,-0.012833534,0.047219180,13.999277631,4.900804303,1.543671822,0.611754554,-0.012928267,0.047497693,94.210600714,1.106626765,49.233428750,44.977171963
29.300000000,13.997359724,4.938597090,1.545979828,0.613119870,-0.012731853,0.046729273,14.000244089,4.921193069,1.545246803,0.612659371,-0.012826047,0.047006081,94.342311343,1.092956932,49.272995925,45.069315419
29.333333333,13.998273938,4.959033362,1.547529216,0.614020381,-0.012630417,0.046242286,14.001175945,4.941613513,1.546805447,0.613561375,-0.012724074,0.046517393,94.473482604,1.079385983,49.312483577,45.160999026
29.366666667,13.999153951,4.979501056,1.549062420,0.614917960,-0.012529229,0.045758208,14.002073440,4.962065466,1.548347849,0.614460487,-0.012622350,0.046031622,94.604103266,1.065913387,49.351885070,45.252218196
29.400000000,14.000000005,5.000000002,1.550579537,0.615812530,-0.012428290,0.045277033,14.002936817,4.982548758,1.549874109,0.615356630,-0.012520877,0.045548756,94.734161413,1.052540524,49.391197100,45.342964314
29.433333333,14.000812337,5.020530027,1.552080664,0.616704012,-0.012327602,0.044798756,14.003766319,5.003063220,1.551384322,0.616249724,-0.012419658,0.045068792,94.863647469,1.039258450,49.430397677,45.433249792
29.466666667,14.001591200,5.041090963,1.553565896,0.617592332,-0.012227170,0.044323337,14.004562188,5.023608679,1.552878584,0.617139693,-0.012318694,0.044591708,94.992551048,1.026062926,49.469473459,45.523077589
29.500000000,14.002336832,5.061682635,1.555035328,0.618477412,-0.012126993,0.043850761,14.005324666,5.044184963,1.554356992,0.618026461,-0.012217988,0.044117474,95.120859992,1.012958718,49.508427531,45.612432461
29.533333333,14.003049475,5.082304869,1.556489055,0.619359177,-0.012027074,0.043381007,14.006053998,5.064791898,1.555819640,0.618909952,-0.012117542,0.043646075,95.248564715,0.999942221,49.547248168,45.701316547
29.566666667,14.003729372,5.102957491,1.557927171,0.620237551,-0.011927414,0.042914052,14.006750425,5.085429311,1.557266622,0.619790090,-0.012017356,0.043177486,95.375654981,0.987012821,49.585929070,45.789725911
29.600000000,14.004376765,5.123640324,1.559349769,0.621112463,-0.011828014,0.042449873,14.007414190,5.106097024,1.558698031,0.620666802,-0.011917433,0.042711686,95.502120662,0.974169881,49.624463947,45.877656714
29.633333333,14.004991898,5.144353191,1.560756940,0.621983837,-0.011728875,0.041988449,14.008045537,5.126794863,1.560113961,0.621540013,-0.011817773,0.042248653,95.627951742,0.961412742,49.662846529,45.965105213
29.666666667,14.005575014,5.165095914,1.562148776,0.622851603,-0.011629999,0.041529758,14.008644709,5.147522647,1.561514502,0.622409652,-0.011718378,0.041788365,95.753138315,0.948740732,49.701070564,46.052067751
29.700000000,14.006126355,5.185868314,1.563525367,0.623715688,-0.011531386,0.041073779,14.009211949,5.168280200,1.562899746,0.623275647,-0.011619248,0.041330799,95.877670585,0.936153158,49.739129827,46.138540758
29.733333333,14.006646165,5.206670211,1.564886805,0.624576022,-0.011433038,0.040620490,14.009747499,5.189067342,1.564269783,0.624137925,-0.011520385,0.040875936,96.001538864,0.923649318,49.777018120,46.224520744
29.766666667,14.007134687,5.227501423,1.566233178,0.625432536,-0.011334953,0.040169870,14.010251604,5.209883891,1.565624704,0.624996418,-0.011421788,0.040423754,96.124733573,0.911228495,49.814729278,46.310004295
29.800000000,14.007592164,5.248361770,1.567564575,0.626285158,-0.011237134,0.039721899,14.010724507,5.230729666,1.566964596,0.625851055,-0.011323459,0.039974231,96.247245240,0.898889965,49.852257168,46.394988072
29.833333333,14.008018840,5.269251067,1.568881084,0.627133822,-0.011139581,0.039276555,14.011166451,5.251604484,1.568289549,0.626701768,-0.011225398,0.039527347,96.369064498,0.886632992,49.889595695,46.479468803
29.866666667,14.008414957,5.290169131,1.570182791,0.627978460,-0.011042293,0.038833818,14.011577680,5.272508162,1.569599650,0.627548488,-0.011127605,0.039083082,96.490182090,0.874456834,49.926738802,46.563443288
29.900000000,14.008780759,5.311115776,1.571469784,0.628819004,-0.010945272,0.038393667,14.011958438,5.293440515,1.570894986,0.628391148,-0.011030081,0.038641413,96.610588860,0.862360740,49.963680470,46.646908391
29.933333333,14.009116490,5.332090818,1.572742149,0.629655388,-0.010848517,0.037956080,14.012308967,5.314401357,1.572175643,0.629229681,-0.010932826,0.038202321,96.730275761,0.850343958,50.000414723,46.729861038
29.966666667,14.009422394,5.353094068,1.573999970,0.630487547,-0.010752028,0.037521038,14.012629512,5.335390502,1.573441707,0.630064022,-0.010835840,0.037765784,96.849233846,0.838405726,50.036935627,46.812298220
30.000000000,14.009698713,5.374125339,1.575243332,0.631315415,-0.010655805,0.037088519,14.012920317,5.356407763,1.574693262,0.630894105,-0.010739122,0.037331782,96.967454275,0.826545280,50.073237292,46.894216983
30.033333333,14.009945691,5.395184442,1.576472319,0.632138929,-0.010559849,0.036658503,14.013181625,5.377452951,1.575930393,0.631719867,-0.010642674,0.036900294,97.084928309,0.814761854,50.109313873,46.975614436
30.066666667,14.010163573,5.416271187,1.577687014,0.632958026,-0.010464160,0.036230968,14.013413680,5.398525876,1.577153182,0.632541242,-0.010546494,0.036471299,97.201647311,0.803054676,50.145159570,47.056487741
30.100000000,14.010352601,5.437385385,1.578887499,0.633772642,-0.010368736,0.035805895,14.013616726,5.419626349,1.578361714,0.633358168,-0.010450583,0.036044776,97.317602747,0.791422973,50.180768630,47.136834117
30.133333333,14.010513020,5.458526843,1.580073855,0.634582716,-0.010273578,0.035383261,14.013791006,5.440754178,1.579556070,0.634170583,-0.010354940,0.035620705,97.432786182,0.779865972,50.216135345,47.216650837
30.166666667,14.010645073,5.479695369,1.581246165,0.635388187,-0.010178685,0.034963047,14.013936766,5.461909171,1.580736331,0.634978425,-0.010259566,0.035199064,97.547189282,0.768382896,50.251254056,47.295935226
30.200000000,14.010749004,5.500890769,1.582404508,0.636188993,-0.010084058,0.034545231,14.014054248,5.483091135,1.581902578,0.635781634,-0.010164459,0.034779833,97.660803815,0.756972967,50.286119152,47.374684663
30.233333333,14.010825058,5.522112849,1.583548964,0.636985076,-0.009989695,0.034129792,14.014143698,5.504299877,1.583054890,0.636580148,-0.010069620,0.034362991,97.773621644,0.745635408,50.320725069,47.452896576
30.266666667,14.010873477,5.543361415,1.584679611,0.637776375,-0.009895597,0.033716709,14.014205358,5.525535201,1.584193348,0.637373909,-0.009975047,0.033948516,97.885634734,0.734369441,50.355066292,47.530568442
30.300000000,14.010894505,5.564636270,1.585796528,0.638562832,-0.009801762,0.033305962,14.014239473,5.546796912,1.585318030,0.638162857,-0.009880741,0.033536388,97.996835145,0.723174287,50.389137355,47.607697790
30.333333333,14.010888388,5.585937217,1.586899792,0.639344390,-0.009708190,0.032897529,14.014246288,5.568084813,1.586429013,0.638946935,-0.009786700,0.033126586,98.107215036,0.712049168,50.422932840,47.684282196
30.366666667,14.010855368,5.607264059,1.587989481,0.640120992,-0.009614881,0.032491389,14.014226045,5.589398708,1.587526375,0.639726085,-0.009692925,0.032719089,98.216766663,0.700993305,50.456447380,47.760319283
30.400000000,14.010795689,5.628616596,1.589065670,0.640892580,-0.009521834,0.032087521,14.014178990,5.610738397,1.588610192,0.640500250,-0.009599414,0.032313875,98.325482375,0.690005923,50.489675654,47.835806721
30.433333333,14.010709597,5.649994631,1.590128434,0.641659099,-0.009429048,0.031685904,14.014105367,5.632103681,1.589680540,0.641269374,-0.009506168,0.031910923,98.433354620,0.679086244,50.522612394,47.910742226
30.466666667,14.010597333,5.671397961,1.591177849,0.642420494,-0.009336522,0.031286517,14.014005419,5.653494362,1.590737495,0.642033402,-0.009413184,0.031510213,98.540375939,0.668233492,50.555252377,47.985123561
30.500000000,14.010459143,5.692826386,1.592213987,0.643176710,-0.009244256,0.030889338,14.013879392,5.674910237,1.591781129,0.642792278,-0.009320463,0.031111723,98.646538967,0.657446894,50.587590434,48.058948533
30.533333333,14.010295271,5.714279705,1.593236924,0.643927694,-0.009152249,0.030494347,14.013727528,5.696351105,1.592811518,0.643545948,-0.009228003,0.030715432,98.751836434,0.646725677,50.619621442,48.132214993
30.566666667,14.010105960,5.735757714,1.594246730,0.644673392,-0.009060500,0.030101522,14.013550073,5.717816765,1.593828734,0.644294360,-0.009135804,0.030321318,98.856261162,0.636069068,50.651340327,48.204920836
30.600000000,14.009891455,5.757260210,1.595243479,0.645413752,-0.008969008,0.029710842,14.013347270,5.739307012,1.594832849,0.645037459,-0.009043865,0.029929362,98.959806066,0.625476297,50.682742067,48.277064000
30.633333333,14.009652000,5.778786988,1.596227240,0.646148721,-0.008877773,0.029322286,14.013119364,5.760821643,1.595823935,0.645775195,-0.008952184,0.029539541,99.062464153,0.614946597,50.713821686,48.348642467
30.666666667,14.009387838,5.800337844,1.597198085,0.646878250,-0.008786792,0.028935833,14.012866599,5.782360452,1.596802062,0.646507514,-0.008860762,0.029151834,99.164228520,0.604479200,50.744574260,48.419654260
30.700000000,14.009099214,5.821912571,1.598156083,0.647602286,-0.008696066,0.028551462,14.012589220,5.803923235,1.597767301,0.647234367,-0.008769596,0.028766220,99.265092357,0.594073341,50.774994912,48.490097445
30.733333333,14.008786371,5.843510962,1.599101304,0.648320780,-0.008605593,0.028169151,14.012287470,5.825509784,1.598719721,0.647955703,-0.008678687,0.028382678,99.365048943,0.583728258,50.805078814,48.559970129
30.766666667,14.008449555,5.865132810,1.600033815,0.649033682,-0.008515372,0.027788878,14.011961593,5.847119893,1.599659391,0.648671472,-0.008588032,0.028001187,99.464091647,0.573443189,50.834821188,48.629270460
30.800000000,14.008089008,5.886777908,1.600953684,0.649740945,-0.008425403,0.027410624,14.011611834,5.868753354,1.600586379,0.649381626,-0.008497632,0.027621725,99.562213927,0.563217376,50.864217302,48.697996625
30.833333333,14.007704974,5.908446045,1.601860979,0.650442519,-0.008335683,0.027034367,14.011238438,5.890409958,1.601500752,0.650086115,-0.008407483,0.027244271,99.659409330,0.553050062,50.893262476,48.766146854
30.866666667,14.007297698,5.930137011,1.602755764,0.651138357,-0.008246212,0.026660085,14.010841647,5.912089494,1.602402577,0.650784892,-0.008317587,0.026868805,99.755671491,0.542940491,50.921952075,48.833719416
30.900000000,14.006867424,5.951850597,1.603638107,0.651828412,-0.008156989,0.026287758,14.010421707,5.933791754,1.603291919,0.651477909,-0.008227941,0.026495305,99.850994133,0.532887913,50.950281515,48.900712618
30.933333333,14.006414395,5.973586591,1.604508071,0.652512638,-0.008068013,0.025917365,14.009978861,5.955516526,1.604168844,0.652165121,-0.008138544,0.026123749,99.945371064,0.522891577,50.978246258,48.967124807
30.966666667,14.005938856,5.995344781,1.605365721,0.653190989,-0.007979282,0.025548883,14.009513354,5.977263599,1.605033416,0.652846481,-0.008049395,0.025754118,100.038796183,0.512950736,51.005841814,49.032954369
31.000000000,14.005441049,6.017124955,1.606211120,0.653863420,-0.007890795,0.025182293,14.009025430,5.999032760,1.605885699,0.653521943,-0.007960493,0.025386389,100.131263470,0.503064643,51.033063742,49.098199728
31.033333333,14.004921220,6.038926898,1.607044331,0.654529887,-0.007802551,0.024817573,14.008515332,6.020823795,1.606725757,0.654191463,-0.007871836,0.025020542,100.222766993,0.493232558,51.059907646,49.162859347
31.066666667,14.004379612,6.060750397,1.607865416,0.655190345,-0.007714549,0.024454703,14.007983305,6.042636492,1.607553651,0.654854996,-0.007783423,0.024656555,100.313300907,0.483453738,51.086369181,49.226931726
31.100000000,14.003816468,6.082595236,1.608674436,0.655844751,-0.007626787,0.024093661,14.007429592,6.064470635,1.608369443,0.655512500,-0.007695254,0.024294409,100.402859447,0.473727447,51.112444045,49.290415402
31.133333333,14.003232033,6.104461201,1.609471452,0.656493062,-0.007539263,0.023734426,14.006854438,6.086326010,1.609173194,0.656163930,-0.007607326,0.023934081,100.491436937,0.464052950,51.138127987,49.353308950
31.166666667,14.002626550,6.126348074,1.610256523,0.657135237,-0.007451978,0.023376977,14.006258087,6.108202399,1.609964964,0.656809244,-0.007519638,0.023575550,100.579027780,0.454429512,51.163416799,49.415610982
31.200000000,14.002000262,6.148255639,1.611029709,0.657771234,-0.007364929,0.023021294,14.005640782,6.130099587,1.610744813,0.657448401,-0.007432189,0.023218797,100.665626466,0.444856406,51.188306321,49.477320145
31.233333333,14.001353414,6.170183679,1.611791068,0.658401011,-0.007278114,0.022667356,14.005002767,6.152017357,1.611512801,0.658081359,-0.007344978,0.022863800,100.751227565,0.435332902,51.212792441,49.538435125
31.266666667,14.000686249,6.192131975,1.612540658,0.659024528,-0.007191533,0.022315142,14.004344286,6.173955490,1.612268984,0.658708078,-0.007258002,0.022510538,100.835825731,0.425858277,51.236871090,49.598954641
31.300000000,13.999999010,6.214100308,1.613278537,0.659641745,-0.007105185,0.021964632,14.003665583,6.195913767,1.613013420,0.659328516,-0.007171261,0.022158991,100.919415698,0.416431807,51.260538247,49.658877451
31.333333333,13.999291941,6.236088458,1.614004760,0.660252623,-0.007019066,0.021615803,14.002966902,6.217891970,1.613746167,0.659942636,-0.007084754,0.021809137,101.001992284,0.407052773,51.283789937,49.718202347
31.366666667,13.998565285,6.258096206,1.614719384,0.660857124,-0.006933177,0.021268637,14.002248485,6.239889878,1.614467281,0.660550396,-0.006998478,0.021460957,101.083550384,0.397720459,51.306622229,49.776928155
31.400000000,13.997819286,6.280123330,1.615422463,0.661455208,-0.006847516,0.020923113,14.001510577,6.261907272,1.615176816,0.661151760,-0.006912432,0.021114429,101.164084976,0.388434150,51.329031238,49.835053738
31.433333333,13.997054186,6.302169609,1.616114052,0.662046838,-0.006762081,0.020579209,14.000753421,6.283943929,1.615874828,0.661746689,-0.006826615,0.020769533,101.243591118,0.379193134,51.351013125,49.892577993
31.466666667,13.996270230,6.324234820,1.616794204,0.662631978,-0.006676871,0.020236905,13.999977261,6.305999627,1.616561370,0.662335145,-0.006741025,0.020426249,101.322063947,0.369996703,51.372564094,49.949499853
31.500000000,13.995467660,6.346318742,1.617462973,0.663210590,-0.006591884,0.019896182,13.999182339,6.328074145,1.617236497,0.662917093,-0.006655661,0.020084556,101.399498678,0.360844149,51.393680395,50.005818283
31.533333333,13.994646720,6.368421150,1.618120411,0.663782638,-0.006507118,0.019557018,13.998368900,6.350167260,1.617900260,0.663492495,-0.006570521,0.019744433,101.475890607,0.351734770,51.414358323,50.061532284
31.566666667,13.993807651,6.390541821,1.618766569,0.664348088,-0.006422573,0.019219393,13.997537186,6.372278747,1.618552711,0.664061315,-0.006485604,0.019405861,101.551235106,0.342667865,51.434594215,50.116640890
31.600000000,13.992950698,6.412680530,1.619401498,0.664906903,-0.006338246,0.018883287,13.996687441,6.394408382,1.619193903,0.664623519,-0.006400908,0.019068818,101.625527626,0.333642734,51.454384455,50.171143170
31.633333333,13.992076104,6.434837053,1.620025250,0.665459051,-0.006254136,0.018548680,13.995819907,6.416555941,1.619823886,0.665179073,-0.006316431,0.018733286,101.698763695,0.324658683,51.473725469,50.225038226
31.666666667,13.991184110,6.457011162,1.620637873,0.666004496,-0.006170242,0.018215552,13.994934828,6.438721198,1.620442709,0.665727940,-0.006232172,0.018399242,101.770938919,0.315715019,51.492613727,50.278325192
31.700000000,13.990274960,6.479202633,1.621239416,0.666543205,-0.006086562,0.017883882,13.994032447,6.460903927,1.621050422,0.666270089,-0.006148129,0.018066669,101.842048979,0.306811051,51.511045741,50.331003238
31.733333333,13.989348896,6.501411238,1.621829927,0.667075147,-0.006003093,0.017553651,13.993113007,6.483103902,1.621647074,0.666805486,-0.006064301,0.017735544,101.912089633,0.297946091,51.529018069,50.383071564
31.766666667,13.988406161,6.523636750,1.622409455,0.667600287,-0.005919836,0.017224838,13.992176749,6.505320895,1.622232713,0.667334099,-0.005980686,0.017405849,101.981056716,0.289119455,51.546527311,50.434529406
31.800000000,13.987446997,6.545878940,1.622978046,0.668118595,-0.005836787,0.016897424,13.991223918,6.527554679,1.622807385,0.667855895,-0.005897282,0.017077564,102.048946137,0.280330460,51.563570107,50.485376030
31.833333333,13.986471647,6.568137581,1.623535747,0.668630039,-0.005753946,0.016571388,13.990254756,6.549805025,1.623371138,0.668370843,-0.005814088,0.016750668,102.115753881,0.271578426,51.580143145,50.535610736
31.866666667,13.985480353,6.590412443,1.624082602,0.669134589,-0.005671310,0.016246712,13.989269504,6.572071705,1.623924017,0.668878911,-0.005731102,0.016425141,102.181476006,0.262862676,51.596243150,50.585232856
31.900000000,13.984473357,6.612703297,1.624618658,0.669632214,-0.005588878,0.015923375,13.988268406,6.594354489,1.624466069,0.669380071,-0.005648322,0.016100965,102.246108647,0.254182535,51.611866892,50.634241755
31.933333333,13.983450902,6.635009913,1.625143958,0.670122885,-0.005506649,0.015601358,13.987251704,6.616653148,1.624997336,0.669874290,-0.005565747,0.015778119,102.309648011,0.245537332,51.627011182,50.682636829
31.966666667,13.982413228,6.657332060,1.625658546,0.670606572,-0.005424621,0.015280641,13.986219640,6.638967451,1.625517865,0.670361541,-0.005483375,0.015456583,102.372090380,0.236926396,51.641672874,50.730417506
32.000000000,13.981360579,6.679669507,1.626162465,0.671083246,-0.005342791,0.014961204,13.985172456,6.661297167,1.626027697,0.670841793,-0.005401204,0.015136339,102.433432108,0.228349060,51.655848862,50.777583246
32.033333333,13.980293195,6.702022022,1.626655758,0.671552880,-0.005261159,0.014643028,13.984110394,6.683642066,1.626526876,0.671315019,-0.005319233,0.014817366,102.493669622,0.219804661,51.669536082,50.824133541
32.066666667,13.979211319,6.724389374,1.627138465,0.672015446,-0.005179722,0.014326094,13.983033697,6.706001915,1.627015444,0.671781190,-0.005237460,0.014499645,102.552799424,0.211292535,51.682731510,50.870067914
32.100000000,13.978115192,6.746771330,1.627610629,0.672470916,-0.005098480,0.014010383,13.981942605,6.728376482,1.627493441,0.672240280,-0.005155882,0.014183157,102.610818086,0.202812024,51.695432166,50.915385920
32.133333333,13.977005056,6.769167656,1.628072289,0.672919263,-0.005017429,0.013695874,13.980837360,6.750765534,1.627960910,0.672692261,-0.005074500,0.013867883,102.667722252,0.194362470,51.707635107,50.960087145
32.166666667,13.975881151,6.791578120,1.628523486,0.673360463,-0.004936569,0.013382549,13.979718205,6.773168837,1.628417889,0.673137106,-0.004993310,0.013553803,102.723508638,0.185943219,51.719337432,51.004171207
32.200000000,13.974743719,6.814002487,1.628964258,0.673794488,-0.004855898,0.013070389,13.978585380,6.795586159,1.628864419,0.673574790,-0.004912310,0.013240897,102.778174032,0.177553617,51.730536280,51.047637752
32.233333333,13.973593001,6.836440522,1.629394644,0.674221313,-0.004775413,0.012759375,13.977439128,6.818017265,1.629300539,0.674005287,-0.004831500,0.012929148,102.831715293,0.169193017,51.741228832,51.090486461
32.266666667,13.972429238,6.858891992,1.629814682,0.674640914,-0.004695114,0.012449487,13.976279688,6.840461920,1.629726285,0.674428572,-0.004750878,0.012618536,102.884129349,0.160860769,51.751412306,51.132717043
32.300000000,13.971252672,6.881356661,1.630224410,0.675053267,-0.004614999,0.012140707,13.975107302,6.862919889,1.630141697,0.674844620,-0.004670441,0.012309041,102.935413201,0.152556228,51.761083962,51.174329239
32.333333333,13.970063541,6.903834292,1.630623863,0.675458347,-0.004535065,0.011833016,13.973922212,6.885390937,1.630546811,0.675253408,-0.004590188,0.012000645,102.985563917,0.144278752,51.770241098,51.215322819
32.366666667,13.968862088,6.926324650,1.631013077,0.675856131,-0.004455311,0.011526394,13.972724657,6.907874828,1.630941663,0.675654912,-0.004510117,0.011693330,103.034578637,0.136027701,51.778881051,51.255697587
32.400000000,13.967648553,6.948827498,1.631392089,0.676246597,-0.004375736,0.011220824,13.971514879,6.930371325,1.631326290,0.676049109,-0.004430226,0.011387076,103.082454571,0.127802435,51.787001199,51.295453373
32.433333333,13.966423175,6.971342599,1.631760933,0.676629722,-0.004296336,0.010916287,13.970293118,6.952880191,1.631700725,0.676435975,-0.004350514,0.011081864,103.129188997,0.119602318,51.794598957,51.334590040
32.466666667,13.965186195,6.993869716,1.632119642,0.677005484,-0.004217112,0.010612763,13.969059614,6.975401190,1.632065004,0.676815490,-0.004270979,0.010777676,103.174779261,0.111426717,51.801671779,51.373107481
32.500000000,13.963937854,7.016408612,1.632468251,0.677373861,-0.004138061,0.010310235,13.967814608,6.997934083,1.632419160,0.677187631,-0.004191619,0.010474494,103.219222779,0.103275001,51.808217160,51.411005619
32.533333333,13.962678390,7.038959046,1.632806792,0.677734833,-0.004059180,0.010008683,13.966558341,7.020478634,1.632763227,0.677552378,-0.004112432,0.010172298,103.262517036,0.095146538,51.814232630,51.448284407
32.566666667,13.961408044,7.061520782,1.633135297,0.678088379,-0.003980469,0.009708090,13.965291051,7.043034602,1.633097237,0.677909708,-0.004033416,0.009871071,103.304659585,0.087040702,51.819715758,51.484943827
32.600000000,13.960127055,7.084093580,1.633453799,0.678434480,-0.003901926,0.009408437,13.964012979,7.065601751,1.633421222,0.678259603,-0.003954570,0.009570794,103.345648044,0.078956868,51.824664152,51.520983892
32.633333333,13.958835663,7.106677202,1.633762328,0.678773115,-0.003823548,0.009109705,13.962724364,7.088179840,1.633735213,0.678602042,-0.003875892,0.009271448,103.385480102,0.070894411,51.829075457,51.556404645
32.666666667,13.957534107,7.129271406,1.634060914,0.679104265,-0.003745335,0.008811877,13.961425446,7.110768630,1.634039242,0.678937006,-0.003797380,0.008973015,103.424153515,0.062852711,51.832947356,51.591206159
32.700000000,13.956222625,7.151875954,1.634349588,0.679427911,-0.003667283,0.008514935,13.960116465,7.133367881,1.634333338,0.679264476,-0.003719032,0.008675478,103.461666104,0.054831149,51.836277570,51.625388534
32.733333333,13.954901458,7.174490604,1.634628378,0.679744036,-0.003589392,0.008218859,13.958797659,7.155977353,1.634617531,0.679584433,-0.003640846,0.008378817,103.498015758,0.046829107,51.839063855,51.658951904
32.766666667,13.953570844,7.197115117,1.634897314,0.680052622,-0.003511660,0.007923633,13.957469267,7.178596806,1.634891849,0.679896860,-0.003562820,0.008083015,103.533200434,0.038845970,51.841304005,51.691896428
32.800000000,13.952231021,7.219749250,1.635156423,0.680353651,-0.003434084,0.007629237,13.956131530,7.201225999,1.635156322,0.680201738,-0.003484954,0.007788053,103.567218153,0.030881124,51.842995854,51.724222299
32.833333333,13.950882228,7.242392764,1.635405732,0.680647107,-0.003356663,0.007335655,13.954784684,7.223864690,1.635410976,0.680499052,-0.003407244,0.007493915,103.600067003,0.022933958,51.844137267,51.755929736
32.866666667,13.949524704,7.265045415,1.635645269,0.680932973,-0.003279396,0.007042868,13.953428969,7.246512638,1.635655840,0.680788784,-0.003329690,0.007200581,103.631745139,0.015003862,51.844726151,51.787018989
32.900000000,13.948158685,7.287706963,1.635875059,0.681211232,-0.003202280,0.006750858,13.952064623,7.269169601,1.635890939,0.681070917,-0.003252288,0.006908034,103.662250781,0.007090228,51.844760445,51.817490337
32.933333333,13.946784411,7.310377164,1.636095129,0.681481870,-0.003125313,0.006459607,13.950691885,7.291835338,1.636116299,0.681345437,-0.003175038,0.006616256,103.691582214,-0.000807550,51.844238127,51.847344087
32.966666667,13.945402119,7.333055777,1.636305502,0.681744872,-0.003048494,0.006169099,13.949310992,7.314509605,1.636331946,0.681612328,-0.003097938,0.006325230,103.719737789,-0.008690076,51.843157210,51.876580579
33.000000000,13.944012047,7.355742558,1.636506205,0.682000223,-0.002971821,0.005879315,13.947922182,7.337192160,1.636537904,0.681871575,-0.003020985,0.006034937,103.746715921,-0.016557953,51.841515743,51.905200178
33.033333333,13.942614431,7.378437264,1.636697260,0.682247907,-0.002895293,0.005590237,13.946525693,7.359882760,1.636734199,0.682123164,-0.002944178,0.005745360,103.772515090,-0.024411782,51.839311810,51.933203280
33.066666667,13.941209510,7.401139652,1.636878691,0.682487913,-0.002818906,0.005301848,13.945121763,7.382581161,1.636920852,0.682367080,-0.002867516,0.005456481,103.797133843,-0.032252162,51.836543532,51.960590311
33.100000000,13.939797521,7.423849478,1.637050520,0.682720226,-0.002742660,0.005014131,13.943710628,7.405287121,1.637097887,0.682603310,-0.002790996,0.005168283,103.820570788,-0.040079691,51.833209065,51.987361724
33.133333333,13.938378699,7.446566498,1.637212770,0.682944834,-0.002666553,0.004727068,13.942292526,7.428000396,1.637265327,0.682831841,-0.002714616,0.004880749,103.842824600,-0.047894965,51.829306598,52.013518002
33.166666667,13.936953283,7.469290468,1.637365462,0.683161724,-0.002590582,0.004440642,13.940867694,7.450720740,1.637423194,0.683052661,-0.002638374,0.004593861,103.863894017,-0.055698578,51.824834358,52.039059659
33.200000000,13.935521508,7.492021144,1.637508616,0.683370884,-0.002514747,0.004154835,13.939436368,7.473447911,1.637571508,0.683265756,-0.002562270,0.004307601,103.883777840,-0.063491124,51.819790605,52.063987235
33.233333333,13.934083610,7.514758281,1.637642255,0.683572302,-0.002439045,0.003869630,13.937998785,7.496181663,1.637710290,0.683471116,-0.002486300,0.004021952,103.902474934,-0.071273193,51.814173635,52.088301299
33.266666667,13.932639826,7.537501633,1.637766396,0.683765968,-0.002363474,0.003585009,13.936555182,7.518921752,1.637839561,0.683668728,-0.002410464,0.003736897,103.919984230,-0.079045375,51.807981778,52.112002452
33.300000000,13.931190391,7.560250956,1.637881059,0.683951870,-0.002288033,0.003300956,13.935105794,7.541667933,1.637959340,0.683858582,-0.002334758,0.003452419,103.936304719,-0.086808260,51.801213398,52.135091322
33.333333333,13.929735542,7.583006005,1.637986264,0.684129998,-0.002212719,0.003017454,13.933650857,7.564419961,1.638069645,0.684040667,-0.002259183,0.003168501,103.951435458,-0.094562434,51.793866893,52.157568564
33.366666667,13.928275513,7.605766534,1.638082027,0.684300343,-0.002137532,0.002734485,13.932190608,7.587177589,1.638170496,0.684214974,-0.002183734,0.002885125,103.965375563,-0.102308484,51.785940698,52.179434865
33.400000000,13.926810541,7.628532297,1.638168368,0.684462894,-0.002062468,0.002452032,13.930725281,7.609940574,1.638261909,0.684381492,-0.002108412,0.002602274,103.978124218,-0.110046992,51.777433278,52.200690940
33.433333333,13.925340859,7.651303048,1.638245301,0.684617643,-0.001987527,0.002170079,13.929255112,7.632708668,1.638343903,0.684540212,-0.002033214,0.002319932,103.989680667,-0.117778543,51.768343135,52.221337532
33.466666667,13.923866702,7.674078542,1.638312844,0.684764581,-0.001912707,0.001888608,13.927780337,7.655481625,1.638416494,0.684691126,-0.001958137,0.002038081,104.000044215,-0.125503719,51.758668802,52.241375412
33.500000000,13.922388307,7.696858531,1.638371013,0.684903700,-0.001838005,0.001607602,13.926301189,7.678259201,1.638479698,0.684834224,-0.001883181,0.001756704,104.009214232,-0.133223099,51.748408849,52.260805383
33.533333333,13.920905905,7.719642770,1.638419823,0.685034992,-0.001763420,0.001327045,13.924817903,7.701041147,1.638533530,0.684969499,-0.001808343,0.001475785,104.017190150,-0.140937263,51.737561876,52.279628274
33.566666667,13.919419733,7.742431011,1.638459288,0.685158450,-0.001688950,0.001046919,13.923330715,7.723827219,1.638578005,0.685096944,-0.001733622,0.001195307,104.023971461,-0.148646790,51.726126518,52.297844943
33.600000000,13.917930023,7.765223008,1.638489423,0.685274066,-0.001614593,0.000767209,13.921839858,7.746617168,1.638613139,0.685216551,-0.001659016,0.000915252,104.029557722,-0.156352257,51.714101444,52.315456278
33.633333333,13.916437010,7.788018515,1.638510240,0.685381835,-0.001540348,0.000487896,13.920345566,7.769410749,1.638638944,0.685328313,-0.001584523,0.000635604,104.033948549,-0.164054238,51.701485355,52.332463195
33.666666667,13.914940927,7.810817283,1.638521754,0.685481750,-0.001466212,0.000208965,13.918848072,7.792207714,1.638655434,0.685432224,-0.001510141,0.000356347,104.037143622,-0.171753310,51.688276984,52.348866638
33.700000000,13.913442007,7.833619067,1.638523977,0.685573805,-0.001392185,-0.000069601,13.917347612,7.815007816,1.638662622,0.685528278,-0.001435868,0.000077463,104.039142680,-0.179450046,51.674475098,52.364667582
33.733333333,13.911940483,7.856423618,1.638516920,0.685657995,-0.001318263,-0.000347819,13.915844417,7.837810809,1.638660520,0.685616470,-0.001361703,-0.000201063,104.039945527,-0.187145018,51.660078498,52.379867029
33.766666667,13.910436589,7.879230688,1.638500595,0.685734315,-0.001244445,-0.000625705,13.914338720,7.860616443,1.638649139,0.685696794,-0.001287643,-0.000479250,104.039552024,-0.194838799,51.645086015,52.394466009
33.800000000,13.908930555,7.902040031,1.638475012,0.685802761,-0.001170730,-0.000903276,13.912830755,7.883424473,1.638628491,0.685769246,-0.001213688,-0.000757112,104.037962097,-0.202531958,51.629496514,52.408465583
33.833333333,13.907422616,7.924851399,1.638440182,0.685863328,-0.001097116,-0.001180549,13.911320755,7.906234651,1.638598585,0.685833821,-0.001139834,-0.001034667,104.035175731,-0.210225066,51.613308891,52.421866839
33.866666667,13.905913002,7.947664544,1.638396115,0.685916014,-0.001023600,-0.001457539,13.909808950,7.929046728,1.638559433,0.685890516,-0.001066081,-0.001311932,104.031192972,-0.217918693,51.596522077,52.434670895
33.900000000,13.904401946,7.970479219,1.638342819,0.685960814,-0.000950182,-0.001734264,13.908295575,7.951860457,1.638511044,0.685939327,-0.000992426,-0.001588922,104.026013928,-0.225613404,51.579135032,52.446878896
33.933333333,13.902889679,7.993295174,1.638280303,0.685997725,-0.000876858,-0.002010740,13.906780859,7.974675591,1.638453425,0.685980252,-0.000918868,-0.001865654,104.019638767,-0.233309769,51.561146750,52.458492017
33.966666667,13.901376432,8.016112163,1.638208576,0.686026746,-0.000803629,-0.002286983,13.905265035,7.997491881,1.638386587,0.686013286,-0.000845404,-0.002142145,104.012067719,-0.241008354,51.542556256,52.469511462
34.000000000,13.899862437,8.038929936,1.638127644,0.686047874,-0.000730490,-0.002563009,13.903748335,8.020309079,1.638310536,0.686038429,-0.000772034,-0.002418410,104.003301071,-0.248709723,51.523362608,52.479938464
34.033333333,13.898347924,8.061748247,1.638037515,0.686061108,-0.000657442,-0.002838835,13.902230989,8.043126937,1.638225279,0.686055678,-0.000698755,-0.002694467,103.993339175,-0.256414441,51.503564893,52.489774282
34.066666667,13.896833123,8.084566847,1.637938195,0.686066446,-0.000584482,-0.003114477,13.900713228,8.065945207,1.638130824,0.686065032,-0.000625565,-0.002970331,103.982182440,-0.264123074,51.483162232,52.499020208
34.100000000,13.895318266,8.107385487,1.637829689,0.686063888,-0.000511608,-0.003389951,13.899195282,8.088763642,1.638027176,0.686066489,-0.000552463,-0.003246019,103.969831337,-0.271836183,51.462153777,52.507677560
34.133333333,13.893803582,8.130203919,1.637712004,0.686053432,-0.000438819,-0.003665273,13.897677382,8.111581992,1.637914342,0.686060050,-0.000479447,-0.003521547,103.956286397,-0.279554333,51.440538713,52.515747684
34.166666667,13.892289300,8.153021896,1.637585144,0.686035080,-0.000366112,-0.003940461,13.896159758,8.134400009,1.637792325,0.686045714,-0.000406514,-0.003796931,103.941548210,-0.287278084,51.418316252,52.523231959
34.200000000,13.890775650,8.175839168,1.637449114,0.686008831,-0.000293487,-0.004215529,13.894642640,8.157217446,1.637661131,0.686023480,-0.000333664,-0.004072187,103.925617429,-0.295007998,51.395485641,52.530131788
34.233333333,13.889262862,8.198655487,1.637303916,0.685974686,-0.000220940,-0.004490494,13.893126256,8.180034053,1.637520764,0.685993351,-0.000260895,-0.004347332,103.908494763,-0.302744637,51.372046157,52.536448606
34.266666667,13.887751163,8.221470605,1.637149554,0.685932646,-0.000148472,-0.004765372,13.891610837,8.202849583,1.637371227,0.685955325,-0.000188204,-0.004622381,103.890180983,-0.310488559,51.347997108,52.542183875
34.300000000,13.886240784,8.244284274,1.636986031,0.685882713,-0.000076079,-0.005040179,13.890096611,8.225663787,1.637212523,0.685909406,-0.000115590,-0.004897351,103.870676921,-0.318240326,51.323337834,52.547339087
34.333333333,13.884731951,8.267096245,1.636813349,0.685824889,-0.000003759,-0.005314931,13.888583806,8.248476417,1.637044655,0.685855594,-0.000043052,-0.005172258,103.849983467,-0.326000495,51.298067704,52.551915763
34.366666667,13.883224894,8.289906270,1.636631509,0.685759176,0.000068488,-0.005589645,13.887072652,8.271287224,1.636867623,0.685793892,0.000029414,-0.005447117,103.828101570,-0.333769627,51.272186119,52.555915452
34.400000000,13.881719840,8.312714101,1.636440513,0.685685577,0.000140664,-0.005864335,13.885563375,8.294095961,1.636681430,0.685724303,0.000101807,-0.005721946,103.805032242,-0.341548278,51.245692510,52.559339732
34.433333333,13.880217016,8.335519488,1.636240361,0.685604094,0.000212772,-0.006139019,13.884056205,8.316902379,1.636486077,0.685646828,0.000174131,-0.005996759,103.780776552,-0.349337006,51.218586341,52.562190211
34.466666667,13.878716649,8.358322185,1.636031052,0.685514733,0.000284813,-0.006413712,13.882551368,8.339706230,1.636281563,0.685561472,0.000246387,-0.006271572,103.755335628,-0.357136370,51.190867103,52.564468526
34.500000000,13.877218967,8.381121943,1.635812587,0.685417495,0.000356788,-0.006688430,13.881049091,8.362507265,1.636067888,0.685468239,0.000318576,-0.006546403,103.728710660,-0.364946925,51.162534320,52.566176341
34.533333333,13.875724196,8.403918513,1.635584964,0.685312387,0.000428700,-0.006963188,13.879549602,8.385305236,1.635845052,0.685367132,0.000390701,-0.006821266,103.700902896,-0.372769229,51.133587546,52.567315350
34.566666667,13.874232563,8.426711648,1.635348181,0.685199412,0.000500551,-0.007238004,13.878053127,8.408099896,1.635613052,0.685258156,0.000462763,-0.007096178,103.671913643,-0.380603837,51.104026365,52.567887278
34.600000000,13.872744292,8.449501099,1.635102237,0.685078575,0.000572341,-0.007512892,13.876559892,8.430890996,1.635371888,0.685141315,0.000534764,-0.007371154,103.641744268,-0.388451305,51.073850393,52.567893875
34.633333333,13.871259611,8.472286618,1.634847129,0.684949883,0.000644073,-0.007787869,13.875070123,8.453678289,1.635121557,0.685016616,0.000606705,-0.007646211,103.610396198,-0.396312189,51.043059273,52.567336925
34.666666667,13.869778744,8.495067958,1.634582853,0.684813340,0.000715749,-0.008062951,13.873584046,8.476461525,1.634862055,0.684884064,0.000678589,-0.007921363,103.577870917,-0.404187044,51.011652682,52.566218236
34.700000000,13.868301916,8.517844871,1.634309406,0.684668954,0.000787369,-0.008338152,13.872101887,8.499240459,1.634593380,0.684743664,0.000750417,-0.008196628,103.544169973,-0.412076424,50.979630324,52.564539649
34.733333333,13.866829353,8.540617109,1.634026784,0.684516731,0.000858937,-0.008613490,13.870623870,8.522014841,1.634315527,0.684595424,0.000822191,-0.008472020,103.509294967,-0.419980885,50.946991935,52.562303032
34.766666667,13.865361278,8.563384424,1.633734981,0.684356677,0.000930453,-0.008888979,13.869150219,8.544784424,1.634028492,0.684439350,0.000893913,-0.008747556,103.473247565,-0.427900980,50.913737282,52.559510283
34.800000000,13.863897917,8.586146569,1.633433993,0.684188801,0.001001919,-0.009164636,13.867681161,8.567548961,1.633732270,0.684275450,0.000965583,-0.009023252,103.436029489,-0.435837264,50.879866159,52.556163330
34.833333333,13.862439491,8.608903296,1.633123813,0.684013111,0.001073338,-0.009440476,13.866216918,8.590308204,1.633426855,0.684103731,0.001037205,-0.009299122,103.397642520,-0.443790291,50.845378392,52.552264128
34.866666667,13.860986226,8.631654359,1.632804435,0.683829613,0.001144709,-0.009716515,13.864757715,8.613061907,1.633112241,0.683924201,0.001108780,-0.009575184,103.358088500,-0.451760614,50.810273838,52.547814662
34.900000000,13.859538344,8.654399510,1.632475852,0.683638318,0.001216037,-0.009992770,13.863303774,8.635809821,1.632788422,0.683736868,0.001180308,-0.009851452,103.317369330,-0.459748787,50.774552382,52.542816948
34.933333333,13.858096068,8.677138501,1.632138058,0.683439234,0.001287321,-0.010269254,13.861855320,8.658551699,1.632455389,0.683541742,0.001251793,-0.010127942,103.275486969,-0.467755363,50.738213940,52.537273029
34.966666667,13.856659621,8.699871087,1.631791043,0.683232370,0.001358564,-0.010545985,13.860412574,8.681287296,1.632113137,0.683338832,0.001323236,-0.010404671,103.232443435,-0.475780895,50.701258457,52.531184978
35.000000000,13.855229224,8.722597020,1.631434799,0.683017737,0.001429767,-0.010822978,13.858975760,8.704016363,1.631761656,0.683128146,0.001394638,-0.010681654,103.188240808,-0.483825937,50.663685909,52.524554899
35.033333333,13.853805101,8.745316054,1.631069318,0.682795344,0.001500933,-0.011100248,13.857545099,8.726738655,1.631400937,0.682909696,0.001466002,-0.010958906,103.142881223,-0.491891041,50.625496301,52.517384921
35.066666667,13.852387471,8.768027943,1.630694590,0.682565202,0.001572062,-0.011377812,13.856120813,8.749453925,1.631030972,0.682683491,0.001537328,-0.011236443,103.096366877,-0.499976760,50.586689668,52.509677208
35.100000000,13.850976556,8.790732439,1.630310605,0.682327323,0.001643157,-0.011655685,13.854703125,8.772161927,1.630651751,0.682449543,0.001608619,-0.011514281,103.048700025,-0.508083647,50.547266076,52.501433949
35.133333333,13.849572578,8.813429298,1.629917352,0.682081716,0.001714218,-0.011933882,13.853292254,8.794862414,1.630263263,0.682207862,0.001679876,-0.011792435,102.999882983,-0.516212254,50.507225618,52.492657364
35.166666667,13.848175756,8.836118273,1.629514820,0.681828395,0.001785248,-0.012212419,13.851888421,8.817555142,1.629865497,0.681958460,0.001751101,-0.012070922,102.949918124,-0.524363133,50.466568421,52.483349703
35.200000000,13.846786311,8.858799119,1.629102998,0.681567370,0.001856249,-0.012491313,13.850491848,8.840239863,1.629458443,0.681701349,0.001822296,-0.012349756,102.898807881,-0.532536838,50.425294637,52.473513244
35.233333333,13.845404462,8.881471590,1.628681874,0.681298656,0.001927221,-0.012770577,13.849102754,8.862916332,1.629042089,0.681436541,0.001893461,-0.012628954,102.846554747,-0.540733919,50.383404452,52.463150295
35.266666667,13.844030429,8.904135441,1.628251434,0.681022264,0.001998168,-0.013050229,13.847721359,8.885584305,1.628616421,0.681164049,0.001964600,-0.012908531,102.793161273,-0.548954930,50.340898079,52.452263194
35.300000000,13.842664431,8.926790426,1.627811666,0.680738208,0.002069089,-0.013330284,13.846347882,8.908243536,1.628181427,0.680883886,0.002035713,-0.013188502,102.738630070,-0.557200422,50.297775761,52.440854309
35.333333333,13.841306687,8.949436302,1.627362556,0.680446501,0.002139987,-0.013610757,13.844982543,8.930893780,1.627737094,0.680596066,0.002106802,-0.013468884,102.682963809,-0.565470948,50.254037774,52.428926035
35.366666667,13.839957415,8.972072824,1.626904089,0.680147158,0.002210864,-0.013891663,13.843625559,8.953534793,1.627283408,0.680300601,0.002177869,-0.013749692,102.626165219,-0.573767059,50.209684420,52.416480800
35.400000000,13.838616833,8.994699746,1.626436252,0.679840193,0.002281720,-0.014173020,13.842277150,8.976166330,1.626820354,0.679997508,0.002248915,-0.014030941,102.568237089,-0.582089307,50.164716032,52.403521058
35.433333333,13.837285159,9.017316826,1.625959029,0.679525621,0.002352558,-0.014454841,13.840937533,8.998788147,1.626347917,0.679686799,0.002319942,-0.014312647,102.509182268,-0.590438244,50.119132973,52.390049294
35.466666667,13.835962609,9.039923818,1.625472403,0.679203457,0.002423380,-0.014737143,13.839606926,9.021400000,1.625866083,0.679368491,0.002390952,-0.014594826,102.449003662,-0.598814421,50.072935637,52.376068025
35.500000000,13.834649402,9.062520481,1.624976360,0.678873717,0.002494186,-0.015019941,13.838285546,9.044001645,1.625374834,0.679042598,0.002461946,-0.014877493,102.387704240,-0.607218390,50.026124446,52.361579794
35.533333333,13.833345753,9.085106569,1.624470881,0.678536416,0.002564979,-0.015303250,13.836973609,9.066592839,1.624874154,0.678709137,0.002532926,-0.015160664,102.325287028,-0.615650703,49.978699854,52.346587174
35.566666667,13.832051878,9.107681841,1.623955951,0.678191572,0.002635760,-0.015587088,13.835671333,9.089173340,1.624364026,0.678368124,0.002603893,-0.015444354,102.261755114,-0.624111911,49.930662343,52.331092771
35.600000000,13.830767993,9.130246054,1.623431549,0.677839200,0.002706530,-0.015871467,13.834378934,9.111742903,1.623844433,0.678019574,0.002674849,-0.015728579,102.197111641,-0.632602566,49.882012425,52.315099216
35.633333333,13.829494314,9.152798965,1.622897660,0.677479319,0.002777292,-0.016156406,13.833096626,9.134301286,1.623315357,0.677663506,0.002745796,-0.016013355,102.131359818,-0.641123217,49.832750645,52.298609173
35.666666667,13.828231056,9.175340331,1.622354263,0.677111945,0.002848046,-0.016441918,13.831824626,9.156848248,1.622776779,0.677299937,0.002816735,-0.016298696,102.064502908,-0.649674418,49.782877574,52.281625334
35.700000000,13.826978433,9.197869912,1.621801339,0.676737096,0.002918794,-0.016728020,13.830563148,9.179383545,1.622228679,0.676928883,0.002887667,-0.016584619,101.996544237,-0.658256718,49.732393815,52.264150421
35.733333333,13.825736660,9.220387465,1.621238869,0.676354792,0.002989538,-0.017014726,13.829312407,9.201906938,1.621671039,0.676550364,0.002958595,-0.016871140,101.927487190,-0.666870668,49.681300003,52.246187186
35.766666667,13.824505949,9.242892749,1.620666831,0.675965050,0.003060279,-0.017302054,13.828072617,9.224418183,1.621103837,0.676164398,0.003029520,-0.017158272,101.857335212,-0.675516819,49.629596801,52.227738411
35.800000000,13.823286516,9.265385523,1.620085206,0.675567889,0.003131019,-0.017590017,13.826843992,9.246917041,1.620527054,0.675771004,0.003100443,-0.017446033,101.786091808,-0.684195721,49.577284902,52.208806906
35.833333333,13.822078572,9.287865547,1.619493971,0.675163330,0.003201760,-0.017878632,13.825626745,9.269403269,1.619940668,0.675370201,0.003171365,-0.017734438,101.713760542,-0.692907925,49.524365031,52.189395511
35.866666667,13.820882331,9.310332581,1.618893104,0.674751392,0.003272502,-0.018167913,13.824421089,9.291876629,1.619344657,0.674962009,0.003242289,-0.018023501,101.640345040,-0.701653980,49.470837943,52.169507098
35.900000000,13.819698005,9.332786385,1.618282583,0.674332095,0.003343248,-0.018457878,13.823227237,9.314336880,1.618739000,0.674546448,0.003313216,-0.018313239,101.565848987,-0.710434437,49.416704422,52.149144566
35.933333333,13.818525805,9.355226718,1.617662386,0.673905461,0.003413998,-0.018748540,13.822045401,9.336783783,1.618123673,0.674123538,0.003384148,-0.018603668,101.490276129,-0.719249845,49.361965285,52.128310844
35.966666667,13.817365943,9.377653342,1.617032488,0.673471509,0.003484755,-0.019039916,13.820875792,9.359217097,1.617498653,0.673693300,0.003455085,-0.018894802,101.413630270,-0.728100754,49.306621378,52.107008892
36.000000000,13.816218630,9.400066019,1.616392865,0.673030262,0.003555519,-0.019332021,13.819718623,9.381636585,1.616863916,0.673255756,0.003526030,-0.019186657,101.335915277,-0.736987711,49.250673579,52.085241698
36.033333333,13.815084077,9.422464509,1.615743493,0.672581742,0.003626293,-0.019624870,13.818574103,9.404042007,1.616219439,0.672810927,0.003596984,-0.019479249,101.257135076,-0.745911267,49.194122795,52.063012282
36.066666667,13.813962494,9.444848575,1.615084347,0.672125970,0.003697078,-0.019918480,13.817442444,9.426433125,1.615565195,0.672358835,0.003667948,-0.019772593,101.177293656,-0.754871968,49.136969966,52.040323690
36.100000000,13.812854090,9.467217979,1.614415401,0.671662969,0.003767874,-0.020212865,13.816323855,9.448809702,1.614901161,0.671899503,0.003738924,-0.020066705,101.096395062,-0.763870364,49.079216062,52.017179000
36.133333333,13.811759076,9.489572483,1.613736630,0.671192763,0.003838684,-0.020508040,13.815218547,9.471171500,1.614227310,0.671432954,0.003809913,-0.020361599,101.014443404,-0.772907001,49.020862085,51.993581319
36.166666667,13.810677659,9.511911852,1.613048005,0.670715374,0.003909510,-0.020804022,13.814126728,9.493518282,1.613543615,0.670959210,0.003880917,-0.020657292,100.931442851,-0.781982426,48.961909067,51.969533784
36.200000000,13.809610049,9.534235848,1.612349501,0.670230827,0.003980351,-0.021100826,13.813048608,9.515849812,1.612850050,0.670478295,0.003951937,-0.020953799,100.847397634,-0.791097187,48.902358073,51.945039561
36.233333333,13.808556454,9.556544235,1.611641090,0.669739146,0.004051211,-0.021398467,13.811984394,9.538165853,1.612146588,0.669990234,0.004022975,-0.021251136,100.762312042,-0.800251828,48.842210197,51.920101845
36.266666667,13.807517081,9.578836778,1.610922744,0.669240355,0.004122090,-0.021696960,13.810934296,9.560466170,1.611433200,0.669495050,0.004094032,-0.021549317,100.676190429,-0.809446896,48.781466568,51.894723861
36.300000000,13.806492137,9.601113242,1.610194433,0.668734479,0.004192989,-0.021996322,13.809898520,9.582750527,1.610709858,0.668992769,0.004165109,-0.021848359,100.589037208,-0.818682935,48.720128345,51.868908863
36.333333333,13.805481830,9.623373392,1.609456129,0.668221544,0.004263910,-0.022296567,13.808877273,9.605018689,1.609976534,0.668483415,0.004236208,-0.022148276,100.500856853,-0.827960488,48.658196718,51.842660135
36.366666667,13.804486366,9.645616994,1.608707801,0.667701576,0.004334855,-0.022597710,13.807870763,9.627270423,1.609233197,0.667967015,0.004307330,-0.022449084,100.411653902,-0.837280100,48.595672912,51.815980990
36.400000000,13.803505950,9.667843814,1.607949421,0.667174600,0.004405825,-0.022899768,13.806879195,9.649505493,1.608479818,0.667443594,0.004378477,-0.022750799,100.321432950,-0.846642313,48.532558180,51.788874770
36.433333333,13.802540789,9.690053619,1.607180957,0.666640644,0.004476820,-0.023202756,13.805902776,9.671723667,1.607716367,0.666913179,0.004449650,-0.023053435,100.230198658,-0.856047669,48.468853812,51.761344846
36.466666667,13.801591087,9.712246175,1.606402377,0.666099734,0.004547844,-0.023506688,13.804941710,9.693924712,1.606942811,0.666375796,0.004520850,-0.023357009,100.137955746,-0.865496708,48.404561126,51.733394620
36.500000000,13.800657048,9.734421251,1.605613650,0.665551898,0.004618896,-0.023811581,13.803996203,9.716108394,1.606159121,0.665831473,0.004592079,-0.023661535,100.044708997,-0.874989971,48.339681478,51.705027520
36.533333333,13.799738878,9.756578615,1.604814744,0.664997163,0.004689978,-0.024117449,13.803066459,9.738274482,1.605365263,0.665280237,0.004663338,-0.023967029,99.950463257,-0.884527996,48.274216252,51.676247005
36.566666667,13.798836779,9.778718034,1.604005627,0.664435557,0.004761091,-0.024424307,13.802152683,9.760422744,1.604561205,0.664722116,0.004734629,-0.024273506,99.855223430,-0.894111321,48.208166867,51.647056563
36.600000000,13.797950956,9.800839279,1.603186263,0.663867110,0.004832237,-0.024732172,13.801255077,9.782552949,1.603746915,0.664157138,0.004805952,-0.024580981,99.758994487,-0.903740483,48.141534776,51.617459711
36.633333333,13.797081610,9.822942119,1.602356621,0.663291850,0.004903417,-0.025041059,13.800373845,9.804664867,1.602922358,0.663585333,0.004877309,-0.024889471,99.661781459,-0.913416018,48.074321465,51.587459994
36.666666667,13.796228944,9.845026323,1.601516665,0.662709807,0.004974632,-0.025350982,13.799509190,9.826758267,1.602087502,0.663006729,0.004948701,-0.025198989,99.563589438,-0.923138459,48.006528452,51.557060986
36.700000000,13.795393160,9.867091664,1.600666362,0.662121010,0.005045884,-0.025661957,13.798661314,9.848832920,1.601242310,0.662421357,0.005020130,-0.025509551,99.464423582,-0.932908339,47.938157292,51.526266290
36.733333333,13.794574460,9.889137911,1.599805674,0.661525489,0.005117173,-0.025973998,13.797830418,9.870888597,1.600386748,0.661829245,0.005091596,-0.025821173,99.364289109,-0.942726191,47.869209571,51.495079537
36.766666667,13.793773043,9.911164836,1.598934567,0.660923276,0.005188502,-0.026287122,13.797016704,9.892925069,1.599520781,0.661230425,0.005163102,-0.026133870,99.263191300,-0.952592544,47.799686912,51.463504388
36.800000000,13.792989112,9.933172213,1.598053005,0.660314401,0.005259870,-0.026601344,13.796220373,9.914942108,1.598644372,0.660624927,0.005234648,-0.026447656,99.161135500,-0.962507926,47.729590970,51.431544530
36.833333333,13.792222866,9.955159813,1.597160950,0.659698895,0.005331280,-0.026916678,13.795441624,9.936939488,1.597757485,0.660012783,0.005306235,-0.026762547,99.058127117,-0.972472864,47.658923436,51.399203681
36.866666667,13.791474504,9.977127410,1.596258366,0.659076791,0.005402733,-0.027233139,13.794680659,9.958916980,1.596860083,0.659394023,0.005377865,-0.027078558,98.954171621,-0.982487882,47.587686037,51.366485584
36.900000000,13.790744225,9.999074778,1.595345213,0.658448120,0.005474229,-0.027550743,13.793937675,9.980874359,1.595952128,0.658768681,0.005449539,-0.027395705,98.849274545,-0.992553505,47.515880532,51.333394013
36.933333333,13.790032228,10.021001692,1.594421455,0.657812916,0.005545770,-0.027869505,13.793212873,10.002811399,1.595033582,0.658136788,0.005521258,-0.027714001,98.743441489,-1.002670253,47.443508720,51.299932769
36.966666667,13.789338711,10.042907926,1.593487052,0.657171210,0.005617357,-0.028189439,13.792506451,10.024727875,1.594104406,0.657498377,0.005593024,-0.028033463,98.636678111,-1.012838645,47.370572432,51.266105680
37.000000000,13.788663872,10.064793256,1.592541965,0.656523038,0.005688992,-0.028510561,13.791818606,10.046623562,1.593164562,0.656853482,0.005664837,-0.028354105,98.528990138,-1.023059197,47.297073536,51.231916602
37.033333333,13.788007908,10.086657459,1.591586153,0.655868432,0.005760674,-0.028832886,13.791149535,10.068498236,1.592214009,0.656202136,0.005736698,-0.028675942,98.420383358,-1.033332425,47.223013938,51.197369420
37.066666667,13.787371015,10.108500312,1.590619578,0.655207426,0.005832407,-0.029156428,13.790499437,10.090351674,1.591252709,0.655544373,0.005808609,-0.028998989,98.310863623,-1.043658841,47.148395578,51.162468045
37.100000000,13.786753390,10.130321591,1.589642197,0.654540056,0.005904189,-0.029481202,13.789868507,10.112183654,1.590280619,0.654880228,0.005880571,-0.029323261,98.200436850,-1.054038954,47.073220436,51.127216414
37.133333333,13.786155228,10.152121075,1.588653969,0.653866357,0.005976023,-0.029807223,13.789256942,10.133993952,1.589297699,0.654209736,0.005952585,-0.029648772,98.089109019,-1.064473272,46.997490525,51.091618494
37.166666667,13.785576724,10.173898543,1.587654854,0.653186364,0.006047910,-0.030134506,13.788664936,10.155782348,1.588303908,0.653532931,0.006024652,-0.029975539,97.976886177,-1.074962299,46.921207899,51.055678278
37.200000000,13.785018073,10.195653775,1.586644808,0.652500113,0.006119850,-0.030463065,13.788092686,10.177548621,1.587299203,0.652849850,0.006096772,-0.030303574,97.863774433,-1.085506535,46.844374649,51.019399784
37.233333333,13.784479470,10.217386549,1.585623788,0.651807640,0.006191845,-0.030792915,13.787540384,10.199292549,1.586283542,0.652160528,0.006168948,-0.030632893,97.749779962,-1.096106481,46.766992903,50.982787059
37.266666667,13.783961107,10.239096647,1.584591752,0.651108982,0.006263896,-0.031124072,13.787008226,10.221013915,1.585256882,0.651465003,0.006241180,-0.030963510,97.634909004,-1.106762630,46.689064829,50.945844175
37.300000000,13.783463178,10.260783851,1.583548655,0.650404176,0.006336003,-0.031456548,13.786496405,10.242712498,1.584219179,0.650763310,0.006313469,-0.031295441,97.519167862,-1.117475475,46.610592632,50.908575230
37.333333333,13.782985876,10.282447941,1.582494454,0.649693260,0.006408168,-0.031790359,13.786005114,10.264388081,1.583170390,0.650055489,0.006385816,-0.031628699,97.402562907,-1.128245506,46.531578558,50.870984349
37.366666667,13.782529392,10.304088701,1.581429103,0.648976272,0.006480391,-0.032125519,13.785534545,10.286040445,1.582110469,0.649341575,0.006458222,-0.031963299,97.285100574,-1.139073206,46.452024892,50.833075682
37.400000000,13.782093919,10.325705914,1.580352557,0.648253250,0.006552674,-0.032462043,13.785084890,10.307669374,1.581039372,0.648621608,0.006530688,-0.032299256,97.166787362,-1.149959056,46.371933957,50.794853405
37.433333333,13.781679647,10.347299365,1.579264771,0.647524233,0.006625017,-0.032799944,13.784656340,10.329274652,1.579957053,0.647895627,0.006603215,-0.032636583,97.047629840,-1.160903536,46.291308120,50.756321720
37.466666667,13.781286766,10.368868837,1.578165699,0.646789260,0.006697421,-0.033139237,13.784249087,10.350856062,1.578863466,0.647163669,0.006675804,-0.032975295,96.927634637,-1.171907117,46.210149785,50.717484852
37.500000000,13.780915468,10.390414116,1.577055294,0.646048372,0.006769888,-0.033479937,13.783863321,10.372413391,1.577758566,0.646425775,0.006748456,-0.033315407,96.806808452,-1.182970270,46.128461400,50.678347053
37.533333333,13.780565941,10.411934989,1.575933508,0.645301607,0.006842418,-0.033822056,13.783499232,10.393946423,1.576642305,0.645681985,0.006821171,-0.033656931,96.685158050,-1.194093458,46.046245452,50.638912598
37.566666667,13.780238375,10.433431241,1.574800295,0.644549008,0.006915011,-0.034165610,13.783157008,10.415454945,1.575514635,0.644932338,0.006893951,-0.033999883,96.562690259,-1.205277143,45.963504471,50.599185788
37.600000000,13.779932957,10.454902662,1.573655606,0.643790613,0.006987669,-0.034510611,13.782836840,10.436938745,1.574375510,0.644176876,0.006966796,-0.034344276,96.439411977,-1.216521779,45.880241029,50.559170947
37.633333333,13.779649876,10.476349038,1.572499392,0.643026466,0.007060392,-0.034857074,13.782538914,10.458397610,1.573224880,0.643415640,0.007039707,-0.034690123,96.315330167,-1.227827817,45.796457743,50.518872424
37.666666667,13.779389319,10.497770159,1.571331606,0.642256608,0.007133182,-0.035205013,13.782263420,10.479831329,1.572062697,0.642648671,0.007112686,-0.035037440,96.190451858,-1.239195703,45.712157269,50.478294589
37.700000000,13.779151474,10.519165814,1.570152196,0.641481080,0.007206038,-0.035554440,13.782010543,10.501239692,1.570888912,0.641876011,0.007185731,-0.035386239,96.064784147,-1.250625877,45.627342311,50.437441837
37.733333333,13.778936526,10.540535795,1.568961114,0.640699927,0.007278962,-0.035905370,13.781780471,10.522622488,1.569703475,0.641097704,0.007258846,-0.035736534,95.938334199,-1.262118773,45.542015613,50.396318586
37.766666667,13.778744660,10.561879892,1.567758309,0.639913190,0.007351955,-0.036257816,13.781573390,10.543979509,1.568506336,0.640313791,0.007332029,-0.036088338,95.811109243,-1.273674820,45.456179967,50.354929276
37.800000000,13.778576063,10.583197897,1.566543731,0.639120913,0.007425016,-0.036611791,13.781389485,10.565310545,1.567297445,0.639524316,0.007405282,-0.036441665,95.683116578,-1.285294442,45.369838209,50.313278369
37.833333333,13.778430920,10.604489604,1.565317328,0.638323141,0.007498147,-0.036967309,13.781228942,10.586615391,1.566076750,0.638729323,0.007478606,-0.036796528,95.554363570,-1.296978054,45.282993219,50.271370351
37.866666667,13.778309413,10.625754805,1.564079049,0.637519917,0.007571348,-0.037324382,13.781091944,10.607893838,1.564844200,0.637928855,0.007552001,-0.037152940,95.424857652,-1.308726068,45.195647926,50.229209726
37.900000000,13.778211727,10.646993295,1.562828841,0.636711288,0.007644620,-0.037683023,13.780978677,10.629145681,1.563599744,0.637122959,0.007625468,-0.037510914,95.294606325,-1.320538887,45.107805304,50.186801021
37.933333333,13.778138044,10.668204869,1.561566652,0.635897296,0.007717963,-0.038043246,13.780889322,10.650370715,1.562343328,0.636311678,0.007699007,-0.037870463,95.163617158,-1.332416907,45.019468373,50.144148785
37.966666667,13.778088548,10.689389323,1.560292429,0.635077990,0.007791379,-0.038405062,13.780824063,10.671568734,1.561074901,0.635495058,0.007772619,-0.038231600,95.031897789,-1.344360519,44.930640204,50.101257585
38.000000000,13.778063420,10.710546454,1.559006119,0.634253414,0.007864867,-0.038768484,13.780783082,10.692739536,1.559794409,0.634673145,0.007846305,-0.038594337,94.899455923,-1.356370105,44.841323914,50.058132009
38.033333333,13.778062841,10.731676060,1.557707668,0.633423615,0.007938427,-0.039133526,13.780766562,10.713882918,1.558501799,0.633845985,0.007920064,-0.038958687,94.766299334,-1.368446039,44.751522668,50.014776665
38.066666667,13.778086992,10.752777938,1.556397022,0.632588641,0.008012062,-0.039500198,13.780774682,10.734998678,1.557197016,0.633013626,0.007993898,-0.039324662,94.632435864,-1.380588689,44.661239684,49.971196180
38.100000000,13.778136053,10.773851888,1.555074126,0.631748538,0.008085770,-0.039868513,13.780807623,10.756086614,1.555880006,0.632176114,0.008067808,-0.039692273,94.497873425,-1.392798413,44.570478225,49.927395200
38.133333333,13.778210205,10.794897710,1.553738926,0.630903356,0.008159552,-0.040238483,13.780865566,10.777146526,1.554550715,0.631333497,0.008141792,-0.040061535,94.362619996,-1.405075562,44.479241610,49.883378387
38.166666667,13.778309625,10.815915205,1.552391366,0.630053141,0.008233409,-0.040610120,13.780948690,10.798178214,1.553209087,0.630485823,0.008215852,-0.040432457,94.226683628,-1.417420477,44.387533205,49.839150423
38.200000000,13.778434493,10.836904175,1.551031389,0.629197943,0.008307341,-0.040983435,13.781057174,10.819181481,1.551855066,0.629633141,0.008289989,-0.040805052,94.090072438,-1.429833490,44.295356430,49.794716007
38.233333333,13.778584986,10.857864421,1.549658941,0.628337811,0.008381348,-0.041358439,13.781191195,10.840156128,1.550488598,0.628775500,0.008364202,-0.041179331,93.952794613,-1.442314925,44.202714758,49.750079855
38.266666667,13.778761282,10.878795749,1.548273965,0.627472795,0.008455431,-0.041735145,13.781350933,10.861101959,1.549109625,0.627912950,0.008438492,-0.041555305,93.814858411,-1.454865096,44.109611713,49.705246697
38.300000000,13.778963558,10.899697961,1.546876403,0.626602944,0.008529589,-0.042113562,13.781536562,10.882018777,1.547718090,0.627045539,0.008512859,-0.041932987,93.676272158,-1.467484306,44.016050876,49.660221282
38.333333333,13.779191989,10.920570864,1.545466199,0.625728310,0.008603824,-0.042493702,13.781748261,10.902906386,1.546313938,0.626173319,0.008587304,-0.042312385,93.537044251,-1.480172848,43.922035880,49.615008372
38.366666667,13.779446751,10.941414263,1.544043295,0.624848944,0.008678135,-0.042875575,13.781986206,10.923764594,1.544897109,0.625296340,0.008661826,-0.042693512,93.397183156,-1.492931006,43.827570413,49.569612743
38.400000000,13.779728019,10.962227966,1.542607633,0.623964897,0.008752522,-0.043259192,13.782250570,10.944593206,1.543467547,0.624414654,0.008736426,-0.043076378,93.256697410,-1.505759051,43.732658222,49.524039188
38.433333333,13.780035968,10.983011779,1.541159154,0.623076220,0.008826985,-0.043644563,13.782541530,10.965392029,1.542025193,0.623528312,0.008811104,-0.043460993,93.115595618,-1.518657245,43.637303107,49.478292511
38.466666667,13.780370770,11.003765513,1.539697801,0.622182967,0.008901526,-0.044031697,13.782859259,10.986160873,1.540569990,0.622637367,0.008885860,-0.043847367,92.973886458,-1.531625836,43.541508929,49.432377529
38.500000000,13.780732601,11.024488977,1.538223513,0.621285190,0.008976142,-0.044420605,13.783203931,11.006899547,1.539101877,0.621741871,0.008960694,-0.044235510,92.831578676,-1.544665062,43.445279604,49.386299072
38.533333333,13.781121631,11.045181981,1.536736232,0.620382943,0.009050836,-0.044811296,13.783575718,11.027607860,1.537620796,0.620841877,0.009035607,-0.044625431,92.688681090,-1.557775147,43.348619109,49.340061981
38.566666667,13.781538033,11.065844337,1.535235899,0.619476279,0.009125606,-0.045203779,13.783974794,11.048285624,1.536126687,0.619937438,0.009110597,-0.045017141,92.545202589,-1.570956304,43.251531479,49.293671109
38.600000000,13.781981979,11.086475857,1.533722453,0.618565252,0.009200452,-0.045598064,13.784401329,11.068932651,1.534619492,0.619028610,0.009185666,-0.045410647,92.401152131,-1.584208732,43.154020812,49.247131318
38.633333333,13.782453639,11.107076356,1.532195834,0.617649918,0.009275375,-0.045994158,13.784855495,11.089548754,1.533099148,0.618115445,0.009260813,-0.045805959,92.256538746,-1.597532616,43.056091266,49.200447480
38.666666667,13.782953183,11.127645647,1.530655982,0.616730330,0.009350374,-0.046392071,13.785337463,11.110133748,1.531565598,0.617197999,0.009336038,-0.046203086,92.111371536,-1.610928128,42.957747059,49.153624476
38.700000000,13.783480780,11.148183546,1.529102835,0.615806546,0.009425449,-0.046791810,13.785847402,11.130687446,1.530018779,0.616276328,0.009411340,-0.046602035,91.965659671,-1.624395427,42.858992476,49.106667195
38.733333333,13.784036601,11.168689869,1.527536334,0.614878620,0.009500600,-0.047193383,13.786385481,11.151209665,1.528458630,0.615350487,0.009486721,-0.047002816,91.819412397,-1.637934654,42.759831863,49.059580533
38.766666667,13.784620812,11.189164434,1.525956416,0.613946610,0.009575827,-0.047596798,13.786951870,11.171700222,1.526885092,0.614420532,0.009562178,-0.047405434,91.672639025,-1.651545938,42.660269632,49.012369394
38.800000000,13.785233582,11.209607058,1.524363020,0.613010573,0.009651129,-0.048002062,13.787546736,11.192158934,1.525298101,0.613486520,0.009637713,-0.047809898,91.525348944,-1.665229391,42.560310259,48.965038685
38.833333333,13.785875078,11.230017562,1.522756085,0.612070565,0.009726506,-0.048409182,13.788170246,11.212585621,1.523697598,0.612548509,0.009713325,-0.048216216,91.377551610,-1.678985109,42.459958288,48.917593322
38.866666667,13.786545466,11.250395765,1.521135548,0.611126644,0.009801957,-0.048818164,13.788822568,11.232980103,1.522083519,0.611606556,0.009789013,-0.048624392,91.229256551,-1.692813172,42.359218330,48.870038221
38.900000000,13.787244912,11.270741489,1.519501348,0.610178870,0.009877483,-0.049229015,13.789503868,11.253342199,1.520455802,0.610660719,0.009864778,-0.049034435,91.080473369,-1.706713643,42.258095063,48.822378305
38.933333333,13.787973581,11.291054556,1.517853421,0.609227301,0.009953082,-0.049641741,13.790214310,11.273671732,1.518814386,0.609711056,0.009940618,-0.049446350,90.931211735,-1.720686568,42.156593237,48.774618498
38.966666667,13.788731637,11.311334789,1.516191706,0.608271997,0.010028754,-0.050056347,13.790954061,11.293968526,1.517159208,0.608757628,0.010016533,-0.049860143,90.781481394,-1.734731975,42.054717668,48.726763725
39.000000000,13.789519245,11.331582013,1.514516139,0.607313016,0.010104499,-0.050472838,13.791723284,11.314232403,1.515490205,0.607800493,0.010092523,-0.050275818,90.631292161,-1.748849873,41.952473248,48.678818913
39.033333333,13.790336568,11.351796053,1.512826658,0.606350419,0.010180315,-0.050891219,13.792522142,11.334463188,1.513807314,0.606839711,0.010168586,-0.050693382,90.480653924,-1.763040253,41.849864936,48.630788988
39.066666667,13.791183768,11.371976736,1.511123199,0.605384268,0.010256203,-0.051311495,13.793350800,11.354660709,1.512110473,0.605875343,0.010244724,-0.051112838,90.329576643,-1.777303088,41.746897768,48.582678875
39.100000000,13.792061008,11.392123889,1.509405700,0.604414622,0.010332161,-0.051733668,13.794209418,11.374824790,1.510399617,0.604907450,0.010320934,-0.051534192,90.178070348,-1.791638328,41.643576852,48.534493497
39.133333333,13.792968448,11.412237340,1.507674096,0.603441545,0.010408189,-0.052157744,13.795098160,11.394955262,1.508674685,0.603936093,0.010397215,-0.051957445,90.026145145,-1.806045905,41.539907370,48.486237775
39.166666667,13.793906250,11.432316920,1.505928326,0.602465097,0.010484286,-0.052583725,13.796017185,11.415051952,1.506935612,0.602961335,0.010473568,-0.052382603,89.873811208,-1.820525730,41.435894584,48.437916624
39.200000000,13.794874573,11.452362458,1.504168324,0.601485342,0.010560451,-0.053011613,13.796966654,11.435114691,1.505182335,0.601983236,0.010549992,-0.052809667,89.721078785,-1.835077693,41.331543829,48.389534956
39.233333333,13.795873576,11.472373787,1.502394027,0.600502343,0.010636682,-0.053441411,13.797946728,11.455143311,1.503414790,0.601001861,0.010626485,-0.053238641,89.567958195,-1.849701660,41.226860520,48.341097675
39.266666667,13.796903419,11.492350740,1.500605373,0.599516163,0.010712980,-0.053873121,13.798957564,11.475137643,1.501632914,0.600017273,0.010703046,-0.053669526,89.414459832,-1.864397477,41.121850151,48.292609680
39.300000000,13.797964260,11.512293150,1.498802296,0.598526866,0.010789343,-0.054306743,13.799999322,11.495097520,1.499836642,0.599029535,0.010779675,-0.054102323,89.260594157,-1.879164967,41.016518296,48.244075860
39.333333333,13.799056255,11.532200852,1.496984733,0.597534516,0.010865770,-0.054742279,13.801072159,11.515022778,1.498025912,0.598038711,0.010856370,-0.054537034,89.106371707,-1.894003926,40.910870611,48.195501096
39.366666667,13.800179562,11.552073683,1.495152621,0.596539180,0.010942259,-0.055179729,13.802176232,11.534913253,1.496200659,0.597044867,0.010933131,-0.054973660,88.951803090,-1.908914130,40.804912833,48.146890257
39.400000000,13.801334337,11.571911480,1.493305895,0.595540921,0.011018810,-0.055619093,13.803311698,11.554768780,1.494360820,0.596048067,0.011009956,-0.055412200,88.796898986,-1.923895329,40.698650784,48.098248203
39.433333333,13.802520734,11.591714081,1.491444493,0.594539806,0.011095422,-0.056060369,13.804478713,11.574589197,1.492506331,0.595048378,0.011086844,-0.055852653,88.641670147,-1.938947246,40.592090369,48.049579777
39.466666667,13.803738910,11.611481326,1.489568349,0.593535902,0.011172092,-0.056503557,13.805677430,11.594374344,1.490637127,0.594045865,0.011163793,-0.056295019,88.486127395,-1.954069580,40.485237581,48.000889813
39.500000000,13.804989017,11.631213055,1.487677401,0.592529276,0.011248820,-0.056948655,13.806908006,11.614124061,1.488753146,0.593040594,0.011240803,-0.056739297,88.330281627,-1.969262003,40.378098499,47.952183127
39.533333333,13.806271209,11.650909110,1.485771584,0.591519994,0.011325603,-0.057395660,13.808170593,11.633838189,1.486854323,0.592032634,0.011317872,-0.057185483,88.174143809,-1.984524160,40.270679289,47.903464520
39.566666667,13.807585639,11.670569334,1.483850836,0.590508124,0.011402442,-0.057844569,13.809465345,11.653516570,1.484940595,0.591022052,0.011394998,-0.057633576,88.017724981,-1.999855667,40.162986208,47.854738773
39.600000000,13.808932458,11.690193571,1.481915093,0.589493735,0.011479333,-0.058295379,13.810792414,11.673159048,1.483011899,0.590008916,0.011472180,-0.058083571,87.861036252,-2.015256113,40.055025601,47.806010651
39.633333333,13.810311819,11.709781666,1.479964291,0.588476896,0.011556276,-0.058748084,13.812151951,11.692765468,1.481068170,0.588993293,0.011549417,-0.058535466,87.704088804,-2.030725057,39.946803907,47.757284897
39.666666667,13.811723872,11.729333466,1.477998368,0.587457676,0.011633268,-0.059202681,13.813544109,11.712335675,1.479109347,0.587975255,0.011626705,-0.058989255,87.546893891,-2.046262030,39.838327657,47.708566234
39.700000000,13.813168766,11.748848819,1.476017260,0.586436144,0.011710308,-0.059659164,13.814969036,11.731869516,1.477135366,0.586954869,0.011704045,-0.059444932,87.389462836,-2.061866531,39.729603475,47.659859362
39.733333333,13.814646651,11.768327573,1.474020906,0.585412372,0.011787394,-0.060117526,13.816426882,11.751366841,1.475146163,0.585932205,0.011781434,-0.059902493,87.231807035,-2.077538027,39.620638081,47.611168955
39.766666667,13.816157675,11.787769578,1.472009241,0.584386429,0.011864524,-0.060577761,13.817917797,11.770827497,1.473141677,0.584907336,0.011858870,-0.060361931,87.073937954,-2.093275957,39.511438291,47.562499663
39.800000000,13.817701987,11.807174685,1.469982204,0.583358386,0.011941696,-0.061039861,13.819441929,11.790251336,1.471121845,0.583880330,0.011936352,-0.060823238,86.915867130,-2.109079724,39.402011019,47.513856110
39.833333333,13.819279733,11.826542747,1.467939733,0.582328316,0.012018908,-0.061503817,13.820999425,11.809638210,1.469086604,0.582851260,0.012013876,-0.061286407,86.757606169,-2.124948699,39.292363278,47.465242891
39.866666667,13.820891060,11.845873617,1.465881767,0.581296291,0.012096158,-0.061969621,13.822590432,11.828987971,1.467035893,0.581820197,0.012091442,-0.061751428,86.599166749,-2.140882221,39.182502180,47.416664569
39.900000000,13.822536113,11.865167150,1.463808243,0.580262382,0.012173444,-0.062437263,13.824215096,11.848300474,1.464969650,0.580787215,0.012169047,-0.062218293,86.440560618,-2.156879593,39.072434938,47.368125680
39.933333333,13.824215038,11.884423203,1.461719101,0.579226664,0.012250763,-0.062906732,13.825873562,11.867575575,1.462887815,0.579752385,0.012246688,-0.062686990,86.281799593,-2.172940083,38.962168868,47.319630725
39.966666667,13.825927979,11.903641632,1.459614280,0.578189210,0.012328113,-0.063378017,13.827565976,11.886813130,1.460790325,0.578715781,0.012324364,-0.063157510,86.122895560,-2.189062922,38.851711391,47.271184169
40.000000000,13.827675080,11.922822296,1.457493720,0.577150093,0.012405491,-0.063851105,13.829292481,11.906012997,1.458677121,0.577677477,0.012402072,-0.063629841,85.963860477,-2.205247308,38.741070031,47.222790446
40.033333333,13.829456483,11.941965055,1.455357360,0.576109389,0.012482895,-0.064325985,13.831053220,11.925175035,1.456548142,0.576637547,0.012479809,-0.064103969,85.804706368,-2.221492398,38.630252418,47.174453950
40.066666667,13.831272330,11.961069770,1.453205141,0.575067173,0.012560323,-0.064802641,13.832848336,11.944299104,1.454403329,0.575596066,0.012557574,-0.064579882,85.645445326,-2.237797314,38.519266290,47.126179036
40.100000000,13.833122764,11.980136304,1.451037005,0.574023519,0.012637772,-0.065281060,13.834677971,11.963385068,1.452242622,0.574553109,0.012635363,-0.065057566,85.486089515,-2.254161136,38.408119495,47.077970020
40.133333333,13.835007924,11.999164519,1.448852893,0.572978504,0.012715239,-0.065761225,13.836542266,11.982432787,1.450065962,0.573508752,0.012713174,-0.065537004,85.326651163,-2.270582909,38.296819988,47.029831175
40.166666667,13.836927951,12.018154281,1.446652747,0.571932204,0.012792720,-0.066243121,13.838441361,12.001442128,1.447873292,0.572463071,0.012791003,-0.066018182,85.167142570,-2.287061633,38.185375837,46.981766733
40.200000000,13.838882984,12.037105455,1.444436509,0.570884696,0.012870214,-0.066726730,13.840375396,12.020412954,1.445664554,0.571416142,0.012868849,-0.066501083,85.007576100,-2.303596271,38.073795220,46.933780879
40.233333333,13.840873162,12.056017911,1.442204122,0.569836058,0.012947717,-0.067212034,13.842344510,12.039345134,1.443439690,0.570368043,0.012946707,-0.066985688,84.847964185,-2.320185743,37.962086432,46.885877753
40.266666667,13.842898622,12.074891515,1.439955532,0.568786366,0.013025227,-0.067699013,13.844348840,12.058238536,1.441198645,0.569318852,0.013024576,-0.067471979,84.688319323,-2.336828927,37.850257879,46.838061444
40.300000000,13.844959501,12.093726139,1.437690681,0.567735701,0.013102739,-0.068187648,13.846388526,12.077093028,1.438941361,0.568268645,0.013102452,-0.067959936,84.528654078,-2.353524656,37.738318084,46.790335994
40.333333333,13.847055937,12.112521653,1.435409516,0.566684139,0.013180251,-0.068677917,13.848463702,12.095908481,1.436667785,0.567217503,0.013180331,-0.068449539,84.368981082,-2.370271723,37.626275689,46.742705393
40.366666667,13.849188063,12.131277930,1.433111981,0.565631761,0.013257758,-0.069169799,13.850574505,12.114684768,1.434377861,0.566165503,0.013258210,-0.068940766,84.209313028,-2.387068873,37.514139450,46.695173578
40.400000000,13.851356016,12.149994845,1.430798024,0.564578647,0.013335259,-0.069663269,13.852721071,12.133421763,1.432071535,0.565112726,0.013336087,-0.069433594,84.049662676,-2.403914808,37.401918245,46.647744430
40.433333333,13.853559930,12.168672273,1.428467593,0.563524875,0.013412749,-0.070158304,13.854903534,12.152119339,1.429748756,0.564059251,0.013413956,-0.069928000,83.890042849,-2.420808183,37.289621073,46.600421775
40.466666667,13.855799936,12.187310091,1.426120635,0.562470528,0.013490225,-0.070654878,13.857122027,12.170777373,1.427409470,0.563005158,0.013491816,-0.070423959,83.730466434,-2.437747605,37.177257053,46.553209381
40.500000000,13.858076170,12.205908176,1.423757099,0.561415685,0.013567682,-0.071152966,13.859376684,12.189395743,1.425053626,0.561950529,0.013569662,-0.070921445,83.570946382,-2.454731638,37.064835426,46.506110956
40.533333333,13.860388761,12.224466408,1.421376936,0.560360429,0.013645118,-0.071652539,13.861667636,12.207974327,1.422681174,0.560895444,0.013647490,-0.071420431,83.411495703,-2.471758792,36.952365559,46.459130145
40.566666667,13.862737842,12.242984668,1.418980097,0.559304841,0.013722527,-0.072153569,13.863995016,12.226513006,1.420292065,0.559839986,0.013725296,-0.071920890,83.252127472,-2.488827534,36.839856941,46.412270532
40.600000000,13.865123542,12.261462838,1.416566533,0.558249004,0.013799907,-0.072656027,13.866358954,12.245011660,1.417886249,0.558784236,0.013803077,-0.072422791,83.092854823,-2.505936276,36.727319188,46.365535635
40.633333333,13.867545991,12.279900803,1.414136197,0.557193001,0.013877252,-0.073159881,13.868759580,12.263470174,1.415463679,0.557728277,0.013880829,-0.072926105,82.933690951,-2.523083384,36.614762045,46.318928906
40.666666667,13.870005318,12.298298445,1.411689044,0.556136914,0.013954559,-0.073665100,13.871197022,12.281888431,1.413024309,0.556672192,0.013958546,-0.073430800,82.774649110,-2.540267171,36.502195380,46.272453730
40.700000000,13.872501651,12.316655654,1.409225029,0.555080829,0.014031824,-0.074171649,13.873671411,12.300266316,1.410568093,0.555616066,0.014036226,-0.073936844,82.615742613,-2.557485899,36.389629194,46.226113419
40.733333333,13.875035118,12.334972315,1.406744107,0.554024828,0.014109041,-0.074679495,13.876182872,12.318603718,1.408094987,0.554559980,0.014113863,-0.074444203,82.456984832,-2.574737777,36.277073615,46.179911217
40.766666667,13.877605844,12.353248318,1.404246236,0.552968996,0.014186207,-0.075188602,13.878731534,12.336900525,1.405604947,0.553504021,0.014191453,-0.074952841,82.298389195,-2.592020961,36.164538902,46.133850292
40.800000000,13.880213956,12.371483554,1.401731375,0.551913420,0.014263316,-0.075698933,13.881317522,12.355156627,1.403097931,0.552448273,0.014268992,-0.075462723,82.139969186,-2.609333556,36.052035447,46.087933739
40.833333333,13.882859578,12.389677914,1.399199483,0.550858183,0.014340364,-0.076210450,13.883940962,12.373371914,1.400573899,0.551392821,0.014346474,-0.075973810,81.981738347,-2.626673609,35.939573772,46.042164575
40.866666667,13.885542835,12.407831293,1.396650522,0.549803372,0.014417347,-0.076723112,13.886601977,12.391546280,1.398032811,0.550337751,0.014423895,-0.076486064,81.823710272,-2.644039114,35.827164532,45.996545740
40.900000000,13.888263849,12.425943586,1.394084454,0.548749074,0.014494258,-0.077236880,13.889300693,12.409679619,1.395474629,0.549283148,0.014501250,-0.076999444,81.665898610,-2.661428010,35.714818518,45.951080093
40.933333333,13.891022745,12.444014688,1.391501244,0.547695374,0.014571093,-0.077751711,13.892037231,12.427771828,1.392899316,0.548229100,0.014578534,-0.077513910,81.508317064,-2.678838178,35.602546651,45.905770412
40.966666667,13.893819642,12.462044497,1.388900855,0.546642360,0.014647848,-0.078267560,13.894811715,12.445822802,1.390306837,0.547175694,0.014655742,-0.078029417,81.350979385,-2.696267444,35.490359992,45.860619394
41.000000000,13.896654664,12.480032913,1.386283256,0.545590120,0.014724515,-0.078784384,13.897624265,12.463832440,1.387697157,0.546123016,0.014732868,-0.078545922,81.193899380,-2.713713578,35.378269733,45.815629647
41.033333333,13.899527928,12.497979837,1.383648414,0.544538742,0.014801091,-0.079302136,13.900475002,12.481800643,1.385070244,0.545071155,0.014809908,-0.079063379,81.037090901,-2.731174288,35.266287205,45.770803696
41.066666667,13.902439556,12.515885170,1.380996299,0.543488314,0.014877570,-0.079820769,13.903364047,12.499727313,1.382426067,0.544020198,0.014886855,-0.079581741,80.880567852,-2.748647227,35.154423874,45.726143978
41.100000000,13.905389666,12.533748817,1.378326883,0.542438925,0.014953945,-0.080340232,13.906291517,12.517612351,1.379764597,0.542970234,0.014963705,-0.080100959,80.724344183,-2.766129989,35.042691344,45.681652840
41.133333333,13.908378376,12.551570682,1.375640139,0.541390663,0.015030211,-0.080860475,13.909257532,12.535455663,1.377085807,0.541921353,0.015040450,-0.080620984,80.568433891,-2.783620108,34.931101354,45.637332537
41.166666667,13.911405802,12.569350673,1.372936042,0.540343619,0.015106363,-0.081381446,13.912262209,12.553257155,1.374389669,0.540873643,0.015117087,-0.081141765,80.412851018,-2.801115057,34.819665783,45.593185234
41.200000000,13.914472061,12.587088698,1.370214568,0.539297882,0.015182394,-0.081903092,13.915305664,12.571016735,1.371676160,0.539827194,0.015193608,-0.081663247,80.257609649,-2.818612252,34.708396647,45.549213002
41.233333333,13.917577268,12.604784666,1.367475696,0.538253543,0.015258298,-0.082425357,13.918388013,12.588734310,1.368945257,0.538782097,0.015270007,-0.082185377,80.102723915,-2.836109046,34.597306100,45.505417815
41.266666667,13.920721538,12.622438489,1.364719406,0.537210692,0.015334068,-0.082948185,13.921509372,12.606409793,1.366196940,0.537738441,0.015346279,-0.082708100,79.948207984,-2.853602731,34.486406432,45.461801552
41.300000000,13.923904985,12.640050080,1.361945681,0.536169420,0.015409700,-0.083471517,13.924669854,12.624043094,1.363431190,0.536696318,0.015422416,-0.083231356,79.794076068,-2.871090539,34.375710074,45.418365994
41.333333333,13.927127722,12.657619352,1.359154504,0.535129820,0.015485185,-0.083995294,13.927869573,12.641634128,1.360647990,0.535655819,0.015498414,-0.083755089,79.640342415,-2.888569640,34.265229593,45.375112822
41.366666667,13.930389861,12.675146222,1.356345861,0.534091981,0.015560518,-0.084519455,13.931108642,12.659182810,1.357847325,0.534617035,0.015574264,-0.084279236,79.487021313,-2.906037141,34.154977694,45.332043619
41.400000000,13.933691513,12.692630607,1.353519742,0.533055997,0.015635692,-0.085043936,13.934387172,12.676689056,1.355029183,0.533580059,0.015649960,-0.084803737,79.334127083,-2.923490088,34.044967219,45.289159865
41.433333333,13.937032789,12.710072427,1.350676137,0.532021960,0.015710700,-0.085568673,13.937705274,12.694152785,1.352193552,0.532544982,0.015725496,-0.085328526,79.181674083,-2.940925465,33.935211148,45.246462935
41.466666667,13.940413798,12.727471601,1.347815037,0.530989963,0.015785534,-0.086093599,13.941063059,12.711573916,1.349340425,0.531511896,0.015800865,-0.085853540,79.029676703,-2.958340192,33.825722597,45.203954105
41.500000000,13.943834650,12.744828052,1.344936438,0.529960098,0.015860188,-0.086618648,13.944460635,12.728952371,1.346469794,0.530480896,0.015876059,-0.086378710,78.878149362,-2.975731128,33.716514819,45.161634543
41.533333333,13.947295453,12.762141704,1.342040337,0.528932459,0.015934655,-0.087143750,13.947898112,12.746288073,1.343581656,0.529452074,0.015951072,-0.086903970,78.727106514,-2.993095068,33.607601202,45.119505311
41.566666667,13.950796313,12.779412482,1.339126734,0.527907140,0.016008927,-0.087668833,13.951375596,12.763580946,1.340676009,0.528425523,0.016025895,-0.087429247,78.576562635,-3.010428745,33.498995269,45.077567366
41.600000000,13.954337337,12.796640312,1.336195629,0.526884234,0.016082997,-0.088193825,13.954893195,12.780830918,1.337752854,0.527401338,0.016100522,-0.087954471,78.426532233,-3.027728829,33.390710675,45.035821557
41.633333333,13.957918631,12.813825124,1.333247028,0.525863837,0.016156857,-0.088718652,13.958451015,12.798037914,1.334812194,0.526379613,0.016174946,-0.088479567,78.277029836,-3.044991927,33.282761212,44.994268624
41.666666667,13.961540299,12.830966847,1.330280938,0.524846041,0.016230500,-0.089243238,13.962049160,12.815201865,1.331854033,0.525360441,0.016249157,-0.089004462,78.128069998,-3.062214583,33.175160801,44.952909197
41.700000000,13.965202446,12.848065413,1.327297366,0.523830944,0.016303917,-0.089767505,13.965687736,12.832322701,1.328878381,0.524343919,0.016323149,-0.089529077,77.979667292,-3.079393280,33.067923493,44.911743799
41.733333333,13.968905173,12.865120756,1.324296327,0.522818638,0.016377101,-0.090291373,13.969366845,12.849400356,1.325885248,0.523330139,0.016396914,-0.090053334,77.831836313,-3.096524436,32.961063472,44.870772841
41.766666667,13.972648584,12.882132811,1.321277833,0.521809220,0.016450043,-0.090814761,13.973086590,12.866434763,1.322874646,0.522319199,0.016470443,-0.090577153,77.684591671,-3.113604409,32.854595048,44.829996622
41.800000000,13.976432780,12.899101513,1.318241904,0.520802786,0.016522736,-0.091337587,13.976847073,12.883425859,1.319846593,0.521311193,0.016543728,-0.091100453,77.537947991,-3.130629495,32.748532658,44.789415333
41.833333333,13.980257861,12.916026803,1.315188558,0.519799430,0.016595170,-0.091859765,13.980648395,12.900373580,1.316801107,0.520306216,0.016616761,-0.091623148,77.391919913,-3.147595929,32.642890863,44.749029050
41.866666667,13.984123927,12.932908618,1.312117818,0.518799250,0.016667338,-0.092381210,13.984490656,12.917277866,1.313738209,0.519304366,0.016689534,-0.092145154,77.246522088,-3.164499881,32.537684349,44.708837739
41.900000000,13.988031076,12.949746901,1.309029712,0.517802341,0.016739231,-0.092901834,13.988373956,12.934138658,1.310657923,0.518305737,0.016762038,-0.092666384,77.101769176,-3.181337466,32.432927922,44.668841254
41.933333333,13.991979407,12.966541596,1.305924267,0.516808799,0.016810840,-0.093421547,13.992298391,12.950955898,1.307560278,0.517310427,0.016834264,-0.093186749,76.957675844,-3.198104736,32.328636507,44.629039337
41.966666667,13.995969017,12.983292646,1.302801515,0.515818722,0.016882156,-0.093940257,13.996264061,12.967729531,1.304445304,0.516318532,0.016906203,-0.093706158,76.814257181,-3.214799131,32.224822569,44.589434613
42.000000000,14.000000000,13.000000000,1.299661492,0.514832207,0.016953170,-0.094457877,14.000271061,12.984459501,1.301313034,0.515330149,0.016977846,-0.094224521,76.671527111,-3.231415090,32.121503768,44.550023343
42.033333333,14.004072454,13.016663604,1.296504235,0.513849350,0.017023873,-0.094974305,14.004319487,13.001145757,1.298163503,0.514345374,0.017049185,-0.094741745,76.529499962,-3.247955424,32.018681858,44.510818104
42.066666667,14.008186473,13.033283410,1.293329785,0.512870247,0.017094257,-0.095489479,14.008409435,13.017788248,1.294996753,0.513364304,0.017120210,-0.095257746,76.388190870,-3.264427003,31.916351198,44.471839671
42.100000000,14.012342149,13.049859368,1.290138186,0.511894997,0.017164311,-0.096003330,14.012540998,13.034386925,1.291812824,0.512387037,0.017190912,-0.095772459,76.247613443,-3.280825994,31.814525964,44.433087479
42.133333333,14.016539576,13.066391433,1.286929481,0.510923695,0.017234028,-0.096515791,14.016714269,13.050941739,1.288611761,0.511413668,0.017261282,-0.096285817,76.107781627,-3.297148725,31.713220189,44.394561438
42.166666667,14.020778846,13.082879558,1.283703720,0.509956437,0.017303399,-0.097026789,14.020929341,13.067452647,1.285393611,0.510444295,0.017331311,-0.096797748,75.968709302,-3.313391528,31.612447867,44.356261435
42.200000000,14.025060049,13.099323702,1.280460951,0.508993319,0.017372415,-0.097536251,14.025186306,13.083919602,1.282158420,0.509479013,0.017400991,-0.097308180,75.830410285,-3.329550736,31.512222959,44.318187326
42.233333333,14.029383276,13.115723822,1.277201228,0.508034436,0.017441067,-0.098044099,14.029485253,13.100342564,1.278906242,0.508517917,0.017470313,-0.097817038,75.692898331,-3.345622679,31.412559398,44.280338933
42.266666667,14.033748615,13.132079878,1.273924605,0.507079885,0.017509348,-0.098550257,14.033826272,13.116721491,1.275637130,0.507561104,0.017539269,-0.098324245,75.556187123,-3.361603685,31.313471090,44.242716034
42.300000000,14.038156155,13.148391832,1.270631141,0.506129759,0.017577250,-0.099054643,14.038209453,13.133056344,1.272351140,0.506608667,0.017607851,-0.098829722,75.420290279,-3.377490076,31.214971917,44.205318362
42.333333333,14.042605985,13.164659647,1.267320895,0.505184154,0.017644763,-0.099557177,14.042634883,13.149347086,1.269048332,0.505660703,0.017676049,-0.099333387,75.285221343,-3.393278165,31.117075740,44.168145604
42.366666667,14.047098189,13.180883289,1.263993930,0.504243163,0.017711879,-0.100057775,14.047102649,13.165593680,1.265728766,0.504717305,0.017743856,-0.099835158,75.150993790,-3.408964259,31.019796398,44.131197392
42.400000000,14.051632855,13.197062723,1.260650313,0.503306880,0.017778591,-0.100556351,14.051612839,13.181796093,1.262392508,0.503778567,0.017811263,-0.100334952,75.017621017,-3.424544656,30.923147709,44.094473308
42.433333333,14.056210067,13.213197918,1.257290113,0.502375399,0.017844890,-0.101052820,14.056165536,13.197954292,1.259039625,0.502844583,0.017878263,-0.100832682,74.885116346,-3.440015645,30.827143471,44.057972876
42.466666667,14.060829908,13.229288844,1.253913401,0.501448813,0.017910769,-0.101547094,14.060760826,13.214068246,1.255670187,0.501915447,0.017944846,-0.101328261,74.753493024,-3.455373507,30.731797460,44.021695564
42.500000000,14.065492464,13.245335472,1.250520252,0.500527214,0.017976218,-0.102039083,14.065398792,13.230137926,1.252284267,0.500991250,0.018011005,-0.101821601,74.622764213,-3.470614513,30.637123428,43.985640785
42.533333333,14.070197815,13.261337776,1.247110743,0.499610696,0.018041229,-0.102528698,14.070079518,13.246163303,1.248881942,0.500072087,0.018076732,-0.102312612,74.492942997,-3.485734925,30.543135104,43.949807893
42.566666667,14.074946043,13.277295728,1.243684955,0.498699349,0.018105796,-0.103015846,14.074803085,13.262144352,1.245463291,0.499158048,0.018142017,-0.102801203,74.364042373,-3.500730999,30.449846189,43.914196184
42.600000000,14.079737230,13.293209307,1.240242972,0.497793266,0.018169908,-0.103500436,14.079569574,13.278081048,1.242028396,0.498249226,0.018206854,-0.103287283,74.236075255,-3.515598981,30.357270357,43.878804898
42.633333333,14.084571454,13.309078489,1.236784881,0.496892538,0.018233559,-0.103982373,14.084379067,13.293973367,1.238577341,0.497345712,0.018271233,-0.103770757,74.109054468,-3.530335112,30.265421250,43.843633219
42.666666667,14.089448795,13.324903254,1.233310772,0.495997254,0.018296739,-0.104461563,14.089231641,13.309821289,1.235110217,0.496447597,0.018335146,-0.104251532,73.982992748,-3.544935627,30.174312475,43.808680272
42.700000000,14.094369331,13.340683583,1.229820738,0.495107506,0.018359441,-0.104937910,14.094127377,13.325624794,1.231627114,0.495554971,0.018398586,-0.104729513,73.857902737,-3.559396757,30.083957604,43.773945132
42.733333333,14.099333140,13.356419457,1.226314875,0.494223382,0.018421657,-0.105411318,14.099066351,13.341383863,1.228128126,0.494667924,0.018461543,-0.105204604,73.733796985,-3.573714729,29.994370167,43.739426818
42.766666667,14.104340297,13.372110861,1.222793283,0.493344973,0.018483378,-0.105881689,14.104048641,13.357098478,1.224613353,0.493786546,0.018524010,-0.105676707,73.610687947,-3.587885769,29.905563649,43.705124298
42.800000000,14.109390879,13.387757781,1.219256065,0.492472367,0.018544596,-0.106348926,14.109074323,13.372768626,1.221082894,0.492910926,0.018585978,-0.106145725,73.488587978,-3.601906101,29.817551488,43.671036490
42.833333333,14.114484960,13.403360202,1.215703326,0.491605652,0.018605302,-0.106812930,14.114143472,13.388394292,1.217536856,0.492041152,0.018647439,-0.106611560,73.367509335,-3.615771950,29.730347071,43.637162264
42.866666667,14.119622614,13.418918115,1.212135177,0.490744916,0.018665489,-0.107273601,14.119256163,13.403975463,1.213975345,0.491177312,0.018708384,-0.107074112,73.247464172,-3.629479546,29.643963728,43.603500444
42.900000000,14.124803915,13.434431508,1.208551730,0.489890246,0.018725148,-0.107730839,14.124412469,13.419512130,1.210398472,0.490319493,0.018768805,-0.107533282,73.128464539,-3.643025121,29.558414728,43.570049811
42.933333333,14.130028934,13.449900373,1.204953102,0.489041728,0.018784271,-0.108184544,14.129612463,13.435004282,1.206806352,0.489467784,0.018828694,-0.107988970,73.010522379,-3.656404914,29.473713277,43.536809102
42.966666667,14.135297743,13.465324704,1.201339411,0.488199450,0.018842850,-0.108634614,14.134856217,13.450451912,1.203199103,0.488622269,0.018888042,-0.108441074,72.893649529,-3.669615172,29.389872511,43.503777017
43.000000000,14.140610413,13.480704494,1.197710780,0.487363495,0.018900875,-0.109080947,14.140143802,13.465855015,1.199576846,0.487783035,0.018946841,-0.108889492,72.777857713,-3.682652150,29.306905492,43.470952221
43.033333333,14.145967014,13.496039739,1.194067337,0.486533950,0.018958340,-0.109523442,14.145475289,13.481213584,1.195939706,0.486950166,0.019005083,-0.109334124,72.663158545,-3.695512116,29.224825202,43.438333342
43.066666667,14.151367613,13.511330438,1.190409209,0.485710899,0.019015235,-0.109961997,14.150850746,13.496527616,1.192287810,0.486123749,0.019062758,-0.109774867,72.549563522,-3.708191354,29.143644542,43.405918980
43.100000000,14.156812281,13.526576588,1.186736532,0.484894424,0.019071552,-0.110396508,14.156270244,13.511797111,1.188621290,0.485303866,0.019119859,-0.110211617,72.437084025,-3.720686160,29.063376321,43.373707705
43.133333333,14.162301083,13.541778190,1.183049440,0.484084611,0.019127283,-0.110826872,14.161733848,13.527022067,1.184940280,0.484490601,0.019176378,-0.110644274,72.325731318,-3.732992850,28.984033256,43.341698062
43.166666667,14.167834087,13.556935247,1.179348074,0.483281539,0.019182420,-0.111252987,14.167241627,13.542202485,1.181244919,0.483684037,0.019232305,-0.111072732,72.215516542,-3.745107759,28.905627966,43.309888576
43.200000000,14.173411358,13.572047760,1.175632578,0.482485293,0.019236954,-0.111674749,14.172793647,13.557338368,1.177535349,0.482884256,0.019287633,-0.111496889,72.106450715,-3.757027245,28.828172963,43.278277752
43.233333333,14.179032961,13.587115735,1.171903098,0.481695952,0.019290877,-0.112092054,14.178389972,13.572429720,1.173811714,0.482091340,0.019342353,-0.111916642,71.998544730,-3.768747691,28.751680652,43.246864078
43.266666667,14.184698959,13.602139178,1.168159784,0.480913597,0.019344181,-0.112504800,14.184030668,13.587476546,1.170074164,0.481305368,0.019396456,-0.112331887,71.891809352,-3.780265504,28.676163322,43.215646030
43.300000000,14.190409417,13.617118097,1.164402791,0.480138308,0.019396857,-0.112912882,14.189715799,13.602478853,1.166322849,0.480526422,0.019449935,-0.112742520,71.786255219,-3.791577124,28.601633141,43.184622078
43.333333333,14.196164397,13.632052500,1.160632275,0.479370164,0.019448897,-0.113316197,14.195445426,13.617436649,1.162557927,0.479754581,0.019502780,-0.113148438,71.681892834,-3.802679018,28.528102152,43.153790682
43.366666667,14.201963959,13.646942397,1.156848397,0.478609243,0.019500293,-0.113714642,14.201219613,13.632349944,1.158779554,0.478989924,0.019554985,-0.113549538,71.578732568,-3.813567689,28.455582266,43.123150302
43.400000000,14.207808166,13.661787800,1.153051321,0.477855623,0.019551037,-0.114108113,14.207038421,13.647218748,1.154987895,0.478232527,0.019606539,-0.113945716,71.476784656,-3.824239677,28.384085257,43.092699398
43.433333333,14.213697076,13.676588723,1.149241214,0.477109380,0.019601121,-0.114496509,14.212901910,13.662043074,1.151183114,0.477482469,0.019657435,-0.114336870,71.376059195,-3.834691556,28.313622759,43.062436436
43.466666667,14.219630749,13.691345180,1.145418248,0.476370591,0.019650536,-0.114879726,14.218810139,13.676822937,1.147365382,0.476739827,0.019707665,-0.114722896,71.276566141,-3.844919945,28.244206254,43.032359888
43.500000000,14.225609244,13.706057186,1.141582597,0.475639330,0.019699275,-0.115257661,14.224763168,13.691558350,1.143534870,0.476004675,0.019757221,-0.115103692,71.178315310,-3.854921503,28.175847072,43.002468238
43.533333333,14.231632617,13.720724759,1.137734438,0.474915673,0.019747328,-0.115630214,14.230761055,13.706249330,1.139691754,0.475277088,0.019806093,-0.115479157,71.081316372,-3.864692936,28.108556386,42.972759986
43.566666667,14.237700926,13.735347917,1.133873954,0.474199692,0.019794689,-0.115997283,14.236803857,13.720895895,1.135836215,0.474557141,0.019854275,-0.115849188,70.985578851,-3.874230997,28.042345200,42.943233651
43.600000000,14.243814227,13.749926681,1.130001327,0.473491461,0.019841349,-0.116358768,14.242891630,13.735498065,1.131968434,0.473844906,0.019901758,-0.116213684,70.891112123,-3.883532489,27.977224352,42.913887771
43.633333333,14.249972574,13.764461071,1.126116746,0.472791051,0.019887301,-0.116714567,14.249024431,13.750055860,1.128088598,0.473140457,0.019948533,-0.116572545,70.797925413,-3.892594268,27.913204500,42.884720913
43.666666667,14.256176021,13.778951111,1.122220402,0.472098534,0.019932536,-0.117064582,14.255202313,13.764569302,1.124196897,0.472443865,0.019994594,-0.116925672,70.706027795,-3.901413243,27.850296123,42.855731672
43.700000000,14.262424624,13.793396823,1.118312490,0.471413980,0.019977047,-0.117408713,14.261425332,13.779038413,1.120293524,0.471755199,0.020039931,-0.117272964,70.615428188,-3.909986382,27.788509514,42.826918674
43.733333333,14.268718433,13.807798234,1.114393207,0.470737458,0.020020825,-0.117746863,14.267693539,13.793463219,1.116378673,0.471074531,0.020084538,-0.117614324,70.526135353,-3.918310711,27.727854770,42.798280583
43.766666667,14.275057501,13.822155369,1.110462755,0.470069036,0.020063864,-0.118078935,14.274006989,13.807843746,1.112452546,0.470401929,0.020128406,-0.117949653,70.438157896,-3.926383320,27.668341794,42.769816102
43.800000000,14.281441880,13.836468257,1.106521337,0.469408782,0.020106156,-0.118404832,14.280365732,13.822180019,1.108515345,0.469737461,0.020171527,-0.118278856,70.351504261,-3.934201360,27.609980283,42.741523977
43.833333333,14.287871618,13.850736927,1.102569162,0.468756762,0.020147692,-0.118724459,14.286769819,13.836472069,1.104567274,0.469081193,0.020213894,-0.118601836,70.266182729,-3.941762051,27.552779729,42.713403001
43.866666667,14.294346767,13.864961409,1.098606439,0.468113043,0.020188466,-0.119037723,14.293219300,13.850719924,1.100608545,0.468433193,0.020255499,-0.118918498,70.182201420,-3.949062678,27.496749406,42.685452014
43.900000000,14.300867374,13.879141735,1.094633382,0.467477688,0.020228470,-0.119344528,14.299714226,13.864923616,1.096639367,0.467793524,0.020296335,-0.119228749,70.099568286,-3.956100601,27.441898372,42.657669913
43.933333333,14.307433488,13.893277938,1.090650208,0.466850761,0.020267698,-0.119644785,14.306254643,13.879083176,1.092659958,0.467162252,0.020336394,-0.119532497,70.018291111,-3.962873249,27.388235462,42.630055649
43.966666667,14.314045156,13.907370052,1.086657137,0.466232325,0.020306140,-0.119938402,14.312840600,13.893198639,1.088670535,0.466539440,0.020375669,-0.119829650,69.938377512,-3.969378128,27.335769279,42.602608232
44.000000000,14.320702423,13.921418112,1.082654392,0.465622441,0.020343792,-0.120225290,14.319472145,13.907270039,1.084671319,0.465925148,0.020414152,-0.120120117,69.859834932,-3.975612820,27.284508196,42.575326736
44.033333333,14.327405337,13.935422156,1.078642198,0.465021171,0.020380645,-0.120505360,14.326149322,13.921297412,1.080662535,0.465319440,0.020451836,-0.120403810,69.782670645,-3.981574988,27.234460344,42.548210300
44.066666667,14.334153940,13.949382221,1.074620785,0.464428573,0.020416692,-0.120778526,14.332872177,13.935280795,1.076644410,0.464722375,0.020488715,-0.120680642,69.706891746,-3.987262375,27.185633614,42.521258132
44.100000000,14.340948278,13.963298347,1.070590383,0.463844706,0.020451927,-0.121044703,14.339640756,13.949220228,1.072617175,0.464134011,0.020524781,-0.120950527,69.632505158,-3.992672804,27.138035648,42.494469511
44.133333333,14.347788394,13.977170575,1.066551227,0.463269628,0.020486344,-0.121303808,14.346455101,13.963115749,1.068581062,0.463554407,0.020560027,-0.121213380,69.559517624,-3.997804189,27.091673834,42.467843790
44.166666667,14.354674329,13.990998945,1.062503555,0.462703395,0.020519935,-0.121555757,14.353315255,13.976967400,1.064536307,0.462983620,0.020594446,-0.121469118,69.487935709,-4.002654524,27.046555308,42.441380401
44.200000000,14.361606127,14.004783500,1.058447605,0.462146061,0.020552693,-0.121800472,14.360221262,13.990775223,1.060483149,0.462421706,0.020628032,-0.121717660,69.417765795,-4.007221897,27.002686941,42.415078854
44.233333333,14.368583827,14.018524285,1.054383622,0.461597683,0.020584614,-0.122037873,14.367173163,14.004539261,1.056421828,0.461868719,0.020660779,-0.121958928,69.349014086,-4.011504484,26.960075343,42.388938742
44.266666667,14.375607469,14.032221346,1.050311848,0.461058311,0.020615689,-0.122267884,14.374170997,14.018259558,1.052352589,0.461324713,0.020692680,-0.122192842,69.281686597,-4.015500551,26.918726854,42.362959743
44.300000000,14.382677094,14.045874728,1.046232534,0.460527999,0.020645914,-0.122490429,14.381214805,14.031936162,1.048275678,0.460789740,0.020723728,-0.122419327,69.215789162,-4.019208461,26.878647540,42.337141622
44.333333333,14.389792739,14.059484479,1.042145927,0.460006797,0.020675282,-0.122705435,14.388304627,14.045569118,1.044191344,0.460263852,0.020753917,-0.122638309,69.151327428,-4.022626669,26.839843196,42.311484232
44.366666667,14.396954442,14.073050649,1.038052281,0.459494754,0.020703788,-0.122912832,14.395440500,14.059158474,1.040099838,0.459747099,0.020783242,-0.122849716,69.088306852,-4.025753728,26.802319333,42.285987519
44.400000000,14.404162241,14.086573286,1.033951851,0.458991919,0.020731425,-0.123112550,14.402622463,14.072704280,1.036001414,0.459239531,0.020811696,-0.123053477,69.026732705,-4.028588288,26.766081182,42.260651522
44.433333333,14.411416171,14.100052443,1.029844894,0.458498340,0.020758188,-0.123304523,14.409850551,14.086206587,1.031896328,0.458741194,0.020839274,-0.123249525,68.966610066,-4.031129098,26.731133690,42.235476376
44.466666667,14.418716268,14.113488171,1.025731668,0.458014061,0.020784072,-0.123488684,14.417124801,14.099665446,1.027784839,0.458252136,0.020865970,-0.123437793,68.907943823,-4.033375008,26.697481512,42.210462311
44.500000000,14.426062567,14.126880525,1.021612436,0.457539129,0.020809071,-0.123664972,14.424445249,14.113080909,1.023667205,0.457772402,0.020891779,-0.123618218,68.850738674,-4.035324967,26.665129016,42.185609657
44.533333333,14.433455101,14.140229558,1.017487461,0.457073587,0.020833181,-0.123833327,14.431811929,14.126453031,1.019543691,0.457302036,0.020916695,-0.123790737,68.794999119,-4.036978028,26.634080275,42.160918845
44.566666667,14.440893905,14.153535327,1.013357008,0.456617477,0.020856396,-0.123993688,14.439224874,14.139781867,1.015414560,0.456841082,0.020940713,-0.123955293,68.740729469,-4.038333348,26.604339064,42.136390404
44.600000000,14.448379009,14.166797888,1.009221345,0.456170840,0.020878711,-0.124146002,14.446684118,14.153067472,1.011280079,0.456389581,0.020963828,-0.124111826,68.687933835,-4.039390188,26.575908864,42.112024971
44.633333333,14.455910446,14.180017299,1.005080740,0.455733716,0.020900122,-0.124290214,14.454189693,14.166309904,1.007140517,0.455947573,0.020986035,-0.124260283,68.636616135,-4.040147911,26.548792854,42.087823281
44.666666667,14.463488247,14.193193619,1.000935466,0.455306143,0.020920624,-0.124426273,14.461741630,14.179509222,1.002996143,0.455515098,0.021007330,-0.124400611,68.586780090,-4.040605989,26.522993912,42.063786178
44.700000000,14.471112442,14.206326909,0.996785793,0.454888160,0.020940213,-0.124554131,14.469339960,14.192665484,0.998847229,0.455092195,0.021027708,-0.124532760,68.538429221,-4.040763999,26.498514613,42.039914608
44.733333333,14.478783060,14.219417230,0.992631997,0.454479802,0.020958885,-0.124673741,14.476984714,14.205778752,0.994694048,0.454678899,0.021047165,-0.124656682,68.491566852,-4.040621624,26.475357227,42.016209625
44.766666667,14.486500129,14.232464645,0.988474354,0.454081104,0.020976636,-0.124785059,14.484675920,14.218849086,0.990536877,0.454275246,0.021065696,-0.124772333,68.446196109,-4.040178654,26.453523719,41.992672389
44.800000000,14.494263679,14.245469215,0.984313139,0.453692100,0.020993462,-0.124888045,14.492413606,14.231876550,0.986375990,0.453881271,0.021083298,-0.124879671,68.402319916,-4.039434989,26.433015749,41.969304167
44.833333333,14.502073735,14.258431007,0.980148632,0.453312821,0.021009359,-0.124982659,14.500197801,14.244861207,0.982211666,0.453497006,0.021099966,-0.124978654,68.359941001,-4.038390632,26.413834669,41.946106332
44.866666667,14.509930324,14.271350086,0.975981112,0.452943299,0.021024324,-0.125068867,14.508028532,14.257803123,0.978044184,0.453122482,0.021115698,-0.125069247,68.319061887,-4.037045699,26.395981523,41.923080364
44.900000000,14.517833471,14.284226518,0.971810861,0.452583563,0.021038354,-0.125146635,14.515905824,14.270702362,0.973873824,0.452757731,0.021130489,-0.125151414,68.279684898,-4.035400408,26.379457048,41.900227850
44.933333333,14.525783203,14.297060370,0.967638159,0.452233641,0.021051445,-0.125215932,14.523829703,14.283558993,0.969700868,0.452402781,0.021144336,-0.125225124,68.241812158,-4.033455090,26.364261674,41.877550484
44.966666667,14.533779542,14.309851713,0.963463290,0.451893560,0.021063595,-0.125276730,14.531800194,14.296373082,0.965525598,0.452057659,0.021157237,-0.125290348,68.205445588,-4.031210181,26.350395523,41.855050065
45.000000000,14.541822511,14.322600615,0.959286537,0.451563347,0.021074801,-0.125329006,14.539817321,14.309144699,0.961348297,0.451722393,0.021169188,-0.125347058,68.170586908,-4.028666224,26.337858409,41.832728499
45.033333333,14.549912135,14.335307147,0.955108185,0.451243024,0.021085061,-0.125372735,14.547881107,14.321873914,0.957169249,0.451397006,0.021180187,-0.125395232,68.137237635,-4.025823868,26.326649840,41.810587795
45.066666667,14.558048434,14.347971381,0.950928520,0.450932615,0.021094372,-0.125407900,14.555991575,14.334560798,0.952988740,0.451081522,0.021190231,-0.125434848,68.105399086,-4.022683871,26.316769021,41.788630065
45.100000000,14.566231429,14.360593390,0.946747826,0.450632141,0.021102732,-0.125434483,14.564148745,14.347205423,0.948807055,0.450775963,0.021199317,-0.125465888,68.075072376,-4.019247096,26.308214849,41.766857527
45.133333333,14.574461142,14.373173247,0.942566390,0.450341622,0.021110138,-0.125452471,14.572352640,14.359807862,0.944624480,0.450480351,0.021207445,-0.125488338,68.046258417,-4.015514510,26.300985920,41.745272498
45.166666667,14.582737591,14.385711027,0.938384499,0.450061078,0.021116591,-0.125461852,14.580603280,14.372368188,0.940441302,0.450194705,0.021214611,-0.125502184,68.018957921,-4.011487186,26.295080527,41.723877394
45.200000000,14.591060795,14.398206807,0.934202440,0.449790526,0.021122087,-0.125462618,14.588900683,14.384886478,0.936257807,0.449919043,0.021220815,-0.125507417,67.993171397,-4.007166298,26.290496663,41.702674734
45.233333333,14.599430773,14.410660662,0.930020501,0.449529981,0.021126626,-0.125454765,14.597244869,14.397362807,0.932074283,0.449653381,0.021226054,-0.125504031,67.968899154,-4.002553127,26.287232025,41.681667129
45.266666667,14.607847543,14.423072671,0.925838967,0.449279458,0.021130206,-0.125438290,14.605635856,14.409797251,0.927891017,0.449397735,0.021230327,-0.125492021,67.946141299,-3.997649052,26.285284011,41.660857288
45.300000000,14.616311120,14.435442912,0.921658128,0.449038971,0.021132827,-0.125413193,14.614073661,14.422189889,0.923708296,0.449152119,0.021233634,-0.125471387,67.924897741,-3.992455555,26.284649727,41.640248015
45.333333333,14.624821521,14.447771465,0.917478270,0.448808531,0.021134487,-0.125379478,14.622558300,14.434540800,0.919526409,0.448916546,0.021235974,-0.125442131,67.905168188,-3.986974215,26.285325987,41.619842201
45.366666667,14.633378761,14.460058411,0.913299680,0.448588149,0.021135187,-0.125337151,14.631089791,14.446850063,0.915345642,0.448691026,0.021237344,-0.125404256,67.886952147,-3.981206713,26.287309319,41.599642829
45.400000000,14.641982854,14.472303830,0.909122645,0.448377834,0.021134927,-0.125286221,14.639668146,14.459117760,0.911166283,0.448475570,0.021237747,-0.125357772,67.870248929,-3.975154822,26.290595960,41.579652969
45.433333333,14.650633815,14.484507805,0.904947453,0.448177594,0.021133705,-0.125226700,14.648293382,14.471343971,0.906988618,0.448270186,0.021237180,-0.125302688,67.855057645,-3.968820415,26.295181871,41.559875774
45.466666667,14.659331656,14.496670421,0.900774388,0.447987435,0.021131522,-0.125158604,14.656965511,14.483528779,0.902812934,0.448074881,0.021235644,-0.125239018,67.841377209,-3.962205455,26.301062729,41.540314481
45.500000000,14.668076390,14.508791760,0.896603737,0.447807362,0.021128378,-0.125081949,14.665684547,14.495672269,0.898639516,0.447889661,0.021233140,-0.125166778,67.829206340,-3.955312001,26.308233937,41.520972404
45.533333333,14.676868028,14.520871909,0.892435785,0.447637379,0.021124275,-0.124996756,14.674450502,14.507774524,0.894468651,0.447714531,0.021229667,-0.125085987,67.818543560,-3.948142201,26.316690625,41.501852935
45.566666667,14.685706582,14.532910953,0.888270815,0.447477487,0.021119212,-0.124903049,14.683263387,14.519835630,0.890300622,0.447549492,0.021225226,-0.124996667,67.809387196,-3.940698290,26.326427656,41.482959540
45.600000000,14.694592061,14.544908979,0.884109111,0.447327689,0.021113191,-0.124800853,14.692123213,14.531855673,0.886135714,0.447394547,0.021219818,-0.124898843,67.801735381,-3.932982593,26.337439626,41.464295755
45.633333333,14.703524474,14.556866075,0.879950956,0.447187983,0.021106212,-0.124690199,14.701029990,14.543834739,0.881974210,0.447249695,0.021213444,-0.124792542,67.795586059,-3.924997520,26.349720875,41.445865184
45.666666667,14.712503831,14.568782331,0.875796631,0.447058367,0.021098278,-0.124571117,14.709983728,14.555772918,0.877816391,0.447114936,0.021206105,-0.124677794,67.790936977,-3.916745564,26.363265481,41.427671495
45.700000000,14.721530140,14.580657835,0.871646416,0.446938838,0.021089390,-0.124443641,14.718984434,14.567670298,0.873662539,0.446990268,0.021197802,-0.124554634,67.787785695,-3.908229297,26.378067276,41.409718419
45.733333333,14.730603408,14.592492678,0.867500591,0.446829391,0.021079549,-0.124307810,14.728032117,14.579526968,0.869512933,0.446875685,0.021188538,-0.124423095,67.786129584,-3.899451375,26.394119840,41.392009744
45.766666667,14.739723641,14.604286952,0.863359433,0.446730021,0.021068758,-0.124163663,14.737126784,14.591343020,0.865367853,0.446771183,0.021178314,-0.124283218,67.785965825,-3.890414528,26.411416513,41.374549312
45.800000000,14.748890845,14.616040749,0.859223219,0.446640720,0.021057018,-0.124011242,14.746268441,14.603118544,0.861227574,0.446676755,0.021167132,-0.124135042,67.787291415,-3.881121562,26.429950396,41.357341019
45.833333333,14.758105026,14.627754161,0.855092224,0.446561479,0.021044333,-0.123850592,14.755457095,14.614853633,0.857092375,0.446592394,0.021154995,-0.123978612,67.790103165,-3.871575356,26.449714360,41.340388806
45.866666667,14.767366187,14.639427283,0.850966721,0.446492289,0.021030704,-0.123681762,14.764692750,14.626548380,0.852962527,0.446518089,0.021141904,-0.123813975,67.794397703,-3.861778860,26.470701044,41.323696659
45.900000000,14.776674334,14.651060210,0.846846983,0.446433138,0.021016135,-0.123504801,14.773975410,14.638202879,0.848838305,0.446453830,0.021127863,-0.123641178,67.800171472,-3.851735092,26.492902867,41.307268605
45.933333333,14.786029468,14.662653036,0.842733279,0.446384013,0.021000628,-0.123319762,14.783305079,14.649817225,0.844719980,0.446399605,0.021112875,-0.123460274,67.807420739,-3.841447137,26.516312029,41.291108710
45.966666667,14.795431592,14.674205859,0.838625877,0.446344900,0.020984187,-0.123126701,14.792681759,14.661391512,0.840607820,0.446355401,0.021096941,-0.123271317,67.816141590,-3.830918143,26.540920520,41.275221070
46.000000000,14.804880708,14.685718775,0.834525045,0.446315784,0.020966815,-0.122925674,14.802105454,14.672925839,0.836502094,0.446321203,0.021080067,-0.123074362,67.826329933,-3.820151320,26.566720121,41.259609813
46.033333333,14.814376816,14.697191882,0.830431047,0.446296649,0.020948516,-0.122716743,14.811576165,14.684420301,0.832403067,0.446296995,0.021062255,-0.122869469,67.837981503,-3.809149937,26.593702411,41.244279092
46.066666667,14.823919917,14.708625280,0.826344145,0.446287476,0.020929293,-0.122499969,14.821093892,14.695874997,0.828311002,0.446282760,0.021043509,-0.122656699,67.851091859,-3.797917319,26.621858777,41.229233082
46.100000000,14.833510011,14.720019067,0.822264599,0.446288246,0.020909150,-0.122275417,14.830658635,14.707290026,0.824226161,0.446278479,0.021023833,-0.122436116,67.865656390,-3.786456847,26.651180413,41.214475977
46.133333333,14.843147095,14.731373344,0.818192668,0.446298938,0.020888093,-0.122043155,14.840270393,14.718665486,0.820148803,0.446284133,0.021003231,-0.122207784,67.881670315,-3.774771951,26.681658328,41.200011986
46.166666667,14.852831169,14.742688212,0.814128607,0.446319531,0.020866124,-0.121803250,14.849929166,14.730001479,0.816079186,0.446299699,0.020981707,-0.121971773,67.899128684,-3.762866113,26.713283355,41.185845328
46.200000000,14.862562230,14.753963772,0.810072670,0.446350003,0.020843248,-0.121555775,14.859634952,14.741298104,0.812017564,0.446325157,0.020959265,-0.121728152,67.918026382,-3.750742860,26.746046152,41.171980230
46.233333333,14.872340274,14.765200128,0.806025109,0.446390327,0.020819471,-0.121300802,14.869387747,14.752555465,0.807964190,0.446360482,0.020935911,-0.121476994,67.938358130,-3.738405765,26.779937209,41.158420920
46.266666667,14.882165298,14.776397383,0.801986171,0.446440480,0.020794797,-0.121038408,14.879187548,14.763773664,0.803919313,0.446405649,0.020911649,-0.121218372,67.960118487,-3.725858441,26.814946858,41.145171629
46.300000000,14.892037296,14.787555640,0.797956104,0.446500434,0.020769231,-0.120768669,14.889034351,14.774952803,0.799883182,0.446460632,0.020886483,-0.120952364,67.983301854,-3.713104540,26.851065272,41.132236581
46.333333333,14.901956265,14.798675005,0.793935149,0.446570162,0.020742778,-0.120491664,14.898928151,14.786092988,0.795856041,0.446525404,0.020860420,-0.120679047,68.007902471,-3.700147754,26.888282477,41.119619994
46.366666667,14.911922196,14.809755583,0.789923549,0.446649634,0.020715444,-0.120207475,14.908868942,14.797194321,0.791838132,0.446599936,0.020833465,-0.120398502,68.033914425,-3.686991807,26.926588354,41.107326072
46.400000000,14.921935085,14.820797480,0.785921542,0.446738819,0.020687234,-0.119916185,14.918856719,14.808256910,0.787829694,0.446684199,0.020805622,-0.120110811,68.061331651,-3.673640454,26.965972646,41.095359005
46.433333333,14.931994923,14.831800803,0.781929362,0.446837687,0.020658155,-0.119617878,14.928891475,14.819280860,0.783830966,0.446778162,0.020776899,-0.119816057,68.090147931,-3.660097480,27.006424965,41.083722966
46.466666667,14.942101702,14.842765659,0.777947242,0.446946205,0.020628211,-0.119312641,14.938973201,14.830266278,0.779842180,0.446881793,0.020747300,-0.119514326,68.120356898,-3.646366700,27.047934796,41.072422102
46.500000000,14.952255414,14.853692158,0.773975412,0.447064339,0.020597409,-0.119000562,14.949101890,14.841213272,0.775863568,0.446995057,0.020716831,-0.119205705,68.151952041,-3.632451948,27.090491505,41.061460536
46.533333333,14.962456049,14.864580408,0.770014098,0.447192054,0.020565756,-0.118681730,14.959277533,14.852121949,0.771895358,0.447117922,0.020685500,-0.118890283,68.184926705,-3.618357085,27.134084343,41.050842361
46.566666667,14.972703598,14.875430518,0.766063524,0.447329314,0.020533257,-0.118356236,14.969500119,14.862992419,0.767937775,0.447250351,0.020653311,-0.118568151,68.219274090,-3.604085988,27.178702453,41.040571637
46.600000000,14.982998048,14.886242599,0.762123910,0.447476081,0.020499919,-0.118024172,14.979769639,14.873824791,0.763991042,0.447392309,0.020620272,-0.118239399,68.254987261,-3.589642554,27.224334873,41.030652388
46.633333333,14.993339389,14.897016762,0.758195473,0.447632318,0.020465749,-0.117685634,14.990086082,14.884619175,0.760055376,0.447543756,0.020586389,-0.117904122,68.292059145,-3.575030693,27.270970548,41.021088598
46.666666667,15.003727609,14.907753119,0.754278429,0.447797986,0.020430754,-0.117340715,15.000449435,14.895375683,0.756130995,0.447704655,0.020551670,-0.117562413,68.330482535,-3.560254328,27.318598328,41.011884207
46.700000000,15.014162695,14.918451781,0.750372988,0.447973043,0.020394940,-0.116989512,15.010859687,14.906094426,0.752218111,0.447874966,0.020516120,-0.117214368,68.370250091,-3.545317394,27.367206980,41.003043111
46.733333333,15.024644633,14.929112862,0.746479358,0.448157449,0.020358315,-0.116632124,15.021316825,14.916775516,0.748316934,0.448054647,0.020479748,-0.116860085,68.411354345,-3.530223831,27.416785190,40.994569155
46.766666667,15.035173409,14.939736476,0.742597742,0.448351161,0.020320885,-0.116268648,15.031820834,14.927419065,0.744427669,0.448243657,0.020442559,-0.116499662,68.453787703,-3.514977587,27.467321569,40.986466134
46.800000000,15.045749009,14.950322736,0.738728344,0.448554136,0.020282659,-0.115899184,15.042371700,14.938025188,0.740550520,0.448441953,0.020404562,-0.116133198,68.497542445,-3.499582612,27.518804660,40.978737785
46.833333333,15.056371416,14.960871757,0.734871360,0.448766329,0.020243643,-0.115523833,15.052969409,14.948593999,0.736685687,0.448649491,0.020365764,-0.115760793,68.542610731,-3.484042860,27.571222943,40.971387789
46.866666667,15.067040615,14.971383655,0.731026985,0.448987695,0.020203845,-0.115142697,15.063613944,14.959125611,0.732833366,0.448866226,0.020326173,-0.115382548,68.588984602,-3.468362281,27.624564837,40.964419765
46.900000000,15.077756589,14.981858546,0.727195411,0.449218187,0.020163274,-0.114755879,15.074305289,14.969620141,0.728993749,0.449092112,0.020285796,-0.114998567,68.636655982,-3.452544825,27.678818712,40.957837271
46.933333333,15.088519320,14.992296546,0.723376824,0.449457759,0.020121935,-0.114363482,15.085043426,14.980077703,0.725167027,0.449327103,0.020244641,-0.114608950,68.685616682,-3.436594436,27.733972887,40.951643794
46.966666667,15.099328791,15.002697772,0.719571409,0.449706361,0.020079839,-0.113965609,15.095828339,14.990498416,0.721353385,0.449571150,0.020202717,-0.114213804,68.735858400,-3.420515050,27.790015642,40.945842758
47.000000000,15.110184981,15.013062343,0.715779348,0.449963945,0.020036992,-0.113562367,15.106660009,15.000882395,0.717553007,0.449824205,0.020160030,-0.113813231,68.787372727,-3.404310597,27.846935215,40.940437512
47.033333333,15.121087873,15.023390376,0.712000816,0.450230462,0.019993402,-0.113153860,15.117538416,15.011229758,0.713766070,0.450086218,0.020116589,-0.113407338,68.840151149,-3.387984995,27.904719815,40.935431334
47.066666667,15.132037445,15.033681990,0.708235988,0.450505859,0.019949079,-0.112740194,15.128463540,15.021540624,0.709992751,0.450357139,0.020072403,-0.112996229,68.894185046,-3.371542148,27.963357622,40.930827423
47.100000000,15.143033677,15.043937305,0.704485034,0.450790085,0.019904030,-0.112321475,15.139435362,15.031815111,0.706233221,0.450636917,0.020027480,-0.112580011,68.949465700,-3.354985949,28.022836795,40.926628905
47.133333333,15.154076548,15.054156441,0.700748121,0.451083089,0.019858263,-0.111897812,15.150453861,15.042053338,0.702487650,0.450925499,0.019981828,-0.112158792,69.005984293,-3.338320272,28.083145470,40.922838822
47.166666667,15.165166035,15.064339518,0.697025411,0.451384815,0.019811787,-0.111469311,15.161519014,15.052255426,0.698756202,0.451222832,0.019935456,-0.111732677,69.063731913,-3.321548974,28.144271776,40.919460137
47.200000000,15.176302115,15.074486658,0.693317064,0.451695211,0.019764611,-0.111036079,15.172630798,15.062421494,0.695039038,0.451528864,0.019888372,-0.111301775,69.122699555,-3.304675894,28.206203827,40.916495728
47.233333333,15.187484766,15.084597981,0.689623236,0.452014221,0.019716744,-0.110598225,15.183789192,15.072551664,0.691336317,0.451843538,0.019840585,-0.110866193,69.182878123,-3.287704850,28.268929735,40.913948388
47.266666667,15.198713963,15.094673611,0.685944080,0.452341789,0.019668193,-0.110155856,15.194994171,15.082646056,0.687648192,0.452166800,0.019792104,-0.110426039,69.244258435,-3.270639635,28.332437612,40.911820823
47.300000000,15.209989681,15.104713669,0.682279743,0.452677860,0.019618968,-0.109709082,15.206245711,15.092704794,0.683974814,0.452498594,0.019742938,-0.109981422,69.306831223,-3.253484020,28.396715573,40.910115649
47.333333333,15.221311895,15.114718278,0.678630372,0.453022376,0.019569078,-0.109258009,15.217543787,15.102727999,0.680316330,0.452838862,0.019693096,-0.109532450,69.370587137,-3.236241750,28.461751741,40.908835396
47.366666667,15.232680580,15.124687563,0.674996106,0.453375278,0.019518531,-0.108802748,15.228888373,15.112715795,0.676672883,0.453187548,0.019642586,-0.109079231,69.435516747,-3.218916544,28.527534250,40.907982497
47.400000000,15.244095707,15.134621647,0.671377085,0.453736510,0.019467337,-0.108343405,15.240279443,15.122668304,0.673044613,0.453544593,0.019591417,-0.108621873,69.501610548,-3.201512092,28.594051250,40.907559298
47.433333333,15.255557251,15.144520656,0.667773443,0.454106010,0.019415504,-0.107880089,15.251716970,15.132585650,0.669431656,0.453909938,0.019539600,-0.108160485,69.568858958,-3.184032055,28.661290912,40.907568046
47.466666667,15.267065183,15.154384713,0.664185309,0.454483720,0.019363042,-0.107412909,15.263200925,15.142467959,0.665834145,0.454283524,0.019487142,-0.107695176,69.637252325,-3.166480062,28.729241428,40.908010897
47.500000000,15.278619475,15.164213944,0.660612812,0.454869579,0.019309959,-0.106941973,15.274731282,15.152315355,0.662252209,0.454665290,0.019434053,-0.107226052,69.706780927,-3.148859712,28.797891018,40.908889909
47.533333333,15.290220097,15.174008476,0.657056074,0.455263525,0.019256266,-0.106467387,15.286308011,15.162127962,0.658685972,0.455055176,0.019380343,-0.106753223,69.777434975,-3.131174570,28.867227931,40.910207045
47.566666667,15.301867019,15.183768435,0.653515215,0.455665498,0.019201970,-0.105989260,15.297931082,15.171905908,0.655135557,0.455453120,0.019326020,-0.106276796,69.849204618,-3.113428167,28.937240450,40.911964168
47.600000000,15.313560212,15.193493947,0.649990352,0.456075435,0.019147082,-0.105507699,15.309600465,15.181649318,0.651601082,0.455859060,0.019271094,-0.105796878,69.922079940,-3.095623999,29.007916895,40.914163045
47.633333333,15.325299644,15.203185140,0.646481597,0.456493272,0.019091610,-0.105022811,15.321316130,15.191358319,0.648082661,0.456272934,0.019215574,-0.105313576,69.996050969,-3.077765526,29.079245626,40.916805343
47.666666667,15.337085283,15.212842142,0.642989059,0.456918948,0.019035565,-0.104534701,15.333078045,15.201033038,0.644580405,0.456694678,0.019159470,-0.104826997,70.071107674,-3.059856172,29.151215044,40.919892630
47.700000000,15.348917096,15.222465080,0.639512844,0.457352397,0.018978954,-0.104043477,15.344886177,15.210673603,0.641094422,0.457124229,0.019102792,-0.104337247,70.147239972,-3.041899322,29.223813598,40.923426374
47.733333333,15.360795052,15.232054084,0.636053055,0.457793555,0.018921788,-0.103549243,15.356740494,15.220280141,0.637624815,0.457561523,0.019045547,-0.103844432,70.224437728,-3.023898321,29.297029784,40.927407944
47.766666667,15.372719115,15.241609281,0.632609788,0.458242358,0.018864077,-0.103052105,15.368640963,15.229852781,0.634171686,0.458006495,0.018987747,-0.103348657,70.302690756,-3.005856479,29.370852150,40.931838606
47.800000000,15.384689253,15.251130802,0.629183141,0.458698740,0.018805828,-0.102552167,15.380587550,15.239391651,0.630735130,0.458459080,0.018929400,-0.102850026,70.381988826,-2.987777061,29.445269296,40.936719529
47.833333333,15.396705429,15.260618777,0.625773203,0.459162635,0.018747052,-0.102049532,15.392580219,15.248896882,0.627315242,0.458919212,0.018870517,-0.102348645,70.462321661,-2.969663293,29.520269882,40.942051779
47.866666667,15.408767609,15.270073334,0.622380064,0.459633978,0.018687758,-0.101544304,15.404618936,15.258368601,0.623912111,0.459386826,0.018811106,-0.101844616,70.543678943,-2.951518362,29.595842621,40.947836322
47.900000000,15.420875756,15.279494605,0.619003808,0.460112701,0.018627956,-0.101036585,15.416703665,15.267806940,0.620525824,0.459861854,0.018751177,-0.101338042,70.626050316,-2.933345410,29.671976293,40.954074023
47.933333333,15.433029834,15.288882720,0.615644517,0.460598738,0.018567655,-0.100526477,15.428834369,15.277212028,0.617156464,0.460344231,0.018690739,-0.100829026,70.709425385,-2.915147536,29.748659738,40.960765647
47.966666667,15.445229805,15.298237812,0.612302268,0.461092021,0.018506864,-0.100014081,15.441011011,15.286583997,0.613804111,0.460833888,0.018629803,-0.100317668,70.793793719,-2.896927800,29.825881860,40.967911859
48.000000000,15.457475632,15.307560010,0.608977135,0.461592482,0.018445593,-0.099499497,15.453233554,15.295922976,0.610468840,0.461330759,0.018568377,-0.099804070,70.879144856,-2.878689214,29.903631632,40.975513224
48.033333333,15.469767275,15.316849447,0.605669191,0.462100054,0.018383851,-0.098982824,15.465501958,15.305229098,0.607150726,0.461834775,0.018506471,-0.099288330,70.965468304,-2.860434749,29.981898097,40.983570207
48.066666667,15.482104695,15.326106256,0.602378503,0.462614667,0.018321647,-0.098464161,15.477816185,15.314502495,0.603849837,0.462345868,0.018444095,-0.098770549,71.052753540,-2.842167330,30.060670367,40.992083173
48.100000000,15.494487853,15.335330568,0.599105136,0.463136254,0.018258992,-0.097943606,15.490176195,15.323743298,0.600566240,0.462863970,0.018381258,-0.098250824,71.140990018,-2.823889839,30.139937626,41.001052392
48.133333333,15.506916707,15.344522517,0.595849152,0.463664745,0.018195894,-0.097421255,15.502581947,15.332951639,0.597299999,0.463389011,0.018317970,-0.097729252,71.230167167,-2.805605113,30.219689136,41.010478031
48.166666667,15.519391218,15.353682236,0.592610608,0.464200071,0.018132362,-0.096897204,15.515033402,15.342127652,0.594051173,0.463920923,0.018254240,-0.097205930,71.320274392,-2.787315943,30.299914229,41.020360163
48.200000000,15.531911343,15.362809858,0.589389559,0.464742162,0.018068407,-0.096371549,15.527530518,15.351271469,0.590819818,0.464459635,0.018190078,-0.096680953,71.411301082,-2.769025075,30.380602320,41.030698762
48.233333333,15.544477040,15.371905517,0.586186058,0.465290949,0.018004037,-0.095844382,15.540073251,15.360383224,0.587605989,0.465005079,0.018125492,-0.096154416,71.503236607,-2.750735211,30.461742898,41.041493709
48.266666667,15.557088266,15.380969347,0.583000153,0.465846361,0.017939261,-0.095315797,15.552661561,15.369463050,0.584409737,0.465557184,0.018060493,-0.095626412,71.596070319,-2.732449005,30.543325534,41.052744785
48.300000000,15.569744978,15.390001483,0.579831891,0.466408329,0.017874090,-0.094785886,15.565295403,15.378511081,0.581231107,0.466115881,0.017995090,-0.095097033,71.689791561,-2.714169068,30.625339880,41.064451681
48.333333333,15.582447131,15.399002059,0.576681313,0.466976781,0.017808531,-0.094254739,15.577974733,15.387527452,0.578070145,0.466681098,0.017929292,-0.094566372,71.784389660,-2.695897964,30.707775669,41.076613991
48.366666667,15.595194681,15.407971209,0.573548459,0.467551648,0.017742595,-0.093722448,15.590699507,15.396512297,0.574926892,0.467252766,0.017863108,-0.094034517,71.879853936,-2.677638210,30.790622717,41.089231219
48.400000000,15.607987582,15.416909070,0.570433367,0.468132858,0.017676290,-0.093189099,15.603469679,15.405465750,0.571801385,0.467830814,0.017796549,-0.093501560,71.976173701,-2.659392281,30.873870926,41.102302775
48.433333333,15.620825789,15.425815776,0.567336070,0.468720341,0.017609625,-0.092654781,15.616285205,15.414387946,0.568693662,0.468415170,0.017729622,-0.092967587,72.073338261,-2.641162602,30.957510280,41.115827981
48.466666667,15.633709255,15.434691463,0.564256598,0.469314025,0.017542611,-0.092119581,15.629146037,15.423279022,0.565603752,0.469005764,0.017662337,-0.092432686,72.171336918,-2.622951556,31.041530852,41.129806066
48.500000000,15.646637933,15.443536266,0.561194980,0.469913839,0.017475255,-0.091583583,15.642052128,15.432139112,0.562531687,0.469602525,0.017594704,-0.091896944,72.270158971,-2.604761478,31.125922798,41.144236173
48.533333333,15.659611775,15.452350323,0.558151241,0.470519713,0.017407566,-0.091046873,15.655003432,15.440968351,0.559477493,0.470205381,0.017526732,-0.091360444,72.369793719,-2.586594658,31.210676363,41.159117356
48.566666667,15.672630733,15.461133769,0.555125403,0.471131575,0.017339555,-0.090509533,15.667999900,15.449766877,0.556441194,0.470814261,0.017458429,-0.090823272,72.470230465,-2.568453343,31.295781880,41.174448585
48.600000000,15.685694758,15.469886741,0.552117486,0.471749352,0.017271229,-0.089971646,15.681041482,15.458534825,0.553422810,0.471429094,0.017389804,-0.090285508,72.571458510,-2.550339733,31.381229769,41.190228742
48.633333333,15.698803800,15.478609376,0.549127506,0.472372975,0.017202597,-0.089433292,15.694128131,15.467272331,0.550422360,0.472049808,0.017320868,-0.089747236,72.673467166,-2.532255983,31.467010540,41.206456626
48.666666667,15.711957810,15.487301810,0.546155479,0.473002370,0.017133668,-0.088894552,15.707259795,15.475979532,0.547439860,0.472676331,0.017251628,-0.089208536,72.776245746,-2.514204203,31.553114790,41.223130956
48.700000000,15.725156736,15.495964180,0.543201415,0.473637467,0.017064452,-0.088355503,15.720436424,15.484656566,0.544475322,0.473308592,0.017182093,-0.088669486,72.879783574,-2.496186461,31.639533208,41.240250366
48.733333333,15.738400528,15.504596625,0.540265323,0.474278194,0.016994956,-0.087816223,15.733657968,15.493303568,0.541528757,0.473946520,0.017112273,-0.088130164,72.984069983,-2.478204778,31.726256571,41.257813412
48.766666667,15.751689134,15.513199280,0.537347211,0.474924479,0.016925190,-0.087276788,15.746924374,15.501920676,0.538600173,0.474590042,0.017042176,-0.087590648,73.089094318,-2.460261134,31.813275747,41.275818571
48.800000000,15.765022501,15.521772285,0.534447081,0.475576251,0.016855162,-0.086737274,15.760235590,15.510508027,0.535689575,0.475239088,0.016971811,-0.087051013,73.194845935,-2.442357463,31.900581693,41.294264242
48.833333333,15.778400576,15.530315777,0.531564935,0.476233437,0.016784880,-0.086197753,15.773591564,15.519065760,0.532796965,0.475893584,0.016901187,-0.086511333,73.301314207,-2.424495656,31.988165456,41.313148750
48.866666667,15.791823306,15.538829893,0.528700772,0.476895967,0.016714353,-0.085658300,15.786992241,15.527594011,0.529922344,0.476553461,0.016830311,-0.085971682,73.408488519,-2.406677563,32.076018176,41.332470343
48.900000000,15.805290636,15.547314772,0.525854589,0.477563769,0.016643590,-0.085118984,15.800437568,15.536092918,0.527065710,0.477218645,0.016759194,-0.085432132,73.516358276,-2.388904991,32.164131079,41.352227197
48.933333333,15.818802512,15.555770553,0.523026381,0.478236770,0.016572598,-0.084579877,15.813927490,15.544562620,0.524227058,0.477889066,0.016687842,-0.084892753,73.624912902,-2.371179702,32.252495486,41.372417416
48.966666667,15.832358879,15.564197373,0.520216137,0.478914901,0.016501387,-0.084041047,15.827461952,15.553003254,0.521406381,0.478564651,0.016616266,-0.084353616,73.734141838,-2.353503420,32.341102804,41.393039034
49.000000000,15.845959679,15.572595371,0.517423850,0.479598089,0.016429963,-0.083502562,15.841040898,15.561414959,0.518603670,0.479245330,0.016544472,-0.083814789,73.844034548,-2.335877825,32.429944534,41.414090014
49.033333333,15.859604858,15.580964685,0.514649505,0.480286262,0.016358337,-0.082964489,15.854664271,15.569797873,0.515818913,0.479931031,0.016472470,-0.083276338,73.954580520,-2.318304558,32.519012264,41.435568256
49.066666667,15.873294358,15.589305455,0.511893088,0.480979350,0.016286515,-0.082426893,15.868332016,15.578152135,0.513052098,0.480621683,0.016400267,-0.082738331,74.065769262,-2.300785218,32.608297672,41.457471589
49.100000000,15.887028121,15.597617819,0.509154583,0.481677282,0.016214506,-0.081889838,15.882044073,15.586477883,0.510303207,0.481317214,0.016327872,-0.082200831,74.177590309,-2.283321365,32.697792529,41.479797780
49.133333333,15.900806089,15.605901915,0.506433969,0.482379986,0.016142318,-0.081353388,15.895800386,15.594775255,0.507572223,0.482017554,0.016255293,-0.081663903,74.290033224,-2.265914519,32.787488691,41.502544533
49.166666667,15.914628204,15.614157884,0.503731226,0.483087392,0.016069958,-0.080817604,15.909600895,15.603044392,0.504859127,0.482722631,0.016182538,-0.081127609,74.403087595,-2.248566160,32.877378105,41.525709490
49.200000000,15.928494405,15.622385864,0.501046330,0.483799428,0.015997434,-0.080282547,15.923445541,15.611285431,0.502163895,0.483432375,0.016109615,-0.080592011,74.516743038,-2.231277730,32.967452808,41.549290231
49.233333333,15.942404634,15.630585994,0.498379257,0.484516025,0.015924755,-0.079748277,15.937334265,15.619498512,0.499486503,0.484146714,0.016036531,-0.080057167,74.630989201,-2.214050633,33.057704922,41.573284279
49.266666667,15.956358829,15.638758414,0.495729978,0.485237111,0.015851928,-0.079214851,15.951267006,15.627683773,0.496826926,0.484865579,0.015963295,-0.079523139,74.745815760,-2.196886235,33.148126660,41.597689101
49.300000000,15.970356930,15.646903262,0.493098466,0.485962616,0.015778961,-0.078682327,15.965243702,15.635841354,0.494185135,0.485588898,0.015889915,-0.078989982,74.861212425,-2.179785864,33.238710320,41.622502105
49.333333333,15.984398875,15.655020678,0.490484689,0.486692470,0.015705860,-0.078150761,15.979264294,15.643971393,0.491561101,0.486316601,0.015816397,-0.078457754,74.977168936,-2.162750813,33.329448290,41.647720646
49.366666667,15.998484602,15.663110802,0.487888613,0.487426603,0.015632635,-0.077620208,15.993328718,15.652074031,0.488954790,0.487048619,0.015742751,-0.077926511,75.093675070,-2.145782336,33.420333042,41.673342028
49.400000000,16.012614048,15.671173772,0.485310205,0.488164945,0.015559291,-0.077090720,16.007436912,15.660149406,0.486366171,0.487784881,0.015668982,-0.077396306,75.210720636,-2.128881655,33.511357136,41.699363500
49.433333333,16.026787150,15.679209728,0.482749428,0.488907426,0.015485837,-0.076562352,16.021588812,15.668197657,0.483795206,0.488525318,0.015595100,-0.076867192,75.328295478,-2.112049953,33.602513215,41.725782263
49.466666667,16.041003844,15.687218810,0.480206244,0.489653977,0.015412280,-0.076035155,16.035784356,15.676218924,0.481241859,0.489269860,0.015521110,-0.076339222,75.446389480,-2.095288380,33.693794010,41.752595470
49.500000000,16.055264065,15.695201157,0.477680613,0.490404529,0.015338627,-0.075509178,16.050023478,15.684213346,0.478706091,0.490018437,0.015447021,-0.075812447,75.564992559,-2.078598052,33.785192334,41.779800226
49.533333333,16.069567750,15.703156907,0.475172493,0.491159013,0.015264885,-0.074984470,16.064306114,15.692181063,0.476187862,0.490770981,0.015372840,-0.075286916,75.684094673,-2.061980051,33.876701085,41.807393588
49.566666667,16.083914832,15.711086202,0.472681842,0.491917360,0.015191061,-0.074461081,16.078632199,15.700122213,0.473687128,0.491527422,0.015298574,-0.074762679,75.803685818,-2.045435425,33.968313245,41.835372573
49.600000000,16.098305245,15.718989180,0.470208614,0.492679500,0.015117163,-0.073939057,16.093001666,15.708036936,0.471203846,0.492287692,0.015224229,-0.074239781,75.923756029,-2.028965191,34.060021877,41.863734152
49.633333333,16.112738922,15.726865980,0.467752763,0.493445367,0.015043196,-0.073418443,16.107414449,15.715925372,0.468737970,0.493051722,0.015149814,-0.073718272,76.044295381,-2.012570333,34.151820127,41.892475254
49.666666667,16.127215797,15.734716742,0.465314242,0.494214891,0.014969169,-0.072899286,16.121870481,15.723787659,0.466289455,0.493819444,0.015075335,-0.073198194,76.165293993,-1.996251803,34.243701222,41.921592771
49.700000000,16.141735803,15.742541605,0.462893001,0.494988004,0.014895088,-0.072381628,16.136369694,15.731623937,0.463858250,0.494590790,0.015000799,-0.072679594,76.286742022,-1.980010522,34.335658469,41.951083553
49.733333333,16.156298869,15.750340709,0.460488990,0.495764640,0.014820959,-0.071865512,16.150912021,15.739434346,0.461444306,0.495365692,0.014926212,-0.072162513,76.408629669,-1.963847381,34.427685256,41.980944413
49.766666667,16.170904929,15.758114193,0.458102156,0.496544731,0.014746789,-0.071350980,16.165497392,15.747219023,0.459047572,0.496144082,0.014851583,-0.071646996,76.530947179,-1.947763241,34.519775050,42.011172130
49.800000000,16.185553912,15.765862195,0.455732446,0.497328209,0.014672585,-0.070838073,16.180125738,15.754978109,0.456667994,0.496925894,0.014776916,-0.071133082,76.653684841,-1.931758933,34.611921396,42.041763445
49.833333333,16.200245748,15.773584855,0.453379805,0.498115007,0.014598353,-0.070326830,16.194796990,15.762711743,0.454305520,0.497711061,0.014702219,-0.070620811,76.776832985,-1.915835259,34.704117918,42.072715067
49.866666667,16.214980368,15.781282312,0.451044177,0.498905060,0.014524100,-0.069817291,16.209511076,15.770420063,0.451960093,0.498499515,0.014627498,-0.070110225,76.900381989,-1.899992993,34.796358315,42.104023674
49.900000000,16.229757701,15.788954704,0.448725505,0.499698301,0.014449832,-0.069309492,16.224267928,15.778103208,0.449631656,0.499291189,0.014552761,-0.069601359,77.024322275,-1.884232882,34.888636365,42.135685910
49.933333333,16.244577674,15.796602172,0.446423730,0.500494663,0.014375555,-0.068803470,16.239067472,15.785761317,0.447320152,0.500086019,0.014478012,-0.069094252,77.148644312,-1.868555643,34.980945919,42.167698393
49.966666667,16.259440216,15.804224853,0.444138791,0.501294081,0.014301276,-0.068299262,16.253909637,15.793394530,0.445025521,0.500883938,0.014403259,-0.068588940,77.273338614,-1.852961969,35.073280906,42.200057708
50.000000000,16.274345255,15.811822886,0.441870629,0.502096489,0.014227001,-0.067796902,16.268794351,15.801002984,0.442747703,0.501684880,0.014328507,-0.068085458,77.398395743,-1.837452524,35.165635325,42.232760418
50.033333333,16.289292717,15.819396409,0.439619180,0.502901823,0.014152735,-0.067296424,16.283721540,15.808586818,0.440486636,0.502488780,0.014253763,-0.067583841,77.523806307,-1.822027949,35.258003252,42.265803055
50.066666667,16.304282528,15.826945562,0.437384383,0.503710017,0.014078485,-0.066797860,16.298691131,15.816146171,0.438242258,0.503295573,0.014179034,-0.067084122,77.649560962,-1.806688857,35.350378833,42.299182128
50.100000000,16.319314615,15.834470482,0.435166171,0.504521007,0.014004257,-0.066301244,16.313703050,15.823681181,0.436014505,0.504105194,0.014104324,-0.066586333,77.775650413,-1.791435837,35.442756288,42.332894125
50.133333333,16.334388903,15.841971307,0.432964480,0.505334728,0.013930056,-0.065806606,16.328757223,15.831191986,0.433803311,0.504917579,0.014029640,-0.066090507,77.902065413,-1.776269456,35.535129906,42.366935506
50.166666667,16.349505317,15.849448176,0.430779243,0.506151117,0.013855889,-0.065313976,16.343853574,15.838678724,0.431608612,0.505732663,0.013954988,-0.065596673,78.028796763,-1.761190253,35.627494048,42.401302715
50.200000000,16.364663781,15.856901226,0.428610393,0.506970110,0.013781761,-0.064823383,16.358992028,15.846141534,0.429430339,0.506550383,0.013880374,-0.065104863,78.155835314,-1.746198748,35.719843142,42.435992172
50.233333333,16.379864218,15.864330595,0.426457862,0.507791643,0.013707678,-0.064334858,16.374172508,15.853580552,0.427268426,0.507370676,0.013805803,-0.064615104,78.283171967,-1.731295434,35.812171687,42.471000279
50.266666667,16.395106553,15.871736420,0.424321580,0.508615654,0.013633645,-0.063848426,16.389394938,15.860995917,0.425122803,0.508193478,0.013731280,-0.064127425,78.410797670,-1.716480785,35.904474249,42.506323421
50.300000000,16.410390707,15.879118840,0.422201477,0.509442079,0.013559667,-0.063364115,16.404659240,15.868387765,0.422993400,0.509018726,0.013656813,-0.063641853,78.538703424,-1.701755251,35.996745460,42.541957964
50.333333333,16.425716603,15.886477990,0.420097481,0.510270857,0.013485751,-0.062881950,16.419965338,15.875756235,0.420880147,0.509846357,0.013582406,-0.063158415,78.666880280,-1.687119262,36.088980020,42.577900259
50.366666667,16.441084163,15.893814008,0.418009521,0.511101926,0.013411902,-0.062401959,16.435313152,15.883101464,0.418782972,0.510676310,0.013508064,-0.062677136,78.795319337,-1.672573227,36.181172694,42.614146643
50.400000000,16.456493308,15.901127032,0.415937524,0.511935222,0.013338125,-0.061924163,16.450702604,15.890423587,0.416701803,0.511508523,0.013433793,-0.062198042,78.924011747,-1.658117533,36.273318310,42.650693436
50.433333333,16.471943958,15.908417196,0.413881416,0.512770687,0.013264425,-0.061448588,16.466133615,15.897722742,0.414636567,0.512342934,0.013359599,-0.061721156,79.052948711,-1.643752548,36.365411763,42.687536949
50.466666667,16.487436034,15.915684639,0.411841124,0.513608257,0.013190808,-0.060975257,16.481606104,15.904999066,0.412587189,0.513179481,0.013285486,-0.061246502,79.182121484,-1.629478622,36.457448007,42.724673477
50.500000000,16.502969455,15.922929495,0.409816571,0.514447873,0.013117278,-0.060504190,16.497119993,15.912252694,0.410553595,0.514018105,0.013211461,-0.060774103,79.311521369,-1.615296084,36.549422062,42.762099307
50.533333333,16.518544140,15.930151901,0.407807681,0.515289473,0.013043841,-0.060035411,16.512675199,15.919483763,0.408535709,0.514858743,0.013137527,-0.060303979,79.441139723,-1.601205244,36.641329008,42.799810715
50.566666667,16.534160009,15.937351993,0.405814379,0.516132999,0.012970501,-0.059568940,16.528271641,15.926692409,0.406533455,0.515701337,0.013063690,-0.059836153,79.570967951,-1.587206395,36.733163985,42.837803967
50.600000000,16.549816978,15.944529906,0.403836587,0.516978390,0.012897264,-0.059104796,16.543909238,15.933878767,0.404546757,0.516545826,0.012989955,-0.059370644,79.700997514,-1.573299813,36.824922194,42.876075321
50.633333333,16.565514966,15.951685775,0.401874228,0.517825587,0.012824135,-0.058642999,16.559587907,15.941042973,0.402575536,0.517392150,0.012916327,-0.058907473,79.831219921,-1.559485755,36.916598894,42.914621027
50.666666667,16.581253890,15.958819736,0.399927221,0.518674531,0.012751118,-0.058183568,16.575307566,15.948185161,0.400619714,0.518240252,0.012842811,-0.058446659,79.961626735,-1.545764461,37.008189404,42.953437331
50.700000000,16.597033666,15.965931922,0.397995489,0.519525163,0.012678218,-0.057726520,16.591068131,15.955305467,0.398679213,0.519090070,0.012769411,-0.057988219,80.092209570,-1.532136156,37.099689100,42.992520470
50.733333333,16.612854210,15.973022468,0.396078952,0.520377425,0.012605440,-0.057271874,16.606869518,15.962404025,0.396753953,0.519941548,0.012696133,-0.057532171,80.222960092,-1.518601049,37.191093414,43.031866678
50.766666667,16.628715438,15.980091509,0.394177529,0.521231259,0.012532788,-0.056819645,16.622711644,15.969480969,0.394843853,0.520794626,0.012622982,-0.057078534,80.353870017,-1.505159331,37.282397834,43.071472184
50.800000000,16.644617266,15.987139179,0.392291139,0.522086607,0.012460267,-0.056369850,16.638594422,15.976536434,0.392948834,0.521649248,0.012549960,-0.056627322,80.484931117,-1.491811180,37.373597904,43.111333213
50.833333333,16.660559607,15.994165610,0.390419701,0.522943411,0.012387882,-0.055922505,16.654517768,15.983570554,0.391068815,0.522505355,0.012477075,-0.056178552,80.616135213,-1.478556759,37.464689223,43.151445989
50.866666667,16.676542375,16.001170936,0.388563134,0.523801616,0.012315636,-0.055477623,16.670481596,15.990583461,0.389203713,0.523362891,0.012404329,-0.055732238,80.747474177,-1.465396216,37.555667443,43.191806734
50.900000000,16.692565485,16.008155290,0.386721354,0.524661165,0.012243535,-0.055035220,16.686485820,15.997575289,0.387353446,0.524221799,0.012331727,-0.055288397,80.878939937,-1.452329684,37.646528269,43.232411668
50.933333333,16.708628849,16.015118805,0.384894279,0.525522000,0.012171583,-0.054595309,16.702530353,16.004546171,0.385517932,0.525082021,0.012259274,-0.054847040,81.010524468,-1.439357284,37.737267458,43.273257010
50.966666667,16.724732381,16.022061613,0.383081826,0.526384066,0.012099784,-0.054157903,16.718615107,16.011496239,0.383697088,0.525943503,0.012186974,-0.054408183,81.142219800,-1.426479122,37.827880819,43.314338981
51.000000000,16.740875991,16.028983846,0.381283911,0.527247309,0.012028142,-0.053723015,16.734739994,16.018425625,0.381890831,0.526806189,0.012114832,-0.053971837,81.274018015,-1.413695293,37.918364213,43.355653802
51.033333333,16.757059592,16.035885636,0.379500449,0.528111671,0.011956662,-0.053290657,16.750904927,16.025334462,0.380099075,0.527670023,0.012042851,-0.053538016,81.405911243,-1.401005878,38.008713548,43.397197695
51.066666667,16.773283095,16.042767113,0.377731357,0.528977100,0.011885347,-0.052860840,16.767109817,16.032222881,0.378321738,0.528534949,0.011971036,-0.053106730,81.537891670,-1.388410947,38.098924784,43.438966886
51.100000000,16.789546410,16.049628409,0.375976549,0.529843539,0.011814202,-0.052433576,16.783354574,16.039091013,0.376558733,0.529400914,0.011899391,-0.052677992,81.669951532,-1.375910555,38.188993929,43.480957603
51.133333333,16.805849448,16.056469655,0.374235940,0.530710936,0.011743230,-0.052008874,16.799639109,16.045938989,0.374809977,0.530267863,0.011827920,-0.052251811,81.802083115,-1.363504750,38.278917038,43.523166076
51.166666667,16.822192119,16.063290980,0.372509445,0.531579235,0.011672437,-0.051586745,16.815963331,16.052766939,0.373075384,0.531135743,0.011756627,-0.051828199,81.934278757,-1.351193565,38.368690215,43.565588542
51.200000000,16.838574330,16.070092515,0.370796977,0.532448385,0.011601824,-0.051167199,16.832327149,16.059574994,0.371354868,0.532004498,0.011685516,-0.051407165,82.066530849,-1.338977024,38.458309608,43.608221241
51.233333333,16.854995992,16.076874388,0.369098450,0.533318331,0.011531398,-0.050750243,16.848730473,16.066363283,0.369648342,0.532874077,0.011614590,-0.050988718,82.198831831,-1.326855141,38.547771413,43.651060417
51.266666667,16.871457013,16.083636729,0.367413778,0.534189021,0.011461161,-0.050335888,16.865173211,16.073131935,0.367955721,0.533744426,0.011543855,-0.050572867,82.331174194,-1.314827917,38.637071871,43.694102323
51.300000000,16.887957299,16.090379667,0.365742874,0.535060402,0.011391117,-0.049924141,16.881655270,16.079881080,0.366276918,0.534615493,0.011473313,-0.050159620,82.463550481,-1.302895347,38.726207266,43.737343215
51.333333333,16.904496759,16.097103330,0.364085651,0.535932423,0.011321269,-0.049515010,16.898176559,16.086610846,0.364611846,0.535487226,0.011402969,-0.049748986,82.595953285,-1.291057412,38.815173926,43.780779358
51.366666667,16.921075299,16.103807845,0.362442022,0.536805031,0.011251623,-0.049108502,16.914736983,16.093321361,0.362960417,0.536359572,0.011332825,-0.049340973,82.728375248,-1.279314088,38.903968224,43.824407024
51.400000000,16.937692826,16.110493340,0.360811899,0.537678176,0.011182180,-0.048704624,16.931336450,16.100012753,0.361322545,0.537232479,0.011262887,-0.048935586,82.860809066,-1.267665339,38.992586574,43.868222492
51.433333333,16.954349245,16.117159943,0.359195194,0.538551806,0.011112946,-0.048303383,16.947974864,16.106685149,0.359698140,0.538105898,0.011193157,-0.048532833,82.993247481,-1.256111121,39.081025431,43.912222050
51.466666667,16.971044462,16.123807778,0.357591819,0.539425871,0.011043923,-0.047904784,16.964652133,16.113338676,0.358087117,0.538979777,0.011123639,-0.048132720,83.125683286,-1.244651382,39.169281292,43.956401994
51.500000000,16.987778382,16.130436973,0.356001686,0.540300320,0.010975114,-0.047508834,16.981368160,16.119973460,0.356489386,0.539854065,0.011054337,-0.047735253,83.258109326,-1.233286063,39.257350696,44.000758630
51.533333333,17.004550908,16.137047654,0.354424707,0.541175104,0.010906525,-0.047115537,16.998122850,16.126589628,0.354904860,0.540728713,0.010985253,-0.047340437,83.390518493,-1.222015094,39.345230219,44.045288274
51.566666667,17.021361946,16.143639945,0.352860793,0.542050172,0.010838156,-0.046724899,17.014916108,16.133187304,0.353333449,0.541603670,0.010916392,-0.046948278,83.522903728,-1.210838401,39.432916478,44.089987251
51.600000000,17.038211399,16.150213970,0.351309856,0.542925475,0.010770014,-0.046336924,17.031747837,16.139766614,0.351775065,0.542478887,0.010847758,-0.046558781,83.655258023,-1.199755900,39.520406128,44.134851896
51.633333333,17.055099169,16.156769856,0.349771806,0.543800965,0.010702099,-0.045951616,17.048617939,16.146327683,0.350229619,0.543354315,0.010779352,-0.046171949,83.787574418,-1.188767500,39.607695863,44.179878556
51.666666667,17.072025159,16.163307724,0.348246554,0.544676593,0.010634417,-0.045568980,17.065526319,16.152870634,0.348697023,0.544229906,0.010711179,-0.045787788,83.919846002,-1.177873106,39.694782412,44.225063589
51.700000000,17.088989271,16.169827698,0.346734013,0.545552310,0.010566969,-0.045189019,17.082472877,16.159395591,0.347177187,0.545105610,0.010643242,-0.045406300,84.052065910,-1.167072613,39.781662545,44.270403365
51.733333333,17.105991408,16.176329902,0.345234091,0.546428069,0.010499760,-0.044811737,17.099457516,16.165902678,0.345670023,0.545981379,0.010575545,-0.045027490,84.184227328,-1.156365912,39.868333063,44.315894265
51.766666667,17.123031470,16.182814456,0.343746701,0.547303821,0.010432792,-0.044437136,17.116480137,16.172392016,0.344175440,0.546857166,0.010508089,-0.044651361,84.316323489,-1.145752888,39.954790806,44.361532682
51.800000000,17.140109358,16.189281484,0.342271751,0.548179521,0.010366069,-0.044065219,17.133540641,16.178863729,0.342693350,0.547732923,0.010440880,-0.044277914,84.448347672,-1.135233417,40.041032649,44.407315023
51.833333333,17.157224972,16.195731106,0.340809154,0.549055120,0.010299594,-0.043695988,17.150638929,16.185317936,0.341223662,0.548608604,0.010373919,-0.043907154,84.580293207,-1.124807374,40.127055500,44.453237707
51.866666667,17.174378211,16.202163443,0.339358820,0.549930571,0.010233370,-0.043329446,17.167774899,16.191754761,0.339766288,0.549484161,0.010307210,-0.043539082,84.712153467,-1.114474625,40.212856301,44.499297166
51.900000000,17.191568977,16.208578615,0.337920658,0.550805830,0.010167399,-0.042965595,17.184948452,16.198174323,0.338321138,0.550359548,0.010240756,-0.043173700,84.843921874,-1.104235033,40.298432027,44.545489846
51.933333333,17.208797167,16.214976742,0.336494579,0.551680849,0.010101686,-0.042604435,17.202159487,16.204576741,0.336888122,0.551234718,0.010174559,-0.042811010,84.975591896,-1.094088455,40.383779689,44.591812207
51.966666667,17.226062679,16.221357942,0.335080493,0.552555584,0.010036232,-0.042245970,17.219407903,16.210962137,0.335467150,0.552109627,0.010108624,-0.042451014,85.107157048,-1.084034743,40.468896325,44.638260723
52.000000000,17.243365412,16.227722334,0.333678311,0.553429988,0.009971042,-0.041890199,17.236693596,16.217330628,0.334058132,0.552984227,0.010042953,-0.042093712,85.238610890,-1.074073747,40.553779009,44.684831881
52.033333333,17.260705264,16.234070037,0.332287942,0.554304017,0.009906117,-0.041537123,17.254016466,16.223682333,0.332660979,0.553858476,0.009977548,-0.041739106,85.369947028,-1.064205309,40.638424843,44.731522185
52.066666667,17.278082132,16.240401167,0.330909297,0.555177626,0.009841460,-0.041186744,17.271376409,16.230017369,0.331275601,0.554732326,0.009912413,-0.041387197,85.501159114,-1.054429269,40.722830962,44.778328151
52.100000000,17.295495911,16.246715841,0.329542286,0.556050771,0.009777075,-0.040839061,17.288773323,16.236335854,0.329901908,0.555605735,0.009847551,-0.041037985,85.632240843,-1.044745464,40.806994530,44.825246313
52.133333333,17.312946499,16.253014176,0.328186819,0.556923407,0.009712965,-0.040494075,17.306207102,16.242637905,0.328539809,0.556478657,0.009782964,-0.040691470,85.763185959,-1.035153724,40.890912740,44.872273219
52.166666667,17.330433791,16.259296286,0.326842806,0.557795491,0.009649131,-0.040151786,17.323677645,16.248923637,0.327189216,0.557351049,0.009718655,-0.040347653,85.893988246,-1.025653880,40.974582815,44.919405431
52.200000000,17.347957683,16.265562288,0.325510158,0.558666980,0.009585578,-0.039812193,17.341184845,16.255193165,0.325850038,0.558222867,0.009654628,-0.040006533,86.024641535,-1.016245756,41.058002006,44.966639529
52.233333333,17.365518070,16.271812295,0.324188783,0.559537830,0.009522306,-0.039475297,17.358728598,16.261446606,0.324522185,0.559094068,0.009590884,-0.039668110,86.155139700,-1.006929174,41.141167592,45.013972108
52.266666667,17.383114845,16.278046421,0.322878593,0.560407998,0.009459320,-0.039141096,17.376308799,16.267684072,0.323205567,0.559964609,0.009527426,-0.039332384,86.285476658,-0.997703954,41.224076879,45.061399779
52.300000000,17.400747904,16.284264779,0.321579498,0.561277443,0.009396622,-0.038809591,17.393925341,16.273905677,0.321900095,0.560834447,0.009464258,-0.038999355,86.415646370,-0.988569912,41.306727201,45.108919169
52.333333333,17.418417139,16.290467482,0.320291407,0.562146121,0.009334215,-0.038480779,17.411578119,16.280111535,0.320605679,0.561703540,0.009401381,-0.038669020,86.545642841,-0.979526861,41.389115919,45.156526922
52.366666667,17.436122444,16.296654641,0.319014231,0.563013992,0.009272101,-0.038154661,17.429267026,16.286301758,0.319322228,0.562571846,0.009338798,-0.038341380,86.675460117,-0.970574613,41.471240418,45.204219699
52.400000000,17.453863712,16.302826368,0.317747881,0.563881012,0.009210282,-0.037831234,17.446991954,16.292476456,0.318049653,0.563439323,0.009276513,-0.038016433,86.805092287,-0.961712977,41.553098111,45.251994177
52.433333333,17.471640835,16.308982773,0.316492266,0.564747142,0.009148762,-0.037510497,17.464752796,16.298635742,0.316787864,0.564305930,0.009214527,-0.037694178,86.934533483,-0.952941760,41.634686433,45.299847049
52.466666667,17.489453704,16.315123966,0.315247296,0.565612339,0.009087543,-0.037192450,17.482549444,16.304779726,0.315536772,0.565171626,0.009152844,-0.037374613,87.063777876,-0.944260767,41.716002848,45.347775028
52.500000000,17.507302212,16.321250057,0.314012883,0.566476564,0.009026627,-0.036877089,17.500381790,16.310908517,0.314296287,0.566036369,0.009091465,-0.037057737,87.192819681,-0.935669800,41.797044841,45.395774841
52.533333333,17.525186249,16.327361153,0.312788937,0.567339776,0.008966017,-0.036564414,17.518249725,16.317022224,0.313066319,0.566900119,0.009030393,-0.036743548,87.321653154,-0.927168661,41.877809920,45.443843234
52.566666667,17.543105706,16.333457363,0.311575368,0.568201934,0.008905716,-0.036254423,17.536153139,16.323120955,0.311846778,0.567762836,0.008969631,-0.036432045,87.450272590,-0.918757151,41.958295621,45.491976969
52.600000000,17.561060474,16.339538794,0.310372087,0.569063000,0.008845725,-0.035947113,17.554091923,16.329204819,0.310637576,0.568624480,0.008909180,-0.036123224,87.578672326,-0.910435066,42.038499497,45.540172829
52.633333333,17.579050441,16.345605551,0.309179004,0.569922932,0.008786047,-0.035642482,17.572065967,16.335273922,0.309438623,0.569485011,0.008849045,-0.035817085,87.706846738,-0.902202205,42.118419128,45.588427610
52.666666667,17.597075497,16.351657742,0.307996031,0.570781693,0.008726685,-0.035340528,17.590075160,16.341328371,0.308249829,0.570344390,0.008789226,-0.035513625,87.834790243,-0.894058364,42.198052115,45.636738129
52.700000000,17.615135532,16.357695471,0.306823077,0.571639243,0.008667642,-0.035041249,17.608119391,16.347368270,0.307071106,0.571202577,0.008729726,-0.035212842,87.962497297,-0.886003337,42.277396078,45.685101219
52.733333333,17.633230433,16.363718841,0.305660054,0.572495543,0.008608918,-0.034744642,17.626198549,16.353393725,0.305902363,0.572059534,0.008670549,-0.034914732,88.089962395,-0.878036919,42.356448661,45.733513733
52.766666667,17.651360089,16.369727957,0.304506873,0.573350555,0.008550517,-0.034450705,17.644312523,16.359404839,0.304743513,0.572915222,0.008611695,-0.034619295,88.217180070,-0.870158903,42.435207529,45.781972541
52.800000000,17.669524387,16.375722922,0.303363445,0.574204241,0.008492442,-0.034159434,17.662461199,16.365401716,0.303594465,0.573769604,0.008553167,-0.034326526,88.344144894,-0.862369082,42.513670365,45.830474529
52.833333333,17.687723215,16.381703837,0.302229681,0.575056563,0.008434693,-0.033870828,17.680644465,16.371384459,0.302455132,0.574622640,0.008494969,-0.034036424,88.470851479,-0.854667250,42.591834875,45.879016604
52.866666667,17.705956460,16.387670804,0.301105493,0.575907483,0.008377275,-0.033584883,17.698862208,16.377353170,0.301325423,0.575474293,0.008437101,-0.033748986,88.597294472,-0.847053196,42.669698782,45.927595690
52.900000000,17.724224007,16.393623924,0.299990791,0.576756964,0.008320188,-0.033301597,17.717114316,16.383307949,0.300205251,0.576324526,0.008379566,-0.033464209,88.723468559,-0.839526714,42.747259829,45.976208730
52.933333333,17.742525744,16.399563295,0.298885487,0.577604969,0.008263435,-0.033020966,17.735400673,16.389248896,0.299094527,0.577173301,0.008322367,-0.033182089,88.849368464,-0.832087596,42.824515779,46.024852685
52.966666667,17.760861555,16.405489018,0.297789492,0.578451461,0.008207019,-0.032742988,17.753721166,16.395176112,0.297993163,0.578020582,0.008265505,-0.032902624,88.974988945,-0.824735632,42.901464412,46.073524534
53.000000000,17.779231326,16.411401189,0.296702719,0.579296404,0.008150941,-0.032467660,17.772075680,16.401089695,0.296901069,0.578866331,0.008208984,-0.032625812,89.100324800,-0.817470614,42.978103526,46.122221273
53.033333333,17.797634942,16.417299908,0.295625078,0.580139760,0.008095205,-0.032194977,17.790464100,16.406989743,0.295818157,0.579710513,0.008152805,-0.032351648,89.225370860,-0.810292335,43.054430939,46.170939921
53.066666667,17.816072287,16.423185269,0.294556482,0.580981495,0.008039811,-0.031924938,17.808886310,16.412876353,0.294744340,0.580553091,0.008096969,-0.032080129,89.350121994,-0.803200587,43.130444483,46.219677511
53.100000000,17.834543244,16.429057370,0.293496843,0.581821572,0.007984762,-0.031657539,17.827342195,16.418749621,0.293679529,0.581394029,0.008041481,-0.031811254,89.474573106,-0.796195162,43.206142011,46.268431096
53.133333333,17.853047699,16.434916304,0.292446073,0.582659956,0.007930061,-0.031392777,17.845831639,16.424609643,0.292623636,0.582233292,0.007986341,-0.031545017,89.598719136,-0.789275854,43.281521388,46.317197748
53.166666667,17.871585533,16.440762167,0.291404084,0.583496611,0.007875709,-0.031130648,17.864354524,16.430456514,0.291576573,0.583070844,0.007931552,-0.031281416,89.722555057,-0.782442456,43.356580498,46.365974559
53.200000000,17.890156630,16.446595051,0.290370788,0.584331503,0.007821709,-0.030871149,17.882910734,16.436290328,0.290538252,0.583906651,0.007877115,-0.031020448,89.846075878,-0.775694762,43.431317242,46.414758636
53.233333333,17.908760872,16.452415049,0.289346097,0.585164596,0.007768063,-0.030614276,17.901500151,16.442111177,0.289508586,0.584740676,0.007823034,-0.030762109,89.969276641,-0.769032569,43.505729534,46.463547107
53.266666667,17.927398142,16.458222253,0.288329925,0.585995857,0.007714772,-0.030360027,17.920122657,16.447919154,0.288487487,0.585572886,0.007769310,-0.030506396,90.092152424,-0.762455672,43.579815305,46.512337119
53.300000000,17.946068319,16.464016753,0.287322183,0.586825250,0.007661840,-0.030108398,17.938778134,16.453714350,0.287474868,0.586403246,0.007715945,-0.030253306,90.214698337,-0.755963868,43.653572500,46.561125837
53.333333333,17.964771287,16.469798639,0.286322784,0.587652743,0.007609267,-0.029859386,17.957466464,16.459496856,0.286470641,0.587231721,0.007662942,-0.030002834,90.336909524,-0.749556955,43.726999080,46.609910445
53.366666667,17.983506926,16.475568000,0.285331642,0.588478300,0.007557056,-0.029612986,17.976187527,16.465266761,0.285474719,0.588058279,0.007610301,-0.029754978,90.458781162,-0.743234733,43.800093018,46.658688144
53.400000000,18.002275116,16.481324925,0.284348669,0.589301889,0.007505210,-0.029369195,17.994941204,16.471024155,0.284487014,0.588882885,0.007558027,-0.029509735,90.580308459,-0.736997002,43.872852303,46.707456156
53.433333333,18.021075737,16.487069501,0.283373779,0.590123475,0.007453730,-0.029128011,18.013727376,16.476769124,0.283507441,0.589705506,0.007506119,-0.029267100,90.701486659,-0.730843564,43.945274937,46.756211722
53.466666667,18.039908669,16.492801813,0.282406883,0.590943027,0.007402618,-0.028889430,18.032545921,16.482501756,0.282535911,0.590526108,0.007454581,-0.029027070,90.822311033,-0.724774223,44.017358935,46.804952099
53.500000000,18.058773792,16.498521948,0.281447897,0.591760511,0.007351876,-0.028653447,18.051396720,16.488222137,0.281572339,0.591344659,0.007403415,-0.028789642,90.942776889,-0.718788782,44.089102325,46.853674564
53.533333333,18.077670983,16.504229991,0.280496733,0.592575894,0.007301507,-0.028420060,18.070279651,16.493930353,0.280616637,0.592161125,0.007352622,-0.028554812,91.062879563,-0.712887049,44.160503149,46.902376414
53.566666667,18.096600123,16.509926024,0.279553304,0.593389143,0.007251512,-0.028189265,18.089194593,16.499626487,0.279668720,0.592975475,0.007302205,-0.028322577,91.182614423,-0.707068831,44.231559460,46.951054963
53.600000000,18.115561088,16.515610130,0.278617525,0.594200228,0.007201893,-0.027961059,18.108141424,16.505310623,0.278728499,0.593787675,0.007252166,-0.028092933,91.301976868,-0.701333937,44.302269324,46.999707544
53.633333333,18.134553756,16.521282392,0.277689309,0.595009115,0.007152652,-0.027735438,18.127120023,16.510982843,0.277795890,0.594597694,0.007202505,-0.027865877,91.420962328,-0.695682180,44.372630818,47.048331510
53.666666667,18.153578006,16.526942890,0.276768570,0.595815773,0.007103792,-0.027512399,18.146130266,16.516643229,0.276870806,0.595405500,0.007153227,-0.027641405,91.539566261,-0.690113372,44.442642031,47.096924231
53.700000000,18.172633714,16.532591704,0.275855222,0.596620171,0.007055314,-0.027291938,18.165172032,16.522291861,0.275953161,0.596211061,0.007104332,-0.027419515,91.657784158,-0.684627328,44.512301063,47.145483095
53.733333333,18.191720756,16.538228914,0.274949179,0.597422276,0.007007220,-0.027074052,18.184245195,16.527928819,0.275042869,0.597014346,0.007055822,-0.027200202,91.775611538,-0.679223866,44.581606026,47.194005512
53.766666667,18.210839009,16.543854596,0.274050356,0.598222058,0.006959512,-0.026858738,18.203349634,16.533554182,0.274139844,0.597815323,0.007007700,-0.026983463,91.893043950,-0.673902805,44.650555043,47.242488907
53.800000000,18.229988349,16.549468829,0.273158666,0.599019486,0.006912192,-0.026645992,18.222485224,16.539168028,0.273244000,0.598613962,0.006959967,-0.026769295,92.010076970,-0.668663965,44.719146245,47.290930725
53.833333333,18.249168651,16.555071688,0.272274024,0.599814529,0.006865263,-0.026435811,18.241651841,16.544770432,0.272355252,0.599410231,0.006912625,-0.026557695,92.126706205,-0.663507170,44.787377775,47.339328430
53.866666667,18.268379790,16.560663248,0.271396345,0.600607157,0.006818725,-0.026228191,18.260849360,16.550361471,0.271473514,0.600204101,0.006865677,-0.026348658,92.242927290,-0.658432247,44.855247785,47.387679504
53.900000000,18.287621642,16.566243583,0.270525543,0.601397339,0.006772582,-0.026023130,18.280077655,16.555941220,0.270598701,0.600995539,0.006819124,-0.026142183,92.358735887,-0.653439022,44.922754439,47.435981448
53.933333333,18.306894080,16.571812767,0.269661534,0.602185045,0.006726834,-0.025820624,18.299336602,16.561509752,0.269730727,0.601784517,0.006772968,-0.025938265,92.474127688,-0.648527327,44.989895908,47.484231780
53.966666667,18.326196979,16.577370872,0.268804231,0.602970246,0.006681484,-0.025620670,18.318626074,16.567067140,0.268869507,0.602571005,0.006727210,-0.025736902,92.589098411,-0.643696993,45.056670373,47.532428038
54.000000000,18.345530213,16.582917968,0.267953551,0.603752911,0.006636534,-0.025423265,18.337945946,16.572613455,0.268014957,0.603354971,0.006681854,-0.025538090,92.703643801,-0.638947857,45.123076022,47.580567779
54.033333333,18.364893653,16.588454126,0.267109407,0.604533011,0.006591986,-0.025228405,18.357296091,16.578148769,0.267166991,0.604136388,0.006636901,-0.025341826,92.817759632,-0.634279755,45.189111056,47.628648576
54.066666667,18.384287175,16.593979415,0.266271716,0.605310516,0.006547841,-0.025036088,18.376676381,16.583673152,0.266325524,0.604915225,0.006592353,-0.025148107,92.931441702,-0.629692529,45.254773680,47.676668022
54.100000000,18.403710649,16.599493902,0.265440392,0.606085399,0.006504102,-0.024846311,18.396086691,16.589186671,0.265490471,0.605691453,0.006548211,-0.024956931,93.044685838,-0.625186021,45.320062110,47.724623729
54.133333333,18.423163950,16.604997655,0.264615351,0.606857628,0.006460770,-0.024659070,18.415526891,16.594689395,0.264661749,0.606465044,0.006504478,-0.024768293,93.157487893,-0.620760077,45.384974568,47.772513325
54.166666667,18.442646947,16.610490740,0.263796509,0.607627177,0.006417847,-0.024474363,18.434996854,16.600181390,0.263839271,0.607235967,0.006461155,-0.024582192,93.269843743,-0.616414545,45.449509285,47.820334459
54.200000000,18.462159513,16.615973221,0.262983781,0.608394016,0.006375336,-0.024292187,18.454496452,16.605662722,0.263022954,0.608004196,0.006418244,-0.024398623,93.381749295,-0.612149277,45.513664499,47.868084796
54.233333333,18.481701519,16.621445162,0.262177082,0.609158117,0.006333238,-0.024112539,18.474025556,16.611133454,0.262212714,0.608769700,0.006375748,-0.024217586,93.493200476,-0.607964127,45.577438455,47.915762021
54.266666667,18.501272836,16.626906626,0.261376329,0.609919451,0.006291555,-0.023935416,18.493584036,16.616593651,0.261408466,0.609532452,0.006333668,-0.024039075,93.604193242,-0.603858952,45.640829405,47.963363837
54.300000000,18.520873334,16.632357674,0.260581438,0.610677991,0.006250289,-0.023760816,18.513171765,16.622043375,0.260610125,0.610292424,0.006292006,-0.023863090,93.714723572,-0.599833612,45.703835609,48.010887963
54.333333333,18.540502884,16.637798368,0.259792323,0.611433709,0.006209441,-0.023588736,18.532788611,16.627482687,0.259817608,0.611049588,0.006250765,-0.023689627,93.824787472,-0.595887970,45.766455332,48.058332139
54.366666667,18.560161355,16.643228766,0.259008902,0.612186577,0.006169015,-0.023419174,18.552434444,16.632911647,0.259030831,0.611803916,0.006209945,-0.023518684,93.934380968,-0.592021892,45.828686847,48.105694122
54.400000000,18.579848616,16.648648926,0.258231091,0.612936568,0.006129011,-0.023252127,18.572109135,16.638330315,0.258249709,0.612555380,0.006169548,-0.023350257,94.043500116,-0.588235247,45.890528430,48.152971686
54.433333333,18.599564538,16.654058906,0.257458805,0.613683653,0.006089432,-0.023087592,18.591812552,16.643738747,0.257474160,0.613303953,0.006129577,-0.023184346,94.152140991,-0.584527907,45.951978366,48.200162625
54.466666667,18.619308987,16.659458763,0.256691961,0.614427807,0.006050279,-0.022925567,18.611544565,16.649137002,0.256704098,0.614049608,0.006090034,-0.023020947,94.260299695,-0.580899749,46.013034945,48.247264750
54.500000000,18.639081833,16.664848550,0.255930475,0.615169002,0.006011554,-0.022766050,18.631305041,16.654525134,0.255939441,0.614792317,0.006050920,-0.022860058,94.367972352,-0.577350651,46.073696462,48.294275890
54.533333333,18.658882945,16.670228322,0.255174264,0.615907211,0.005973260,-0.022609039,18.651093849,16.659903198,0.255180105,0.615532055,0.006012238,-0.022701676,94.475155110,-0.573880495,46.133961218,48.341193892
54.566666667,18.678712188,16.675598132,0.254423245,0.616642408,0.005935397,-0.022454531,18.670910857,16.665271248,0.254426005,0.616268793,0.005973989,-0.022545800,94.581844139,-0.570489167,46.193827518,48.388016621
54.600000000,18.698569432,16.680958031,0.253677333,0.617374566,0.005897969,-0.022302525,18.690755932,16.670629335,0.253677060,0.617002506,0.005936174,-0.022392428,94.688035633,-0.567176555,46.253293672,48.434741961
54.633333333,18.718454542,16.686308068,0.252936446,0.618103659,0.005860977,-0.022153019,18.710628942,16.675977512,0.252933185,0.617733167,0.005898797,-0.022241557,94.793725809,-0.563942552,46.312357996,48.481367812
54.666666667,18.738367387,16.691648295,0.252200500,0.618829660,0.005824422,-0.022006010,18.730529753,16.681315827,0.252194296,0.618460749,0.005861859,-0.022093185,94.898910904,-0.560787054,46.371018810,48.527892094
54.700000000,18.758307831,16.696978758,0.251469412,0.619552544,0.005788308,-0.021861497,18.750458231,16.686644331,0.251460312,0.619185228,0.005825361,-0.021947312,95.003587180,-0.557709959,46.429274438,48.574312742
54.733333333,18.778275741,16.702299505,0.250743098,0.620272285,0.005752634,-0.021719478,18.770414244,16.691963069,0.250731148,0.619906576,0.005789306,-0.021803934,95.107750920,-0.554711171,46.487123208,48.620627712
54.766666667,18.798270983,16.707610581,0.250021477,0.620988857,0.005717405,-0.021579952,18.790397656,16.697272090,0.250006721,0.620624768,0.005753695,-0.021663050,95.211398428,-0.551790596,46.544563452,48.666834976
54.800000000,18.818293422,16.712912030,0.249304464,0.621702234,0.005682621,-0.021442916,18.810408333,16.702571437,0.249286948,0.621339779,0.005718531,-0.021524659,95.314526031,-0.548948145,46.601593507,48.712932524
54.833333333,18.838342923,16.718203896,0.248591976,0.622412392,0.005648284,-0.021308370,18.830446141,16.707861156,0.248571746,0.622051582,0.005683815,-0.021388758,95.417130076,-0.546183730,46.658211711,48.758918365
54.866666667,18.858419351,16.723486221,0.247883932,0.623119304,0.005614396,-0.021176311,18.850510944,16.713141288,0.247861033,0.622760153,0.005649550,-0.021255348,95.519206933,-0.543497270,46.714416409,48.804790524
54.900000000,18.878522571,16.728759046,0.247180247,0.623822946,0.005580960,-0.021046740,18.870602606,16.718411876,0.247154724,0.623465466,0.005615736,-0.021124426,95.620752990,-0.540888686,46.770205946,48.850547045
54.933333333,18.898652445,16.734022411,0.246480839,0.624523293,0.005547977,-0.020919654,18.890720993,16.723672959,0.246452738,0.624167497,0.005582377,-0.020995990,95.721764660,-0.538357903,46.825578671,48.896185989
54.966666667,18.918808839,16.739276353,0.245785625,0.625220321,0.005515449,-0.020795052,18.910865967,16.728924578,0.245754991,0.624866221,0.005549474,-0.020870041,95.822238374,-0.535904849,46.880532938,48.941705436
55.000000000,18.938991615,16.744520910,0.245094523,0.625914003,0.005483378,-0.020672933,18.931037393,16.734166770,0.245061401,0.625561612,0.005517028,-0.020746576,95.922170582,-0.533529459,46.935067101,48.987103481
55.033333333,18.959200637,16.749756118,0.244407449,0.626604317,0.005451765,-0.020553297,18.951235133,16.739399571,0.244371884,0.626253647,0.005485043,-0.020625595,96.021557759,-0.531231668,46.989179518,49.032378241
55.066666667,18.979435767,16.754982012,0.243724320,0.627291237,0.005420614,-0.020436143,18.971459050,16.744623018,0.243686358,0.626942300,0.005453519,-0.020507097,96.120396396,-0.529011418,47.042868549,49.077527847
55.100000000,18.999696868,16.760198624,0.243045055,0.627974739,0.005389925,-0.020321469,18.991709007,16.749837143,0.243004741,0.627627548,0.005422459,-0.020391081,96.218683006,-0.526868652,47.096132557,49.122550450
55.133333333,19.019983802,16.765405987,0.242369570,0.628654800,0.005359701,-0.020209275,19.011984867,16.755041981,0.242326948,0.628309366,0.005391864,-0.020277547,96.316414122,-0.524803321,47.148969905,49.167444216
55.166666667,19.040296430,16.770604132,0.241697783,0.629331395,0.005329944,-0.020099562,19.032286491,16.760237563,0.241652899,0.628987731,0.005361737,-0.020166493,96.413586294,-0.522815376,47.201378962,49.212207332
55.200000000,19.060634615,16.775793088,0.241029611,0.630004500,0.005300655,-0.019992327,19.052613740,16.765423918,0.240982509,0.629662618,0.005332080,-0.020057920,96.510196096,-0.520904776,47.253358094,49.256838001
55.233333333,19.080998217,16.780972884,0.240364971,0.630674093,0.005271837,-0.019887572,19.072966477,16.770601077,0.240315697,0.630334004,0.005302894,-0.019951827,96.606240117,-0.519071480,47.304905673,49.301334444
55.266666667,19.101387098,16.786143546,0.239703781,0.631340148,0.005243492,-0.019785295,19.093344562,16.775769067,0.239652380,0.631001866,0.005274181,-0.019848213,96.701714968,-0.517315456,47.356020069,49.345694899
55.300000000,19.121801118,16.791305100,0.239045958,0.632002644,0.005215621,-0.019685497,19.113747856,16.780927914,0.238992474,0.631666179,0.005245944,-0.019747079,96.796617279,-0.515636671,47.406699656,49.389917623
55.333333333,19.142240137,16.796457571,0.238391420,0.632661556,0.005188227,-0.019588177,19.134176218,16.786077644,0.238335898,0.632326920,0.005218184,-0.019648425,96.890943698,-0.514035101,47.456942808,49.434000890
55.366666667,19.162704015,16.801600981,0.237740084,0.633316862,0.005161311,-0.019493336,19.154629511,16.791218280,0.237682569,0.632984066,0.005190904,-0.019552250,96.984690891,-0.512510724,47.506747900,49.477942991
55.400000000,19.183192612,16.806735352,0.237091867,0.633968539,0.005134876,-0.019400974,19.175107592,16.796349845,0.237032404,0.633637595,0.005164104,-0.019458555,97.077855546,-0.511063522,47.556113309,49.521742238
55.433333333,19.203705788,16.811860705,0.236446686,0.634616563,0.005108923,-0.019311091,19.195610322,16.801472359,0.236385320,0.634287483,0.005137789,-0.019367340,97.170434367,-0.509693482,47.605037411,49.565396956
55.466666667,19.224243400,16.816977058,0.235804460,0.635260912,0.005083454,-0.019223688,19.216137560,16.806585844,0.235741235,0.634933707,0.005111958,-0.019278605,97.262424076,-0.508400596,47.653518585,49.608905491
55.500000000,19.244805309,16.822084429,0.235165105,0.635901563,0.005058472,-0.019138765,19.236689164,16.811690317,0.235100066,0.635576245,0.005086615,-0.019192352,97.353821416,-0.507184860,47.701555209,49.652266207
55.533333333,19.265391373,16.827182834,0.234528539,0.636538494,0.005033979,-0.019056324,19.257264993,16.816785795,0.234461730,0.636215075,0.005061761,-0.019108579,97.444623146,-0.506046274,47.749145662,49.695477485
55.566666667,19.286001449,16.832272288,0.233894678,0.637171683,0.005009976,-0.018976363,19.277864907,16.821872294,0.233826145,0.636850172,0.005037398,-0.019027289,97.534826045,-0.504984844,47.796288323,49.738537722
55.600000000,19.306635396,16.837352805,0.233263441,0.637801107,0.004986466,-0.018898886,19.298488761,16.826949828,0.233193228,0.637481517,0.005013529,-0.018948482,97.624426909,-0.504000579,47.842981572,49.781445336
55.633333333,19.327293071,16.842424397,0.232634744,0.638426744,0.004963451,-0.018823892,19.319136415,16.832018411,0.232562896,0.638109085,0.004990155,-0.018872159,97.713422551,-0.503093493,47.889223789,49.824198762
55.666666667,19.347974331,16.847487074,0.232008505,0.639048572,0.004940932,-0.018751383,19.339807725,16.837078054,0.231935066,0.638732856,0.004967278,-0.018798322,97.801809805,-0.502263606,47.935013352,49.866796453
55.700000000,19.368679034,16.852540846,0.231384640,0.639666569,0.004918912,-0.018681360,19.360502549,16.842128767,0.231309656,0.639352807,0.004944901,-0.018726970,97.889585521,-0.501510941,47.980348642,49.909236878
55.733333333,19.389407036,16.857585721,0.230763068,0.640280714,0.004897392,-0.018613824,19.381220743,16.847170559,0.230686582,0.639968917,0.004923026,-0.018658106,97.976746565,-0.500835527,48.025228038,49.951518527
55.766666667,19.410158194,16.862621705,0.230143704,0.640890985,0.004876376,-0.018548777,19.401962164,16.852203438,0.230065762,0.640581163,0.004901654,-0.018591731,98.063289825,-0.500237397,48.069649918,49.993639907
55.800000000,19.430932363,16.867648803,0.229526466,0.641497360,0.004855865,-0.018486221,19.422726668,16.857227409,0.229447112,0.641189525,0.004880788,-0.018527847,98.149212204,-0.499716589,48.113612662,50.035599542
55.833333333,19.451729400,16.872667020,0.228911271,0.642099818,0.004835860,-0.018426157,19.443514112,16.862242476,0.228830550,0.641793980,0.004860429,-0.018466455,98.234510622,-0.499273146,48.157114646,50.077395976
55.866666667,19.472549160,16.877676356,0.228298036,0.642698337,0.004816365,-0.018368587,19.464324350,16.867248644,0.228215992,0.642394508,0.004840580,-0.018407558,98.319182018,-0.498907116,48.200154248,50.119027770
55.900000000,19.493391498,16.882676814,0.227686677,0.643292898,0.004797381,-0.018313514,19.485157239,16.872245913,0.227603356,0.642991087,0.004821244,-0.018351156,98.403223348,-0.498618551,48.242729845,50.160493504
55.933333333,19.514256270,16.887668392,0.227077112,0.643883478,0.004778911,-0.018260938,19.506012632,16.877234284,0.226992557,0.643583696,0.004802421,-0.018297253,98.486631587,-0.498407511,48.284839811,50.201791776
55.966666667,19.535143330,16.892651088,0.226469257,0.644470056,0.004760956,-0.018210864,19.526890386,16.882213755,0.226383513,0.644172314,0.004784115,-0.018245850,98.569403725,-0.498274057,48.326482523,50.242921202
56.000000000,19.556052532,16.897624899,0.225863028,0.645052612,0.004743519,-0.018163292,19.547790354,16.887184324,0.225776141,0.644756921,0.004766327,-0.018196950,98.651536771,-0.498218257,48.367656353,50.283880418
56.033333333,19.576983731,16.902589819,0.225258343,0.645631125,0.004726601,-0.018118226,19.568712392,16.892145987,0.225170356,0.645337495,0.004749059,-0.018150554,98.733027751,-0.498240185,48.408359674,50.324668078
56.066666667,19.597936781,16.907545842,0.224655117,0.646205575,0.004710206,-0.018075668,19.589656351,16.897098738,0.224566076,0.645914016,0.004732314,-0.018106667,98.813873709,-0.498339919,48.448590857,50.365282852
56.100000000,19.618911534,16.912492960,0.224053267,0.646775941,0.004694335,-0.018035621,19.610622088,16.902042570,0.223963216,0.646486463,0.004716094,-0.018065290,98.894071705,-0.498517542,48.488348272,50.405723433
56.133333333,19.639907845,16.917431163,0.223452710,0.647342203,0.004678990,-0.017998088,19.631609454,16.906977474,0.223361693,0.647054817,0.004700401,-0.018026427,98.973618817,-0.498773143,48.527630288,50.445988529
56.166666667,19.660925567,16.922360441,0.222853360,0.647904340,0.004664173,-0.017963072,19.652618304,16.911903440,0.222761424,0.647619056,0.004685237,-0.017990080,99.052512142,-0.499106815,48.566435272,50.486076870
56.200000000,19.681964552,16.927280780,0.222255135,0.648462332,0.004649888,-0.017930577,19.673648489,16.916820456,0.222162323,0.648179160,0.004670604,-0.017956252,99.130748792,-0.499518659,48.604761590,50.525987203
56.233333333,19.703024652,16.932192167,0.221657951,0.649016160,0.004636135,-0.017900605,19.694699863,16.921728510,0.221564308,0.648735110,0.004656505,-0.017924947,99.208325899,-0.500008779,48.642607605,50.565718294
56.266666667,19.724105721,16.937094586,0.221061722,0.649565803,0.004622918,-0.017873160,19.715772278,16.926627586,0.220967293,0.649286886,0.004642941,-0.017896169,99.285240609,-0.500577285,48.679971680,50.605268930
56.300000000,19.745207610,16.941988020,0.220466365,0.650111242,0.004610238,-0.017848245,19.736865586,16.931517668,0.220371195,0.649834467,0.004629916,-0.017869920,99.361490090,-0.501224292,48.716852176,50.644637914
56.333333333,19.766330170,16.946872449,0.219871796,0.650652457,0.004598098,-0.017825865,19.757979638,16.936398739,0.219775930,0.650377834,0.004617431,-0.017846205,99.437071523,-0.501949922,48.753247451,50.683824072
56.366666667,19.787473254,16.951747855,0.219277930,0.651189429,0.004586500,-0.017806024,19.779114287,16.941270779,0.219181412,0.650916968,0.004605488,-0.017825027,99.511982109,-0.502754300,48.789155862,50.722826247
56.400000000,19.808636712,16.956614215,0.218684681,0.651722137,0.004575446,-0.017788725,19.800269384,16.946133767,0.218587558,0.651451848,0.004594090,-0.017806390,99.586219066,-0.503637560,48.824575765,50.761643302
56.433333333,19.829820395,16.961471505,0.218091967,0.652250564,0.004564938,-0.017773972,19.821444779,16.950987681,0.217994282,0.651982456,0.004583239,-0.017790299,99.659779632,-0.504599838,48.859505512,50.800274120
56.466666667,19.851024155,16.966319701,0.217499700,0.652774688,0.004554979,-0.017761771,19.842640323,16.955832497,0.217401499,0.652508773,0.004572938,-0.017776758,99.732661058,-0.505641279,48.893943454,50.838717604
56.500000000,19.872247841,16.971158776,0.216907797,0.653294493,0.004545572,-0.017752125,19.863855868,16.960668189,0.216809125,0.653030778,0.004563188,-0.017765770,99.804860616,-0.506762031,48.927887941,50.876972676
56.533333333,19.893491303,16.975988702,0.216316172,0.653809957,0.004536718,-0.017745039,19.885091262,16.965494730,0.216217074,0.653548453,0.004553992,-0.017757342,99.876375597,-0.507962250,48.961337318,50.915038279
56.566666667,19.914754392,16.980809449,0.215724739,0.654321063,0.004528420,-0.017740518,19.906346357,16.970312091,0.215625261,0.654061779,0.004545353,-0.017751477,99.947203307,-0.509242096,48.994289931,50.952913376
56.600000000,19.936036957,16.985620986,0.215133414,0.654827792,0.004520679,-0.017738567,19.927621001,16.975120242,0.215033600,0.654570737,0.004537272,-0.017748180,100.017341071,-0.510601735,49.026744122,50.990596949
56.633333333,19.957338847,16.990423281,0.214542109,0.655330125,0.004513500,-0.017739191,19.948915045,16.979919151,0.214442006,0.655075309,0.004529752,-0.017747457,100.086786233,-0.512041341,49.058698231,51.028088002
56.666666667,19.978659913,16.995216298,0.213950740,0.655828043,0.004506883,-0.017742396,19.970228337,16.984708785,0.213850392,0.655575476,0.004522795,-0.017749312,100.155536155,-0.513561091,49.090150595,51.065385560
56.700000000,20.000000001,17.000000001,0.213359221,0.656321529,0.004500832,-0.017748186,19.991560726,16.989489107,0.213258673,0.656071219,0.004516404,-0.017753751,100.223587841,-0.515159155,49.121103238,51.102484603
56.733333333,20.021358961,17.004774352,0.212767464,0.656810563,0.004495348,-0.017756559,20.012912062,16.994260082,0.212666763,0.656562520,0.004510582,-0.017760776,100.290939429,-0.516823688,49.151578006,51.139361422
56.766666667,20.042736642,17.009539312,0.212175385,0.657295128,0.004490434,-0.017767476,20.034282193,16.999021671,0.212074575,0.657049361,0.004505329,-0.017770366,100.357588641,-0.518542855,49.181596523,51.175992118
56.800000000,20.064132893,17.014294841,0.211582900,0.657775206,0.004486091,-0.017780895,20.055670966,17.003773833,0.211482026,0.657531724,0.004500649,-0.017782480,100.423532306,-0.520315121,49.211160151,51.212372156
56.833333333,20.085547560,17.019040894,0.210989925,0.658250779,0.004482320,-0.017796775,20.077078231,17.008516527,0.210889030,0.658009591,0.004496542,-0.017797077,100.488768503,-0.522140537,49.240267834,51.248500669
56.866666667,20.106980491,17.023777429,0.210396380,0.658721830,0.004479122,-0.017815080,20.098503834,17.013249710,0.210295507,0.658482945,0.004493009,-0.017814119,100.553294970,-0.524019345,49.268917976,51.284376994
56.900000000,20.128431534,17.028504398,0.209802184,0.659188341,0.004476496,-0.017835777,20.119947623,17.017973336,0.209701375,0.658951768,0.004490050,-0.017833570,100.617109485,-0.525951715,49.297109137,51.320000348
56.933333333,20.149900536,17.033221755,0.209207258,0.659650297,0.004474443,-0.017858833,20.141409446,17.022687359,0.209106555,0.659416043,0.004487665,-0.017855399,100.680209862,-0.527937756,49.324840016,51.355369846
56.966666667,20.171387344,17.037929450,0.208611524,0.660107679,0.004472961,-0.017884220,20.162889149,17.027391731,0.208510968,0.659875754,0.004485855,-0.017879574,100.742593953,-0.529977523,49.352109432,51.390484521
57.000000000,20.192891805,17.042627433,0.208014905,0.660560473,0.004472050,-0.017911910,20.184386579,17.032086402,0.207914536,0.660330884,0.004484616,-0.017906067,100.804259647,-0.532071024,49.378916315,51.425343332
57.033333333,20.214413765,17.047315651,0.207417324,0.661008661,0.004471708,-0.017941878,20.205901584,17.036771320,0.207317182,0.660781417,0.004483950,-0.017934852,100.865204870,-0.534218228,49.405259688,51.459945181
57.066666667,20.235953071,17.051994050,0.206818706,0.661452228,0.004471935,-0.017974100,20.227434008,17.041446434,0.206718831,0.661227337,0.004483855,-0.017965904,100.925427585,-0.536419068,49.431138661,51.494288924
57.100000000,20.257509568,17.056662576,0.206218975,0.661891159,0.004472728,-0.018008553,20.248983699,17.046111687,0.206119407,0.661668628,0.004484328,-0.017999200,100.984925793,-0.538673449,49.456552417,51.528373375
57.133333333,20.279083102,17.061321171,0.205618059,0.662325437,0.004474087,-0.018045217,20.270550503,17.050767026,0.205518835,0.662105275,0.004485369,-0.018034719,101.043697530,-0.540981250,49.481500208,51.562197322
57.166666667,20.300673520,17.065969777,0.205015883,0.662755049,0.004476008,-0.018084071,20.292134264,17.055412391,0.204917043,0.662537262,0.004486976,-0.018072438,101.101740872,-0.543342328,49.505981345,51.595759528
57.200000000,20.322280666,17.070608334,0.204412376,0.663179978,0.004478491,-0.018125095,20.313734828,17.060047723,0.204313957,0.662964574,0.004489147,-0.018112339,101.159053929,-0.545756522,49.529995190,51.629058738
57.233333333,20.343904386,17.075236780,0.203807464,0.663600210,0.004481533,-0.018168272,20.335352042,17.064672963,0.203709504,0.663387197,0.004491880,-0.018154403,101.215634848,-0.548223659,49.553541157,51.662093690
57.266666667,20.365544524,17.079855052,0.203201077,0.664015732,0.004485132,-0.018213584,20.356985749,17.069288049,0.203103613,0.663805117,0.004495173,-0.018198611,101.271481814,-0.550743547,49.576618701,51.694863114
57.300000000,20.387200926,17.084463087,0.202593143,0.664426528,0.004489286,-0.018261013,20.378635794,17.073892915,0.202496212,0.664218318,0.004499023,-0.018244947,101.326593050,-0.553315990,49.599227313,51.727365737
57.333333333,20.408873436,17.089060817,0.201983593,0.664832585,0.004493993,-0.018310544,20.400302023,17.078487499,0.201887232,0.664626787,0.004503428,-0.018293393,101.380966811,-0.555940779,49.621366522,51.759600289
57.366666667,20.430561899,17.093648176,0.201372356,0.665233889,0.004499250,-0.018362161,20.421984280,17.083071732,0.201276601,0.665030510,0.004508387,-0.018343935,101.434601395,-0.558617701,49.643035889,51.791565506
57.400000000,20.452266158,17.098225095,0.200759364,0.665630427,0.004505054,-0.018415850,20.443682408,17.087645548,0.200664251,0.665429473,0.004513896,-0.018396556,101.487495131,-0.561346534,49.664235001,51.823260131
57.433333333,20.473986057,17.102791504,0.200144547,0.666022185,0.004511404,-0.018471594,20.465396253,17.092208876,0.200050112,0.665823664,0.004519953,-0.018451241,101.539646389,-0.564127055,49.684963473,51.854682916
57.466666667,20.495721441,17.107347330,0.199527837,0.666409151,0.004518297,-0.018529381,20.487125656,17.096761645,0.199434116,0.666213069,0.004526556,-0.018507978,101.591053572,-0.566959038,49.705220944,51.885832628
57.500000000,20.517472153,17.111892500,0.198909166,0.666791312,0.004525731,-0.018589196,20.508870464,17.101303784,0.198816194,0.666597675,0.004533703,-0.018566750,101.641715123,-0.569842253,49.725007076,51.916708048
57.533333333,20.539238036,17.116426941,0.198288467,0.667168655,0.004533702,-0.018651027,20.530630518,17.105835219,0.198196279,0.666977469,0.004541390,-0.018627546,101.691629520,-0.572776470,49.744321550,51.947307971
57.566666667,20.561018934,17.120950575,0.197665674,0.667541169,0.004542209,-0.018714860,20.552405662,17.110355873,0.197574304,0.667352440,0.004549616,-0.018690351,101.740795278,-0.575761458,49.763164067,51.977631211
57.600000000,20.582814689,17.125463325,0.197040719,0.667908840,0.004551249,-0.018780682,20.574195739,17.114865672,0.196950201,0.667722576,0.004558377,-0.018755153,101.789210948,-0.578796986,49.781534347,52.007676601
57.633333333,20.604625145,17.129965113,0.196413536,0.668271658,0.004560820,-0.018848481,20.596000592,17.119364536,0.196323905,0.668087863,0.004567672,-0.018821940,101.836875118,-0.581882826,49.799432125,52.037442993
57.666666667,20.626450144,17.134455859,0.195784059,0.668629612,0.004570918,-0.018918246,20.617820064,17.123852386,0.195695350,0.668448292,0.004577497,-0.018890698,101.883786414,-0.585018748,49.816857154,52.066929260
57.700000000,20.648289528,17.138935480,0.195152225,0.668982689,0.004581541,-0.018989963,20.639653997,17.128329142,0.195064470,0.668803850,0.004587850,-0.018961417,101.929943498,-0.588204525,49.833809201,52.096134297
57.733333333,20.670143140,17.143403893,0.194517966,0.669330878,0.004592687,-0.019063623,20.661502234,17.132794721,0.194431200,0.669154526,0.004598729,-0.019034084,101.975345068,-0.591439933,49.850288048,52.125057020
57.766666667,20.692010822,17.147861015,0.193881220,0.669674170,0.004604354,-0.019139212,20.683364616,17.137249040,0.193795475,0.669500309,0.004610131,-0.019108688,102.019989859,-0.594724748,49.866293491,52.153696368
57.800000000,20.713892416,17.152306760,0.193241921,0.670012553,0.004616537,-0.019216721,20.705240986,17.141692014,0.193157231,0.669841189,0.004622053,-0.019185218,102.063876645,-0.598058751,49.881825340,52.182051305
57.833333333,20.735787763,17.156741040,0.192600006,0.670346017,0.004629236,-0.019296138,20.727131185,17.146123557,0.192516403,0.670177156,0.004634493,-0.019263663,102.107004234,-0.601441724,49.896883416,52.210120818
57.866666667,20.757696706,17.161163767,0.191955412,0.670674552,0.004642448,-0.019377453,20.749035056,17.150543580,0.191872929,0.670508198,0.004647448,-0.019344012,102.149371472,-0.604873454,49.911467556,52.237903916
57.900000000,20.779619086,17.165574852,0.191308075,0.670998148,0.004656169,-0.019460655,20.770952439,17.154951996,0.191226745,0.670834306,0.004660916,-0.019426254,102.190977243,-0.608353727,49.925577608,52.265399635
57.933333333,20.801554744,17.169974204,0.190657933,0.671316795,0.004670397,-0.019545734,20.792883176,17.159348714,0.190577787,0.671155471,0.004674894,-0.019510379,102.231820466,-0.611882338,49.939213430,52.292607036
57.966666667,20.823503521,17.174361729,0.190004923,0.671630485,0.004685131,-0.019632680,20.814827108,17.163733642,0.189925994,0.671471683,0.004689379,-0.019596377,102.271900100,-0.615459080,49.952374896,52.319525203
58.000000000,20.845465258,17.178737336,0.189348983,0.671939208,0.004700366,-0.019721483,20.836784076,17.168106687,0.189271303,0.671782932,0.004704370,-0.019684238,102.311215137,-0.619083753,49.965061890,52.346153247
58.033333333,20.867439796,17.183100928,0.188690052,0.672242956,0.004716101,-0.019812133,20.858753921,17.172467756,0.188613652,0.672089210,0.004719863,-0.019773952,102.349764611,-0.622756159,49.977274307,52.372490304
58.066666667,20.889426976,17.187452410,0.188028069,0.672541719,0.004732334,-0.019904621,20.880736483,17.176816754,0.187952979,0.672390508,0.004735855,-0.019865510,102.387547589,-0.626476104,49.989012055,52.398535533
58.100000000,20.911426637,17.191791684,0.187362971,0.672835489,0.004749061,-0.019998937,20.902731604,17.181153582,0.187289224,0.672686818,0.004752345,-0.019958901,102.424563177,-0.630243398,50.000275053,52.424288124
58.133333333,20.933438622,17.196118651,0.186694698,0.673124258,0.004766280,-0.020095071,20.924739123,17.185478144,0.186622325,0.672978130,0.004769330,-0.020054117,102.460810520,-0.634057854,50.011063232,52.449747287
58.166666667,20.955462769,17.200433212,0.186023191,0.673408019,0.004783989,-0.020193016,20.946758881,17.189790341,0.185952222,0.673264438,0.004786807,-0.020151148,102.496288797,-0.637919289,50.021376535,52.474912262
58.200000000,20.977498919,17.204735265,0.185348388,0.673686763,0.004802186,-0.020292761,20.968790717,17.194090071,0.185278854,0.673545733,0.004804774,-0.020249985,102.530997227,-0.641827524,50.031214914,52.499782313
58.233333333,20.999546911,17.209024709,0.184670229,0.673960483,0.004820867,-0.020394298,20.990834473,17.198377234,0.184602161,0.673822008,0.004823229,-0.020350620,102.564935067,-0.645782382,50.040578337,52.524356730
58.266666667,21.021606586,17.213301439,0.183988656,0.674229173,0.004840030,-0.020497619,21.012889987,17.202651726,0.183922084,0.674093256,0.004842168,-0.020453043,102.598101609,-0.649783693,50.049466780,52.548634829
58.300000000,21.043677784,17.217565351,0.183303609,0.674492824,0.004859673,-0.020602714,21.034957099,17.206913443,0.183238562,0.674359469,0.004861590,-0.020557246,102.630496185,-0.653831287,50.057880233,52.572615952
58.333333333,21.065760343,17.221816338,0.182615028,0.674751430,0.004879793,-0.020709576,21.057035649,17.211162280,0.182551537,0.674620641,0.004881491,-0.020663221,102.662118163,-0.657925001,50.065818696,52.596299467
58.366666667,21.087854103,17.226054294,0.181922856,0.675004986,0.004900388,-0.020818196,21.079125476,17.215398131,0.181860950,0.674876765,0.004901870,-0.020770959,102.692966951,-0.662064673,50.073282182,52.619684769
58.400000000,21.109958904,17.230279110,0.181227033,0.675253484,0.004921456,-0.020928566,21.101226420,17.219620888,0.181166743,0.675127834,0.004922724,-0.020880452,102.723041994,-0.666250146,50.080270717,52.642771277
58.433333333,21.132074584,17.234490676,0.180527502,0.675496919,0.004942993,-0.021040678,21.123338320,17.223830441,0.180468856,0.675373843,0.004944051,-0.020991692,102.752342774,-0.670481267,50.086784336,52.665558438
58.466666667,21.154200983,17.238688882,0.179824204,0.675735285,0.004964998,-0.021154524,21.145461014,17.228026682,0.179767232,0.675614787,0.004965848,-0.021104671,102.780868812,-0.674757885,50.092823089,52.688045723
58.500000000,21.176337939,17.242873616,0.179117082,0.675968577,0.004987469,-0.021270097,21.167594341,17.232209498,0.179061813,0.675850658,0.004988112,-0.021219381,102.808619667,-0.679079854,50.098387037,52.710232630
58.533333333,21.198485292,17.247044765,0.178406078,0.676196789,0.005010402,-0.021387388,21.189738141,17.236378777,0.178352541,0.676081452,0.005010842,-0.021335815,102.835594936,-0.683447032,50.103476253,52.732118683
58.566666667,21.220642879,17.251202215,0.177691136,0.676419916,0.005033796,-0.021506391,21.211892252,17.240534407,0.177639359,0.676307165,0.005034035,-0.021453964,102.861794257,-0.687859278,50.108090824,52.753703432
58.600000000,21.242810540,17.255345850,0.176972198,0.676637954,0.005057648,-0.021627097,21.234056513,17.244676272,0.176922210,0.676527790,0.005057689,-0.021573823,102.887217301,-0.692316457,50.112230849,52.774986452
58.633333333,21.264988113,17.259475554,0.176249208,0.676850898,0.005081955,-0.021749500,21.256230761,17.248804257,0.176201037,0.676743323,0.005081801,-0.021695382,102.911863783,-0.696818435,50.115896439,52.795967345
58.666666667,21.287175436,17.263591210,0.175522109,0.677058744,0.005106716,-0.021873593,21.278414836,17.252918244,0.175475784,0.676953761,0.005106368,-0.021818635,102.935733454,-0.701365085,50.119087718,52.816645737
58.700000000,21.309372348,17.267692700,0.174790845,0.677261488,0.005131929,-0.021999368,21.300608576,17.257018117,0.174746394,0.677159098,0.005131389,-0.021943575,102.958826104,-0.705956279,50.121804823,52.837021281
58.733333333,21.331578686,17.271779902,0.174055360,0.677459126,0.005157589,-0.022126818,21.322811818,17.261103755,0.174012811,0.677359331,0.005156862,-0.022070195,102.981141562,-0.710591895,50.124047905,52.857093657
58.766666667,21.353794289,17.275852698,0.173315599,0.677651655,0.005183697,-0.022255938,21.345024400,17.265175039,0.173274980,0.677554457,0.005182783,-0.022198488,103.002679695,-0.715271814,50.125817128,52.876862567
58.800000000,21.376018994,17.279910964,0.172571505,0.677839071,0.005210248,-0.022386719,21.367246161,17.269231848,0.172532843,0.677744472,0.005209151,-0.022328447,103.023440412,-0.719995919,50.127112669,52.896327743
58.833333333,21.398252639,17.283954578,0.171823024,0.678021372,0.005237241,-0.022519155,21.389476939,17.273274059,0.171786347,0.677929373,0.005235963,-0.022460066,103.043423657,-0.724764097,50.127934718,52.915488939
58.866666667,21.420495063,17.287983416,0.171070100,0.678198554,0.005264673,-0.022653241,21.411716571,17.277301550,0.171035436,0.678109157,0.005263216,-0.022593337,103.062629416,-0.729576238,50.128283481,52.934345936
58.900000000,21.442746102,17.291997354,0.170312679,0.678370616,0.005292543,-0.022788969,21.433964894,17.281314195,0.170280055,0.678283821,0.005290910,-0.022728256,103.081057715,-0.734432235,50.128159174,52.952898541
58.933333333,21.465005595,17.295996264,0.169550706,0.678537555,0.005320848,-0.022926333,21.456221746,17.285311869,0.169520149,0.678453363,0.005319041,-0.022864814,103.098708617,-0.739331984,50.127562032,52.971146585
58.966666667,21.487273378,17.299980021,0.168784127,0.678699369,0.005349585,-0.023065328,21.478486966,17.289294447,0.168755663,0.678617782,0.005347607,-0.023003007,103.115582225,-0.744275383,50.126492299,52.989089926
59.000000000,21.509549290,17.303948496,0.168012887,0.678856056,0.005378753,-0.023205946,21.500760389,17.293261800,0.167986544,0.678777074,0.005376605,-0.023142827,103.131678684,-0.749262334,50.124950238,53.006728446
59.033333333,21.531833166,17.307901560,0.167236932,0.679007615,0.005408349,-0.023348182,21.523041853,17.297213801,0.167212736,0.678931239,0.005406035,-0.023284270,103.146998176,-0.754292742,50.122936122,53.024062054
59.066666667,21.554124845,17.311839083,0.166456209,0.679154045,0.005438372,-0.023492031,21.545331196,17.301150319,0.166434187,0.679080275,0.005435892,-0.023427328,103.161540924,-0.759366514,50.120450243,53.041090681
59.100000000,21.576424164,17.315760935,0.165670663,0.679295344,0.005468817,-0.023637485,21.567628254,17.305071225,0.165650842,0.679224181,0.005466176,-0.023571996,103.175307192,-0.764483560,50.117492904,53.057814287
59.133333333,21.598730960,17.319666982,0.164880242,0.679431512,0.005499685,-0.023784541,21.589932865,17.308976386,0.164862648,0.679362957,0.005496884,-0.023718269,103.188297282,-0.769643792,50.114064426,53.074232855
59.166666667,21.621045069,17.323557093,0.164084892,0.679562549,0.005530971,-0.023933191,21.612244865,17.312865672,0.164069551,0.679496601,0.005528013,-0.023866140,103.200511537,-0.774847125,50.110165144,53.090346394
59.200000000,21.643366329,17.327431133,0.163284560,0.679688454,0.005562675,-0.024083430,21.634564092,17.316738948,0.163271498,0.679625113,0.005559561,-0.024015604,103.211950342,-0.780093478,50.105795406,53.106154936
59.233333333,21.665694576,17.331288968,0.162479194,0.679809228,0.005594794,-0.024235254,21.656890382,17.320596080,0.162468437,0.679748494,0.005591527,-0.024166655,103.222614121,-0.785382770,50.100955579,53.121658541
59.266666667,21.688029648,17.335130462,0.161668739,0.679924870,0.005627325,-0.024388656,21.679223572,17.324436933,0.161660314,0.679866743,0.005623908,-0.024319289,103.232503337,-0.790714925,50.095646044,53.136857293
59.300000000,21.710371381,17.338955478,0.160853145,0.680035382,0.005660267,-0.024543632,21.701563499,17.328261370,0.160847076,0.679979862,0.005656702,-0.024473500,103.241618497,-0.796089866,50.089867198,53.151751299
59.333333333,21.732719611,17.342763878,0.160032358,0.680140764,0.005693617,-0.024700176,21.723909999,17.332069256,0.160028672,0.680087849,0.005689906,-0.024629282,103.249960146,-0.801507522,50.083619454,53.166340692
59.366666667,21.755074175,17.346555525,0.159206327,0.680241017,0.005727374,-0.024858283,21.746262909,17.335860451,0.159205048,0.680190708,0.005723519,-0.024786631,103.257528872,-0.806967822,50.076903240,53.180625632
59.400000000,21.777434910,17.350330278,0.158374999,0.680336142,0.005761534,-0.025017948,21.768622064,17.339634817,0.158376154,0.680288438,0.005757538,-0.024945541,103.264325302,-0.812470698,50.069719001,53.194606300
59.433333333,21.799801652,17.354087998,0.157538323,0.680426142,0.005796097,-0.025179167,21.790987303,17.343392215,0.157541936,0.680381042,0.005791962,-0.025106008,103.270350105,-0.818016083,50.062067200,53.208282904
59.466666667,21.822174238,17.357828542,0.156696246,0.680511018,0.005831059,-0.025341933,21.813358461,17.347132503,0.156702343,0.680468521,0.005826787,-0.025268026,103.275603992,-0.823603914,50.053948315,53.221655677
59.500000000,21.844552504,17.361551770,0.155848718,0.680590773,0.005866419,-0.025506244,21.835735374,17.350855540,0.155857324,0.680550877,0.005862013,-0.025431591,103.280087714,-0.829234129,50.045362840,53.234724874
59.533333333,21.866936286,17.365257538,0.154995687,0.680665408,0.005902174,-0.025672093,21.858117879,17.354561184,0.155006826,0.680628112,0.005897636,-0.025596698,103.283802065,-0.834906667,50.036311288,53.247490777
59.566666667,21.889325421,17.368945703,0.154137101,0.680734927,0.005938323,-0.025839476,21.880505812,17.358249291,0.154150799,0.680700229,0.005933654,-0.025763342,103.286747879,-0.840621471,50.026794188,53.259953691
59.600000000,21.911719744,17.372616119,0.153272910,0.680799332,0.005974863,-0.026008388,21.902899010,17.361919718,0.153289191,0.680767231,0.005970067,-0.025931519,103.288926033,-0.846378484,50.016812086,53.272113947
59.633333333,21.934119093,17.376268643,0.152403063,0.680858626,0.006011792,-0.026178826,21.925297307,17.365572319,0.152421952,0.680829121,0.006006870,-0.026101224,103.290337445,-0.852177651,50.006365547,53.283971898
59.666666667,21.956523303,17.379903126,0.151527509,0.680912814,0.006049109,-0.026350785,21.947700541,17.369206948,0.151549031,0.680885903,0.006044063,-0.026272453,103.290983076,-0.858018921,49.995455152,53.295527924
59.700000000,21.978932210,17.383519423,0.150646197,0.680961899,0.006086810,-0.026524259,21.970108548,17.372823460,0.150670376,0.680937579,0.006081643,-0.026445200,103.290863927,-0.863902241,49.984081500,53.306782426
59.733333333,22.001345651,17.387117385,0.149759078,0.681005884,0.006124894,-0.026699246,21.992521164,17.376421707,0.149785937,0.680984154,0.006119608,-0.026619463,103.289981043,-0.869827562,49.972245210,53.317735833
59.766666667,22.023763461,17.390696863,0.148866099,0.681044775,0.006163359,-0.026875740,22.014938224,17.380001540,0.148895664,0.681025632,0.006157956,-0.026795237,103.288335511,-0.875794836,49.959946917,53.328388595
59.800000000,22.046185477,17.394257709,0.147967213,0.681078576,0.006202203,-0.027053738,22.037359564,17.383562811,0.147999507,0.681062017,0.006196686,-0.026972516,103.285928461,-0.881804017,49.947187274,53.338741187
59.833333333,22.068611535,17.397799772,0.147062367,0.681107291,0.006241423,-0.027233236,22.059785021,17.387105370,0.147097415,0.681093314,0.006235793,-0.027151298,103.282761064,-0.887855060,49.933966956,53.348794108
59.866666667,22.091041470,17.401322902,0.146151513,0.681130926,0.006281018,-0.027414229,22.082214431,17.390629066,0.146189339,0.681119528,0.006275278,-0.027331579,103.278834534,-0.893947919,49.920286653,53.358547881
59.900000000,22.113475119,17.404826945,0.145234601,0.681149486,0.006320985,-0.027596713,22.104647629,17.394133749,0.145275228,0.681140665,0.006315137,-0.027513353,103.274150128,-0.900082554,49.906147075,53.368003053
59.933333333,22.135912317,17.408311751,0.144311581,0.681162976,0.006361323,-0.027780685,22.127084452,17.397619265,0.144355033,0.681156729,0.006355369,-0.027696618,103.268709148,-0.906258923,49.891548953,53.377160194
59.966666667,22.158352901,17.411777165,0.143382403,0.681171404,0.006402029,-0.027966140,22.149524735,17.401085463,0.143428704,0.681167727,0.006395972,-0.027881368,103.262512935,-0.912476985,49.876493035,53.386019899
60.000000000,22.180796707,17.415223034,0.142447019,0.681174774,0.006443102,-0.028153075,22.171968314,17.404532189,0.142496192,0.681173665,0.006436943,-0.028067601,103.255562876,-0.918736701,49.860980090,53.394582786
60.033333333,22.203243569,17.418649203,0.141505378,0.681173094,0.006484538,-0.028341485,22.194415025,17.407959288,0.141557447,0.681174549,0.006478280,-0.028255313,103.247860401,-0.925038033,49.845010905,53.402849495
60.066666667,22.225693325,17.422055517,0.140557433,0.681166370,0.006526337,-0.028531368,22.216864704,17.411366606,0.140612420,0.681170385,0.006519982,-0.028444499,103.239406982,-0.931380945,49.828586289,53.410820692
60.100000000,22.248145811,17.425441819,0.139603133,0.681154610,0.006568497,-0.028722719,22.239317186,17.414753987,0.139661063,0.681161181,0.006562046,-0.028635157,103.230204135,-0.937765399,49.811707070,53.418497066
60.133333333,22.270600861,17.428807954,0.138642429,0.681137819,0.006611014,-0.028915535,22.261772308,17.418121275,0.138703325,0.681146944,0.006604471,-0.028827282,103.220253421,-0.944191360,49.794374095,53.425879327
60.166666667,22.293058312,17.432153763,0.137675274,0.681116007,0.006653887,-0.029109813,22.284229906,17.421468313,0.137739159,0.681127681,0.006647254,-0.029020870,103.209556444,-0.950658794,49.776588233,53.432968210
60.200000000,22.315518000,17.435479088,0.136701619,0.681089182,0.006697115,-0.029305547,22.306689814,17.424794942,0.136768515,0.681103400,0.006690393,-0.029215918,103.198114850,-0.957167666,49.758350375,53.439764475
60.233333333,22.337979761,17.438783771,0.135721414,0.681057350,0.006740695,-0.029502736,22.329151870,17.428101005,0.135791345,0.681074109,0.006733886,-0.029412423,103.185930330,-0.963717943,49.739661429,53.446268901
60.266666667,22.360443431,17.442067652,0.134734612,0.681020521,0.006784624,-0.029701375,22.351615908,17.431386343,0.134807600,0.681039816,0.006777731,-0.029610381,103.173004622,-0.970309591,49.720522328,53.452482294
60.300000000,22.382908845,17.445330571,0.133741164,0.680978703,0.006828902,-0.029901462,22.374081765,17.434650796,0.133817232,0.681000530,0.006821927,-0.029809789,103.159339503,-0.976942579,49.700934023,53.458405480
60.333333333,22.405375840,17.448572368,0.132741022,0.680931906,0.006873526,-0.030102991,22.396549277,17.437894204,0.132820193,0.680956259,0.006866471,-0.030010643,103.144936797,-0.983616874,49.680897488,53.464039310
60.366666667,22.427844252,17.451792880,0.131734138,0.680880139,0.006918494,-0.030305962,22.419018279,17.441116405,0.131816435,0.680907014,0.006911360,-0.030212939,103.129798374,-0.990332444,49.660413719,53.469384655
60.400000000,22.450313916,17.454991947,0.130720465,0.680823410,0.006963803,-0.030510369,22.441488608,17.444317239,0.130805909,0.680852803,0.006956594,-0.030416674,103.113926145,-0.997089257,49.639483732,53.474442413
60.433333333,22.472784668,17.458169406,0.129699953,0.680761731,0.007009453,-0.030716209,22.463960098,17.447496542,0.129788568,0.680793636,0.007002170,-0.030621845,103.097322068,-1.003887282,49.618108568,53.479213500
60.466666667,22.495256345,17.461325093,0.128672556,0.680695112,0.007055440,-0.030923480,22.486432587,17.450654153,0.128764364,0.680729523,0.007048086,-0.030828449,103.079988145,-1.010726488,49.596289287,53.483698858
60.500000000,22.517728783,17.464458845,0.127638226,0.680623562,0.007101764,-0.031132177,22.508905910,17.453789907,0.127733249,0.680660474,0.007094340,-0.031036482,103.061926423,-1.017606844,49.574026973,53.487899449
60.533333333,22.540201817,17.467570497,0.126596916,0.680547092,0.007148421,-0.031342298,22.531379903,17.456903642,0.126695176,0.680586501,0.007140930,-0.031245941,103.043138993,-1.024528317,49.551322734,53.491816260
60.566666667,22.562675283,17.470659885,0.125548577,0.680465715,0.007195411,-0.031553840,22.553854402,17.459995192,0.125650096,0.680507613,0.007187854,-0.031456823,103.023627993,-1.031490876,49.528177696,53.495450296
60.600000000,22.585149019,17.473726843,0.124493163,0.680379439,0.007242730,-0.031766798,22.576329243,17.463064393,0.124597963,0.680423822,0.007235110,-0.031669124,103.003395603,-1.038494489,49.504593014,53.498802589
60.633333333,22.607622859,17.476771206,0.123430627,0.680288279,0.007290377,-0.031981171,22.598804263,17.466111078,0.123538730,0.680335140,0.007282696,-0.031882842,102.982444052,-1.045539125,49.480569863,53.501874190
60.666666667,22.630096641,17.479792806,0.122360921,0.680192245,0.007338350,-0.032196954,22.621279296,17.469135082,0.122472349,0.680241577,0.007330610,-0.032097972,102.960775612,-1.052624750,49.456109440,53.504666172
60.700000000,22.652570199,17.482791476,0.121283998,0.680091349,0.007386646,-0.032414145,22.643754180,17.472136237,0.121398774,0.680143147,0.007378850,-0.032314512,102.938392600,-1.059751332,49.431212969,53.507179631
60.733333333,22.675043372,17.485767050,0.120199812,0.679985604,0.007435265,-0.032632740,22.666228751,17.475114377,0.120317956,0.680039862,0.007427414,-0.032532459,102.915297380,-1.066918837,49.405881696,53.509415684
60.766666667,22.697515994,17.488719359,0.119108316,0.679875023,0.007484203,-0.032852736,22.688702844,17.478069335,0.119229851,0.679931734,0.007476300,-0.032751809,102.891492361,-1.074127231,49.380116891,53.511375470
60.800000000,22.719987902,17.491648235,0.118009463,0.679759619,0.007533460,-0.033074130,22.711176296,17.481000940,0.118134409,0.679818775,0.007525506,-0.032972559,102.866979998,-1.081376478,49.353919848,53.513060150
60.833333333,22.742458933,17.494553508,0.116903207,0.679639405,0.007583032,-0.033296919,22.733648943,17.483909026,0.117031587,0.679701001,0.007575029,-0.033194707,102.841762791,-1.088666544,49.327291887,53.514470904
60.866666667,22.764928923,17.497435009,0.115789502,0.679514395,0.007632917,-0.033521099,22.756120622,17.486793423,0.115921335,0.679578422,0.007624869,-0.033418248,102.815843288,-1.095997392,49.300234351,53.515608937
60.900000000,22.787397708,17.500292567,0.114668300,0.679384603,0.007683115,-0.033746668,22.778591169,17.489653960,0.114803609,0.679451055,0.007675022,-0.033643180,102.789224079,-1.103368984,49.272748608,53.516475471
60.933333333,22.809865126,17.503126013,0.113539555,0.679250043,0.007733622,-0.033973623,22.801060420,17.492490468,0.113678362,0.679318912,0.007725488,-0.033869500,102.761907805,-1.110781282,49.244836052,53.517071753
60.966666667,22.832331012,17.505935176,0.112403223,0.679110729,0.007784437,-0.034201959,22.823528213,17.495302776,0.112545548,0.679182009,0.007776263,-0.034097204,102.733897149,-1.118234246,49.216498101,53.517399048
61.000000000,22.854795204,17.508719883,0.111259255,0.678966677,0.007835558,-0.034431674,22.845994382,17.498090713,0.111405120,0.679040359,0.007827346,-0.034326289,102.705194843,-1.125727835,49.187736200,53.517458643
61.033333333,22.877257537,17.511479964,0.110107608,0.678817902,0.007886982,-0.034662766,22.868458766,17.500854108,0.110257032,0.678893978,0.007878734,-0.034556752,102.675803665,-1.133262007,49.158551819,53.517251846
61.066666667,22.899717850,17.514215246,0.108948234,0.678664418,0.007938708,-0.034895229,22.890921201,17.503592788,0.109101240,0.678742881,0.007930427,-0.034788590,102.645726437,-1.140836718,49.128946453,53.516779984
61.100000000,22.922175978,17.516925556,0.107781089,0.678506243,0.007990734,-0.035129063,22.913381523,17.506306582,0.107937697,0.678587083,0.007982421,-0.035021800,102.614966031,-1.148451923,49.098921624,53.516044406
61.133333333,22.944631759,17.519610721,0.106606126,0.678343391,0.008043057,-0.035364262,22.935839570,17.508995315,0.106766356,0.678426602,0.008034715,-0.035256378,102.583525362,-1.156107576,49.068478881,53.515046481
61.166666667,22.967085029,17.522270569,0.105423300,0.678175880,0.008095676,-0.035600824,22.958295178,17.511658816,0.105587174,0.678261452,0.008087307,-0.035492321,102.551407396,-1.163803628,49.037619798,53.513787598
61.200000000,22.989535626,17.524904924,0.104232566,0.678003725,0.008148588,-0.035838746,22.980748184,17.514296910,0.104400104,0.678091650,0.008140194,-0.035729627,102.518615141,-1.171540029,49.006345977,53.512269165
61.233333333,23.011983387,17.527513613,0.103033878,0.677826944,0.008201792,-0.036078024,23.003198426,17.516909424,0.103205101,0.677917213,0.008193374,-0.035968291,102.485151656,-1.179316727,48.974659045,53.510492611
61.266666667,23.034428149,17.530096461,0.101827191,0.677645554,0.008255285,-0.036318655,23.025645739,17.519496183,0.102002119,0.677738159,0.008246847,-0.036208310,102.451020045,-1.187133668,48.942560660,53.508459384
61.300000000,23.056869750,17.532653293,0.100612461,0.677459573,0.008309066,-0.036560636,23.048089963,17.522057013,0.100791114,0.677554504,0.008300608,-0.036449681,102.416223457,-1.194990797,48.910052504,53.506170953
61.333333333,23.079308026,17.535183935,0.099389642,0.677269018,0.008363131,-0.036803963,23.070530933,17.524591738,0.099572041,0.677366266,0.008354657,-0.036692401,102.380765091,-1.202888054,48.877136288,53.503628804
61.366666667,23.101742815,17.537688209,0.098158690,0.677073908,0.008417480,-0.037048634,23.092968487,17.527100183,0.098344855,0.677173464,0.008408992,-0.036936466,102.344648193,-1.210825380,48.843813750,53.500834443
61.400000000,23.124173956,17.540165941,0.096919559,0.676874261,0.008472110,-0.037294643,23.115402463,17.529582172,0.097109510,0.676976115,0.008463609,-0.037181874,102.307876054,-1.218802713,48.810086656,53.497789398
61.433333333,23.146601284,17.542616954,0.095672206,0.676670096,0.008527019,-0.037541989,23.137832698,17.532037529,0.095865962,0.676774239,0.008518508,-0.037428619,102.270452014,-1.226819986,48.775956803,53.494495211
61.466666667,23.169024639,17.545041071,0.094416585,0.676461432,0.008582206,-0.037790667,23.160259029,17.534466078,0.094614168,0.676567854,0.008573686,-0.037676700,102.232379460,-1.234877133,48.741426012,53.490953447
61.500000000,23.191443858,17.547438115,0.093152653,0.676248289,0.008637667,-0.038040674,23.182681296,17.536867643,0.093354081,0.676356979,0.008629141,-0.037926111,102.193661824,-1.242974083,48.706496137,53.487165687
61.533333333,23.213858779,17.549807910,0.091880364,0.676030685,0.008693400,-0.038292007,23.205099334,17.539242045,0.092085659,0.676141634,0.008684871,-0.038176851,102.154302590,-1.251110763,48.671169058,53.483133532
61.566666667,23.236269240,17.552150277,0.090599676,0.675808642,0.008749405,-0.038544661,23.227512983,17.541589108,0.090808856,0.675921839,0.008740874,-0.038428915,102.114305284,-1.259287098,48.635446685,53.478858599
61.600000000,23.258675079,17.554465040,0.089310544,0.675582179,0.008805678,-0.038798634,23.249922080,17.543908654,0.089523628,0.675697614,0.008797148,-0.038682299,102.073673485,-1.267503008,48.599330958,53.474342527
61.633333333,23.281076135,17.556752019,0.088012924,0.675351318,0.008862218,-0.039053920,23.272326463,17.546200505,0.088229933,0.675468980,0.008853690,-0.038937000,102.032410814,-1.275758412,48.562823846,53.469586968
61.666666667,23.303472245,17.559011037,0.086706772,0.675116078,0.008919021,-0.039310518,23.294725971,17.548464484,0.086927725,0.675235956,0.008910498,-0.039193015,101.990520943,-1.284053225,48.525927347,53.464593596
61.700000000,23.325863248,17.561241915,0.085392045,0.674876482,0.008976088,-0.039568421,23.317120442,17.550700411,0.085616962,0.674998566,0.008967571,-0.039450338,101.948007592,-1.292387358,48.488643492,53.459364100
61.733333333,23.348248984,17.563444474,0.084068700,0.674632550,0.009033414,-0.039827628,23.339509714,17.552908109,0.084297599,0.674756829,0.009024906,-0.039708967,101.904874525,-1.300760721,48.450974338,53.453900187
61.766666667,23.370629289,17.565618536,0.082736692,0.674384306,0.009090998,-0.040088133,23.361893626,17.555087398,0.082969593,0.674510767,0.009082502,-0.039968897,101.861125557,-1.309173218,48.412921976,53.448203582
61.800000000,23.393004005,17.567763920,0.081395980,0.674131770,0.009148838,-0.040349933,23.384272016,17.557238100,0.081632901,0.674260403,0.009140355,-0.040230124,101.816764550,-1.317624750,48.374488526,53.442276025
61.833333333,23.415372968,17.569880449,0.080046518,0.673874966,0.009206931,-0.040613024,23.406644724,17.559360034,0.080287479,0.674005759,0.009198464,-0.040492645,101.771795413,-1.326115215,48.335676138,53.436119275
61.866666667,23.437736018,17.571967941,0.078688266,0.673613916,0.009265276,-0.040877401,23.429011588,17.561453022,0.078933286,0.673746857,0.009256826,-0.040756455,101.726222102,-1.334644508,48.296486997,53.429735106
61.900000000,23.460092996,17.574026218,0.077321179,0.673348643,0.009323870,-0.041143060,23.451372447,17.563516885,0.077570276,0.673483721,0.009315440,-0.041021549,101.680048623,-1.343212518,48.256923315,53.423125308
61.933333333,23.482443738,17.576055098,0.075945216,0.673079171,0.009382711,-0.041409997,23.473727141,17.565551441,0.076198409,0.673216374,0.009374303,-0.041287925,101.633279027,-1.351819132,48.216987337,53.416291690
61.966666667,23.504788086,17.578054403,0.074560333,0.672805524,0.009441797,-0.041678207,23.496075509,17.567556511,0.074817641,0.672944839,0.009433413,-0.041555576,101.585917414,-1.360464230,48.176681341,53.409236073
62.000000000,23.527125879,17.580023952,0.073166489,0.672527726,0.009501125,-0.041947687,23.518417390,17.569531915,0.073427931,0.672669140,0.009492768,-0.041824500,101.537967933,-1.369147692,48.136007636,53.401960297
62.033333333,23.549456956,17.581963563,0.071763641,0.672245800,0.009560694,-0.042218431,23.540752623,17.571477472,0.072029234,0.672389302,0.009552366,-0.042094690,101.489434777,-1.377869389,48.094968563,53.394466214
62.066666667,23.571781158,17.583873058,0.070351747,0.671959772,0.009620501,-0.042490434,23.563081049,17.573393003,0.070621510,0.672105349,0.009612203,-0.042366144,101.440322192,-1.386629192,48.053566496,53.386755696
62.100000000,23.594098324,17.585752254,0.068930765,0.671669667,0.009680544,-0.042763692,23.585402507,17.575278326,0.069204717,0.671817306,0.009672279,-0.042638855,101.390634467,-1.395426964,48.011803841,53.378830626
62.133333333,23.616408294,17.587600971,0.067500653,0.671375510,0.009740820,-0.043038201,23.607716837,17.577133260,0.067778811,0.671525198,0.009732591,-0.042912819,101.340375940,-1.404262565,47.969683038,53.370692902
62.166666667,23.638710909,17.589419028,0.066061371,0.671077327,0.009801328,-0.043313954,23.630023879,17.578957625,0.066343753,0.671229050,0.009793136,-0.043188032,101.289550999,-1.413135849,47.927206559,53.362344440
62.200000000,23.661006008,17.591206244,0.064612875,0.670775144,0.009862064,-0.043590948,23.652323474,17.580751240,0.064899500,0.670928889,0.009853913,-0.043464487,101.238164077,-1.422046667,47.884376911,53.353787166
62.233333333,23.683293434,17.592962437,0.063155126,0.670468986,0.009923028,-0.043869176,23.674615462,17.582513923,0.063446011,0.670624740,0.009914918,-0.043742181,101.186219655,-1.430994862,47.841196631,53.345023024
62.266666667,23.705573025,17.594687427,0.061688082,0.670158881,0.009984216,-0.044148634,23.696899684,17.584245494,0.061983245,0.670316630,0.009976151,-0.044021108,101.133722263,-1.439980275,47.797668294,53.336053969
62.300000000,23.727844624,17.596381032,0.060211702,0.669844855,0.010045626,-0.044429317,23.719175979,17.585945770,0.060511161,0.670004585,0.010037607,-0.044301262,101.080676476,-1.449002741,47.753794506,53.326881970
62.333333333,23.750108071,17.598043070,0.058725946,0.669526936,0.010107256,-0.044711218,23.741444190,17.587614572,0.059029717,0.669688633,0.010099286,-0.044582639,101.027086920,-1.458062086,47.709577909,53.317509011
62.366666667,23.772363207,17.599673360,0.057230773,0.669205151,0.010169103,-0.044994333,23.763704156,17.589251716,0.057538874,0.669368801,0.010161184,-0.044865232,100.972958266,-1.467158136,47.665021178,53.307937087
62.400000000,23.794609874,17.601271721,0.055726142,0.668879528,0.010231165,-0.045278655,23.785955720,17.590857023,0.056038590,0.669045117,0.010223299,-0.045149036,100.918295232,-1.476290708,47.620127024,53.298168208
62.433333333,23.816847913,17.602837971,0.054212013,0.668550095,0.010293440,-0.045564179,23.808198722,17.592430310,0.054528827,0.668717609,0.010285630,-0.045434046,100.863102586,-1.485459613,47.574898191,53.288204395
62.466666667,23.839077166,17.604371928,0.052688347,0.668216881,0.010355925,-0.045850899,23.830433004,17.593971395,0.053009542,0.668386304,0.010348173,-0.045720254,100.807385140,-1.494664657,47.529337460,53.278047680
62.500000000,23.861297474,17.605873411,0.051155104,0.667879914,0.010418618,-0.046138808,23.852658408,17.595480098,0.051480698,0.668051232,0.010410926,-0.046007656,100.751147757,-1.503905641,47.483447646,53.267700111
62.533333333,23.883508680,17.607342238,0.049612244,0.667539224,0.010481516,-0.046427901,23.874874775,17.596956237,0.049942253,0.667712422,0.010473886,-0.046296245,100.694395344,-1.513182358,47.437231599,53.257163744
62.566666667,23.905710625,17.608778228,0.048059728,0.667194839,0.010544617,-0.046718170,23.897081948,17.598399629,0.048394168,0.667369903,0.010537052,-0.046586016,100.637132856,-1.522494595,47.390692207,53.246440649
62.600000000,23.927903153,17.610181198,0.046497517,0.666846791,0.010607919,-0.047009611,23.919279769,17.599810094,0.046836405,0.667023704,0.010600421,-0.046876960,100.579365295,-1.531842134,47.343832391,53.235532905
62.633333333,23.950086105,17.611550967,0.044925571,0.666495108,0.010671419,-0.047302215,23.941468079,17.601187450,0.045268924,0.666673855,0.010663990,-0.047169072,100.521097712,-1.541224748,47.296655109,53.224442603
62.666666667,23.972259325,17.612887354,0.043343853,0.666139821,0.010735114,-0.047595977,23.963646722,17.602531515,0.043691687,0.666320387,0.010727757,-0.047462346,100.462335201,-1.550642207,47.249163357,53.213171845
62.700000000,23.994422655,17.614190177,0.041752323,0.665780961,0.010799002,-0.047890889,23.985815540,17.603842108,0.042104654,0.665963330,0.010791719,-0.047756774,100.403082907,-1.560094270,47.201360165,53.201722742
62.733333333,24.016575938,17.615459255,0.040150944,0.665418559,0.010863081,-0.048186944,24.007974376,17.605119047,0.040507788,0.665602714,0.010855874,-0.048052349,100.343346018,-1.569580692,47.153248600,53.190097417
62.766666667,24.038719018,17.616694406,0.038539677,0.665052646,0.010927347,-0.048484136,24.030123074,17.606362151,0.038901049,0.665238572,0.010920220,-0.048349065,100.283129770,-1.579101221,47.104831769,53.178298002
62.800000000,24.060851737,17.617895448,0.036918485,0.664683253,0.010991799,-0.048782456,24.052261476,17.607571239,0.037284402,0.664870934,0.010984753,-0.048646914,100.222439446,-1.588655595,47.056112811,53.166326636
62.833333333,24.082973941,17.619062201,0.035287331,0.664310413,0.011056434,-0.049081897,24.074389426,17.608746128,0.035657807,0.664499833,0.011049471,-0.048945887,100.161280375,-1.598243547,47.007094905,53.154185470
62.866666667,24.105085471,17.620194483,0.033646176,0.663934159,0.011121249,-0.049382451,24.096506767,17.609886639,0.034021227,0.664125299,0.011114371,-0.049245979,100.099657931,-1.607864802,46.957781269,53.141876663
62.900000000,24.127186173,17.621292113,0.031994984,0.663554521,0.011186241,-0.049684111,24.118613344,17.610992590,0.032374626,0.663747367,0.011179452,-0.049547181,100.037577537,-1.617519079,46.908175155,53.129402382
62.933333333,24.149275891,17.622354910,0.030333719,0.663171534,0.011251408,-0.049986868,24.140709000,17.612063799,0.030717966,0.663366068,0.011244710,-0.049849485,99.975044657,-1.627206086,46.858279855,53.116764802
62.966666667,24.171354469,17.623382693,0.028662343,0.662785230,0.011316748,-0.050290715,24.162793580,17.613100086,0.029051211,0.662981435,0.011310142,-0.050152883,99.912064806,-1.636925526,46.808098699,53.103966107
63.000000000,24.193421751,17.624375281,0.026980821,0.662395644,0.011382256,-0.050595643,24.184866928,17.614101270,0.027374324,0.662593502,0.011375746,-0.050457366,99.848643542,-1.646677093,46.757635054,53.091008487
63.033333333,24.215477583,17.625332494,0.025289117,0.662002808,0.011447932,-0.050901642,24.206928889,17.615067171,0.025687270,0.662202303,0.011441520,-0.050762927,99.784786467,-1.656460472,46.706892326,53.077894141
63.066666667,24.237521810,17.626254152,0.023587195,0.661606757,0.011513772,-0.051208706,24.228979307,17.615997607,0.023990012,0.661807871,0.011507460,-0.051069556,99.720499232,-1.666275341,46.655873960,53.064625273
63.100000000,24.259554276,17.627140072,0.021875020,0.661207525,0.011579773,-0.051516823,24.251018028,17.616892399,0.022282515,0.661410241,0.011573564,-0.051377244,99.655787531,-1.676121370,46.604583438,53.051204093
63.133333333,24.281574828,17.627990077,0.020152557,0.660805148,0.011645932,-0.051825987,24.273044897,17.617751365,0.020564745,0.661009447,0.011639829,-0.051685984,99.590657102,-1.685998220,46.553024282,53.037632820
63.166666667,24.303583311,17.628803984,0.018419772,0.660399659,0.011712248,-0.052136186,24.295059759,17.618574327,0.018836665,0.660605524,0.011706252,-0.051995764,99.525113729,-1.695905542,46.501200053,53.023913676
63.200000000,24.325579570,17.629581616,0.016676629,0.659991095,0.011778716,-0.052447412,24.317062461,17.619361104,0.017098243,0.660198507,0.011772830,-0.052306576,99.459163241,-1.705842980,46.449114350,53.010048890
63.233333333,24.347563453,17.630322791,0.014923095,0.659579491,0.011845335,-0.052759654,24.339052848,17.620111516,0.015349442,0.659788432,0.011839561,-0.052618411,99.392811509,-1.715810169,46.396770814,52.996040696
63.266666667,24.369534805,17.631027330,0.013159136,0.659164883,0.011912100,-0.053072903,24.361030765,17.620825384,0.013590230,0.659375335,0.011906442,-0.052931258,99.326064452,-1.725806734,46.344173122,52.981891331
63.300000000,24.391493473,17.631695055,0.011384719,0.658747307,0.011979010,-0.053387149,24.382996061,17.621502528,0.011820573,0.658959251,0.011973470,-0.053245107,99.258928030,-1.735832292,46.291324992,52.967603038
63.333333333,24.413439303,17.632325786,0.009599811,0.658326800,0.012046062,-0.053702381,24.404948580,17.622142770,0.010040438,0.658540218,0.012040641,-0.053559948,99.191408247,-1.745886450,46.238230181,52.953178065
63.366666667,24.435372144,17.632919344,0.007804378,0.657903399,0.012113252,-0.054018589,24.426888171,17.622745930,0.008249791,0.658118271,0.012107954,-0.053875771,99.123511150,-1.755968805,46.184892489,52.938618662
63.400000000,24.457291841,17.633475550,0.005998389,0.657477141,0.012180577,-0.054335762,24.448814680,17.623311830,0.006448601,0.657693448,0.012175405,-0.054192564,99.055242832,-1.766078946,46.131315751,52.923927081
63.433333333,24.479198243,17.633994227,0.004181812,0.657048063,0.012248035,-0.054653888,24.470727954,17.623840290,0.004636834,0.657265786,0.012242991,-0.054510317,98.986609425,-1.776216451,46.077503845,52.909105580
63.466666667,24.501091197,17.634475195,0.002354615,0.656616203,0.012315623,-0.054972957,24.492627841,17.624331134,0.002814460,0.656835323,0.012310709,-0.054829019,98.917617107,-1.786380890,46.023460689,52.894156418
63.500000000,24.522970551,17.634918278,0.000516767,0.656181600,0.012383337,-0.055292957,24.514514188,17.624784183,0.000981447,0.656402097,0.012378556,-0.055148659,98.848272097,-1.796571820,45.969190241,52.879081857
63.533333333,24.544836154,17.635323298,-0.001331763,0.655744290,0.012451175,-0.055613876,24.536386844,17.625199260,-0.000862237,0.655966145,0.012446529,-0.055469224,98.778580656,-1.806788791,45.914696498,52.863884158
63.566666667,24.566687853,17.635690077,-0.003191006,0.655304314,0.012519133,-0.055935703,24.558245658,17.625576186,-0.002716621,0.655527507,0.012514625,-0.055790703,98.708549086,-1.817031342,45.859983500,52.848565586
63.600000000,24.588525498,17.636018439,-0.005060991,0.654861710,0.012587208,-0.056258425,24.580090476,17.625914786,-0.004581737,0.655086221,0.012582841,-0.056113083,98.638183734,-1.827299001,45.805055326,52.833128407
63.633333333,24.610348938,17.636308206,-0.006941748,0.654416518,0.012655398,-0.056582029,24.601921149,17.626214881,-0.006457614,0.654642326,0.012651174,-0.056436353,98.567490984,-1.837591286,45.749916096,52.817574887
63.666666667,24.632158022,17.636559202,-0.008833307,0.653968776,0.012723698,-0.056906503,24.623737525,17.626476296,-0.008344281,0.654195862,0.012719620,-0.056760500,98.496477263,-1.847907704,45.694569970,52.801907293
63.700000000,24.653952598,17.636771252,-0.010735695,0.653518525,0.012792107,-0.057231834,24.645539453,17.626698854,-0.010241767,0.653746868,0.012788177,-0.057085511,98.425149040,-1.858247752,45.639021150,52.786127889
63.733333333,24.675732518,17.636944179,-0.012648942,0.653065805,0.012860620,-0.057558008,24.667326783,17.626882380,-0.012150102,0.653295384,0.012856841,-0.057411373,98.353512821,-1.868610917,45.583273878,52.770238942
63.766666667,24.697497630,17.637077808,-0.014573076,0.652610656,0.012929234,-0.057885013,24.689099365,17.627026698,-0.014069313,0.652841450,0.012925609,-0.057738072,98.281575155,-1.878996673,45.527332438,52.754242717
63.800000000,24.719247786,17.637171964,-0.016508123,0.652153119,0.012997946,-0.058212834,24.710857048,17.627131632,-0.015999428,0.652385108,0.012994477,-0.058065594,98.209342629,-1.889404484,45.471201153,52.738141476
63.833333333,24.740982835,17.637226473,-0.018454110,0.651693234,0.013066753,-0.058541458,24.732599684,17.627197009,-0.017940473,0.651926398,0.013063443,-0.058393927,98.136821869,-1.899833804,45.414884388,52.721937481
63.866666667,24.762702629,17.637241159,-0.020411065,0.651231044,0.013135651,-0.058870870,24.754327122,17.627222652,-0.019892477,0.651465360,0.013132503,-0.058723056,98.064019542,-1.910284075,45.358386550,52.705632992
63.900000000,24.784407018,17.637215849,-0.022379013,0.650766590,0.013204638,-0.059201055,24.776039213,17.627208389,-0.021855465,0.651002037,0.013201654,-0.059052966,97.990942351,-1.920754726,45.301712086,52.689230265
63.933333333,24.806095854,17.637150370,-0.024357980,0.650299912,0.013273709,-0.059531999,24.797735809,17.627154046,-0.023829462,0.650536470,0.013270892,-0.059383642,97.917597038,-1.931245178,45.244865485,52.672731553
63.966666667,24.827768988,17.637044548,-0.026347991,0.649831055,0.013342861,-0.059863686,24.819416760,17.627059448,-0.025814495,0.650068700,0.013340214,-0.059715071,97.843990384,-1.941754837,45.187851275,52.656139109
64.000000000,24.849426273,17.636898210,-0.028349070,0.649360059,0.013412091,-0.060196102,24.841081919,17.626924424,-0.027810588,0.649598771,0.013409617,-0.060047235,97.770129205,-1.952283099,45.130674028,52.639455177
64.033333333,24.871067560,17.636711185,-0.030361241,0.648886967,0.013481395,-0.060529230,24.862731138,17.626748801,-0.029817765,0.649126724,0.013479096,-0.060380121,97.696020355,-1.962829348,45.073338354,52.622682000
64.066666667,24.892692702,17.636483299,-0.032384529,0.648411823,0.013550771,-0.060863054,24.884364267,17.626532406,-0.031836051,0.648652603,0.013548650,-0.060713711,97.621670724,-1.973392957,45.015848907,52.605821817
64.100000000,24.914301551,17.636214383,-0.034418955,0.647934669,0.013620213,-0.061197558,24.905981161,17.626275068,-0.033865467,0.648176450,0.013618273,-0.061047990,97.547087240,-1.983973285,44.958210380,52.588876861
64.133333333,24.935893960,17.635904264,-0.036464542,0.647455549,0.013689719,-0.061532726,24.927581672,17.625976616,-0.035906038,0.647698309,0.013687962,-0.061382942,97.472276865,-1.994569681,44.900427507,52.571849358
64.166666667,24.957469784,17.635552771,-0.038521312,0.646974507,0.013759285,-0.061868541,24.949165652,17.625636878,-0.037957784,0.647218223,0.013757715,-0.061718549,97.397246594,-2.005181481,44.842505064,52.554741530
64.200000000,24.979028874,17.635159736,-0.040589286,0.646491587,0.013828908,-0.062204985,24.970732955,17.625255685,-0.040020729,0.646736236,0.013827526,-0.062054795,97.322003461,-2.015808008,44.784447868,52.537555593
64.233333333,25.000571086,17.634724987,-0.042668485,0.646006832,0.013898583,-0.062542041,24.992283435,17.624832867,-0.042094892,0.646252392,0.013897393,-0.062391661,97.246554531,-2.026448575,44.726260776,52.520293755
64.266666667,25.022096273,17.634248357,-0.044758929,0.645520287,0.013968307,-0.062879691,25.013816946,17.624368253,-0.044180294,0.645766736,0.013967312,-0.062729132,97.170906903,-2.037102479,44.667948685,52.502958218
64.300000000,25.043604290,17.633729676,-0.046860638,0.645031998,0.014038077,-0.063217917,25.035333342,17.623861676,-0.046276955,0.645279311,0.014037279,-0.063067188,97.095067710,-2.047769007,44.609516534,52.485551176
64.333333333,25.065094992,17.633168776,-0.048973630,0.644542008,0.014107888,-0.063556700,25.056832477,17.623312966,-0.048384894,0.644790164,0.014107291,-0.063405811,97.019044117,-2.058447433,44.550969302,52.468074815
64.366666667,25.086568233,17.632565489,-0.051097924,0.644050364,0.014177737,-0.063896022,25.078314206,17.622721957,-0.050504130,0.644299338,0.014177343,-0.063744983,96.942843322,-2.069137019,44.492312008,52.450531313
64.400000000,25.108023869,17.631919648,-0.053233537,0.643557110,0.014247620,-0.064235864,25.099778384,17.622088479,-0.052634680,0.643806880,0.014247432,-0.064084684,96.866472552,-2.079837013,44.433549712,52.432922840
64.433333333,25.129461755,17.631231086,-0.055380486,0.643062292,0.014317533,-0.064576206,25.121224867,17.621412368,-0.054776562,0.643312835,0.014317554,-0.064424896,96.789939069,-2.090546651,44.374687514,52.415251555
64.466666667,25.150881748,17.630499638,-0.057538788,0.642565957,0.014387472,-0.064917029,25.142653511,17.620693455,-0.056929794,0.642817248,0.014387704,-0.064765599,96.713250161,-2.101265154,44.315730553,52.397519608
64.500000000,25.172283704,17.629725137,-0.059708458,0.642068150,0.014457433,-0.065258311,25.164064171,17.619931576,-0.059094389,0.642320166,0.014457880,-0.065106773,96.636413149,-2.111991735,44.256684008,52.379729141
64.533333333,25.193667480,17.628907419,-0.061889512,0.641568917,0.014527413,-0.065600034,25.185456704,17.619126564,-0.061270365,0.641821635,0.014528077,-0.065448397,96.559435383,-2.122725588,44.197553099,52.361882283
64.566666667,25.215032932,17.628046319,-0.064081963,0.641068307,0.014597407,-0.065942176,25.206830967,17.618278256,-0.063457736,0.641321702,0.014598291,-0.065790452,96.482324239,-2.133465898,44.138343084,52.343981154
64.600000000,25.236379917,17.627141674,-0.066285825,0.640566364,0.014667411,-0.066284716,25.228186816,17.617386487,-0.065656515,0.640820413,0.014668519,-0.066132915,96.405087123,-2.144211836,44.079059261,52.326027862
64.633333333,25.257708294,17.626193320,-0.068501112,0.640063138,0.014737421,-0.066627633,25.249524109,17.616451094,-0.067866717,0.640317816,0.014738755,-0.066475767,96.327731469,-2.154962560,44.019706966,52.308024503
64.666666667,25.279017920,17.625201093,-0.070727835,0.639558673,0.014807433,-0.066970905,25.270842704,17.615471913,-0.070088353,0.639813957,0.014808996,-0.066818985,96.250264736,-2.165717213,43.960291573,52.289973163
64.700000000,25.300308653,17.624164833,-0.072966006,0.639053020,0.014877444,-0.067314509,25.292142457,17.614448782,-0.072321435,0.639308884,0.014879238,-0.067162547,96.172694411,-2.176474928,43.900818498,52.271875913
64.733333333,25.321580352,17.623084378,-0.075215635,0.638546224,0.014947447,-0.067658424,25.313423229,17.613381540,-0.074565975,0.638802644,0.014949477,-0.067506431,96.095028004,-2.187234821,43.841293191,52.253734812
64.766666667,25.342832876,17.621959567,-0.077476732,0.638038334,0.015017441,-0.068002626,25.334684877,17.612270024,-0.076821983,0.638295286,0.015019708,-0.067850615,96.017273051,-2.197995999,43.781721143,52.235551908
64.800000000,25.364066083,17.620790238,-0.079749308,0.637529399,0.015087420,-0.068347093,25.355927260,17.611114076,-0.079089468,0.637786858,0.015089928,-0.068195075,95.939437113,-2.208757552,43.722107880,52.217329233
64.833333333,25.385279834,17.619576234,-0.082033369,0.637019466,0.015157379,-0.068691800,25.377150237,17.609913534,-0.081368439,0.637277407,0.015160131,-0.068539788,95.861527772,-2.219518558,43.662458968,52.199068805
64.866666667,25.406473989,17.618317395,-0.084328924,0.636508584,0.015227316,-0.069036724,25.398353669,17.608668240,-0.083658905,0.636766983,0.015230314,-0.068884730,95.783552635,-2.230278082,43.602780006,52.180772629
64.900000000,25.427648407,17.617013563,-0.086635980,0.635996802,0.015297224,-0.069381841,25.419537415,17.607378034,-0.085960873,0.636255633,0.015300472,-0.069229877,95.705519329,-2.241035175,43.543076635,52.162442694
64.933333333,25.448802949,17.615664579,-0.088954542,0.635484168,0.015367101,-0.069727126,25.440701336,17.606042760,-0.088274348,0.635743408,0.015370602,-0.069575206,95.627435503,-2.251788877,43.483354527,52.144080976
64.966666667,25.469937476,17.614270288,-0.091284616,0.634970733,0.015436941,-0.070072554,25.461845291,17.604662259,-0.090599337,0.635230355,0.015440697,-0.069920690,95.549308826,-2.262538211,43.423619392,52.125689433
65.000000000,25.491051849,17.612830532,-0.093626205,0.634456545,0.015506740,-0.070418099,25.482969143,17.603236375,-0.092935844,0.634716524,0.015510755,-0.070266305,95.471146986,-2.273282188,43.363876977,52.107270009
65.033333333,25.512145931,17.611345157,-0.095979315,0.633941654,0.015576494,-0.070763737,25.504072752,17.601764952,-0.095283874,0.634201964,0.015580771,-0.070612026,95.392957692,-2.284019808,43.304133061,52.088824631
65.066666667,25.533219582,17.609814007,-0.098343946,0.633426109,0.015646198,-0.071109440,25.525155980,17.600247836,-0.097643429,0.633686726,0.015650739,-0.070957825,95.314748668,-2.294750055,43.244393459,52.070355209
65.100000000,25.554272665,17.608236928,-0.100720102,0.632909961,0.015715847,-0.071455183,25.546218689,17.598684870,-0.100014511,0.633170858,0.015720656,-0.071303678,95.236527657,-2.305471900,43.184664020,52.051863637
65.133333333,25.575305043,17.606613767,-0.103107782,0.632393259,0.015785438,-0.071800939,25.567260741,17.597075903,-0.102397123,0.632654411,0.015790517,-0.071649558,95.158302418,-2.316184303,43.124950626,52.033351791
65.166666667,25.596316580,17.604944372,-0.105506987,0.631876053,0.015854964,-0.072146680,25.588282000,17.595420780,-0.104791263,0.632137435,0.015860317,-0.071995437,95.080080724,-2.326886208,43.065259194,52.014821531
65.200000000,25.617307137,17.603228589,-0.107917716,0.631358394,0.015924422,-0.072492379,25.609282329,17.593719349,-0.107196933,0.631619980,0.015930052,-0.072341289,95.001870366,-2.337576547,43.005595670,51.996274696
65.233333333,25.638276580,17.601466268,-0.110339966,0.630840333,0.015993807,-0.072838009,25.630261590,17.591971459,-0.109614130,0.631102097,0.015999716,-0.072687085,94.923679145,-2.348254239,42.945966035,51.977713109
65.266666667,25.659224771,17.599657259,-0.112773736,0.630321919,0.016063114,-0.073183540,25.651219648,17.590176959,-0.112042853,0.630583835,0.016069306,-0.073032797,94.845514877,-2.358918191,42.886376301,51.959138575
65.300000000,25.680151577,17.597801411,-0.115219021,0.629803204,0.016132338,-0.073528944,25.672156368,17.588335699,-0.114483097,0.630065247,0.016138816,-0.073378398,94.767385389,-2.369567296,42.826832510,51.940552879
65.333333333,25.701056861,17.595898577,-0.117675817,0.629284239,0.016201475,-0.073874193,25.693071612,17.586447530,-0.116934859,0.629546381,0.016208241,-0.073723857,94.689298519,-2.380200433,42.767340734,51.921957785
65.366666667,25.721940489,17.593948608,-0.120144118,0.628765075,0.016270519,-0.074219257,25.713965248,17.584512303,-0.119398133,0.629027291,0.016277578,-0.074069147,94.611262117,-2.390816471,42.707907076,51.903355041
65.400000000,25.742802326,17.591951356,-0.122623917,0.628245762,0.016339467,-0.074564106,25.734837139,17.582529870,-0.121872914,0.628508026,0.016346820,-0.074414237,94.533284039,-2.401414263,42.648537667,51.884746372
65.433333333,25.763642239,17.589906675,-0.125115206,0.627726352,0.016408312,-0.074908709,25.755687152,17.580500085,-0.124359193,0.627988638,0.016415963,-0.074759098,94.455372152,-2.411992653,42.589238666,51.866133485
65.466666667,25.784460094,17.587814419,-0.127617978,0.627206897,0.016477050,-0.075253037,25.776515152,17.578422801,-0.126856964,0.627469178,0.016485002,-0.075103698,94.377534327,-2.422550469,42.530016261,51.847518066
65.500000000,25.805255757,17.585674445,-0.130132222,0.626687447,0.016545675,-0.075597059,25.797321007,17.576297874,-0.129366217,0.626949697,0.016553932,-0.075448008,94.299778445,-2.433086530,42.470876665,51.828901780
65.533333333,25.826029096,17.583486607,-0.132657927,0.626168056,0.016614184,-0.075940744,25.818104583,17.574125159,-0.131886941,0.626430248,0.016622748,-0.075791997,94.222112390,-2.443599639,42.411826119,51.810286271
65.566666667,25.846779978,17.581250762,-0.135195082,0.625648773,0.016682571,-0.076284059,25.838865747,17.571904512,-0.134419125,0.625910882,0.016691445,-0.076135633,94.144544050,-2.454088591,42.352870889,51.791673161
65.600000000,25.867508272,17.578966769,-0.137743674,0.625129652,0.016750830,-0.076626973,25.859604367,17.569635791,-0.136962758,0.625391650,0.016760017,-0.076478884,94.067081317,-2.464552165,42.294017264,51.773064053
65.633333333,25.888213845,17.576634485,-0.140303689,0.624610744,0.016818956,-0.076969454,25.880320311,17.567318853,-0.139517825,0.624872605,0.016828460,-0.076821718,93.989732085,-2.474989131,42.235271560,51.754460526
65.666666667,25.908896567,17.574253771,-0.142875112,0.624092101,0.016886946,-0.077311469,25.901013448,17.564953559,-0.142084313,0.624353798,0.016896769,-0.077164103,93.912504249,-2.485398247,42.176640112,51.735864137
65.700000000,25.929556306,17.571824486,-0.145457927,0.623573774,0.016954792,-0.077652985,25.921683646,17.562539767,-0.144662205,0.623835282,0.016964938,-0.077506006,93.835405704,-2.495778257,42.118129281,51.717276423
65.733333333,25.950192932,17.569346492,-0.148052116,0.623055817,0.017022490,-0.077993968,25.942330774,17.560077339,-0.147251486,0.623317108,0.017032962,-0.077847393,93.758444342,-2.506127897,42.059745447,51.698698896
65.766666667,25.970806315,17.566819651,-0.150657662,0.622538281,0.017090035,-0.078334385,25.962954702,17.557566136,-0.149852137,0.622799329,0.017100835,-0.078188232,93.681628056,-2.516445889,42.001495010,51.680133046
65.800000000,25.991396325,17.564243825,-0.153274545,0.622021219,0.017157422,-0.078674202,25.983555301,17.555006020,-0.152464139,0.622281997,0.017168553,-0.078528487,93.604964735,-2.526730947,41.943384393,51.661580342
65.833333333,26.011962834,17.561618880,-0.155902744,0.621504683,0.017224644,-0.079013384,26.004132440,17.552396856,-0.155087473,0.621765164,0.017236111,-0.078868126,93.528462261,-2.536981771,41.885420033,51.643042228
65.866666667,26.032505711,17.558944680,-0.158542238,0.620988724,0.017291697,-0.079351897,26.024685991,17.549738508,-0.157722117,0.621248882,0.017303502,-0.079207113,93.452128512,-2.547197052,41.827608387,51.624520125
65.900000000,26.053024830,17.556221090,-0.161193003,0.620473396,0.017358575,-0.079689706,26.045215825,17.547030841,-0.160368049,0.620733204,0.017370721,-0.079545413,93.375971361,-2.557375471,41.769955929,51.606015432
65.933333333,26.073520061,17.553447978,-0.163855016,0.619958752,0.017425274,-0.080026774,26.065721813,17.544273721,-0.163025246,0.620218182,0.017437763,-0.079882991,93.299998670,-2.567515697,41.712469148,51.587529523
65.966666667,26.093991277,17.550625211,-0.166528251,0.619444842,0.017491786,-0.080363066,26.086203827,17.541467016,-0.165693682,0.619703869,0.017504623,-0.080219812,93.224218294,-2.577616393,41.655154546,51.569063748
66.000000000,26.114438351,17.547752658,-0.169212683,0.618931720,0.017558108,-0.080698547,26.106661741,17.538610594,-0.168373333,0.619190317,0.017571294,-0.080555839,93.148638076,-2.587676207,41.598018640,51.550619436
66.033333333,26.134861156,17.544830189,-0.171908282,0.618419439,0.017624232,-0.081033179,26.127095426,17.535704324,-0.171064171,0.618677578,0.017637772,-0.080891037,93.073265849,-2.597693781,41.541067961,51.532197888
66.066666667,26.155259566,17.541857675,-0.174615021,0.617908050,0.017690155,-0.081366926,26.147504757,17.532748077,-0.173766167,0.618165705,0.017704051,-0.081225367,92.998109432,-2.607667748,41.484309048,51.513800384
66.100000000,26.175633456,17.538834986,-0.177332869,0.617397606,0.017755870,-0.081699750,26.167889607,17.529741723,-0.176479292,0.617654750,0.017770125,-0.081558795,92.923176631,-2.617596729,41.427748452,51.495428179
66.133333333,26.195982698,17.535761996,-0.180061794,0.616888160,0.017821371,-0.082031615,26.188249850,17.526685135,-0.179203516,0.617144766,0.017835988,-0.081891281,92.848475236,-2.627479341,41.371392732,51.477082504
66.166666667,26.216307170,17.532638578,-0.182801765,0.616379763,0.017886653,-0.082362482,26.208585361,17.523578185,-0.181938806,0.616635806,0.017901636,-0.082222789,92.774013020,-2.637314188,41.315248457,51.458764564
66.200000000,26.236606745,17.529464608,-0.185552747,0.615872469,0.017951711,-0.082692314,26.228896015,17.520420749,-0.184685130,0.616127920,0.017967062,-0.082553282,92.699797740,-2.647099869,41.259322199,51.440475541
66.233333333,26.256881300,17.526239961,-0.188314705,0.615366329,0.018016538,-0.083021072,26.249181688,17.517212702,-0.187442452,0.615621163,0.018032260,-0.082882719,92.625837132,-2.656834974,41.203620540,51.422216592
66.266666667,26.277130711,17.522964514,-0.191087603,0.614861396,0.018081129,-0.083348718,26.269442255,17.513953919,-0.190210737,0.615115586,0.018097225,-0.083211064,92.552138912,-2.666518085,41.148150061,51.403988851
66.300000000,26.297354854,17.519638144,-0.193871403,0.614357723,0.018145478,-0.083675212,26.289677594,17.510644278,-0.192989947,0.614611241,0.018161951,-0.083538277,92.478710775,-2.676147780,41.092917350,51.385793425
66.333333333,26.317553608,17.516260731,-0.196666066,0.613855360,0.018209579,-0.084000516,26.309887580,17.507283658,-0.195780045,0.614108181,0.018226433,-0.083864320,92.405560391,-2.685722625,41.037928994,51.367631398
66.366666667,26.337726849,17.512832155,-0.199471551,0.613354362,0.018273427,-0.084324589,26.330072091,17.503871937,-0.198580991,0.613606458,0.018290664,-0.084189152,92.332695409,-2.695241184,40.983191582,51.349503827
66.400000000,26.357874456,17.509352297,-0.202287817,0.612854778,0.018337015,-0.084647393,26.350231005,17.500408998,-0.201392744,0.613106124,0.018354638,-0.084512735,92.260123448,-2.704702013,40.928711700,51.331411749
66.433333333,26.377996306,17.505821038,-0.205114821,0.612356662,0.018400338,-0.084968887,26.370364199,17.496894720,-0.204215261,0.612607231,0.018418350,-0.084835028,92.187852104,-2.714103662,40.874495933,51.313356171
66.466666667,26.398092280,17.502238263,-0.207952519,0.611860065,0.018463390,-0.085289031,26.390471554,17.493328987,-0.207048499,0.612109831,0.018481794,-0.085155991,92.115888940,-2.723444677,40.820550861,51.295338079
66.500000000,26.418162257,17.498603856,-0.210800864,0.611365040,0.018526166,-0.085607784,26.410552946,17.489711683,-0.209892412,0.611613975,0.018544964,-0.085475584,92.044241493,-2.732723597,40.766883060,51.277358433
66.533333333,26.438206115,17.494917702,-0.213659811,0.610871637,0.018588658,-0.085925106,26.430608258,17.486042693,-0.212746955,0.611119716,0.018607854,-0.085793767,91.972917266,-2.741938959,40.713499097,51.259418169
66.566666667,26.458223737,17.491179687,-0.216529309,0.610379908,0.018650861,-0.086240955,26.450637367,17.482321902,-0.215612079,0.610627104,0.018670457,-0.086110497,91.901923731,-2.751089292,40.660405534,51.241518197
66.600000000,26.478215001,17.487389701,-0.219409311,0.609889905,0.018712769,-0.086555291,26.470640155,17.478549198,-0.218487736,0.610136192,0.018732769,-0.086425735,91.831268325,-2.760173126,40.607608921,51.223659404
66.633333333,26.498179791,17.483547631,-0.222299763,0.609401679,0.018774376,-0.086868072,26.490616503,17.474724470,-0.221373876,0.609647031,0.018794783,-0.086739439,91.760958449,-2.769188983,40.555115796,51.205842652
66.666666667,26.518117987,17.479653368,-0.225200615,0.608915281,0.018835677,-0.087179257,26.510566291,17.470847606,-0.224270445,0.609159672,0.018856493,-0.087051567,91.691001466,-2.778135384,40.502932687,51.188068780
66.700000000,26.538029472,17.475706802,-0.228111812,0.608430762,0.018896665,-0.087488802,26.530489403,17.466918498,-0.227177392,0.608674166,0.018917892,-0.087362078,91.621404704,-2.787010849,40.451066105,51.170338599
66.733333333,26.557914129,17.471707828,-0.231033299,0.607948172,0.018957333,-0.087796668,26.550385720,17.462937038,-0.230094661,0.608190564,0.018978976,-0.087670929,91.552175448,-2.795813892,40.399522547,51.152652901
66.766666667,26.577771839,17.467656337,-0.233965018,0.607467564,0.019017677,-0.088102810,26.570255124,17.458903117,-0.233022196,0.607708917,0.019039737,-0.087978079,91.483320941,-2.804543029,40.348308491,51.135012450
66.800000000,26.597602489,17.463552225,-0.236906912,0.606988986,0.019077690,-0.088407187,26.590097500,17.454816631,-0.235959940,0.607229275,0.019100170,-0.088283485,91.414848385,-2.813196774,40.297430397,51.117417988
66.833333333,26.617405960,17.459395389,-0.239858922,0.606512489,0.019137365,-0.088709757,26.609912731,17.450677476,-0.238907835,0.606751688,0.019160268,-0.088587105,91.346764937,-2.821773637,40.246894705,51.099870232
66.866666667,26.637182139,17.455185724,-0.242820986,0.606038124,0.019196697,-0.089010476,26.629700702,17.446485547,-0.241865819,0.606276208,0.019220026,-0.088888895,91.279077707,-2.830272132,40.196707830,51.082369877
66.900000000,26.656930909,17.450923130,-0.245793042,0.605565940,0.019255680,-0.089309302,26.649461296,17.442240742,-0.244833831,0.605802883,0.019279437,-0.089188814,91.211793759,-2.838690771,40.146876166,51.064917592
66.933333333,26.676652157,17.446607507,-0.248775026,0.605095986,0.019314307,-0.089606191,26.669194400,17.437942961,-0.247811809,0.605331763,0.019338495,-0.089486818,91.144920106,-2.847028066,40.097406080,51.047514026
66.966666667,26.696345769,17.442238755,-0.251766872,0.604628313,0.019372572,-0.089901102,26.688899899,17.433592104,-0.250799687,0.604862899,0.019397194,-0.089782864,91.078463712,-2.855282532,40.048303911,51.030159802
67.000000000,26.716011631,17.437816777,-0.254768515,0.604162970,0.019430470,-0.090193989,26.708577679,17.429188072,-0.253797400,0.604396340,0.019455528,-0.090076910,91.012431489,-2.863452683,39.999575969,51.012855520
67.033333333,26.735649631,17.433341476,-0.257779886,0.603700004,0.019487993,-0.090484811,26.728227627,17.424730768,-0.256804880,0.603932133,0.019513490,-0.090368911,90.946830294,-2.871537039,39.951228534,50.995601761
67.066666667,26.755259655,17.428812756,-0.260800915,0.603239466,0.019545136,-0.090773523,26.747849629,17.420220097,-0.259822058,0.603470329,0.019571075,-0.090658825,90.881666930,-2.879534119,39.903267852,50.978399078
67.100000000,26.774841592,17.424230525,-0.263831531,0.602781403,0.019601893,-0.091060083,26.767443575,17.415655964,-0.262848863,0.603010976,0.019628276,-0.090946607,90.816948144,-2.887442446,39.855700138,50.961248005
67.133333333,26.794395331,17.419594689,-0.266871663,0.602325864,0.019658258,-0.091344446,26.787009351,17.411038274,-0.265885225,0.602554122,0.019685087,-0.091232215,90.752680621,-2.895260547,39.808531567,50.944149054
67.166666667,26.813920760,17.414905156,-0.269921235,0.601872896,0.019714223,-0.091626570,26.806546848,17.406366937,-0.268931070,0.602099815,0.019741501,-0.091515605,90.688870991,-2.902986954,39.761768277,50.927102714
67.200000000,26.833417770,17.410161837,-0.272980172,0.601422547,0.019769784,-0.091906410,26.826055953,17.401641862,-0.271986324,0.601648103,0.019797513,-0.091796733,90.625525819,-2.910620202,39.715416367,50.910109451
67.233333333,26.852886249,17.405364643,-0.276048399,0.600974864,0.019824933,-0.092183922,26.845536556,17.396862958,-0.275050909,0.601199033,0.019853116,-0.092075556,90.562651608,-2.918158832,39.669481896,50.893169712
67.266666667,26.872326089,17.400513487,-0.279125835,0.600529894,0.019879665,-0.092459064,26.864988548,17.392030139,-0.278124749,0.600752652,0.019908305,-0.092352029,90.500254797,-2.925601392,39.623970876,50.876283922
67.300000000,26.891737182,17.395608282,-0.282212403,0.600087684,0.019933974,-0.092731791,26.884411820,17.387143317,-0.281207764,0.600309008,0.019963072,-0.092626110,90.438341759,-2.932946434,39.578889276,50.859452483
67.333333333,26.911119417,17.390648944,-0.285308019,0.599648281,0.019987853,-0.093002059,26.903806262,17.382202406,-0.284299875,0.599868146,0.020017411,-0.092897754,90.376918798,-2.940192518,39.534243018,50.842675779
67.366666667,26.930472689,17.385635389,-0.288412602,0.599211729,0.020041295,-0.093269826,26.923171767,17.377207323,-0.287400998,0.599430113,0.020071317,-0.093166918,90.315992148,-2.947338211,39.490037976,50.825954172
67.400000000,26.949796888,17.380567535,-0.291526068,0.598778074,0.020094296,-0.093535047,26.942508226,17.372157984,-0.290511051,0.598994954,0.020124783,-0.093433558,90.255567975,-2.954382089,39.446279970,50.809288005
67.433333333,26.969091909,17.375445302,-0.294648330,0.598347362,0.020146848,-0.093797679,26.961815533,17.367054310,-0.293629949,0.598562715,0.020177803,-0.093697630,90.195652369,-2.961322735,39.402974770,50.792677598
67.466666667,26.988357646,17.370268611,-0.297779303,0.597919638,0.020198946,-0.094057678,26.981093581,17.361896218,-0.296757606,0.598133440,0.020230371,-0.093959091,90.136251348,-2.968158743,39.360128092,50.776123256
67.500000000,27.007593992,17.365037383,-0.300918897,0.597494945,0.020250583,-0.094315001,27.000342264,17.356683632,-0.299893933,0.597707175,0.020282480,-0.094217898,90.077370854,-2.974888713,39.317745594,50.759625260
67.533333333,27.026800842,17.359751542,-0.304067022,0.597073328,0.020301753,-0.094569605,27.019561475,17.351416473,-0.303038841,0.597283964,0.020334124,-0.094474007,90.019016750,-2.981511260,39.275832876,50.743183874
67.566666667,27.045978091,17.354411013,-0.307223588,0.596654831,0.020352450,-0.094821446,27.038751111,17.346094666,-0.306192240,0.596863849,0.020385297,-0.094727374,89.961194823,-2.988025005,39.234395479,50.726799344
67.600000000,27.065125636,17.349015723,-0.310388500,0.596239496,0.020402668,-0.095070481,27.057911066,17.340718137,-0.309354038,0.596446876,0.020435993,-0.094977957,89.903910776,-2.994428584,39.193438880,50.710471895
67.633333333,27.084243373,17.343565598,-0.313561666,0.595827367,0.020452401,-0.095316667,27.077041236,17.335286812,-0.312524142,0.596033087,0.020486206,-0.095225713,89.847170232,-3.000720643,39.152968495,50.694201736
67.666666667,27.103331198,17.338060569,-0.316742989,0.595418486,0.020501642,-0.095559962,27.096141518,17.329800620,-0.315702455,0.595622523,0.020535929,-0.095470598,89.790978729,-3.006899840,39.112989672,50.677989057
67.700000000,27.122389009,17.332500567,-0.319932373,0.595012894,0.020550386,-0.095800322,27.115211810,17.324259492,-0.318888882,0.595215228,0.020585157,-0.095712569,89.735341722,-3.012964848,39.073507692,50.661834030
67.733333333,27.141416705,17.326885522,-0.323129718,0.594610632,0.020598626,-0.096037706,27.134252007,17.318663357,-0.322083325,0.594811244,0.020633883,-0.095951586,89.680264575,-3.018914351,39.034527766,50.645736809
67.766666667,27.160414183,17.321215370,-0.326334925,0.594211743,0.020646357,-0.096272071,27.153262010,17.313012150,-0.325285685,0.594410610,0.020682101,-0.096187603,89.625752567,-3.024747049,38.996055035,50.629697532
67.800000000,27.179381343,17.315490044,-0.329547892,0.593816266,0.020693571,-0.096503374,27.172241716,17.307305804,-0.328495861,0.594013368,0.020729805,-0.096420581,89.571810886,-3.030461656,38.958094566,50.613716320
67.833333333,27.198318085,17.309709483,-0.332768517,0.593424241,0.020740264,-0.096731574,27.191191025,17.301544256,-0.331713751,0.593619558,0.020776989,-0.096650476,89.518444626,-3.036056901,38.920651350,50.597793277
67.866666667,27.217224308,17.303873623,-0.335996695,0.593035708,0.020786430,-0.096956630,27.210109836,17.295727442,-0.334939251,0.593229220,0.020823647,-0.096877247,89.465658791,-3.041531529,38.883730301,50.581928490
67.900000000,27.236099914,17.297982404,-0.339232322,0.592650705,0.020832061,-0.097178500,27.228998050,17.289855302,-0.338172258,0.592842393,0.020869773,-0.097100852,89.413458288,-3.046884301,38.847336257,50.566122031
67.933333333,27.254944804,17.292035768,-0.342475290,0.592269271,0.020877152,-0.097397142,27.247855567,17.283927776,-0.341412663,0.592459115,0.020915360,-0.097321250,89.361847928,-3.052113996,38.811473972,50.550373956
67.966666667,27.273758879,17.286033657,-0.345725490,0.591891443,0.020921698,-0.097612517,27.266682290,17.277944805,-0.344660361,0.592079425,0.020960404,-0.097538400,89.310832424,-3.057219409,38.776148119,50.534684305
68.000000000,27.292542042,17.279976015,-0.348982814,0.591517260,0.020965693,-0.097824583,27.285478121,17.271906333,-0.347915242,0.591703360,0.021004897,-0.097752262,89.260416389,-3.062199353,38.741363286,50.519053103
68.033333333,27.311294197,17.273862788,-0.352247151,0.591146757,0.021009130,-0.098033300,27.304242961,17.265812305,-0.351177195,0.591330957,0.021048834,-0.097962794,89.210604335,-3.067052660,38.707123976,50.503480360
68.066666667,27.330015246,17.267693924,-0.355518387,0.590779970,0.021052003,-0.098238629,27.322976714,17.259662667,-0.354446109,0.590962252,0.021092210,-0.098169957,89.161400673,-3.071778182,38.673434603,50.487966070
68.100000000,27.348705095,17.261469371,-0.358796410,0.590416936,0.021094308,-0.098440530,27.341679284,17.253457368,-0.357721872,0.590597282,0.021135017,-0.098373712,89.112809707,-3.076374788,38.640299492,50.472510215
68.133333333,27.367363647,17.255189079,-0.362081104,0.590057690,0.021136038,-0.098638963,27.360350575,17.247196356,-0.361004368,0.590236082,0.021177251,-0.098574018,89.064835637,-3.080841370,38.607722877,50.457112761
68.166666667,27.385990808,17.248853001,-0.365372353,0.589702264,0.021177187,-0.098833891,27.378990492,17.240879584,-0.364293482,0.589878685,0.021218906,-0.098770838,89.017482555,-3.085176838,38.575708897,50.441773659
68.200000000,27.404586484,17.242461090,-0.368670040,0.589350694,0.021217749,-0.099025274,27.397598940,17.234507003,-0.367589098,0.589525128,0.021259975,-0.098964131,88.970754445,-3.089380125,38.544261597,50.426492848
68.233333333,27.423150582,17.236013301,-0.371974046,0.589003013,0.021257720,-0.099213074,27.416175826,17.228078569,-0.370891096,0.589175442,0.021300454,-0.099153861,88.924655180,-3.093450184,38.513384928,50.411270253
68.266666667,27.441683008,17.229509592,-0.375284251,0.588659252,0.021297093,-0.099397254,27.434721056,17.221594236,-0.374199359,0.588829660,0.021340335,-0.099339988,88.879188522,-3.097385992,38.483082738,50.396105784
68.300000000,27.460183670,17.222949920,-0.378600533,0.588319444,0.021335862,-0.099577777,27.453234538,17.215053964,-0.377513764,0.588487815,0.021379615,-0.099522476,88.834358117,-3.101186546,38.453358778,50.380999340
68.333333333,27.478652477,17.216334246,-0.381922771,0.587983619,0.021374023,-0.099754606,27.471716178,17.208457710,-0.380834191,0.588149939,0.021418287,-0.099701288,88.790167502,-3.104850868,38.424216697,50.365950804
68.366666667,27.497089336,17.209662531,-0.385250840,0.587651809,0.021411570,-0.099927705,27.490165886,17.201805436,-0.384160515,0.587816061,0.021456345,-0.099876388,88.746620091,-3.108378002,38.395660041,50.350960050
68.400000000,27.515494159,17.202934739,-0.388584615,0.587324043,0.021448497,-0.100097038,27.508583571,17.195097103,-0.387492613,0.587486213,0.021493784,-0.100047739,88.703719186,-3.111767018,38.367692251,50.336026936
68.433333333,27.533866854,17.196150835,-0.391923970,0.587000350,0.021484799,-0.100262570,27.526969142,17.188332678,-0.390830359,0.587160423,0.021530599,-0.100215305,88.661467967,-3.115017008,38.340316660,50.321151307
68.466666667,27.552207333,17.189310785,-0.395268779,0.586680758,0.021520470,-0.100424266,27.545322509,17.181512124,-0.394173626,0.586838721,0.021566785,-0.100379053,88.619869495,-3.118127090,38.313536497,50.306332998
68.500000000,27.570515506,17.182414558,-0.398618912,0.586365296,0.021555505,-0.100582092,27.563643583,17.174635410,-0.397522286,0.586521134,0.021602334,-0.100538946,88.578926708,-3.121096408,38.287354877,50.291571831
68.533333333,27.588791285,17.175462123,-0.401974240,0.586053989,0.021589899,-0.100736014,27.581932275,17.167702504,-0.400876211,0.586207689,0.021637244,-0.100694953,88.538642421,-3.123924129,38.261774808,50.276867613
68.566666667,27.607034584,17.168453453,-0.405334632,0.585746866,0.021623647,-0.100885999,27.600188498,17.160713378,-0.404235270,0.585898414,0.021671507,-0.100847037,88.499019326,-3.126609449,38.236799183,50.262220143
68.600000000,27.625245314,17.161388521,-0.408699956,0.585443950,0.021656743,-0.101032015,27.618412164,17.153668003,-0.407599331,0.585593335,0.021705120,-0.100995168,88.460059987,-3.129151589,38.212430784,50.247629203
68.633333333,27.643423389,17.154267302,-0.412070081,0.585145266,0.021689183,-0.101174029,27.636603185,17.146566355,-0.410968264,0.585292475,0.021738076,-0.101139313,88.421766842,-3.131549796,38.188672274,50.233094568
68.666666667,27.661568725,17.147089773,-0.415444871,0.584850840,0.021720961,-0.101312010,27.654761477,17.139408409,-0.414341933,0.584995861,0.021770371,-0.101279440,88.384142200,-3.133803346,38.165526204,50.218615996
68.700000000,27.679681235,17.139855913,-0.418824191,0.584560693,0.021752073,-0.101445928,27.672886953,17.132194143,-0.417720206,0.584703515,0.021802000,-0.101415518,88.347188241,-3.135911540,38.142995004,50.204193237
68.733333333,27.697760835,17.132565702,-0.422207907,0.584274848,0.021782513,-0.101575752,27.690979529,17.124923536,-0.421102945,0.584415460,0.021832958,-0.101547516,88.310907014,-3.137873710,38.121080987,50.189826026
68.766666667,27.715807442,17.125219121,-0.425595880,0.583993327,0.021812276,-0.101701452,27.709039119,17.117596570,-0.424490016,0.584131718,0.021863239,-0.101675405,88.275300433,-3.139689213,38.099786345,50.175514088
68.800000000,27.733820971,17.117816156,-0.428987973,0.583716151,0.021841358,-0.101823000,27.727065641,17.110213227,-0.427881279,0.583852310,0.021892839,-0.101799155,88.240370281,-3.141357436,38.079113147,50.161257134
68.833333333,27.751801341,17.110356791,-0.432384047,0.583443339,0.021869755,-0.101940368,27.745059011,17.102773492,-0.431276598,0.583577257,0.021921753,-0.101918738,88.206118207,-3.142877795,38.059063343,50.147054864
68.866666667,27.769748470,17.102841014,-0.435783963,0.583174911,0.021897460,-0.102053528,27.763019147,17.095277352,-0.434675831,0.583306579,0.021949976,-0.102034125,88.172545721,-3.144249735,38.039638755,50.132906965
68.900000000,27.787662275,17.095268815,-0.439187579,0.582910885,0.021924471,-0.102162453,27.780945967,17.087724794,-0.438078840,0.583040294,0.021977504,-0.102145291,88.139654198,-3.145472728,38.020841084,50.118813113
68.933333333,27.805542677,17.087640183,-0.442594754,0.582651279,0.021950781,-0.102267117,27.798839389,17.080115809,-0.441485483,0.582778420,0.022004332,-0.102252207,88.107444873,-3.146546277,38.002671903,50.104772970
68.966666667,27.823389595,17.079955113,-0.446005345,0.582396110,0.021976388,-0.102367495,27.816699333,17.072450389,-0.444895618,0.582520974,0.022030455,-0.102354849,88.075918845,-3.147469917,37.985132659,50.090786186
69.000000000,27.841202949,17.072213598,-0.449419209,0.582145392,0.022001285,-0.102463561,27.834525719,17.064728528,-0.448309102,0.582267973,0.022055869,-0.102453191,88.045077068,-3.148243209,37.968224670,50.076852398
69.033333333,27.858982662,17.064415636,-0.452836202,0.581899142,0.022025470,-0.102555292,27.852318468,17.056950220,-0.451725791,0.582019432,0.022080570,-0.102547209,88.014920358,-3.148865747,37.951949128,50.062971230
69.066666667,27.876728654,17.056561224,-0.456256180,0.581657372,0.022048937,-0.102642664,27.870077501,17.049115463,-0.455145541,0.581775365,0.022104554,-0.102636878,87.985449385,-3.149337153,37.936307091,50.049142294
69.100000000,27.894440849,17.048650362,-0.459678995,0.581420097,0.022071683,-0.102725655,27.887802741,17.041224257,-0.458568206,0.581535786,0.022127815,-0.102722177,87.956664679,-3.149657081,37.921299492,50.035365187
69.133333333,27.912119168,17.040683053,-0.463104503,0.581187329,0.022093703,-0.102804243,27.905494108,17.033276602,-0.461993641,0.581300708,0.022150350,-0.102803082,87.928566621,-3.149825215,37.906927129,50.021639493
69.166666667,27.929763537,17.032659301,-0.466532556,0.580959078,0.022114994,-0.102878407,27.923151528,17.025272501,-0.465421698,0.581070142,0.022172155,-0.102879573,87.901155451,-3.149841270,37.893190669,50.007964782
69.200000000,27.947373879,17.024579111,-0.469963006,0.580735356,0.022135551,-0.102948127,27.940774924,17.017211960,-0.468852230,0.580844100,0.022193225,-0.102951628,87.874431258,-3.149704991,37.880090646,49.994340611
69.233333333,27.964950120,17.016442491,-0.473395704,0.580516172,0.022155370,-0.103013383,27.958364219,17.009094984,-0.472285089,0.580622592,0.022213557,-0.103019229,87.848393985,-3.149416155,37.867627464,49.980766521
69.266666667,27.982492184,17.008249450,-0.476830502,0.580301534,0.022174448,-0.103074156,27.975919341,17.000921582,-0.475720126,0.580405626,0.022233147,-0.103082355,87.823043427,-3.148974664,37.855801206,49.967242221
69.300000000,28.000000000,17.000000000,-0.480267249,0.580091451,0.022192781,-0.103130429,27.993440214,16.992691764,-0.479157191,0.580193211,0.022251991,-0.103140988,87.798379230,-3.148382947,37.844607025,49.953772205
69.333333333,28.017473493,16.991694154,-0.483705796,0.579885929,0.022210366,-0.103182196,28.010926764,16.984405544,-0.482596135,0.579985355,0.022270086,-0.103195117,87.774400931,-3.147655025,37.834017726,49.940383205
69.366666667,28.034912591,16.983331928,-0.487145994,0.579684974,0.022227199,-0.103229492,28.028378920,16.976062935,-0.486036808,0.579782062,0.022287427,-0.103244755,87.751108056,-3.146805746,37.824004517,49.927103539
69.400000000,28.052317223,16.974913338,-0.490587693,0.579488590,0.022243277,-0.103272364,28.045796609,16.967663953,-0.489479060,0.579583339,0.022304013,-0.103289944,87.728500044,-3.145837831,37.814561885,49.913938159
69.433333333,28.069687318,16.966438404,-0.494030747,0.579296783,0.022258600,-0.103310853,28.063179759,16.959208616,-0.492922745,0.579389191,0.022319840,-0.103330727,87.706576207,-3.144751166,37.805689708,49.900886499
69.466666667,28.087022805,16.957907147,-0.497475010,0.579109554,0.022273166,-0.103344999,28.080528301,16.950696945,-0.496367715,0.579199621,0.022334908,-0.103367145,87.685335736,-3.143545755,37.797387570,49.887948166
69.500000000,28.104323615,16.949319589,-0.500920340,0.578926907,0.022286973,-0.103374837,28.097842162,16.942128961,-0.499813827,0.579014631,0.022349216,-0.103399236,87.664777696,-3.142221712,37.789654786,49.875122910
69.533333333,28.121589678,16.940675756,-0.504366591,0.578748843,0.022300024,-0.103400404,28.115121274,16.933504688,-0.503260936,0.578834223,0.022362762,-0.103427035,87.644901031,-3.140779250,37.782490419,49.862410612
69.566666667,28.138820927,16.931975674,-0.507813623,0.578575362,0.022312316,-0.103421730,28.132365569,16.924824152,-0.506708900,0.578658400,0.022375548,-0.103450576,87.625704562,-3.139218670,37.775893301,49.849811261
69.600000000,28.156017293,16.923219371,-0.511261295,0.578406464,0.022323852,-0.103438849,28.149574977,16.916087380,-0.510157577,0.578487160,0.022387574,-0.103469892,87.607186989,-3.137540351,37.769862049,49.837324940
69.633333333,28.173178710,16.914406878,-0.514709468,0.578242148,0.022334632,-0.103451790,28.166749432,16.907294401,-0.513606828,0.578320503,0.022398840,-0.103485013,87.589346893,-3.135744749,37.764395083,49.824951810
69.666666667,28.190305111,16.905538227,-0.518158001,0.578082412,0.022344657,-0.103460583,28.183888865,16.898445247,-0.517056513,0.578158427,0.022409349,-0.103495970,87.572182733,-3.133832383,37.759490630,49.812692103
69.700000000,28.207396430,16.896613452,-0.521606758,0.577927253,0.022353930,-0.103465256,28.200993212,16.889539951,-0.520506493,0.578000930,0.022419100,-0.103502790,87.555692852,-3.131803833,37.755146748,49.800546104
69.733333333,28.224452602,16.887632589,-0.525055602,0.577776667,0.022362452,-0.103465837,28.218062406,16.880578548,-0.523956631,0.577848009,0.022428096,-0.103505503,87.539875472,-3.129659734,37.751361324,49.788514147
69.766666667,28.241473562,16.878595676,-0.528504396,0.577630650,0.022370225,-0.103462354,28.235096382,16.871561074,-0.527406791,0.577699660,0.022436340,-0.103504137,87.524728700,-3.127400773,37.748132094,49.776596606
69.800000000,28.258459247,16.869502752,-0.531953006,0.577489197,0.022377252,-0.103454833,28.252095076,16.862487568,-0.530856838,0.577555877,0.022443833,-0.103498718,87.510250526,-3.125027682,37.745456644,49.764793882
69.833333333,28.275409594,16.860353858,-0.535401298,0.577352300,0.022383536,-0.103443303,28.269058424,16.853358071,-0.534306636,0.577416655,0.022450578,-0.103489274,87.496438826,-3.122541236,37.743332421,49.753106405
69.866666667,28.292324538,16.851149038,-0.538849138,0.577219954,0.022389078,-0.103427789,28.285986363,16.844172625,-0.537756052,0.577281987,0.022456577,-0.103475831,87.483291358,-3.119942249,37.741756738,49.741534620
69.900000000,28.309204020,16.841888337,-0.542296394,0.577092150,0.022393882,-0.103408319,28.302878829,16.834931273,-0.541204952,0.577151867,0.022461834,-0.103458416,87.470805770,-3.117231573,37.740726783,49.730078987
69.933333333,28.326047976,16.832571802,-0.545742935,0.576968880,0.022397952,-0.103384918,28.319735763,16.825634061,-0.544653206,0.577026284,0.022466351,-0.103437057,87.458979595,-3.114410092,37.740239621,49.718739974
69.966666667,28.342856347,16.823199480,-0.549188630,0.576850134,0.022401290,-0.103357615,28.336557101,16.816281038,-0.548100682,0.576905232,0.022470132,-0.103411779,87.447810256,-3.111478721,37.740292202,49.707518053
70.000000000,28.359629071,16.813771423,-0.552633350,0.576735902,0.022403899,-0.103326435,28.353342783,16.806872252,-0.551547250,0.576788699,0.022473179,-0.103382610,87.437295063,-3.108438407,37.740881364,49.696413698
70.033333333,28.376366091,16.804287682,-0.556076965,0.576626173,0.022405784,-0.103291407,28.370092750,16.797407755,-0.554992781,0.576676675,0.022475497,-0.103349577,87.427431217,-3.105290121,37.742003837,49.685427380
70.066666667,28.393067345,16.794748311,-0.559519348,0.576520935,0.022406947,-0.103252557,28.386806941,16.787887599,-0.558437146,0.576569148,0.022477088,-0.103312707,87.418215812,-3.102034862,37.743656249,49.674559563
70.100000000,28.409732777,16.785153365,-0.562960372,0.576420175,0.022407393,-0.103209913,28.403485299,16.778311839,-0.561880217,0.576466107,0.022477957,-0.103272028,87.409645832,-3.098673650,37.745835127,49.663810704
70.133333333,28.426362328,16.775502903,-0.566399911,0.576323881,0.022407125,-0.103163503,28.420127763,16.768680532,-0.565321869,0.576367538,0.022478107,-0.103227567,87.401718154,-3.095207530,37.748536903,49.653181251
70.166666667,28.442955940,16.765796982,-0.569837839,0.576232037,0.022406148,-0.103113355,28.436734278,16.758993736,-0.568761976,0.576273428,0.022477543,-0.103179352,87.394429549,-3.091637568,37.751757914,49.642671635
70.200000000,28.459513559,16.756035664,-0.573274034,0.576144628,0.022404465,-0.103059498,28.453304785,16.749251510,-0.572200413,0.576183761,0.022476267,-0.103127412,87.387776686,-3.087964846,37.755494407,49.632282278
70.233333333,28.476035126,16.746219012,-0.576708371,0.576061640,0.022402080,-0.103001961,28.469839229,16.739453916,-0.575637057,0.576098523,0.022474285,-0.103071776,87.381756126,-3.084190470,37.759742544,49.622013582
70.266666667,28.492520588,16.736347088,-0.580140729,0.575983055,0.022398998,-0.102940772,28.486337552,16.729601017,-0.579071784,0.576017697,0.022471600,-0.103012472,87.376364331,-3.080315559,37.764498399,49.611865932
70.300000000,28.508969889,16.726419960,-0.583570985,0.575908856,0.022395222,-0.102875963,28.502799701,16.719692879,-0.582504473,0.575941266,0.022468216,-0.102949530,87.371597659,-3.076341250,37.769757964,49.601839694
70.333333333,28.525382974,16.716437695,-0.586999021,0.575839026,0.022390758,-0.102807561,28.519225620,16.709729568,-0.585935003,0.575869214,0.022464138,-0.102882980,87.367452368,-3.072268696,37.775517154,49.591935215
70.366666667,28.541759791,16.706400362,-0.590424717,0.575773545,0.022385609,-0.102735598,28.535615256,16.699711152,-0.589363255,0.575801521,0.022459371,-0.102812852,87.363924618,-3.068099064,37.781771801,49.582152817
70.400000000,28.558100286,16.696308032,-0.593847954,0.575712394,0.022379781,-0.102660105,28.551968554,16.689637702,-0.592789109,0.575738168,0.022453918,-0.102739177,87.361010469,-3.063833536,37.788517666,49.572492803
70.433333333,28.574404407,16.686160778,-0.597268616,0.575655552,0.022373277,-0.102581113,28.568285461,16.679509290,-0.596212448,0.575679136,0.022447785,-0.102661984,87.358705884,-3.059473304,37.795750434,49.562955450
70.466666667,28.590672101,16.675958673,-0.600686586,0.575603000,0.022366102,-0.102498652,28.584565926,16.669325988,-0.599633156,0.575624404,0.022440975,-0.102581307,87.357006732,-3.055019576,37.803465720,49.553541012
70.500000000,28.606903318,16.665701794,-0.604101750,0.575554715,0.022358261,-0.102412756,28.600809896,16.659087872,-0.603051116,0.575573951,0.022433494,-0.102497176,87.355908784,-3.050473569,37.811659067,49.544249717
70.533333333,28.623098006,16.655390219,-0.607513992,0.575510675,0.022349759,-0.102323456,28.617017320,16.648795018,-0.606466214,0.575527755,0.022425346,-0.102409623,87.355407721,-3.045836512,37.820325953,49.535081768
70.566666667,28.639256115,16.645024026,-0.610923201,0.575470857,0.022340601,-0.102230785,28.633188147,16.638447506,-0.609878336,0.575485793,0.022416536,-0.102318681,87.355499128,-3.041109643,37.829461788,49.526037339
70.600000000,28.655377596,16.634603297,-0.614329265,0.575435238,0.022330791,-0.102134775,28.649322328,16.628045414,-0.613287371,0.575448041,0.022407069,-0.102224383,87.356178501,-3.036294212,37.839061920,49.517116581
70.633333333,28.671462399,16.624128113,-0.617732073,0.575403792,0.022320334,-0.102035461,28.665419812,16.617588825,-0.616693207,0.575414476,0.022396950,-0.102126761,87.357441245,-3.031391475,37.849121633,49.508319612
70.666666667,28.687510477,16.613598560,-0.621131515,0.575376495,0.022309235,-0.101932875,28.681480550,16.607077822,-0.620095733,0.575385074,0.022386184,-0.102025850,87.359282678,-3.026402698,37.859636151,49.499646527
70.700000000,28.703521779,16.603014722,-0.624527482,0.575353321,0.022297500,-0.101827052,28.697504495,16.596512490,-0.623494840,0.575359808,0.022374775,-0.101921682,87.361698028,-3.021329154,37.870600640,49.491097388
70.733333333,28.719496261,16.592376687,-0.627919868,0.575334243,0.022285133,-0.101718026,28.713491598,16.585892915,-0.626890421,0.575338652,0.022362729,-0.101814293,87.364682437,-3.016172126,37.882010208,49.482672229
70.766666667,28.735433874,16.581684543,-0.631308567,0.575319236,0.022272140,-0.101605832,28.729441812,16.575219185,-0.630282369,0.575321580,0.022350052,-0.101703717,87.368230964,-3.010932899,37.893859908,49.474371057
70.800000000,28.751334571,16.570938382,-0.634693472,0.575308270,0.022258525,-0.101490505,28.745355090,16.564491390,-0.633670578,0.575308565,0.022336747,-0.101589988,87.372338583,-3.005612767,37.906144739,49.466193844
70.833333333,28.767198308,16.560138295,-0.638074481,0.575301318,0.022244294,-0.101372079,28.761231386,16.553709621,-0.637054943,0.575299578,0.022322820,-0.101473142,87.377000183,-3.000213031,37.918859647,49.458140537
70.866666667,28.783025040,16.549284376,-0.641451491,0.575298350,0.022229452,-0.101250592,28.777070653,16.542873972,-0.640435362,0.575294591,0.022308277,-0.101353213,87.382210576,-2.994734995,37.931999529,49.450211047
70.900000000,28.798814720,16.538376720,-0.644824400,0.575299338,0.022214005,-0.101126078,28.792872848,16.531984535,-0.643811731,0.575293575,0.022293123,-0.101230239,87.387964492,-2.989179967,37.945559232,49.442405260
70.933333333,28.814567305,16.527415423,-0.648193109,0.575304250,0.022197958,-0.100998573,28.808637924,16.521041408,-0.647183951,0.575296499,0.022277364,-0.101104255,87.394256581,-2.983549262,37.959533557,49.434723025
70.966666667,28.830282752,16.516400584,-0.651557517,0.575313057,0.022181315,-0.100868115,28.824365838,16.510044688,-0.650551922,0.575303334,0.022261003,-0.100975297,87.401081418,-2.977844196,37.973917256,49.427164162
71.000000000,28.845961016,16.505332303,-0.654917527,0.575325726,0.022164084,-0.100734739,28.840056547,16.498994474,-0.653915544,0.575314047,0.022244048,-0.100843402,87.408433500,-2.972066090,37.988705039,49.419728461
71.033333333,28.861602056,16.494210681,-0.658273043,0.575342226,0.022146268,-0.100598483,28.855710008,16.487890866,-0.657274721,0.575328608,0.022226503,-0.100708606,87.416307250,-2.966216267,38.003891573,49.412415677
71.066666667,28.877205830,16.483035821,-0.661623968,0.575362524,0.022127874,-0.100459384,28.871326177,16.476733966,-0.660629356,0.575346985,0.022208375,-0.100570947,87.424697018,-2.960296053,38.019471483,49.405225534
71.100000000,28.892772295,16.471807826,-0.664970210,0.575386588,0.022108907,-0.100317479,28.886905012,16.465523878,-0.663979355,0.575369143,0.022189667,-0.100430461,87.433597080,-2.954306776,38.035439356,49.398157725
71.133333333,28.908301411,16.460526804,-0.668311675,0.575414383,0.022089372,-0.100172806,28.902446474,16.454260708,-0.667324625,0.575395051,0.022170387,-0.100287187,87.443001644,-2.948249764,38.051789737,49.391211908
71.166666667,28.923793138,16.449192861,-0.671648271,0.575445875,0.022069276,-0.100025402,28.917950519,16.442944561,-0.670665072,0.575424674,0.022150539,-0.100141162,87.452904847,-2.942126349,38.068517137,49.384387710
71.200000000,28.939247434,16.437806106,-0.674979908,0.575481030,0.022048624,-0.099875306,28.933417108,16.431575547,-0.674000607,0.575457977,0.022130130,-0.099992424,87.463300756,-2.935937861,38.085616031,49.377684725
71.233333333,28.954664261,16.426366649,-0.678306497,0.575519811,0.022027421,-0.099722556,28.948846201,16.420153773,-0.677331138,0.575494926,0.022109165,-0.099841010,87.474183374,-2.929685630,38.103080860,49.371102515
71.266666667,28.970043579,16.414874602,-0.681627950,0.575562185,0.022005674,-0.099567189,28.964237759,16.408679353,-0.680656577,0.575535485,0.022087649,-0.099686960,87.485546638,-2.923370990,38.120906031,49.364640607
71.300000000,28.985385351,16.403330079,-0.684944181,0.575608113,0.021983387,-0.099409245,28.979591742,16.397152397,-0.683976838,0.575579617,0.022065589,-0.099530312,87.497384419,-2.916995269,38.139085923,49.358298496
71.333333333,29.000689537,16.391733194,-0.688255104,0.575657559,0.021960567,-0.099248762,28.994908112,16.385573020,-0.687291835,0.575627287,0.022042989,-0.099371104,87.509690527,-2.910559798,38.157614883,49.352075645
71.366666667,29.015956101,16.380084063,-0.691560636,0.575710486,0.021937219,-0.099085779,29.010186831,16.373941338,-0.690601482,0.575678458,0.022019857,-0.099209374,87.522458710,-2.904065906,38.176487229,49.345971481
71.400000000,29.031185006,16.368382803,-0.694860693,0.575766856,0.021913350,-0.098920334,29.025427862,16.362257467,-0.693905696,0.575733090,0.021996197,-0.099045162,87.535682656,-2.897514919,38.195697253,49.339985402
71.433333333,29.046376214,16.356629535,-0.698155194,0.575826631,0.021888964,-0.098752467,29.040631168,16.350521526,-0.697204395,0.575791148,0.021972016,-0.098878506,87.549355992,-2.890908162,38.215239223,49.334116769
71.466666667,29.061529690,16.344824377,-0.701444059,0.575889772,0.021864069,-0.098582217,29.055796712,16.338733635,-0.700497498,0.575852591,0.021947319,-0.098709447,87.563472292,-2.884246959,38.235107380,49.328364912
71.500000000,29.076645398,16.332967453,-0.704727210,0.575956239,0.021838669,-0.098409622,29.070924459,16.326893914,-0.703784927,0.575917381,0.021922113,-0.098538021,87.578025070,-2.877532628,38.255295943,49.322729127
71.533333333,29.091723304,16.321058884,-0.708004568,0.576025993,0.021812770,-0.098234723,29.086014372,16.315002486,-0.707066602,0.575985479,0.021896402,-0.098364270,87.593007786,-2.870766487,38.275799110,49.317208676
71.566666667,29.106763372,16.309098797,-0.711276058,0.576098994,0.021786379,-0.098057558,29.101066417,16.303059476,-0.710342447,0.576056844,0.021870193,-0.098188232,87.608413849,-2.863949850,38.296611059,49.311802790
71.600000000,29.121765569,16.297087317,-0.714541605,0.576175201,0.021759501,-0.097878166,29.116080560,16.291065008,-0.713612386,0.576131436,0.021843493,-0.098009946,87.624236613,-2.857084027,38.317725947,49.306510665
71.633333333,29.136729860,16.285024571,-0.717801136,0.576254574,0.021732143,-0.097696588,29.131056766,16.279019210,-0.716876345,0.576209215,0.021816306,-0.097829451,87.640469381,-2.850170323,38.339137916,49.301331465
71.666666667,29.151656213,16.272910688,-0.721054577,0.576337070,0.021704309,-0.097512862,29.145995002,16.266922210,-0.720134251,0.576290139,0.021788638,-0.097646789,87.657105411,-2.843210040,38.360841090,49.296264321
71.700000000,29.166544595,16.260745799,-0.724301859,0.576422648,0.021676007,-0.097327028,29.160895234,16.254774137,-0.723386032,0.576374166,0.021760497,-0.097461996,87.674137907,-2.836204476,38.382829577,49.291308330
71.733333333,29.181394974,16.248530034,-0.727542911,0.576511265,0.021647242,-0.097139125,29.175757431,16.242575121,-0.726631619,0.576461255,0.021731887,-0.097275114,87.691560031,-2.829154922,38.405097472,49.286462558
71.766666667,29.196207318,16.236263527,-0.730777665,0.576602880,0.021618019,-0.096949193,29.190581560,16.230325297,-0.729870941,0.576551363,0.021702815,-0.097086181,87.709364896,-2.822062667,38.427638858,49.281726038
71.800000000,29.210981595,16.223946413,-0.734006055,0.576697448,0.021588346,-0.096757271,29.205367589,16.218024796,-0.733103932,0.576644447,0.021673286,-0.096895238,87.727545574,-2.814928990,38.450447806,49.277097769
71.833333333,29.225717775,16.211578826,-0.737228014,0.576794928,0.021558227,-0.096563398,29.220115487,16.205673755,-0.736330525,0.576740464,0.021643308,-0.096702322,87.746095093,-2.807755170,38.473518374,49.272576719
71.866666667,29.240415828,16.199160903,-0.740443478,0.576895274,0.021527670,-0.096367615,29.234825224,16.193272309,-0.739550655,0.576839370,0.021612884,-0.096507475,87.765006439,-2.800542474,38.496844616,49.268161823
71.900000000,29.255075723,16.186692783,-0.743652384,0.576998443,0.021496679,-0.096169960,29.249496769,16.180820595,-0.742764259,0.576941122,0.021582023,-0.096310734,87.784272559,-2.793292167,38.520420573,49.263851986
71.933333333,29.269697431,16.174174605,-0.746854671,0.577104390,0.021465261,-0.095970472,29.264130092,16.168318754,-0.745971273,0.577045676,0.021550729,-0.096112140,87.803886359,-2.786005507,38.544240281,49.259646078
71.966666667,29.284280924,16.161606511,-0.750050279,0.577213071,0.021433423,-0.095769191,29.278725164,16.155766925,-0.749171636,0.577152986,0.021519009,-0.095911732,87.823840711,-2.778683744,38.568297771,49.255542940
72.000000000,29.298826171,16.148988641,-0.753239146,0.577324441,0.021401169,-0.095566157,29.293281956,16.143165250,-0.752365290,0.577263007,0.021486869,-0.095709549,87.844128448,-2.771328121,38.592587068,49.251541380
72.033333333,29.313333146,16.136321140,-0.756421218,0.577438453,0.021368505,-0.095361407,29.307800439,16.130513871,-0.755552174,0.577375695,0.021454314,-0.095505630,87.864742370,-2.763939875,38.617102194,49.247640176
72.066666667,29.327801820,16.123604153,-0.759596435,0.577555063,0.021335439,-0.095154981,29.322280586,16.117812933,-0.758732233,0.577491004,0.021421351,-0.095300014,87.885675241,-2.756520235,38.641837169,49.243838072
72.100000000,29.342232167,16.110837825,-0.762764744,0.577674224,0.021301976,-0.094946919,29.336722369,16.105062581,-0.761905411,0.577608888,0.021387986,-0.095092740,87.906919795,-2.749070422,38.666786009,49.240133786
72.133333333,29.356624159,16.098022303,-0.765926091,0.577795891,0.021268121,-0.094737258,29.351125760,16.092262962,-0.765071651,0.577729301,0.021354225,-0.094883847,87.928468734,-2.741591650,38.691942733,49.236526001
72.166666667,29.370977770,16.085157737,-0.769080423,0.577920015,0.021233882,-0.094526037,29.365490734,16.079414224,-0.768230903,0.577852197,0.021320074,-0.094673374,87.950314731,-2.734085124,38.717301358,49.233013373
72.200000000,29.385292974,16.072244275,-0.772227688,0.578046552,0.021199263,-0.094313296,29.379817263,16.066516516,-0.771383112,0.577977527,0.021285539,-0.094461359,87.972450429,-2.726552041,38.742855904,49.229594525
72.233333333,29.399569745,16.059282070,-0.775367836,0.578175452,0.021164271,-0.094099072,29.394105322,16.053569989,-0.774528229,0.578105247,0.021250625,-0.094247841,87.994868445,-2.718993592,38.768600392,49.226268053
72.266666667,29.413808059,16.046271272,-0.778500819,0.578306670,0.021128912,-0.093883403,29.408354885,16.040574794,-0.777666204,0.578235308,0.021215340,-0.094032859,88.017561370,-2.711410955,38.794528849,49.223032522
72.300000000,29.428007891,16.033212036,-0.781626590,0.578440157,0.021093192,-0.093666329,29.422565928,16.027531084,-0.780796989,0.578367663,0.021179689,-0.093816450,88.040521770,-2.703805303,38.820635302,49.219886468
72.333333333,29.442169216,16.020104516,-0.784745101,0.578575866,0.021057117,-0.093447887,29.436738425,16.014439013,-0.783920537,0.578502264,0.021143677,-0.093598652,88.063742187,-2.696177798,38.846913789,49.216828398
72.366666667,29.456292010,16.006948868,-0.787856309,0.578713748,0.021020692,-0.093228114,29.450872353,16.001298738,-0.787036802,0.578639063,0.021107312,-0.093379504,88.087215142,-2.688529595,38.873358350,49.213856792
72.400000000,29.470376251,15.993745249,-0.790960168,0.578853756,0.020983924,-0.093007049,29.464967688,15.988110413,-0.790145740,0.578778012,0.021070598,-0.093159044,88.110933134,-2.680861837,38.899963034,49.210970100
72.433333333,29.484421915,15.980493817,-0.794056638,0.578995840,0.020946819,-0.092784728,29.479024407,15.974874198,-0.793247309,0.578919062,0.021033542,-0.092937308,88.134888642,-2.673175660,38.926721898,49.208166744
72.466666667,29.498428979,15.967194733,-0.797145676,0.579139952,0.020909382,-0.092561190,29.493042486,15.961590251,-0.796341465,0.579062166,0.020996151,-0.092714335,88.159074127,-2.665472190,38.953629006,49.205445121
72.500000000,29.512397421,15.953848156,-0.800227243,0.579286043,0.020871620,-0.092336472,29.507021903,15.948258732,-0.799428168,0.579207273,0.020958429,-0.092490162,88.183482032,-2.657752542,38.980678435,49.202803597
72.533333333,29.526327219,15.940454248,-0.803301300,0.579434064,0.020833538,-0.092110610,29.520962636,15.934879803,-0.802507380,0.579354336,0.020920383,-0.092264825,88.208104785,-2.650017824,39.007864270,49.200240515
72.566666667,29.540218353,15.927013173,-0.806367809,0.579583965,0.020795143,-0.091883641,29.534864663,15.921453625,-0.805579061,0.579503304,0.020882018,-0.092038361,88.232934797,-2.642269131,39.035180608,49.197754189
72.600000000,29.554070800,15.913525095,-0.809426735,0.579735698,0.020756439,-0.091655602,29.548727964,15.907980364,-0.808643175,0.579654130,0.020843341,-0.091810808,88.257964467,-2.634507551,39.062621559,49.195342908
72.633333333,29.567884540,15.899990178,-0.812478041,0.579889213,0.020717434,-0.091426528,29.562552516,15.894460183,-0.811699686,0.579806762,0.020804358,-0.091582202,88.283186180,-2.626734160,39.090181245,49.193004936
72.666666667,29.581659554,15.886408589,-0.815521695,0.580044459,0.020678132,-0.091196457,29.576338300,15.880893249,-0.814748560,0.579961151,0.020765074,-0.091352579,88.308592310,-2.618950024,39.117853801,49.190738509
72.700000000,29.595395820,15.872780496,-0.818557664,0.580201387,0.020638541,-0.090965424,29.590085295,15.867279729,-0.817789764,0.580117248,0.020725495,-0.091121974,88.334175221,-2.611156200,39.145633379,49.188541842
72.733333333,29.609093320,15.859106067,-0.821585915,0.580359947,0.020598664,-0.090733465,29.603793482,15.853619791,-0.820823264,0.580275002,0.020685628,-0.090890424,88.359927266,-2.603353734,39.173514144,49.186413122
72.766666667,29.622752035,15.845385473,-0.824606420,0.580520089,0.020558509,-0.090500615,29.617462841,15.839913603,-0.823849031,0.580434364,0.020645477,-0.090657965,88.385840792,-2.595543662,39.201490277,49.184350515
72.800000000,29.636371945,15.831618884,-0.827619148,0.580681762,0.020518081,-0.090266910,29.631093353,15.826161338,-0.826867035,0.580595283,0.020605049,-0.090424632,88.411908137,-2.587727008,39.229555976,49.182352161
72.833333333,29.649953033,15.817806472,-0.830624072,0.580844917,0.020477386,-0.090032384,29.644685000,15.812363166,-0.829877247,0.580757708,0.020564350,-0.090190459,88.438121635,-2.579904788,39.257705456,49.180416179
72.866666667,29.663495280,15.803948410,-0.833621165,0.581009502,0.020436430,-0.089797072,29.658237764,15.798519260,-0.832879639,0.580921591,0.020523385,-0.089955482,88.464473612,-2.572078005,39.285932950,49.178540662
72.900000000,29.676998669,15.790044872,-0.836610402,0.581175467,0.020395217,-0.089561008,29.671751626,15.784629794,-0.835874186,0.581086879,0.020482160,-0.089719735,88.490956395,-2.564247653,39.314232711,49.176723684
72.933333333,29.690463183,15.776096034,-0.839591757,0.581342762,0.020353755,-0.089324228,29.685226570,15.770694942,-0.838860863,0.581253522,0.020440681,-0.089483253,88.517562303,-2.556414715,39.342599007,49.174963295
72.966666667,29.703888804,15.762102072,-0.842565209,0.581511335,0.020312048,-0.089086764,29.698662578,15.756714881,-0.841839645,0.581421470,0.020398953,-0.089246070,88.544283657,-2.548580163,39.371026131,49.173257526
73.000000000,29.717275517,15.748063164,-0.845530733,0.581681136,0.020270102,-0.088848651,29.712059633,15.742689787,-0.844810509,0.581590672,0.020356983,-0.089008220,88.571112776,-2.540744958,39.399508392,49.171604384
73.033333333,29.730623305,15.733979487,-0.848488310,0.581852113,0.020227924,-0.088609922,29.725417719,15.728619839,-0.847773435,0.581761076,0.020314775,-0.088769735,88.598041979,-2.532910051,39.428040122,49.170001857
73.066666667,29.743932152,15.719851221,-0.851437920,0.582024217,0.020185518,-0.088370610,29.738736820,15.714505216,-0.850728401,0.581932633,0.020272336,-0.088530650,88.625063588,-2.525076382,39.456615675,49.168447913
73.100000000,29.757202043,15.705678547,-0.854379543,0.582197396,0.020142890,-0.088130748,29.752016921,15.700346097,-0.853675388,0.582105290,0.020229671,-0.088290998,88.652169926,-2.517244880,39.485229425,49.166940501
73.133333333,29.770432963,15.691461647,-0.857313161,0.582371599,0.020100045,-0.087890368,29.765258006,15.686142664,-0.856614377,0.582278998,0.020186786,-0.088050812,88.679353320,-2.509416463,39.513875770,49.165477550
73.166666667,29.783624897,15.677200702,-0.860238759,0.582546775,0.020056990,-0.087649504,29.778460060,15.671895099,-0.859545352,0.582453705,0.020143686,-0.087810123,88.706606100,-2.501592038,39.542549130,49.164056970
73.200000000,29.796777831,15.662895896,-0.863156320,0.582722872,0.020013729,-0.087408187,29.791623068,15.657603586,-0.862468296,0.582629359,0.020100377,-0.087568964,88.733920605,-2.493772503,39.571243951,49.162676655
73.233333333,29.809891751,15.648547415,-0.866065830,0.582899840,0.019970268,-0.087166449,29.804747017,15.643268308,-0.865383194,0.582805910,0.020056864,-0.087327368,88.761289177,-2.485958742,39.599954699,49.161334478
73.266666667,29.822966642,15.634155443,-0.868967275,0.583077628,0.019926613,-0.086924321,29.817831893,15.628889451,-0.868290032,0.582983307,0.020013153,-0.087085365,88.788704166,-2.478151631,39.628675869,49.160028297
73.300000000,29.836002492,15.619720168,-0.871860644,0.583256185,0.019882769,-0.086681834,29.830877681,15.614467200,-0.871188797,0.583161499,0.019969249,-0.086842987,88.816157932,-2.470352034,39.657401978,49.158755954
73.333333333,29.848999288,15.605241776,-0.874745923,0.583435458,0.019838741,-0.086439021,29.843884369,15.600001744,-0.874079477,0.583340434,0.019925158,-0.086600266,88.843642842,-2.462560803,39.686127568,49.157515274
73.366666667,29.861957017,15.590720456,-0.877623104,0.583615398,0.019794535,-0.086195910,29.856851944,15.585493270,-0.876962061,0.583520061,0.019880885,-0.086357231,88.871151275,-2.454778782,39.714847210,49.156304065
73.400000000,29.874875666,15.576156398,-0.880492176,0.583795954,0.019750155,-0.085952533,29.869780394,15.570941968,-0.879836539,0.583700329,0.019836435,-0.086113914,88.898675620,-2.447006802,39.743555499,49.155120122
73.433333333,29.887755223,15.561549792,-0.883353132,0.583977073,0.019705608,-0.085708920,29.882669706,15.556348027,-0.882702903,0.583881188,0.019791814,-0.085870345,88.926208278,-2.439245684,39.772247055,49.153961223
73.466666667,29.900595678,15.546900829,-0.886205963,0.584158705,0.019660899,-0.085465100,29.895519867,15.541711639,-0.885561143,0.584062585,0.019747027,-0.085626554,88.953741664,-2.431496237,39.800916529,49.152825135
73.500000000,29.913397018,15.532209702,-0.889050665,0.584340799,0.019616032,-0.085221103,29.908330868,15.527032996,-0.888411254,0.584244471,0.019702080,-0.085382570,88.981268205,-2.423759263,39.829558597,49.151709607
73.533333333,29.926159232,15.517476605,-0.891887230,0.584523305,0.019571014,-0.084976959,29.921102696,15.512312290,-0.891253230,0.584426793,0.019656977,-0.085138423,89.008780343,-2.416035548,39.858167964,49.150612380
73.566666667,29.938882310,15.502701731,-0.894715655,0.584706171,0.019525848,-0.084732695,29.933835341,15.497549715,-0.894087065,0.584609502,0.019611725,-0.084894141,89.036270538,-2.408325872,39.886739360,49.149531178
73.600000000,29.951566241,15.487885275,-0.897535936,0.584889345,0.019480541,-0.084488340,29.946528792,15.482745467,-0.896912755,0.584792546,0.019566327,-0.084649754,89.063731263,-2.400631003,39.915267549,49.148463714
73.633333333,29.964211015,15.473027433,-0.900348071,0.585072779,0.019435097,-0.084243923,29.959183038,15.467899740,-0.899730298,0.584975874,0.019520789,-0.084405290,89.091155009,-2.392951697,39.943747318,49.147407691
73.666666667,29.976816622,15.458128403,-0.903152058,0.585256420,0.019389522,-0.083999472,29.971798070,15.453012733,-0.902539691,0.585159436,0.019475117,-0.084160777,89.118534286,-2.385288701,39.972173487,49.146360799
73.700000000,29.989383053,15.443188382,-0.905947896,0.585440218,0.019343821,-0.083755015,29.984373879,15.438084641,-0.905340934,0.585343181,0.019429315,-0.083916242,89.145861623,-2.377642752,40.000540905,49.145320718
73.733333333,30.001910298,15.428207569,-0.908735586,0.585624123,0.019297998,-0.083510578,29.996910454,15.423115664,-0.908134025,0.585527057,0.019383388,-0.083671714,89.173129567,-2.370014574,40.028844448,49.144285119
73.766666667,30.014398349,15.413186163,-0.911515128,0.585808084,0.019252058,-0.083266189,30.009407787,15.408106000,-0.910918967,0.585711016,0.019337342,-0.083427220,89.200330686,-2.362404885,40.057079026,49.143251660
73.800000000,30.026847197,15.398124365,-0.914286526,0.585992050,0.019206007,-0.083021875,30.021865869,15.393055851,-0.913695759,0.585895006,0.019291182,-0.083182786,89.227457570,-2.354814389,40.085239576,49.142217994
73.833333333,30.039256833,15.383022376,-0.917049781,0.586175972,0.019159850,-0.082777661,30.034284691,15.377965416,-0.916464405,0.586078977,0.019244912,-0.082938440,89.254502830,-2.347243781,40.113321066,49.141181763
73.866666667,30.051627250,15.367880399,-0.919804898,0.586359799,0.019113590,-0.082533575,30.046664246,15.362834899,-0.919224908,0.586262878,0.019198537,-0.082694206,89.281459100,-2.339693747,40.141318498,49.140140602
73.900000000,30.063958440,15.352698636,-0.922551881,0.586543480,0.019067234,-0.082289643,30.059004526,15.347664501,-0.921977273,0.586446660,0.019152062,-0.082450113,89.308319037,-2.332164962,40.169226900,49.139092137
73.933333333,30.076250395,15.337477291,-0.925290736,0.586726967,0.019020786,-0.082045888,30.071305523,15.332454426,-0.924721503,0.586630272,0.019105493,-0.082206185,89.335075323,-2.324658090,40.197041335,49.138033988
73.966666667,30.088503109,15.322216569,-0.928021468,0.586910209,0.018974251,-0.081802338,30.083567229,15.317204879,-0.927457607,0.586813665,0.019058833,-0.081962448,89.361720664,-2.317173787,40.224756896,49.136963768
74.000000000,30.100716573,15.306916675,-0.930744087,0.587093157,0.018927633,-0.081559017,30.095789638,15.301916065,-0.930185589,0.586996788,0.019012089,-0.081718926,89.388247793,-2.309712698,40.252368708,49.135879085
74.033333333,30.112890782,15.291577816,-0.933458599,0.587275760,0.018880938,-0.081315949,30.107972743,15.286588189,-0.932905457,0.587179593,0.018965264,-0.081475645,89.414649467,-2.302275459,40.279871927,49.134777540
74.066666667,30.125025730,15.276200199,-0.936165013,0.587457970,0.018834169,-0.081073160,30.120116538,15.271221460,-0.935617221,0.587362029,0.018918363,-0.081232630,89.440918472,-2.294862697,40.307261742,49.133656730
74.100000000,30.137121410,15.260784031,-0.938863339,0.587639737,0.018787332,-0.080830672,30.132221016,15.255816084,-0.938320890,0.587544047,0.018871390,-0.080989904,89.467047620,-2.287475027,40.334533374,49.132514246
74.133333333,30.149177816,15.245329522,-0.941553587,0.587821011,0.018740431,-0.080588511,30.144286171,15.240372270,-0.941016472,0.587725598,0.018824352,-0.080747491,89.493029753,-2.280113056,40.361682076,49.131347677
74.166666667,30.161194943,15.229836881,-0.944235769,0.588001745,0.018693470,-0.080346698,30.156311999,15.224890227,-0.943703980,0.587906633,0.018777251,-0.080505415,89.518857742,-2.272777383,40.388703135,49.130154607
74.200000000,30.173172786,15.214306318,-0.946909897,0.588181888,0.018646455,-0.080105258,30.168298493,15.209370165,-0.946383425,0.588087102,0.018730094,-0.080263700,89.544524485,-2.265468595,40.415591868,49.128932617
74.233333333,30.185111339,15.198738044,-0.949575984,0.588361393,0.018599390,-0.079864214,30.180245649,15.193812296,-0.949054820,0.588266957,0.018682883,-0.080022369,89.570022913,-2.258187271,40.442343627,49.127679286
74.266666667,30.197010599,15.183132271,-0.952234042,0.588540210,0.018552279,-0.079623588,30.192153462,15.178216830,-0.951718176,0.588446150,0.018635625,-0.079781443,89.595345987,-2.250933982,40.468953796,49.126392191
74.300000000,30.208870559,15.167489212,-0.954884087,0.588718292,0.018505127,-0.079383402,30.204021926,15.162583980,-0.954373509,0.588624632,0.018588322,-0.079540947,89.620486699,-2.243709289,40.495417793,49.125068906
74.333333333,30.220691217,15.151809080,-0.957526133,0.588895590,0.018457938,-0.079143678,30.215851039,15.146913960,-0.957020833,0.588802354,0.018540981,-0.079300901,89.645438074,-2.236513743,40.521731069,49.123707005
74.366666667,30.232472568,15.136092089,-0.960160197,0.589072056,0.018410716,-0.078904439,30.227640795,15.131206982,-0.959660164,0.588979268,0.018493604,-0.079061328,89.670193168,-2.229347889,40.547889106,49.122304062
74.400000000,30.244214608,15.120338453,-0.962786295,0.589247642,0.018363466,-0.078665705,30.239391191,15.115463261,-0.962291517,0.589155327,0.018446197,-0.078822250,89.694745074,-2.222212259,40.573887423,49.120857651
74.433333333,30.255917334,15.104548389,-0.965404443,0.589422300,0.018316192,-0.078427498,30.251102224,15.099683014,-0.964914910,0.589330483,0.018398764,-0.078583687,89.719086913,-2.215107381,40.599721570,49.119365343
74.466666667,30.267580742,15.088722112,-0.968014660,0.589595984,0.018268898,-0.078189838,30.262773890,15.083866455,-0.967530359,0.589504688,0.018351309,-0.078345662,89.743211847,-2.208033771,40.625387132,49.117824714
74.500000000,30.279204831,15.072859839,-0.970616965,0.589768646,0.018221589,-0.077952748,30.274406187,15.068013802,-0.970137884,0.589677895,0.018303836,-0.078108194,89.767113067,-2.200991939,40.650879727,49.116233340
74.533333333,30.290789595,15.056961788,-0.973211376,0.589940239,0.018174269,-0.077716245,30.285999110,15.052125271,-0.972737503,0.589850056,0.018256351,-0.077871304,89.790783803,-2.193982385,40.676195007,49.114588797
74.566666667,30.302335034,15.041028177,-0.975797915,0.590110715,0.018126942,-0.077480352,30.297552658,15.036201082,-0.975329236,0.590021126,0.018208855,-0.077635013,89.814217321,-2.187005602,40.701328657,49.112888665
74.600000000,30.313841145,15.025059225,-0.978376600,0.590280029,0.018079611,-0.077245087,30.309066829,15.020241452,-0.977913102,0.590191056,0.018161355,-0.077399340,89.837406923,-2.180062074,40.726276397,49.111130526
74.633333333,30.325307926,15.009055151,-0.980947454,0.590448133,0.018032282,-0.077010471,30.320541620,15.004246601,-0.980489124,0.590359800,0.018113854,-0.077164304,89.860345946,-2.173152276,40.751033980,49.109311966
74.666666667,30.336735375,14.993016177,-0.983510499,0.590614983,0.017984958,-0.076776521,30.331977029,14.988216750,-0.983057323,0.590527313,0.018066356,-0.076929927,89.883027768,-2.166276679,40.775597195,49.107430574
74.700000000,30.348123490,14.976942522,-0.986065757,0.590780531,0.017937643,-0.076543258,30.343373055,14.972152119,-0.985617720,0.590693548,0.018018866,-0.076696226,89.905445803,-2.159435741,40.799961862,49.105483942
74.733333333,30.359472269,14.960834409,-0.988613252,0.590944732,0.017890342,-0.076310701,30.354729696,14.956052929,-0.988170339,0.590858458,0.017971386,-0.076463220,89.927593505,-2.152629916,40.824123837,49.103469668
74.766666667,30.370781713,14.944692060,-0.991153006,0.591107540,0.017843057,-0.076078867,30.366046952,14.939919403,-0.990715203,0.591021999,0.017923922,-0.076230929,89.949464364,-2.145859650,40.848079009,49.101385355
74.800000000,30.382051819,14.928515698,-0.993685045,0.591268910,0.017795794,-0.075847774,30.377324820,14.923751763,-0.993252336,0.591184126,0.017876477,-0.075999370,89.971051914,-2.139125380,40.871823304,49.099228610
74.833333333,30.393282586,14.912305545,-0.996209394,0.591428798,0.017748555,-0.075617442,30.388563301,14.907550233,-0.995781763,0.591344792,0.017829055,-0.075768562,89.992349725,-2.132427536,40.895352677,49.096997048
74.866666667,30.404474015,14.896061827,-0.998726078,0.591587157,0.017701345,-0.075387887,30.399762393,14.891315037,-0.998303510,0.591503952,0.017781661,-0.075538522,90.013351409,-2.125766543,40.918663122,49.094688287
74.900000000,30.415626105,14.879784768,-1.001235123,0.591743944,0.017654168,-0.075159127,30.410922097,14.875046399,-1.000817602,0.591661563,0.017734297,-0.075309268,90.034050620,-2.119142816,40.941750664,49.092299956
74.933333333,30.426738855,14.863474593,-1.003736557,0.591899115,0.017607027,-0.074931179,30.422042412,14.858744544,-1.003324066,0.591817580,0.017686968,-0.075080817,90.054441052,-2.112556764,40.964611365,49.089829687
74.966666667,30.437812266,14.847131528,-1.006230406,0.592052624,0.017559926,-0.074704061,30.433123338,14.842409698,-1.005822928,0.591971958,0.017639677,-0.074853187,90.074516439,-2.106008789,40.987241318,49.087275122
75.000000000,30.448846338,14.830755800,-1.008716699,0.592204429,0.017512869,-0.074477788,30.444164876,14.826042088,-1.008314217,0.592124653,0.017592428,-0.074626394,90.094270562,-2.099499287,41.009636652,49.084633910
75.033333333,30.459841072,14.814347635,-1.011195463,0.592354486,0.017465860,-0.074252378,30.455167026,14.809641941,-1.010797961,0.592275623,0.017545226,-0.074400456,90.113697239,-2.093028647,41.031793529,49.081903710
75.066666667,30.470796467,14.797907263,-1.013666729,0.592502750,0.017418902,-0.074027846,30.466129789,14.793209483,-1.013274188,0.592424822,0.017498072,-0.074175387,90.132790335,-2.086597250,41.053708148,49.079082187
75.100000000,30.481712525,14.781434909,-1.016130526,0.592649181,0.017371998,-0.073804210,30.477053165,14.776744944,-1.015742927,0.592572209,0.017450972,-0.073951205,90.151543756,-2.080205472,41.075376739,49.076167017
75.133333333,30.492589247,14.764930805,-1.018586883,0.592793734,0.017325152,-0.073581483,30.487937155,14.760248552,-1.018204209,0.592717740,0.017403929,-0.073727926,90.169951452,-2.073853683,41.096795566,49.073155886
75.166666667,30.503426633,14.748395177,-1.021035831,0.592936366,0.017278369,-0.073359683,30.498781761,14.743720535,-1.020658064,0.592861372,0.017356947,-0.073505564,90.188007420,-2.067542245,41.117960930,49.070046489
75.200000000,30.514224686,14.731828258,-1.023477402,0.593077037,0.017231651,-0.073138824,30.509586985,14.727161125,-1.023104523,0.593003064,0.017310028,-0.073284137,90.205705696,-2.061271516,41.138869164,49.066836533
75.233333333,30.524983407,14.715230276,-1.025911627,0.593215703,0.017185002,-0.072918921,30.520352827,14.710570550,-1.025543616,0.593142773,0.017263177,-0.073063657,90.223040366,-2.055041846,41.159516634,49.063523733
75.266666667,30.535702797,14.698601464,-1.028338538,0.593352324,0.017138425,-0.072699990,30.531079289,14.693949042,-1.027975377,0.593280456,0.017216397,-0.072844142,90.240005559,-2.048853580,41.179899742,49.060105817
75.300000000,30.546382859,14.681942051,-1.030758168,0.593486857,0.017091923,-0.072482044,30.541766374,14.677296833,-1.030399837,0.593416074,0.017169691,-0.072625605,90.256595449,-2.042707057,41.200014922,49.056580526
75.333333333,30.557023593,14.665252271,-1.033170549,0.593619261,0.017045501,-0.072265099,30.552414083,14.660614153,-1.032817029,0.593549583,0.017123063,-0.072408062,90.272804256,-2.036602611,41.219858645,49.052945610
75.366666667,30.567625004,14.648532355,-1.035575717,0.593749497,0.016999161,-0.072049169,30.563022420,14.643901236,-1.035226987,0.593680944,0.017076516,-0.072191526,90.288626247,-2.030540569,41.239427413,49.049198834
75.400000000,30.578187092,14.631782537,-1.037973704,0.593877522,0.016952907,-0.071834268,30.573591385,14.627158314,-1.037629744,0.593810116,0.017030053,-0.071976011,90.304055735,-2.024521255,41.258717762,49.045337973
75.433333333,30.588709861,14.615003049,-1.040364544,0.594003297,0.016906742,-0.071620409,30.584120982,14.610385620,-1.040025334,0.593937057,0.016983679,-0.071761532,90.319087081,-2.018544984,41.277726263,49.041360818
75.466666667,30.599193313,14.598194127,-1.042748275,0.594126782,0.016860669,-0.071407607,30.594611214,14.593583388,-1.042413793,0.594061729,0.016937395,-0.071548103,90.333714690,-2.012612070,41.296449519,49.037265171
75.500000000,30.609637451,14.581356004,-1.045124929,0.594247937,0.016814692,-0.071195874,30.605062084,14.576751854,-1.044795156,0.594184091,0.016891206,-0.071335736,90.347933019,-2.006722817,41.314884168,49.033048850
75.533333333,30.620042279,14.564488914,-1.047494544,0.594366723,0.016768814,-0.070985224,30.615473594,14.559891250,-1.047169458,0.594304103,0.016845115,-0.071124446,90.361736568,-2.000877529,41.333026882,49.028709686
75.566666667,30.630407798,14.547593094,-1.049857156,0.594483101,0.016723037,-0.070775669,30.625845749,14.543001812,-1.049536735,0.594421727,0.016799125,-0.070914245,90.375119888,-1.995076501,41.350874365,49.024245523
75.600000000,30.640734013,14.530668778,-1.052212801,0.594597031,0.016677366,-0.070567224,30.636178550,14.526083777,-1.051897024,0.594536924,0.016753238,-0.070705146,90.388077578,-1.989320026,41.368423355,49.019654224
75.633333333,30.651020927,14.513716203,-1.054561517,0.594708476,0.016631802,-0.070359900,30.646472003,14.509137380,-1.054250362,0.594649654,0.016707459,-0.070497162,90.400604285,-1.983608390,41.385670623,49.014933663
75.666666667,30.661268543,14.496735606,-1.056903341,0.594817397,0.016586350,-0.070153710,30.656726110,14.492162857,-1.056596786,0.594759879,0.016661789,-0.070290306,90.412694705,-1.977941877,41.402612974,49.010081731
75.700000000,30.671476866,14.479727224,-1.059238311,0.594923756,0.016541012,-0.069948666,30.666940875,14.475160446,-1.058936334,0.594867562,0.016616233,-0.070084591,90.424343583,-1.972320764,41.419247245,49.005096337
75.733333333,30.681645899,14.462691293,-1.061566466,0.595027516,0.016495791,-0.069744781,30.677116303,14.458130384,-1.061269045,0.594972665,0.016570794,-0.069880027,90.435545713,-1.966745325,41.435570309,48.999975404
75.766666667,30.691775646,14.445628051,-1.063887844,0.595128639,0.016450691,-0.069542065,30.687252398,14.441072908,-1.063594956,0.595075150,0.016525474,-0.069676628,90.446295939,-1.961215829,41.451579068,48.994716871
75.800000000,30.701866111,14.428537738,-1.066202485,0.595227089,0.016405713,-0.069340532,30.697349163,14.423988257,-1.065914107,0.595174980,0.016480276,-0.069474405,90.456589156,-1.955732541,41.467270461,48.989318695
75.833333333,30.711917299,14.411420591,-1.068510429,0.595322829,0.016360862,-0.069140193,30.707406603,14.406876669,-1.068226537,0.595272118,0.016435203,-0.069273370,90.466420307,-1.950295723,41.482641455,48.983778852
75.866666667,30.721929214,14.394276849,-1.070811714,0.595415822,0.016316140,-0.068941058,30.717424723,14.389738384,-1.070532286,0.595366529,0.016390259,-0.069073534,90.475784387,-1.944905632,41.497689056,48.978095331
75.900000000,30.731901860,14.377106752,-1.073106382,0.595506033,0.016271550,-0.068743140,30.727403528,14.372573639,-1.072831395,0.595458175,0.016345445,-0.068874909,90.484676441,-1.939562520,41.512410296,48.972266144
75.933333333,30.741835242,14.359910539,-1.075394474,0.595593427,0.016227094,-0.068546449,30.737343021,14.355382676,-1.075123903,0.595547021,0.016300766,-0.068677506,90.493091564,-1.934266639,41.526802246,48.966289318
75.966666667,30.751729365,14.342688451,-1.077676030,0.595677966,0.016182777,-0.068350997,30.747243208,14.338165734,-1.077409852,0.595633032,0.016256224,-0.068481336,90.501024903,-1.929018232,41.540862005,48.960162898
76.000000000,30.761584234,14.325440727,-1.079951092,0.595759618,0.016138599,-0.068156794,30.757104095,14.320923054,-1.079689283,0.595716171,0.016211821,-0.068286410,90.508471657,-1.923817544,41.554586706,48.953884951
76.033333333,30.771399853,14.308167609,-1.082219701,0.595838346,0.016094565,-0.067963851,30.766925685,14.303654875,-1.081962237,0.595796406,0.016167560,-0.068092739,90.515427074,-1.918664811,41.567973515,48.947453559
76.066666667,30.781176228,14.290869337,-1.084481901,0.595914117,0.016050676,-0.067772178,30.776707985,14.286361440,-1.084228758,0.595873700,0.016123445,-0.067900333,90.521886456,-1.913560271,41.581019630,48.940866826
76.100000000,30.790913364,14.273546153,-1.086737733,0.595986896,0.016006936,-0.067581786,30.786450999,14.269042989,-1.086488886,0.595948020,0.016079478,-0.067709202,90.527845156,-1.908504155,41.593722280,48.934122876
76.133333333,30.800611266,14.256198298,-1.088987240,0.596056651,0.015963347,-0.067392685,30.796154734,14.251699765,-1.088742664,0.596019332,0.016035661,-0.067519358,90.533298578,-1.903496692,41.606078727,48.927219851
76.166666667,30.810269940,14.238826016,-1.091230466,0.596123347,0.015919912,-0.067204885,30.805819194,14.234332009,-1.090990137,0.596087602,0.015991998,-0.067330809,90.538242180,-1.898538109,41.618086265,48.920155915
76.200000000,30.819889391,14.221429547,-1.093467454,0.596186951,0.015876634,-0.067018396,30.815444385,14.216939964,-1.093231346,0.596152797,0.015948491,-0.067143567,90.542671472,-1.893628628,41.629742221,48.912929251
76.233333333,30.829469624,14.204009134,-1.095698247,0.596247431,0.015833515,-0.066833228,30.825030313,14.199523871,-1.095466336,0.596214884,0.015905142,-0.066957641,90.546582014,-1.888768469,41.641043951,48.905538064
76.266666667,30.839010646,14.186565021,-1.097922891,0.596304755,0.015790558,-0.066649390,30.834576984,14.182083975,-1.097695151,0.596273832,0.015861955,-0.066773041,90.549969424,-1.883957851,41.651988845,48.897980579
76.300000000,30.848512462,14.169097451,-1.100141430,0.596358890,0.015747765,-0.066466893,30.844084404,14.164620518,-1.099917836,0.596329606,0.015818931,-0.066589776,90.552829367,-1.879196987,41.662574325,48.890255042
76.333333333,30.857975077,14.151606666,-1.102353907,0.596409804,0.015705138,-0.066285744,30.853552579,14.147133744,-1.102134434,0.596382177,0.015776074,-0.066407856,90.555157565,-1.874486089,41.672797842,48.882359724
76.366666667,30.867398499,14.134092911,-1.104560370,0.596457467,0.015662681,-0.066105955,30.862981515,14.129623896,-1.104344991,0.596431511,0.015733386,-0.066227290,90.556949793,-1.869825368,41.682656880,48.874292913
76.400000000,30.876782733,14.116556430,-1.106760862,0.596501848,0.015620396,-0.065927533,30.872371218,14.112091219,-1.106549551,0.596477579,0.015690869,-0.066048088,90.558201878,-1.865215031,41.692148956,48.866052922
76.433333333,30.886127784,14.098997466,-1.108955430,0.596542915,0.015578286,-0.065750489,30.881721694,14.094535956,-1.108748162,0.596520349,0.015648526,-0.065870258,90.558909700,-1.860655283,41.701271615,48.857638086
76.466666667,30.895433660,14.081416265,-1.111144120,0.596580639,0.015536351,-0.065574830,30.891032950,14.076958352,-1.110940868,0.596559790,0.015606359,-0.065693810,90.559069196,-1.856146325,41.710022434,48.849046762
76.500000000,30.904700366,14.063813071,-1.113326979,0.596614989,0.015494597,-0.065400566,30.900304993,14.059358652,-1.113127716,0.596595873,0.015564371,-0.065518753,90.558676354,-1.851688360,41.718399023,48.840277331
76.533333333,30.913927909,14.046188128,-1.115504052,0.596645937,0.015453023,-0.065227706,30.909537828,14.041737101,-1.115308753,0.596628568,0.015522564,-0.065345095,90.557727216,-1.847281585,41.726399021,48.831328195
76.566666667,30.923116295,14.028541682,-1.117675386,0.596673452,0.015411634,-0.065056258,30.918731462,14.024093943,-1.117484024,0.596657845,0.015480941,-0.065172845,90.556217879,-1.842926198,41.734020098,48.822197781
76.600000000,30.932265530,14.010873978,-1.119841030,0.596697505,0.015370430,-0.064886230,30.927885903,14.006429425,-1.119653578,0.596683676,0.015439503,-0.065002012,90.554144495,-1.838622392,41.741259955,48.812884540
76.633333333,30.941375622,13.993185262,-1.122001030,0.596718069,0.015329415,-0.064717632,30.937001155,13.988743791,-1.121817462,0.596706031,0.015398254,-0.064832604,90.551503270,-1.834370361,41.748116325,48.803386945
76.666666667,30.950446576,13.975475779,-1.124155435,0.596735115,0.015288592,-0.064550472,30.946077228,13.971037287,-1.123975722,0.596724882,0.015357196,-0.064664630,90.548290463,-1.830170297,41.754586968,48.793703495
76.700000000,30.959478399,13.957745775,-1.126304291,0.596748615,0.015247961,-0.064384757,30.955114127,13.953310160,-1.126128408,0.596740202,0.015316330,-0.064498097,90.544502390,-1.826022389,41.760669678,48.783832712
76.733333333,30.968471099,13.939995497,-1.128447649,0.596758541,0.015207526,-0.064220495,30.964111858,13.935562655,-1.128275567,0.596751962,0.015275660,-0.064333015,90.540135420,-1.821926825,41.766362278,48.773773142
76.766666667,30.977424681,13.922225189,-1.130585555,0.596764868,0.015167288,-0.064057696,30.973070430,13.917795019,-1.130417248,0.596760135,0.015235187,-0.064169391,90.535185978,-1.817883792,41.771662620,48.763523357
76.800000000,30.986339152,13.904435100,-1.132718060,0.596767566,0.015127250,-0.063896367,30.981989850,13.900007498,-1.132553499,0.596764694,0.015194914,-0.064007233,90.529650543,-1.813893475,41.776568588,48.753081955
76.833333333,30.995214520,13.886625475,-1.134845212,0.596766612,0.015087414,-0.063736516,30.990870123,13.882200339,-1.134684370,0.596765612,0.015154843,-0.063846549,90.523525651,-1.809956060,41.781078095,48.742447555
76.866666667,31.004050791,13.868796561,-1.136967060,0.596761977,0.015047783,-0.063578150,30.999711257,13.864373788,-1.136809910,0.596762864,0.015114975,-0.063687347,90.516807891,-1.806071728,41.785189085,48.731618806
76.900000000,31.012847972,13.850948604,-1.139083655,0.596753637,0.015008358,-0.063421278,31.008513260,13.846528092,-1.138930168,0.596756424,0.015075314,-0.063529635,90.509493909,-1.802240661,41.788899529,48.720594380
76.933333333,31.021606070,13.833081852,-1.141195046,0.596741566,0.014969141,-0.063265907,31.017276138,13.828663498,-1.141045194,0.596746265,0.015035862,-0.063373420,90.501580406,-1.798463041,41.792207431,48.709372975
76.966666667,31.030325092,13.815196552,-1.143301283,0.596725739,0.014930135,-0.063112044,31.025999900,13.810780254,-1.143155039,0.596732363,0.014996620,-0.063218711,90.493064139,-1.794739048,41.795110823,48.697953315
77.000000000,31.039005045,13.797292951,-1.145402417,0.596706132,0.014891342,-0.062959697,31.034684551,13.792878606,-1.145259752,0.596714693,0.014957590,-0.063065514,90.483941919,-1.791068860,41.797607767,48.686334152
77.033333333,31.047645936,13.779371295,-1.147498499,0.596682720,0.014852763,-0.062808875,31.043330099,13.774958803,-1.147359384,0.596693231,0.014918776,-0.062913837,90.474210615,-1.787452656,41.799696354,48.674514261
77.066666667,31.056247773,13.761431833,-1.149589579,0.596655479,0.014814402,-0.062659583,31.051936552,13.757021090,-1.149453986,0.596667951,0.014880178,-0.062763688,90.463867151,-1.783890613,41.801374704,48.662492447
77.100000000,31.064810561,13.743474812,-1.151675708,0.596624386,0.014776259,-0.062511829,31.060503917,13.739065716,-1.151543609,0.596638832,0.014841799,-0.062615075,90.452908507,-1.780382909,41.802640967,48.650267540
77.133333333,31.073334309,13.725500480,-1.153756939,0.596589418,0.014738337,-0.062365621,31.069032201,13.721092929,-1.153628303,0.596605848,0.014803641,-0.062468003,90.441331718,-1.776929719,41.803493322,48.637838397
77.166666667,31.081819023,13.707509083,-1.155833321,0.596550551,0.014700639,-0.062220966,31.077521412,13.703102976,-1.155708122,0.596568978,0.014765706,-0.062322481,90.429133878,-1.773531221,41.803929976,48.625203901
77.200000000,31.090264711,13.689500869,-1.157904909,0.596507764,0.014663165,-0.062077871,31.085971557,13.685096105,-1.157783116,0.596528198,0.014727996,-0.062178515,90.416312133,-1.770187588,41.803949167,48.612362966
77.233333333,31.098671379,13.671476087,-1.159971753,0.596461034,0.014625918,-0.061936343,31.094382644,13.667072564,-1.159853338,0.596483487,0.014690513,-0.062036114,90.402863690,-1.766898996,41.803549160,48.599314530
77.266666667,31.107039036,13.653434984,-1.162033905,0.596410340,0.014588900,-0.061796389,31.102754679,13.649032600,-1.161918839,0.596434822,0.014653259,-0.061895283,90.388785809,-1.763665621,41.802728249,48.586057560
77.300000000,31.115367687,13.635377808,-1.164091420,0.596355660,0.014552113,-0.061658017,31.111087671,13.630976462,-1.163979673,0.596382182,0.014616236,-0.061756031,90.374075809,-1.760487636,41.801484758,48.572591051
77.333333333,31.123657341,13.617304806,-1.166144348,0.596296973,0.014515558,-0.061521232,31.119381626,13.612904396,-1.166035892,0.596325546,0.014579445,-0.061618363,90.358731062,-1.757365217,41.799817037,48.558914025
77.366666667,31.131908004,13.599216227,-1.168192744,0.596234259,0.014479238,-0.061386042,31.127636552,13.594816653,-1.168087548,0.596264893,0.014542889,-0.061482287,90.342749002,-1.754298538,41.797723467,48.545025534
77.400000000,31.140119684,13.581112318,-1.170236661,0.596167497,0.014443155,-0.061252454,31.135852458,13.576713478,-1.170134696,0.596200202,0.014506570,-0.061347811,90.326127114,-1.751287772,41.795202456,48.530924658
77.433333333,31.148292387,13.562993327,-1.172276151,0.596096668,0.014407310,-0.061120475,31.144029349,13.558595121,-1.172177388,0.596131453,0.014470490,-0.061214939,90.308862944,-1.748333096,41.792252441,48.516610503
77.466666667,31.156426122,13.544859502,-1.174311270,0.596021752,0.014371705,-0.060990112,31.152167234,13.540461829,-1.174215678,0.596058628,0.014434649,-0.061083680,90.290954094,-1.745434683,41.788871887,48.502082207
77.500000000,31.164520895,13.526711091,-1.176342071,0.595942729,0.014336342,-0.060861370,31.160266119,13.522313851,-1.176249620,0.595981706,0.014399051,-0.060954041,90.272398221,-1.742592709,41.785059286,48.487338935
77.533333333,31.172576712,13.508548342,-1.178368607,0.595859582,0.014301223,-0.060734258,31.168326013,13.504151433,-1.178279268,0.595900668,0.014363697,-0.060826027,90.253193042,-1.739807348,41.780813159,48.472379882
77.566666667,31.180593583,13.490371502,-1.180390934,0.595772291,0.014266350,-0.060608781,31.176346923,13.485974825,-1.180304677,0.595815496,0.014328589,-0.060699647,90.233336328,-1.737078776,41.776132056,48.457204272
77.600000000,31.188571513,13.472180820,-1.182409106,0.595680839,0.014231724,-0.060484947,31.184328856,13.467784274,-1.182325900,0.595726172,0.014293729,-0.060574905,90.212825911,-1.734407169,41.771014553,48.441811358
77.633333333,31.196510509,13.453976543,-1.184423178,0.595585208,0.014197348,-0.060362762,31.192271819,13.449580028,-1.184342993,0.595632678,0.014259118,-0.060451810,90.191659677,-1.731792704,41.765459254,48.426200423
77.666666667,31.204410579,13.435758918,-1.186433206,0.595485381,0.014163222,-0.060242232,31.200175821,13.431362335,-1.186356011,0.595534996,0.014224758,-0.060330367,90.169835570,-1.729235556,41.759464792,48.410370778
77.700000000,31.212271730,13.417528194,-1.188439243,0.595381341,0.014129350,-0.060123365,31.208040867,13.413131443,-1.188365009,0.595433109,0.014190652,-0.060210584,90.147351593,-1.726735904,41.753029827,48.394321766
77.733333333,31.220093968,13.399284617,-1.190441347,0.595273071,0.014095732,-0.060006166,31.215866967,13.394887599,-1.190370042,0.595327002,0.014156800,-0.060092467,90.124205805,-1.724293926,41.746153045,48.378052760
77.766666667,31.227877302,13.381028437,-1.192439572,0.595160556,0.014062370,-0.059890643,31.223654125,13.376631051,-1.192371165,0.595216656,0.014123204,-0.059976022,90.100396322,-1.721909800,41.738833162,48.361563161
77.800000000,31.235621736,13.362759899,-1.194433974,0.595043779,0.014029266,-0.059776802,31.231402351,13.358362047,-1.194368436,0.595102057,0.014089867,-0.059861256,90.075921320,-1.719583705,41.731068919,48.344852401
77.833333333,31.243327280,13.344479251,-1.196424611,0.594922725,0.013996422,-0.059664649,31.239111651,13.340080833,-1.196361910,0.594983188,0.014056790,-0.059748176,90.050779031,-1.717315823,41.722859087,48.327919944
77.866666667,31.250993938,13.326186741,-1.198411537,0.594797379,0.013963839,-0.059554191,31.246782033,13.321787659,-1.198351642,0.594860035,0.014023975,-0.059636788,90.024967743,-1.715106334,41.714202460,48.310765283
77.900000000,31.258621720,13.307882615,-1.200394810,0.594667727,0.013931519,-0.059445435,31.254413503,13.303482770,-1.200337691,0.594732583,0.013991422,-0.059527099,89.998485806,-1.712955420,41.705097865,48.293387942
77.933333333,31.266210630,13.289567121,-1.202374487,0.594533753,0.013899464,-0.059338386,31.262006069,13.285166414,-1.202320111,0.594600817,0.013959135,-0.059419115,89.971331625,-1.710863264,41.695544150,48.275787475
77.966666667,31.273760675,13.271240506,-1.204350624,0.594395445,0.013867675,-0.059233052,31.269559737,13.266838839,-1.204298961,0.594464723,0.013927115,-0.059312843,89.943503663,-1.708830051,41.685540195,48.257963469
78.000000000,31.281271864,13.252903016,-1.206323280,0.594252789,0.013836154,-0.059129439,31.277074515,13.248500291,-1.206274298,0.594324288,0.013895363,-0.059208288,89.915000442,-1.706855965,41.675084903,48.239915539
78.033333333,31.288744201,13.234554898,-1.208292510,0.594105771,0.013804902,-0.059027554,31.284550410,13.230151016,-1.208246179,0.594179498,0.013863880,-0.059105459,89.885820542,-1.704941193,41.664177207,48.221643335
78.066666667,31.296177694,13.216196398,-1.210258374,0.593954380,0.013773922,-0.058927403,31.291987428,13.211791263,-1.210214661,0.594030340,0.013832669,-0.059004361,89.855962599,-1.703085922,41.652816065,48.203146535
78.100000000,31.303572349,13.197827763,-1.212220929,0.593798602,0.013743215,-0.058828992,31.299385576,13.193421276,-1.212179802,0.593876801,0.013801732,-0.058905000,89.825425311,-1.701290341,41.641000462,48.184424849
78.133333333,31.310928173,13.179449239,-1.214180232,0.593638425,0.013712782,-0.058732328,31.306744861,13.175041303,-1.214141661,0.593718870,0.013771069,-0.058807383,89.794207431,-1.699554639,41.628729410,48.165478021
78.166666667,31.318245171,13.161061073,-1.216136343,0.593473838,0.013682624,-0.058637417,31.314065290,13.156651590,-1.216100295,0.593556535,0.013740683,-0.058711517,89.762307771,-1.697879008,41.616001947,48.146305824
78.200000000,31.325523351,13.142663509,-1.218089320,0.593304830,0.013652745,-0.058544266,31.321346870,13.138252383,-1.218055763,0.593389784,0.013710574,-0.058617409,89.729725203,-1.696263640,41.602817139,48.126908063
78.233333333,31.332762719,13.124256794,-1.220039222,0.593131390,0.013623144,-0.058452882,31.328589606,13.119843928,-1.220008125,0.593218606,0.013680745,-0.058525064,89.696458655,-1.694708730,41.589174077,48.107284577
78.266666667,31.339963280,13.105841173,-1.221986108,0.592953508,0.013593824,-0.058363271,31.335793506,13.101426470,-1.221957437,0.593042991,0.013651197,-0.058434489,89.662507115,-1.693214472,41.575071880,48.087435235
78.300000000,31.347125041,13.087416892,-1.223930036,0.592771172,0.013564786,-0.058275439,31.342958576,13.083000255,-1.223903761,0.592862928,0.013621931,-0.058345691,89.627869630,-1.691781064,41.560509691,48.067359939
78.333333333,31.354248008,13.068984194,-1.225871067,0.592584375,0.013536031,-0.058189394,31.350084822,13.064565529,-1.225847154,0.592678408,0.013592950,-0.058258676,89.592545304,-1.690408704,41.545486682,48.047058622
78.366666667,31.361332187,13.050543327,-1.227809260,0.592393105,0.013507562,-0.058105141,31.357172250,13.046122536,-1.227787678,0.592489420,0.013564254,-0.058173451,89.556533301,-1.689097592,41.530002050,48.026531251
78.400000000,31.368377583,13.032094533,-1.229744675,0.592197355,0.013479380,-0.058022687,31.364220868,13.027671521,-1.229725390,0.592295956,0.013535846,-0.058090022,89.519832843,-1.687847930,41.514055017,48.005777826
78.433333333,31.375384203,13.013638058,-1.231677372,0.591997116,0.013451485,-0.057942039,31.371230680,13.009212729,-1.231660352,0.592098007,0.013507726,-0.058008397,89.482443212,-1.686659921,41.497644835,47.984798377
78.466666667,31.382352052,12.995174145,-1.233607411,0.591792379,0.013423880,-0.057863203,31.378201692,12.990746404,-1.233592624,0.591895565,0.013479896,-0.057928581,89.444363746,-1.685533770,41.480770777,47.963592969
78.500000000,31.389281135,12.976703038,-1.235534853,0.591583137,0.013396567,-0.057786187,31.385133912,12.972272791,-1.235522266,0.591688621,0.013452358,-0.057850581,89.405593845,-1.684469683,41.463432148,47.942161698
78.533333333,31.396171459,12.958224982,-1.237459758,0.591369383,0.013369545,-0.057710996,31.392027344,12.953792133,-1.237449338,0.591477169,0.013425113,-0.057774404,89.366132968,-1.683467869,41.445628273,47.920504694
78.566666667,31.403023028,12.939740220,-1.239382188,0.591151109,0.013342818,-0.057637637,31.398881994,12.935304674,-1.239373902,0.591261200,0.013398162,-0.057700056,89.325980630,-1.682528539,41.427358509,47.898622121
78.600000000,31.409835848,12.921248994,-1.241302204,0.590928309,0.013316386,-0.057566117,31.405697869,12.916810658,-1.241296019,0.591040708,0.013371508,-0.057627545,89.285136408,-1.681651905,41.408622234,47.876514174
78.633333333,31.416609924,12.902751548,-1.243219867,0.590700976,0.013290252,-0.057496444,31.412474972,12.898310327,-1.243215750,0.590815687,0.013345150,-0.057556876,89.243599937,-1.680838179,41.389418855,47.854181082
78.666666667,31.423345261,12.884248124,-1.245135239,0.590469105,0.013264415,-0.057428622,31.419213311,12.879803925,-1.245133156,0.590586130,0.013319092,-0.057488058,89.201370911,-1.680087579,41.369747803,47.831623108
78.700000000,31.430041864,12.865738965,-1.247048381,0.590232691,0.013238878,-0.057362660,31.425912890,12.861291694,-1.247048300,0.590352032,0.013293334,-0.057421095,89.158449085,-1.679400322,41.349608538,47.808840547
78.733333333,31.436699738,12.847224312,-1.248959356,0.589991727,0.013213642,-0.057298564,31.432573714,12.842773875,-1.248961242,0.590113388,0.013267878,-0.057355996,89.114834272,-1.678776628,41.329000544,47.785833728
78.766666667,31.443318888,12.828704408,-1.250868226,0.589746210,0.013188709,-0.057236341,31.439195789,12.824250712,-1.250872047,0.589870192,0.013242725,-0.057292767,89.070526343,-1.678216718,41.307923329,47.762603014
78.800000000,31.449899318,12.810179493,-1.252775053,0.589496135,0.013164080,-0.057175998,31.445779119,12.805722446,-1.252780775,0.589622441,0.013217876,-0.057231415,89.025525232,-1.677720817,41.286376430,47.739148802
78.833333333,31.456441033,12.791649808,-1.254679901,0.589241499,0.013139755,-0.057117542,31.452323710,12.787189318,-1.254687490,0.589370129,0.013193334,-0.057171947,88.979830931,-1.677289149,41.264359409,47.715471522
78.866666667,31.462944037,12.773115595,-1.256582833,0.588982297,0.013115738,-0.057060979,31.458829566,12.768651569,-1.256592254,0.589113254,0.013169098,-0.057114369,88.933443490,-1.676921944,41.241871854,47.691571637
78.900000000,31.469408335,12.754577094,-1.258483911,0.588718526,0.013092029,-0.057006316,31.465296691,12.750109440,-1.258495132,0.588851812,0.013145172,-0.057058689,88.886363021,-1.676619430,41.218913377,47.667449645
78.933333333,31.475833930,12.736034544,-1.260383199,0.588450184,0.013068629,-0.056953562,31.471725091,12.731563170,-1.260396185,0.588585800,0.013121555,-0.057004913,88.838589696,-1.676381840,41.195483618,47.643106078
78.966666667,31.482220826,12.717488186,-1.262280761,0.588177269,0.013045539,-0.056902722,31.478114769,12.713013001,-1.262295478,0.588315215,0.013098250,-0.056953050,88.790123744,-1.676209407,41.171582242,47.618541502
79.000000000,31.488569029,12.698938258,-1.264176660,0.587899778,0.013022762,-0.056853804,31.484465731,12.694459171,-1.264193074,0.588040056,0.013075257,-0.056903105,88.740965458,-1.676102370,41.147208941,47.593756516
79.033333333,31.494878540,12.680385000,-1.266070962,0.587617710,0.013000298,-0.056806814,31.490777979,12.675901920,-1.266089038,0.587760320,0.013052579,-0.056855086,88.691115187,-1.676060964,41.122363432,47.568751756
79.066666667,31.501149364,12.661828650,-1.267963730,0.587331064,0.012978149,-0.056761761,31.497051518,12.657341487,-1.267983434,0.587476006,0.013030216,-0.056809000,88.640573344,-1.676085433,41.097045456,47.543527889
79.100000000,31.507381505,12.643269447,-1.269855029,0.587039838,0.012956316,-0.056718651,31.503286352,12.638778110,-1.269876327,0.587187113,0.013008170,-0.056764854,88.589340400,-1.676176017,41.071254783,47.518085617
79.133333333,31.513574965,12.624707628,-1.271744923,0.586744033,0.012934800,-0.056677491,31.509482484,12.620212026,-1.271767781,0.586893641,0.012986442,-0.056722655,88.537416886,-1.676332963,41.044991207,47.492425679
79.166666667,31.519729747,12.606143430,-1.273633479,0.586443649,0.012913603,-0.056638289,31.515639918,12.601643475,-1.273657861,0.586595589,0.012965033,-0.056682411,88.484803394,-1.676556517,41.018254549,47.466548845
79.200000000,31.525845855,12.587577090,-1.275520761,0.586138685,0.012892726,-0.056601052,31.521758657,12.583072693,-1.275546632,0.586292958,0.012943945,-0.056644130,88.431500577,-1.676846929,40.991044655,47.440455922
79.233333333,31.531923292,12.569008846,-1.277406836,0.585829143,0.012872171,-0.056565788,31.527838705,12.564499917,-1.277434161,0.585985747,0.012923179,-0.056607817,88.377509148,-1.677204452,40.963361397,47.414147751
79.266666667,31.537962060,12.550438933,-1.279291768,0.585515023,0.012851937,-0.056532504,31.533880064,12.545925383,-1.279320513,0.585673959,0.012902736,-0.056573481,88.322829881,-1.677629338,40.935204675,47.387625206
79.300000000,31.543962162,12.531867586,-1.281175624,0.585196328,0.012832028,-0.056501206,31.539882738,12.527349327,-1.281205753,0.585357593,0.012882618,-0.056541130,88.267463610,-1.678121845,40.906574411,47.360889199
79.333333333,31.549923600,12.513295041,-1.283058470,0.584873059,0.012812444,-0.056471904,31.545846730,12.508771986,-1.283089949,0.585036653,0.012862826,-0.056510770,88.211411231,-1.678682230,40.877470557,47.333940674
79.366666667,31.555846377,12.494721533,-1.284940374,0.584545218,0.012793186,-0.056444604,31.551772041,12.490193593,-1.284973166,0.584711140,0.012843361,-0.056482409,88.154673699,-1.679310756,40.847893089,47.306780610
79.400000000,31.561730494,12.476147296,-1.286821402,0.584212809,0.012774255,-0.056419315,31.557658674,12.471614384,-1.286855472,0.584381057,0.012824225,-0.056456055,88.097252032,-1.680007684,40.817842009,47.279410023
79.433333333,31.567575953,12.457572565,-1.288701620,0.583875834,0.012755654,-0.056396042,31.563506633,12.453034593,-1.288736933,0.584046406,0.012805418,-0.056431716,88.039147308,-1.680773280,40.787317346,47.251829962
79.466666667,31.573382756,12.438997571,-1.290581097,0.583534297,0.012737382,-0.056374796,31.569315917,12.434454453,-1.290617617,0.583707191,0.012786942,-0.056409399,87.980360667,-1.681607813,40.756319156,47.224041512
79.500000000,31.579150905,12.420422548,-1.292459900,0.583188202,0.012719442,-0.056355582,31.575086531,12.415874198,-1.292497591,0.583363417,0.012768798,-0.056389111,87.920893310,-1.682511551,40.724847518,47.196045792
79.533333333,31.584880400,12.401847729,-1.294338097,0.582837553,0.012701835,-0.056338409,31.580818474,12.397294060,-1.294376923,0.583015085,0.012750987,-0.056370862,87.860746498,-1.683484768,40.692902542,47.167843956
79.566666667,31.590571244,12.383273346,-1.296215756,0.582482355,0.012684561,-0.056323286,31.586511750,12.378714273,-1.296255681,0.582662203,0.012733512,-0.056354657,87.799921556,-1.684527737,40.660484361,47.139437195
79.600000000,31.596223437,12.364699629,-1.298092946,0.582122614,0.012667622,-0.056310218,31.592166359,12.360135066,-1.298133934,0.582304773,0.012716372,-0.056340506,87.738419869,-1.685640736,40.627593135,47.110826734
79.633333333,31.601836979,12.346126811,-1.299969735,0.581758334,0.012651020,-0.056299216,31.597782302,12.341556673,-1.300011750,0.581942803,0.012699569,-0.056328417,87.676242883,-1.686824043,40.594229051,47.082013833
79.666666667,31.607411872,12.327555120,-1.301846192,0.581389521,0.012634754,-0.056290286,31.603359581,12.322979323,-1.301889198,0.581576296,0.012683104,-0.056318396,87.613392109,-1.688077940,40.560392323,47.052999786
79.700000000,31.612948116,12.308984787,-1.303722386,0.581016182,0.012618828,-0.056283437,31.608898196,12.304403246,-1.303766346,0.581205260,0.012666979,-0.056310453,87.549869116,-1.689402711,40.526083191,47.023785925
79.733333333,31.618445711,12.290416042,-1.305598388,0.580638324,0.012603241,-0.056278676,31.614398148,12.285828673,-1.305643265,0.580829701,0.012651195,-0.056304595,87.485675538,-1.690798641,40.491301921,46.994373616
79.766666667,31.623904657,12.271849112,-1.307474266,0.580255953,0.012587995,-0.056276013,31.619859438,12.267255832,-1.307520024,0.580449626,0.012635753,-0.056300831,87.420813069,-1.692266017,40.456048809,46.964764260
79.800000000,31.629324954,12.253284227,-1.309350091,0.579869078,0.012573092,-0.056275455,31.625282065,12.248684952,-1.309396693,0.580065042,0.012620653,-0.056299168,87.355283467,-1.693805131,40.420324174,46.934959293
79.833333333,31.634706601,12.234721614,-1.311225932,0.579477705,0.012558532,-0.056277010,31.630666029,12.230116261,-1.311273342,0.579675957,0.012605898,-0.056299616,87.289088552,-1.695416274,40.384128364,46.904960187
79.866666667,31.640049599,12.216161499,-1.313101862,0.579081845,0.012544316,-0.056280687,31.636011331,12.211549987,-1.313150042,0.579282379,0.012591489,-0.056302181,87.222230205,-1.697099741,40.347461755,46.874768450
79.900000000,31.645353946,12.197604110,-1.314977950,0.578681504,0.012530446,-0.056286494,31.641317970,12.192986355,-1.315026863,0.578884317,0.012577426,-0.056306873,87.154710373,-1.698855828,40.310324749,46.844385624
79.933333333,31.650619641,12.179049672,-1.316854268,0.578276693,0.012516923,-0.056294440,31.646585946,12.174425593,-1.316903876,0.578481779,0.012563711,-0.056313700,87.086531062,-1.700684833,40.272717774,46.813813287
79.966666667,31.655846683,12.160498410,-1.318730886,0.577867420,0.012503747,-0.056304532,31.651815257,12.155867927,-1.318781153,0.578074775,0.012550345,-0.056322671,87.017694343,-1.702587058,40.234641290,46.783053053
80.000000000,31.661035070,12.141950550,-1.320607878,0.577453697,0.012490921,-0.056316781,31.657005903,12.137313581,-1.320658765,0.577663314,0.012537329,-0.056333793,86.948202350,-1.704562806,40.196095779,46.752106570
80.033333333,31.666184801,12.123406315,-1.322485314,0.577035533,0.012478445,-0.056331193,31.662157882,12.118762779,-1.322536784,0.577247408,0.012524664,-0.056347076,86.878057279,-1.706612380,40.157081756,46.720975523
80.066666667,31.671295875,12.104865929,-1.324363267,0.576612938,0.012466321,-0.056347778,31.667271194,12.100215746,-1.324415283,0.576827066,0.012512351,-0.056362528,86.807261391,-1.708736087,40.117599759,46.689661632
80.100000000,31.676368288,12.086329615,-1.326241810,0.576185925,0.012454548,-0.056366544,31.672345835,12.081672706,-1.326294333,0.576402299,0.012500392,-0.056380158,86.735817009,-1.710934236,40.077650358,46.658166651
80.133333333,31.681402039,12.067797595,-1.328121016,0.575754505,0.012443130,-0.056387501,31.677381805,12.063133879,-1.328174008,0.575973118,0.012488788,-0.056399974,86.663726520,-1.713207137,40.037234150,46.626492371
80.166666667,31.686397125,12.049270090,-1.330000957,0.575318689,0.012432066,-0.056410656,31.682379101,12.044599490,-1.330054380,0.575539537,0.012477539,-0.056421985,86.590992376,-1.715555103,39.996351758,46.594640617
80.200000000,31.691353544,12.030747321,-1.331881707,0.574878491,0.012421358,-0.056436019,31.687337721,12.026069758,-1.331935523,0.575101566,0.012466648,-0.056446200,86.517617090,-1.717978448,39.955003838,46.562613252
80.233333333,31.696271291,12.012229510,-1.333763339,0.574433922,0.012411007,-0.056463599,31.692257662,12.007544904,-1.333817511,0.574659218,0.012456114,-0.056472628,86.443603241,-1.720477486,39.913191071,46.530412171
80.266666667,31.701150365,11.993716874,-1.335645929,0.573984997,0.012401013,-0.056493404,31.697138922,11.989025150,-1.335700417,0.574212506,0.012445939,-0.056501277,86.368953473,-1.723052536,39.870914167,46.498039306
80.300000000,31.705990761,11.975209634,-1.337529550,0.573531729,0.012391379,-0.056525443,31.701981496,11.970510713,-1.337584315,0.573761445,0.012436125,-0.056532158,86.293670493,-1.725703917,39.828173867,46.465496625
80.333333333,31.710792475,11.956708007,-1.339414277,0.573074131,0.012382105,-0.056559726,31.706785383,11.952001813,-1.339469280,0.573306047,0.012426671,-0.056565277,86.217757071,-1.728431949,39.784970941,46.432786130
80.366666667,31.715555505,11.938212211,-1.341300184,0.572612219,0.012373192,-0.056596262,31.711550579,11.933498667,-1.341355388,0.572846326,0.012417580,-0.056600646,86.141216045,-1.731236955,39.741306187,46.399909858
80.400000000,31.720279845,11.919722463,-1.343187348,0.572146007,0.012364641,-0.056635059,31.716277079,11.915001494,-1.343242712,0.572382299,0.012408853,-0.056638272,86.064050316,-1.734119257,39.697180433,46.366869883
80.433333333,31.724965491,11.901238979,-1.345075843,0.571675511,0.012356454,-0.056676127,31.720964879,11.896510509,-1.345131329,0.571913979,0.012400489,-0.056678165,85.986262849,-1.737079182,39.652594537,46.333668312
80.466666667,31.729612438,11.882761975,-1.346965745,0.571200747,0.012348631,-0.056719475,31.725613976,11.878025928,-1.347021313,0.571441382,0.012392492,-0.056720334,85.907856676,-1.740117054,39.607549387,46.300307288
80.500000000,31.734220681,11.864291664,-1.348857131,0.570721729,0.012341173,-0.056765112,31.730224364,11.859547967,-1.348912742,0.570964524,0.012384860,-0.056764789,85.828834892,-1.743233203,39.562045902,46.266788990
80.533333333,31.738790216,11.845828262,-1.350750077,0.570238476,0.012334082,-0.056813048,31.734796039,11.841076840,-1.350805692,0.570483422,0.012377597,-0.056811538,85.749200661,-1.746427956,39.516085031,46.233115630
80.566666667,31.743321035,11.827371982,-1.352644660,0.569751004,0.012327358,-0.056863291,31.739328996,11.822612761,-1.352700238,0.569998092,0.012370702,-0.056860591,85.668957209,-1.749701643,39.469667753,46.199289456
80.600000000,31.747813135,11.808923036,-1.354540956,0.569259330,0.012321003,-0.056915851,31.743823229,11.804155942,-1.354596459,0.569508551,0.012364177,-0.056911956,85.588107830,-1.753054595,39.422795079,46.165312752
80.633333333,31.752266508,11.790481635,-1.356439044,0.568763472,0.012315017,-0.056970738,31.748278732,11.785706597,-1.356494430,0.569014817,0.012358022,-0.056965645,85.506655883,-1.756487144,39.375468050,46.131187834
80.666666667,31.756681148,11.772047991,-1.358339001,0.568263449,0.012309401,-0.057027961,31.752695501,11.767264935,-1.358394231,0.568516909,0.012352239,-0.057021665,85.424604794,-1.759999622,39.327687740,46.096917054
80.700000000,31.761057048,11.753622315,-1.360240905,0.567759279,0.012304157,-0.057087529,31.757073528,11.748831169,-1.360295938,0.568014843,0.012346829,-0.057080026,85.341958054,-1.763592362,39.279455254,46.062502800
80.733333333,31.765394203,11.735204815,-1.362144834,0.567250982,0.012299285,-0.057149452,31.761412807,11.730405509,-1.362199631,0.567508641,0.012341792,-0.057140739,85.258719222,-1.767265699,39.230771728,46.027947493
80.766666667,31.769692604,11.716795700,-1.364050867,0.566738576,0.012294786,-0.057213739,31.765713332,11.711988162,-1.364105387,0.566998320,0.012337130,-0.057203812,85.174891922,-1.771019966,39.181638333,45.993253589
80.800000000,31.773952244,11.698395178,-1.365959083,0.566222082,0.012290662,-0.057280401,31.769975095,11.693579338,-1.366013285,0.566483900,0.012332844,-0.057269254,85.090479847,-1.774855500,39.132056271,45.958423577
80.833333333,31.778173115,11.680003456,-1.367869561,0.565701520,0.012286913,-0.057349446,31.774198089,11.675179244,-1.367923405,0.565965402,0.012328934,-0.057337076,85.005486756,-1.778772633,39.082026775,45.923459981
80.866666667,31.782355209,11.661620741,-1.369782381,0.565176911,0.012283540,-0.057420883,31.778382306,11.656788088,-1.369835825,0.565442846,0.012325402,-0.057407287,84.919916476,-1.782771704,39.031551115,45.888365361
80.900000000,31.786498519,11.643247238,-1.371697623,0.564648277,0.012280545,-0.057494724,31.782527739,11.638406074,-1.371750627,0.564916254,0.012322248,-0.057479896,84.833772900,-1.786853046,38.980630593,45.853142307
80.933333333,31.790603035,11.624883151,-1.373615366,0.564115638,0.012277927,-0.057570977,31.786634380,11.620033408,-1.373667889,0.564385646,0.012319473,-0.057554914,84.747059990,-1.791016995,38.929266543,45.817793447
80.966666667,31.794668748,11.606528685,-1.375535693,0.563579017,0.012275688,-0.057649651,31.790702219,11.601670295,-1.375587692,0.563851045,0.012317079,-0.057632350,84.659781775,-1.795263887,38.877460336,45.782321439
81.000000000,31.798695650,11.588184043,-1.377458683,0.563038437,0.012273830,-0.057730758,31.794731249,11.583316937,-1.377510118,0.563312472,0.012315067,-0.057712213,84.571942355,-1.799594056,38.825213377,45.746728978
81.033333333,31.802683730,11.569849425,-1.379384417,0.562493921,0.012272352,-0.057814306,31.798721460,11.564973538,-1.379435247,0.562769952,0.012313436,-0.057794514,84.483545893,-1.804007838,38.772527104,45.711018789
81.066666667,31.806632979,11.551525035,-1.381312978,0.561945491,0.012271255,-0.057900305,31.802672843,11.546640300,-1.381363160,0.562223506,0.012312189,-0.057879261,84.394596626,-1.808505566,38.719402994,45.675193632
81.100000000,31.810543387,11.533211072,-1.383244447,0.561393173,0.012270542,-0.057988764,31.806585387,11.528317422,-1.383293940,0.561673159,0.012311325,-0.057966465,84.305098857,-1.813087574,38.665842555,45.639256302
81.133333333,31.814414943,11.514907736,-1.385178907,0.560836989,0.012270211,-0.058079694,31.810459084,11.510005106,-1.385227668,0.561118934,0.012310847,-0.058056135,84.215056958,-1.817754194,38.611847336,45.603209622
81.166666667,31.818247637,11.496615225,-1.387116439,0.560276965,0.012270265,-0.058173104,31.814293922,11.491703550,-1.387164427,0.560560856,0.012310754,-0.058148282,84.124475371,-1.822505759,38.557418919,45.567056452
81.200000000,31.822041457,11.478333737,-1.389057126,0.559713127,0.012270704,-0.058269005,31.818089892,11.473412954,-1.389104299,0.559998951,0.012311047,-0.058242914,84.033358607,-1.827342597,38.502558924,45.530799683
81.233333333,31.825796392,11.460063470,-1.391001053,0.559145498,0.012271529,-0.058367404,31.821846982,11.455133513,-1.391047367,0.559433243,0.012311728,-0.058340042,83.941711248,-1.832265040,38.447269009,45.494442239
81.266666667,31.829512431,11.441804619,-1.392948302,0.558574107,0.012272740,-0.058468313,31.825565181,11.436865425,-1.392993715,0.558863758,0.012312798,-0.058439674,83.849537943,-1.837273413,38.391550869,45.457987074
81.300000000,31.833189561,11.423557378,-1.394898957,0.557998979,0.012274339,-0.058571741,31.829244477,11.418608885,-1.394943427,0.558290523,0.012314256,-0.058541822,83.756843415,-1.842368044,38.335406239,45.421437176
81.333333333,31.836827770,11.405321944,-1.396853102,0.557420141,0.012276327,-0.058677698,31.832884859,11.400364089,-1.396896586,0.557713564,0.012316104,-0.058646495,83.663632454,-1.847549256,38.278836889,45.384795565
81.366666667,31.840427046,11.387098507,-1.398810822,0.556837621,0.012278703,-0.058786193,31.836486314,11.382131229,-1.398853277,0.557132908,0.012318343,-0.058753701,83.569909923,-1.852817371,38.221844632,45.348065290
81.400000000,31.843987375,11.368887262,-1.400772201,0.556251447,0.012281469,-0.058897236,31.840048829,11.363910499,-1.400813585,0.556548584,0.012320973,-0.058863452,83.475680754,-1.858172710,38.164431320,45.311249434
81.433333333,31.847508744,11.350688399,-1.402737325,0.555661646,0.012284626,-0.059010836,31.843572393,11.345702090,-1.402777593,0.555960619,0.012323996,-0.058975756,83.380949952,-1.863615590,38.106598843,45.274351110
81.466666667,31.850991139,11.332502108,-1.404706279,0.555068247,0.012288174,-0.059127004,31.847056991,11.327506194,-1.404745389,0.555369042,0.012327411,-0.059090624,83.285722593,-1.869146325,38.048349133,45.237373460
81.500000000,31.854434546,11.314328580,-1.406679149,0.554471281,0.012292114,-0.059245749,31.850502610,11.309323000,-1.406717056,0.554773881,0.012331220,-0.059208064,83.190003823,-1.874765229,37.989684164,45.200319659
81.533333333,31.857838951,11.296168002,-1.408656020,0.553870776,0.012296447,-0.059367080,31.853909236,11.291152698,-1.408692682,0.554175167,0.012335424,-0.059328086,83.093798862,-1.880472609,37.930605951,45.163192910
81.566666667,31.861204339,11.278020562,-1.410636980,0.553266763,0.012301173,-0.059491006,31.857276855,11.272995476,-1.410672352,0.553572928,0.012340023,-0.059450701,82.997113000,-1.886268773,37.871116552,45.125996448
81.600000000,31.864530695,11.259886447,-1.412622114,0.552659271,0.012306294,-0.059617538,31.860605452,11.254851520,-1.412656153,0.552967196,0.012345017,-0.059575916,82.899951603,-1.892154022,37.811218067,45.088733536
81.633333333,31.867818004,11.241765842,-1.414611510,0.552048334,0.012311809,-0.059746685,31.863895012,11.236721017,-1.414644172,0.552358002,0.012350408,-0.059703743,82.802320105,-1.898128655,37.750912639,45.051407466
81.666666667,31.871066250,11.223658932,-1.416605255,0.551433980,0.012317719,-0.059878455,31.867145521,11.218604152,-1.416636496,0.551745376,0.012356197,-0.059834189,82.704224017,-1.904192967,37.690202457,45.014021560
81.700000000,31.874275417,11.205565900,-1.418603437,0.550816244,0.012324026,-0.060012858,31.870356961,11.200501109,-1.418633212,0.551129350,0.012362383,-0.059967265,82.605668921,-1.910347248,37.629089753,44.976579168
81.733333333,31.877445487,11.187486928,-1.420606144,0.550195157,0.012330729,-0.060149904,31.873529318,11.182412071,-1.420634409,0.550509957,0.012368967,-0.060102979,82.506660473,-1.916591785,37.567576804,44.939083668
81.766666667,31.880576445,11.169422199,-1.422613463,0.549570752,0.012337830,-0.060289602,31.876662574,11.164337220,-1.422640174,0.549887229,0.012375951,-0.060241342,82.407204403,-1.922926858,37.505665936,44.901538467
81.800000000,31.883668273,11.151371893,-1.424625484,0.548943063,0.012345328,-0.060431960,31.879756713,11.146276738,-1.424650596,0.549261199,0.012383334,-0.060382361,82.307306515,-1.929352745,37.443359517,44.863946998
81.833333333,31.886720954,11.133336189,-1.426642295,0.548312123,0.012353225,-0.060576988,31.882811719,11.128230804,-1.426665763,0.548631901,0.012391118,-0.060526046,82.206972687,-1.935869717,37.380659965,44.826312722
81.866666667,31.889734469,11.115315265,-1.428663986,0.547677966,0.012361520,-0.060724695,31.885827572,11.110199598,-1.428685765,0.547999369,0.012399302,-0.060672406,82.106208873,-1.942478039,37.317569746,44.788639126
81.900000000,31.892708801,11.097309299,-1.430690646,0.547040629,0.012370215,-0.060875088,31.888804257,11.092183296,-1.430710691,0.547363638,0.012407887,-0.060821450,82.005021100,-1.949177971,37.254091375,44.750929725
81.933333333,31.895643930,11.079318468,-1.432722364,0.546400145,0.012379310,-0.061028178,31.891741753,11.074182077,-1.432740631,0.546724743,0.012416875,-0.060973187,81.903415471,-1.955969768,37.190227413,44.713188058
81.966666667,31.898539837,11.061342946,-1.434759230,0.545756550,0.012388806,-0.061183973,31.894640044,11.056196116,-1.434775673,0.546082718,0.012426265,-0.061127624,81.801398165,-1.962853676,37.125980476,44.675417690
82.000000000,31.901396504,11.043382907,-1.436801336,0.545109881,0.012398702,-0.061342480,31.897499108,11.038225588,-1.436815910,0.545437601,0.012436058,-0.061284772,81.698975436,-1.969829936,37.061353226,44.637622210
82.033333333,31.904213909,11.025438525,-1.438848771,0.544460175,0.012408999,-0.061503710,31.900318929,11.020270666,-1.438861430,0.544789427,0.012446254,-0.061444638,81.596153615,-1.976898782,36.996348380,44.599805235
82.066666667,31.906992033,11.007509972,-1.440901626,0.543807469,0.012419698,-0.061667669,31.903099484,11.002331523,-1.440912325,0.544138234,0.012456853,-0.061607230,81.492939108,-1.984060441,36.930968706,44.561970402
82.100000000,31.909730856,10.989597418,-1.442959993,0.543151800,0.012430800,-0.061834366,31.905840755,10.984408331,-1.442968686,0.543484059,0.012467857,-0.061772557,81.389338399,-1.991315130,36.865217026,44.524121373
82.133333333,31.912430355,10.971701033,-1.445023963,0.542493207,0.012442303,-0.062003808,31.908542721,10.966501259,-1.445030604,0.542826940,0.012479266,-0.061940627,81.285358048,-1.998663061,36.799096214,44.486261834
82.166666667,31.915090511,10.953820986,-1.447093627,0.541831727,0.012454210,-0.062176005,31.911205360,10.948610477,-1.447098170,0.542166916,0.012491079,-0.062111447,81.181004693,-2.006104436,36.732609200,44.448395493
82.200000000,31.917711300,10.935957444,-1.449169077,0.541167402,0.012466520,-0.062350963,31.913828652,10.930736154,-1.449171478,0.541504024,0.012503298,-0.062285026,81.076285050,-2.013639448,36.665758971,44.410526079
82.233333333,31.920292701,10.918110574,-1.451250407,0.540500269,0.012479233,-0.062528690,31.916412575,10.912878456,-1.451250617,0.540838305,0.012515922,-0.062461372,80.971205911,-2.021268282,36.598548567,44.372657344
82.266666667,31.922834691,10.900280541,-1.453337707,0.539830369,0.012492349,-0.062709194,31.918957106,10.895037550,-1.453335682,0.540169799,0.012528952,-0.062640490,80.865774148,-2.028991112,36.530981089,44.334793059
82.300000000,31.925337246,10.882467509,-1.455431071,0.539157744,0.012505870,-0.062892481,31.921462223,10.877213599,-1.455426764,0.539498546,0.012542388,-0.062822390,80.759996711,-2.036808104,36.463059695,44.296937017
82.333333333,31.927800345,10.864671641,-1.457530591,0.538482433,0.012519795,-0.063078559,31.923927902,10.859406768,-1.457523956,0.538824586,0.012556231,-0.063007078,80.653880629,-2.044719412,36.394787600,44.259093029
82.366666667,31.930223962,10.846893098,-1.459636362,0.537804479,0.012534124,-0.063267434,31.926354122,10.841617219,-1.459627352,0.538147962,0.012570480,-0.063194560,80.547433009,-2.052725180,36.326168082,44.221264927
82.400000000,31.932608073,10.829132043,-1.461748475,0.537123923,0.012548858,-0.063459113,31.928740857,10.823845113,-1.461737044,0.537468714,0.012585136,-0.063384844,80.440661039,-2.060825541,36.257204479,44.183456560
82.433333333,31.934952655,10.811388632,-1.463867025,0.536440809,0.012563996,-0.063653602,31.931088084,10.806090610,-1.463853126,0.536786886,0.012600199,-0.063577937,80.333571986,-2.069020617,36.187900190,44.145671796
82.466666667,31.937257680,10.793663026,-1.465992106,0.535755180,0.012579539,-0.063850908,31.933395778,10.788353870,-1.465975692,0.536102521,0.012615669,-0.063773843,80.226173197,-2.077310518,36.118258679,44.107914518
82.500000000,31.939523125,10.775955381,-1.468123811,0.535067078,0.012595487,-0.064051037,31.935663913,10.770635049,-1.468104836,0.535415661,0.012631546,-0.063972570,80.118472099,-2.085695340,36.048283473,44.070188626
82.533333333,31.941748963,10.758265853,-1.470262235,0.534376549,0.012611840,-0.064253994,31.937892465,10.752934305,-1.470240652,0.534726351,0.012647830,-0.064174124,80.010476202,-2.094175168,35.977978163,44.032498039
82.566666667,31.943935167,10.740594597,-1.472407471,0.533683637,0.012628597,-0.064459784,31.940081408,10.735251793,-1.472383233,0.534034634,0.012664522,-0.064378509,79.902193094,-2.102750072,35.907346408,43.994846686
82.600000000,31.946081712,10.722941765,-1.474559616,0.532988387,0.012645760,-0.064668413,31.942230714,10.717587666,-1.474532676,0.533340557,0.012681621,-0.064585732,79.793630445,-2.111420111,35.836391932,43.957238513
82.633333333,31.948188569,10.705307511,-1.476718762,0.532290846,0.012663327,-0.064879887,31.944340358,10.699942079,-1.476689074,0.532644164,0.012699128,-0.064795797,79.684796009,-2.120185327,35.765118530,43.919677479
82.666666667,31.950255710,10.687691985,-1.478885006,0.531591058,0.012681299,-0.065094208,31.946410311,10.682315181,-1.478852521,0.531945502,0.012717042,-0.065008709,79.575697619,-2.129045748,35.693530063,43.882167556
82.700000000,31.952283109,10.670095336,-1.481058441,0.530889071,0.012699675,-0.065311383,31.948440548,10.664707125,-1.481023114,0.531244617,0.012735362,-0.065224473,79.466343192,-2.138001388,35.621630465,43.844712727
82.733333333,31.954270736,10.652517714,-1.483239164,0.530184933,0.012718456,-0.065531414,31.950431038,10.647118058,-1.483200948,0.530541555,0.012754090,-0.065443093,79.356740728,-2.147052244,35.549423741,43.807316987
82.766666667,31.956218561,10.634959266,-1.485427270,0.529478690,0.012737642,-0.065754307,31.952381754,10.629548129,-1.485386116,0.529836365,0.012773225,-0.065664572,79.246898308,-2.156198297,35.476913967,43.769984341
82.800000000,31.958126557,10.617420136,-1.487622854,0.528770392,0.012757231,-0.065980063,31.954292667,10.611997485,-1.487578716,0.529129094,0.012792766,-0.065888915,79.136824098,-2.165439512,35.404105295,43.732718803
82.833333333,31.959994692,10.599900471,-1.489826011,0.528060087,0.012777224,-0.066208687,31.956163747,10.594466270,-1.489778842,0.528419791,0.012812714,-0.066116124,79.026526348,-2.174775835,35.331001952,43.695524396
82.866666667,31.961822937,10.582400414,-1.492036837,0.527347825,0.012797620,-0.066440180,31.957994965,10.576954630,-1.491986589,0.527708506,0.012833068,-0.066346204,78.916013389,-2.184207196,35.257608240,43.658405149
82.900000000,31.963611260,10.564920106,-1.494255429,0.526633655,0.012818420,-0.066674546,31.959786290,10.559462706,-1.494202055,0.526995287,0.012853828,-0.066579155,78.805293640,-2.193733506,35.183928540,43.621365100
82.933333333,31.965359630,10.547459688,-1.496481881,0.525917628,0.012839622,-0.066911786,31.961537691,10.541990640,-1.496425334,0.526280186,0.012874993,-0.066814981,78.694375602,-2.203354656,35.109967309,43.584408292
82.966666667,31.967068015,10.530019300,-1.498716289,0.525199795,0.012861226,-0.067151902,31.963249137,10.524538573,-1.498656522,0.525563252,0.012896563,-0.067053682,78.583267861,-2.213070518,35.035729088,43.547538772
83.000000000,31.968736384,10.512599080,-1.500958750,0.524480207,0.012883233,-0.067394896,31.964920596,10.507106644,-1.500895716,0.524844537,0.012918538,-0.067295262,78.471979089,-2.222880945,34.961218497,43.510760592
83.033333333,31.970364704,10.495199165,-1.503209359,0.523758917,0.012905640,-0.067640767,31.966552036,10.489694989,-1.503143010,0.524124093,0.012940918,-0.067539720,78.360518044,-2.232785767,34.886440239,43.474077805
83.066666667,31.971952940,10.477819690,-1.505468213,0.523035978,0.012928448,-0.067889517,31.968143424,10.472303745,-1.505398502,0.523401972,0.012963701,-0.067787057,78.248893568,-2.242784795,34.811399100,43.437494468
83.100000000,31.973501061,10.460460790,-1.507735406,0.522311441,0.012951657,-0.068141145,31.969694727,10.454933048,-1.507662287,0.522678227,0.012986886,-0.068037274,78.137114591,-2.252877817,34.736099954,43.401014637
83.133333333,31.975009031,10.443122598,-1.510011036,0.521585362,0.012975265,-0.068395651,31.971205912,10.437583030,-1.509934461,0.521952912,0.013010475,-0.068290370,78.025190128,-2.263064598,34.660547760,43.364642368
83.166666667,31.976476816,10.425805244,-1.512295198,0.520857794,0.012999271,-0.068653034,31.972676945,10.420253824,-1.512215120,0.521226080,0.013034465,-0.068546345,77.913129281,-2.273344880,34.584747564,43.328381717
83.200000000,31.977904381,10.408508859,-1.514587987,0.520128793,0.013023676,-0.068913292,31.974107790,10.402945561,-1.514504360,0.520497786,0.013058857,-0.068805196,77.800941239,-2.283718381,34.508704503,43.292236736
83.233333333,31.979291690,10.391233573,-1.516889501,0.519398413,0.013048478,-0.069176424,31.975498413,10.385658371,-1.516802276,0.519768086,0.013083648,-0.069066924,77.688635279,-2.294184794,34.432423804,43.256211475
83.266666667,31.980638707,10.373979511,-1.519199834,0.518666710,0.013073677,-0.069442427,31.976848778,10.368392381,-1.519108965,0.519037034,0.013108839,-0.069331524,77.576220765,-2.304743789,34.355910789,43.220309976
83.300000000,31.981945397,10.356746800,-1.521519082,0.517933742,0.013099271,-0.069711298,31.978158849,10.351147718,-1.521424523,0.518304687,0.013134429,-0.069598995,77.463707148,-2.315395007,34.279170869,43.184536279
83.333333333,31.983211721,10.339535566,-1.523847340,0.517199565,0.013125259,-0.069983033,31.979428590,10.333924508,-1.523749045,0.517571102,0.013160417,-0.069869333,77.351103970,-2.326138064,34.202209555,43.148894415
83.366666667,31.984437642,10.322345930,-1.526184705,0.516464236,0.013151641,-0.070257628,31.980657963,10.316722874,-1.526082626,0.516836336,0.013186802,-0.070142535,77.238420857,-2.336972548,34.125032451,43.113388406
83.400000000,31.985623123,10.305178015,-1.528531271,0.515727815,0.013178416,-0.070535080,31.981846931,10.299542939,-1.528425362,0.516100447,0.013213582,-0.070418596,77.125667528,-2.347898021,34.047645262,43.078022267
83.433333333,31.986768124,10.288031941,-1.530887134,0.514990359,0.013205582,-0.070815381,31.982995456,10.282384825,-1.530777348,0.515363493,0.013240757,-0.070697512,77.012853789,-2.358914014,33.970053791,43.042799998
83.466666667,31.987872607,10.270907827,-1.533252388,0.514251928,0.013233138,-0.071098527,31.984103500,10.265248651,-1.533138679,0.514625534,0.013268326,-0.070979275,76.899989535,-2.370020029,33.892263943,43.007725592
83.500000000,31.988936532,10.253805791,-1.535627128,0.513512582,0.013261083,-0.071384511,31.985171023,10.248134535,-1.535509451,0.513886630,0.013296287,-0.071263882,76.787084751,-2.381215538,33.814281725,42.972803026
83.533333333,31.989959860,10.236725949,-1.538011448,0.512772382,0.013289416,-0.071673326,31.986197985,10.231042594,-1.537889756,0.513146839,0.013324639,-0.071551323,76.674149512,-2.392499983,33.736113251,42.938036261
83.566666667,31.990942548,10.219668415,-1.540405444,0.512031388,0.013318135,-0.071964964,31.987184348,10.213972944,-1.540279691,0.512406224,0.013353381,-0.071841593,76.561193982,-2.403872772,33.657764737,42.903429245
83.600000000,31.991884558,10.202633302,-1.542809208,0.511289662,0.013347240,-0.072259417,31.988130069,10.196925698,-1.542679349,0.511664846,0.013382511,-0.072134683,76.448228417,-2.415333283,33.579242510,42.868985907
83.633333333,31.992785846,10.185620723,-1.545222835,0.510547267,0.013376727,-0.072556675,31.989035108,10.179900970,-1.545088825,0.510922765,0.013412029,-0.072430584,76.335263161,-2.426880860,33.500553003,42.834710158
83.666666667,31.993646371,10.168630787,-1.547646417,0.509804265,0.013406597,-0.072856728,31.989899424,10.162898870,-1.547508210,0.510180046,0.013441932,-0.072729286,76.222308652,-2.438514813,33.421702763,42.800605889
83.700000000,31.994466090,10.151663603,-1.550080048,0.509060720,0.013436847,-0.073159565,31.990722974,10.145919507,-1.549937600,0.509436751,0.013472219,-0.073030779,76.109375415,-2.450234416,33.342698447,42.766676969
83.733333333,31.995244960,10.134719279,-1.552523820,0.508316695,0.013467476,-0.073465176,31.991505716,10.128962990,-1.552377086,0.508692943,0.013502889,-0.073335053,75.996474070,-2.462038909,33.263546826,42.732927244
83.766666667,31.995982937,10.117797921,-1.554977826,0.507572255,0.013498482,-0.073773549,31.992247606,10.112029426,-1.554826761,0.507948688,0.013533939,-0.073642095,75.883615326,-2.473927495,33.184254789,42.699360537
83.800000000,31.996679978,10.100899631,-1.557442158,0.506827466,0.013529863,-0.074084669,31.992948601,10.095118919,-1.557286717,0.507204049,0.013565368,-0.073951893,75.770809983,-2.485899340,33.104829339,42.665980645
83.833333333,31.997336036,10.084024515,-1.559916906,0.506082393,0.013561617,-0.074398524,31.993608656,10.078231574,-1.559757046,0.506459092,0.013597174,-0.074264434,75.658068936,-2.497953572,33.025277599,42.632791336
83.866666667,31.997951068,10.067172671,-1.562402163,0.505337102,0.013593742,-0.074715098,31.994227726,10.061367491,-1.562237839,0.505713884,0.013629355,-0.074579702,75.545403168,-2.510089280,32.945606815,42.599796352
83.900000000,31.998525027,10.050344201,-1.564898017,0.504591661,0.013626237,-0.075034376,31.994805767,10.044526772,-1.564729186,0.504968491,0.013661910,-0.074897684,75.432823756,-2.522305514,32.865824352,42.566999404
83.933333333,31.999057867,10.033539203,-1.567404559,0.503846137,0.013659099,-0.075356343,31.995342732,10.027709516,-1.567231179,0.504222981,0.013694835,-0.075218363,75.320341869,-2.534601282,32.785937699,42.534404169
83.966666667,31.999549541,10.016757773,-1.569921879,0.503100598,0.013692326,-0.075680979,31.995838575,10.010915820,-1.569743906,0.503477420,0.013728130,-0.075541722,75.207970201,-2.546976860,32.705952678,42.502017523
84.000000000,32.000000000,10.000000000,-1.572450064,0.502355115,0.013725916,-0.076008274,31.996293249,9.994145781,-1.572267456,0.502731879,0.013761792,-0.075867747,75.095717530,-2.559427083,32.625883606,42.469833924
84.033333333,32.000409199,9.983265990,-1.574989204,0.501609753,0.013759866,-0.076338189,31.996706706,9.977399491,-1.574801919,0.501986425,0.013795818,-0.076196413,74.983594538,-2.571942902,32.545753227,42.437841311
84.066666667,32.000777088,9.966555828,-1.577539384,0.500864584,0.013794174,-0.076670684,31.997078898,9.960677045,-1.577347380,0.501241128,0.013830206,-0.076527680,74.871615385,-2.584518178,32.465580426,42.406034958
84.100000000,32.001103618,9.949869605,-1.580100691,0.500119678,0.013828837,-0.077005703,31.997409777,9.943978534,-1.579903927,0.500496058,0.013864953,-0.076861501,74.759789535,-2.597148819,32.385377808,42.374411728
84.133333333,32.001388739,9.933207411,-1.582673206,0.499375105,0.013863852,-0.077343194,31.997699294,9.927304047,-1.582471644,0.499751285,0.013900057,-0.077197822,74.648127890,-2.609833790,32.305152810,42.342975080
84.166666667,32.001632401,9.916569332,-1.585257012,0.498630936,0.013899214,-0.077683107,31.997947398,9.910653672,-1.585050612,0.499006879,0.013935513,-0.077536591,74.536641372,-2.622571971,32.224913050,42.311728323
84.200000000,32.001834553,9.899955453,-1.587852188,0.497887240,0.013934921,-0.078025391,31.998154039,9.894027497,-1.587640913,0.498262911,0.013971318,-0.077877759,74.425340930,-2.635362158,32.144666314,42.280674616
84.233333333,32.001995144,9.883365860,-1.590458813,0.497144090,0.013970967,-0.078369997,31.998319168,9.877425605,-1.590242626,0.497519451,0.014007468,-0.078221275,74.314237534,-2.648203075,32.064420547,42.249816987
84.266666667,32.002114123,9.866800636,-1.593076964,0.496401555,0.014007349,-0.078716878,31.998442731,9.860848081,-1.592855829,0.496776571,0.014043958,-0.078567091,74.203342178,-2.661093370,31.984183839,42.219158339
84.300000000,32.002191436,9.850259860,-1.595706714,0.495659707,0.014044061,-0.079065983,31.998524678,9.844295007,-1.595480596,0.496034341,0.014080784,-0.078915158,74.092665877,-2.674031629,31.903964422,42.188701455
84.333333333,32.002227032,9.833743613,-1.598348138,0.494918617,0.014081099,-0.079417267,31.998564957,9.827766462,-1.598117003,0.495292833,0.014117941,-0.079265428,73.982219671,-2.687016371,31.823770660,42.158449011
84.366666667,32.002220857,9.817251973,-1.601001308,0.494178357,0.014118457,-0.079770680,31.998563513,9.811262527,-1.600765121,0.494552117,0.014155425,-0.079617854,73.872014618,-2.700046059,31.743611042,42.128403576
84.400000000,32.002172857,9.800785016,-1.603666293,0.493438998,0.014156132,-0.080126176,31.998520295,9.794783278,-1.603425023,0.493812266,0.014193229,-0.079972387,73.762061799,-2.713119095,31.663494179,42.098567620
84.433333333,32.002082977,9.784342818,-1.606343163,0.492700612,0.014194116,-0.080483706,31.998435247,9.778328792,-1.606096777,0.493073351,0.014231349,-0.080328980,73.652372313,-2.726233828,31.583428795,42.068943518
84.466666667,32.001951164,9.767925453,-1.609031984,0.491963271,0.014232406,-0.080843223,31.998308316,9.761899142,-1.608780451,0.492335444,0.014269780,-0.080687585,73.542957280,-2.739388556,31.503423725,42.039533555
84.500000000,32.001777362,9.751532992,-1.611732821,0.491227047,0.014270994,-0.081204677,31.998139448,9.745494403,-1.611476112,0.491598618,0.014308516,-0.081048153,73.433827840,-2.752581523,31.423487914,42.010339926
84.533333333,32.001561515,9.735165507,-1.614445739,0.490492012,0.014309877,-0.081568021,31.997928585,9.729114645,-1.614183825,0.490862943,0.014347551,-0.081410637,73.324995151,-2.765810928,31.343630406,41.981364745
84.566666667,32.001303567,9.718823065,-1.617170800,0.489758240,0.014349046,-0.081933206,31.997675674,9.712759938,-1.616903651,0.490128494,0.014386879,-0.081774987,73.216470387,-2.779074920,31.263860347,41.952610039
84.600000000,32.001003461,9.702505736,-1.619908063,0.489025802,0.014388498,-0.082300181,31.997380657,9.696430351,-1.619635653,0.489395342,0.014426494,-0.082141155,73.108264742,-2.792371602,31.184186982,41.924077760
84.633333333,32.000661141,9.686213586,-1.622657589,0.488294772,0.014428225,-0.082668897,31.997043478,9.680125951,-1.622379890,0.488663560,0.014466391,-0.082509089,73.000389425,-2.805699034,31.104619648,41.895769777
84.666666667,32.000276548,9.669946678,-1.625419433,0.487565222,0.014468222,-0.083039303,31.996664079,9.663846803,-1.625136421,0.487933221,0.014506564,-0.082878741,72.892855661,-2.819055229,31.025167776,41.867687886
84.700000000,31.999849625,9.653705077,-1.628193653,0.486837226,0.014508482,-0.083411348,31.996242404,9.647592972,-1.627905302,0.487204397,0.014547006,-0.083250058,72.785674693,-2.832438159,30.945840887,41.839833805
84.733333333,31.999380314,9.637488845,-1.630980300,0.486110856,0.014548999,-0.083784980,31.995778394,9.631364521,-1.630686587,0.486477163,0.014587710,-0.083622990,72.678857774,-2.845845753,30.866648593,41.812209180
84.766666667,31.998868555,9.621298041,-1.633779428,0.485386187,0.014589767,-0.084160145,31.995271990,9.615161510,-1.633480329,0.485751592,0.014628672,-0.083997483,72.572416175,-2.859275898,30.787600591,41.784815584
84.800000000,31.998314289,9.605132726,-1.636591087,0.484663291,0.014630780,-0.084536792,31.994723133,9.598983999,-1.636286580,0.485027756,0.014669883,-0.084373485,72.466361178,-2.872726441,30.708706663,41.757654515
84.833333333,31.997717456,9.588992956,-1.639415325,0.483942243,0.014672029,-0.084914865,31.994131765,9.582832048,-1.639105389,0.484305730,0.014711338,-0.084750943,72.360704078,-2.886195189,30.629976676,41.730727402
84.866666667,31.997077997,9.572878788,-1.642252188,0.483223115,0.014713510,-0.085294309,31.993497825,9.566705712,-1.641936803,0.483585588,0.014753030,-0.085129800,72.255456183,-2.899679906,30.551420579,41.704035604
84.900000000,31.996395850,9.556790277,-1.645101722,0.482505983,0.014755216,-0.085675070,31.992821253,9.550605048,-1.644780869,0.482867402,0.014794952,-0.085510003,72.150628810,-2.913178321,30.473048404,41.677580406
84.933333333,31.995670955,9.540727476,-1.647963969,0.481790920,0.014797139,-0.086057089,31.992101989,9.534530109,-1.647637629,0.482151248,0.014837098,-0.085891495,72.046233288,-2.926688119,30.394870261,41.651363027
84.966666667,31.994903251,9.524690436,-1.650838970,0.481078001,0.014839273,-0.086440310,31.991339972,9.518480949,-1.650507127,0.481437199,0.014879461,-0.086274218,71.942280953,-2.940206952,30.316896338,41.625384615
85.000000000,31.994092676,9.508679210,-1.653726765,0.480367299,0.014881611,-0.086824674,31.990535139,9.502457618,-1.653389402,0.480725329,0.014922033,-0.086658115,71.838783152,-2.953732429,30.239136904,41.599646248
85.033333333,31.993239167,9.492693845,-1.656627391,0.479658889,0.014924146,-0.087210122,31.989687429,9.486460166,-1.656284492,0.480015714,0.014964809,-0.087043127,71.735751238,-2.967262125,30.161602301,41.574148937
85.066666667,31.992342662,9.476734389,-1.659540882,0.478952846,0.014966871,-0.087596594,31.988796781,9.470488643,-1.659192434,0.479308427,0.015007780,-0.087429195,71.633196570,-2.980793576,30.084302947,41.548893623
85.100000000,31.991403098,9.460800890,-1.662467272,0.478249244,0.015009779,-0.087984029,31.987863131,9.454543095,-1.662113262,0.478603542,0.015050941,-0.087816257,71.531130516,-2.994324280,30.007249335,41.523881181
85.133333333,31.990420412,9.444893392,-1.665406592,0.477548158,0.015052862,-0.088372365,31.986886417,9.438623568,-1.665047007,0.477901136,0.015094283,-0.088204253,71.429564446,-3.007851701,29.930452030,41.499112417
85.166666667,31.989394540,9.429011938,-1.668358871,0.476849662,0.015096115,-0.088761538,31.985866574,9.422730107,-1.667993700,0.477201281,0.015137800,-0.088593119,71.328509735,-3.021373264,29.853921667,41.474588068
85.200000000,31.988325419,9.413156572,-1.671324135,0.476153833,0.015139528,-0.089151486,31.984803541,9.406862755,-1.670953369,0.476504055,0.015181483,-0.088982793,71.227977761,-3.034886362,29.777668954,41.450308807
85.233333333,31.987212984,9.397327334,-1.674302410,0.475460744,0.015183096,-0.089542144,31.983697251,9.391021552,-1.673926040,0.475809530,0.015225327,-0.089373210,71.127979903,-3.048388349,29.701704666,41.426275238
85.266666667,31.986057170,9.381524263,-1.677293718,0.474770471,0.015226810,-0.089933445,31.982547641,9.375206541,-1.676911736,0.475117783,0.015269324,-0.089764306,71.028527543,-3.061876546,29.626039645,41.402487899
85.300000000,31.984857912,9.365747398,-1.680298079,0.474083089,0.015270664,-0.090325323,31.981354647,9.359417759,-1.679910478,0.474428888,0.015313465,-0.090156012,70.929632062,-3.075348240,29.550684801,41.378947261
85.333333333,31.983615145,9.349996777,-1.683315511,0.473398673,0.015314649,-0.090717710,31.980118202,9.343655244,-1.682922287,0.473742921,0.015357744,-0.090548264,70.831304838,-3.088800682,29.475651107,41.355653731
85.366666667,31.982328803,9.334272434,-1.686346031,0.472717299,0.015358759,-0.091110539,31.978838243,9.327919034,-1.685947179,0.473059956,0.015402153,-0.090940992,70.733557251,-3.102231093,29.400949601,41.332607650
85.400000000,31.980998821,9.318574404,-1.689389651,0.472039042,0.015402985,-0.091503739,31.977514702,9.312209162,-1.688985169,0.472380070,0.015446684,-0.091334128,70.636400673,-3.115636657,29.326591380,41.309809293
85.433333333,31.979625131,9.302902720,-1.692446384,0.471363977,0.015447319,-0.091897240,31.976147513,9.296525662,-1.692036269,0.471703338,0.015491330,-0.091727601,70.539846474,-3.129014529,29.252587604,41.287258871
85.466666667,31.978207667,9.287257413,-1.695516237,0.470692179,0.015491755,-0.092290971,31.974736611,9.280868568,-1.695100489,0.471029834,0.015536083,-0.092121341,70.443906020,-3.142361831,29.178949489,41.264956531
85.500000000,31.976746363,9.271638514,-1.698599217,0.470023725,0.015536285,-0.092684859,31.973281928,9.265237910,-1.698177837,0.470359635,0.015580936,-0.092515276,70.348590667,-3.155675653,29.105688309,41.242902359
85.533333333,31.975241150,9.256046053,-1.701695329,0.469358690,0.015580899,-0.093078831,31.971783398,9.249633717,-1.701268318,0.469692816,0.015625879,-0.092909332,70.253911766,-3.168953055,29.032815392,41.221096374
85.566666667,31.973691962,9.240480056,-1.704804574,0.468697148,0.015625592,-0.093472813,31.970240953,9.234056019,-1.704371936,0.469029453,0.015670906,-0.093303437,70.159880656,-3.182191068,28.960342120,41.199538536
85.600000000,31.972098730,9.224940551,-1.707926950,0.468039177,0.015670354,-0.093866729,31.968654525,9.218504842,-1.707488689,0.468369621,0.015716008,-0.093697516,70.066508667,-3.195386693,28.888279924,41.178228743
85.633333333,31.970461386,9.209427562,-1.711062455,0.467384852,0.015715178,-0.094260505,31.967024047,9.202980213,-1.710618577,0.467713396,0.015761178,-0.094091493,69.973807119,-3.208536902,28.816640287,41.157166832
85.666666667,31.968779862,9.193941114,-1.714211083,0.466734247,0.015760055,-0.094654062,31.965349450,9.187482155,-1.713761595,0.467060853,0.015806406,-0.094485291,69.881787316,-3.221638639,28.745434736,41.136352580
85.700000000,31.967054090,9.178481229,-1.717372824,0.466087440,0.015804978,-0.095047323,31.963630666,9.172010694,-1.716917735,0.466412069,0.015851686,-0.094878833,69.790460550,-3.234688824,28.674674844,41.115785706
85.733333333,31.965284000,9.163047929,-1.720547668,0.465444504,0.015849939,-0.095440209,31.961867625,9.156565849,-1.720086987,0.465767117,0.015897009,-0.095272041,69.699838096,-3.247684347,28.604372227,41.095465869
85.766666667,31.963469522,9.147641234,-1.723735600,0.464805517,0.015894928,-0.095832640,31.960060259,9.141147644,-1.723269339,0.465126076,0.015942367,-0.095664836,69.609931214,-3.260622075,28.534538540,41.075392674
85.800000000,31.961610588,9.132261162,-1.726936605,0.464170553,0.015939938,-0.096224536,31.958208499,9.125756096,-1.726464776,0.464489019,0.015987751,-0.096057137,69.520751143,-3.273498850,28.465185475,41.055565668
85.833333333,31.959707128,9.116907731,-1.730150664,0.463539688,0.015984961,-0.096615816,31.956312275,9.110391225,-1.729673280,0.463856022,0.016033153,-0.096448864,69.432309104,-3.286311491,28.396324762,41.035984342
85.866666667,31.957759072,9.101580959,-1.733377753,0.462912998,0.016029988,-0.097006398,31.954371517,9.095053047,-1.732894831,0.463227162,0.016078565,-0.096839934,69.344616297,-3.299056794,28.327968160,41.016648137
85.900000000,31.955766349,9.086280860,-1.736617849,0.462290558,0.016075011,-0.097396197,31.952386154,9.079741579,-1.736129404,0.462602513,0.016123978,-0.097230265,69.257683899,-3.311731533,28.260127462,40.997556437
85.933333333,31.953728889,9.071007447,-1.739870924,0.461672444,0.016120022,-0.097785131,31.950356117,9.064456835,-1.739376975,0.461982150,0.016169384,-0.097619774,69.171523063,-3.324332464,28.192814485,40.978708578
85.966666667,31.951646621,9.055760735,-1.743136948,0.461058730,0.016165011,-0.098173115,31.948281336,9.049198828,-1.742637515,0.461366151,0.016214774,-0.098008376,69.086144915,-3.336856321,28.126041070,40.960103845
86.000000000,31.949519475,9.040540734,-1.746415888,0.460449493,0.016209971,-0.098560063,31.946161738,9.033967572,-1.745910991,0.460754588,0.016260140,-0.098395986,69.001560557,-3.349299821,28.059819083,40.941741473
86.033333333,31.947347380,9.025347454,-1.749707707,0.459844807,0.016254892,-0.098945889,31.943997254,9.018763075,-1.749197369,0.460147539,0.016305473,-0.098782519,68.917781059,-3.361659665,27.994160406,40.923620654
86.066666667,31.945130263,9.010180906,-1.753012367,0.459244748,0.016299767,-0.099330506,31.941787812,9.003585350,-1.752496612,0.459545078,0.016350764,-0.099167887,68.834817465,-3.373932534,27.929076935,40.905740529
86.100000000,31.942868053,8.995041096,-1.756329826,0.458649390,0.016344586,-0.099713826,31.939533340,8.988434404,-1.755808679,0.458947280,0.016396004,-0.099552004,68.752680782,-3.386115101,27.864580582,40.888100200
86.133333333,31.940560680,8.979928032,-1.759660040,0.458058809,0.016389340,-0.100095762,31.937233767,8.973310244,-1.759133528,0.458354221,0.016441186,-0.099934781,68.671381989,-3.398204019,27.800683265,40.870698724
86.166666667,31.938208070,8.964841719,-1.763002960,0.457473079,0.016434022,-0.100476223,31.934889021,8.958212878,-1.762471112,0.457765974,0.016486299,-0.100316129,68.590932026,-3.410195934,27.737396909,40.853535117
86.200000000,31.935810151,8.949782162,-1.766358537,0.456892275,0.016478622,-0.100855120,31.932499030,8.943142309,-1.765821382,0.457182616,0.016531336,-0.100695960,68.511341799,-3.422087479,27.674733440,40.836608359
86.233333333,31.933366852,8.934749363,-1.769726716,0.456316472,0.016523132,-0.101232364,31.930063722,8.928098542,-1.769184286,0.456604220,0.016576288,-0.101074182,68.432622173,-3.433875277,27.612704784,40.819917389
86.266666667,31.930878099,8.919743326,-1.773107440,0.455745743,0.016567542,-0.101607861,31.927583023,8.913081580,-1.772559768,0.456030861,0.016621144,-0.101450706,68.354783977,-3.445555945,27.551322863,40.803461114
86.300000000,31.928343821,8.904764050,-1.776500651,0.455180165,0.016611844,-0.101981523,31.925056863,8.898091424,-1.775947772,0.455462613,0.016665897,-0.101825440,68.277837995,-3.457126093,27.490599588,40.787238407
86.333333333,31.925763944,8.889811535,-1.779906285,0.454619809,0.016656028,-0.102353255,31.922485167,8.883128074,-1.779348234,0.454899551,0.016710538,-0.102198292,68.201794970,-3.468582325,27.430546860,40.771248110
86.366666667,31.923138395,8.874885781,-1.783324277,0.454064751,0.016700087,-0.102722966,31.919867863,8.868191531,-1.782761092,0.454341749,0.016755057,-0.102569170,68.126665597,-3.479921242,27.371176563,40.755489034
86.400000000,31.920467101,8.859986785,-1.786754557,0.453515064,0.016744010,-0.103090562,31.917204877,8.853281791,-1.786186278,0.453789280,0.016799446,-0.102937981,68.052460528,-3.491139445,27.312500562,40.739959966
86.433333333,31.917749989,8.845114543,-1.790197053,0.452970822,0.016787789,-0.103455950,31.914496137,8.838398853,-1.789623721,0.453242218,0.016843695,-0.103304631,67.979190364,-3.502233532,27.254530698,40.724659666
86.466666667,31.914986985,8.830269050,-1.793651691,0.452432098,0.016831415,-0.103819036,31.911741569,8.823542711,-1.793073347,0.452700637,0.016887795,-0.103669027,67.906865656,-3.513200103,27.197278783,40.709586873
86.500000000,31.912178016,8.815450300,-1.797118392,0.451898966,0.016874879,-0.104179725,31.908941100,8.808713360,-1.796535081,0.452164610,0.016931738,-0.104031075,67.835496903,-3.524035763,27.140756599,40.694740304
86.533333333,31.909323008,8.800658287,-1.800597074,0.451371497,0.016918171,-0.104537923,31.906094655,8.793910795,-1.800008841,0.451634210,0.016975514,-0.104390679,67.765094550,-3.534737119,27.084975891,40.680118658
86.566666667,31.906421887,8.785893001,-1.804087653,0.450849765,0.016961284,-0.104893534,31.903202161,8.779135008,-1.803494546,0.451109510,0.017019113,-0.104747745,67.695668986,-3.545300786,27.029948365,40.665720621
86.600000000,31.903474580,8.771154435,-1.807590042,0.450333843,0.017004206,-0.105246463,31.900263543,8.764385990,-1.806992109,0.450590583,0.017062527,-0.105102178,67.627230544,-3.555723387,26.975685681,40.651544862
86.633333333,31.900481011,8.756442578,-1.811104148,0.449823802,0.017046931,-0.105596615,31.897278729,8.749663731,-1.810501440,0.450077500,0.017105747,-0.105453882,67.559789495,-3.566001554,26.922199452,40.637590043
86.666666667,31.897441108,8.741757418,-1.814629878,0.449319715,0.017089447,-0.105943893,31.894247643,8.734968222,-1.814022447,0.449570334,0.017148763,-0.105802761,67.493356051,-3.576131931,26.869501235,40.623854815
86.700000000,31.894354795,8.727098942,-1.818167134,0.448821653,0.017131747,-0.106288202,31.891170211,8.720299448,-1.817555033,0.449069156,0.017191567,-0.106148719,67.427940358,-3.586111176,26.817602533,40.610337825
86.733333333,31.891221998,8.712467138,-1.821715816,0.448329687,0.017173821,-0.106629445,31.888046358,8.705657399,-1.821099101,0.448574039,0.017234148,-0.106491660,67.363552501,-3.595935962,26.766514786,40.597037715
86.766666667,31.888042644,8.697861991,-1.825275821,0.447843889,0.017215659,-0.106967525,31.884876011,8.691042060,-1.824654548,0.448085053,0.017276497,-0.106831489,67.300202493,-3.605602979,26.716249365,40.583953129
86.800000000,31.884816656,8.683283484,-1.828847040,0.447364329,0.017257254,-0.107302347,31.881659095,8.676453415,-1.828221269,0.447602269,0.017318606,-0.107168107,67.237900283,-3.615108936,26.666817573,40.571082711
86.833333333,31.881543961,8.668731601,-1.832429364,0.446891077,0.017298595,-0.107633815,31.878395534,8.661891449,-1.831799154,0.447125758,0.017360465,-0.107501419,67.176655746,-3.624450563,26.618230636,40.558425111
86.866666667,31.878224484,8.654206325,-1.836022679,0.446424204,0.017339673,-0.107961831,31.875085254,8.647356145,-1.835388093,0.446655590,0.017402065,-0.107831329,67.116478685,-3.633624614,26.570499699,40.545978986
86.900000000,31.874858150,8.639707636,-1.839626870,0.445963779,0.017380480,-0.108286300,31.871728181,8.632847484,-1.838987969,0.446191835,0.017443397,-0.108157741,67.057378829,-3.642627866,26.523635825,40.533743004
86.933333333,31.871444884,8.625235514,-1.843241814,0.445509872,0.017421006,-0.108607125,31.868324238,8.618365447,-1.842598666,0.445734563,0.017484450,-0.108480557,66.999365829,-3.651457124,26.477649984,40.521715845
86.966666667,31.867984611,8.610789939,-1.846867391,0.445062551,0.017461242,-0.108924210,31.864873352,8.603910013,-1.846220060,0.445283842,0.017525217,-0.108799682,66.942449259,-3.660109220,26.432553052,40.509896207
87.000000000,31.864477257,8.596370889,-1.850503473,0.444621886,0.017501178,-0.109237460,31.861375446,8.589481162,-1.849852029,0.444839741,0.017565688,-0.109115020,66.886638612,-3.668581019,26.388355809,40.498282804
87.033333333,31.860922746,8.581978340,-1.854149931,0.444187944,0.017540807,-0.109546779,31.857830447,8.575078870,-1.853494443,0.444402329,0.017605854,-0.109426475,66.831943299,-3.676869416,26.345068927,40.486874372
87.066666667,31.857321003,8.567612269,-1.857806633,0.443760792,0.017580118,-0.109852071,31.854238278,8.560703115,-1.857147172,0.443971673,0.017645705,-0.109733952,66.778372644,-3.684971342,26.302702972,40.475669673
87.100000000,31.853671953,8.553272650,-1.861473442,0.443340499,0.017619103,-0.110153243,31.850598865,8.546353872,-1.860810081,0.443547842,0.017685232,-0.110037355,66.725935889,-3.692883765,26.261268396,40.464667493
87.133333333,31.849975521,8.538959458,-1.865150220,0.442927131,0.017657752,-0.110450198,31.846912132,8.532031116,-1.864483034,0.443130902,0.017724426,-0.110336590,66.674642184,-3.700603691,26.220775532,40.453866652
87.166666667,31.846231632,8.524672665,-1.868836824,0.442520754,0.017696057,-0.110742844,31.843178004,8.517734820,-1.868165890,0.442720919,0.017763278,-0.110631563,66.624500591,-3.708128165,26.181234593,40.443265998
87.200000000,31.842440211,8.510412244,-1.872533110,0.442121435,0.017734008,-0.111031086,31.839396405,8.503464957,-1.871858504,0.442317961,0.017801779,-0.110922179,66.575520079,-3.715454277,26.142655661,40.432864418
87.233333333,31.838601182,8.496178165,-1.876238928,0.441729239,0.017771597,-0.111314831,31.835567261,8.489221498,-1.875560731,0.441922093,0.017839920,-0.111208346,66.527709523,-3.722579159,26.105048687,40.422660836
87.266666667,31.834714470,8.481970398,-1.879954128,0.441344230,0.017808814,-0.111593988,31.831690496,8.475004415,-1.879272420,0.441533379,0.017877692,-0.111489970,66.481077701,-3.729499990,26.068423484,40.412654217
87.300000000,31.830780001,8.467788914,-1.883678556,0.440966473,0.017845651,-0.111868464,31.827766034,8.460813676,-1.882993418,0.441151885,0.017915085,-0.111766960,66.435633295,-3.736213999,26.032789726,40.402843569
87.333333333,31.826797698,8.453633678,-1.887412052,0.440596032,0.017882099,-0.112138169,31.823793800,8.446649251,-1.886723570,0.440777675,0.017952091,-0.112039223,66.391384886,-3.742718463,25.998156938,40.393227948
87.366666667,31.822767488,8.439504659,-1.891154458,0.440232971,0.017918149,-0.112403011,31.819773719,8.432511107,-1.890462716,0.440410812,0.017988700,-0.112306670,66.348340952,-3.749010711,25.964534493,40.383806460
87.400000000,31.818689294,8.425401823,-1.894905608,0.439877352,0.017953792,-0.112662901,31.815705715,8.418399211,-1.894210694,0.440051359,0.018024904,-0.112569209,66.306509870,-3.755088128,25.931931611,40.374578259
87.433333333,31.814563041,8.411325136,-1.898665338,0.439529237,0.017989020,-0.112917751,31.811589713,8.404313529,-1.897967340,0.439699380,0.018060695,-0.112826753,66.265899909,-3.760948154,25.900357351,40.365542558
87.466666667,31.810388654,8.397274560,-1.902433477,0.439188688,0.018023823,-0.113167473,31.807425638,8.390254025,-1.901732484,0.439354936,0.018096062,-0.113079212,66.226519231,-3.766588285,25.869820605,40.356698626
87.500000000,31.806166059,8.383250060,-1.906209852,0.438855767,0.018058194,-0.113411980,31.803213414,8.376220664,-1.905505957,0.439018088,0.018130998,-0.113326499,66.188375890,-3.772006079,25.840330100,40.348045790
87.533333333,31.801895180,8.369251598,-1.909994290,0.438530533,0.018092123,-0.113651186,31.798952967,8.362213409,-1.909287584,0.438688897,0.018165493,-0.113568529,66.151477826,-3.777199154,25.811894385,40.339583440
87.566666667,31.797575943,8.355279135,-1.913786610,0.438213046,0.018125603,-0.113885006,31.794644220,8.348232221,-1.913077189,0.438367423,0.018199539,-0.113805215,66.115832868,-3.782165192,25.784521835,40.331311034
87.600000000,31.793208271,8.341332633,-1.917586634,0.437903365,0.018158624,-0.114113357,31.790287099,8.334277062,-1.916874592,0.438053726,0.018233128,-0.114036473,66.081448730,-3.786901938,25.758220639,40.323228092
87.633333333,31.788792091,8.327412050,-1.921394176,0.437601550,0.018191178,-0.114336157,31.785881528,8.320347892,-1.920679610,0.437747865,0.018266251,-0.114262221,66.048333009,-3.791407205,25.732998802,40.315334207
87.666666667,31.784327328,8.313517345,-1.925209051,0.437307658,0.018223258,-0.114553323,31.781427433,8.306444671,-1.924492059,0.437449898,0.018298900,-0.114482376,66.016493181,-3.795678875,25.708864138,40.307629043
87.700000000,31.779813906,8.299648477,-1.929031069,0.437021745,0.018254855,-0.114764776,31.776924738,8.292567357,-1.928311751,0.437159882,0.018331065,-0.114696858,65.985936607,-3.799714899,25.685824268,40.300112339
87.733333333,31.775251751,8.285805402,-1.932860038,0.436743870,0.018285960,-0.114970438,31.772373369,8.278715907,-1.932138496,0.436877874,0.018362739,-0.114905586,65.956670520,-3.803513297,25.663886611,40.292783909
87.766666667,31.770640789,8.271988076,-1.936695765,0.436474087,0.018316565,-0.115170231,31.767773250,8.264890278,-1.935972100,0.436603931,0.018393914,-0.115108485,65.928702033,-3.807072167,25.643058388,40.285643645
87.800000000,31.765980945,8.258196454,-1.940538052,0.436212451,0.018346664,-0.115364078,31.763124306,8.251090427,-1.939812367,0.436338109,0.018424582,-0.115305475,65.902038132,-3.810389677,25.623346610,40.278691522
87.833333333,31.761272144,8.244430491,-1.944386700,0.435959018,0.018376247,-0.115551906,31.758426464,8.237316307,-1.943659101,0.436080460,0.018454734,-0.115496483,65.876685676,-3.813464073,25.604758082,40.271927595
87.866666667,31.756514313,8.230690140,-1.948241507,0.435713839,0.018405307,-0.115733642,31.753679648,8.223567873,-1.947512099,0.435831041,0.018484362,-0.115681435,65.852651396,-3.816293679,25.587299393,40.265352003
87.900000000,31.751707376,8.216975353,-1.952102268,0.435476970,0.018433836,-0.115909215,31.748883783,8.209845078,-1.951371159,0.435589904,0.018513459,-0.115860258,65.829941889,-3.818876894,25.570976917,40.258964972
87.933333333,31.746851260,8.203286083,-1.955968778,0.435248461,0.018461826,-0.116078554,31.744038796,8.196147874,-1.955236075,0.435357101,0.018542017,-0.116032882,65.808563625,-3.821212202,25.555796809,40.252766817
87.966666667,31.741945891,8.189622280,-1.959840827,0.435028363,0.018489271,-0.116241592,31.739144611,8.182476213,-1.959106640,0.435132685,0.018570028,-0.116199237,65.788522936,-3.823298165,25.541764998,40.246757938
88.000000000,31.736991195,8.175983894,-1.963718204,0.434816728,0.018516162,-0.116398261,31.734201156,8.168830046,-1.962982643,0.434916705,0.018597484,-0.116359258,65.769826021,-3.825133427,25.528887190,40.240938831
88.033333333,31.731987098,8.162370874,-1.967600696,0.434613605,0.018542493,-0.116548499,31.729208354,8.155209322,-1.966863872,0.434709214,0.018624379,-0.116512877,65.752478940,-3.826716717,25.517168860,40.235310080
88.066666667,31.726933527,8.148783169,-1.971488086,0.434419043,0.018568256,-0.116692241,31.724166134,8.141613990,-1.970750113,0.434510258,0.018650704,-0.116660033,65.736487617,-3.828046849,25.506615253,40.229872364
88.100000000,31.721830407,8.135220725,-1.975380159,0.434233090,0.018593443,-0.116829428,31.719074419,8.128043998,-1.974641149,0.434319889,0.018676452,-0.116800661,65.721857836,-3.829122720,25.497231379,40.224626456
88.133333333,31.716677665,8.121683491,-1.979276694,0.434055793,0.018618049,-0.116959999,31.713933138,8.114499295,-1.978536762,0.434138151,0.018701617,-0.116934703,65.708595237,-3.829943316,25.489022011,40.219573226
88.166666667,31.711475230,8.108171411,-1.983177469,0.433887199,0.018642065,-0.117083898,31.708742216,8.100979825,-1.982436731,0.433965094,0.018726191,-0.117062100,65.696705320,-3.830507708,25.481991683,40.214713638
88.200000000,31.706223026,8.094684431,-1.987082261,0.433727353,0.018665486,-0.117201069,31.703501580,8.087485535,-1.986340834,0.433800762,0.018750168,-0.117182796,65.686193441,-3.830815058,25.476144686,40.210048755
88.233333333,31.700920981,8.081222494,-1.990990846,0.433576299,0.018688305,-0.117311460,31.698211156,8.074016369,-1.990248846,0.433645201,0.018773540,-0.117296737,65.677064810,-3.830864614,25.471485071,40.205579739
88.266666667,31.695569023,8.067785545,-1.994902996,0.433434082,0.018710514,-0.117415018,31.692870872,8.060572273,-1.994160541,0.433498455,0.018796301,-0.117403871,65.669324489,-3.830655714,25.468016641,40.201307848
88.300000000,31.690167079,8.054373526,-1.998818483,0.433300744,0.018732109,-0.117511696,31.687480654,8.047153188,-1.998075692,0.433360567,0.018818444,-0.117504147,65.662977394,-3.830187787,25.465742953,40.197234441
88.333333333,31.684715077,8.040986379,-2.002737076,0.433176328,0.018753082,-0.117601446,31.682040430,8.033759058,-2.001994069,0.433231580,0.018839963,-0.117597518,65.658028292,-3.829460353,25.464667314,40.193360978
88.366666667,31.679212944,8.027624045,-2.006658545,0.433060873,0.018773428,-0.117684224,31.676550127,8.020389825,-2.005915442,0.433111535,0.018860852,-0.117683937,65.654481799,-3.828473020,25.464792784,40.189689015
88.400000000,31.673660608,8.014286464,-2.010582655,0.432954421,0.018793139,-0.117759986,31.671009672,8.007045429,-2.009839577,0.433000472,0.018881104,-0.117763361,65.652342380,-3.827225491,25.466122169,40.186220211
88.433333333,31.668057997,8.000973576,-2.014509172,0.432857009,0.018812212,-0.117828693,31.665418993,7.993725810,-2.013766241,0.432898431,0.018900714,-0.117835748,65.651614347,-3.825717558,25.468658023,40.182956324
88.466666667,31.662405041,7.987685319,-2.018437860,0.432768678,0.018830639,-0.117890306,31.659778018,7.980430908,-2.017695199,0.432805452,0.018919676,-0.117901059,65.652301860,-3.823949106,25.472402648,40.179899211
88.500000000,31.656701666,7.974421632,-2.022368483,0.432689462,0.018848416,-0.117944789,31.654086676,7.967160662,-2.021626213,0.432721570,0.018937983,-0.117959257,65.654408921,-3.821920112,25.477358091,40.177050830
88.533333333,31.650947803,7.961182452,-2.026300802,0.432619400,0.018865537,-0.117992109,31.648344894,7.953915009,-2.025559048,0.432646824,0.018955631,-0.118010307,65.657939382,-3.819630644,25.483526145,40.174413237
88.566666667,31.645143379,7.947967716,-2.030234578,0.432558525,0.018881996,-0.118032235,31.642552602,7.940693887,-2.029493463,0.432581249,0.018972614,-0.118054176,65.662896934,-3.817080863,25.490908347,40.171988587
88.600000000,31.639288325,7.934777359,-2.034169570,0.432506873,0.018897789,-0.118065137,31.636709727,7.927497232,-2.033429219,0.432524880,0.018988926,-0.118090835,65.669285113,-3.814271020,25.499505979,40.169779134
88.633333333,31.633382570,7.921611316,-2.038105538,0.432464476,0.018912910,-0.118090790,31.630816199,7.914324981,-2.037366075,0.432477750,0.019004563,-0.118120256,65.677107296,-3.811201461,25.509320070,40.167787226
88.666666667,31.627426042,7.908469522,-2.042042238,0.432431367,0.018927356,-0.118109168,31.624871947,7.901177067,-2.041303789,0.432439892,0.019019519,-0.118142413,65.686366702,-3.807872620,25.520351390,40.166015312
88.700000000,31.621418673,7.895351910,-2.045979429,0.432407577,0.018941120,-0.118120250,31.618876900,7.888053426,-2.045242119,0.432411338,0.019033790,-0.118157283,65.697066390,-3.804285024,25.532600457,40.164465934
88.733333333,31.615360392,7.882258414,-2.049916867,0.432393135,0.018954199,-0.118124017,31.612830989,7.874953990,-2.049180821,0.432392119,0.019047372,-0.118164846,65.709209260,-3.800439290,25.546067533,40.163141727
88.766666667,31.609251130,7.869188965,-2.053854308,0.432388072,0.018966588,-0.118120452,31.606734142,7.861878693,-2.053119653,0.432382263,0.019060259,-0.118165083,65.722798049,-3.796336127,25.560752627,40.162045422
88.800000000,31.603090817,7.856143496,-2.057791506,0.432392414,0.018978283,-0.118109540,31.600586291,7.848827468,-2.057058368,0.432381801,0.019072447,-0.118157979,65.737835333,-3.791976329,25.576655495,40.161179839
88.833333333,31.596879384,7.843121936,-2.061728217,0.432406190,0.018989280,-0.118091270,31.594387365,7.835800244,-2.060996723,0.432390759,0.019083932,-0.118143521,65.754323529,-3.787360785,25.593775639,40.160547890
88.866666667,31.590616763,7.830124216,-2.065664196,0.432429425,0.018999575,-0.118065631,31.588137296,7.822796954,-2.064934471,0.432409163,0.019094710,-0.118121696,65.772264888,-3.782490468,25.612112313,40.160152575
88.900000000,31.584302884,7.817150266,-2.069599196,0.432462144,0.019009165,-0.118032617,31.581836014,7.809817528,-2.068871368,0.432437040,0.019104778,-0.118092498,65.791661499,-3.777366440,25.631664518,40.159996981
88.933333333,31.577937680,7.804200014,-2.073532973,0.432504370,0.019018045,-0.117992223,31.575483450,7.796861894,-2.072807168,0.432474414,0.019114131,-0.118055921,65.812515290,-3.771989850,25.652431010,40.160084281
88.966666667,31.571521082,7.791273389,-2.077465279,0.432556127,0.019026213,-0.117944446,31.569079536,7.783929982,-2.076741623,0.432521308,0.019122767,-0.118011960,65.834828022,-3.766361933,25.674410295,40.160417728
89.000000000,31.565053023,7.778370318,-2.081395868,0.432617437,0.019033666,-0.117889288,31.562624204,7.771021719,-2.080674489,0.432577744,0.019130681,-0.117960615,65.858601295,-3.760484006,25.697600636,40.161000660
89.033333333,31.558533436,7.765490727,-2.085324495,0.432688319,0.019040400,-0.117826751,31.556117386,7.758137034,-2.084605519,0.432643743,0.019137871,-0.117901887,65.883836544,-3.754357474,25.722000053,40.161836491
89.066666667,31.551962252,7.752634543,-2.089250914,0.432768793,0.019046413,-0.117756839,31.549559014,7.745275853,-2.088534467,0.432719326,0.019144333,-0.117835781,65.910535038,-3.747983822,25.747606324,40.162928715
89.100000000,31.545339406,7.739801691,-2.093174879,0.432858878,0.019051701,-0.117679562,31.542949021,7.732438103,-2.092461087,0.432804511,0.019150066,-0.117762302,65.938697885,-3.741364616,25.774416989,40.164280896
89.133333333,31.538664831,7.726992097,-2.097096145,0.432958591,0.019056263,-0.117594929,31.536287339,7.719623708,-2.096385134,0.432899316,0.019155065,-0.117681460,65.968326026,-3.734501504,25.802429351,40.165896675
89.166666667,31.531938460,7.714205684,-2.101014466,0.433067948,0.019060097,-0.117502952,31.529573903,7.706832594,-2.100306363,0.433003758,0.019159330,-0.117593266,65.999420237,-3.727396213,25.831640479,40.167779759
89.200000000,31.525160228,7.701442377,-2.104929599,0.433186964,0.019063199,-0.117403647,31.522808645,7.694064685,-2.104224528,0.433117852,0.019162857,-0.117497733,66.031981132,-3.720050545,25.862047211,40.169933922
89.233333333,31.518330070,7.688702097,-2.108841298,0.433315653,0.019065568,-0.117297031,31.515991501,7.681319905,-2.108139385,0.433241614,0.019165645,-0.117394879,66.066009160,-3.712466380,25.893646156,40.172363004
89.266666667,31.511447919,7.675984768,-2.112749321,0.433454028,0.019067202,-0.117183124,31.509122403,7.668598176,-2.112050690,0.433375056,0.019167691,-0.117284721,66.101504603,-3.704645674,25.926433698,40.175070904
89.300000000,31.504513712,7.663290311,-2.116653426,0.433602101,0.019068099,-0.117061948,31.502201287,7.655899422,-2.115958201,0.433518191,0.019168994,-0.117167281,66.138467582,-3.696590452,25.960405998,40.178061583
89.333333333,31.497527384,7.650618648,-2.120553370,0.433759882,0.019068259,-0.116933528,31.495228087,7.643223564,-2.119861675,0.433671030,0.019169552,-0.117042583,66.176898052,-3.688302815,25.995558998,40.181339055
89.366666667,31.490488869,7.637969698,-2.124448911,0.433927381,0.019067680,-0.116797892,31.488202739,7.630570523,-2.123760871,0.433833583,0.019169364,-0.116910651,66.216795807,-3.679784931,26.031888421,40.184907386
89.400000000,31.483398106,7.625343383,-2.128339811,0.434104606,0.019066360,-0.116655067,31.481125179,7.617940220,-2.127655547,0.434005859,0.019168428,-0.116771514,66.258160475,-3.671039037,26.069389781,40.188770694
89.433333333,31.476255030,7.612739621,-2.132225830,0.434291564,0.019064300,-0.116505086,31.473995343,7.605332575,-2.131545465,0.434187865,0.019166745,-0.116625202,66.300991521,-3.662067438,26.108058380,40.192933142
89.466666667,31.469059578,7.600158331,-2.136106730,0.434488262,0.019061497,-0.116347983,31.466813166,7.592747508,-2.135430385,0.434379609,0.019164312,-0.116471749,66.345288251,-3.652872502,26.147889315,40.197398936
89.500000000,31.461811687,7.587599432,-2.139982275,0.434694704,0.019057952,-0.116183794,31.459578586,7.580184937,-2.139310070,0.434581096,0.019161129,-0.116311189,66.391049804,-3.643456659,26.188877480,40.202172324
89.533333333,31.454511295,7.575062840,-2.143852227,0.434910894,0.019053664,-0.116012558,31.452291540,7.567644782,-2.143184285,0.434792331,0.019157196,-0.116143559,66.438275162,-3.633822404,26.231017573,40.207257589
89.566666667,31.447158341,7.562548474,-2.147716355,0.435136835,0.019048633,-0.115834314,31.444951965,7.555126959,-2.147052793,0.435013316,0.019152513,-0.115968899,66.486963142,-3.623972288,26.274304093,40.212659049
89.600000000,31.439752762,7.550056250,-2.151574424,0.435372530,0.019042859,-0.115649106,31.437559800,7.542631386,-2.150915361,0.435244054,0.019147078,-0.115787251,66.537112404,-3.613908921,26.318731354,40.218381050
89.633333333,31.432294498,7.537586084,-2.155426203,0.435617977,0.019036342,-0.115456978,31.430114982,7.530157980,-2.154771758,0.435484546,0.019140893,-0.115598658,66.588721445,-3.603634967,26.364293478,40.224427967
89.666666667,31.424783487,7.525137891,-2.159271462,0.435873177,0.019029082,-0.115257978,31.422617451,7.517706656,-2.158621751,0.435734792,0.019133958,-0.115403166,66.641788606,-3.593153145,26.410984408,40.230804198
89.700000000,31.417219670,7.512711587,-2.163109973,0.436138127,0.019021081,-0.115052154,31.415067145,7.505277331,-2.162465113,0.435994791,0.019126272,-0.115200823,66.696312069,-3.582466226,26.458797908,40.237514161
89.733333333,31.409602986,7.500307085,-2.166941510,0.436412826,0.019012337,-0.114839557,31.407464004,7.492869920,-2.166301616,0.436264541,0.019117837,-0.114991680,66.752289856,-3.571577028,26.507727566,40.244562289
89.766666667,31.401933376,7.487924300,-2.170765847,0.436697268,0.019002853,-0.114620242,31.399807968,7.480484337,-2.170131033,0.436544037,0.019108653,-0.114775788,66.809719835,-3.560488420,26.557766803,40.251953032
89.800000000,31.394210781,7.475563145,-2.174582762,0.436991450,0.018992629,-0.114394261,31.392098977,7.468120497,-2.173953142,0.436833276,0.019098721,-0.114553200,66.868599717,-3.549203313,26.608908871,40.259690845
89.833333333,31.386435142,7.463223533,-2.178392033,0.437295364,0.018981667,-0.114161673,31.384336972,7.455778312,-2.177767718,0.437132253,0.019088043,-0.114323974,66.928927058,-3.537724665,26.661146865,40.267780193
89.866666667,31.378606401,7.450905377,-2.182193440,0.437609004,0.018969968,-0.113922536,31.376521895,7.443457696,-2.181574544,0.437440959,0.019076619,-0.114088167,66.990699262,-3.526055474,26.714473720,40.276225542
89.900000000,31.370724500,7.438608587,-2.185986768,0.437932361,0.018957532,-0.113676911,31.368653687,7.431158562,-2.185373398,0.437759388,0.019064451,-0.113845838,67.053913577,-3.514198776,26.768882219,40.285031358
89.933333333,31.362789382,7.426333077,-2.189771800,0.438265425,0.018944363,-0.113424860,31.360732290,7.418880822,-2.189164067,0.438087531,0.019051540,-0.113597048,67.118567100,-3.502157647,26.824364998,40.294202102
89.966666667,31.354800990,7.414078755,-2.193548323,0.438608187,0.018930461,-0.113166446,31.352757647,7.406624386,-2.192946335,0.438425377,0.019037889,-0.113341862,67.184656779,-3.489935196,26.880914551,40.303742227
90.000000000,31.346759268,7.401845534,-2.197316127,0.438960634,0.018915829,-0.112901736,31.344729701,7.394389167,-2.196719989,0.438772915,0.019023499,-0.113080343,67.252179409,-3.477534566,26.938523230,40.313656178
90.033333333,31.338664159,7.389633323,-2.201075002,0.439322754,0.018900469,-0.112630797,31.336648395,7.382175074,-2.200484821,0.439130134,0.019008372,-0.112812559,67.321131639,-3.464958933,26.997183256,40.323948383
90.066666667,31.330515608,7.377442031,-2.204824742,0.439694533,0.018884383,-0.112353697,31.328513674,7.369982019,-2.204240623,0.439497020,0.018992511,-0.112538577,67.391509969,-3.452211499,27.056886717,40.334623252
90.100000000,31.322313561,7.365271567,-2.208565143,0.440075957,0.018867573,-0.112070508,31.320325481,7.357809911,-2.207987188,0.439873559,0.018975918,-0.112258467,67.463310755,-3.439295495,27.117625579,40.345685176
90.133333333,31.314057962,7.353121841,-2.212296003,0.440467008,0.018850043,-0.111781301,31.312083762,7.345658658,-2.211724315,0.440259735,0.018958595,-0.111972300,67.536530204,-3.426214177,27.179391685,40.357138519
90.166666667,31.305748757,7.340992759,-2.216017123,0.440867671,0.018831794,-0.111486149,31.303788462,7.333528170,-2.215451801,0.440655532,0.018940546,-0.111680149,67.611164383,-3.412970823,27.242176763,40.368987620
90.200000000,31.297385894,7.328884230,-2.219728306,0.441277927,0.018812830,-0.111185127,31.295439528,7.321418356,-2.219169450,0.441060933,0.018921772,-0.111382088,67.687209214,-3.399568732,27.305972429,40.381236785
90.233333333,31.288969318,7.316796162,-2.223429357,0.441697758,0.018793154,-0.110878312,31.287036905,7.309329122,-2.222877065,0.441475918,0.018902278,-0.111078191,67.764660480,-3.386011224,27.370770194,40.393890286
90.266666667,31.280498978,7.304728460,-2.227120084,0.442127142,0.018772769,-0.110565780,31.278580540,7.297260377,-2.226574453,0.441900469,0.018882066,-0.110768537,67.843513823,-3.372301633,27.436561463,40.406952360
90.300000000,31.271974822,7.292681031,-2.230800299,0.442566060,0.018751678,-0.110247610,31.270070382,7.285212027,-2.230261424,0.442334565,0.018861139,-0.110453202,67.923764747,-3.358443310,27.503337547,40.420427200
90.333333333,31.263396797,7.280653782,-2.234469815,0.443014489,0.018729885,-0.109923882,31.261506377,7.273183980,-2.233937789,0.442778184,0.018839501,-0.110132267,68.005408619,-3.344439618,27.571089659,40.434318960
90.366666667,31.254764853,7.268646617,-2.238128447,0.443472406,0.018707393,-0.109594677,31.252888475,7.261176141,-2.237603363,0.443231304,0.018817156,-0.109805810,68.088440670,-3.330293932,27.639808927,40.448631742
90.400000000,31.246078940,7.256659442,-2.241776015,0.443939786,0.018684207,-0.109260076,31.244216624,7.249188416,-2.241257964,0.443693901,0.018794107,-0.109473914,68.172855997,-3.316009635,27.709486392,40.463369605
90.433333333,31.237339007,7.244692162,-2.245412341,0.444416606,0.018660329,-0.108920162,31.235490774,7.237220711,-2.244901411,0.444165950,0.018770359,-0.109136661,68.258649567,-3.301590119,27.780113016,40.478536551
90.466666667,31.228545005,7.232744681,-2.249037247,0.444902838,0.018635764,-0.108575020,31.226710876,7.225272930,-2.248533528,0.444647427,0.018745914,-0.108794135,68.345816213,-3.287038779,27.851679685,40.494136528
90.500000000,31.219696886,7.220816903,-2.252650563,0.445398456,0.018610516,-0.108224734,31.217876879,7.213344979,-2.252154140,0.445138303,0.018720778,-0.108446419,68.434350639,-3.272359016,27.924177211,40.510173428
90.533333333,31.210794601,7.208908731,-2.256252116,0.445903431,0.018584589,-0.107869390,31.208988734,7.201436761,-2.255763075,0.445638552,0.018694954,-0.108093599,68.524247422,-3.257554232,27.997596341,40.526651081
90.566666667,31.201838101,7.197020069,-2.259841742,0.446417735,0.018557987,-0.107509074,31.200046395,7.189548180,-2.259360165,0.446148146,0.018668447,-0.107735761,68.615501014,-3.242627829,28.071927759,40.543573255
90.600000000,31.192827341,7.185150820,-2.263419274,0.446941338,0.018530716,-0.107143873,31.191049812,7.177679140,-2.262945244,0.446667054,0.018641261,-0.107372992,68.708105738,-3.227583206,28.147162088,40.560943650
90.633333333,31.183762274,7.173300886,-2.266984552,0.447474209,0.018502780,-0.106773876,31.181998940,7.165829544,-2.266518149,0.447195247,0.018613402,-0.107005379,68.802055799,-3.212423761,28.223289897,40.578765902
90.666666667,31.174642853,7.161470169,-2.270537417,0.448016316,0.018474182,-0.106399171,31.172893730,7.153999295,-2.270078720,0.447732693,0.018584873,-0.106633011,68.897345277,-3.197152886,28.300301704,40.597043573
90.700000000,31.165469033,7.149658571,-2.274077714,0.448567627,0.018444929,-0.106019846,31.163734138,7.142188294,-2.273626800,0.448279361,0.018555679,-0.106255976,68.993968133,-3.181773966,28.378187979,40.615780154
90.733333333,31.156240769,7.137865994,-2.277605291,0.449128107,0.018415025,-0.105635992,31.154520118,7.130396445,-2.277162236,0.448835216,0.018525826,-0.105874364,69.091918212,-3.166290377,28.456939150,40.634979061
90.766666667,31.146958017,7.126092338,-2.281119998,0.449697724,0.018384475,-0.105247699,31.145251624,7.118623648,-2.280684875,0.449400225,0.018495318,-0.105488265,69.191189239,-3.150705487,28.536545606,40.654643633
90.800000000,31.137620733,7.114337504,-2.284621688,0.450276440,0.018353284,-0.104855058,31.135928614,7.106869806,-2.284194571,0.449974353,0.018464161,-0.105097769,69.291774826,-3.135022651,28.616997699,40.674777128
90.833333333,31.128228874,7.102601393,-2.288110218,0.450864221,0.018321458,-0.104458158,31.126551044,7.095134818,-2.287691177,0.450557564,0.018432360,-0.104702967,69.393668473,-3.119245214,28.698285749,40.695382724
90.866666667,31.118782397,7.090883905,-2.291585448,0.451461029,0.018289001,-0.104057093,31.117118869,7.083418587,-2.291174552,0.451149822,0.018399920,-0.104303950,69.496863567,-3.103376502,28.780400049,40.716463518
90.900000000,31.109281262,7.079184939,-2.295047240,0.452066826,0.018255919,-0.103651953,31.107632049,7.071721011,-2.294644557,0.451751089,0.018366847,-0.103900810,69.601353386,-3.087419830,28.863330866,40.738022520
90.933333333,31.099725426,7.067504396,-2.298495460,0.452681573,0.018222218,-0.103242829,31.098090541,7.060041992,-2.298101057,0.452361328,0.018333146,-0.103493638,69.707131099,-3.071378493,28.947068447,40.760062652
90.966666667,31.090114848,7.055842173,-2.301929977,0.453305232,0.018187904,-0.102829816,31.088494304,7.048381429,-2.301543917,0.452980497,0.018298823,-0.103082526,69.814189770,-3.055255770,29.031603021,40.782586750
91.000000000,31.080449490,7.044198171,-2.305350662,0.453937761,0.018152981,-0.102413003,31.078843298,7.036739222,-2.304973009,0.453608559,0.018263883,-0.102667567,69.922522359,-3.039054918,29.116924800,40.805597559
91.033333333,31.070729311,7.032572288,-2.308757391,0.454579119,0.018117455,-0.101992484,31.069137482,7.025115269,-2.308388206,0.454245472,0.018228333,-0.102248853,70.032121721,-3.022779174,29.203023987,40.829097734
91.066666667,31.060954273,7.020964422,-2.312150042,0.455229265,0.018081333,-0.101568352,31.059376818,7.013509470,-2.311789384,0.454891194,0.018192178,-0.101826476,70.142980613,-3.006431755,29.289890778,40.853089835
91.100000000,31.051124338,7.009374471,-2.315528496,0.455888156,0.018044620,-0.101140698,31.049561268,7.001921723,-2.315176422,0.455545683,0.018155424,-0.101400528,70.255091689,-2.990015852,29.377515360,40.877576329
91.133333333,31.041239468,6.997802332,-2.318892636,0.456555748,0.018007323,-0.100709614,31.039690792,6.990351927,-2.318549204,0.456208897,0.018118077,-0.100971102,70.368447509,-2.973534633,29.465887921,40.902559588
91.166666667,31.031299626,6.986247905,-2.322242350,0.457231998,0.017969447,-0.100275193,31.029765354,6.978799979,-2.321907615,0.456880791,0.018080144,-0.100538290,70.483040535,-2.956991241,29.554998649,40.928041886
91.200000000,31.021304778,6.974711084,-2.325577529,0.457916859,0.017930998,-0.099837528,31.019784918,6.967265778,-2.325251542,0.457561320,0.018041630,-0.100102185,70.598863136,-2.940388793,29.644837736,40.954025400
91.233333333,31.011254886,6.963191769,-2.328898065,0.458610288,0.017891982,-0.099396709,31.009749447,6.955749220,-2.328580880,0.458250440,0.018002542,-0.099662877,70.715907588,-2.923730376,29.735395379,40.980512209
91.266666667,31.001149916,6.951689854,-2.332203856,0.459312236,0.017852407,-0.098952830,30.999658907,6.944250204,-2.331895521,0.458948104,0.017962885,-0.099220460,70.834166078,-2.907019052,29.826661785,41.007504292
91.300000000,30.990989835,6.940205238,-2.335494800,0.460022658,0.017812277,-0.098505980,30.989513262,6.932768626,-2.335195364,0.459654266,0.017922667,-0.098775025,70.953630701,-2.890257852,29.918627174,41.035003527
91.333333333,30.980774608,6.928737816,-2.338770801,0.460741504,0.017771600,-0.098056252,30.979312479,6.921304383,-2.338480310,0.460368878,0.017881894,-0.098326663,71.074293468,-2.873449777,30.011281777,41.063011690
91.366666667,30.970504204,6.917287484,-2.342031763,0.461468728,0.017730381,-0.097603737,30.969056524,6.909857371,-2.341750263,0.461091892,0.017840572,-0.097875466,71.196146302,-2.856597799,30.104615845,41.091530457
91.400000000,30.960178590,6.905854137,-2.345277596,0.462204280,0.017688628,-0.097148524,30.958745366,6.898427487,-2.345005130,0.461823259,0.017798708,-0.097421524,71.319181046,-2.839704856,30.198619646,41.120561400
91.433333333,30.949797735,6.894437673,-2.348508210,0.462948109,0.017646346,-0.096690704,30.948378972,6.887014628,-2.348244820,0.462562930,0.017756307,-0.096964927,71.443389457,-2.822773855,30.293283469,41.150105988
91.466666667,30.939361608,6.883037985,-2.351723521,0.463700166,0.017603542,-0.096230367,30.937957312,6.875618687,-2.351469248,0.463310854,0.017713378,-0.096505765,71.568763214,-2.805807670,30.388597627,41.180165587
91.500000000,30.928870179,6.871654970,-2.354923447,0.464460400,0.017560223,-0.095767602,30.927480354,6.864239563,-2.354678328,0.464066982,0.017669926,-0.096044128,71.695293917,-2.788809140,30.484552458,41.210741459
91.533333333,30.918323420,6.860288521,-2.358107907,0.465228759,0.017516395,-0.095302498,30.916948070,6.852877149,-2.357871981,0.464831261,0.017625958,-0.095580106,71.822973089,-2.771781072,30.581138329,41.241834760
91.566666667,30.907721302,6.848938535,-2.361276825,0.466005190,0.017472065,-0.094835143,30.906360431,6.841531342,-2.361050127,0.465603639,0.017581480,-0.095113785,71.951792178,-2.754726236,30.678345635,41.273446542
91.600000000,30.897063797,6.837604905,-2.364430128,0.466789641,0.017427239,-0.094365625,30.895717408,6.830202036,-2.364212692,0.466384065,0.017536501,-0.094645255,72.081742558,-2.737647367,30.776164803,41.305577755
91.633333333,30.886350879,6.826287526,-2.367567745,0.467582059,0.017381925,-0.093894030,30.885018974,6.818889126,-2.367359603,0.467172485,0.017491025,-0.094174603,72.212815531,-2.720547166,30.874586292,41.338229239
91.666666667,30.875582520,6.814986292,-2.370689608,0.468382389,0.017336128,-0.093420445,30.874265103,6.807592507,-2.370490792,0.467968845,0.017445061,-0.093701916,72.345002330,-2.703428295,30.973600597,41.371401733
91.700000000,30.864758696,6.803701097,-2.373795653,0.469190577,0.017289856,-0.092944957,30.863455768,6.796312073,-2.373606192,0.468773091,0.017398615,-0.093227279,72.478294119,-2.686293381,31.073198249,41.405095870
91.733333333,30.853879383,6.792431836,-2.376885817,0.470006568,0.017243116,-0.092467649,30.852590944,6.785047720,-2.376705740,0.469585168,0.017351693,-0.092750779,72.612681993,-2.669145014,31.173369817,41.439312176
91.766666667,30.842944555,6.781178401,-2.379960041,0.470830306,0.017195913,-0.091988608,30.841670607,6.773799340,-2.379789374,0.470405021,0.017304303,-0.092272500,72.748156984,-2.651985743,31.274105909,41.474051076
91.800000000,30.831954190,6.769940688,-2.383018268,0.471661735,0.017148255,-0.091507915,30.830694733,6.762566828,-2.382857037,0.471232593,0.017256451,-0.091792526,72.884710060,-2.634818085,31.375397174,41.509312886
91.833333333,30.820908265,6.758718588,-2.386060446,0.472500798,0.017100149,-0.091025655,30.819663300,6.751350078,-2.385908673,0.472067830,0.017208145,-0.091310940,73.022332126,-2.617644514,31.477234306,41.545097820
91.866666667,30.809806760,6.747511996,-2.389086523,0.473347439,0.017051602,-0.090541909,30.808576285,6.740148984,-2.388944231,0.472910672,0.017159391,-0.090827826,73.161014025,-2.600467467,31.579608037,41.581405988
91.900000000,30.798649652,6.736320804,-2.392096451,0.474201600,0.017002619,-0.090056759,30.797433668,6.728963439,-2.391963661,0.473761064,0.017110196,-0.090343265,73.300746544,-2.583289344,31.682509149,41.618237395
91.933333333,30.787436923,6.725144906,-2.395090185,0.475063222,0.016953209,-0.089570285,30.786235426,6.717793336,-2.394966916,0.474618948,0.017060568,-0.089857338,73.441520410,-2.566112504,31.785928467,41.655591943
91.966666667,30.776168552,6.713984194,-2.398067681,0.475932247,0.016903378,-0.089082568,30.774981542,6.706638570,-2.397953951,0.475484264,0.017010512,-0.089370125,73.583326295,-2.548939268,31.889856863,41.693469432
92.000000000,30.764844522,6.702838562,-2.401028900,0.476808616,0.016853133,-0.088593686,30.763671996,6.695499033,-2.400924726,0.476356955,0.016960036,-0.088881706,73.726154816,-2.531771918,31.994285258,41.731869558
92.033333333,30.753464814,6.691707903,-2.403973805,0.477692270,0.016802480,-0.088103717,30.752306769,6.684374618,-2.403879202,0.477236960,0.016909147,-0.088392159,73.869996536,-2.514612696,32.099204621,41.770791915
92.066666667,30.742029412,6.680592108,-2.406902359,0.478583149,0.016751426,-0.087612738,30.740885845,6.673265219,-2.406817341,0.478124221,0.016857852,-0.087901562,74.014841969,-2.497463806,32.204605972,41.810235997
92.100000000,30.730538300,6.669491071,-2.409814532,0.479481192,0.016699979,-0.087120826,30.729409207,6.662170728,-2.409739111,0.479018678,0.016806158,-0.087409992,74.160681575,-2.480327412,32.310480380,41.850201196
92.133333333,30.718991462,6.658404683,-2.412710292,0.480386339,0.016648144,-0.086628056,30.717876840,6.651091039,-2.412644480,0.479920269,0.016754071,-0.086917524,74.307505769,-2.463205638,32.416818965,41.890686804
92.166666667,30.707388885,6.647332838,-2.415589613,0.481298529,0.016595930,-0.086134503,30.706288728,6.640026043,-2.415533419,0.480828933,0.016701599,-0.086424233,74.455304916,-2.446100570,32.523612901,41.931692015
92.200000000,30.695730555,6.636275427,-2.418452470,0.482217699,0.016543342,-0.085640239,30.694644858,6.628975633,-2.418405903,0.481744611,0.016648748,-0.085930194,74.604069336,-2.429014252,32.630853414,41.973215922
92.233333333,30.684016458,6.625232344,-2.421298840,0.483143790,0.016490387,-0.085145338,30.682945217,6.617939703,-2.421261908,0.482667239,0.016595525,-0.085435479,74.753789303,-2.411948693,32.738531781,42.015257522
92.266666667,30.672246584,6.614203479,-2.424128703,0.484076737,0.016437073,-0.084649870,30.671189792,6.606918144,-2.424101412,0.483596756,0.016541938,-0.084940160,74.904455051,-2.394905858,32.846639336,42.057815715
92.300000000,30.660420921,6.603188725,-2.426942042,0.485016479,0.016383405,-0.084153908,30.659378571,6.595910849,-2.426924396,0.484533099,0.016487992,-0.084444309,75.056056767,-2.377887678,32.955167465,42.100889302
92.333333333,30.648539459,6.592187974,-2.429738841,0.485962952,0.016329391,-0.083657519,30.647511545,6.584917710,-2.429730845,0.485476207,0.016433695,-0.083947996,75.208584602,-2.360896039,33.064107610,42.144476992
92.366666667,30.636602190,6.581201119,-2.432519088,0.486916095,0.016275038,-0.083160773,30.635588703,6.573938620,-2.432520742,0.486426014,0.016379054,-0.083451289,75.362028664,-2.343932794,33.173451267,42.188577397
92.400000000,30.624609103,6.570228051,-2.435282771,0.487875842,0.016220351,-0.082663737,30.623610037,6.562973470,-2.435294078,0.487382460,0.016324076,-0.082954258,75.516379026,-2.326999753,33.283189988,42.233189038
92.433333333,30.612560193,6.559268662,-2.438029881,0.488842130,0.016165338,-0.082166479,30.611575539,6.552022154,-2.438050842,0.488345478,0.016268766,-0.082456968,75.671625722,-2.310098690,33.393315381,42.278310341
92.466666667,30.600455452,6.548322843,-2.440760414,0.489814894,0.016110006,-0.081669063,30.599485201,6.541084562,-2.440791026,0.489315006,0.016213133,-0.081959487,75.827758750,-2.293231339,33.503819108,42.323939642
92.500000000,30.588294874,6.537390488,-2.443474363,0.490794072,0.016054360,-0.081171554,30.587339018,6.530160588,-2.443514625,0.490290979,0.016157182,-0.081461879,75.984768074,-2.276399396,33.614692890,42.370075184
92.533333333,30.576078455,6.526471487,-2.446171728,0.491779597,0.015998408,-0.080674015,30.575136984,6.519250124,-2.446221636,0.491273333,0.016100920,-0.080964208,76.142643626,-2.259604522,33.725928502,42.416715124
92.566666667,30.563806191,6.515565733,-2.448852509,0.492771404,0.015942155,-0.080176510,30.562879094,6.508353061,-2.448912058,0.492262002,0.016044355,-0.080466538,76.301375304,-2.242848335,33.837517776,42.463857528
92.600000000,30.551478079,6.504673118,-2.451516707,0.493769429,0.015885610,-0.079679100,30.550565345,6.497469292,-2.451585893,0.493256921,0.015987492,-0.079968931,76.460952976,-2.226132421,33.949452601,42.511500374
92.633333333,30.539094116,6.493793533,-2.454164327,0.494773605,0.015828777,-0.079181844,30.538195735,6.486598708,-2.454243142,0.494258026,0.015930338,-0.079471446,76.621366478,-2.209458325,34.061724922,42.559641556
92.666666667,30.526654301,6.482926870,-2.456795374,0.495783867,0.015771664,-0.078684804,30.525770262,6.475741203,-2.456883812,0.495265250,0.015872900,-0.078974146,76.782605621,-2.192827557,34.174326740,42.608278881
92.700000000,30.514158635,6.472073021,-2.459409858,0.496800149,0.015714277,-0.078188036,30.513288925,6.464896667,-2.459507909,0.496278527,0.015815184,-0.078477088,76.944660185,-2.176241589,34.287250114,42.657410071
92.733333333,30.501607117,6.461231879,-2.462007788,0.497822385,0.015656622,-0.077691598,30.500751724,6.454064993,-2.462115443,0.497297791,0.015757197,-0.077980330,77.107519923,-2.159701859,34.400487156,42.707032767
92.766666667,30.488999749,6.450403334,-2.464589176,0.498850507,0.015598706,-0.077195547,30.488158660,6.443246074,-2.464706424,0.498322976,0.015698945,-0.077483929,77.271174565,-2.143209767,34.514030039,42.757144526
92.800000000,30.476336533,6.439587280,-2.467154036,0.499884450,0.015540535,-0.076699938,30.475509736,6.432439800,-2.467280866,0.499354015,0.015640435,-0.076987941,77.435613813,-2.126766678,34.627870988,42.807742825
92.833333333,30.463617474,6.428783607,-2.469702383,0.500924147,0.015482116,-0.076204824,30.462804953,6.421646066,-2.469838782,0.500390841,0.015581673,-0.076492422,77.600827349,-2.110373922,34.742002286,42.858825063
92.866666667,30.450842575,6.417992208,-2.472234236,0.501969529,0.015423454,-0.075710260,30.450044317,6.410864762,-2.472380190,0.501433387,0.015522666,-0.075997423,77.766804828,-2.094032794,34.856416271,42.910388557
92.900000000,30.438011842,6.407212976,-2.474749612,0.503020530,0.015364555,-0.075216298,30.437227832,6.400095781,-2.474905108,0.502481586,0.015463419,-0.075502999,77.933535886,-2.077744555,34.971105338,42.962430549
92.933333333,30.425125281,6.396445802,-2.477248534,0.504077083,0.015305427,-0.074722988,30.424355504,6.389339015,-2.477413556,0.503535371,0.015403938,-0.075009201,78.101010138,-2.061510430,35.086061934,43.014948204
92.966666667,30.412182899,6.385690578,-2.479731023,0.505139119,0.015246075,-0.074230381,30.411427339,6.378594357,-2.479905555,0.504594673,0.015344231,-0.074516079,78.269217177,-2.045331612,35.201278565,43.067938612
93.000000000,30.399184704,6.374947198,-2.482197104,0.506206571,0.015186504,-0.073738525,30.398443345,6.367861699,-2.482381128,0.505659426,0.015284304,-0.074023684,78.438146579,-2.029209260,35.316747789,43.121398789
93.033333333,30.386130706,6.364215553,-2.484646803,0.507279370,0.015126722,-0.073247470,30.385403532,6.357140934,-2.484840302,0.506729561,0.015224161,-0.073532064,78.607787899,-2.013144500,35.432462219,43.175325680
93.066666667,30.373020915,6.353495535,-2.487080147,0.508357449,0.015066734,-0.072757262,30.372307908,6.346431954,-2.487283103,0.507805009,0.015163811,-0.073041266,78.778130678,-1.997138425,35.548414523,43.229716155
93.100000000,30.359855342,6.342787038,-2.489497166,0.509440739,0.015006546,-0.072267946,30.359156485,6.335734652,-2.489709558,0.508885703,0.015103257,-0.072551337,78.949164437,-1.981192095,35.664597420,43.284567018
93.133333333,30.346633999,6.332089954,-2.491897889,0.510529172,0.014946164,-0.071779569,30.345949274,6.325048921,-2.492119697,0.509971575,0.015042507,-0.072062323,79.120878684,-1.965306541,35.781003685,43.339874999
93.166666667,30.333356899,6.321404175,-2.494282349,0.511622679,0.014885594,-0.071292174,30.332686288,6.314374653,-2.494513553,0.511062555,0.014981567,-0.071574269,79.293262909,-1.949482761,35.897626146,43.395636763
93.200000000,30.320024057,6.310729595,-2.496650579,0.512721191,0.014824841,-0.070805805,30.319367540,6.303711741,-2.496891156,0.512158575,0.014920442,-0.071087217,79.466306589,-1.933721720,36.014457680,43.451848909
93.233333333,30.306635487,6.300066107,-2.499002615,0.513824639,0.014763911,-0.070320503,30.305993045,6.293060079,-2.499252543,0.513259566,0.014859138,-0.070601211,79.639999188,-1.918024355,36.131491220,43.508507968
93.266666667,30.293191207,6.289413603,-2.501338492,0.514932955,0.014702811,-0.069836309,30.292562819,6.282419559,-2.501597747,0.514365459,0.014797661,-0.070116292,79.814330156,-1.902391572,36.248719748,43.565610408
93.300000000,30.279691232,6.278771978,-2.503658247,0.516046068,0.014641545,-0.069353264,30.279076879,6.271790075,-2.503926807,0.515476186,0.014736017,-0.069632502,79.989288931,-1.886824247,36.366136298,43.623152632
93.333333333,30.266135582,6.268141123,-2.505961921,0.517163911,0.014580120,-0.068871408,30.265535242,6.261171520,-2.506239760,0.516591676,0.014674210,-0.069149878,80.164864939,-1.871323227,36.483733955,43.681130984
93.366666667,30.252524275,6.257520933,-2.508249554,0.518286413,0.014518540,-0.068390777,30.251937928,6.250563789,-2.508536646,0.517711860,0.014612248,-0.068668462,80.341047596,-1.855889332,36.601505853,43.739541743
93.400000000,30.238857332,6.246911302,-2.510521186,0.519413505,0.014456812,-0.067911410,30.238284955,6.239966773,-2.510817505,0.518836670,0.014550136,-0.068188289,80.517826307,-1.840523349,36.719445175,43.798381132
93.433333333,30.225134775,6.236312122,-2.512776860,0.520545118,0.014394940,-0.067433343,30.224576345,6.229380368,-2.513082381,0.519966036,0.014487879,-0.067709398,80.695190466,-1.825226041,36.837545155,43.857645311
93.466666667,30.211356625,6.225723289,-2.515016621,0.521681182,0.014332931,-0.066956612,30.210812120,6.218804467,-2.515331316,0.521099887,0.014425482,-0.067231824,80.873129461,-1.809998141,36.955799074,43.917330387
93.500000000,30.197522906,6.215144696,-2.517240514,0.522821626,0.014270789,-0.066481251,30.196992303,6.208238964,-2.517564354,0.522238155,0.014362951,-0.066755603,81.051632669,-1.794840358,37.074200262,43.977432407
93.533333333,30.183633644,6.204576237,-2.519448584,0.523966383,0.014208520,-0.066007293,30.183116917,6.197683754,-2.519781542,0.523380769,0.014300291,-0.066280767,81.230689460,-1.779753370,37.192742095,44.037947365
93.566666667,30.169688862,6.194017807,-2.521640879,0.525115380,0.014146130,-0.065534772,30.169185989,6.187138730,-2.521982926,0.524527660,0.014237509,-0.065807351,81.410289195,-1.764737833,37.311417996,44.098871199
93.600000000,30.155688588,6.183469301,-2.523817448,0.526268550,0.014083622,-0.065063719,30.155199543,6.176603789,-2.524168553,0.525678758,0.014174608,-0.065335388,81.590421229,-1.749794373,37.430221435,44.160199794
93.633333333,30.141632850,6.172930613,-2.525978340,0.527425821,0.014021003,-0.064594166,30.141157608,6.166078823,-2.526338474,0.526833993,0.014111594,-0.064864907,81.771074912,-1.734923594,37.549145928,44.221928984
93.666666667,30.127521677,6.162401638,-2.528123606,0.528587123,0.013958277,-0.064126142,30.127060211,6.155563729,-2.528492738,0.527993295,0.014048473,-0.064395941,81.952239585,-1.720126074,37.668185034,44.284054551
93.700000000,30.113355098,6.151882272,-2.530253296,0.529752387,0.013895450,-0.063659677,30.112907382,6.145058401,-2.530631395,0.529156593,0.013985249,-0.063928518,82.133904586,-1.705402366,37.787332359,44.346572227
93.733333333,30.099133145,6.141372410,-2.532367464,0.530921542,0.013832526,-0.063194799,30.098699152,6.134562736,-2.532754498,0.530323818,0.013921928,-0.063462668,82.316059247,-1.690752998,37.906581550,44.409477697
93.766666667,30.084855849,6.130871948,-2.534466163,0.532094518,0.013769511,-0.062731536,30.084435552,6.124076627,-2.534862100,0.531494900,0.013858514,-0.062998418,82.498692895,-1.676178477,38.025926300,44.472766595
93.800000000,30.070523244,6.120380780,-2.536549447,0.533271245,0.013706409,-0.062269914,30.070116615,6.113599972,-2.536954254,0.532669767,0.013795012,-0.062535797,82.681794853,-1.661679284,38.145360342,44.536434510
93.833333333,30.056135365,6.109898805,-2.538617371,0.534451652,0.013643226,-0.061809961,30.055742374,6.103132665,-2.539031016,0.533848350,0.013731428,-0.062074830,82.865354439,-1.647255878,38.264877454,44.600476985
93.866666667,30.041692246,6.099425917,-2.540669991,0.535635669,0.013579965,-0.061351699,30.041312866,6.092674604,-2.541092440,0.535030579,0.013667766,-0.061615542,83.049360971,-1.632908697,38.384471452,44.664889519
93.900000000,30.027193924,6.088962013,-2.542707364,0.536823225,0.013516632,-0.060895155,30.026828125,6.082225685,-2.543138583,0.536216383,0.013604031,-0.061157960,83.233803760,-1.618638156,38.504136195,44.729667565
93.933333333,30.012640438,6.078506990,-2.544729548,0.538014251,0.013453231,-0.060440352,30.012288188,6.071785804,-2.545169503,0.537405691,0.013540228,-0.060702106,83.418672116,-1.604444648,38.623865582,44.794806534
93.966666667,29.998031825,6.068060746,-2.546736602,0.539208676,0.013389767,-0.059987312,29.997693095,6.061354858,-2.547185257,0.538598434,0.013476361,-0.060248004,83.603955346,-1.590328544,38.743653549,44.860301796
94.000000000,29.983368127,6.057623176,-2.548728583,0.540406429,0.013326244,-0.059536058,29.983042885,6.050932745,-2.549185905,0.539794540,0.013412435,-0.059795676,83.789642755,-1.576290197,38.863494075,44.926148680
94.033333333,29.968649383,6.047194180,-2.550705553,0.541607439,0.013262668,-0.059086611,29.968337598,6.040519361,-2.551171505,0.540993940,0.013348454,-0.059345145,83.975723647,-1.562329938,38.983381174,44.992342473
94.066666667,29.953875637,6.036773654,-2.552667572,0.542811637,0.013199042,-0.058638991,29.953577276,6.030114605,-2.553142118,0.542196562,0.013284424,-0.058896430,84.162187324,-1.548448077,39.103308898,45.058878426
94.100000000,29.939046931,6.026361497,-2.554614700,0.544018951,0.013135370,-0.058193219,29.938761962,6.019718375,-2.555097805,0.543402337,0.013220348,-0.058449553,84.349023085,-1.534644907,39.223271337,45.125751748
94.133333333,29.924163311,6.015957607,-2.556547001,0.545229312,0.013071658,-0.057749313,29.923891700,6.009330568,-2.557038627,0.544611193,0.013156231,-0.058004533,84.536220231,-1.520920699,39.343262617,45.192957614
94.166666667,29.909224823,6.005561882,-2.558464536,0.546442647,0.013007910,-0.057307293,29.908966536,5.998951083,-2.558964647,0.545823060,0.013092077,-0.057561389,84.723768059,-1.507275708,39.463276899,45.260491161
94.200000000,29.894231512,5.995174223,-2.560367368,0.547658888,0.012944129,-0.056867175,29.893986515,5.988579819,-2.560875928,0.547037867,0.013027891,-0.057120138,84.911655869,-1.493710169,39.583308379,45.328347490
94.233333333,29.879183428,5.984794527,-2.562255562,0.548877963,0.012880320,-0.056428977,29.878951685,5.978216675,-2.562772532,0.548255545,0.012963676,-0.056680799,85.099872957,-1.480224299,39.703351288,45.396521669
94.266666667,29.864080620,5.974422694,-2.564129181,0.550099802,0.012816487,-0.055992715,29.863862096,5.967861550,-2.564654524,0.549476022,0.012899438,-0.056243388,85.288408622,-1.466818298,39.823399891,45.465008731
94.300000000,29.848923138,5.964058624,-2.565988291,0.551324334,0.012752634,-0.055558405,29.848717796,5.957514343,-2.566521969,0.550699227,0.012835180,-0.055807921,85.477252161,-1.453492349,39.943448486,45.533803675
94.333333333,29.833711034,5.953702218,-2.567832957,0.552551488,0.012688766,-0.055126063,29.833518838,5.947174956,-2.568374931,0.551925090,0.012770905,-0.055374413,85.666392872,-1.440246618,40.063491402,45.602901470
94.366666667,29.818444361,5.943353376,-2.569663244,0.553781195,0.012624885,-0.054695702,29.818265273,5.936843287,-2.570213476,0.553153541,0.012706620,-0.054942880,85.855820053,-1.427081253,40.183523002,45.672297051
94.400000000,29.803123172,5.933011998,-2.571479219,0.555013382,0.012560997,-0.054267336,29.802957156,5.926519239,-2.572037670,0.554384509,0.012642326,-0.054513336,86.045523004,-1.413996388,40.303537680,45.741985324
94.433333333,29.787747525,5.922677986,-2.573280949,0.556247980,0.012497105,-0.053840980,29.787594541,5.916202710,-2.573847580,0.555617922,0.012578029,-0.054085794,86.235491023,-1.400992140,40.423529858,45.811961165
94.466666667,29.772317474,5.912351241,-2.575068500,0.557484918,0.012433213,-0.053416644,29.772177483,5.905893604,-2.575643273,0.556853712,0.012513731,-0.053660267,86.425713412,-1.388068611,40.543493992,45.882219420
94.500000000,29.756833079,5.902031665,-2.576841941,0.558724125,0.012369324,-0.052994342,29.756706041,5.895591820,-2.577424815,0.558091806,0.012449438,-0.053236768,86.616179471,-1.375225889,40.663424564,45.952754907
94.533333333,29.741294397,5.891719160,-2.578601339,0.559965531,0.012305442,-0.052574085,29.741180273,5.885297262,-2.579192275,0.559332134,0.012385152,-0.052815307,86.806878504,-1.362464045,40.783316087,46.023562416
94.566666667,29.725701489,5.881413628,-2.580346762,0.561209065,0.012241572,-0.052155884,29.725600237,5.875009832,-2.580945721,0.560574626,0.012320878,-0.052395898,86.997799813,-1.349783138,40.903163102,46.094636711
94.600000000,29.710054418,5.871114973,-2.582078280,0.562454657,0.012177717,-0.051739749,29.709965997,5.864729431,-2.582685222,0.561819212,0.012256618,-0.051978549,87.188932703,-1.337183212,41.022960175,46.165972528
94.633333333,29.694353244,5.860823098,-2.583795962,0.563702235,0.012113879,-0.051325690,29.694277612,5.854455964,-2.584410846,0.563065819,0.012192378,-0.051563272,87.380266481,-1.324664296,41.142701902,46.237564579
94.666666667,29.678598034,5.850537907,-2.585499876,0.564951730,0.012050064,-0.050913717,29.678535148,5.844189333,-2.586122662,0.564314379,0.012128159,-0.051150076,87.571790454,-1.312226408,41.262382904,46.309407550
94.700000000,29.662788851,5.840259302,-2.587190093,0.566203071,0.011986274,-0.050503837,29.662738668,5.833929443,-2.587820740,0.565564820,0.012063967,-0.050738969,87.763493931,-1.299869551,41.381997829,46.381496102
94.733333333,29.646925763,5.829987190,-2.588866682,0.567456187,0.011922512,-0.050096059,29.646888239,5.823676196,-2.589505150,0.566817072,0.011999804,-0.050329961,87.955366222,-1.287593717,41.501541348,46.453824874
94.766666667,29.631008836,5.819721474,-2.590529714,0.568711008,0.011858783,-0.049690392,29.630983928,5.813429499,-2.591175963,0.568071064,0.011935673,-0.049923059,88.147396639,-1.275398884,41.621008159,46.526388480
94.800000000,29.615038142,5.809462060,-2.592179259,0.569967463,0.011795089,-0.049286841,29.615025803,5.803189255,-2.592833247,0.569326726,0.011871579,-0.049518272,88.339574496,-1.263285019,41.740392981,46.599181515
94.833333333,29.599013749,5.799208853,-2.593815387,0.571225481,0.011731434,-0.048885415,29.599013935,5.792955370,-2.594477074,0.570583987,0.011807524,-0.049115604,88.531889107,-1.251252077,41.859690560,46.672198547
94.866666667,29.582935729,5.788961760,-2.595438170,0.572484993,0.011667822,-0.048486119,29.582948393,5.782727750,-2.596107515,0.571842776,0.011743512,-0.048715065,88.724329789,-1.239300001,41.978895663,46.745434127
94.900000000,29.566804156,5.778720686,-2.597047679,0.573745928,0.011604254,-0.048088958,29.566829251,5.772506301,-2.597724640,0.573103024,0.011679546,-0.048316658,88.916885861,-1.227428723,42.098003078,46.818882783
94.933333333,29.550619104,5.768485539,-2.598643985,0.575008214,0.011540735,-0.047693940,29.550656582,5.762290929,-2.599328522,0.574364659,0.011615629,-0.047920391,89.109546642,-1.215638165,42.217007618,46.892539023
94.966666667,29.534380648,5.758256226,-2.600227160,0.576271782,0.011477268,-0.047301067,29.534430462,5.752081541,-2.600919230,0.575627612,0.011551765,-0.047526268,89.302301452,-1.203928238,42.335904115,46.966397338
95.000000000,29.518088865,5.748032655,-2.601797274,0.577536562,0.011413855,-0.046910345,29.518150966,5.741878045,-2.602496838,0.576891812,0.011487956,-0.047134294,89.495139616,-1.192298841,42.454687421,47.040452195
95.033333333,29.501743834,5.737814734,-2.603354401,0.578802482,0.011350500,-0.046521778,29.501818172,5.731680348,-2.604061415,0.578157187,0.011424206,-0.046744472,89.688050456,-1.180749866,42.573352410,47.114698046
95.066666667,29.485345634,5.727602371,-2.604898611,0.580069473,0.011287206,-0.046135369,29.485432159,5.721488359,-2.605613036,0.579423669,0.011360517,-0.046356808,89.881023299,-1.169281191,42.691893974,47.189129325
95.100000000,29.468894346,5.717395476,-2.606429977,0.581337464,0.011223976,-0.045751123,29.468993007,5.711301987,-2.607151770,0.580691187,0.011296893,-0.045971304,90.074047472,-1.157892690,42.810307025,47.263740447
95.133333333,29.452390052,5.707193958,-2.607948571,0.582606385,0.011160812,-0.045369040,29.452500798,5.701121140,-2.608677691,0.581959669,0.011233336,-0.045587964,90.267112304,-1.146584222,42.928586494,47.338525810
95.166666667,29.435832836,5.696997726,-2.609454465,0.583876165,0.011097718,-0.044989125,29.435955615,5.690945729,-2.610190870,0.583229046,0.011169850,-0.045206790,90.460207123,-1.135355642,43.046727328,47.413479795
95.200000000,29.419222782,5.686806693,-2.610947732,0.585146733,0.011034695,-0.044611378,29.419357542,5.680775662,-2.611691381,0.584499248,0.011106437,-0.044827784,90.653321261,-1.124206792,43.164724492,47.488596769
95.233333333,29.402559977,5.676620768,-2.612428443,0.586418021,0.010971748,-0.044235803,29.402706664,5.670610852,-2.613179294,0.585770203,0.011043100,-0.044450949,90.846444050,-1.113137509,43.282572970,47.563871080
95.266666667,29.385844509,5.666439863,-2.613896671,0.587689956,0.010908879,-0.043862399,29.386003069,5.660451208,-2.614654682,0.587041842,0.010979841,-0.044076286,91.039564823,-1.102147619,43.400267759,47.639297064
95.300000000,29.369076466,5.656263889,-2.615352489,0.588962470,0.010846090,-0.043491168,29.369246845,5.650296643,-2.616117619,0.588314095,0.010916665,-0.043703795,91.232672915,-1.091236943,43.517803875,47.714869039
95.333333333,29.352255939,5.646092760,-2.616795969,0.590235491,0.010783385,-0.043122111,29.352438081,5.640147069,-2.617568176,0.589586891,0.010853572,-0.043333478,91.425757659,-1.080405291,43.635176348,47.790581311
95.366666667,29.335383019,5.635926389,-2.618227183,0.591508949,0.010720765,-0.042755228,29.335576869,5.630002397,-2.619006425,0.590860159,0.010790566,-0.042965336,91.618808393,-1.069652467,43.752380222,47.866428171
95.400000000,29.318457800,5.625764688,-2.619646204,0.592782775,0.010658234,-0.042390519,29.318663301,5.619862542,-2.620432440,0.592133831,0.010727650,-0.042599368,91.811814452,-1.058978268,43.869410558,47.942403895
95.433333333,29.301480376,5.615607571,-2.621053105,0.594056897,0.010595793,-0.042027984,29.301697471,5.609727416,-2.621846293,0.593407834,0.010664826,-0.042235574,92.004765175,-1.048382483,43.986262427,48.018502747
95.466666667,29.284450844,5.605454954,-2.622447957,0.595331246,0.010533446,-0.041667622,29.284679474,5.599596933,-2.623248055,0.594682099,0.010602096,-0.041873954,92.197649897,-1.037864896,44.102930918,48.094718979
95.500000000,29.267369299,5.595306751,-2.623830834,0.596605752,0.010471195,-0.041309431,29.267609406,5.589471009,-2.624637801,0.595956556,0.010539464,-0.041514507,92.390457958,-1.027425281,44.219411130,48.171046828
95.533333333,29.250235841,5.585162878,-2.625201807,0.597880343,0.010409042,-0.040953411,29.250487366,5.579349558,-2.626015601,0.597231135,0.010476930,-0.041157232,92.583178694,-1.017063410,44.335698175,48.247480520
95.566666667,29.233050571,5.575023250,-2.626560949,0.599154951,0.010346990,-0.040599561,29.233313453,5.569232496,-2.627381529,0.598505765,0.010414499,-0.040802128,92.775801446,-1.006779044,44.451787177,48.324014269
95.600000000,29.215813589,5.564887785,-2.627908332,0.600429504,0.010285041,-0.040247878,29.216087768,5.559119739,-2.628735657,0.599780377,0.010352172,-0.040449192,92.968315550,-0.996571942,44.567673272,48.400642278
95.633333333,29.198524998,5.554756400,-2.629244029,0.601703933,0.010223197,-0.039898360,29.198810414,5.549011204,-2.630078056,0.601054899,0.010289952,-0.040098424,93.160710346,-0.986441854,44.683351608,48.477358738
95.666666667,29.181184904,5.544629012,-2.630568111,0.602978167,0.010161461,-0.039551006,29.181481492,5.538906808,-2.631408800,0.602329262,0.010227840,-0.039749819,93.352975170,-0.976388526,44.798817342,48.554157828
95.700000000,29.163793411,5.534505539,-2.631880651,0.604252137,0.010099835,-0.039205811,29.164101110,5.528806468,-2.632727960,0.603603395,0.010165839,-0.039403378,93.545099359,-0.966411700,44.914065641,48.631033718
95.733333333,29.146350627,5.524385901,-2.633181721,0.605525771,0.010038321,-0.038862774,29.146669374,5.518710104,-2.634035609,0.604877229,0.010103952,-0.039059095,93.737072252,-0.956511109,45.029091685,48.707980567
95.766666667,29.128856660,5.514270018,-2.634471392,0.606799000,0.009976922,-0.038521892,29.129186390,5.508617635,-2.635331818,0.606150694,0.010042181,-0.038716970,93.928883183,-0.946686485,45.143890659,48.784992524
95.800000000,29.111311621,5.504157808,-2.635749736,0.608071754,0.009915639,-0.038183161,29.111652269,5.498528979,-2.636616658,0.607423718,0.009980527,-0.038376997,94.120521487,-0.936937551,45.258457760,48.862063727
95.833333333,29.093715622,5.494049193,-2.637016826,0.609343963,0.009854474,-0.037846577,29.094067122,5.488444057,-2.637890203,0.608696233,0.009918993,-0.038039174,94.311976499,-0.927264029,45.372788194,48.939188305
95.866666667,29.076068775,5.483944094,-2.638272731,0.610615555,0.009793430,-0.037512136,29.076431061,5.478362789,-2.639152523,0.609968167,0.009857581,-0.037703498,94.503237551,-0.917665634,45.486877171,49.016360380
95.900000000,29.058371194,5.473842433,-2.639517525,0.611886463,0.009732509,-0.037179836,29.058744200,5.468285098,-2.640403690,0.611239451,0.009796293,-0.037369964,94.694293974,-0.908142078,45.600719914,49.093574060
95.933333333,29.040622996,5.463744132,-2.640751277,0.613156614,0.009671712,-0.036849671,29.041006654,5.458210904,-2.641643776,0.612510014,0.009735131,-0.037038568,94.885135099,-0.898693067,45.714311651,49.170823448
95.966666667,29.022824299,5.453649114,-2.641974060,0.614425939,0.009611043,-0.036521636,29.023218539,5.448140131,-2.642872850,0.613779787,0.009674097,-0.036709305,95.075750253,-0.889318306,45.827647614,49.248102638
96.000000000,29.004975220,5.443557303,-2.643185944,0.615694368,0.009550502,-0.036195729,29.005379974,5.438072701,-2.644090986,0.615048699,0.009613193,-0.036382172,95.266128762,-0.880017493,45.940723047,49.325405714
96.033333333,28.987075881,5.433468624,-2.644387000,0.616961831,0.009490091,-0.035871943,28.987491079,5.428008539,-2.645298252,0.616316680,0.009552421,-0.036057164,95.456259949,-0.870790324,46.053533197,49.402726752
96.066666667,28.969126404,5.423383000,-2.645577298,0.618228257,0.009429813,-0.035550273,28.969551975,5.417947568,-2.646494721,0.617583660,0.009491782,-0.035734276,95.646133138,-0.861636491,46.166073317,49.480059821
96.100000000,28.951126911,5.413300359,-2.646756909,0.619493577,0.009369669,-0.035230715,28.951562784,5.407889714,-2.647680463,0.618849569,0.009431280,-0.035413502,95.835737647,-0.852555682,46.278338665,49.557398982
96.133333333,28.933077528,5.403220625,-2.647925904,0.620757720,0.009309661,-0.034913263,28.933523631,5.397834902,-2.648855547,0.620114337,0.009370914,-0.035094837,96.025062792,-0.843547583,46.390324505,49.634738286
96.166666667,28.914978382,5.393143727,-2.649084352,0.622020616,0.009249791,-0.034597911,28.915434642,5.387783059,-2.650020045,0.621377893,0.009310688,-0.034778276,96.214097887,-0.834611875,46.502026106,49.712071781
96.200000000,28.896829600,5.383069590,-2.650232324,0.623282195,0.009190061,-0.034284655,28.897295943,5.377734111,-2.651174026,0.622640168,0.009250603,-0.034463814,96.402832242,-0.825748238,46.613438740,49.789393503
96.233333333,28.878631311,5.372998145,-2.651369888,0.624542386,0.009130473,-0.033973487,28.879107663,5.367687987,-2.652317561,0.623901090,0.009190661,-0.034151444,96.591255166,-0.816956348,46.724557683,49.866697483
96.266666667,28.860383647,5.362929319,-2.652497115,0.625801121,0.009071027,-0.033664402,28.860869933,5.357644614,-2.653450718,0.625160591,0.009130864,-0.033841161,96.779355962,-0.808235878,46.835378215,49.943977747
96.300000000,28.842086740,5.352863041,-2.653614075,0.627058327,0.009011727,-0.033357394,28.842582884,5.347603921,-2.654573567,0.626418599,0.009071212,-0.033532959,96.967123931,-0.799586499,46.945895621,50.021228310
96.333333333,28.823740725,5.342799243,-2.654720835,0.628313936,0.008952573,-0.033052457,28.824246649,5.337565839,-2.655686179,0.627675045,0.009011709,-0.033226831,97.154548368,-0.791007880,47.056105185,50.098443183
96.366666667,28.805345736,5.332737856,-2.655817465,0.629567876,0.008893567,-0.032749584,28.805861365,5.327530297,-2.656788620,0.628929859,0.008952355,-0.032922771,97.341618567,-0.782499685,47.166002197,50.175616371
96.400000000,28.786901912,5.322678810,-2.656904034,0.630820078,0.008834711,-0.032448769,28.787427166,5.317497226,-2.657880962,0.630182969,0.008893152,-0.032620772,97.528323816,-0.774061580,47.275581947,50.252741870
96.433333333,28.768409390,5.312622037,-2.657980611,0.632070472,0.008776006,-0.032150004,28.768944191,5.307466558,-2.658963271,0.631434307,0.008834102,-0.032320828,97.714653399,-0.765693225,47.384839728,50.329813671
96.466666667,28.749868312,5.302567472,-2.659047262,0.633318986,0.008717454,-0.031853284,28.750412580,5.297438225,-2.660035616,0.632683801,0.008775206,-0.032022933,97.900596595,-0.757394281,47.493770834,50.406825761
96.500000000,28.731278819,5.292515048,-2.660104058,0.634565552,0.008659056,-0.031558601,28.731832473,5.287412161,-2.661098066,0.633931382,0.008716465,-0.031727079,98.086142678,-0.749164404,47.602370561,50.483772117
96.533333333,28.712641054,5.282464699,-2.661151064,0.635810098,0.008600814,-0.031265948,28.713204014,5.277388299,-2.662150689,0.635176978,0.008657882,-0.031433259,98.271280918,-0.741003252,47.710634206,50.560646712
96.566666667,28.693955162,5.272416360,-2.662188349,0.637052554,0.008542730,-0.030975318,28.694527345,5.267366573,-2.663193552,0.636420521,0.008599458,-0.031141467,98.456000580,-0.732910477,47.818557065,50.637443515
96.600000000,28.675221291,5.262369968,-2.663215981,0.638292850,0.008484804,-0.030686704,28.675802615,5.257346920,-2.664226722,0.637661938,0.008541194,-0.030851695,98.640290920,-0.724885733,47.926134435,50.714156485
96.633333333,28.656439587,5.252325458,-2.664234025,0.639530916,0.008427039,-0.030400098,28.657029968,5.247329274,-2.665250268,0.638901161,0.008483092,-0.030563936,98.824141194,-0.716928671,48.033361614,50.790779580
96.666666667,28.637610202,5.242282768,-2.665242550,0.640766680,0.008369435,-0.030115494,28.638209556,5.237313573,-2.666264255,0.640138119,0.008425153,-0.030278182,99.007540647,-0.709038941,48.140233898,50.867306749
96.700000000,28.618733287,5.232241837,-2.666241621,0.642000074,0.008311995,-0.029832883,28.619341528,5.227299755,-2.667268751,0.641372741,0.008367378,-0.029994426,99.190478522,-0.701216191,48.246746585,50.943731937
96.733333333,28.599808994,5.222202603,-2.667231306,0.643231025,0.008254718,-0.029552258,28.600426037,5.217287756,-2.668263821,0.642604956,0.008309769,-0.029712660,99.372944051,-0.693460070,48.352894969,51.020049083
96.766666667,28.580837477,5.212165006,-2.668211669,0.644459464,0.008197608,-0.029273611,28.581463235,5.207277517,-2.669249533,0.643834695,0.008252327,-0.029432877,99.554926465,-0.685770222,48.458674344,51.096252121
96.800000000,28.561818895,5.202128986,-2.669182777,0.645685320,0.008140664,-0.028996934,28.562453280,5.197268976,-2.670225953,0.645061887,0.008195053,-0.029155069,99.736414984,-0.678146294,48.564080003,51.172334981
96.833333333,28.542753403,5.192094485,-2.670144695,0.646908523,0.008083889,-0.028722220,28.543396328,5.187262075,-2.671193145,0.646286461,0.008137950,-0.028879228,99.917398823,-0.670587931,48.669107237,51.248291586
96.866666667,28.523641162,5.182061444,-2.671097489,0.648129002,0.008027284,-0.028449461,28.524292537,5.177256755,-2.672151175,0.647508347,0.008081017,-0.028605347,100.097867189,-0.663094775,48.773751335,51.324115854
96.900000000,28.504482333,5.172029806,-2.672041224,0.649346686,0.007970849,-0.028178648,28.505142068,5.167252957,-2.673100109,0.648727474,0.008024256,-0.028333417,100.277809282,-0.655666470,48.878007584,51.399801698
96.933333333,28.485277079,5.161999514,-2.672975965,0.650561505,0.007914587,-0.027909774,28.485945083,5.157250625,-2.674040011,0.649943771,0.007967669,-0.028063430,100.457214295,-0.648302658,48.981871267,51.475343028
96.966666667,28.466025563,5.151970514,-2.673901775,0.651773388,0.007858497,-0.027642830,28.466701745,5.147249702,-2.674970947,0.651157168,0.007911257,-0.027795378,100.636071412,-0.641002981,49.085337666,51.550733747
97.000000000,28.446727953,5.141942749,-2.674818719,0.652982265,0.007802583,-0.027377809,28.447412220,5.137250132,-2.675892979,0.652367595,0.007855020,-0.027529254,100.814369810,-0.633767081,49.188402058,51.625967752
97.033333333,28.427384415,5.131916167,-2.675726861,0.654188064,0.007746843,-0.027114702,28.428076675,5.127251861,-2.676806174,0.653574979,0.007798961,-0.027265048,100.992098657,-0.626594598,49.291059718,51.701038939
97.066666667,28.407995120,5.121890714,-2.676626266,0.655390714,0.007691281,-0.026853500,28.408695279,5.117254835,-2.677710594,0.654779252,0.007743079,-0.027002753,101.169247113,-0.619485172,49.393305917,51.775941196
97.100000000,28.388560238,5.111866337,-2.677516995,0.656590146,0.007635896,-0.026594196,28.389268200,5.107259000,-2.678606302,0.655980341,0.007687377,-0.026742360,101.345804330,-0.612438446,49.495135923,51.850668407
97.133333333,28.369079942,5.101842984,-2.678399112,0.657786287,0.007580691,-0.026336781,28.369795613,5.097264304,-2.679493363,0.657178176,0.007631855,-0.026483861,101.521759448,-0.605454058,49.596544998,51.925214450
97.166666667,28.349554407,5.091820606,-2.679272681,0.658979068,0.007525666,-0.026081246,28.350277689,5.087270696,-2.680371839,0.658372686,0.007576515,-0.026227248,101.697101603,-0.598531648,49.697528401,51.999573202
97.200000000,28.329983808,5.081799152,-2.680137763,0.660168416,0.007470822,-0.025827584,28.330714605,5.077278125,-2.681241793,0.659563799,0.007521357,-0.025972512,101.871819917,-0.591670858,49.798081386,52.073738532
97.233333333,28.310368324,5.071778573,-2.680994421,0.661354262,0.007416160,-0.025575785,28.311106537,5.067286542,-2.682103287,0.660751446,0.007466383,-0.025719644,102.045903505,-0.584871327,49.898199202,52.147704304
97.266666667,28.290708133,5.061758820,-2.681842717,0.662536533,0.007361681,-0.025325841,28.291453664,5.057295896,-2.682956383,0.661935555,0.007411594,-0.025468636,102.219341472,-0.578132695,49.997877093,52.221464379
97.300000000,28.271003418,5.051739847,-2.682682713,0.663715159,0.007307387,-0.025077744,28.271756166,5.047306141,-2.683801144,0.663116054,0.007356990,-0.025219480,102.392122912,-0.571454602,50.097110298,52.295012614
97.333333333,28.251254361,5.041721607,-2.683514469,0.664890069,0.007253278,-0.024831485,28.252014226,5.037317228,-2.684637631,0.664292873,0.007302573,-0.024972167,102.564236909,-0.564836691,50.195894050,52.368342859
97.366666667,28.231461147,5.031704054,-2.684338048,0.666061190,0.007199355,-0.024587055,28.232228028,5.027329111,-2.685465904,0.665465940,0.007248343,-0.024726688,102.735672537,-0.558278600,50.294223576,52.441448961
97.400000000,28.211623962,5.021687144,-2.685153509,0.667228453,0.007145620,-0.024344446,28.212397756,5.017341745,-2.686286026,0.666635185,0.007194302,-0.024483035,102.906418861,-0.551779973,50.392094099,52.514324762
97.433333333,28.191742994,5.011670833,-2.685960914,0.668391785,0.007092072,-0.024103649,28.192523598,5.007355086,-2.687098057,0.667800534,0.007140451,-0.024241198,103.076464932,-0.545340449,50.489500833,52.586964100
97.466666667,28.171818433,5.001655077,-2.686760323,0.669551115,0.007038714,-0.023864655,28.172605744,4.997369088,-2.687902057,0.668961919,0.007086790,-0.024001171,103.245799792,-0.538959673,50.586438986,52.659360806
97.500000000,28.151850470,4.991639835,-2.687551795,0.670706372,0.006985546,-0.023627456,28.152644383,4.987383710,-2.688698086,0.670119266,0.007033321,-0.023762943,103.414412471,-0.532637286,50.682903762,52.731508709
97.533333333,28.131839300,4.981625066,-2.688335391,0.671857484,0.006932569,-0.023392042,28.132639709,4.977398909,-2.689486205,0.671272504,0.006980043,-0.023526505,103.582291988,-0.526372932,50.778890356,52.803401632
97.566666667,28.111785117,4.971610728,-2.689111170,0.673004379,0.006879784,-0.023158406,28.112591915,4.967414645,-2.690266473,0.672421562,0.006926959,-0.023291851,103.749427350,-0.520166254,50.874393955,52.875033395
97.600000000,28.091688117,4.961596784,-2.689879190,0.674146986,0.006827192,-0.022926539,28.092501198,4.957430877,-2.691038948,0.673566368,0.006874069,-0.023058969,103.915807553,-0.514016898,50.969409741,52.946397811
97.633333333,28.071548500,4.951583193,-2.690639511,0.675285233,0.006774793,-0.022696431,28.072367754,4.947447565,-2.691803691,0.674706851,0.006821374,-0.022827853,104.081421578,-0.507924509,51.063932887,53.017488691
97.666666667,28.051366466,4.941569920,-2.691392192,0.676419048,0.006722589,-0.022468074,28.052191785,4.937464672,-2.692560759,0.675842937,0.006768875,-0.022598492,104.246258397,-0.501888732,51.157958560,53.088299838
97.700000000,28.031142216,4.931556927,-2.692137289,0.677548360,0.006670579,-0.022241460,28.031973491,4.927482160,-2.693310212,0.676974557,0.006716572,-0.022370879,104.410306969,-0.495909216,51.251481916,53.158825053
97.733333333,28.010875956,4.921544179,-2.692874862,0.678673095,0.006618766,-0.022016579,28.011713074,4.917499992,-2.694052106,0.678101637,0.006664466,-0.022145005,104.573556238,-0.489985607,51.344498106,53.229058132
97.766666667,27.990567889,4.911531641,-2.693604968,0.679793183,0.006567150,-0.021793422,27.991410741,4.907518133,-2.694786501,0.679224106,0.006612559,-0.021920860,104.735995137,-0.484117555,51.437002271,53.298992866
97.800000000,27.970218225,4.901519278,-2.694327664,0.680908551,0.006515732,-0.021571982,27.971066697,4.897536549,-2.695513453,0.680341892,0.006560851,-0.021698436,104.897612585,-0.478304709,51.528989546,53.368623040
97.833333333,27.949827172,4.891507060,-2.695043008,0.682019127,0.006464512,-0.021352249,27.950681150,4.887555205,-2.696233020,0.681454922,0.006509342,-0.021477725,105.058397489,-0.472546720,51.620455053,53.437942436
97.866666667,27.929394942,4.881494953,-2.695751056,0.683124838,0.006413491,-0.021134215,27.930254312,4.877574069,-2.696945258,0.682563125,0.006458034,-0.021258717,105.218338741,-0.466843240,51.711393910,53.506944831
97.900000000,27.908921746,4.871482926,-2.696451864,0.684225613,0.006362671,-0.020917870,27.909786394,4.867593110,-2.697650225,0.683666427,0.006406927,-0.021041404,105.377425219,-0.461193921,51.801801222,53.575623997
97.933333333,27.888407801,4.861470951,-2.697145489,0.685321378,0.006312051,-0.020703207,27.889277610,4.857612295,-2.698347977,0.684764757,0.006356023,-0.020825777,105.535645787,-0.455598419,51.891672087,53.643973700
97.966666667,27.867853321,4.851458997,-2.697831987,0.686412062,0.006261633,-0.020490216,27.868728175,4.847631596,-2.699038569,0.685858042,0.006305320,-0.020611828,105.692989297,-0.450056388,51.981001594,53.711987703
98.000000000,27.847258527,4.841447037,-2.698511413,0.687497592,0.006211416,-0.020278888,27.848138308,4.837650984,-2.699722058,0.686946210,0.006254822,-0.020399547,105.849444585,-0.444567485,52.069784822,53.779659763
98.033333333,27.826623638,4.831435045,-2.699183823,0.688577895,0.006161403,-0.020069216,27.827508227,4.827670431,-2.700398498,0.688029188,0.006204527,-0.020188927,106.005000471,-0.439131367,52.158016838,53.846983633
98.066666667,27.805948875,4.821422993,-2.699849272,0.689652898,0.006111593,-0.019861190,27.806838153,4.817689910,-2.701067946,0.689106903,0.006154437,-0.019979958,106.159645763,-0.433747693,52.245692702,53.913953061
98.100000000,27.785234464,4.811410858,-2.700507813,0.690722529,0.006061988,-0.019654802,27.786128309,4.807709395,-2.701730456,0.690179282,0.006104553,-0.019772631,106.313369251,-0.428416124,52.332807463,53.980561788
98.133333333,27.764480629,4.801398615,-2.701159503,0.691786714,0.006012587,-0.019450043,27.765378921,4.797728861,-2.702386082,0.691246253,0.006054875,-0.019566939,106.466159713,-0.423136322,52.419356160,54.046803553
98.166666667,27.743687597,4.791386242,-2.701804394,0.692845381,0.005963392,-0.019246905,27.744590215,4.787748285,-2.703034880,0.692307743,0.006005404,-0.019362872,106.618005910,-0.417907949,52.505333822,54.112672088
98.200000000,27.722855600,4.781373716,-2.702442542,0.693898456,0.005914404,-0.019045378,27.723762419,4.777767644,-2.703676902,0.693363678,0.005956140,-0.019160423,106.768896586,-0.412730670,52.590735465,54.178161121
98.233333333,27.701984867,4.771361017,-2.703073999,0.694945866,0.005865622,-0.018845455,27.702895764,4.767786915,-2.704312203,0.694413985,0.005907084,-0.018959581,106.918820472,-0.407604152,52.675556098,54.243264374
98.266666667,27.681075632,4.761348125,-2.703698818,0.695987539,0.005817048,-0.018647127,27.681990482,4.757806079,-2.704940837,0.695458591,0.005858237,-0.018760340,107.067766281,-0.402528061,52.759790716,54.307975565
98.300000000,27.660128130,4.751335021,-2.704317054,0.697023399,0.005768682,-0.018450386,27.661046807,4.747825115,-2.705562856,0.696497424,0.005809599,-0.018562689,107.215722710,-0.397502066,52.843434304,54.372288406
98.333333333,27.639142598,4.741321688,-2.704928758,0.698053375,0.005720524,-0.018255222,27.640064975,4.737844005,-2.706178313,0.697530408,0.005761171,-0.018366622,107.362678442,-0.392525839,52.926481837,54.436196604
98.366666667,27.618119274,4.731308108,-2.705533982,0.699077392,0.005672577,-0.018061628,27.619045224,4.727862731,-2.706787261,0.698557471,0.005712954,-0.018172129,107.508622139,-0.387599052,53.008928278,54.499693861
98.400000000,27.597058400,4.721294266,-2.706132780,0.700095377,0.005624839,-0.017869595,27.597987794,4.717881276,-2.707389753,0.699578540,0.005664948,-0.017979202,107.653542450,-0.382721377,53.090768577,54.562773874
98.433333333,27.575960217,4.711280148,-2.706725204,0.701107256,0.005577311,-0.017679115,27.576892927,4.707899625,-2.707985840,0.700593540,0.005617153,-0.017787833,107.797428006,-0.377892491,53.171997673,54.625430333
98.466666667,27.554824971,4.701265741,-2.707311303,0.702112955,0.005529995,-0.017490179,27.555760865,4.697917764,-2.708575574,0.701602397,0.005569571,-0.017598013,107.940267421,-0.373112072,53.252610496,54.687656925
98.500000000,27.533652908,4.691251031,-2.707891131,0.703112400,0.005482890,-0.017302780,27.534591856,4.687935679,-2.709159006,0.702605038,0.005522201,-0.017409733,108.082049290,-0.368379796,53.332601959,54.749447330
98.533333333,27.512444275,4.681236008,-2.708464738,0.704105517,0.005435998,-0.017116908,27.513386145,4.677953358,-2.709736189,0.703601388,0.005475045,-0.017222987,108.222762192,-0.363695347,53.411966968,54.810795224
98.566666667,27.491199324,4.671220661,-2.709032175,0.705092232,0.005389318,-0.016932556,27.492143982,4.667970789,-2.710307172,0.704591374,0.005428103,-0.017037764,108.362394690,-0.359058404,53.490700413,54.871694276
98.600000000,27.469918306,4.661204981,-2.709593492,0.706072470,0.005342852,-0.016749715,27.470865619,4.657987963,-2.710872007,0.705574921,0.005381375,-0.016854058,108.500935325,-0.354468654,53.568797174,54.932138151
98.633333333,27.448601476,4.651188960,-2.710148740,0.707046158,0.005296600,-0.016568377,27.449551309,4.648004870,-2.711430744,0.706551955,0.005334863,-0.016671860,108.638372623,-0.349925782,53.646252116,54.992120507
98.666666667,27.427249090,4.641172592,-2.710697968,0.708013219,0.005250562,-0.016388535,27.428201307,4.638021503,-2.711983432,0.707522401,0.005288565,-0.016491162,108.774695090,-0.345429475,53.723060094,55.051634996
98.700000000,27.405861405,4.631155870,-2.711241227,0.708973581,0.005204739,-0.016210179,27.406815869,4.628037854,-2.712530123,0.708486185,0.005242484,-0.016311955,108.909891216,-0.340979423,53.799215949,55.110675268
98.733333333,27.384438681,4.621138790,-2.711778565,0.709927168,0.005159132,-0.016033303,27.385395255,4.618053919,-2.713070864,0.709443232,0.005196619,-0.016134232,109.043949471,-0.336575318,53.874714508,55.169234962
98.766666667,27.362981181,4.611121348,-2.712310032,0.710873905,0.005113740,-0.015857898,27.363939727,4.608069692,-2.713605707,0.710393467,0.005150972,-0.015957985,109.176858304,-0.332216854,53.949550587,55.227307717
98.800000000,27.341489168,4.601103543,-2.712835678,0.711813717,0.005068565,-0.015683956,27.342449546,4.598085170,-2.714134700,0.711336816,0.005105541,-0.015783205,109.308606149,-0.327903725,54.023718988,55.284887161
98.833333333,27.319962908,4.591085372,-2.713355549,0.712746529,0.005023607,-0.015511468,27.320924977,4.588100350,-2.714657891,0.712273203,0.005060329,-0.015609886,109.439181417,-0.323635629,54.097214499,55.341966919
98.866666667,27.298402669,4.581066835,-2.713869696,0.713672266,0.004978866,-0.015340429,27.299366288,4.578115232,-2.715175329,0.713202553,0.005015335,-0.015438018,109.568572504,-0.319412266,54.170031894,55.398540610
98.900000000,27.276808720,4.571047935,-2.714378165,0.714590853,0.004934343,-0.015170829,27.277773748,4.568129815,-2.715687063,0.714124791,0.004970560,-0.015267594,109.696767782,-0.315233337,54.242165935,55.454601848
98.933333333,27.255181334,4.561028671,-2.714881005,0.715502215,0.004890038,-0.015002660,27.256147626,4.558144101,-2.716193140,0.715039841,0.004926005,-0.015098606,109.823755607,-0.311098546,54.313611369,55.510144238
98.966666667,27.233520784,4.551009050,-2.715378264,0.716406274,0.004845953,-0.014835916,27.234488197,4.548158091,-2.716693608,0.715947628,0.004881669,-0.014931047,109.949524312,-0.307007597,54.384362930,55.565161382
99.000000000,27.211827345,4.540989073,-2.715869989,0.717302957,0.004802086,-0.014670587,27.212795734,4.538171790,-2.717188515,0.716848077,0.004837553,-0.014764908,110.074062213,-0.302960200,54.454415338,55.619646875
99.033333333,27.190101296,4.530968748,-2.716356226,0.718192187,0.004758439,-0.014506668,27.191070515,4.528185202,-2.717677907,0.717741111,0.004793659,-0.014600183,110.197357604,-0.298956062,54.523763298,55.673594306
99.066666667,27.168342916,4.520948082,-2.716837023,0.719073887,0.004715013,-0.014344150,27.169312819,4.518198332,-2.718161833,0.718626655,0.004749985,-0.014436863,110.319398758,-0.294994897,54.592401501,55.726997257
99.100000000,27.146552487,4.510927082,-2.717312426,0.719947983,0.004671807,-0.014183025,27.147522925,4.508211187,-2.718640338,0.719504633,0.004706533,-0.014274941,110.440173930,-0.291076417,54.660324624,55.779849306
99.133333333,27.124730292,4.500905757,-2.717782481,0.720814398,0.004628822,-0.014023287,27.125701117,4.498223777,-2.719113469,0.720374968,0.004663304,-0.014114410,110.559671351,-0.287200340,54.727527329,55.832144023
99.166666667,27.102876619,4.490884118,-2.718247236,0.721673056,0.004586059,-0.013864927,27.103847681,4.488236109,-2.719581272,0.721237584,0.004620296,-0.013955262,110.677879235,-0.283366384,54.794004263,55.883874972
99.200000000,27.080991753,4.480862178,-2.718706734,0.722523879,0.004543518,-0.013707939,27.081962901,4.478248195,-2.720043794,0.722092406,0.004577512,-0.013797489,110.794785771,-0.279574269,54.859750060,55.935035711
99.233333333,27.059075986,4.470839948,-2.719161023,0.723366792,0.004501199,-0.013552315,27.060047069,4.468260046,-2.720501079,0.722939356,0.004534951,-0.013641085,110.910379131,-0.275823719,54.924759337,55.985619794
99.266666667,27.037129609,4.460817442,-2.719610148,0.724201718,0.004459103,-0.013398048,27.038100474,4.458271676,-2.720953174,0.723778357,0.004492614,-0.013486042,111.024647461,-0.272114457,54.989026697,56.035620764
99.300000000,27.015152916,4.450794677,-2.720054153,0.725028580,0.004417230,-0.013245130,27.016123410,4.448283098,-2.721400124,0.724609334,0.004450500,-0.013332353,111.137578889,-0.268446213,55.052546728,56.085032161
99.333333333,26.993146202,4.440771669,-2.720493083,0.725847301,0.004375580,-0.013093555,26.994116171,4.438294328,-2.721841973,0.725432209,0.004408612,-0.013180010,111.249161521,-0.264818714,55.115314002,56.133847518
99.366666667,26.971109767,4.430748435,-2.720926983,0.726657804,0.004334155,-0.012943315,26.972079055,4.428305383,-2.722278767,0.726246905,0.004366948,-0.013029007,111.359383439,-0.261231694,55.177323077,56.182060362
99.400000000,26.949043910,4.420724994,-2.721355898,0.727460011,0.004292954,-0.012794404,26.950012361,4.418316280,-2.722710550,0.727053345,0.004325510,-0.012879337,111.468232706,-0.257684887,55.238568493,56.229664213
99.433333333,26.926948934,4.410701367,-2.721779871,0.728253846,0.004251978,-0.012646814,26.927916390,4.408327038,-2.723137366,0.727851451,0.004284297,-0.012730992,111.575697360,-0.254178030,55.299044777,56.276652583
99.466666667,26.904825142,4.400677576,-2.722198947,0.729039231,0.004211227,-0.012500539,26.905791446,4.398337679,-2.723559260,0.728641147,0.004243310,-0.012583965,111.681765419,-0.250710861,55.358746439,56.323018980
99.500000000,26.882672841,4.390653643,-2.722613169,0.729816087,0.004170702,-0.012355571,26.883637833,4.388348223,-2.723976275,0.729422354,0.004202550,-0.012438250,111.786424877,-0.247283122,55.417667972,56.368756905
99.533333333,26.860492339,4.380629592,-2.723022581,0.730584338,0.004130403,-0.012211905,26.861455860,4.378358693,-2.724388454,0.730194995,0.004162017,-0.012293840,111.889663706,-0.243894558,55.475803856,56.413859850
99.566666667,26.838283948,4.370605449,-2.723427226,0.731343906,0.004090330,-0.012069532,26.839245835,4.368369114,-2.724795842,0.730958992,0.004121711,-0.012150729,111.991469856,-0.240544915,55.533148553,56.458321303
99.600000000,26.816047978,4.360581240,-2.723827147,0.732094711,0.004050484,-0.011928447,26.817008071,4.358379511,-2.725198481,0.731714267,0.004081633,-0.012008908,112.091831253,-0.237233942,55.589696508,56.502134746
99.633333333,26.793784746,4.350556994,-2.724222386,0.732836677,0.004010865,-0.011788643,26.794742881,4.348389911,-2.725596415,0.732460741,0.004041783,-0.011868373,112.190735800,-0.233961390,55.645442150,56.545293650
99.666666667,26.771494569,4.340532739,-2.724612987,0.733569725,0.003971474,-0.011650113,26.772450582,4.338400341,-2.725989685,0.733198338,0.004002161,-0.011729115,112.288171378,-0.230727013,55.700379894,56.587791484
99.700000000,26.749177764,4.330508505,-2.724998992,0.734293775,0.003932310,-0.011512852,26.750131490,4.328410832,-2.726378335,0.733926977,0.003962768,-0.011591129,112.384125844,-0.227530569,55.754504135,56.629621708
99.733333333,26.726834653,4.320484326,-2.725380443,0.735008750,0.003893375,-0.011376851,26.727785927,4.318421413,-2.726762407,0.734646581,0.003923604,-0.011454409,112.478587030,-0.224371816,55.807809254,56.670777776
99.766666667,26.704465559,4.310460233,-2.725757382,0.735714571,0.003854668,-0.011242106,26.705414214,4.308432116,-2.727141942,0.735357070,0.003884670,-0.011318947,112.571542747,-0.221250515,55.860289613,56.711253133
99.800000000,26.682070809,4.300436262,-2.726129850,0.736411159,0.003816191,-0.011108610,26.683016676,4.298442976,-2.727516983,0.736058366,0.003845965,-0.011184738,112.662980780,-0.218166432,55.911939559,56.751041221
99.833333333,26.659650728,4.290412448,-2.726497889,0.737098434,0.003777943,-0.010976356,26.660593640,4.288454025,-2.727887572,0.736750391,0.003807491,-0.011051775,112.752888893,-0.215119333,55.962753421,56.790135472
99.866666667,26.637205646,4.280388828,-2.726861541,0.737776318,0.003739924,-0.010845339,26.638145433,4.278465300,-2.728253750,0.737433064,0.003769247,-0.010920052,112.841254822,-0.212108989,56.012725510,56.828529313
99.900000000,26.614735897,4.270365441,-2.727220846,0.738444730,0.003702136,-0.010715552,26.615672387,4.268476839,-2.728615557,0.738106306,0.003731234,-0.010789564,112.928066283,-0.209135171,56.061850121,56.866216162
99.933333333,26.592241812,4.260342326,-2.727575846,0.739103592,0.003664578,-0.010586989,26.593174835,4.258488679,-2.728973035,0.738770038,0.003693452,-0.010660303,113.013310964,-0.206197655,56.110121531,56.903189433
99.966666667,26.569723729,4.250319525,-2.727926581,0.739752824,0.003627251,-0.010459645,26.570653111,4.248500861,-2.729326226,0.739424180,0.003655902,-0.010532264,113.096976531,-0.203296218,56.157534000,56.939442531
100.000000000,26.547181986,4.240297080,-2.728273091,0.740392346,0.003590155,-0.010333514,26.548107553,4.238513426,-2.729675169,0.740068653,0.003618584,-0.010405441,113.179050624,-0.200430642,56.204081770,56.974968854
100.033333333,26.524616922,4.230275034,-2.728615418,0.741022077,0.003553291,-0.010208589,26.525538501,4.228526416,-2.730019905,0.740703376,0.003581498,-0.010279828,113.259520860,-0.197600710,56.249759065,57.009761795
100.066666667,26.502028881,4.220253434,-2.728953601,0.741641938,0.003516659,-0.010084866,26.502946296,4.218539875,-2.730360474,0.741328270,0.003544645,-0.010155420,113.338374829,-0.194806208,56.294560092,57.043814737
100.100000000,26.479418208,4.210232325,-2.729287680,0.742251849,0.003480258,-0.009962337,26.480331282,4.208553848,-2.730696916,0.741943253,0.003508025,-0.010032211,113.415600097,-0.192046925,56.338479039,57.077121058
100.133333333,26.456785248,4.200211756,-2.729617695,0.742851728,0.003444091,-0.009840999,26.457693805,4.198568383,-2.731029271,0.742548247,0.003471638,-0.009910194,113.491184206,-0.189322654,56.381510076,57.109674130
100.166666667,26.434130353,4.190191776,-2.729943685,0.743441495,0.003408156,-0.009720844,26.435034212,4.188583526,-2.731357579,0.743143170,0.003435485,-0.009789365,113.565114671,-0.186633189,56.423647356,57.141467315
100.200000000,26.411453872,4.180172435,-2.730265690,0.744021070,0.003372455,-0.009601869,26.412352855,4.178599329,-2.731681880,0.743727941,0.003399566,-0.009669718,113.637378982,-0.183978329,56.464885012,57.172493970
100.233333333,26.388756159,4.170153787,-2.730583749,0.744590371,0.003336988,-0.009484067,26.389650086,4.168615840,-2.732002212,0.744302479,0.003363882,-0.009551248,113.707964605,-0.181357875,56.505217159,57.202747446
100.266666667,26.366037570,4.160135883,-2.730897901,0.745149318,0.003301754,-0.009367433,26.366926260,4.158633113,-2.732318615,0.744866705,0.003328432,-0.009433949,113.776858978,-0.178771629,56.544637895,57.232221084
100.300000000,26.343298464,4.150118780,-2.731208185,0.745697828,0.003266755,-0.009251962,26.344181734,4.148651201,-2.732631127,0.745420535,0.003293217,-0.009317816,113.844049516,-0.176219400,56.583141296,57.260908220
100.333333333,26.320539200,4.140102533,-2.731514640,0.746235821,0.003231991,-0.009137649,26.321416866,4.138670159,-2.732939788,0.745963889,0.003258238,-0.009202844,113.909523605,-0.173700998,56.620721423,57.288802183
100.366666667,26.297760141,4.130087201,-2.731817303,0.746763215,0.003197462,-0.009024488,26.298632019,4.128690044,-2.733244636,0.746496686,0.003223494,-0.009089028,113.973268608,-0.171216234,56.657372315,57.315896293
100.400000000,26.274961651,4.120072842,-2.732116214,0.747279928,0.003163168,-0.008912475,26.275827556,4.118710913,-2.733545709,0.747018843,0.003188987,-0.008976362,114.035271860,-0.168764927,56.693087993,57.342183867
100.433333333,26.252144097,4.110059518,-2.732411411,0.747785878,0.003129110,-0.008801605,26.253003843,4.108732825,-2.733843046,0.747530280,0.003154716,-0.008864842,114.095520670,-0.166346895,56.727862460,57.367658210
100.466666667,26.229307849,4.100047289,-2.732702931,0.748280983,0.003095288,-0.008691873,26.230161248,4.098755842,-2.734136685,0.748030913,0.003120682,-0.008754463,114.154002322,-0.163961961,56.761689698,57.392312624
100.500000000,26.206453278,4.090036221,-2.732990812,0.748765161,0.003061703,-0.008583273,26.207300142,4.088780025,-2.734426664,0.748520660,0.003086886,-0.008645220,114.210704072,-0.161609950,56.794563670,57.416140402
100.533333333,26.183580757,4.080026377,-2.733275093,0.749238329,0.003028355,-0.008475803,26.184420897,4.078805438,-2.734713021,0.748999440,0.003053327,-0.008537108,114.265613150,-0.159290693,56.826478319,57.439134830
100.566666667,26.160690663,4.070017824,-2.733555811,0.749700405,0.002995244,-0.008369456,26.161523888,4.068832146,-2.734995792,0.749467169,0.003020005,-0.008430123,114.318716758,-0.157004021,56.857427570,57.461289188
100.600000000,26.137783373,4.060010631,-2.733833002,0.750151306,0.002962370,-0.008264229,26.138609493,4.058860216,-2.735275017,0.749923766,0.002986922,-0.008324260,114.370002075,-0.154749770,56.887405326,57.482596749
100.633333333,26.114859268,4.050004865,-2.734106705,0.750590948,0.002929735,-0.008160116,26.115678091,4.048889715,-2.735550731,0.750369146,0.002954078,-0.008219515,114.419456249,-0.152527779,56.916405472,57.503050777
100.666666667,26.091918732,4.040000599,-2.734376956,0.751019250,0.002897338,-0.008057114,26.092730063,4.038920712,-2.735822973,0.750803228,0.002921473,-0.008115882,114.467066402,-0.150337892,56.944421871,57.522644531
100.700000000,26.068962148,4.029997905,-2.734643793,0.751436126,0.002865179,-0.007955218,26.069765794,4.028953280,-2.736091779,0.751225927,0.002889107,-0.008013359,114.512819631,-0.148179953,56.971448367,57.541371264
100.733333333,26.045989905,4.019996855,-2.734907251,0.751841495,0.002833260,-0.007854425,26.046785671,4.018987489,-2.736357186,0.751637161,0.002856980,-0.007911941,114.556703003,-0.146053814,56.997478783,57.559224220
100.766666667,26.023002391,4.009997527,-2.735167369,0.752235272,0.002801580,-0.007754729,26.023790080,4.009023415,-2.736619231,0.752036845,0.002825094,-0.007811622,114.598703559,-0.143959326,57.022506922,57.576196637
100.800000000,25.999999999,3.999999996,-2.735424182,0.752617374,0.002770140,-0.007656128,26.000779415,3.999061132,-2.736877950,0.752424897,0.002793448,-0.007712401,114.638807519,-0.141897406,57.046524133,57.592283386
100.833333333,25.976983124,3.990004345,-2.735677726,0.752987715,0.002738939,-0.007558621,25.977754067,3.989100717,-2.737133381,0.752801231,0.002762043,-0.007614274,114.677003817,-0.139861953,57.069536615,57.607467202
100.866666667,25.953952161,3.980010645,-2.735928039,0.753346214,0.002707980,-0.007462180,25.954714433,3.979142248,-2.737385559,0.753165765,0.002730879,-0.007517228,114.713281084,-0.137849584,57.091545188,57.621735896
100.900000000,25.930907509,3.970018981,-2.736175154,0.753692787,0.002677261,-0.007366797,25.931660910,3.969185806,-2.737634520,0.753518416,0.002699957,-0.007421245,114.747626364,-0.135863216,57.112537766,57.635088598
100.933333333,25.907849569,3.960029438,-2.736419108,0.754027353,0.002646783,-0.007272457,25.908593898,3.959231471,-2.737880299,0.753859100,0.002669276,-0.007326313,114.780029504,-0.133900869,57.132513080,57.647516424
100.966666667,25.884778745,3.950042098,-2.736659935,0.754349831,0.002616545,-0.007179145,25.885513800,3.949279327,-2.738122931,0.754187738,0.002638836,-0.007232417,114.810479675,-0.131962364,57.151466060,57.659013615
101.000000000,25.861695443,3.940057048,-2.736897669,0.754660141,0.002586547,-0.007086848,25.862421020,3.939329458,-2.738362451,0.754504247,0.002608637,-0.007139544,114.838966191,-0.130047508,57.169391734,57.669574457
101.033333333,25.838600069,3.930074375,-2.737132343,0.754958203,0.002556789,-0.006995553,25.839315966,3.929381949,-2.738598891,0.754808550,0.002578678,-0.007047679,114.865478509,-0.128156095,57.186285225,57.679193283
101.066666667,25.815493035,3.920094167,-2.737363990,0.755243941,0.002527270,-0.006905247,25.816199045,3.919436888,-2.738832286,0.755100568,0.002548960,-0.006956810,114.890006225,-0.126287911,57.202141745,57.687864480
101.100000000,25.792374751,3.910116514,-2.737592644,0.755517277,0.002497989,-0.006815917,25.793070670,3.909494363,-2.739062669,0.755380223,0.002519481,-0.006866924,114.912539080,-0.124442734,57.216956591,57.695582489
101.133333333,25.769245632,3.900141509,-2.737818337,0.755778135,0.002468947,-0.006727553,25.769931253,3.899554465,-2.739290072,0.755647438,0.002490242,-0.006778011,114.933066954,-0.122620333,57.230725145,57.702341809
101.166666667,25.746106094,3.890169243,-2.738041100,0.756026439,0.002440142,-0.006640143,25.746781209,3.889617284,-2.739514528,0.755902138,0.002461241,-0.006690057,114.951579869,-0.120820473,57.243442871,57.708136998
101.200000000,25.722956555,3.880199811,-2.738260966,0.756262117,0.002411573,-0.006553675,25.723620957,3.879682913,-2.739736067,0.756144249,0.002432477,-0.006603052,114.968067990,-0.119042915,57.255105313,57.712962677
101.233333333,25.699797436,3.870233308,-2.738477965,0.756485093,0.002383239,-0.006468139,25.700450915,3.869751448,-2.739954723,0.756373696,0.002403950,-0.006516984,114.982521620,-0.117287414,57.265708090,57.716813529
101.266666667,25.676629158,3.860269832,-2.738692128,0.756695297,0.002355141,-0.006383524,25.677271505,3.859822982,-2.740170524,0.756590407,0.002375659,-0.006431844,114.994931205,-0.115553725,57.275246900,57.719684305
101.300000000,25.653452146,3.850309481,-2.738903487,0.756892657,0.002327276,-0.006299821,25.654083150,3.849897614,-2.740383504,0.756794309,0.002347603,-0.006347620,115.005287333,-0.113841600,57.283717513,57.721569820
101.333333333,25.630266826,3.840352354,-2.739112071,0.757077102,0.002299644,-0.006217018,25.630886275,3.839975441,-2.740593691,0.756985333,0.002319781,-0.006264304,115.013580732,-0.112150787,57.291115775,57.722464957
101.366666667,25.607073626,3.830398553,-2.739317909,0.757248563,0.002272244,-0.006135107,25.607681308,3.830056563,-2.740801116,0.757163408,0.002292192,-0.006181883,115.019802269,-0.110481037,57.297437601,57.722364668
101.400000000,25.583872976,3.820448179,-2.739521033,0.757406971,0.002245075,-0.006054077,25.584468679,3.820141081,-2.741005808,0.757328464,0.002264835,-0.006100350,115.023942953,-0.108832098,57.302678980,57.721263973
101.433333333,25.560665307,3.810501336,-2.739721470,0.757552258,0.002218136,-0.005973919,25.561248817,3.810229096,-2.741207798,0.757480435,0.002237710,-0.006019694,115.025993935,-0.107203718,57.306835971,57.719157965
101.466666667,25.537451054,3.800558130,-2.739919250,0.757684359,0.002191425,-0.005894624,25.538022156,3.800320713,-2.741407113,0.757619252,0.002210814,-0.005939905,115.025946505,-0.105595647,57.309904701,57.716041804
101.500000000,25.514230651,3.790618665,-2.740114401,0.757803206,0.002164942,-0.005816182,25.514789130,3.790416035,-2.741603784,0.757744850,0.002184147,-0.005860975,115.023792093,-0.104007633,57.311881369,57.711910725
101.533333333,25.491004536,3.780683050,-2.740306951,0.757908736,0.002138686,-0.005738585,25.491550176,3.780515170,-2.741797837,0.757857162,0.002157708,-0.005782895,115.019522271,-0.102439426,57.312762239,57.706760031
101.566666667,25.467773147,3.770751393,-2.740496930,0.758000884,0.002112655,-0.005661823,25.468305733,3.770618224,-2.741989303,0.757956125,0.002131496,-0.005705655,115.013128748,-0.100890778,57.312543646,57.700585102
101.600000000,25.444536926,3.760823804,-2.740684363,0.758079588,0.002086848,-0.005585888,25.445056239,3.760725305,-2.742178207,0.758041676,0.002105509,-0.005629247,115.004603377,-0.099361442,57.311221992,57.693381385
101.633333333,25.421296314,3.750900393,-2.740869280,0.758144785,0.002061265,-0.005510771,25.421802138,3.750836524,-2.742364578,0.758113751,0.002079747,-0.005553661,114.993938149,-0.097851172,57.308793744,57.685144404
101.666666667,25.398051756,3.740981274,-2.741051706,0.758196414,0.002035904,-0.005436464,25.398543872,3.740951991,-2.742548444,0.758172289,0.002054208,-0.005478890,114.981125194,-0.096359722,57.305255439,57.675869755
101.700000000,25.374803697,3.731066559,-2.741231669,0.758234415,0.002010763,-0.005362957,25.375281886,3.731071818,-2.742729831,0.758217230,0.002028891,-0.005404924,114.966156784,-0.094886852,57.300603677,57.665553106
101.733333333,25.351552585,3.721156364,-2.741409195,0.758258728,0.001985842,-0.005290243,25.352016627,3.721196119,-2.742908765,0.758248514,0.002003794,-0.005331756,114.949025329,-0.093432319,57.294835128,57.654190200
101.766666667,25.328298867,3.711250804,-2.741584310,0.758269296,0.001961140,-0.005218313,25.328748543,3.711325007,-2.743085274,0.758266081,0.001978918,-0.005259376,114.929723380,-0.091995885,57.287946526,57.641776853
101.800000000,25.305042996,3.701349995,-2.741757041,0.758266061,0.001936655,-0.005147160,25.305478084,3.701458599,-2.743259384,0.758269874,0.001954260,-0.005187777,114.908243626,-0.090577314,57.279934671,57.628308955
101.833333333,25.281785422,3.691454056,-2.741927414,0.758248967,0.001912386,-0.005076774,25.282205701,3.691597012,-2.743431119,0.758259836,0.001929820,-0.005116951,114.884578898,-0.089176370,57.270796429,57.613782468
101.866666667,25.258526599,3.681563107,-2.742095453,0.758217957,0.001888332,-0.005007148,25.258931848,3.681740362,-2.743600507,0.758235911,0.001905595,-0.005046889,114.858722163,-0.087792822,57.260528731,57.598193432
101.900000000,25.235266982,3.671677267,-2.742261184,0.758172978,0.001864491,-0.004938274,25.235656979,3.671888769,-2.743767572,0.758198045,0.001881586,-0.004977583,114.830666531,-0.086426439,57.249128575,57.581537957
101.933333333,25.212007027,3.661796658,-2.742424632,0.758113975,0.001840863,-0.004870145,25.212381549,3.662042354,-2.743932340,0.758146181,0.001857790,-0.004909026,114.800405249,-0.085076994,57.236593021,57.563812228
101.966666667,25.188747192,3.651921403,-2.742585821,0.758040896,0.001817447,-0.004802752,25.189106015,3.652201236,-2.744094834,0.758080269,0.001834207,-0.004841210,114.767931703,-0.083744260,57.222919197,57.545012506
102.000000000,25.165487937,3.642051624,-2.742744776,0.757953689,0.001794240,-0.004736087,25.165830838,3.642365539,-2.744255081,0.758000254,0.001810835,-0.004774127,114.733239420,-0.082428015,57.208104296,57.525135123
102.033333333,25.142229721,3.632187447,-2.742901521,0.757852302,0.001771242,-0.004670144,25.142556476,3.632535386,-2.744413103,0.757906086,0.001787672,-0.004707769,114.696322063,-0.081128037,57.192145575,57.504176488
102.066666667,25.118973007,3.622328997,-2.743056081,0.757736687,0.001748452,-0.004604914,25.119283391,3.622710901,-2.744568926,0.757797714,0.001764719,-0.004642129,114.657173438,-0.079844109,57.175040356,57.482133082
102.100000000,25.095718258,3.612476402,-2.743208478,0.757606793,0.001725868,-0.004540391,25.096012046,3.612892210,-2.744722573,0.757675088,0.001741973,-0.004577200,114.615787487,-0.078576013,57.156786026,57.459001461
102.133333333,25.072465939,3.602629788,-2.743358736,0.757462573,0.001703489,-0.004476566,25.072742905,3.603079439,-2.744874067,0.757538161,0.001719434,-0.004512973,114.572158292,-0.077323536,57.137380038,57.434778254
102.166666667,25.049216515,3.592789284,-2.743506878,0.757303979,0.001681314,-0.004413432,25.049476434,3.593272715,-2.745023432,0.757386883,0.001697099,-0.004449442,114.526280072,-0.076086467,57.116819907,57.409460165
102.200000000,25.025970453,3.582955021,-2.743652928,0.757130965,0.001659342,-0.004350983,25.026213098,3.583472167,-2.745170691,0.757221209,0.001674969,-0.004386598,114.478147188,-0.074864597,57.095103216,57.383043972
102.233333333,25.002728222,3.573127129,-2.743796907,0.756943485,0.001637571,-0.004289211,25.002953367,3.573677924,-2.745315866,0.757041092,0.001653041,-0.004324436,114.427754136,-0.073657718,57.072227610,57.355526527
102.266666667,24.979490290,3.563305740,-2.743938839,0.756741496,0.001616000,-0.004228108,24.979697708,3.563890118,-2.745458981,0.756846488,0.001631314,-0.004262948,114.375095554,-0.072465628,57.048190800,57.326904754
102.300000000,24.956257129,3.553490986,-2.744078745,0.756524952,0.001594628,-0.004167668,24.956446592,3.554108878,-2.745600057,0.756637352,0.001609788,-0.004202126,114.320166216,-0.071288124,57.022990563,57.297175653
102.333333333,24.933029210,3.543683001,-2.744216648,0.756293813,0.001573454,-0.004107884,24.933200491,3.544334338,-2.745739117,0.756413642,0.001588460,-0.004141964,114.262961035,-0.070125006,56.996624737,57.266336298
102.366666667,24.909807006,3.533881920,-2.744352569,0.756048036,0.001552477,-0.004048749,24.909959877,3.534566631,-2.745876183,0.756175314,0.001567330,-0.004082455,114.203475064,-0.068976078,56.969091229,57.234383835
102.400000000,24.886590991,3.524087878,-2.744486530,0.755787579,0.001531695,-0.003990257,24.886725224,3.524805891,-2.746011276,0.755922328,0.001546397,-0.004023592,114.141703492,-0.067841144,56.940388007,57.201315485
102.433333333,24.863381640,3.514301011,-2.744618551,0.755512404,0.001511107,-0.003932399,24.863497006,3.515052253,-2.746144417,0.755654644,0.001525658,-0.003965368,114.077641647,-0.066720013,56.910513105,57.167128542
102.466666667,24.840179428,3.504521457,-2.744748655,0.755222471,0.001490711,-0.003875170,24.840275698,3.505305853,-2.746275629,0.755372221,0.001505114,-0.003907776,114.011284996,-0.065612495,56.879464623,57.131820373
102.500000000,24.816984833,3.494749354,-2.744876862,0.754917742,0.001470508,-0.003818563,24.817061779,3.495566828,-2.746404931,0.755075022,0.001484763,-0.003850811,113.942629144,-0.064518402,56.847240723,57.095388421
102.533333333,24.793798332,3.484984841,-2.745003192,0.754598180,0.001450494,-0.003762571,24.793855724,3.485835316,-2.746532345,0.754763008,0.001464602,-0.003794464,113.871669834,-0.063437547,56.813839634,57.057830200
102.566666667,24.770620405,3.475228057,-2.745127666,0.754263748,0.001430670,-0.003707188,24.770658014,3.476111455,-2.746657890,0.754436143,0.001444633,-0.003738729,113.798402946,-0.062369749,56.779259647,57.019143299
102.600000000,24.747451530,3.465479145,-2.745250305,0.753914412,0.001411034,-0.003652408,24.747469126,3.466395385,-2.746781589,0.754094391,0.001424852,-0.003683601,113.722824499,-0.061314827,56.743499121,56.979325378
102.633333333,24.724292190,3.455738244,-2.745371127,0.753550136,0.001391584,-0.003598223,24.724289543,3.456687247,-2.746903459,0.753737717,0.001405259,-0.003629072,113.644930651,-0.060272602,56.706556476,56.938374174
102.666666667,24.701142864,3.446005497,-2.745490154,0.753170888,0.001372320,-0.003544629,24.701119745,3.446987181,-2.747023522,0.753366087,0.001385852,-0.003575137,113.564717695,-0.059242897,56.668430200,56.896287495
102.700000000,24.678004037,3.436281049,-2.745607404,0.752776634,0.001353240,-0.003491617,24.677960214,3.437295329,-2.747141797,0.752979469,0.001366631,-0.003521788,113.482182064,-0.058225538,56.629118843,56.853063221
102.733333333,24.654876190,3.426565042,-2.745722896,0.752367343,0.001334344,-0.003439183,24.654811434,3.427611835,-2.747258303,0.752577829,0.001347595,-0.003469020,113.397320330,-0.057220355,56.588621021,56.808699308
102.766666667,24.631759807,3.416857621,-2.745836651,0.751942984,0.001315629,-0.003387320,24.631673888,3.417936841,-2.747373061,0.752161137,0.001328741,-0.003416827,113.310129199,-0.056227176,56.546935415,56.763193784
102.800000000,24.608655374,3.407158932,-2.745948686,0.751503528,0.001297095,-0.003336022,24.608548060,3.408270492,-2.747486088,0.751729362,0.001310068,-0.003365202,113.220605517,-0.055245835,56.504060769,56.716544748
102.833333333,24.585563376,3.397469122,-2.746059021,0.751048945,0.001278740,-0.003285283,24.585434436,3.398612933,-2.747597403,0.751282475,0.001291577,-0.003314140,113.128746269,-0.054276166,56.459995893,56.668750376
102.866666667,24.562484298,3.387788337,-2.746167674,0.750579207,0.001260563,-0.003235097,24.562333503,3.388964310,-2.747707026,0.750820447,0.001273265,-0.003263634,113.034548574,-0.053318005,56.414739661,56.619808913
102.900000000,24.539418628,3.378116724,-2.746274664,0.750094287,0.001242564,-0.003185458,24.539245746,3.379324770,-2.747814975,0.750343251,0.001255130,-0.003213678,112.938009692,-0.052371193,56.368291013,56.569718679
102.933333333,24.516366853,3.368454433,-2.746380008,0.749594159,0.001224741,-0.003136360,24.516171653,3.369694459,-2.747921267,0.749850860,0.001237173,-0.003164267,112.839127019,-0.051435570,56.320648952,56.518478066
102.966666667,24.493329461,3.358801613,-2.746483724,0.749078797,0.001207092,-0.003087798,24.493111712,3.360073526,-2.748025922,0.749343248,0.001219392,-0.003115395,112.737898088,-0.050510978,56.271812547,56.466085540
103.000000000,24.470306940,3.349158413,-2.746585831,0.748548177,0.001189616,-0.003039766,24.470066412,3.350462119,-2.748128956,0.748820390,0.001201785,-0.003067055,112.634320569,-0.049597264,56.221780932,56.412539638
103.033333333,24.447299781,3.339524984,-2.746686346,0.748002276,0.001172313,-0.002992257,24.447036242,3.340860388,-2.748230388,0.748282263,0.001184351,-0.003019243,112.528392273,-0.048694274,56.170553303,56.357838970
103.066666667,24.424308472,3.329901477,-2.746785286,0.747441071,0.001155182,-0.002945268,24.424021691,3.331268482,-2.748330235,0.747728843,0.001167090,-0.002971953,112.420111144,-0.047801857,56.118128924,56.301982220
103.100000000,24.401333503,3.320288044,-2.746882668,0.746864540,0.001138220,-0.002898791,24.401023249,3.321686553,-2.748428514,0.747160108,0.001149999,-0.002925179,112.309475265,-0.046919865,56.064507123,56.244968142
103.133333333,24.378375366,3.310684837,-2.746978510,0.746272663,0.001121427,-0.002852821,24.378041409,3.312114752,-2.748525243,0.746576037,0.001133079,-0.002878915,112.196482856,-0.046048151,56.009687291,56.186795565
103.166666667,24.355434552,3.301092010,-2.747072828,0.745665419,0.001104801,-0.002807354,24.355076660,3.302553231,-2.748620438,0.745976609,0.001116327,-0.002833156,112.081132276,-0.045186570,55.953668887,56.127463388
103.200000000,24.332511552,3.291509717,-2.747165639,0.745042789,0.001088342,-0.002762383,24.332129494,3.293002141,-2.748714117,0.745361806,0.001099742,-0.002787897,111.963422018,-0.044334980,55.896451433,56.066970586
103.233333333,24.309606858,3.281938111,-2.747256959,0.744404757,0.001072048,-0.002717903,24.309200404,3.283461638,-2.748806294,0.744731608,0.001083324,-0.002743133,111.843350715,-0.043493239,55.838034514,56.005316201
103.266666667,24.286720963,3.272377347,-2.747346805,0.743751303,0.001055919,-0.002673909,24.286289881,3.273931873,-2.748896988,0.744085998,0.001067071,-0.002698857,111.720917135,-0.042661208,55.778417783,55.942499352
103.300000000,24.263854359,3.262827581,-2.747435192,0.743082413,0.001039952,-0.002630397,24.263398419,3.264413002,-2.748986215,0.743424959,0.001050982,-0.002655065,111.596120185,-0.041838750,55.717600958,55.878519227
103.333333333,24.241007540,3.253288970,-2.747522137,0.742398070,0.001024148,-0.002587359,24.240526512,3.254905180,-2.749073989,0.742748475,0.001035055,-0.002611752,111.468958907,-0.041025730,55.655583818,55.813375089
103.366666667,24.218180998,3.243761669,-2.747607656,0.741698261,0.001008504,-0.002544793,24.217674651,3.245408561,-2.749160328,0.742056533,0.001019291,-0.002568912,111.339432482,-0.040222015,55.592366212,55.747066270
103.400000000,24.195375227,3.234245835,-2.747691764,0.740982971,0.000993019,-0.002502691,24.194843331,3.235923303,-2.749245247,0.741349116,0.001003687,-0.002526540,111.207540227,-0.039427473,55.527948050,55.679592176
103.433333333,24.172590722,3.224741628,-2.747774476,0.740252189,0.000977693,-0.002461050,24.172033047,3.226449561,-2.749328761,0.740626213,0.000988242,-0.002484632,111.073281595,-0.038641973,55.462329310,55.610952285
103.466666667,24.149827976,3.215249203,-2.747855808,0.739505902,0.000962525,-0.002419865,24.149244292,3.216987493,-2.749410885,0.739887811,0.000972956,-0.002443181,110.936656177,-0.037865389,55.395510032,55.541146145
103.500000000,24.127087484,3.205768721,-2.747935775,0.738744099,0.000947512,-0.002379130,24.126477560,3.207537256,-2.749491636,0.739133899,0.000957827,-0.002402185,110.797663701,-0.037097594,55.327490323,55.470173378
103.533333333,24.104369739,3.196300340,-2.748014391,0.737966771,0.000932655,-0.002338841,24.103733347,3.198099009,-2.749571028,0.738364467,0.000942853,-0.002361636,110.656304033,-0.036338464,55.258270356,55.398033677
103.566666667,24.081675237,3.186844220,-2.748091672,0.737173909,0.000917952,-0.002298992,24.081012147,3.188672909,-2.749649075,0.737579505,0.000928035,-0.002321532,110.512577172,-0.035587875,55.187850365,55.324726807
103.600000000,24.059004472,3.177400521,-2.748167632,0.736365505,0.000903401,-0.002259580,24.058314455,3.179259116,-2.749725793,0.736779004,0.000913371,-0.002281866,110.366483257,-0.034845707,55.116230654,55.250252603
103.633333333,24.036357938,3.167969403,-2.748242286,0.735541550,0.000889002,-0.002220599,24.035640765,3.169857789,-2.749801196,0.735962957,0.000898859,-0.002242634,110.218022564,-0.034111841,55.043411588,55.174610975
103.666666667,24.013736132,3.158551028,-2.748315648,0.734702040,0.000874754,-0.002182046,24.012991574,3.160469088,-2.749875299,0.735131357,0.000884499,-0.002203832,110.067195503,-0.033386158,54.969393601,55.097801902
103.700000000,23.991139546,3.149145557,-2.748387732,0.733846969,0.000860656,-0.002143914,23.990367376,3.151093174,-2.749948116,0.734284199,0.000870289,-0.002165455,109.914002623,-0.032668544,54.894177188,55.019825435
103.733333333,23.968568677,3.139753151,-2.748458551,0.732976332,0.000846706,-0.002106200,23.967768666,3.141730207,-2.750019660,0.733421476,0.000856228,-0.002127497,109.758444609,-0.031958884,54.817762913,54.940681696
103.766666667,23.946024019,3.130373973,-2.748528121,0.732090125,0.000832903,-0.002068899,23.945195938,3.132380348,-2.750089946,0.732543186,0.000842316,-0.002089956,109.600522283,-0.031257064,54.740151402,54.860370881
103.800000000,23.923506066,3.121008185,-2.748596455,0.731188346,0.000819246,-0.002032006,23.922649690,3.123043759,-2.750158987,0.731649326,0.000828551,-0.002052825,109.440236602,-0.030562975,54.661343349,54.778893254
103.833333333,23.901015314,3.111655950,-2.748663565,0.730270993,0.000805735,-0.001995518,23.900130414,3.113720602,-2.750226798,0.730739892,0.000814932,-0.002016102,109.277588662,-0.029876507,54.581339510,54.696249152
103.866666667,23.878552257,3.102317432,-2.748729466,0.729338066,0.000792368,-0.001959430,23.877638606,3.104411038,-2.750293391,0.729814883,0.000801458,-0.001979781,109.112579694,-0.029197551,54.500140710,54.612438984
103.900000000,23.856117389,3.092992793,-2.748794171,0.728389564,0.000779144,-0.001923737,23.855174761,3.095115232,-2.750358780,0.728874300,0.000788128,-0.001943858,108.945211066,-0.028526002,54.417747836,54.527463230
103.933333333,23.833711204,3.083682199,-2.748857693,0.727425488,0.000766062,-0.001888435,23.832739373,3.085833344,-2.750422979,0.727918142,0.000774941,-0.001908328,108.775484282,-0.027861755,54.334161843,54.441322439
103.966666667,23.811334197,3.074385812,-2.748920044,0.726445839,0.000753121,-0.001853521,23.810332937,3.076565540,-2.750485999,0.726946411,0.000761896,-0.001873188,108.603400982,-0.027204706,54.249383748,54.354017234
104.000000000,23.788986861,3.065103799,-2.748981239,0.725450622,0.000740320,-0.001818989,23.787955947,3.067311982,-2.750547855,0.725959109,0.000748992,-0.001838433,108.428962945,-0.026554755,54.163414637,54.265548308
104.033333333,23.766669690,3.055836323,-2.749041289,0.724439839,0.000727657,-0.001784837,23.765608897,3.058072834,-2.750608559,0.724956240,0.000736227,-0.001804060,108.252172084,-0.025911799,54.076255659,54.175916425
104.066666667,23.744383177,3.046583550,-2.749100206,0.723413495,0.000715133,-0.001751058,23.743292280,3.048848260,-2.750668123,0.723937807,0.000723601,-0.001770063,108.073030449,-0.025275742,53.987908028,54.085122420
104.100000000,23.722127816,3.037345645,-2.749158005,0.722371595,0.000702745,-0.001717651,23.721006591,3.039638425,-2.750726560,0.722903815,0.000711112,-0.001736440,107.891540226,-0.024646485,53.898373027,53.993167200
104.133333333,23.699904098,3.028122773,-2.749214695,0.721314146,0.000690493,-0.001684609,23.698752322,3.030443494,-2.750783883,0.721854271,0.000698760,-0.001703185,107.707703739,-0.024023933,53.807651999,53.900051740
104.166666667,23.677712517,3.018915101,-2.749270291,0.720241155,0.000678376,-0.001651931,23.676529966,3.021263631,-2.750840103,0.720789181,0.000686544,-0.001670295,107.521523447,-0.023407991,53.715746357,53.805777090
104.200000000,23.655553563,3.009722795,-2.749324803,0.719152630,0.000666392,-0.001619611,23.654340015,3.012099002,-2.750895233,0.719708552,0.000674462,-0.001637766,107.333001945,-0.022798566,53.622657577,53.710344368
104.233333333,23.633427730,3.000546021,-2.749378245,0.718048580,0.000654541,-0.001587646,23.632182962,3.002949771,-2.750949285,0.718612394,0.000662514,-0.001605594,107.142141965,-0.022195566,53.528387201,53.613754764
104.266666667,23.611335507,2.991384946,-2.749430626,0.716929015,0.000642822,-0.001556032,23.610059297,2.993816106,-2.751002270,0.717500716,0.000650698,-0.001573775,106.948946375,-0.021598902,53.432936837,53.516009538
104.300000000,23.589277386,2.982239736,-2.749481960,0.715793945,0.000631234,-0.001524765,23.587969513,2.984698170,-2.751054201,0.716373528,0.000639014,-0.001542305,106.753418180,-0.021008484,53.336308158,53.417110021
104.333333333,23.567253856,2.973110558,-2.749532258,0.714643384,0.000619775,-0.001493841,23.565914100,2.975596131,-2.751105088,0.715230841,0.000627460,-0.001511181,106.555560520,-0.020424225,53.238502904,53.317057616
104.366666667,23.545265408,2.963997579,-2.749581530,0.713477342,0.000608445,-0.001463257,23.543893548,2.966510154,-2.751154944,0.714072668,0.000616035,-0.001480399,106.355376672,-0.019846039,53.139522877,53.215853795
104.400000000,23.523312530,2.954900967,-2.749629789,0.712295834,0.000597242,-0.001433010,23.521908347,2.957440406,-2.751203779,0.712899021,0.000604739,-0.001449955,106.152870049,-0.019273839,53.039369949,53.113500100
104.433333333,23.501395711,2.945820888,-2.749677045,0.711098875,0.000586166,-0.001403094,23.499958986,2.948387054,-2.751251605,0.711709916,0.000593571,-0.001419846,105.948044200,-0.018707544,52.938046054,53.009998146
104.466666667,23.479515439,2.936757511,-2.749723310,0.709886478,0.000575216,-0.001373507,23.478045953,2.939350263,-2.751298433,0.710505365,0.000582529,-0.001390067,105.740902811,-0.018147070,52.835553194,52.905349618
104.500000000,23.457672201,2.927711002,-2.749768594,0.708658662,0.000564391,-0.001344246,23.456169737,2.930330201,-2.751344274,0.709285387,0.000571612,-0.001360615,105.531449704,-0.017592337,52.731893435,52.799556269
104.533333333,23.435866484,2.918681530,-2.749812908,0.707415443,0.000553689,-0.001315306,23.434330824,2.921327034,-2.751389138,0.708049996,0.000560821,-0.001331488,105.319688835,-0.017043264,52.627068910,52.692619925
104.566666667,23.414098774,2.909669261,-2.749856263,0.706156838,0.000543110,-0.001286684,23.412529701,2.912340929,-2.751433037,0.706799211,0.000550152,-0.001302680,105.105624299,-0.016499773,52.521081817,52.584542482
104.600000000,23.392369556,2.900674365,-2.749898669,0.704882867,0.000532653,-0.001258377,23.390766855,2.903372053,-2.751475981,0.705533049,0.000539606,-0.001274190,104.889260326,-0.015961786,52.413934420,52.475325906
104.633333333,23.370679315,2.891697009,-2.749940137,0.703593550,0.000522317,-0.001230382,23.369042770,2.894420574,-2.751517981,0.704251532,0.000529182,-0.001246012,104.670601281,-0.015429228,52.305629048,52.364972232
104.666666667,23.349028534,2.882737361,-2.749980677,0.702288907,0.000512101,-0.001202694,23.347357932,2.885486658,-2.751559047,0.702954678,0.000518879,-0.001218145,104.449651666,-0.014902023,52.196168098,52.253483569
104.700000000,23.327417698,2.873795588,-2.750020299,0.700968961,0.000502004,-0.001175312,23.325712822,2.876570472,-2.751599188,0.701642508,0.000508695,-0.001190584,104.226416121,-0.014380097,52.085554028,52.140862092
104.733333333,23.305847287,2.864871859,-2.750059014,0.699633733,0.000492025,-0.001148230,23.304107926,2.867672184,-2.751638417,0.700315046,0.000498630,-0.001163327,104.000899417,-0.013863377,51.973789368,52.027110050
104.766666667,23.284317783,2.855966342,-2.750096831,0.698283246,0.000482163,-0.001121447,23.282543724,2.858791961,-2.751676741,0.698972314,0.000488683,-0.001136369,103.773106467,-0.013351793,51.860876708,51.912229759
104.800000000,23.262829668,2.847079204,-2.750133760,0.696917526,0.000472417,-0.001094958,23.261020698,2.849929970,-2.751714172,0.697614335,0.000478853,-0.001109708,103.543042316,-0.012845273,51.746818709,51.796223607
104.833333333,23.241383419,2.838210615,-2.750169812,0.695536598,0.000462787,-0.001068761,23.239539328,2.841086377,-2.751750720,0.696241135,0.000469139,-0.001083341,103.310712145,-0.012343749,51.631618094,51.679094051
104.866666667,23.219979517,2.829360740,-2.750204995,0.694140487,0.000453270,-0.001042853,23.218100094,2.832261352,-2.751786393,0.694852740,0.000459540,-0.001057264,103.076121274,-0.011847152,51.515277653,51.560843621
104.900000000,23.198618439,2.820529750,-2.750239319,0.692729221,0.000443868,-0.001017230,23.196703474,2.823455059,-2.751821202,0.693449175,0.000450055,-0.001031475,102.839275156,-0.011355414,51.397800243,51.441474913
104.933333333,23.177300662,2.811717810,-2.750272794,0.691302828,0.000434578,-0.000991890,23.175349946,2.814667668,-2.751855156,0.692030468,0.000440683,-0.001005969,102.600179381,-0.010868471,51.279188785,51.320990596
104.966666667,23.156026661,2.802925090,-2.750305429,0.689861336,0.000425399,-0.000966828,23.154039987,2.805899343,-2.751888264,0.690596648,0.000431424,-0.000980745,102.358839675,-0.010386256,51.159446268,51.199393407
105.000000000,23.134796912,2.794151757,-2.750337234,0.688404775,0.000416331,-0.000942043,23.132774072,2.797150253,-2.751920537,0.689147743,0.000422276,-0.000955798,102.115261900,-0.009908706,51.038575746,51.076686154
105.033333333,23.113611887,2.785397978,-2.750368217,0.686933175,0.000407373,-0.000917531,23.111552675,2.788420565,-2.751951982,0.687683785,0.000413238,-0.000931127,101.869452053,-0.009435758,50.916580337,50.952871716
105.066666667,23.092472061,2.776663921,-2.750398388,0.685446569,0.000398524,-0.000893290,23.090376270,2.779710444,-2.751982610,0.686204804,0.000404311,-0.000906727,101.621416269,-0.008967351,50.793463230,50.827953039
105.100000000,23.071377904,2.767949753,-2.750427755,0.683944989,0.000389783,-0.000869316,23.069245330,2.771020058,-2.752012429,0.684710831,0.000395492,-0.000882597,101.371160817,-0.008503422,50.669227674,50.701933143
105.133333333,23.050329886,2.759255641,-2.750456328,0.682428467,0.000381150,-0.000845606,23.048160325,2.762349574,-2.752041448,0.683201901,0.000386780,-0.000858733,101.118692102,-0.008043912,50.543876989,50.574815113
105.166666667,23.029328478,2.750581753,-2.750484114,0.680897039,0.000372622,-0.000822158,23.027121726,2.753699157,-2.752069676,0.681678046,0.000378176,-0.000835132,100.864016666,-0.007588763,50.417414557,50.446602108
105.200000000,23.008374146,2.741928256,-2.750511124,0.679350738,0.000364200,-0.000798969,23.006130002,2.745068973,-2.752097121,0.680139301,0.000369678,-0.000811792,100.607141185,-0.007137916,50.289843830,50.317297354
105.233333333,22.987467359,2.733295316,-2.750537365,0.677789602,0.000355883,-0.000776036,22.985185621,2.736459190,-2.752123793,0.678585702,0.000361285,-0.000788709,100.348072473,-0.006691315,50.161168324,50.186904149
105.266666667,22.966608580,2.724683099,-2.750562846,0.676213667,0.000347669,-0.000753357,22.964289048,2.727869972,-2.752149700,0.677017285,0.000352997,-0.000765882,100.086817478,-0.006248902,50.031391620,50.055425858
105.300000000,22.945798276,2.716091773,-2.750587575,0.674622971,0.000339558,-0.000730927,22.943440750,2.719301486,-2.752174850,0.675434088,0.000344812,-0.000743306,99.823383285,-0.005810624,49.900517367,49.922865919
105.333333333,22.925036909,2.707521503,-2.750611561,0.673017552,0.000331550,-0.000708746,22.922641190,2.710753897,-2.752199252,0.673836148,0.000336730,-0.000720980,99.557777115,-0.005376425,49.768549279,49.789227836
105.366666667,22.904324940,2.698972456,-2.750634811,0.671397451,0.000323642,-0.000686809,22.901890831,2.702227370,-2.752222913,0.672223505,0.000328750,-0.000698900,99.290006323,-0.004946252,49.635491138,49.654515186
105.400000000,22.883662831,2.690444796,-2.750657335,0.669762707,0.000315835,-0.000665116,22.881190134,2.693722070,-2.752245843,0.670596199,0.000320870,-0.000677065,99.020078403,-0.004520054,49.501346790,49.518731613
105.433333333,22.863051039,2.681938690,-2.750679140,0.668113362,0.000308127,-0.000643662,22.860539560,2.685238162,-2.752268049,0.668954271,0.000313091,-0.000655471,98.748000980,-0.004097778,49.366120148,49.381880832
105.466666667,22.842490023,2.673454302,-2.750700233,0.666449458,0.000300518,-0.000622445,22.839939566,2.676775811,-2.752289539,0.667297762,0.000305411,-0.000634116,98.473781819,-0.003679374,49.229815191,49.243966629
105.500000000,22.821980239,2.664991797,-2.750720624,0.664771038,0.000293007,-0.000601463,22.819390611,2.668335181,-2.752310321,0.665626716,0.000297830,-0.000612997,98.197428820,-0.003264791,49.092435965,49.104992855
105.533333333,22.801522142,2.656551341,-2.750740318,0.663078147,0.000285593,-0.000580713,22.798893149,2.659916436,-2.752330404,0.663941176,0.000290346,-0.000592111,97.918950017,-0.002853982,48.953986582,48.964963435
105.566666667,22.781116184,2.648133098,-2.750759326,0.661370830,0.000278275,-0.000560193,22.778447635,2.651519740,-2.752349794,0.662241186,0.000282959,-0.000571457,97.638353581,-0.002446897,48.814471220,48.823882361
105.600000000,22.760762818,2.639737230,-2.750777653,0.659649131,0.000271053,-0.000539901,22.758054522,2.643145255,-2.752368499,0.660526791,0.000275668,-0.000551032,97.355647819,-0.002043489,48.673894124,48.681753696
105.633333333,22.740462494,2.631363903,-2.750795307,0.657913099,0.000263925,-0.000519833,22.737714261,2.634793146,-2.752386527,0.658798039,0.000268473,-0.000530833,97.070841173,-0.001643712,48.532259603,48.538581570
105.666666667,22.720215660,2.623013279,-2.750812297,0.656162780,0.000256891,-0.000499987,22.717427301,2.626463574,-2.752403886,0.657054976,0.000261371,-0.000510857,96.783942221,-0.001247519,48.389572034,48.394370186
105.700000000,22.700022763,2.614685522,-2.750828628,0.654398224,0.000249950,-0.000480361,22.697194092,2.618156704,-2.752420583,0.655297651,0.000254364,-0.000491103,96.494959676,-0.000854867,48.245835862,48.249123813
105.733333333,22.679884249,2.606380794,-2.750844310,0.652619479,0.000243102,-0.000460953,22.677015078,2.609872695,-2.752436625,0.653526112,0.000247449,-0.000471568,96.203902388,-0.000465711,48.101055596,48.102846791
105.766666667,22.659800562,2.598099257,-2.750859348,0.650826596,0.000236344,-0.000441760,22.656890706,2.601611711,-2.752452019,0.651740409,0.000240627,-0.000452250,95.910779342,-0.000080007,47.955235812,47.955543530
105.800000000,22.639772144,2.589841074,-2.750873750,0.649019626,0.000229678,-0.000422781,22.636821419,2.593373912,-2.752466773,0.649940593,0.000233895,-0.000433146,95.615599659,0.000302288,47.808381152,47.807218506
105.833333333,22.619799434,2.581606405,-2.750887522,0.647198622,0.000223101,-0.000404011,22.616807657,2.585159459,-2.752480893,0.648126715,0.000227254,-0.000414253,95.318372595,0.000681215,47.660496326,47.657876269
105.866666667,22.599882873,2.573395412,-2.750900673,0.645363635,0.000216614,-0.000385450,22.596849861,2.576968514,-2.752494388,0.646298829,0.000220703,-0.000395571,95.019107542,0.001056815,47.511586108,47.507521434
105.900000000,22.580022896,2.565208255,-2.750913209,0.643514721,0.000210215,-0.000367096,22.576948468,2.568801235,-2.752507263,0.644456988,0.000214241,-0.000377096,94.717814028,0.001429130,47.361655341,47.356158687
105.933333333,22.560219939,2.557045094,-2.750925136,0.641651934,0.000203904,-0.000348945,22.557103916,2.560657784,-2.752519526,0.642601245,0.000207867,-0.000358826,94.414501717,0.001798198,47.210708932,47.203792785
105.966666667,22.540474436,2.548906090,-2.750936462,0.639775330,0.000197679,-0.000330996,22.537316639,2.552538318,-2.752531183,0.640731657,0.000201580,-0.000340760,94.109180407,0.002164060,47.058751857,47.050428550
106.000000000,22.520786817,2.540791401,-2.750947193,0.637884965,0.000191541,-0.000313246,22.517587069,2.544442996,-2.752542242,0.638848279,0.000195380,-0.000322894,93.801860034,0.002526752,46.905789156,46.896070878
106.033333333,22.501157513,2.532701186,-2.750957335,0.635980897,0.000185488,-0.000295694,22.497915637,2.536371978,-2.752552708,0.636951169,0.000189266,-0.000305227,93.492550667,0.002886314,46.751825937,46.740724730
106.066666667,22.481586950,2.524635604,-2.750966896,0.634063185,0.000179519,-0.000278337,22.478302772,2.528325421,-2.752562588,0.635040384,0.000183237,-0.000287756,93.181262513,0.003242782,46.596867375,46.584395137
106.100000000,22.462075556,2.516594812,-2.750975882,0.632131886,0.000173635,-0.000261173,22.458748902,2.520303481,-2.752571890,0.633115983,0.000177293,-0.000270480,92.868005913,0.003596192,46.440918710,46.427087202
106.133333333,22.442623754,2.508578967,-2.750984299,0.630187063,0.000167833,-0.000244201,22.439254451,2.512306317,-2.752580619,0.631178027,0.000171432,-0.000253396,92.552791344,0.003946581,46.283985250,46.268806094
106.166666667,22.423231966,2.500588227,-2.750992153,0.628228775,0.000162114,-0.000227417,22.419819842,2.504334084,-2.752588781,0.629226574,0.000165654,-0.000236502,92.235629419,0.004293983,46.126072369,46.109557051
106.200000000,22.403900612,2.492622747,-2.750999451,0.626257085,0.000156477,-0.000210821,22.400445498,2.496386937,-2.752596384,0.627261688,0.000159959,-0.000219797,91.916530888,0.004638433,45.967185506,45.949345381
106.233333333,22.384630110,2.484682683,-2.751006199,0.624272055,0.000150921,-0.000194409,22.381131836,2.488465033,-2.752603433,0.625283431,0.000154345,-0.000203278,91.595506633,0.004979964,45.807330170,45.788176462
106.266666667,22.365420875,2.476768190,-2.751012404,0.622273750,0.000145445,-0.000178181,22.361879275,2.480568526,-2.752609934,0.623291865,0.000148811,-0.000186943,91.272567674,0.005318611,45.646511934,45.626055740
106.300000000,22.346273322,2.468879422,-2.751018070,0.620262234,0.000140048,-0.000162134,22.342688229,2.472697569,-2.752615894,0.621287055,0.000143358,-0.000170790,90.947725167,0.005654405,45.484736439,45.462988729
106.333333333,22.327187862,2.461016533,-2.751023205,0.618237572,0.000134731,-0.000146266,22.323559111,2.464852317,-2.752621318,0.619269066,0.000137984,-0.000154818,90.620990403,0.005987378,45.322009390,45.298981012
106.366666667,22.308164905,2.453179678,-2.751027813,0.616199832,0.000129491,-0.000130575,22.304492333,2.457032922,-2.752626214,0.617237965,0.000132689,-0.000139024,90.292374807,0.006317563,45.158336563,45.134038243
106.400000000,22.289204858,2.445369007,-2.751031902,0.614149079,0.000124329,-0.000115059,22.285488302,2.449239536,-2.752630585,0.615193817,0.000127472,-0.000123407,89.961889942,0.006644990,44.993723798,44.968166144
106.433333333,22.270308127,2.437584674,-2.751035476,0.612085384,0.000119244,-0.000099717,22.266547426,2.441472311,-2.752634439,0.613136691,0.000122332,-0.000107964,89.629547506,0.006969689,44.828177001,44.801370504
106.466666667,22.251475114,2.429826829,-2.751038542,0.610008814,0.000114235,-0.000084546,22.247670109,2.433731399,-2.752637781,0.611066656,0.000117269,-0.000092693,89.295359331,0.007291691,44.661702147,44.633657183
106.500000000,22.232706220,2.422095623,-2.751041106,0.607919440,0.000109301,-0.000069545,22.228856753,2.426016949,-2.752640617,0.608983780,0.000112281,-0.000077594,88.959337386,0.007611023,44.494305277,44.465032109
106.533333333,22.214001844,2.414391206,-2.751043172,0.605817332,0.000104442,-0.000054713,22.210107758,2.418329111,-2.752642953,0.606888135,0.000107369,-0.000062663,88.621493775,0.007927716,44.325992496,44.295501279
106.566666667,22.195362383,2.406713728,-2.751044746,0.603702563,0.000099657,-0.000040046,22.191423522,2.410668034,-2.752644793,0.604779792,0.000102531,-0.000047900,88.281840739,0.008241797,44.156769980,44.125070759
106.600000000,22.176788229,2.399063337,-2.751045835,0.601575205,0.000094946,-0.000025543,22.172804440,2.403033867,-2.752646144,0.602658823,0.000097767,-0.000033302,87.940390653,0.008553294,43.986643969,43.953746684
106.633333333,22.158279775,2.391440182,-2.751046443,0.599435332,0.000090307,-0.000011204,22.154250905,2.395426757,-2.752647012,0.600525301,0.000093076,-0.000018868,87.597156027,0.008862234,43.815620771,43.781535255
106.666666667,22.139837410,2.383844408,-2.751046575,0.597283018,0.000085740,0.000002975,22.135763307,2.387846851,-2.752647401,0.598379300,0.000088458,-0.000004596,87.252149508,0.009168644,43.643706761,43.608442747
106.700000000,22.121461521,2.376276163,-2.751046238,0.595118339,0.000081245,0.000016995,22.117342036,2.380294295,-2.752647317,0.596220896,0.000083912,0.000009516,86.905383877,0.009472549,43.470908379,43.434475499
106.733333333,22.103152491,2.368735593,-2.751045436,0.592941371,0.000076820,0.000030858,22.098987476,2.372769235,-2.752646765,0.594050163,0.000079437,0.000023470,86.556872053,0.009773975,43.297232133,43.259639920
106.766666667,22.084910704,2.361222842,-2.751044175,0.590752191,0.000072465,0.000044564,22.080700011,2.365271815,-2.752645750,0.591867180,0.000075032,0.000037267,86.206627089,0.010072948,43.122684599,43.083942490
106.800000000,22.066736537,2.353738054,-2.751042460,0.588550877,0.000068180,0.000058117,22.062480023,2.357802179,-2.752644279,0.589672022,0.000070697,0.000050908,85.854662172,0.010369493,42.947272418,42.907389754
106.833333333,22.048630369,2.346281374,-2.751040295,0.586337509,0.000063964,0.000071517,22.044327889,2.350360471,-2.752642355,0.587464770,0.000066432,0.000064397,85.500990628,0.010663632,42.771002299,42.729988328
106.866666667,22.030592574,2.338852942,-2.751037687,0.584112165,0.000059815,0.000084766,22.026243985,2.342946833,-2.752639984,0.585245502,0.000062235,0.000077733,85.145625915,0.010955391,42.593881018,42.551744897
106.900000000,22.012623524,2.331452902,-2.751034639,0.581874928,0.000055734,0.000097866,22.008228685,2.335561405,-2.752637171,0.583014299,0.000058106,0.000090920,84.788581629,0.011244793,42.415915416,42.372666213
106.933333333,21.994723587,2.324081394,-2.751031157,0.579625877,0.000051721,0.000110819,21.990282360,2.328204330,-2.752633921,0.580771241,0.000054044,0.000103958,84.429871501,0.011531859,42.237112403,42.192759098
106.966666667,21.976893131,2.316738559,-2.751027246,0.577365097,0.000047773,0.000123625,21.972405377,2.320875747,-2.752630239,0.578516411,0.000050049,0.000116848,84.069509396,0.011816614,42.057478955,42.012030441
107.000000000,21.959132520,2.309424534,-2.751022911,0.575092670,0.000043891,0.000136287,21.954598103,2.313575795,-2.752626130,0.576249892,0.000046120,0.000129594,83.707509316,0.012099078,41.877022115,41.830487201
107.033333333,21.941442114,2.302139460,-2.751018156,0.572808681,0.000040074,0.000148806,21.936860901,2.306304612,-2.752621598,0.573971768,0.000042257,0.000142195,83.343885399,0.012379273,41.695748994,41.648136405
107.066666667,21.923822274,2.294883472,-2.751012986,0.570513216,0.000036322,0.000161183,21.919194129,2.299062335,-2.752616649,0.571682124,0.000038458,0.000154655,82.978651917,0.012657221,41.513666769,41.464985148
107.100000000,21.906273353,2.287656709,-2.751007406,0.568206359,0.000032633,0.000173421,21.901598147,2.291849102,-2.752611287,0.569381044,0.000034724,0.000166973,82.611823279,0.012932943,41.330782683,41.281040596
107.133333333,21.888795706,2.280459305,-2.751001421,0.565888198,0.000029007,0.000185520,21.884073309,2.284665047,-2.752605516,0.567068617,0.000031053,0.000179152,82.243414027,0.013206458,41.147104047,41.096309980
107.166666667,21.871389684,2.273291396,-2.750995034,0.563558822,0.000025444,0.000197482,21.866619966,2.277510305,-2.752599342,0.564744929,0.000027446,0.000191193,81.873438841,0.013477786,40.962638240,40.910800601
107.200000000,21.854055633,2.266153114,-2.750988251,0.561218318,0.000021944,0.000209309,21.849238469,2.270385010,-2.752592768,0.562410068,0.000023900,0.000203098,81.501912537,0.013746948,40.777392706,40.724519831
107.233333333,21.836793898,2.259044594,-2.750981077,0.558866777,0.000018504,0.000221002,21.831929163,2.263289295,-2.752585801,0.560064124,0.000020417,0.000214868,81.128850063,0.014013962,40.591374958,40.537475105
107.266666667,21.819604822,2.251965967,-2.750973514,0.556504289,0.000015125,0.000232562,21.814692392,2.256223292,-2.752578442,0.557707187,0.000016995,0.000226505,80.754266506,0.014278847,40.404592574,40.349673932
107.300000000,21.802488744,2.244917364,-2.750965569,0.554130946,0.000011807,0.000243991,21.797528497,2.249187131,-2.752570699,0.555339348,0.000013633,0.000238009,80.378177087,0.014541622,40.217053201,40.161123886
107.333333333,21.785445999,2.237898914,-2.750957245,0.551746839,0.000008548,0.000255290,21.780437816,2.242180942,-2.752562574,0.552960699,0.000010331,0.000249383,80.000597161,0.014802305,40.028764551,39.971832610
107.366666667,21.768476921,2.230910748,-2.750948547,0.549352064,0.000005348,0.000266460,21.763420683,2.235204855,-2.752554072,0.550571333,0.000007089,0.000260627,79.621542223,0.015060913,39.839734405,39.781807817
107.400000000,21.751581840,2.223952993,-2.750939478,0.546946712,0.000002207,0.000277504,21.746477430,2.228258997,-2.752545197,0.548171344,0.000003906,0.000271744,79.241027898,0.015317464,39.649970611,39.591057287
107.433333333,21.734761083,2.217025775,-2.750930044,0.544530880,-0.000000876,0.000288421,21.729608387,2.221343496,-2.752535954,0.545760825,0.000000781,0.000282734,78.859069951,0.015571975,39.459481081,39.399588869
107.466666667,21.718014975,2.210129222,-2.750920248,0.542104664,-0.000003902,0.000299215,21.712813879,2.214458476,-2.752526347,0.543339873,-0.000002286,0.000293598,78.475684279,0.015824463,39.268273799,39.207410480
107.500000000,21.701343836,2.203263457,-2.750910094,0.539668160,-0.000006871,0.000309885,21.696094229,2.207604064,-2.752516380,0.540908584,-0.000005297,0.000304339,78.090886916,0.016074944,39.076356812,39.014530104
107.533333333,21.684747985,2.196428604,-2.750899587,0.537221467,-0.000009784,0.000320433,21.679449757,2.200780382,-2.752506056,0.538467055,-0.000008250,0.000314958,77.704694033,0.016323434,38.883738236,38.820955797
107.566666667,21.668227737,2.189624787,-2.750888730,0.534764682,-0.000012642,0.000330861,21.662880780,2.193987554,-2.752495381,0.536015385,-0.000011148,0.000325455,77.317121933,0.016569949,38.690426254,38.626695679
107.600000000,21.651783403,2.182852127,-2.750877527,0.532297905,-0.000015444,0.000341170,21.646387611,2.187225702,-2.752484358,0.533553673,-0.000013990,0.000335832,76.928187058,0.016814505,38.496429115,38.431757943
107.633333333,21.635415293,2.176110744,-2.750865983,0.529821237,-0.000018192,0.000351361,21.629970561,2.180494945,-2.752472991,0.531082017,-0.000016777,0.000346090,76.537905983,0.017057116,38.301755138,38.236150846
107.666666667,21.619123712,2.169400759,-2.750854102,0.527334779,-0.000020885,0.000361435,21.613629938,2.173795404,-2.752461284,0.528600521,-0.000019509,0.000356231,76.146295420,0.017297797,38.106412705,38.039882715
107.700000000,21.602908962,2.162722288,-2.750841886,0.524838633,-0.000023525,0.000371394,21.597366045,2.167127197,-2.752449241,0.526109284,-0.000022188,0.000366256,75.753372215,0.017536564,37.910410268,37.842961947
107.733333333,21.586771343,2.156075451,-2.750829341,0.522332903,-0.000026112,0.000381238,21.581179183,2.160490441,-2.752436866,0.523608410,-0.000024814,0.000376166,75.359153351,0.017773429,37.713756347,37.645397004
107.766666667,21.570711150,2.149460362,-2.750816469,0.519817692,-0.000028647,0.000390970,21.565069651,2.153885252,-2.752424162,0.521098003,-0.000027386,0.000385962,74.963655945,0.018008408,37.516459526,37.447196419
107.800000000,21.554728676,2.142877136,-2.750803275,0.517293106,-0.000031130,0.000400589,21.549037742,2.147311746,-2.752411134,0.518578166,-0.000029907,0.000395646,74.566897251,0.018241513,37.318528459,37.248368792
107.833333333,21.538824210,2.136325887,-2.750789762,0.514759249,-0.000033562,0.000410098,21.533083747,2.140770035,-2.752397784,0.516049006,-0.000032376,0.000405218,74.168894657,0.018472759,37.119971865,37.048922791
107.866666667,21.522998038,2.129806729,-2.750775934,0.512216230,-0.000035942,0.000419498,21.517207955,2.134260234,-2.752384118,0.513510628,-0.000034794,0.000414680,73.769665687,0.018702158,36.920798533,36.848867154
107.900000000,21.507250442,2.123319771,-2.750761795,0.509664154,-0.000038273,0.000428789,21.501410649,2.127782452,-2.752370138,0.510963139,-0.000037161,0.000424033,73.369228001,0.018929724,36.721017316,36.648210685
107.933333333,21.491581702,2.116865124,-2.750747348,0.507103132,-0.000040553,0.000437973,21.485692111,2.121336802,-2.752355848,0.508406648,-0.000039478,0.000433278,72.967599395,0.019155468,36.520637136,36.446962258
107.966666667,21.475992094,2.110442897,-2.750732597,0.504533271,-0.000042785,0.000447051,21.470052619,2.114923390,-2.752341251,0.505841264,-0.000041745,0.000442416,72.564797797,0.019379404,36.319666983,36.245130814
108.000000000,21.460481889,2.104053198,-2.750717545,0.501954683,-0.000044967,0.000456024,21.454492446,2.108542326,-2.752326352,0.503267095,-0.000043963,0.000451449,72.160841275,0.019601543,36.118115913,36.042725362
108.033333333,21.445051357,2.097696134,-2.750702195,0.499367479,-0.000047102,0.000464893,21.439011864,2.102193716,-2.752311154,0.500684254,-0.000046133,0.000460377,71.755748030,0.019821897,35.915993048,35.839754981
108.066666667,21.429700763,2.091371808,-2.750686552,0.496771770,-0.000049188,0.000473659,21.423611139,2.095877666,-2.752295659,0.498092851,-0.000048255,0.000469202,71.349536398,0.020040479,35.713307581,35.636228817
108.100000000,21.414430369,2.085080325,-2.750670618,0.494167670,-0.000051228,0.000482324,21.408290535,2.089594278,-2.752279872,0.495492999,-0.000050329,0.000477925,70.942224852,0.020257298,35.510068769,35.432156083
108.133333333,21.399240432,2.078821788,-2.750654397,0.491555292,-0.000053220,0.000490888,21.393050312,2.083343657,-2.752263796,0.492884812,-0.000052356,0.000486546,70.533831999,0.020472367,35.306285937,35.227546062
108.166666667,21.384131208,2.072596298,-2.750637893,0.488934752,-0.000055167,0.000499353,21.377890728,2.077125903,-2.752247435,0.490268403,-0.000054336,0.000495068,70.124376583,0.020685697,35.101968478,35.022408105
108.200000000,21.369102947,2.066403954,-2.750621108,0.486306164,-0.000057067,0.000507719,21.362812035,2.070941117,-2.752230791,0.487643888,-0.000056271,0.000503490,69.713877483,0.020897297,34.897125852,34.816751631
108.233333333,21.354155897,2.060244856,-2.750604046,0.483669646,-0.000058923,0.000515988,21.347814482,2.064789398,-2.752213867,0.485011383,-0.000058160,0.000511814,69.302353711,0.021107179,34.691767585,34.610586126
108.266666667,21.339290302,2.054119101,-2.750586710,0.481025314,-0.000060733,0.000524160,21.332898315,2.058670843,-2.752196668,0.482371005,-0.000060004,0.000520041,68.889824419,0.021315353,34.485903274,34.403921145
108.300000000,21.324506401,2.048026784,-2.750569103,0.478373287,-0.000062499,0.000532237,21.318063776,2.052585548,-2.752179197,0.479722872,-0.000061803,0.000528172,68.476308891,0.021521829,34.279542579,34.196766312
108.333333333,21.309804432,2.041968000,-2.750551229,0.475713685,-0.000064222,0.000540220,21.303311104,2.046533608,-2.752161456,0.477067102,-0.000063558,0.000536208,68.061826547,0.021726617,34.072695229,33.989131318
108.366666667,21.295184626,2.035942843,-2.750533090,0.473046627,-0.000065901,0.000548109,21.288640533,2.040515118,-2.752143449,0.474403815,-0.000065270,0.000544150,67.646396943,0.021929726,33.865371021,33.781025922
108.400000000,21.280647213,2.029951404,-2.750514690,0.470372234,-0.000067537,0.000555905,21.274052294,2.034530168,-2.752125178,0.471733132,-0.000066938,0.000551999,67.230039771,0.022131166,33.657579819,33.572459951
108.433333333,21.266192417,2.023993773,-2.750496032,0.467690628,-0.000069131,0.000563610,21.259546614,2.028578849,-2.752106647,0.469055174,-0.000068564,0.000559756,66.812774856,0.022330946,33.449331554,33.363443302
108.466666667,21.251820459,2.018070039,-2.750477118,0.465001932,-0.000070683,0.000571225,21.245123716,2.022661251,-2.752087860,0.466370064,-0.000070147,0.000567421,66.394622163,0.022529075,33.240636225,33.153985938
108.500000000,21.237531557,2.012180291,-2.750457952,0.462306270,-0.000072193,0.000578750,21.230783819,2.016777462,-2.752068818,0.463677924,-0.000071689,0.000574997,65.975601787,0.022725561,33.031503896,32.944097891
108.533333333,21.223325925,2.006324613,-2.750438537,0.459603766,-0.000073663,0.000586187,21.216527140,2.010927568,-2.752049526,0.460978878,-0.000073189,0.000582484,65.555733962,0.022920415,32.821944702,32.733789260
108.566666667,21.209203772,2.000503091,-2.750418875,0.456894546,-0.000075092,0.000593535,21.202353890,2.005111655,-2.752029985,0.458273053,-0.000074649,0.000589882,65.135039057,0.023113643,32.611968843,32.523070214
108.600000000,21.195165303,1.994715807,-2.750398970,0.454178735,-0.000076481,0.000600797,21.188264276,1.999329804,-2.752010199,0.455560572,-0.000076068,0.000597193,64.713537575,0.023305255,32.401586586,32.311950990
108.633333333,21.181210720,1.988962844,-2.750378825,0.451456462,-0.000077830,0.000607973,21.174258503,1.993582100,-2.751990171,0.452841565,-0.000077448,0.000604417,64.291250157,0.023495258,32.190808267,32.100441890
108.666666667,21.167340221,1.983244282,-2.750358442,0.448727854,-0.000079140,0.000615064,21.160336769,1.987868622,-2.751969903,0.450116157,-0.000078787,0.000611556,63.868197576,0.023683661,31.979644289,31.888553287
108.700000000,21.153554000,1.977560198,-2.750337824,0.445993041,-0.000080411,0.000622071,21.146499272,1.982189449,-2.751949399,0.447384478,-0.000080088,0.000618610,63.444400744,0.023870470,31.768105122,31.676295622
108.733333333,21.139852246,1.971910671,-2.750316973,0.443252152,-0.000081644,0.000628995,21.132746202,1.976544659,-2.751928662,0.444646657,-0.000081351,0.000625581,63.019880705,0.024055694,31.556201302,31.463679402
108.766666667,21.126235144,1.966295776,-2.750295894,0.440505318,-0.000082839,0.000635836,21.119077747,1.970934328,-2.751907693,0.441902825,-0.000082575,0.000632468,62.594658641,0.024239340,31.343943435,31.250715205
108.800000000,21.112702876,1.960715586,-2.750274588,0.437752670,-0.000083996,0.000642596,21.105494091,1.965358531,-2.751886496,0.439153112,-0.000083762,0.000639274,62.168755868,0.024421415,31.131342193,31.037413675
108.833333333,21.099255620,1.955170176,-2.750253058,0.434994343,-0.000085117,0.000649275,21.091995414,1.959817340,-2.751865074,0.436397652,-0.000084911,0.000645998,61.742193840,0.024601926,30.918408316,30.823785524
108.866666667,21.085893549,1.949659614,-2.750231306,0.432230468,-0.000086201,0.000655874,21.078581891,1.954310827,-2.751843429,0.433636576,-0.000086023,0.000652642,61.314994142,0.024780880,30.705152609,30.609841533
108.900000000,21.072616831,1.944183971,-2.750209337,0.429461180,-0.000087249,0.000662394,21.065253692,1.948839062,-2.751821563,0.430870019,-0.000087100,0.000659206,60.887178499,0.024958284,30.491585948,30.395592550
108.933333333,21.059425631,1.938743314,-2.750187151,0.426686615,-0.000088261,0.000668836,21.052010986,1.943402113,-2.751799480,0.428098115,-0.000088140,0.000665692,60.458768767,0.025134143,30.277719275,30.181049493
108.966666667,21.046320110,1.933337710,-2.750164752,0.423906909,-0.000089237,0.000675200,21.038853935,1.938000047,-2.751777183,0.425321002,-0.000089144,0.000672100,60.029786942,0.025308466,30.063563597,29.966223345
109.000000000,21.033300425,1.927967223,-2.750142142,0.421122199,-0.000090179,0.000681488,21.025782697,1.932632928,-2.751754673,0.422538814,-0.000090114,0.000678430,59.600255153,0.025481256,29.849129993,29.751125160
109.033333333,21.020366727,1.922631916,-2.750119324,0.418332623,-0.000091087,0.000687700,21.012797426,1.927300820,-2.751731953,0.419751689,-0.000091049,0.000684685,59.170195663,0.025652522,29.634429605,29.535766059
109.066666667,21.007519164,1.917331849,-2.750096300,0.415538319,-0.000091960,0.000693837,20.999898274,1.922003786,-2.751709026,0.416959767,-0.000091950,0.000690863,58.739630874,0.025822268,29.419473644,29.320157230
109.100000000,20.994757880,1.912067083,-2.750073073,0.412739428,-0.000092800,0.000699899,20.987085384,1.916741884,-2.751685895,0.414163186,-0.000092816,0.000696967,58.308583321,0.025990500,29.204273391,29.104309930
109.133333333,20.982083013,1.906837676,-2.750049645,0.409936089,-0.000093607,0.000705888,20.974358900,1.911515174,-2.751662561,0.411362086,-0.000093650,0.000702997,57.877075674,0.026157223,28.988840189,28.888235485
109.166666667,20.969494698,1.901643683,-2.750026018,0.407128446,-0.000094380,0.000711804,20.961718957,1.906323712,-2.751639027,0.408556609,-0.000094450,0.000708954,57.445130741,0.026322444,28.773185454,28.671945287
109.200000000,20.956993065,1.896485159,-2.750002196,0.404316639,-0.000095122,0.000717649,20.949165688,1.901167554,-2.751615296,0.405746896,-0.000095218,0.000714838,57.012771463,0.026486166,28.557320666,28.455450797
109.233333333,20.944578241,1.891362157,-2.749978181,0.401500813,-0.000095831,0.000723421,20.936699221,1.896046753,-2.751591370,0.402933091,-0.000095953,0.000720651,56.580020917,0.026648395,28.341257372,28.238763545
109.266666667,20.932250346,1.886274728,-2.749953974,0.398681112,-0.000096509,0.000729123,20.924319679,1.890961360,-2.751567252,0.400115337,-0.000096657,0.000726392,56.146902316,0.026809136,28.125007189,28.021895127
109.300000000,20.920009497,1.881222921,-2.749929578,0.395857680,-0.000097155,0.000734755,20.912027183,1.885911425,-2.751542943,0.397293779,-0.000097329,0.000732063,55.713439009,0.026968393,27.908581800,27.804857210
109.333333333,20.907855806,1.876206783,-2.749904996,0.393030664,-0.000097771,0.000740318,20.899821847,1.880896997,-2.751518447,0.394468562,-0.000097971,0.000737664,55.279654479,0.027126171,27.691992954,27.587661526
109.366666667,20.895789382,1.871226361,-2.749880229,0.390200210,-0.000098356,0.000745812,20.887703780,1.875918123,-2.751493765,0.391639832,-0.000098581,0.000743196,54.845572346,0.027282474,27.475252470,27.370319876
109.400000000,20.883810327,1.866281698,-2.749855281,0.387366467,-0.000098911,0.000751239,20.875673088,1.870974846,-2.751468899,0.388807738,-0.000099162,0.000748660,54.411216363,0.027437306,27.258372232,27.152844131
109.433333333,20.871918740,1.861372837,-2.749830153,0.384529583,-0.000099437,0.000756598,20.863729872,1.866067210,-2.751443853,0.385972428,-0.000099712,0.000754057,53.976610420,0.027590671,27.041364193,26.935246227
109.466666667,20.860114715,1.856499818,-2.749804847,0.381689708,-0.000099933,0.000761891,20.851874228,1.861195256,-2.751418628,0.383134050,-0.000100233,0.000759386,53.541778544,0.027742572,26.824240373,26.717538171
109.500000000,20.848398340,1.851662679,-2.749779367,0.378846992,-0.000100400,0.000767117,20.840106248,1.856359023,-2.751393226,0.380292754,-0.000100725,0.000764649,53.106744895,0.027893014,26.607012859,26.499732036
109.533333333,20.836769702,1.846861458,-2.749753713,0.376001586,-0.000100839,0.000772279,20.828426020,1.851558549,-2.751367650,0.377448692,-0.000101189,0.000769847,52.671533769,0.028041999,26.389693805,26.281839964
109.566666667,20.825228878,1.842096188,-2.749727888,0.373153644,-0.000101250,0.000777375,20.816833624,1.846793870,-2.751341902,0.374602015,-0.000101624,0.000774979,52.236169598,0.028189530,26.172295433,26.063874165
109.600000000,20.813775946,1.837366904,-2.749701895,0.370303317,-0.000101633,0.000782408,20.805329139,1.842065019,-2.751315984,0.371752876,-0.000102031,0.000780047,51.800676949,0.028335610,25.954830032,25.845846917
109.633333333,20.802410974,1.832673636,-2.749675735,0.367450760,-0.000101988,0.000787378,20.793912638,1.837372028,-2.751289898,0.368901429,-0.000102411,0.000785052,51.365080525,0.028480242,25.737309958,25.627770567
109.666666667,20.791134029,1.828016414,-2.749649410,0.364596128,-0.000102316,0.000792284,20.782584188,1.832714928,-2.751263647,0.366047827,-0.000102763,0.000789993,50.929405164,0.028623428,25.519747635,25.409657528
109.700000000,20.779945170,1.823395265,-2.749622923,0.361739577,-0.000102618,0.000797128,20.771343853,1.828093746,-2.751237231,0.363192227,-0.000103088,0.000794871,50.493675839,0.028765170,25.302155555,25.191520284
109.733333333,20.768844455,1.818810214,-2.749596276,0.358881264,-0.000102893,0.000801911,20.760191691,1.823508509,-2.751210654,0.360334785,-0.000103387,0.000799688,50.057917659,0.028905471,25.084546274,24.973371385
109.766666667,20.757831934,1.814261286,-2.749569470,0.356021346,-0.000103143,0.000806633,20.749127755,1.818959242,-2.751183918,0.357475658,-0.000103660,0.000804443,49.622155870,0.029044332,24.866932420,24.755223450
109.800000000,20.746907653,1.809748501,-2.749542508,0.353159981,-0.000103366,0.000811294,20.738152095,1.814445966,-2.751157024,0.354615004,-0.000103908,0.000809137,49.186415850,0.029181754,24.649326683,24.537089167
109.833333333,20.736071653,1.805271880,-2.749515392,0.350297330,-0.000103565,0.000815895,20.727264753,1.809968703,-2.751129975,0.351752981,-0.000104129,0.000813771,48.750723115,0.029317739,24.431741824,24.318981291
109.866666667,20.725323971,1.800831439,-2.749488124,0.347433551,-0.000103739,0.000820436,20.716465769,1.805527472,-2.751102772,0.348889750,-0.000104326,0.000818345,48.315103316,0.029452287,24.214190671,24.100912645
109.900000000,20.714664637,1.796427196,-2.749460705,0.344568808,-0.000103888,0.000824919,20.705755176,1.801122288,-2.751075417,0.346025472,-0.000104498,0.000822860,47.879582238,0.029585399,23.996686116,23.882896122
109.933333333,20.704093678,1.792059163,-2.749433137,0.341703261,-0.000104012,0.000829343,20.695133002,1.796753167,-2.751047914,0.343160308,-0.000104646,0.000827317,47.444185804,0.029717075,23.779241123,23.664944682
109.966666667,20.693611116,1.787727352,-2.749405424,0.338837074,-0.000104113,0.000833710,20.684599273,1.792420121,-2.751020262,0.340294421,-0.000104770,0.000831715,47.008940071,0.029847315,23.561868718,23.447071353
110.000000000,20.683216966,1.783431774,-2.749377566,0.335970410,-0.000104191,0.000838019,20.674154006,1.788123161,-2.750992465,0.337427973,-0.000104870,0.000836055,46.573871231,0.029976119,23.344581998,23.229289233
110.033333333,20.672911239,1.779172436,-2.749349565,0.333103435,-0.000104245,0.000842271,20.663797215,1.783862296,-2.750964525,0.334561130,-0.000104947,0.000840338,46.139005612,0.030103486,23.127394125,23.011611487
110.066666667,20.662693941,1.774949343,-2.749321423,0.330236314,-0.000104277,0.000846467,20.653528908,1.779637533,-2.750936442,0.331694057,-0.000105001,0.000844565,45.704369677,0.030229415,22.910318328,22.794051349
110.100000000,20.652565073,1.770762499,-2.749293143,0.327369213,-0.000104285,0.000850607,20.643349089,1.775448875,-2.750908219,0.328826920,-0.000105032,0.000848735,45.269990026,0.030353904,22.693367906,22.576622121
110.133333333,20.642524630,1.766611906,-2.749264726,0.324502300,-0.000104272,0.000854691,20.633257756,1.771296327,-2.750879859,0.325959885,-0.000105041,0.000852849,44.835893393,0.030476952,22.476556220,22.359337173
110.166666667,20.632572604,1.762497564,-2.749236173,0.321635744,-0.000104237,0.000858720,20.623254902,1.767179888,-2.750851362,0.323093121,-0.000105028,0.000856909,44.402106647,0.030598556,22.259896701,22.142209946
110.200000000,20.622708979,1.758419469,-2.749207487,0.318769713,-0.000104180,0.000862695,20.613340514,1.763099556,-2.750822731,0.320226796,-0.000104994,0.000860913,43.968656795,0.030718714,22.043402847,21.925253947
110.233333333,20.612933734,1.754377617,-2.749178670,0.315904378,-0.000104103,0.000866615,20.603514576,1.759055329,-2.750793967,0.317361081,-0.000104938,0.000864862,43.535570975,0.030837422,21.827088222,21.708482753
110.266666667,20.603246846,1.750372002,-2.749149723,0.313039910,-0.000104004,0.000870481,20.593777065,1.755047200,-2.750765073,0.314496145,-0.000104861,0.000868758,43.102876465,0.030954677,21.610966457,21.491910008
110.300000000,20.593648282,1.746402613,-2.749120648,0.310176481,-0.000103885,0.000874294,20.584127951,1.751075163,-2.750736049,0.311632160,-0.000104764,0.000872600,42.670600677,0.031070474,21.395051250,21.275549427
110.333333333,20.584138007,1.742469442,-2.749091447,0.307314263,-0.000103745,0.000878054,20.574567204,1.747139206,-2.750706899,0.308769299,-0.000104647,0.000876388,42.238771157,0.031184809,21.179356364,21.059414793
110.366666667,20.574715980,1.738572473,-2.749062122,0.304453430,-0.000103586,0.000881761,20.565094782,1.743239317,-2.750677623,0.305907735,-0.000104509,0.000880124,41.807415587,0.031297676,20.963895632,20.843519956
110.400000000,20.565382154,1.734711692,-2.749032674,0.301594157,-0.000103407,0.000885415,20.555710643,1.739375483,-2.750648223,0.303047641,-0.000104352,0.000883806,41.376561787,0.031409069,20.748682950,20.627878837
110.433333333,20.556136477,1.730887081,-2.749003105,0.298736620,-0.000103208,0.000889018,20.546414737,1.735547688,-2.750618702,0.300189194,-0.000104175,0.000887437,40.946237708,0.031518983,20.533732282,20.412505426
110.466666667,20.546978891,1.727098620,-2.748973417,0.295880994,-0.000102991,0.000892569,20.537207009,1.731755912,-2.750589060,0.297332568,-0.000103979,0.000891016,40.516471440,0.031627409,20.319057660,20.197413780
110.500000000,20.537909332,1.723346288,-2.748943611,0.293027457,-0.000102755,0.000896068,20.528087398,1.728000134,-2.750559300,0.294477941,-0.000103765,0.000894542,40.087291208,0.031734340,20.104673180,19.982618028
110.533333333,20.528927733,1.719630060,-2.748913690,0.290176187,-0.000102501,0.000899516,20.519055840,1.724280333,-2.750529424,0.291625491,-0.000103532,0.000898018,39.658725371,0.031839766,19.890593005,19.768132366
110.566666667,20.520034020,1.715949911,-2.748883655,0.287327364,-0.000102228,0.000902913,20.510112261,1.720596483,-2.750499432,0.288775395,-0.000103282,0.000901442,39.230802425,0.031943679,19.676831365,19.553971059
110.600000000,20.511228113,1.712305810,-2.748853508,0.284481167,-0.000101938,0.000906259,20.501256586,1.716948555,-2.750469327,0.285927835,-0.000103013,0.000904816,38.803550999,0.032046069,19.463402555,19.340148444
110.633333333,20.502509925,1.708697728,-2.748823250,0.281637777,-0.000101630,0.000909555,20.492488733,1.713336522,-2.750439110,0.283082989,-0.000102727,0.000908139,38.376999860,0.032146923,19.250320936,19.126678925
110.666666667,20.493879368,1.705125631,-2.748792883,0.278797376,-0.000101305,0.000912800,20.483808612,1.709760350,-2.750408784,0.280241040,-0.000102423,0.000911411,37.951177911,0.032246230,19.037600936,18.913576975
110.700000000,20.485336344,1.701589483,-2.748762409,0.275960146,-0.000100964,0.000915996,20.475216130,1.706220006,-2.750378349,0.277402169,-0.000102103,0.000914633,37.526114187,0.032343976,18.825257048,18.700857140
110.733333333,20.476880751,1.698089248,-2.748731829,0.273126272,-0.000100605,0.000919141,20.466711189,1.702715453,-2.750347808,0.274566560,-0.000101766,0.000917805,37.101837862,0.032440148,18.613303830,18.488534032
110.766666667,20.468512482,1.694624885,-2.748701145,0.270295937,-0.000100231,0.000922236,20.458293682,1.699246653,-2.750317162,0.271734396,-0.000101413,0.000920927,36.678378243,0.032534729,18.401755908,18.276622335
110.800000000,20.460231423,1.691196351,-2.748670359,0.267469326,-0.000099840,0.000925282,20.449963500,1.695813565,-2.750286412,0.268905863,-0.000101044,0.000923999,36.255764774,0.032627703,18.190627970,18.065136804
110.833333333,20.452037454,1.687803603,-2.748639472,0.264646627,-0.000099433,0.000928278,20.441720526,1.692416144,-2.750255561,0.266081146,-0.000100659,0.000927022,35.834027034,0.032719053,17.979934773,17.854092261
110.866666667,20.443930451,1.684446592,-2.748608487,0.261828026,-0.000099012,0.000931225,20.433564637,1.689054347,-2.750224610,0.263260432,-0.000100259,0.000929995,35.413194737,0.032808759,17.769691136,17.643503601
110.900000000,20.435910283,1.681125270,-2.748577404,0.259013711,-0.000098574,0.000934122,20.425495706,1.685728124,-2.750193561,0.260443908,-0.000099843,0.000932918,34.993297734,0.032896800,17.559911944,17.433385789
110.933333333,20.427976813,1.677839584,-2.748546225,0.256203871,-0.000098122,0.000936969,20.417513599,1.682437424,-2.750162415,0.257631763,-0.000099413,0.000935791,34.574366008,0.032983155,17.350612148,17.223753860
110.966666667,20.420129900,1.674589482,-2.748514953,0.253398696,-0.000097656,0.000939767,20.409618176,1.679182197,-2.750131175,0.254824187,-0.000098968,0.000938616,34.156429682,0.033067799,17.141806761,17.014622921
111.000000000,20.412369394,1.671374905,-2.748483588,0.250598377,-0.000097175,0.000942515,20.401809292,1.675962386,-2.750099841,0.252021369,-0.000098509,0.000941390,33.739519011,0.033150706,16.933510864,16.806008148
111.033333333,20.404695141,1.668195795,-2.748452132,0.247803104,-0.000096680,0.000945213,20.394086795,1.672777933,-2.750068415,0.249223500,-0.000098036,0.000944115,33.323664388,0.033231850,16.725739598,16.597924790
111.066666667,20.397106981,1.665052091,-2.748420588,0.245013072,-0.000096171,0.000947862,20.386450529,1.669628780,-2.750036899,0.246430773,-0.000097549,0.000946790,32.908896338,0.033311201,16.518508171,16.390388167
111.100000000,20.389604749,1.661943729,-2.748388956,0.242228472,-0.000095648,0.000950461,20.378900330,1.666514863,-2.750005295,0.243643381,-0.000097048,0.000949414,32.495245526,0.033388728,16.311831855,16.183413671
111.133333333,20.382188272,1.658870643,-2.748357238,0.239449500,-0.000095112,0.000953009,20.371436028,1.663436119,-2.749973605,0.240861517,-0.000096534,0.000951989,32.082742749,0.033464396,16.105725982,15.977016766
111.166666667,20.374857371,1.655832763,-2.748325436,0.236676350,-0.000094564,0.000955507,20.364057450,1.660392478,-2.749941829,0.238085376,-0.000096008,0.000954514,31.671418940,0.033538170,15.900205952,15.771212989
111.200000000,20.367611864,1.652830019,-2.748293552,0.233909218,-0.000094002,0.000957954,20.356764412,1.657383873,-2.749909970,0.235315154,-0.000095468,0.000956988,31.261305170,0.033610012,15.695287223,15.566017946
111.233333333,20.360451559,1.649862338,-2.748261588,0.231148302,-0.000093428,0.000960350,20.349556729,1.654410231,-2.749878030,0.232551047,-0.000094916,0.000959410,30.852432641,0.033679880,15.490985320,15.361447321
111.266666667,20.353376261,1.646929642,-2.748229544,0.228393799,-0.000092842,0.000962695,20.342434207,1.651471477,-2.749846009,0.229793253,-0.000094352,0.000961782,30.444832695,0.033747729,15.287315827,15.157516868
111.300000000,20.346385767,1.644031853,-2.748197423,0.225645909,-0.000092243,0.000964988,20.335396646,1.648567534,-2.749813911,0.227041969,-0.000093777,0.000964102,30.038536806,0.033813513,15.084294391,14.954242416
111.333333333,20.339479868,1.641168890,-2.748165227,0.222904830,-0.000091633,0.000967228,20.328443841,1.645698323,-2.749781736,0.224297396,-0.000093189,0.000966370,29.633576587,0.033877182,14.881936720,14.751639866
111.366666667,20.332658351,1.638340670,-2.748132957,0.220170763,-0.000091011,0.000969416,20.321575580,1.642863761,-2.749749486,0.221559732,-0.000092590,0.000968585,29.229983782,0.033938681,14.680258585,14.549725197
111.400000000,20.325920993,1.635547105,-2.748100615,0.217443909,-0.000090378,0.000971550,20.314791645,1.640063764,-2.749717163,0.218829180,-0.000091980,0.000970747,28.827790275,0.033997953,14.479275816,14.348514459
111.433333333,20.319267568,1.632788108,-2.748068203,0.214724472,-0.000089734,0.000973630,20.308091812,1.637298245,-2.749684770,0.216105940,-0.000091359,0.000972855,28.427028081,0.034054936,14.279004302,14.148023779
111.466666667,20.312697843,1.630063585,-2.748035723,0.212012654,-0.000089079,0.000975656,20.301475851,1.634567113,-2.749652306,0.213390216,-0.000090727,0.000974909,28.027729356,0.034109564,14.079459994,13.948269362
111.500000000,20.306211578,1.627373445,-2.748003176,0.209308658,-0.000088414,0.000977625,20.294943525,1.631870277,-2.749619776,0.210682212,-0.000090085,0.000976907,27.629926385,0.034161768,13.880658900,13.749267485
111.533333333,20.299808527,1.624717589,-2.747970565,0.206612692,-0.000087738,0.000979538,20.288494591,1.629207641,-2.749587179,0.207982131,-0.000089433,0.000978850,27.233651594,0.034211472,13.682617089,13.551034506
111.566666667,20.293488438,1.622095919,-2.747937890,0.203924959,-0.000087052,0.000981394,20.282128800,1.626579108,-2.749554519,0.205290180,-0.000088771,0.000980735,26.838937542,0.034258595,13.485350685,13.353586858
111.600000000,20.287251052,1.619508333,-2.747905155,0.201245667,-0.000086356,0.000983191,20.275845897,1.623984577,-2.749521797,0.202606564,-0.000088099,0.000982563,26.445816924,0.034303052,13.288875870,13.156941054
111.633333333,20.281096104,1.616954726,-2.747872361,0.198575023,-0.000085651,0.000984928,20.269645619,1.621423947,-2.749489015,0.199931491,-0.000087418,0.000984331,26.054322569,0.034344752,13.093208883,12.961113685
111.666666667,20.275023323,1.614434991,-2.747839511,0.195913237,-0.000084936,0.000986605,20.263527697,1.618897112,-2.749456175,0.197265169,-0.000086728,0.000986039,25.664487443,0.034383595,12.898366020,12.766121423
111.700000000,20.269032431,1.611949019,-2.747806605,0.193260517,-0.000084212,0.000988220,20.257491858,1.616403963,-2.749423279,0.194607807,-0.000086028,0.000987685,25.276344648,0.034419478,12.704363628,12.571981020
111.733333333,20.263123144,1.609496696,-2.747773647,0.190617074,-0.000083478,0.000989770,20.251537820,1.613944389,-2.749390330,0.191959615,-0.000085320,0.000989269,24.889927420,0.034452289,12.511218112,12.378709308
111.766666667,20.257295170,1.607077907,-2.747740639,0.187983120,-0.000082737,0.000991256,20.245665295,1.611518278,-2.749357328,0.189320803,-0.000084603,0.000990788,24.505269132,0.034481908,12.318945927,12.186323205
111.800000000,20.251548213,1.604692535,-2.747707582,0.185358865,-0.000081986,0.000992675,20.239873989,1.609125514,-2.749324278,0.186691584,-0.000083878,0.000992241,24.122403291,0.034508206,12.127563581,11.994839710
111.833333333,20.245881969,1.602340459,-2.747674479,0.182744524,-0.000081227,0.000994025,20.234163601,1.606765977,-2.749291180,0.184072169,-0.000083145,0.000993627,23.741363540,0.034531049,11.937087633,11.804275907
111.866666667,20.240296127,1.600021556,-2.747641332,0.180140311,-0.000080460,0.000995305,20.228533825,1.604439546,-2.749258036,0.181462773,-0.000082404,0.000994943,23.362183658,0.034550288,11.747534691,11.614648968
111.900000000,20.234790371,1.597735699,-2.747608144,0.177546439,-0.000079685,0.000996512,20.222984345,1.602146097,-2.749224851,0.178863610,-0.000081655,0.000996187,22.984897559,0.034565768,11.558921411,11.425976148
111.933333333,20.229364376,1.595482759,-2.747574917,0.174963126,-0.000078902,0.000997644,20.217514841,1.599885503,-2.749191625,0.176274895,-0.000080899,0.000997357,22.609539293,0.034577323,11.371264498,11.238274795
111.966666667,20.224017812,1.593262606,-2.747541654,0.172390586,-0.000078112,0.000998698,20.212124987,1.597657634,-2.749158361,0.173696844,-0.000080136,0.000998451,22.236143044,0.034584772,11.184580699,11.051562345
112.000000000,20.218750343,1.591075104,-2.747508357,0.169829039,-0.000077314,0.000999673,20.206814448,1.595462358,-2.749125062,0.171129674,-0.000079365,0.000999467,21.864743134,0.034587926,10.998886808,10.865856325
112.033333333,20.213561625,1.588920116,-2.747475029,0.167278702,-0.000076510,0.001000564,20.201582883,1.593299539,-2.749091731,0.168573604,-0.000078588,0.001000401,21.495374018,0.034586579,10.814199660,10.681174358
112.066666667,20.208451306,1.586797503,-2.747441673,0.164739795,-0.000075698,0.001001370,20.196429947,1.591169040,-2.749058370,0.166028851,-0.000077804,0.001001251,21.128070287,0.034580513,10.630536130,10.497534158
112.100000000,20.203419031,1.584707121,-2.747408291,0.162212538,-0.000074879,0.001002087,20.191355283,1.589070719,-2.749024982,0.163495636,-0.000077014,0.001002013,20.762866670,0.034569494,10.447913130,10.314953540
112.133333333,20.198464435,1.582648825,-2.747374888,0.159697151,-0.000074054,0.001002711,20.186358533,1.587004433,-2.748991570,0.160974180,-0.000076218,0.001002685,20.399798028,0.034553271,10.266347612,10.133450416
112.166666667,20.193587147,1.580622466,-2.747341465,0.157193858,-0.000073222,0.001003239,20.181439327,1.584970035,-2.748958137,0.158464704,-0.000075415,0.001003262,20.038899359,0.034531577,10.085856559,9.953042800
112.200000000,20.188786790,1.578627893,-2.747308026,0.154702880,-0.000072384,0.001003667,20.176597292,1.582967377,-2.748924687,0.155967430,-0.000074607,0.001003740,19.680205798,0.034504126,9.906456987,9.773748811
112.233333333,20.184062979,1.576664951,-2.747274575,0.152224442,-0.000071540,0.001003990,20.171832046,1.580996305,-2.748891223,0.153482581,-0.000073793,0.001004117,19.323752612,0.034470609,9.728165939,9.595586673
112.266666667,20.179415322,1.574733484,-2.747241115,0.149758768,-0.000070690,0.001004204,20.167143202,1.579056665,-2.748857747,0.151010383,-0.000072973,0.001004386,18.969575207,0.034430700,9.551000487,9.418574720
112.300000000,20.174843423,1.572833331,-2.747207650,0.147306083,-0.000069834,0.001004304,20.162530363,1.577148299,-2.748824265,0.148551059,-0.000072148,0.001004544,18.617709122,0.034384046,9.374977726,9.242731397
112.333333333,20.170346874,1.570964330,-2.747174183,0.144866615,-0.000068973,0.001004284,20.157993129,1.575271046,-2.748790780,0.146104836,-0.000071318,0.001004585,18.268190033,0.034330271,9.200114768,9.068075265
112.366666667,20.165925265,1.569126315,-2.747140720,0.142440591,-0.000068106,0.001004139,20.153531089,1.573424742,-2.748757295,0.143671941,-0.000070483,0.001004504,17.921053752,0.034268973,9.026428747,8.894625005
112.400000000,20.161578176,1.567319116,-2.747107263,0.140028238,-0.000067234,0.001003863,20.149143829,1.571609221,-2.748723815,0.141252602,-0.000069644,0.001004295,17.576336223,0.034199721,8.853936805,8.722399418
112.433333333,20.157305180,1.565542562,-2.747073818,0.137629786,-0.000066356,0.001003449,20.144830924,1.569824313,-2.748690344,0.138847047,-0.000068799,0.001003951,17.234073530,0.034122053,8.682656098,8.551417432
112.466666667,20.153105844,1.563796478,-2.747040389,0.135245465,-0.000065474,0.001002890,20.140591945,1.568069845,-2.748656887,0.136455506,-0.000067951,0.001003466,16.894301890,0.034035477,8.512603785,8.381698105
112.500000000,20.148979728,1.562080687,-2.747006982,0.132875506,-0.000064587,0.001002179,20.136426455,1.566345643,-2.748623449,0.134078209,-0.000067098,0.001002833,16.557057656,0.033939463,8.343797026,8.213260629
112.533333333,20.144926384,1.560395008,-2.746973601,0.130520141,-0.000063695,0.001001308,20.132334009,1.564651527,-2.748590034,0.131715388,-0.000066241,0.001002043,16.222377315,0.033833447,8.176252980,8.046124336
112.566666667,20.140945358,1.558739257,-2.746940252,0.128179602,-0.000062799,0.001000268,20.128314157,1.562987316,-2.748556649,0.129367275,-0.000065379,0.001001089,15.890297494,0.033716825,8.009988795,7.880308699
112.600000000,20.137036188,1.557113248,-2.746906941,0.125854123,-0.000061898,0.000999050,20.124366439,1.561352826,-2.748523298,0.127034103,-0.000064514,0.000999961,15.560854950,0.033588949,7.845021607,7.715833343
112.633333333,20.133198405,1.555516790,-2.746873673,0.123543938,-0.000060993,0.000997644,20.120490389,1.559747869,-2.748489988,0.124716106,-0.000063646,0.000998651,15.234086579,0.033449128,7.681368535,7.552718043
112.666666667,20.129431532,1.553949692,-2.746840456,0.121249284,-0.000060084,0.000996039,20.116685536,1.558172255,-2.748456725,0.122413519,-0.000062774,0.000997147,14.910029411,0.033296623,7.519046672,7.390982738
112.700000000,20.125735086,1.552411757,-2.746807295,0.118970395,-0.000059171,0.000994224,20.112951398,1.556625790,-2.748423516,0.120126578,-0.000061898,0.000995439,14.588720612,0.033130644,7.358073082,7.230647530
112.733333333,20.122108577,1.550902786,-2.746774199,0.116707510,-0.000058254,0.000992188,20.109287489,1.555108278,-2.748390367,0.117855520,-0.000061019,0.000993516,14.270197484,0.032950347,7.198464794,7.071732690
112.766666667,20.118551506,1.549422577,-2.746741175,0.114460866,-0.000057333,0.000989916,20.105693313,1.553619519,-2.748357286,0.115600581,-0.000060138,0.000991364,13.954497464,0.032754832,7.040238794,6.914258670
112.800000000,20.115063369,1.547970926,-2.746708231,0.112230702,-0.000056408,0.000987396,20.102168369,1.552159310,-2.748324281,0.113362002,-0.000059253,0.000988970,13.641658124,0.032543138,6.883412019,6.758246105
112.833333333,20.111643651,1.546547624,-2.746675375,0.110017259,-0.000055480,0.000984612,20.098712148,1.550727446,-2.748291360,0.111140020,-0.000058365,0.000986320,13.331717172,0.032314239,6.728001354,6.603715818
112.866666667,20.108291834,1.545152459,-2.746642617,0.107820777,-0.000054549,0.000981549,20.095324131,1.549323718,-2.748258531,0.108934877,-0.000057474,0.000983399,13.024712452,0.032067045,6.574023621,6.450688831
112.900000000,20.105007390,1.543785218,-2.746609965,0.105641497,-0.000053614,0.000978190,20.092003796,1.547947914,-2.748225805,0.106746814,-0.000056581,0.000980190,12.720681943,0.031800393,6.421495574,6.299186369
112.933333333,20.101789783,1.542445684,-2.746577431,0.103479662,-0.000052676,0.000974516,20.088750611,1.546599819,-2.748193192,0.104576072,-0.000055686,0.000976676,12.419663759,0.031513047,6.270433894,6.149229865
112.966666667,20.098638472,1.541133634,-2.746545025,0.101335516,-0.000051735,0.000970508,20.085564036,1.545279214,-2.748160700,0.102422895,-0.000054788,0.000972838,12.121696150,0.031203695,6.120855182,6.000840969
113.000000000,20.095552906,1.539848846,-2.746512759,0.099209303,-0.000050791,0.000966146,20.082443526,1.543985878,-2.748128343,0.100287527,-0.000053887,0.000968657,11.826817503,0.030870944,5.972775952,5.854041551
113.033333333,20.092532529,1.538591092,-2.746480644,0.097101268,-0.000049844,0.000961408,20.079388526,1.542719587,-2.748096131,0.098170211,-0.000052985,0.000964110,11.535066337,0.030513320,5.826212629,5.708853708
113.066666667,20.089576774,1.537360142,-2.746448693,0.095011657,-0.000048895,0.000956270,20.076398474,1.541480113,-2.748064077,0.096071195,-0.000052080,0.000959176,11.246481310,0.030129262,5.681181543,5.565299768
113.100000000,20.086685071,1.536155763,-2.746416921,0.092940717,-0.000047943,0.000950708,20.073472802,1.540267224,-2.748032195,0.093990724,-0.000051174,0.000953830,10.961101214,0.029717124,5.537698923,5.423402291
113.133333333,20.083856837,1.534977718,-2.746385342,0.090888696,-0.000046988,0.000944696,20.070610933,1.539080688,-2.748000498,0.091929047,-0.000050265,0.000948046,10.678964976,0.029275175,5.395780901,5.283184075
113.166666667,20.081091487,1.533825766,-2.746353971,0.088855844,-0.000046031,0.000938204,20.067812283,1.537920266,-2.747969001,0.089886410,-0.000049355,0.000941799,10.400111659,0.028801592,5.255443506,5.144668153
113.200000000,20.078388425,1.532699666,-2.746322825,0.086842409,-0.000045072,0.000931205,20.065076259,1.536785718,-2.747937722,0.087863064,-0.000048443,0.000935058,10.124580463,0.028294469,5.116702672,5.007877791
113.233333333,20.075747046,1.531599170,-2.746291921,0.084848642,-0.000044110,0.000923665,20.062402263,1.535676800,-2.747906675,0.085859259,-0.000047529,0.000927793,9.852410721,0.027751815,4.979574236,4.872836485
113.266666667,20.073166742,1.530524029,-2.746261278,0.082874795,-0.000043147,0.000915553,20.059789686,1.534593265,-2.747875881,0.083875245,-0.000046614,0.000919972,9.583641903,0.027171560,4.844073950,4.739567952
113.300000000,20.070646892,1.529473990,-2.746230916,0.080921120,-0.000042182,0.000906832,20.057237914,1.533534863,-2.747845357,0.081911275,-0.000045697,0.000911561,9.318313614,0.026551558,4.710217494,4.608096119
113.333333333,20.068186872,1.528448797,-2.746200855,0.078987870,-0.000041215,0.000897467,20.054746324,1.532501341,-2.747815124,0.079967602,-0.000044780,0.000902524,9.056465594,0.025889599,4.578020488,4.478445107
113.366666667,20.065786047,1.527448189,-2.746171117,0.077075300,-0.000040247,0.000887418,20.052314285,1.531492440,-2.747785203,0.078044479,-0.000043861,0.000892823,8.798137721,0.025183420,4.447498515,4.350639206
113.400000000,20.063443775,1.526471905,-2.746141726,0.075183664,-0.000039278,0.000876646,20.049941159,1.530507902,-2.747755618,0.076142160,-0.000042940,0.000882419,8.543370006,0.024430717,4.318667151,4.224702855
113.433333333,20.061159406,1.525519678,-2.746112707,0.073313219,-0.000038307,0.000865107,20.047626301,1.529547462,-2.747726391,0.074260902,-0.000042019,0.000871270,8.292202596,0.023629164,4.191541999,4.100660597
113.466666667,20.058932284,1.524591238,-2.746084086,0.071464222,-0.000037336,0.000852759,20.045369055,1.528610855,-2.747697550,0.072400960,-0.000041097,0.000859335,8.044675774,0.022776439,4.066138730,3.978537044
113.500000000,20.056761742,1.523686313,-2.746055890,0.069636929,-0.000036364,0.000839557,20.043168761,1.527697808,-2.747669121,0.070562592,-0.000040174,0.000846567,7.800829958,0.021870244,3.942473141,3.858356817
113.533333333,20.054647107,1.522804625,-2.746028149,0.067831600,-0.000035392,0.000825452,20.041024748,1.526808050,-2.747641132,0.068746057,-0.000039250,0.000832921,7.560705703,0.020908348,3.820561214,3.740144489
113.566666667,20.052587698,1.521945897,-2.746000894,0.066048494,-0.000034420,0.000810399,20.038936338,1.525941303,-2.747613613,0.066951612,-0.000038326,0.000818351,7.324343697,0.019888618,3.700419192,3.623924506
113.600000000,20.050582826,1.521109843,-2.745974157,0.064287872,-0.000033449,0.000794348,20.036902846,1.525097287,-2.747586597,0.065179519,-0.000037402,0.000802807,7.091784766,0.018809069,3.582063670,3.509721097
113.633333333,20.048631794,1.520296179,-2.745947973,0.062549995,-0.000032478,0.000777250,20.034923578,1.524275718,-2.747560116,0.063430038,-0.000036477,0.000786242,6.863069870,0.017667915,3.465511695,3.397558175
113.666666667,20.046733895,1.519504613,-2.745922376,0.060835125,-0.000031509,0.000759057,20.032997832,1.523476308,-2.747534205,0.061703430,-0.000035552,0.000768607,6.638240106,0.016463633,3.350780885,3.287459221
113.700000000,20.044888418,1.518734853,-2.745897405,0.059143526,-0.000030542,0.000739721,20.031124899,1.522698769,-2.747508901,0.059999959,-0.000034627,0.000749852,6.417336704,0.015195028,3.237889560,3.179447144
113.733333333,20.043094640,1.517986601,-2.745873097,0.057475460,-0.000029577,0.000719194,20.029304061,1.521942804,-2.747484241,0.058319888,-0.000033703,0.000729930,6.200401031,0.013861315,3.126856891,3.073544140
113.766666667,20.041351831,1.517259559,-2.745849494,0.055831194,-0.000028615,0.000697431,20.027534592,1.521208118,-2.747460267,0.056663481,-0.000032779,0.000708796,5.987474591,0.012462200,3.017703065,2.969771526
113.800000000,20.039659256,1.516553420,-2.745826638,0.054210993,-0.000027657,0.000674390,20.025815758,1.520494409,-2.747437017,0.055031004,-0.000031856,0.000686405,5.778599022,0.010997975,2.910449463,2.868149559
113.833333333,20.038016166,1.515867880,-2.745804571,0.052615124,-0.000026703,0.000650034,20.024146816,1.519801372,-2.747414536,0.053422723,-0.000030935,0.000662718,5.573816097,0.009469619,2.805118854,2.768697244
113.866666667,20.036421809,1.515202626,-2.745783338,0.051043853,-0.000025755,0.000624329,20.022527017,1.519128700,-2.747392867,0.051838904,-0.000030015,0.000637698,5.373167726,0.007878898,2.701735591,2.671432135
113.900000000,20.034875423,1.514557344,-2.745762985,0.049497451,-0.000024813,0.000597247,20.020955601,1.518476082,-2.747372055,0.050279817,-0.000029097,0.000611315,5.176695953,0.006228481,2.600325825,2.576370128
113.933333333,20.033376236,1.513931717,-2.745743557,0.047976185,-0.000023878,0.000568770,20.019431803,1.517843202,-2.747352146,0.048745730,-0.000028181,0.000583546,4.984442959,0.004522042,2.500917714,2.483525245
113.966666667,20.031923471,1.513325424,-2.745725101,0.046480327,-0.000022952,0.000538886,20.017954846,1.517229742,-2.747333186,0.047236913,-0.000027269,0.000554376,4.796451059,0.002764367,2.403541620,2.392909439
114.000000000,20.030516339,1.512738139,-2.745707665,0.045010148,-0.000022035,0.000507598,20.016523948,1.516635380,-2.747315222,0.045753636,-0.000026359,0.000523801,4.612762706,0.000961456,2.308230306,2.304532400
114.033333333,20.029154046,1.512169534,-2.745691294,0.043565918,-0.000021130,0.000474918,20.015138318,1.516059791,-2.747298301,0.044296172,-0.000025454,0.000491825,4.433420486,-0.000879397,2.215019094,2.218401392
114.066666667,20.027835789,1.511619277,-2.745676036,0.042147913,-0.000020237,0.000440872,20.013797154,1.515502645,-2.747282469,0.042864791,-0.000024553,0.000458470,4.258467122,-0.002749532,2.123946000,2.134521122
114.100000000,20.026560754,1.511087032,-2.745661934,0.040756404,-0.000019358,0.000405503,20.012499649,1.514963609,-2.747267771,0.041459769,-0.000023658,0.000423770,4.087945471,-0.004638880,2.035051812,2.052893659
114.133333333,20.025328122,1.510572460,-2.745649031,0.039391668,-0.000018495,0.000368872,20.011244986,1.514442347,-2.747254252,0.040081379,-0.000022769,0.000387776,3.921898528,-0.006535960,1.948380111,1.973518417
114.166666667,20.024137064,1.510075219,-2.745637370,0.038053979,-0.000017649,0.000331058,20.010032341,1.513938520,-2.747241954,0.038729897,-0.000021887,0.000350558,3.760369422,-0.008427897,1.863977216,1.896392206
114.200000000,20.022986742,1.509594961,-2.745626986,0.036743614,-0.000016822,0.000292160,20.008860878,1.513451782,-2.747230915,0.037405597,-0.000021012,0.000312204,3.603401417,-0.010300507,1.781892042,1.821509375
114.233333333,20.021876311,1.509131337,-2.745617916,0.035460851,-0.000016017,0.000252298,20.007729758,1.512981788,-2.747221171,0.036108759,-0.000020146,0.000272824,3.451037913,-0.012138414,1.702175852,1.748862061
114.266666667,20.020804916,1.508683993,-2.745610187,0.034205968,-0.000015235,0.000211616,20.006638128,1.512528187,-2.747212756,0.034839658,-0.000019290,0.000232550,3.303322448,-0.013925242,1.624881912,1.678440535
114.300000000,20.019771694,1.508252571,-2.745603825,0.032979244,-0.000014479,0.000170278,20.005585130,1.512090622,-2.747205696,0.033598575,-0.000018445,0.000191535,3.160298691,-0.015643850,1.550065019,1.610233672
114.333333333,20.018775774,1.507836710,-2.745598850,0.031780959,-0.000013750,0.000128470,20.004569897,1.511668737,-2.747200012,0.032385788,-0.000017612,0.000149954,3.022010449,-0.017276636,1.477780924,1.544229525
114.366666667,20.017816276,1.507436046,-2.745595272,0.030611394,-0.000013050,0.000086402,20.003591552,1.511262170,-2.747195720,0.031201578,-0.000016791,0.000108005,2.888501666,-0.018805897,1.408085646,1.480416020
114.400000000,20.016892311,1.507050210,-2.745593097,0.029470831,-0.000012383,0.000044300,20.002649211,1.510870553,-2.747192830,0.030046227,-0.000015985,0.000065906,2.759816419,-0.020214230,1.341034690,1.418781729
114.433333333,20.016002982,1.506678830,-2.745592322,0.028359553,-0.000011749,0.000002410,20.001741979,1.510493519,-2.747191341,0.028920016,-0.000015194,0.000023892,2.635998922,-0.021484980,1.276682191,1.359316731
114.466666667,20.015147382,1.506321529,-2.745592936,0.027277843,-0.000011151,-0.000039011,20.000868957,1.510130693,-2.747191247,0.027823230,-0.000014420,-0.000017786,2.517093522,-0.022602707,1.215080016,1.302013506
114.500000000,20.014324599,1.505977928,-2.745594918,0.026225987,-0.000010591,-0.000079691,20.000029231,1.509781699,-2.747192532,0.026756152,-0.000013663,-0.000058862,2.403144706,-0.023553658,1.156276856,1.246867850
114.533333333,20.013533706,1.505647644,-2.745598240,0.025204269,-0.000010071,-0.000119355,19.999221884,1.509446156,-2.747195171,0.025719068,-0.000012926,-0.000099063,2.294197093,-0.024326225,1.100317344,1.193879748
114.566666667,20.012773774,1.505330289,-2.745602863,0.024212976,-0.000009592,-0.000157725,19.998445987,1.509123679,-2.747199131,0.024712262,-0.000012208,-0.000138112,2.190295438,-0.024911361,1.047241254,1.143054183
114.600000000,20.012043861,1.505025472,-2.745608739,0.023252395,-0.000009155,-0.000194527,19.997700604,1.508813880,-2.747204369,0.023736023,-0.000011511,-0.000175734,2.091484632,-0.025302941,0.997082815,1.094401817
114.633333333,20.011343016,1.504732798,-2.745615811,0.022322814,-0.000008762,-0.000229497,19.996984787,1.508516368,-2.747210832,0.022790637,-0.000010836,-0.000211659,1.997809702,-0.025498026,0.949870186,1.047939515
114.666666667,20.010670282,1.504451869,-2.745624014,0.021424522,-0.000008414,-0.000262383,19.996297584,1.508230746,-2.747218460,0.021876393,-0.000010185,-0.000245628,1.909315809,-0.025497037,0.905625141,1.003690668
114.700000000,20.010024692,1.504182282,-2.745633275,0.020557810,-0.000008110,-0.000292956,19.995638030,1.507956614,-2.747227183,0.020993581,-0.000009556,-0.000277402,1.826048252,-0.025303802,0.864362969,0.961685283
114.733333333,20.009405268,1.503923631,-2.745643514,0.019722968,-0.000007852,-0.000321013,19.995005154,1.507693569,-2.747236925,0.020142491,-0.000008953,-0.000306763,1.748052463,-0.024925472,0.826092632,0.921959831
114.766666667,20.008811025,1.503675505,-2.745654643,0.018920287,-0.000007638,-0.000346377,19.994397974,1.507441204,-2.747247601,0.019323414,-0.000008374,-0.000333521,1.675374010,-0.024372312,0.790817174,0.884556836
114.800000000,20.008240970,1.503437492,-2.745666570,0.018150061,-0.000007468,-0.000368909,19.993815501,1.507199108,-2.747259123,0.018536643,-0.000007820,-0.000357517,1.608058597,-0.023657357,0.758534382,0.849524215
114.833333333,20.007694099,1.503209171,-2.745679199,0.017412583,-0.000007340,-0.000388501,19.993256734,1.506966865,-2.747271396,0.017782470,-0.000007292,-0.000378627,1.546152065,-0.022795948,0.729237671,0.816914394
114.866666667,20.007169401,1.502990123,-2.745692431,0.016708147,-0.000007254,-0.000405087,19.992720666,1.506744057,-2.747284322,0.017061190,-0.000006789,-0.000396763,1.489700387,-0.021805173,0.702917168,0.786783219
114.900000000,20.006665853,1.502779921,-2.745706165,0.016037049,-0.000007207,-0.000418635,19.992206281,1.506530262,-2.747297803,0.016373097,-0.000006312,-0.000411876,1.438749673,-0.020703216,0.679560960,0.759188714
114.933333333,20.006182426,1.502578135,-2.745720300,0.015399584,-0.000007196,-0.000429152,19.991712551,1.506325052,-2.747311735,0.015718487,-0.000005861,-0.000423954,1.393346171,-0.019508652,0.659156446,0.734189725
114.966666667,20.005718081,1.502384333,-2.745734735,0.014796051,-0.000007219,-0.000436680,19.991238441,1.506127998,-2.747326020,0.015097657,-0.000005434,-0.000433019,1.353536260,-0.018239713,0.641691759,0.711844501
115.000000000,20.005271769,1.502198076,-2.745749373,0.014226746,-0.000007273,-0.000441288,19.990782907,1.505938665,-2.747340557,0.014510904,-0.000005032,-0.000439127,1.319366458,-0.016913539,0.627157192,0.692209266
115.033333333,20.004842432,1.502018923,-2.745764116,0.013691969,-0.000007353,-0.000443074,19.990344896,1.505756616,-2.747355249,0.013958527,-0.000004654,-0.000442362,1.290883417,-0.015545457,0.615546599,0.675336818
115.066666667,20.004429005,1.501846429,-2.745778873,0.013192019,-0.000007456,-0.000442157,19.989923345,1.505581409,-2.747370002,0.013440825,-0.000004300,-0.000442831,1.268133924,-0.014148287,0.606858718,0.661275207
115.100000000,20.004030410,1.501680144,-2.745793556,0.012727198,-0.000007577,-0.000438667,19.989517181,1.505412598,-2.747384726,0.012958098,-0.000003968,-0.000440658,1.251164903,-0.012731715,0.601098384,0.650066519
115.133333333,20.003645564,1.501519616,-2.745808082,0.012297806,-0.000007712,-0.000432741,19.989125324,1.505249733,-2.747399336,0.012510647,-0.000003658,-0.000435978,1.240023412,-0.011301729,0.598277612,0.641745801
115.166666667,20.003273371,1.501364385,-2.745822371,0.011904146,-0.000007856,-0.000424516,19.988746683,1.505092361,-2.747413750,0.012098774,-0.000003368,-0.000428929,1.234756645,-0.009860138,0.598416519,0.636340126
115.200000000,20.002912729,1.501213993,-2.745836349,0.011546522,-0.000008004,-0.000414118,19.988380158,1.504940026,-2.747427891,0.011722782,-0.000003099,-0.000419640,1.235411932,-0.008404175,0.601544090,0.633867842
115.233333333,20.002562524,1.501067972,-2.745849946,0.011225238,-0.000008151,-0.000401656,19.988024641,1.504792265,-2.747441687,0.011382976,-0.000002848,-0.000408230,1.242036737,-0.006926197,0.607698759,0.634337979
115.266666667,20.002221634,1.500925853,-2.745863094,0.010940598,-0.000008292,-0.000387211,19.987679011,1.504648613,-2.747455068,0.011079659,-0.000002616,-0.000394795,1.254678661,-0.005413468,0.616928815,0.637749846
115.300000000,20.001888928,1.500787163,-2.745875728,0.010692910,-0.000008420,-0.000370833,19.987342143,1.504508603,-2.747467968,0.010813137,-0.000002401,-0.000379401,1.273385441,-0.003848049,0.629292625,0.644092815
115.333333333,20.001563265,1.500651425,-2.745887784,0.010482479,-0.000008531,-0.000352526,19.987012898,1.504371760,-2.747480323,0.010583717,-0.000002202,-0.000362076,1.298204946,-0.002206785,0.644858655,0.653346291
115.366666667,20.001243494,1.500518156,-2.745899196,0.010309614,-0.000008620,-0.000332250,19.986690129,1.504237609,-2.747492068,0.010391706,-0.000002018,-0.000342802,1.329185185,-0.000461400,0.663705285,0.665479900
115.400000000,20.000928456,1.500386871,-2.745909899,0.010174623,-0.000008681,-0.000309908,19.986372681,1.504105668,-2.747503136,0.010237412,-0.000001849,-0.000321511,1.366374299,0.001421286,0.685920393,0.680453907
115.433333333,20.000616982,1.500257080,-2.745919819,0.010077816,-0.000008709,-0.000285341,19.986059388,1.503975453,-2.747513458,0.010121144,-0.000001694,-0.000298078,1.409820567,0.003479001,0.711600670,0.698219898
115.466666667,20.000307893,1.500128289,-2.745928880,0.010019503,-0.000008699,-0.000258328,19.985749073,1.503846475,-2.747522959,0.010043213,-0.000001552,-0.000272312,1.459572402,0.005753507,0.740850638,0.718721764
115.500000000,20.000000000,1.500000000,-2.745936995,0.009999996,-0.000008645,-0.000228580,19.985440554,1.503718241,-2.747531559,0.010003929,-0.000001423,-0.000243960,1.486028814,0.007489658,0.757417595,0.728611219
